Applicant_ID,Applicant_Name,Annual_Income,Credit_Score,City,State,Employment_Status,Monthly_Rent
TG-100000,Applicant 0,99901.0,721, Newark,,Self-Employed,1460
TG-100001,Applicant 1,80852.0,722, Newark,ny,Unemployed,3513
TG-100002,Applicant 2,104431.0,543,Hoboken,NJ, full time ,4730
TG-100003,Applicant 3,130691.0,624,Brooklyn,NY,Part Time,2849
TG-100004,Applicant 4,77975.0,794,Brooklyn,ny, full time ,1876
TG-100005,Applicant 5,77976.0,579,Brooklyn,,Part Time,5139
TG-100006,Applicant 6,132376.0,534,Hoboken,,Unemployed,3135
TG-100007,Applicant 7,108023.0,604,Hoboken,N.J.,Self-Employed,2878
TG-100008,Applicant 8,70916.0,716, Newark,ny,Self-Employed,2392
TG-100009,Applicant 9,101277.0,754,Queens,NJ, full time ,3822
TG-100010,Applicant 10,71097.0,782,Queens,,Unemployed,1865
TG-100011,Applicant 11,71028.0,525,New York,NJ, full time ,2801
TG-100012,Applicant 12,92259.0,808,Hoboken,NJ,Self-Employed,3109
TG-100013,Applicant 13,,577,Queens,NY,Full Time,1387
TG-100014,Applicant 14,33252.0,664,Queens,NJ, full time ,1904
TG-100015,Applicant 15,68131.0,561,Brooklyn,N.J.,Part Time,4567
TG-100016,Applicant 16,54615.0,719,Brooklyn,ny,Self-Employed,4653
TG-100017,Applicant 17 ,94427.0,693,Brooklyn,ny,Part Time,2566
TG-100018,Applicant 18,57759.0,614,Jersey City,NY,Unemployed,3849
TG-100019,Applicant 19,42631.0,736,Queens,N.J.,Self-Employed,1534
TG-100020,Applicant 20,128969.0,630,Brooklyn,N.J.,Self-Employed,3584
TG-100021,Applicant 21,78227.0,699,Brooklyn,ny, full time ,1555
TG-100022,Applicant 22,87026.0,682,Hoboken,N.J., full time ,3122
TG-100023,Applicant 23,42258.0,638, Newark,,Part Time,4538
TG-100024,Applicant 24,68669.0,747,Brooklyn,NJ, full time ,1995
TG-100025,Applicant 25,88328.0,664,Hoboken,NJ,Full Time,1389
TG-100026,Applicant 26,50470.0,661,New York,ny,Self-Employed,5343
TG-100027,Applicant 27,96271.0,641,Brooklyn,ny,Unemployed,2013
TG-100028,Applicant 28,66981.0,804, Newark,N.J.,Self-Employed,3302
TG-100029,Applicant 29,76249.0,745,Hoboken,NY,Part Time,4610
TG-100030,Applicant 30,66949.0,776, Newark,ny, full time ,3366
TG-100031,Applicant 31,140568.0,804,Brooklyn,ny,Self-Employed,3450
TG-100032,Applicant 32,84595.0,684,New York,ny, full time ,2879
TG-100033,Applicant 33,53269.0,740,Brooklyn,N.J.,Part Time,3258
TG-100034,Applicant 34,109676.0,588,Hoboken,, full time ,2420
TG-100035,Applicant 35,48375.0,743,New York,ny,Unemployed,2827
TG-100036,Applicant 36,91266.0,643,New York,,Part Time,3580
TG-100037,Applicant 37,26210.0,999,New York,N.J.,Self-Employed,2599
TG-100038,Applicant 38,45154.0,571,Jersey City,NY,Self-Employed,1333
TG-100039,Applicant 39,90906.0,648,Hoboken,NJ,Unemployed,3363
TG-100040,Applicant 40,,654,Jersey City,NJ,Full Time,3909
TG-100041,Applicant 41,90141.0,999, Newark,NJ, full time ,2479
TG-100042,Applicant 42,81531.0,646,New York,NJ,Self-Employed,1752
TG-100043,Applicant 43,75967.0,745,Jersey City,N.J.,Unemployed,3286
TG-100044,Applicant 44,,590,Brooklyn,NJ, full time ,5094
TG-100045,Applicant 45,63405.0,792,Jersey City,N.J.,Part Time,4173
TG-100046,Applicant 46,71181.0,706,Queens,NY,Unemployed,2353
TG-100047,Applicant 47,116714.0,522, Newark,ny,Part Time,5358
TG-100048,Applicant 48,95309.0,804,New York,ny,Part Time,2154
TG-100049,Applicant 49,32109.0,541,New York,ny,Part Time,3777
TG-100050,Applicant 50,94723.0,685, Newark,N.J., full time ,4988
TG-100051,Applicant 51,73448.0,765, Newark,N.J.,Full Time,4268
TG-100052,Applicant 52,64692.0,753,Hoboken,N.J.,Part Time,1435
TG-100053,Applicant 53,103350.0,677,Brooklyn,NY,Self-Employed,4951
TG-100054,Applicant 54,115930.0,670, Newark,, full time ,4843
TG-100055,Applicant 55,112938.0,732, Newark,N.J., full time ,2308
TG-100056,Applicant 56,59823.0,737,Hoboken,N.J.,Part Time,2996
TG-100057,Applicant 57,75724.0,765, Newark,ny,Self-Employed,4673
TG-100058,Applicant 58,94938.0,795,Jersey City,NJ,Unemployed,2590
TG-100059,Applicant 59,114266.0,670,Queens,NJ, full time ,4331
TG-100060,Applicant 60,70625.0,715,Queens,NY,Part Time,3411
TG-100061,Applicant 61,79430.0,540,Queens,NJ,Part Time,3841
TG-100062,Applicant 62,51810.0,776, Newark,,Full Time,4428
TG-100063,Applicant 63,49114.0,536,Queens,ny,Full Time,2126
TG-100064,Applicant 64,109376.0,570,Brooklyn,NY,Unemployed,4121
TG-100065,Applicant 65,125687.0,789,Jersey City,NJ,Unemployed,4156
TG-100066,Applicant 66,82840.0,602,Queens,NJ,Unemployed,5027
TG-100067,Applicant 67,115106.0,643,New York,ny,Unemployed,4645
TG-100068,Applicant 68,95849.0,809, Newark,NY,Part Time,5238
TG-100069,Applicant 69,65646.0,781,Jersey City,ny,Part Time,1320
TG-100070,Applicant 70,95842.0,568,Brooklyn,NY,Part Time,2165
TG-100071,Applicant 71,131141.0,525,Queens,NJ,Self-Employed,3249
TG-100072,Applicant 72,83925.0,636,Brooklyn,ny,Unemployed,5413
TG-100073,Applicant 73,131939.0,637, Newark,ny,Self-Employed,4919
TG-100074,Applicant 74,6408.0,782,Queens,, full time ,5113
TG-100075,Applicant 75,109657.0,648,New York,ny, full time ,5024
TG-100076,Applicant 76,87611.0,690,Jersey City,NY,Part Time,4379
TG-100077,Applicant 77,76030.0,546,New York,, full time ,4570
TG-100078,Applicant 78,87753.0,718,Queens,ny,Part Time,4704
TG-100079,Applicant 79,25373.0,616,Hoboken,ny,Unemployed,5241
TG-100080,Applicant 80,78410.0,999,Jersey City,,Self-Employed,3123
TG-100081,Applicant 81,95713.0,692,Brooklyn,NJ,Part Time,5016
TG-100082,Applicant 82,129337.0,620,Queens,ny,Full Time,4291
TG-100083,Applicant 83,69452.0,705,New York,N.J.,Full Time,2976
TG-100084,Applicant 84,60745.0,703, Newark,NJ,Unemployed,1971
TG-100085,Applicant 85,69947.0,734,Hoboken,ny,Self-Employed,4777
TG-100086,Applicant 86,112462.0,770, Newark,NJ,Part Time,2738
TG-100087,Applicant 87,94863.0,735,Queens,NY,Unemployed,4067
TG-100088,Applicant 88,69107.0,548,Brooklyn,NJ,Self-Employed,4749
TG-100089,Applicant 89,100398.0,621,New York,,Full Time,2003
TG-100090,Applicant 90,87912.0,642,Jersey City,ny,Part Time,4469
TG-100091,Applicant 91,114059.0,573,Hoboken,NJ,Self-Employed,1378
TG-100092,Applicant 92,63938.0,802,Queens,N.J., full time ,1814
TG-100093,Applicant 93,75170.0,621,Queens,NY,Part Time,2954
TG-100094,Applicant 94,73237.0,636,Queens,NY, full time ,1246
TG-100095,Applicant 95,41095.0,623,Queens,NJ,Unemployed,4883
TG-100096,Applicant 96,93884.0,564,New York,,Self-Employed,3734
TG-100097,Applicant 97,92832.0,633,Jersey City,NY,Self-Employed,1415
TG-100098,Applicant 98,85153.0,550,Brooklyn,NJ,Self-Employed,4139
TG-100099,Applicant 99,77962.0,683,Hoboken,NJ,Self-Employed,4099
TG-100100,Applicant 100,42539.0,708,Queens,NY,Part Time,4076
TG-100101,Applicant 101,72381.0,812, Newark,NJ, full time ,2436
TG-100102,Applicant 102,74719.0,714,Queens,NJ, full time ,2207
TG-100103,Applicant 103,60932.0,811,Jersey City,N.J.,Unemployed,3338
TG-100104,Applicant 104,80161.0,780,Jersey City,NJ,Unemployed,3359
TG-100105,Applicant 105,97122.0,726,New York,NJ,Self-Employed,4384
TG-100106,Applicant 106,141586.0,571,New York,,Full Time,1573
TG-100107,Applicant 107,90237.0,568, Newark,NY,Full Time,2486
TG-100108,Applicant 108,92727.0,525, Newark,,Self-Employed,1567
TG-100109,Applicant 109,82767.0,743,New York,ny, full time ,5125
TG-100110,Applicant 110,27437.0,542,Hoboken,,Unemployed,4316
TG-100111,Applicant 111,84205.0,664, Newark,ny,Part Time,2494
TG-100112,Applicant 112,86807.0,629,New York,ny,Full Time,5176
TG-100113,Applicant 113,158897.0,731,Queens,,Unemployed,1373
TG-100114,Applicant 114,79229.0,819,New York,N.J.,Full Time,5331
TG-100115,Applicant 115,94046.0,560,Hoboken,, full time ,3280
TG-100116,Applicant 116,83959.0,691,New York,NY, full time ,5034
TG-100117,Applicant 117,49940.0,705,New York,,Self-Employed,3629
TG-100118,Applicant 118,119285.0,733,Queens,N.J.,Self-Employed,3973
TG-100119,Applicant 119,107558.0,571, Newark,,Full Time,1892
TG-100120,Applicant 120,108731.0,589,Queens,N.J.,Full Time,4229
TG-100121,Applicant 121,57718.0,715,Queens,NY,Unemployed,2073
TG-100122,Applicant 122,127084.0,670,New York,NJ,Self-Employed,4296
TG-100123,Applicant 123,42944.0,628,Queens,N.J., full time ,1957
TG-100124,Applicant 124,102606.0,637,Jersey City,N.J.,Unemployed,4824
TG-100125,Applicant 125,150714.0,614,Brooklyn,N.J.,Unemployed,3306
TG-100126,Applicant 126,55284.0,775,Brooklyn,NY,Part Time,5472
TG-100127,Applicant 127,68011.0,563,Queens,ny, full time ,2765
TG-100128,Applicant 128,87990.0,586, Newark,N.J.,Unemployed,4316
TG-100129,Applicant 129,69896.0,675,Hoboken,NY,Part Time,4723
TG-100130,Applicant 130,38480.0,725,Queens,NJ,Self-Employed,1508
TG-100131,Applicant 131,87057.0,793, Newark,N.J., full time ,1353
TG-100132,Applicant 132,53131.0,674,Queens,ny,Self-Employed,2166
TG-100133,Applicant 133,99208.0,698,New York,NY,Part Time,2363
TG-100134,Applicant 134,57417.0,579, Newark,NJ, full time ,4016
,Applicant 135,131498.0,593,Hoboken,ny,Full Time,1584
TG-100136,Applicant 136,61502.0,568,Queens,NJ,Full Time,4919
TG-100137,Applicant 137,75338.0,790,Jersey City,ny,Full Time,3995
TG-100138,Applicant 138,109406.0,592, Newark,,Unemployed,2256
TG-100139,Applicant 139,48074.0,715,Brooklyn,,Full Time,2931
TG-100140,Applicant 140,91824.0,698, Newark,,Unemployed,4642
TG-100141,Applicant 141,124214.0,567,Jersey City,NJ,Unemployed,2869
TG-100142,Applicant 142,36776.0,591,Jersey City,,Part Time,5276
TG-100143,Applicant 143,90539.0,632,Jersey City,NY,Full Time,5227
TG-100144,Applicant 144,92796.0,764,Hoboken,NY, full time ,4974
TG-100145,Applicant 145,108455.0,678,Hoboken,,Unemployed,2659
TG-100146,Applicant 146,47891.0,793, Newark,ny,Part Time,1205
TG-100147,Applicant 147,45386.0,787,Hoboken,ny,Unemployed,2841
TG-100148,Applicant 148,100658.0,549,Brooklyn,NJ, full time ,5029
TG-100149,Applicant 149,93910.0,616,New York,ny, full time ,1816
TG-100150,Applicant 150,92515.0,770, Newark,N.J.,Full Time,2085
TG-100151,Applicant 151,95393.0,526,Queens,ny,Unemployed,3270
TG-100152,Applicant 152,64599.0,611,Queens,NY, full time ,1360
TG-100153,Applicant 153,91968.0,632, Newark,ny,Self-Employed,2417
TG-100154,Applicant 154,93792.0,778,New York,NJ, full time ,5378
TG-100155,Applicant 155,63569.0,626,Queens,ny, full time ,1367
TG-100156,Applicant 156,140973.0,582, Newark,NJ,Unemployed,5112
TG-100157,Applicant 157,99215.0,790, Newark,N.J., full time ,3902
TG-100158,Applicant 158,49261.0,718,Jersey City,,Part Time,3802
TG-100159,Applicant 159,104697.0,665,Brooklyn,N.J., full time ,5307
TG-100160,Applicant 160,55760.0,580,Queens,NY,Self-Employed,4805
TG-100161,Applicant 161,108613.0,639,Brooklyn,N.J., full time ,2753
TG-100162,Applicant 162,119758.0,580, Newark,N.J.,Full Time,1649
TG-100163,Applicant 163,60380.0,545,New York,NY,Unemployed,5227
TG-100164,Applicant 164,113901.0,634, Newark,NY,Self-Employed,3737
TG-100165,Applicant 165,97383.0,559,Queens,,Part Time,3909
TG-100166,Applicant 166,109662.0,635,Brooklyn,, full time ,4157
TG-100167,Applicant 167,141904.0,655,Jersey City,ny, full time ,3864
TG-100168,Applicant 168,77638.0,796,Jersey City,NJ,Part Time,2989
TG-100169,Applicant 169,62388.0,818, Newark,NY, full time ,5302
TG-100170,Applicant 170,58315.0,540,New York,N.J.,Full Time,4434
TG-100171,Applicant 171,60526.0,550,Hoboken,N.J.,Self-Employed,1518
TG-100172,Applicant 172,82687.0,766,Queens,, full time ,3377
TG-100173,Applicant 173,95235.0,546, Newark,NJ,Part Time,3356
TG-100174,Applicant 174,93301.0,592,Jersey City,NY,Part Time,3753
TG-100175,Applicant 175,109815.0,616,Jersey City,,Self-Employed,1628
TG-100176,Applicant 176,85390.0,680,New York,NJ,Full Time,3685
TG-100177,Applicant 177,128606.0,819,Jersey City,NY,Self-Employed,2100
TG-100178,Applicant 178,77060.0,818,Queens,N.J., full time ,2820
TG-100179,Applicant 179,166605.0,806,New York,N.J.,Full Time,4598
TG-100180,Applicant 180,103770.0,731,Brooklyn,,Full Time,1948
TG-100181,Applicant 181,59285.0,595,New York,NJ,Part Time,5489
TG-100182,Applicant 182,52873.0,662,Queens,N.J.,Full Time,3611
TG-100183,Applicant 183,99474.0,553,Queens,NJ, full time ,2227
TG-100184,Applicant 184,78296.0,523,Brooklyn,, full time ,5444
TG-100185,Applicant 185,106420.0,617, Newark,ny, full time ,4332
TG-100186,Applicant 186,99197.0,736,New York,NJ,Unemployed,4041
TG-100187,Applicant 187,82815.0,547,Queens,NJ,Full Time,2340
TG-100188,Applicant 188,59596.0,720,Queens,,Full Time,1437
TG-100189,Applicant 189,39555.0,792,Brooklyn,ny, full time ,3732
TG-100190,Applicant 190,71605.0,646,Hoboken,N.J.,Part Time,2954
TG-100191,Applicant 191,110692.0,721,New York,NY,Full Time,2810
TG-100192,Applicant 192,,528,Queens,,Unemployed,4318
TG-100193,Applicant 193,47628.0,806,Jersey City,NY,Full Time,2687
TG-100194,Applicant 194,90195.0,607,Brooklyn,ny,Self-Employed,4394
TG-100195,Applicant 195,96560.0,538,Hoboken,ny,Unemployed,1445
TG-100196,Applicant 196,58484.0,600,Hoboken,NJ,Part Time,2477
TG-100197,Applicant 197,89612.0,626,Brooklyn,NY,Unemployed,3528
TG-100198,Applicant 198,86746.0,749,Hoboken,NY,Unemployed,2756
TG-100199,Applicant 199,50711.0,631,Queens,ny,Full Time,2757
TG-100200,Applicant 200,95734.0,739,Hoboken,NY,Unemployed,3422
TG-100201,Applicant 201,101824.0,642,New York,N.J., full time ,3532
TG-100202,Applicant 202,117492.0,763,Jersey City,ny,Unemployed,1504
TG-100203,Applicant 203,116614.0,697,Queens,NJ,Full Time,4122
TG-100204,Applicant 204,43670.0,584,Brooklyn,NJ, full time ,1992
TG-100205,Applicant 205,56865.0,522,Jersey City,NJ,Part Time,1606
TG-100206,Applicant 206,,999, Newark,NY,Self-Employed,3552
TG-100207,Applicant 207,100414.0,540,Queens,ny,Unemployed,3237
TG-100208,Applicant 208,100451.0,812,Jersey City,NJ, full time ,4166
TG-100209,Applicant 209,200582.0,534,Hoboken,ny, full time ,3916
TG-100210,Applicant 210,102127.0,725, Newark,NY,Part Time,4020
TG-100211,Applicant 211,119067.0,721,Brooklyn,N.J.,Part Time,4242
TG-100212,Applicant 212,113620.0,639,Brooklyn,N.J.,Self-Employed,5202
TG-100213,Applicant 213,104542.0,656,New York,N.J.,Self-Employed,2560
TG-100214,Applicant 214,75542.0,819,Hoboken,NY,Full Time,2253
TG-100215,Applicant 215,107769.0,814,New York,NJ,Self-Employed,1639
TG-100216,Applicant 216,61815.0,544,New York,NY,Self-Employed,1982
TG-100217,Applicant 217,77895.0,753,Hoboken,ny, full time ,3810
TG-100218,Applicant 218,70439.0,640,Queens,N.J.,Unemployed,3014
TG-100219,Applicant 219,87456.0,609, Newark,ny,Unemployed,1433
TG-100220,Applicant 220,154440.0,719,New York,NY,Self-Employed,3273
TG-100221,Applicant 221,28982.0,699,Jersey City,,Full Time,3631
TG-100222,Applicant 222,105588.0,595, Newark,,Full Time,1661
TG-100223,Applicant 223,36619.0,656,Queens,NY,Unemployed,2951
TG-100224,Applicant 224,70842.0,657,Hoboken,NJ,Part Time,2038
TG-100225,Applicant 225,117669.0,529,Brooklyn,ny, full time ,4409
TG-100226,Applicant 226,86928.0,720,Queens,NY,Self-Employed,3984
TG-100227,Applicant 227,52668.0,738,New York,NY, full time ,5405
TG-100228,Applicant 228,63541.0,579,Jersey City,,Self-Employed,2551
TG-100229,Applicant 229,105388.0,666, Newark,N.J.,Self-Employed,1405
TG-100230,Applicant 230,63089.0,626,Hoboken,N.J.,Unemployed,2294
TG-100231,Applicant 231,91494.0,557,Brooklyn,NJ, full time ,1384
TG-100232,Applicant 232,86367.0,653, Newark,NJ, full time ,3992
TG-100233,Applicant 233,65452.0,740,Jersey City,NJ,Part Time,3929
TG-100234,Applicant 234,149318.0,652,Brooklyn,,Part Time,1513
TG-100235,Applicant 235,104018.0,572,Hoboken,NY, full time ,1427
TG-100236,Applicant 236,24246.0,581, Newark,NJ,Part Time,4293
TG-100237,Applicant 237,90594.0,542,Queens,,Part Time,5157
TG-100238,Applicant 238 ,65146.0,563,New York,ny,Self-Employed,5295
TG-100239,Applicant 239,110573.0,565,Hoboken,NY,Unemployed,3939
TG-100240,Applicant 240,,999,Jersey City,ny,Self-Employed,2126
TG-100241,Applicant 241,81558.0,735,Queens,N.J.,Part Time,4536
TG-100242,Applicant 242,100150.0,566, Newark,N.J.,Self-Employed,4321
TG-100243,Applicant 243,110973.0,543,Brooklyn,NY,Self-Employed,3308
TG-100244,Applicant 244,48991.0,664,Queens,NJ,Full Time,3555
TG-100245,Applicant 245,74965.0,608,Queens,NY,Self-Employed,1736
TG-100246,Applicant 246,70752.0,693,Jersey City,NJ,Self-Employed,5370
TG-100247,Applicant 247,65400.0,583,New York,N.J.,Unemployed,2641
TG-100248,Applicant 248,137964.0,638,Queens,NY, full time ,4599
TG-100249,Applicant 249,97149.0,742,Queens,NY,Full Time,4552
TG-100250,Applicant 250,47173.0,675,New York,NJ,Full Time,4346
TG-100251,Applicant 251,,697,New York,N.J.,Full Time,1808
TG-100252,Applicant 252,148665.0,575,Brooklyn,N.J.,Full Time,1811
TG-100253,Applicant 253,115974.0,578, Newark,NJ,Unemployed,2220
TG-100254,Applicant 254,39419.0,739,Brooklyn,NJ, full time ,1440
TG-100255,Applicant 255,70473.0,704,New York,NJ,Unemployed,3252
TG-100256,Applicant 256,123007.0,566,Hoboken,N.J.,Full Time,2802
TG-100257,Applicant 257,63770.0,621,New York,N.J., full time ,3604
TG-100258,Applicant 258,98315.0,563,Brooklyn,NY,Unemployed,2614
TG-100259,Applicant 259,108239.0,534,Jersey City,N.J., full time ,1568
TG-100260,Applicant 260,57192.0,755,Jersey City,ny,Unemployed,3276
TG-100261,Applicant 261,83214.0,570, Newark,ny, full time ,2646
TG-100262,Applicant 262,-12238.0,553,Queens,NJ,Unemployed,1208
TG-100263,Applicant 263,54268.0,643,Jersey City,NJ,Full Time,4716
TG-100264,Applicant 264,77423.0,596,Brooklyn,NJ,Full Time,3477
TG-100265,Applicant 265,47567.0,642,Jersey City,NY,Full Time,1592
TG-100266,Applicant 266,133972.0,724,Hoboken,ny,Unemployed,3051
TG-100267,Applicant 267,42096.0,747,New York,ny, full time ,1978
TG-100268,Applicant 268,71799.0,589,New York,N.J., full time ,4631
TG-100269,Applicant 269,88922.0,749,Brooklyn,ny,Part Time,2898
TG-100270,Applicant 270,128238.0,999,Queens,N.J.,Self-Employed,4454
TG-100271,Applicant 271,41924.0,627,New York,NY,Full Time,4471
TG-100272,Applicant 272,119895.0,760,Jersey City,NJ,Full Time,4452
TG-100273,Applicant 273,85307.0,770,Hoboken,NJ,Full Time,4811
TG-100274,Applicant 274,55555.0,654,Queens,N.J.,Part Time,3812
TG-100275,Applicant 275,98863.0,609,Queens,,Part Time,3045
TG-100276,Applicant 276,90972.0,598,Queens,N.J.,Part Time,4708
TG-100277,Applicant 277,66993.0,696,New York,NY,Full Time,5092
TG-100278,Applicant 278,87094.0,817, Newark,ny, full time ,4311
TG-100279,Applicant 279,73441.0,621,Queens,N.J.,Full Time,3066
TG-100280,Applicant 280,88406.0,631,Brooklyn,NY,Part Time,2252
TG-100281,Applicant 281,,700,Jersey City,NJ,Part Time,2126
TG-100282,Applicant 282,132581.0,623, Newark,,Self-Employed,4972
TG-100283,Applicant 283,47866.0,535,Hoboken,,Unemployed,4242
TG-100284,Applicant 284,148991.0,615,Jersey City,N.J.,Self-Employed,5425
TG-100285,Applicant 285,26437.0,812,Brooklyn,ny,Self-Employed,3295
TG-100286,Applicant 286,80446.0,665,Brooklyn,N.J.,Full Time,5040
TG-100287,Applicant 287,102650.0,521, Newark,,Unemployed,2026
TG-100288,Applicant 288,93430.0,638,Jersey City,,Unemployed,4687
TG-100289,Applicant 289,66319.0,613,New York,NJ,Full Time,1969
TG-100290,Applicant 290,78756.0,710,Brooklyn,ny, full time ,5170
TG-100291,Applicant 291,70210.0,522,Queens,ny,Full Time,1656
TG-100292,Applicant 292,,630,Hoboken,, full time ,2272
TG-100293,Applicant 293,110488.0,696,Hoboken,, full time ,3975
TG-100294,Applicant 294,95710.0,776,Brooklyn,N.J.,Unemployed,3683
TG-100295,Applicant 295,64213.0,541,Queens,N.J.,Full Time,3498
TG-100296,Applicant 296,111988.0,739,Jersey City,NJ,Full Time,4171
TG-100297,Applicant 297,94219.0,692,Hoboken,,Unemployed,5129
TG-100298,Applicant 298,109386.0,743,Queens,N.J.,Self-Employed,2842
TG-100299,Applicant 299,103889.0,584,Queens,NJ,Full Time,2217
TG-100300,Applicant 300,60130.0,796,New York,ny,Part Time,5242
TG-100301,Applicant 301,68195.0,768,Brooklyn,,Part Time,2663
TG-100302,Applicant 302,107419.0,779,Queens,NY,Full Time,2711
TG-100303,Applicant 303,103311.0,650,Jersey City,, full time ,4673
TG-100304,Applicant 304,84373.0,632,Hoboken,N.J.,Unemployed,4838
TG-100305,Applicant 305,88520.0,805,New York,, full time ,2921
TG-100306,Applicant 306,123330.0,806,Jersey City,NY,Part Time,1886
TG-100307,Applicant 307,67253.0,730,Hoboken,,Part Time,4683
TG-100308,Applicant 308,101413.0,539,Brooklyn,N.J.,Unemployed,5450
TG-100309,Applicant 309,78934.0,734,Jersey City,ny,Part Time,4832
TG-100310,Applicant 310,78470.0,770,Hoboken,N.J.,Self-Employed,4477
TG-100311,Applicant 311,117963.0,790,New York,NJ,Part Time,5139
TG-100312,Applicant 312,109762.0,699,Hoboken,N.J., full time ,4144
TG-100313,Applicant 313,109405.0,713,Queens,NJ, full time ,4699
TG-100314,Applicant 314,124164.0,598,New York,,Self-Employed,4118
TG-100315,Applicant 315,85630.0,699,Jersey City,NJ, full time ,2644
TG-100316,Applicant 316,105459.0,682, Newark,, full time ,1287
TG-100317,Applicant 317,75692.0,721,Brooklyn,NJ, full time ,2729
TG-100318,Applicant 318,94725.0,533,New York,N.J.,Full Time,4439
TG-100319,Applicant 319,81096.0,765,New York,NY,Self-Employed,4385
TG-100320,Applicant 320,87910.0,533,New York,,Self-Employed,1212
TG-100321,Applicant 321,102855.0,618,Hoboken,NJ,Part Time,4128
TG-100322,Applicant 322,60453.0,552,Queens,NY,Self-Employed,1519
TG-100323,Applicant 323,,776, Newark,NJ,Unemployed,2883
TG-100324,Applicant 324,54819.0,553,Brooklyn,NJ,Self-Employed,3649
TG-100325,Applicant 325,48574.0,538,Brooklyn,NJ,Unemployed,5453
TG-100326,Applicant 326,119743.0,671,Queens,N.J., full time ,1583
TG-100327,Applicant 327,108750.0,779,Hoboken,NJ,Unemployed,2296
TG-100328,Applicant 328,103724.0,683,Hoboken,NY,Full Time,2169
TG-100329,Applicant 329,103850.0,596,Queens,NJ, full time ,3720
TG-100330,Applicant 330,84633.0,656,Queens,ny,Unemployed,4451
TG-100331,Applicant 331,58082.0,727,Jersey City,, full time ,4874
TG-100332,Applicant 332,87274.0,761,Hoboken,N.J.,Full Time,1393
TG-100333,Applicant 333,,586,New York,ny, full time ,4044
TG-100334,Applicant 334,114254.0,635,Brooklyn,ny, full time ,2452
,Applicant 335,80588.0,721,Hoboken,NY,Self-Employed,1994
TG-100336,Applicant 336,60235.0,769,Queens,NY,Part Time,3922
TG-100337,Applicant 337,75358.0,797,New York,N.J.,Unemployed,2826
TG-100338,Applicant 338,97388.0,631,Jersey City,N.J.,Part Time,4041
TG-100339,Applicant 339,68088.0,753, Newark,,Full Time,1290
TG-100340,Applicant 340,60333.0,695,Jersey City,NJ,Full Time,4877
TG-100341,Applicant 341,92311.0,662,New York,N.J., full time ,5372
TG-100342,Applicant 342,92349.0,551,New York,N.J.,Part Time,4719
TG-100343,Applicant 343,69792.0,700,Queens,NJ,Unemployed,2520
TG-100344,Applicant 344,70869.0,586, Newark,,Unemployed,4659
TG-100345,Applicant 345,91961.0,523,Queens,NY, full time ,3569
TG-100346,Applicant 346,41557.0,805,Brooklyn,,Unemployed,3668
TG-100347,Applicant 347,42776.0,788, Newark,NJ,Self-Employed,3793
TG-100348,Applicant 348,63447.0,755, Newark,NY,Part Time,2857
TG-100349,Applicant 349,78597.0,796,Brooklyn,NY,Full Time,4577
TG-100350,Applicant 350,94327.0,560,Jersey City,NY,Unemployed,5237
TG-100351,Applicant 351,,640,New York,,Unemployed,1545
TG-100352,Applicant 352,110730.0,794,Jersey City,NJ,Unemployed,5081
TG-100353,Applicant 353,80202.0,750,Queens,, full time ,2864
TG-100354,Applicant 354,84430.0,605,Hoboken,,Full Time,5073
TG-100355,Applicant 355,54924.0,999,Queens,ny,Part Time,3972
TG-100356,Applicant 356,84445.0,711,Hoboken,N.J.,Unemployed,1849
TG-100357,Applicant 357,76340.0,812,New York,,Self-Employed,3906
TG-100358,Applicant 358,94682.0,550,New York,ny, full time ,3112
TG-100359,Applicant 359,,665, Newark,NJ,Part Time,4885
TG-100360,Applicant 360,100580.0,626,New York,ny,Unemployed,3009
TG-100361,Applicant 361,130982.0,629,Brooklyn,,Part Time,4460
TG-100362,Applicant 362,81737.0,795,Brooklyn,NJ, full time ,3312
TG-100363,Applicant 363,97051.0,729,Hoboken,ny,Self-Employed,2682
TG-100364,Applicant 364,105704.0,658,Jersey City,,Unemployed,1875
TG-100365,Applicant 365,72963.0,605, Newark,NJ,Self-Employed,1675
,Applicant 366,91723.0,563,Jersey City,NJ, full time ,1525
TG-100367,Applicant 367,85378.0,601,Hoboken,N.J.,Self-Employed,4463
TG-100368,Applicant 368,87930.0,583,Brooklyn,, full time ,3335
TG-100369,Applicant 369,61810.0,574,Queens,N.J.,Self-Employed,5453
TG-100370,Applicant 370,85735.0,593, Newark,NJ,Part Time,2496
TG-100371,Applicant 371,99940.0,648,Hoboken,NJ,Part Time,1481
TG-100372,Applicant 372,128534.0,775,Jersey City,ny, full time ,1856
TG-100373,Applicant 373,113778.0,750,Hoboken,N.J.,Part Time,3410
TG-100374,Applicant 374,149595.0,656,Hoboken,NY,Self-Employed,4445
TG-100375,Applicant 375,61980.0,631,New York,,Self-Employed,2100
TG-100376,Applicant 376,111170.0,665,Brooklyn,N.J.,Unemployed,1343
TG-100377,Applicant 377,90500.0,552, Newark,NJ, full time ,4569
TG-100378,Applicant 378,150694.0,779,New York,ny,Part Time,5133
TG-100379,Applicant 379,60751.0,606,Brooklyn,, full time ,3687
TG-100380,Applicant 380,59808.0,784,Hoboken,,Part Time,3735
TG-100381,Applicant 381,67018.0,549,Brooklyn,ny,Unemployed,2613
TG-100382,Applicant 382,21283.0,751,Jersey City,NJ,Self-Employed,2243
TG-100383,Applicant 383,69227.0,595, Newark,NY,Self-Employed,3783
TG-100384,Applicant 384,62226.0,648,New York,ny,Full Time,4874
TG-100385,Applicant 385,89512.0,790, Newark,NY, full time ,1849
TG-100386,Applicant 386,95253.0,608,Hoboken,N.J.,Part Time,4491
TG-100387,Applicant 387,141285.0,689,Jersey City,,Full Time,4121
,Applicant 388,113513.0,647,Brooklyn,NJ, full time ,1372
TG-100389,Applicant 389,67693.0,693,Brooklyn,NY,Part Time,4221
TG-100390,Applicant 390,58048.0,545,Jersey City,NJ,Unemployed,3248
TG-100391,Applicant 391,99758.0,580,Brooklyn,N.J., full time ,5278
TG-100392,Applicant 392,45393.0,586,New York,NY,Part Time,4296
TG-100393,Applicant 393,139944.0,545,Queens,NJ,Self-Employed,4127
TG-100394,Applicant 394,120383.0,602,Brooklyn,NJ, full time ,3094
TG-100395,Applicant 395,70925.0,579,Hoboken,N.J.,Part Time,5176
TG-100396,Applicant 396,33606.0,558,Brooklyn,ny,Self-Employed,4462
TG-100397,Applicant 397,125616.0,642, Newark,N.J.,Self-Employed,1608
TG-100398,Applicant 398,81564.0,811,Hoboken,NY,Full Time,4749
TG-100399,Applicant 399,122134.0,796,Brooklyn,NY,Part Time,4575
,Applicant 400,37167.0,801,Brooklyn,,Full Time,5222
TG-100401,Applicant 401,67019.0,710,Hoboken,NJ,Full Time,1777
TG-100402,Applicant 402,,811,New York,NY,Unemployed,4807
TG-100403,Applicant 403,86409.0,671,Queens,ny,Full Time,5377
TG-100404,Applicant 404,71498.0,752,Queens,ny,Full Time,1802
TG-100405,Applicant 405,103685.0,665,New York,N.J.,Unemployed,4955
TG-100406,Applicant 406,52971.0,790,Brooklyn,NY,Unemployed,5269
TG-100407,Applicant 407,80729.0,653,Queens,NY, full time ,2187
TG-100408,Applicant 408,88609.0,690,New York,,Full Time,5436
TG-100409,Applicant 409,100433.0,547,New York,,Self-Employed,3515
TG-100410,Applicant 410,106348.0,655,Queens,,Unemployed,5434
TG-100411,Applicant 411,51261.0,999,Hoboken,NY,Part Time,4318
TG-100412,Applicant 412,38977.0,747,Jersey City,N.J., full time ,2283
TG-100413,Applicant 413,123330.0,806,Hoboken,N.J., full time ,3808
TG-100414,Applicant 414,94969.0,553,Brooklyn,N.J.,Full Time,2787
TG-100415,Applicant 415,62545.0,521,Hoboken,N.J.,Self-Employed,2284
TG-100416,Applicant 416,131535.0,714, Newark,ny,Unemployed,2949
TG-100417,Applicant 417,88470.0,613,Jersey City,NY,Part Time,4366
TG-100418,Applicant 418,120379.0,654,Jersey City,NJ,Full Time,2855
TG-100419,Applicant 419,87026.0,723,New York,NY,Self-Employed,4746
TG-100420,Applicant 420,146822.0,769, Newark,N.J.,Full Time,1239
TG-100421,Applicant 421,137660.0,666,Brooklyn,ny,Full Time,2550
TG-100422,Applicant 422,77531.0,773,New York,ny, full time ,3194
TG-100423,Applicant 423,114147.0,695,Hoboken,NY,Part Time,3653
TG-100424,Applicant 424,104361.0,644,Hoboken,NJ,Part Time,1943
TG-100425,Applicant 425,,770,Queens,N.J.,Part Time,4482
TG-100426,Applicant 426,56052.0,650,New York,ny,Part Time,5333
TG-100427,Applicant 427,105582.0,569, Newark,N.J.,Unemployed,3564
TG-100428,Applicant 428,116753.0,612,New York,N.J.,Unemployed,2306
TG-100429,Applicant 429,32238.0,739,New York,N.J.,Part Time,4627
TG-100430,Applicant 430,49502.0,539,New York,,Self-Employed,1829
TG-100431,Applicant 431,23823.0,724,Jersey City,N.J.,Unemployed,3456
TG-100432,Applicant 432,76918.0,610,Queens,N.J.,Unemployed,5185
TG-100433,Applicant 433,106526.0,692,Brooklyn,NJ,Self-Employed,1691
TG-100434,Applicant 434,130071.0,708,Brooklyn,NJ,Part Time,5353
TG-100435,Applicant 435,87223.0,521,Brooklyn,,Full Time,2682
TG-100436,Applicant 436,133858.0,687,Jersey City,,Unemployed,3149
TG-100437,Applicant 437,43597.0,543,Queens,N.J.,Full Time,3643
TG-100438,Applicant 438,33899.0,587, Newark,ny,Full Time,4333
TG-100439,Applicant 439,83334.0,713,Queens,ny,Self-Employed,4717
TG-100440,Applicant 440,96522.0,603,Jersey City,NY,Part Time,3334
TG-100441,Applicant 441,84019.0,726, Newark,ny,Full Time,3061
TG-100442,Applicant 442,22977.0,568,New York,ny,Part Time,1810
TG-100443,Applicant 443,82326.0,551,Hoboken,NJ, full time ,2347
TG-100444,Applicant 444,45866.0,689,New York,NY,Part Time,3530
TG-100445,Applicant 445,105090.0,648,Brooklyn,NY,Self-Employed,3761
TG-100446,Applicant 446,95998.0,621,New York,NJ,Self-Employed,2028
TG-100447,Applicant 447,56804.0,554,Jersey City,ny, full time ,2895
TG-100448,Applicant 448,69584.0,718,Brooklyn,ny,Self-Employed,3404
TG-100449,Applicant 449,53224.0,596,Hoboken,NY,Part Time,3473
TG-100450,Applicant 450,83120.0,533, Newark,ny,Part Time,4080
TG-100451,Applicant 451,113654.0,650, Newark,NY,Part Time,4665
TG-100452,Applicant 452,55428.0,757,Brooklyn,ny,Self-Employed,1465
TG-100453,Applicant 453,100121.0,799,New York,N.J.,Part Time,2489
TG-100454,Applicant 454,69092.0,584,Queens,NJ,Unemployed,4820
TG-100455,Applicant 455,61214.0,657,Queens,, full time ,4591
TG-100456,Applicant 456,81789.0,788, Newark,N.J.,Unemployed,1672
TG-100457,Applicant 457,53943.0,747,Queens,ny,Part Time,3775
TG-100458,Applicant 458,68391.0,720,Brooklyn,,Self-Employed,3096
TG-100459,Applicant 459,49064.0,661,Queens,N.J., full time ,4354
TG-100460,Applicant 460,143942.0,619,Jersey City,NJ,Unemployed,2089
TG-100461,Applicant 461,86058.0,657, Newark,,Part Time,4699
TG-100462,Applicant 462,64008.0,687,Hoboken,,Self-Employed,2811
TG-100463,Applicant 463,91419.0,618,Queens,NJ,Part Time,1385
TG-100464,Applicant 464,81630.0,585,Jersey City,N.J.,Unemployed,5205
TG-100465,Applicant 465,78371.0,566,Jersey City,,Unemployed,4533
TG-100466,Applicant 466,103425.0,750,Brooklyn,NJ, full time ,3426
TG-100467,Applicant 467,107725.0,665, Newark,N.J.,Self-Employed,4413
TG-100468,Applicant 468,69085.0,726,Brooklyn,ny,Full Time,5215
TG-100469,Applicant 469,67725.0,665,Hoboken,NY,Part Time,2491
TG-100470,Applicant 470,76748.0,671,Hoboken,ny,Self-Employed,3873
TG-100471,Applicant 471,15942.0,798,New York,ny,Full Time,3717
TG-100472,Applicant 472,39544.0,659,Hoboken,NY,Self-Employed,4963
TG-100473,Applicant 473,126006.0,670, Newark,ny,Part Time,4248
TG-100474,Applicant 474,134349.0,540, Newark,ny,Part Time,3354
TG-100475,Applicant 475,77529.0,773,Brooklyn,NJ, full time ,4302
TG-100476,Applicant 476,102297.0,583,Jersey City,NJ,Unemployed,4818
TG-100477,Applicant 477,94338.0,737,New York,N.J.,Unemployed,5043
TG-100478,Applicant 478,177366.0,591,Hoboken,,Unemployed,1720
TG-100479,Applicant 479,118587.0,681,Jersey City,N.J., full time ,2844
TG-100480,Applicant 480,81162.0,649,Brooklyn,NJ,Unemployed,1854
TG-100481,Applicant 481,56334.0,588,Queens,NJ,Self-Employed,1241
TG-100482,Applicant 482,36807.0,744,New York,NY,Unemployed,4111
TG-100483,Applicant 483,91104.0,765, Newark,NY,Unemployed,4984
TG-100484,Applicant 484,62309.0,587,Jersey City,NJ,Part Time,5151
TG-100485,Applicant 485,42332.0,626,Brooklyn,ny, full time ,3023
TG-100486,Applicant 486,65603.0,628,Brooklyn,N.J., full time ,3508
TG-100487,Applicant 487,52554.0,622,New York,NJ,Unemployed,2713
TG-100488,Applicant 488,135614.0,660,New York,NJ,Full Time,4936
TG-100489,Applicant 489,111449.0,584,Hoboken,NY,Part Time,2480
TG-100490,Applicant 490,,653,Hoboken,N.J.,Unemployed,4338
TG-100491,Applicant 491,129398.0,718, Newark,N.J.,Full Time,1419
TG-100492,Applicant 492,87321.0,674, Newark,,Self-Employed,4594
TG-100493,Applicant 493,59161.0,999,New York,NJ,Part Time,5209
TG-100494,Applicant 494,130694.0,769,New York,, full time ,5007
TG-100495,Applicant 495,,606,Jersey City,NY,Full Time,3232
TG-100496,Applicant 496 ,53883.0,760,Hoboken,,Unemployed,2829
TG-100497,Applicant 497,79290.0,607,Brooklyn,ny,Full Time,4449
TG-100498,Applicant 498,58731.0,691,Hoboken,NJ, full time ,1660
TG-100499,Applicant 499,43516.0,536,Hoboken,NJ,Self-Employed,1489
TG-100500,Applicant 500,112785.0,742,New York,N.J.,Full Time,2335
TG-100501,Applicant 501,142282.0,813,New York,,Unemployed,3713
TG-100502,Applicant 502,43043.0,738,Hoboken,N.J.,Full Time,1423
TG-100503,Applicant 503,101889.0,753,Queens,,Self-Employed,3645
TG-100504,Applicant 504,65481.0,767,Queens,,Full Time,1653
TG-100505,Applicant 505,70386.0,571, Newark,NY,Self-Employed,3246
TG-100506,Applicant 506,67228.0,534,Hoboken,,Self-Employed,3922
TG-100507,Applicant 507,59080.0,631,Queens,N.J.,Part Time,5298
,Applicant 508,86456.0,703, Newark,,Part Time,5075
TG-100509,Applicant 509,60071.0,526, Newark,,Unemployed,1890
TG-100510,Applicant 510,93114.0,570,Hoboken,NJ,Unemployed,2048
TG-100511,Applicant 511,83493.0,760, Newark,NJ,Unemployed,4586
TG-100512,Applicant 512,77832.0,764,New York,NJ,Self-Employed,3668
TG-100513,Applicant 513,57773.0,705,New York,ny,Self-Employed,2628
TG-100514,Applicant 514,67697.0,806,New York,NJ,Part Time,3515
TG-100515,Applicant 515,107662.0,999,Brooklyn,ny,Self-Employed,5125
TG-100516,Applicant 516,100028.0,625,New York,ny,Part Time,3815
TG-100517,Applicant 517,55673.0,532,New York,N.J.,Full Time,1938
TG-100518,Applicant 518,87980.0,665,Hoboken,NJ,Unemployed,3418
TG-100519,Applicant 519,107542.0,638,Queens,,Unemployed,3552
TG-100520,Applicant 520,34918.0,722,Queens,NY, full time ,4439
TG-100521,Applicant 521,101301.0,660,New York,,Part Time,2074
TG-100522,Applicant 522,65121.0,634,New York,NJ, full time ,1534
TG-100523,Applicant 523,102118.0,671,New York,,Unemployed,2378
TG-100524,Applicant 524,62102.0,576, Newark,NJ, full time ,1829
TG-100525,Applicant 525,30854.0,676,Hoboken,NJ,Full Time,1280
TG-100526,Applicant 526,36174.0,652,Hoboken,, full time ,2109
TG-100527,Applicant 527,86443.0,682,Hoboken,ny,Full Time,1649
TG-100528,Applicant 528,92792.0,794,Queens,N.J.,Unemployed,4270
TG-100529,Applicant 529,57871.0,702,Brooklyn,N.J.,Self-Employed,4170
TG-100530,Applicant 530,104158.0,596,Queens,N.J.,Part Time,5278
TG-100531,Applicant 531,35154.0,563,Hoboken,N.J., full time ,3179
TG-100532,Applicant 532,83018.0,725,Jersey City,NY,Full Time,4595
TG-100533,Applicant 533,48670.0,557,Brooklyn,NJ,Unemployed,1929
TG-100534,Applicant 534,65445.0,541,New York,NY,Unemployed,4499
TG-100535,Applicant 535,86422.0,592, Newark,N.J.,Self-Employed,4211
TG-100536,Applicant 536,59188.0,760,Queens,N.J.,Unemployed,4220
TG-100537,Applicant 537,73463.0,673, Newark,,Unemployed,2213
TG-100538,Applicant 538,115189.0,756,Brooklyn,N.J.,Self-Employed,2520
TG-100539,Applicant 539,67693.0,524,Jersey City,NJ,Unemployed,4464
TG-100540,Applicant 540,110071.0,740,Brooklyn,N.J.,Full Time,4108
TG-100541,Applicant 541,51109.0,605,Queens,N.J., full time ,4243
TG-100542,Applicant 542,100894.0,696,Hoboken,NY, full time ,3390
TG-100543,Applicant 543,128247.0,778,New York,NJ,Full Time,3441
TG-100544,Applicant 544,10851.0,739,Hoboken,ny, full time ,3769
TG-100545,Applicant 545,61093.0,557,Hoboken,,Unemployed,4704
TG-100546,Applicant 546,102312.0,661,Queens,ny, full time ,2502
TG-100547,Applicant 547,78909.0,754,Hoboken,NY, full time ,1989
TG-100548,Applicant 548,96134.0,722,Hoboken,N.J.,Unemployed,4499
TG-100549,Applicant 549,66880.0,813,Queens,, full time ,3164
TG-100550,Applicant 550,87598.0,691,Queens,NJ,Unemployed,1616
TG-100551,Applicant 551,80330.0,644,Jersey City,,Self-Employed,4472
TG-100552,Applicant 552,120033.0,584,Hoboken,NY,Self-Employed,2544
TG-100553,Applicant 553,92633.0,800,Brooklyn,N.J., full time ,3937
TG-100554,Applicant 554,95128.0,791,New York,NY,Self-Employed,3615
TG-100555,Applicant 555,72644.0,763, Newark,NJ, full time ,3845
TG-100556,Applicant 556,70372.0,534,New York,ny,Self-Employed,3807
TG-100557,Applicant 557,72023.0,745,Queens,N.J., full time ,2004
TG-100558,Applicant 558,96834.0,650, Newark,N.J.,Part Time,3965
TG-100559,Applicant 559,72370.0,714,Queens,NY,Full Time,3152
TG-100560,Applicant 560,93693.0,812,Jersey City,NY,Self-Employed,4597
TG-100561,Applicant 561,147262.0,728,Hoboken,NY,Unemployed,3163
TG-100562,Applicant 562,,632,Queens,N.J.,Full Time,3775
TG-100563,Applicant 563,75219.0,763,Queens,NY, full time ,4574
TG-100564,Applicant 564,121036.0,685,New York,,Full Time,4913
TG-100565,Applicant 565,72758.0,710,Hoboken,,Unemployed,4948
TG-100566,Applicant 566,23856.0,776,Jersey City,,Unemployed,1804
TG-100567,Applicant 567,54757.0,737,Queens,N.J., full time ,4550
TG-100568,Applicant 568,28876.0,794,Queens,NY,Self-Employed,4996
TG-100569,Applicant 569,74455.0,571,Queens,NJ,Self-Employed,3900
TG-100570,Applicant 570,85553.0,677,New York,NY,Part Time,2850
TG-100571,Applicant 571,135293.0,574,Queens,N.J.,Unemployed,4748
TG-100572,Applicant 572,94808.0,533,Queens,,Part Time,1503
TG-100573,Applicant 573,78427.0,788,New York,N.J.,Unemployed,1718
TG-100574,Applicant 574,109882.0,609,Queens,NY,Part Time,5230
,Applicant 575,18666.0,546,Hoboken,N.J.,Self-Employed,2140
TG-100576,Applicant 576,92068.0,608,Hoboken,NJ,Unemployed,4078
TG-100577,Applicant 577,108126.0,560,New York,N.J.,Self-Employed,1279
TG-100578,Applicant 578,40642.0,787,Hoboken,ny,Full Time,1302
TG-100579,Applicant 579,119313.0,657, Newark,N.J.,Self-Employed,1928
TG-100580,Applicant 580,95155.0,525, Newark,NY,Unemployed,5437
TG-100581,Applicant 581,72541.0,761, Newark,ny,Full Time,3650
TG-100582,Applicant 582,103983.0,681,Jersey City,,Part Time,2155
TG-100583,Applicant 583,153121.0,699,Queens,NY, full time ,4860
TG-100584,Applicant 584,90456.0,816,Jersey City,NJ,Unemployed,1939
TG-100585,Applicant 585,92447.0,525,Hoboken,N.J., full time ,5457
TG-100586,Applicant 586,71219.0,790,New York,N.J., full time ,1793
TG-100587,Applicant 587,59505.0,791, Newark,NY,Full Time,4749
TG-100588,Applicant 588,109910.0,675,New York,N.J.,Part Time,1762
TG-100589,Applicant 589,59317.0,604,Jersey City,N.J.,Self-Employed,2899
TG-100590,Applicant 590,87147.0,719,Hoboken,,Full Time,1924
TG-100591,Applicant 591,70670.0,529,Queens,N.J.,Part Time,2633
TG-100592,Applicant 592,99369.0,657,Hoboken,N.J.,Self-Employed,2542
TG-100593,Applicant 593,95010.0,761, Newark,,Self-Employed,3095
TG-100594,Applicant 594,116126.0,720,Hoboken,N.J.,Part Time,5300
TG-100595,Applicant 595,69700.0,675,New York,,Self-Employed,3482
TG-100596,Applicant 596,76904.0,794,Brooklyn,NJ,Unemployed,1574
TG-100597,Applicant 597,55637.0,744, Newark,N.J.,Unemployed,3522
TG-100598,Applicant 598,71671.0,587,Queens,NY,Full Time,2594
TG-100599,Applicant 599,96319.0,703, Newark,ny,Self-Employed,5073
TG-100600,Applicant 600,107710.0,714, Newark,NJ,Self-Employed,2755
TG-100601,Applicant 601,57335.0,561,Queens,N.J.,Part Time,2123
TG-100602,Applicant 602,111088.0,670, Newark,NY,Unemployed,2040
TG-100603,Applicant 603,125669.0,603,New York,ny, full time ,2930
TG-100604,Applicant 604,97403.0,653,Hoboken,,Full Time,5272
TG-100605,Applicant 605,141304.0,817,New York,N.J.,Unemployed,3251
TG-100606,Applicant 606,61786.0,549,Hoboken,,Part Time,5110
TG-100607,Applicant 607,47660.0,528,Brooklyn,NJ,Full Time,2747
TG-100608,Applicant 608,31638.0,689, Newark,ny, full time ,5178
TG-100609,Applicant 609,129881.0,809,Brooklyn,ny,Full Time,3653
TG-100610,Applicant 610,104631.0,687,Jersey City,,Unemployed,2636
TG-100611,Applicant 611,83332.0,664,Hoboken,, full time ,4460
TG-100612,Applicant 612,93399.0,747,New York,NJ,Part Time,3564
TG-100613,Applicant 613,51235.0,595,New York,NY,Full Time,2123
TG-100614,Applicant 614,158373.0,742, Newark,N.J.,Unemployed,2650
TG-100615,Applicant 615,88877.0,696,New York,NY,Part Time,2745
TG-100616,Applicant 616,88282.0,708,Jersey City,ny, full time ,5013
TG-100617,Applicant 617,106773.0,565,Queens,N.J.,Full Time,4104
TG-100618,Applicant 618,99430.0,536,New York,NJ,Self-Employed,3458
TG-100619,Applicant 619,91717.0,585, Newark,NY,Unemployed,5064
TG-100620,Applicant 620,61286.0,780,Brooklyn,NY,Unemployed,1269
TG-100621,Applicant 621,99144.0,642,New York,N.J.,Self-Employed,2524
TG-100622,Applicant 622,141461.0,750,New York,NJ,Part Time,4339
TG-100623,Applicant 623,125363.0,644,New York,NJ,Unemployed,3529
TG-100624,Applicant 624,132796.0,631, Newark,NY,Part Time,1567
TG-100625,Applicant 625,69664.0,791,Queens,NY, full time ,3083
TG-100626,Applicant 626,55312.0,600,New York,,Self-Employed,3288
TG-100627,Applicant 627,81226.0,765,Queens,N.J.,Part Time,1884
TG-100628,Applicant 628,86672.0,734,Queens,NJ, full time ,2973
TG-100629,Applicant 629,117826.0,754,Jersey City,ny,Full Time,4913
TG-100630,Applicant 630,34226.0,601,Brooklyn,N.J.,Unemployed,3764
TG-100631,Applicant 631,130887.0,813,New York,,Self-Employed,5141
TG-100632,Applicant 632,80260.0,595,New York,N.J.,Full Time,4401
TG-100633,Applicant 633,72194.0,534,New York,NY,Full Time,3120
TG-100634,Applicant 634,54637.0,739,Queens,N.J.,Full Time,1887
TG-100635,Applicant 635,35354.0,749,Hoboken,N.J.,Part Time,4293
TG-100636,Applicant 636,,784,Brooklyn,N.J.,Unemployed,3288
TG-100637,Applicant 637,87200.0,783, Newark,ny,Self-Employed,1352
TG-100638,Applicant 638,46301.0,629,New York,,Unemployed,5228
TG-100639,Applicant 639,46148.0,719,Hoboken,N.J.,Unemployed,2270
TG-100640,Applicant 640,74926.0,745,Hoboken,N.J.,Unemployed,4990
TG-100641,Applicant 641,135071.0,704,Hoboken,ny, full time ,5298
TG-100642,Applicant 642,77212.0,550,Brooklyn,NJ, full time ,2259
TG-100643,Applicant 643,39906.0,621,Hoboken,N.J., full time ,4058
TG-100644,Applicant 644,77628.0,778, Newark,N.J., full time ,5291
TG-100645,Applicant 645,76818.0,618,New York,NJ,Unemployed,5021
TG-100646,Applicant 646,4093.0,818, Newark,N.J.,Unemployed,2641
TG-100647,Applicant 647,83371.0,804,New York,N.J.,Self-Employed,3466
TG-100648,Applicant 648,78072.0,785,Jersey City,N.J.,Self-Employed,3448
TG-100649,Applicant 649,105886.0,659,Queens,,Self-Employed,1800
TG-100650,Applicant 650,140469.0,805,Hoboken,NY,Self-Employed,2035
TG-100651,Applicant 651,118797.0,735, Newark,,Self-Employed,1599
TG-100652,Applicant 652,76933.0,551,Queens,NJ, full time ,3528
TG-100653,Applicant 653,51804.0,607,Queens,,Unemployed,2207
TG-100654,Applicant 654,162201.0,582,Queens,,Self-Employed,1966
TG-100655,Applicant 655,86777.0,798,Queens,ny,Part Time,1632
TG-100656,Applicant 656,85418.0,593,Queens,NJ,Self-Employed,1599
TG-100657,Applicant 657,84276.0,643,New York,NJ,Self-Employed,1528
TG-100658,Applicant 658,90943.0,788,Brooklyn,NJ,Unemployed,2971
TG-100659,Applicant 659,80669.0,804,Hoboken,, full time ,2812
TG-100660,Applicant 660,67790.0,640,Hoboken,NJ,Full Time,5373
TG-100661,Applicant 661,68594.0,731,New York,ny,Unemployed,5445
TG-100662,Applicant 662,84017.0,667, Newark,N.J., full time ,3204
TG-100663,Applicant 663,68697.0,597,New York,,Part Time,4210
TG-100664,Applicant 664,63615.0,533,Queens,N.J.,Full Time,5445
TG-100665,Applicant 665,88193.0,655,Brooklyn,N.J., full time ,2808
TG-100666,Applicant 666,77351.0,799,Hoboken,, full time ,4318
TG-100667,Applicant 667,130120.0,598, Newark,,Unemployed,1561
TG-100668,Applicant 668,5471.0,762,Jersey City,NJ, full time ,2916
TG-100669,Applicant 669,117745.0,712,New York,ny,Self-Employed,3621
TG-100670,Applicant 670,122383.0,761,Jersey City,, full time ,5390
TG-100671,Applicant 671,22798.0,570,Hoboken,N.J.,Full Time,4661
TG-100672,Applicant 672,74719.0,751,New York,, full time ,5181
TG-100673,Applicant 673,73857.0,778,Hoboken,ny,Part Time,3329
TG-100674,Applicant 674,42775.0,737,New York,NY,Self-Employed,3660
TG-100675,Applicant 675,61665.0,725, Newark,N.J.,Full Time,3250
TG-100676,Applicant 676,51683.0,639,Hoboken,NY,Full Time,5308
TG-100677,Applicant 677,137568.0,599,Jersey City,NY,Unemployed,5459
TG-100678,Applicant 678,113070.0,561,Brooklyn,ny,Unemployed,2568
TG-100679,Applicant 679,123147.0,540, Newark,,Self-Employed,5461
TG-100680,Applicant 680,106650.0,529, Newark,NY,Full Time,4346
TG-100681,Applicant 681,51128.0,672,New York,NJ,Part Time,1860
TG-100682,Applicant 682,69264.0,813,Jersey City,, full time ,1715
TG-100683,Applicant 683,99681.0,605,Hoboken,N.J., full time ,1919
TG-100684,Applicant 684,48336.0,632,Jersey City,, full time ,1371
TG-100685,Applicant 685,106390.0,708, Newark,ny,Unemployed,2669
TG-100686,Applicant 686,77790.0,631,New York,ny,Full Time,2373
TG-100687,Applicant 687,73755.0,694,Jersey City,N.J.,Full Time,2374
TG-100688,Applicant 688,106329.0,523,Hoboken,N.J.,Part Time,4944
TG-100689,Applicant 689,98328.0,741,Queens,N.J.,Unemployed,5408
TG-100690,Applicant 690,74171.0,740, Newark,ny,Part Time,3141
TG-100691,Applicant 691,119780.0,690,Brooklyn,,Full Time,5231
TG-100692,Applicant 692,52568.0,732,Brooklyn,NY, full time ,2597
TG-100693,Applicant 693,103478.0,772, Newark,NY,Unemployed,5221
TG-100694,Applicant 694,102793.0,643,Queens,NJ,Unemployed,1897
TG-100695,Applicant 695,75714.0,647,New York,ny,Unemployed,2974
TG-100696,Applicant 696,94784.0,732,Jersey City,N.J., full time ,4411
TG-100697,Applicant 697,47467.0,631,Jersey City,,Unemployed,4673
TG-100698,Applicant 698,112721.0,604,Queens,ny,Self-Employed,5263
,Applicant 699,79453.0,999,Queens,NJ,Unemployed,3954
TG-100700,Applicant 700,69318.0,584,Hoboken,NY, full time ,4253
TG-100701,Applicant 701,116470.0,639,Hoboken,,Unemployed,3880
TG-100702,Applicant 702,63870.0,762,Brooklyn,NY,Self-Employed,4803
TG-100703,Applicant 703,,656,New York,,Self-Employed,4544
TG-100704,Applicant 704,38301.0,766,New York,N.J.,Unemployed,2629
TG-100705,Applicant 705,103180.0,564,Queens,,Full Time,3361
TG-100706,Applicant 706,46587.0,665,Brooklyn,N.J.,Full Time,1226
TG-100707,Applicant 707,137644.0,695,Brooklyn,ny,Part Time,4971
TG-100708,Applicant 708,22542.0,561,Hoboken,NY,Self-Employed,2641
TG-100709,Applicant 709,135894.0,816,Jersey City,,Full Time,3427
TG-100710,Applicant 710,91331.0,608,New York,,Part Time,1766
TG-100711,Applicant 711,82099.0,737,Brooklyn,NJ,Full Time,1446
TG-100712,Applicant 712,68652.0,747,Hoboken,NY,Unemployed,2723
TG-100713,Applicant 713,96974.0,817,Hoboken,ny,Self-Employed,3564
TG-100714,Applicant 714,83871.0,810,Hoboken,N.J.,Full Time,5165
TG-100715,Applicant 715,118099.0,586,Jersey City,ny,Unemployed,4892
TG-100716,Applicant 716,88427.0,770,Brooklyn,NJ,Part Time,2973
TG-100717,Applicant 717,89509.0,560,Queens,ny,Unemployed,4137
TG-100718,Applicant 718,74092.0,618,Queens,N.J.,Part Time,5090
TG-100719,Applicant 719,83292.0,598,Hoboken,NY,Full Time,2291
TG-100720,Applicant 720,94234.0,718,Hoboken,NJ, full time ,1946
TG-100721,Applicant 721,33695.0,666,Jersey City,,Unemployed,2774
TG-100722,Applicant 722,44554.0,625,Hoboken,, full time ,4801
TG-100723,Applicant 723,107298.0,712, Newark,NY,Self-Employed,3299
TG-100724,Applicant 724,90126.0,641,Brooklyn,ny, full time ,4716
TG-100725,Applicant 725,79480.0,596,Hoboken,,Self-Employed,5005
TG-100726,Applicant 726,85553.0,631,Hoboken,NJ,Full Time,4052
TG-100727,Applicant 727,95427.0,816,Brooklyn,N.J.,Full Time,1791
TG-100728,Applicant 728,68807.0,689,New York,ny,Unemployed,1892
TG-100729,Applicant 729,61651.0,525, Newark,N.J., full time ,2363
TG-100730,Applicant 730,90875.0,716, Newark,ny,Self-Employed,4992
TG-100731,Applicant 731,55649.0,617,Queens,NJ,Self-Employed,1608
TG-100732,Applicant 732,97248.0,749,Hoboken,N.J., full time ,3582
TG-100733,Applicant 733,33922.0,687,Brooklyn,NJ,Full Time,1604
TG-100734,Applicant 734,115875.0,816,Queens,N.J.,Full Time,2683
TG-100735,Applicant 735,99178.0,784,Jersey City,ny,Self-Employed,3322
TG-100736,Applicant 736,92681.0,527,New York,NJ,Unemployed,2064
TG-100737,Applicant 737,,691,Hoboken,ny,Full Time,2784
TG-100738,Applicant 738,134964.0,714,New York,ny,Part Time,1416
TG-100739,Applicant 739,115431.0,788,Hoboken,N.J.,Self-Employed,1942
TG-100740,Applicant 740,29774.0,538,Hoboken,N.J., full time ,5038
TG-100741,Applicant 741,46613.0,568,Hoboken,NJ, full time ,4474
TG-100742,Applicant 742,66255.0,677,New York,,Self-Employed,2063
TG-100743,Applicant 743,85783.0,585, Newark,NY,Self-Employed,5182
TG-100744,Applicant 744,100530.0,578,Jersey City,N.J.,Full Time,4055
TG-100745,Applicant 745,63228.0,678, Newark,ny,Self-Employed,5246
TG-100746,Applicant 746,90603.0,790,Brooklyn,NY,Self-Employed,4884
TG-100747,Applicant 747,62339.0,640,Brooklyn,NJ,Part Time,1649
TG-100748,Applicant 748,66654.0,773, Newark,NY, full time ,3350
TG-100749,Applicant 749 ,42800.0,780,Jersey City,NY,Full Time,2315
TG-100750,Applicant 750,57303.0,654,Jersey City,,Unemployed,4037
TG-100751,Applicant 751,44449.0,793,Hoboken,,Full Time,4628
TG-100752,Applicant 752,55724.0,575,Hoboken,NY, full time ,3393
TG-100753,Applicant 753,116609.0,615,Brooklyn,,Unemployed,4538
TG-100754,Applicant 754,56518.0,633,Hoboken,,Self-Employed,3366
TG-100755,Applicant 755,163971.0,547,Hoboken,NY,Part Time,2726
TG-100756,Applicant 756,99800.0,521,Jersey City,N.J.,Part Time,1463
TG-100757,Applicant 757,90545.0,731,New York,, full time ,2499
TG-100758,Applicant 758,59249.0,587, Newark,NY, full time ,4618
TG-100759,Applicant 759,106009.0,647,Queens,N.J.,Part Time,4236
TG-100760,Applicant 760,67731.0,543,Queens,,Unemployed,3912
,Applicant 761,88660.0,772,Hoboken,NY,Unemployed,1986
TG-100762,Applicant 762,161803.0,749,Hoboken,,Full Time,5169
TG-100763,Applicant 763,82118.0,695, Newark,N.J.,Self-Employed,3609
TG-100764,Applicant 764,119478.0,740,Queens,NY,Unemployed,4246
TG-100765,Applicant 765,63905.0,555,Jersey City,N.J.,Self-Employed,1435
TG-100766,Applicant 766,83950.0,521,Queens,ny, full time ,4534
TG-100767,Applicant 767,138124.0,793,Queens,NJ,Unemployed,2274
TG-100768,Applicant 768,66191.0,696,Queens,ny,Unemployed,4090
TG-100769,Applicant 769,139373.0,783,Hoboken,,Unemployed,1943
TG-100770,Applicant 770,106233.0,705,Hoboken,N.J.,Full Time,5143
TG-100771,Applicant 771,68126.0,534, Newark,NY, full time ,2205
TG-100772,Applicant 772,103972.0,798,Queens,N.J.,Part Time,1212
TG-100773,Applicant 773,114177.0,713,Hoboken,,Full Time,3050
TG-100774,Applicant 774,103654.0,717, Newark,NY,Full Time,4803
TG-100775,Applicant 775,37893.0,583,Queens,ny,Unemployed,3460
TG-100776,Applicant 776,63186.0,809,Jersey City,N.J.,Full Time,2183
TG-100777,Applicant 777,77574.0,537,Hoboken,NJ,Part Time,3159
TG-100778,Applicant 778,82767.0,583,New York,,Full Time,3428
TG-100779,Applicant 779,103620.0,770, Newark,,Full Time,2962
TG-100780,Applicant 780,90331.0,536,Hoboken,N.J.,Unemployed,2488
TG-100781,Applicant 781,44940.0,660,Jersey City,ny, full time ,2216
TG-100782,Applicant 782,96406.0,764,Jersey City,ny,Part Time,3353
TG-100783,Applicant 783,,809,Hoboken,NJ,Unemployed,1807
TG-100784,Applicant 784,101794.0,606,Brooklyn,NJ,Full Time,5244
TG-100785,Applicant 785,117423.0,718, Newark,N.J.,Part Time,5418
TG-100786,Applicant 786,110018.0,680,Queens,NY,Self-Employed,4036
TG-100787,Applicant 787,98775.0,659,Queens,ny,Full Time,5332
TG-100788,Applicant 788,,595,Jersey City,NY, full time ,1909
TG-100789,Applicant 789,35171.0,538,Hoboken,NY,Full Time,1966
TG-100790,Applicant 790,97889.0,569,Brooklyn,N.J., full time ,4798
TG-100791,Applicant 791,91231.0,751, Newark,NJ,Self-Employed,4164
TG-100792,Applicant 792,93147.0,814,New York,NY,Unemployed,1291
TG-100793,Applicant 793,46698.0,531,Queens,N.J.,Unemployed,1299
TG-100794,Applicant 794,52568.0,534, Newark,NJ,Unemployed,4224
TG-100795,Applicant 795,116595.0,547, Newark,NY,Part Time,1885
TG-100796,Applicant 796,83813.0,999,Brooklyn,NY, full time ,2950
TG-100797,Applicant 797,105445.0,769, Newark,NJ,Full Time,5148
TG-100798,Applicant 798,85850.0,617,Queens,NJ,Part Time,4869
TG-100799,Applicant 799,85893.0,558,Hoboken,,Part Time,1593
TG-100800,Applicant 800,113149.0,557,Queens,,Full Time,1793
TG-100801,Applicant 801,69519.0,819,New York,N.J.,Self-Employed,4081
TG-100802,Applicant 802,87884.0,698,Hoboken,N.J.,Unemployed,2085
TG-100803,Applicant 803,71132.0,616,Jersey City,ny,Self-Employed,4252
TG-100804,Applicant 804,71965.0,801,Brooklyn,,Self-Employed,1704
TG-100805,Applicant 805,75725.0,757,Queens,NJ,Unemployed,4950
TG-100806,Applicant 806,91664.0,683,Hoboken,,Self-Employed,2977
TG-100807,Applicant 807,70638.0,616, Newark,N.J.,Part Time,4697
TG-100808,Applicant 808,122673.0,776,Hoboken,N.J.,Full Time,1333
TG-100809,Applicant 809,58162.0,781,Queens,N.J.,Part Time,4125
,Applicant 810,79394.0,812,Jersey City,NJ,Part Time,1784
TG-100811,Applicant 811,71808.0,777,Queens,NY, full time ,2636
TG-100812,Applicant 812,128409.0,768,Jersey City,N.J.,Unemployed,1556
TG-100813,Applicant 813,90897.0,764, Newark,,Unemployed,4554
TG-100814,Applicant 814,115955.0,770,Queens,NY,Part Time,2950
TG-100815,Applicant 815,40433.0,642,Hoboken,,Unemployed,2900
TG-100816,Applicant 816,93012.0,688,New York,N.J., full time ,2909
TG-100817,Applicant 817,111689.0,694,New York,NJ,Full Time,4881
TG-100818,Applicant 818,87469.0,788, Newark,NY,Self-Employed,1736
TG-100819,Applicant 819,116964.0,723,Hoboken,NY,Unemployed,3668
TG-100820,Applicant 820,69481.0,585,New York,N.J.,Part Time,1350
TG-100821,Applicant 821,127280.0,578, Newark,N.J.,Unemployed,2955
TG-100822,Applicant 822,153967.0,738,Jersey City,N.J.,Part Time,3750
TG-100823,Applicant 823,74115.0,785,Hoboken,ny,Self-Employed,2087
TG-100824,Applicant 824 ,71635.0,660,Jersey City,NJ,Unemployed,4195
TG-100825,Applicant 825,128602.0,755,Hoboken,NJ,Self-Employed,3762
TG-100826,Applicant 826,132387.0,737,Jersey City,N.J.,Part Time,2808
TG-100827,Applicant 827,69314.0,534,Jersey City,ny, full time ,2441
TG-100828,Applicant 828,72394.0,657,New York,N.J., full time ,1407
TG-100829,Applicant 829,76546.0,751,Hoboken,N.J.,Full Time,5032
TG-100830,Applicant 830,44666.0,608,Queens,NJ,Part Time,4561
TG-100831,Applicant 831,57440.0,596,New York,ny,Part Time,4099
TG-100832,Applicant 832,54876.0,655,Jersey City,NJ,Part Time,4787
TG-100833,Applicant 833,61966.0,629,Jersey City,N.J., full time ,3955
TG-100834,Applicant 834,83959.0,610,Queens,, full time ,3925
TG-100835,Applicant 835,92026.0,709,Queens,NY, full time ,5234
TG-100836,Applicant 836,131515.0,592,Jersey City,N.J.,Unemployed,3479
TG-100837,Applicant 837,55049.0,692,Queens,ny,Unemployed,2188
TG-100838,Applicant 838,114530.0,554,Brooklyn,, full time ,4059
TG-100839,Applicant 839,78580.0,729,New York,ny,Self-Employed,2849
TG-100840,Applicant 840,83516.0,817,Hoboken,N.J.,Unemployed,3608
TG-100841,Applicant 841,105245.0,652,Queens,N.J.,Unemployed,3620
TG-100842,Applicant 842,51318.0,802,Queens,NY,Unemployed,2324
TG-100843,Applicant 843,96472.0,717,Brooklyn,ny,Unemployed,1728
TG-100844,Applicant 844,89994.0,551,Hoboken,,Full Time,2471
TG-100845,Applicant 845,99774.0,655,Brooklyn,NY,Unemployed,2619
TG-100846,Applicant 846,93675.0,767,Hoboken,ny,Self-Employed,5373
TG-100847,Applicant 847,158659.0,665,New York,N.J.,Full Time,2935
TG-100848,Applicant 848,65868.0,662,Queens,NY,Unemployed,5336
TG-100849,Applicant 849,69070.0,753,New York,N.J.,Part Time,2348
TG-100850,Applicant 850,66306.0,563,Hoboken,NJ,Full Time,2723
TG-100851,Applicant 851,68336.0,551,Queens,NJ,Unemployed,3961
TG-100852,Applicant 852,65878.0,750,Brooklyn,NY,Self-Employed,1910
TG-100853,Applicant 853,120670.0,547,Jersey City,NY, full time ,2160
TG-100854,Applicant 854,127615.0,679,Brooklyn,ny,Unemployed,4909
TG-100855,Applicant 855,67878.0,726,Jersey City,,Part Time,1204
TG-100856,Applicant 856,60029.0,537,Brooklyn,,Self-Employed,1317
TG-100857,Applicant 857,99142.0,622,Hoboken,NJ,Full Time,3991
TG-100858,Applicant 858,68433.0,589,New York,NJ,Self-Employed,2766
TG-100859,Applicant 859,103988.0,638,Jersey City,NJ,Unemployed,4572
TG-100860,Applicant 860,91088.0,658,Hoboken,N.J.,Part Time,4529
TG-100861,Applicant 861,39528.0,679,New York,,Self-Employed,3908
TG-100862,Applicant 862,131425.0,751,New York,NY,Self-Employed,2385
TG-100863,Applicant 863,138876.0,667,Queens,NJ, full time ,4546
TG-100864,Applicant 864,66616.0,762,Queens,ny, full time ,2347
TG-100865,Applicant 865,73369.0,554,Queens,NY,Unemployed,4266
TG-100866,Applicant 866,93576.0,758,Jersey City,NY,Full Time,1815
TG-100867,Applicant 867,95034.0,668,Jersey City,NY,Full Time,4320
TG-100868,Applicant 868,104756.0,630,New York,,Part Time,2226
TG-100869,Applicant 869,145306.0,536,Jersey City,NJ,Unemployed,4270
TG-100870,Applicant 870,79692.0,745,New York,ny,Full Time,1961
TG-100871,Applicant 871,61051.0,659,Hoboken,N.J.,Self-Employed,3830
TG-100872,Applicant 872,43620.0,663,Brooklyn,ny,Unemployed,3205
TG-100873,Applicant 873,63072.0,779,New York,ny,Self-Employed,1633
TG-100874,Applicant 874,84006.0,736,New York,ny,Part Time,4116
TG-100875,Applicant 875,138837.0,681,Hoboken,N.J.,Unemployed,5162
TG-100876,Applicant 876,69472.0,611,Queens,ny,Part Time,3737
TG-100877,Applicant 877,91714.0,693, Newark,ny, full time ,2422
TG-100878,Applicant 878,84507.0,724,Queens,NJ,Part Time,3464
TG-100879,Applicant 879,120652.0,672,Queens,NJ, full time ,2733
TG-100880,Applicant 880,160808.0,622,New York,NJ,Unemployed,1991
TG-100881,Applicant 881,69074.0,721,New York,NY,Self-Employed,4356
TG-100882,Applicant 882,70317.0,799,Jersey City,ny,Self-Employed,2252
TG-100883,Applicant 883,116325.0,584,Jersey City,,Self-Employed,3284
TG-100884,Applicant 884,105457.0,636,Brooklyn,,Part Time,3754
TG-100885,Applicant 885,140401.0,672,Brooklyn,,Unemployed,4803
TG-100886,Applicant 886,102518.0,675, Newark,N.J.,Unemployed,2881
TG-100887,Applicant 887,74221.0,683,Jersey City,NJ, full time ,3507
TG-100888,Applicant 888,102720.0,601,New York,NJ,Unemployed,4922
TG-100889,Applicant 889,118261.0,525,Hoboken,NJ,Self-Employed,4526
TG-100890,Applicant 890,109614.0,586,Jersey City,N.J.,Unemployed,3236
TG-100891,Applicant 891,100218.0,757,New York,ny, full time ,4357
TG-100892,Applicant 892,,591,Jersey City,NY,Unemployed,4925
TG-100893,Applicant 893,120079.0,614,Queens,NJ,Unemployed,3881
TG-100894,Applicant 894,126465.0,597,Jersey City,ny,Self-Employed,3164
TG-100895,Applicant 895,104461.0,586, Newark,,Unemployed,3659
TG-100896,Applicant 896,79986.0,695,Queens,NY,Part Time,1621
TG-100897,Applicant 897,89401.0,691,New York,, full time ,2158
TG-100898,Applicant 898,121195.0,774,Queens,ny, full time ,3246
TG-100899,Applicant 899,60492.0,582,Jersey City,ny, full time ,1794
TG-100900,Applicant 900,96060.0,765,Queens,,Unemployed,3417
TG-100901,Applicant 901,73200.0,711, Newark,NY,Part Time,2548
TG-100902,Applicant 902,85862.0,590,Hoboken,, full time ,4029
TG-100903,Applicant 903,123354.0,748,Queens,,Full Time,1427
TG-100904,Applicant 904,90733.0,582, Newark,,Self-Employed,1204
TG-100905,Applicant 905,86393.0,816,Queens,NY,Full Time,1351
TG-100906,Applicant 906,44204.0,764,Brooklyn,N.J.,Full Time,3468
TG-100907,Applicant 907,107388.0,526,Hoboken,NY, full time ,5452
TG-100908,Applicant 908,104365.0,779,New York,,Full Time,4529
TG-100909,Applicant 909,149898.0,608, Newark,NJ,Full Time,4277
TG-100910,Applicant 910,75767.0,696,Queens,NJ,Part Time,3525
TG-100911,Applicant 911,91575.0,723,Hoboken,ny,Self-Employed,5171
TG-100912,Applicant 912,92482.0,653,New York,N.J.,Unemployed,2204
TG-100913,Applicant 913,132324.0,601,Hoboken,ny, full time ,4860
TG-100914,Applicant 914,82141.0,540, Newark,ny, full time ,4718
TG-100915,Applicant 915,93371.0,647,Brooklyn,NJ,Full Time,2194
TG-100916,Applicant 916,103237.0,714, Newark,NY,Unemployed,2936
TG-100917,Applicant 917,90598.0,713, Newark,ny,Unemployed,2822
TG-100918,Applicant 918,71607.0,703,New York,ny,Unemployed,3827
TG-100919,Applicant 919,90823.0,766,New York,N.J., full time ,3153
TG-100920,Applicant 920,117209.0,679,Queens,NJ, full time ,4692
TG-100921,Applicant 921,54205.0,713,Jersey City,NY,Part Time,3125
TG-100922,Applicant 922,88989.0,629, Newark,N.J., full time ,1372
TG-100923,Applicant 923,63996.0,585,New York,NY, full time ,2392
TG-100924,Applicant 924,120851.0,773, Newark,NY,Part Time,2326
TG-100925,Applicant 925,39304.0,802, Newark,ny, full time ,1427
TG-100926,Applicant 926,68232.0,579,New York,N.J.,Full Time,4843
TG-100927,Applicant 927,96316.0,999,Brooklyn,ny,Full Time,3186
TG-100928,Applicant 928,131966.0,563,Brooklyn,,Part Time,4928
TG-100929,Applicant 929,83027.0,729, Newark,NY,Part Time,2434
TG-100930,Applicant 930,68344.0,555,Brooklyn,N.J.,Full Time,4966
TG-100931,Applicant 931,141435.0,538, Newark,NJ,Unemployed,4915
TG-100932,Applicant 932,41560.0,610,Queens,ny, full time ,3321
TG-100933,Applicant 933,19036.0,731,New York,,Self-Employed,1542
TG-100934,Applicant 934,98200.0,741, Newark,,Self-Employed,4131
TG-100935,Applicant 935,69938.0,736,Brooklyn,,Part Time,2558
TG-100936,Applicant 936,54363.0,742,Brooklyn,ny,Self-Employed,3621
TG-100937,Applicant 937,106251.0,617,Hoboken,NJ,Unemployed,4374
TG-100938,Applicant 938,92314.0,538,Hoboken,N.J.,Self-Employed,1937
TG-100939,Applicant 939,68078.0,816,Brooklyn,NY,Full Time,2226
TG-100940,Applicant 940,46591.0,545,Queens,NJ,Part Time,2303
TG-100941,Applicant 941,111174.0,547,Jersey City,ny,Self-Employed,3883
TG-100942,Applicant 942,104506.0,583, Newark,N.J., full time ,1595
TG-100943,Applicant 943,82025.0,742,Hoboken,NY,Part Time,4139
TG-100944,Applicant 944,140399.0,599, Newark,N.J.,Unemployed,4531
TG-100945,Applicant 945,52897.0,570,Hoboken,NY,Full Time,2734
TG-100946,Applicant 946,39234.0,621,New York,NY,Self-Employed,1244
TG-100947,Applicant 947,64243.0,695,New York,,Full Time,3179
TG-100948,Applicant 948,83632.0,529,Brooklyn,ny,Unemployed,3064
TG-100949,Applicant 949,92300.0,756,New York,NJ,Self-Employed,3007
TG-100950,Applicant 950,77763.0,619,New York,,Part Time,3474
TG-100951,Applicant 951,95562.0,747,Jersey City,,Part Time,3360
TG-100952,Applicant 952,47454.0,583,Queens,N.J., full time ,4301
TG-100953,Applicant 953,128313.0,538,Brooklyn,NY,Unemployed,3523
TG-100954,Applicant 954,82535.0,660,Jersey City,NY,Self-Employed,4633
TG-100955,Applicant 955,118519.0,544,Brooklyn,N.J.,Full Time,4707
TG-100956,Applicant 956,95282.0,747,Queens,ny,Full Time,2003
TG-100957,Applicant 957,98703.0,608,Brooklyn,NY,Self-Employed,3269
TG-100958,Applicant 958,102093.0,611, Newark,,Unemployed,1690
TG-100959,Applicant 959,98431.0,561, Newark,,Unemployed,2679
TG-100960,Applicant 960,104282.0,814, Newark,NY,Full Time,4135
TG-100961,Applicant 961,124875.0,600,New York,NY,Self-Employed,2903
TG-100962,Applicant 962,90896.0,626,Queens,ny,Self-Employed,4865
TG-100963,Applicant 963,106270.0,630,Jersey City,NY,Full Time,3212
TG-100964,Applicant 964,82308.0,796,Jersey City,ny,Self-Employed,4430
TG-100965,Applicant 965,,733,Hoboken,,Self-Employed,1342
TG-100966,Applicant 966,64708.0,750,Jersey City,ny,Part Time,3049
TG-100967,Applicant 967,139028.0,640, Newark,NY,Part Time,5220
TG-100968,Applicant 968,83795.0,653, Newark,NJ, full time ,1244
TG-100969,Applicant 969,42077.0,727,Hoboken,NY, full time ,1650
TG-100970,Applicant 970,88843.0,776,New York,NJ,Unemployed,2459
TG-100971,Applicant 971,64568.0,704,Jersey City,,Part Time,2203
TG-100972,Applicant 972,110219.0,805,Queens,N.J.,Part Time,4551
TG-100973,Applicant 973,65421.0,699,Hoboken,,Part Time,3196
TG-100974,Applicant 974,71614.0,567,Jersey City,,Part Time,4874
TG-100975,Applicant 975,28314.0,606,New York,,Unemployed,4688
TG-100976,Applicant 976,71431.0,538,Queens,ny,Full Time,4853
TG-100977,Applicant 977,12284.0,565,Queens,,Unemployed,4232
TG-100978,Applicant 978,37483.0,575,New York,N.J.,Full Time,2694
TG-100979,Applicant 979,107812.0,748,Jersey City,NY, full time ,2272
TG-100980,Applicant 980,108574.0,664,Brooklyn,NJ,Part Time,5312
TG-100981,Applicant 981,97764.0,611,Jersey City,,Full Time,5444
TG-100982,Applicant 982,55991.0,601,Hoboken,NJ,Unemployed,2778
TG-100983,Applicant 983,83569.0,744,Hoboken,,Full Time,2435
TG-100984,Applicant 984,84892.0,598,Jersey City,ny,Self-Employed,2939
TG-100985,Applicant 985,50249.0,669, Newark,NJ, full time ,2215
TG-100986,Applicant 986,130102.0,802,Hoboken,, full time ,4165
TG-100987,Applicant 987,111321.0,679,Brooklyn,,Part Time,2759
TG-100988,Applicant 988,78371.0,675, Newark,N.J.,Part Time,2768
TG-100989,Applicant 989,85807.0,675,Brooklyn,N.J.,Unemployed,3186
TG-100990,Applicant 990,91251.0,721,Queens,N.J.,Full Time,2710
TG-100991,Applicant 991,23748.0,636,Hoboken,ny,Self-Employed,5056
TG-100992,Applicant 992,77585.0,673, Newark,NJ, full time ,2911
TG-100993,Applicant 993,64540.0,638,Jersey City,ny,Full Time,5339
TG-100994,Applicant 994,54951.0,718, Newark,NY,Self-Employed,4727
TG-100995,Applicant 995,76567.0,782,Queens,,Full Time,5068
TG-100996,Applicant 996,138931.0,703,Brooklyn,,Part Time,4869
TG-100997,Applicant 997,104225.0,667,Queens,, full time ,4844
TG-100998,Applicant 998,67865.0,685,New York,N.J.,Self-Employed,3360
TG-100999,Applicant 999,102177.0,594,Hoboken,,Part Time,2701
TG-101000,Applicant 1000,126981.0,755,Jersey City,N.J.,Unemployed,2014
TG-101001,Applicant 1001,112739.0,791,Brooklyn,NY,Unemployed,5265
TG-101002,Applicant 1002,86789.0,698,Queens,ny,Part Time,4525
TG-101003,Applicant 1003,65592.0,999,Jersey City,ny,Self-Employed,2523
TG-101004,Applicant 1004,105947.0,570,Hoboken,ny,Self-Employed,1204
TG-101005,Applicant 1005,96805.0,594,Jersey City,N.J., full time ,4717
TG-101006,Applicant 1006,111856.0,663,Hoboken,NJ,Part Time,2458
TG-101007,Applicant 1007,104055.0,707,Hoboken,NJ,Unemployed,3234
TG-101008,Applicant 1008,116487.0,642,Hoboken,NY,Part Time,1399
TG-101009,Applicant 1009 ,68943.0,770,Queens,NJ,Full Time,2905
TG-101010,Applicant 1010,,815,Hoboken,NY,Self-Employed,5141
TG-101011,Applicant 1011,90928.0,649,Jersey City,,Full Time,5131
TG-101012,Applicant 1012,147258.0,771,New York,ny,Unemployed,3268
TG-101013,Applicant 1013,64324.0,699,Jersey City,N.J.,Self-Employed,4958
TG-101014,Applicant 1014,137079.0,629,Queens,NY,Unemployed,4345
TG-101015,Applicant 1015,90937.0,597,Hoboken,N.J.,Unemployed,4043
TG-101016,Applicant 1016,65457.0,521,New York,N.J.,Unemployed,3396
TG-101017,Applicant 1017,70483.0,795,Queens,ny, full time ,1824
TG-101018,Applicant 1018,75390.0,809,Brooklyn,,Unemployed,3333
TG-101019,Applicant 1019,97725.0,816,Brooklyn,,Unemployed,3778
TG-101020,Applicant 1020,100685.0,688,Brooklyn,NJ,Full Time,1891
TG-101021,Applicant 1021,67789.0,759,New York,,Full Time,3797
TG-101022,Applicant 1022,84269.0,542,Jersey City,ny,Full Time,2013
TG-101023,Applicant 1023,149268.0,813,New York,N.J.,Self-Employed,2827
TG-101024,Applicant 1024,136826.0,691,New York,NY, full time ,4792
TG-101025,Applicant 1025,98090.0,805,New York,NY,Self-Employed,3780
TG-101026,Applicant 1026,86140.0,712,Brooklyn,, full time ,5132
TG-101027,Applicant 1027,88601.0,688, Newark,NJ, full time ,1495
TG-101028,Applicant 1028,103406.0,637,Jersey City,NY,Part Time,4451
TG-101029,Applicant 1029,54316.0,525, Newark,NJ,Part Time,2354
TG-101030,Applicant 1030,77279.0,651, Newark,NY,Part Time,5180
TG-101031,Applicant 1031,34942.0,612,New York,NJ, full time ,1732
TG-101032,Applicant 1032,,770,Jersey City,NJ, full time ,2087
TG-101033,Applicant 1033,104416.0,529, Newark,N.J.,Self-Employed,4472
TG-101034,Applicant 1034 ,70504.0,570,Hoboken,ny, full time ,4125
TG-101035,Applicant 1035,132220.0,813,New York,NY,Unemployed,3632
TG-101036,Applicant 1036,48227.0,648,New York,,Unemployed,4797
TG-101037,Applicant 1037,41069.0,768,New York,ny, full time ,3620
TG-101038,Applicant 1038,91734.0,621,Hoboken,N.J.,Unemployed,4435
TG-101039,Applicant 1039,116413.0,602,Hoboken,N.J., full time ,2034
TG-101040,Applicant 1040,135518.0,710,Brooklyn,N.J.,Part Time,2577
TG-101041,Applicant 1041,71233.0,662,Queens,, full time ,4680
TG-101042,Applicant 1042,117360.0,756,Jersey City,NY,Part Time,1411
TG-101043,Applicant 1043,83845.0,806,Queens,NY,Full Time,2126
TG-101044,Applicant 1044,79821.0,796,New York,NJ,Unemployed,3872
TG-101045,Applicant 1045,111510.0,810, Newark,NJ,Full Time,5232
TG-101046,Applicant 1046,104570.0,688,New York,NJ,Unemployed,1544
TG-101047,Applicant 1047,37708.0,663, Newark,,Full Time,4282
TG-101048,Applicant 1048,129296.0,703,Brooklyn,ny, full time ,2901
TG-101049,Applicant 1049,126403.0,564,Queens,NY,Full Time,5046
TG-101050,Applicant 1050,66233.0,762,New York,NJ,Unemployed,5216
TG-101051,Applicant 1051,96874.0,787,Queens,,Self-Employed,1495
TG-101052,Applicant 1052,99821.0,772,Brooklyn,,Unemployed,3948
TG-101053,Applicant 1053,92820.0,808,Queens,NJ,Self-Employed,2696
TG-101054,Applicant 1054,68491.0,731, Newark,N.J., full time ,4279
TG-101055,Applicant 1055,64851.0,696,Jersey City,N.J.,Unemployed,2767
TG-101056,Applicant 1056,84233.0,540,Brooklyn,N.J.,Full Time,3175
TG-101057,Applicant 1057,120182.0,571,Queens,NJ, full time ,5332
TG-101058,Applicant 1058,101308.0,752,New York,,Unemployed,5478
TG-101059,Applicant 1059,73882.0,642,Hoboken,, full time ,5365
TG-101060,Applicant 1060,108151.0,619,Hoboken,NY,Self-Employed,1436
TG-101061,Applicant 1061,-456.0,733,Brooklyn,N.J., full time ,1663
TG-101062,Applicant 1062,119463.0,654,Hoboken,NJ,Full Time,5486
TG-101063,Applicant 1063,32809.0,737,Jersey City,NY,Unemployed,2129
TG-101064,Applicant 1064,74127.0,607,Brooklyn,,Self-Employed,3086
TG-101065,Applicant 1065,51410.0,799,New York,NY, full time ,5111
TG-101066,Applicant 1066,46160.0,559,New York,N.J.,Part Time,1917
TG-101067,Applicant 1067,119825.0,759,Brooklyn,ny,Self-Employed,1857
TG-101068,Applicant 1068,70969.0,655,Hoboken,N.J.,Self-Employed,2412
TG-101069,Applicant 1069,95395.0,701,Hoboken,N.J.,Full Time,5021
TG-101070,Applicant 1070,83592.0,784,New York,NJ,Full Time,5252
TG-101071,Applicant 1071,99311.0,778,Jersey City,ny, full time ,3470
TG-101072,Applicant 1072,87305.0,701, Newark,ny,Part Time,1957
TG-101073,Applicant 1073,46510.0,540,Hoboken,ny,Self-Employed,4678
TG-101074,Applicant 1074,114888.0,715,Jersey City,, full time ,2430
TG-101075,Applicant 1075,70187.0,731,Hoboken,NY,Part Time,4173
TG-101076,Applicant 1076,38303.0,535, Newark,, full time ,3647
TG-101077,Applicant 1077,72157.0,721,Brooklyn,ny,Self-Employed,4458
TG-101078,Applicant 1078,130023.0,737,Queens,NJ, full time ,3212
TG-101079,Applicant 1079,110507.0,612,New York,N.J.,Full Time,4875
TG-101080,Applicant 1080,74540.0,652,Brooklyn,N.J.,Full Time,1282
TG-101081,Applicant 1081,74522.0,658,Hoboken,,Unemployed,4962
TG-101082,Applicant 1082,75351.0,676, Newark,,Part Time,2600
TG-101083,Applicant 1083,147302.0,589,New York,NJ,Self-Employed,1858
TG-101084,Applicant 1084,96458.0,534,Queens,N.J.,Part Time,4072
,Applicant 1085,97901.0,754,Queens,,Full Time,2537
TG-101086,Applicant 1086,115909.0,731, Newark,NY,Self-Employed,4424
TG-101087,Applicant 1087,92164.0,809, Newark,,Unemployed,1893
TG-101088,Applicant 1088,77229.0,579,Hoboken,,Full Time,2344
TG-101089,Applicant 1089,79110.0,999,New York,ny,Full Time,4456
TG-101090,Applicant 1090,82852.0,521,Hoboken,NY,Part Time,4727
TG-101091,Applicant 1091,83883.0,755,Queens,NY, full time ,3052
TG-101092,Applicant 1092,106829.0,538,Brooklyn,NJ,Part Time,3879
TG-101093,Applicant 1093,86558.0,568,Brooklyn,ny,Full Time,2063
TG-101094,Applicant 1094,106979.0,597,Jersey City,NY,Part Time,2449
TG-101095,Applicant 1095,82579.0,547,Queens,ny, full time ,2418
TG-101096,Applicant 1096,87359.0,567,Queens,ny,Unemployed,2249
TG-101097,Applicant 1097,25054.0,615,Hoboken,N.J.,Self-Employed,4102
TG-101098,Applicant 1098,112490.0,684,Jersey City,NY,Full Time,2694
TG-101099,Applicant 1099,95395.0,695, Newark,N.J.,Part Time,3536
TG-101100,Applicant 1100,114940.0,592,Jersey City,,Full Time,1567
TG-101101,Applicant 1101,-1888.0,548,New York,,Self-Employed,1611
TG-101102,Applicant 1102,,676,Hoboken,N.J.,Part Time,4293
TG-101103,Applicant 1103,80812.0,798, Newark,,Unemployed,1553
TG-101104,Applicant 1104,118245.0,802, Newark,N.J.,Self-Employed,2765
TG-101105,Applicant 1105,53803.0,526,Brooklyn,NJ, full time ,2538
TG-101106,Applicant 1106,103383.0,701,New York,ny, full time ,1528
TG-101107,Applicant 1107,53398.0,999,Jersey City,NJ,Full Time,2693
TG-101108,Applicant 1108,66287.0,725,Brooklyn,NY, full time ,4029
TG-101109,Applicant 1109,142421.0,753,Queens,NJ,Part Time,2686
TG-101110,Applicant 1110,79280.0,706,Hoboken,NJ, full time ,4935
TG-101111,Applicant 1111,91523.0,527,Jersey City,,Unemployed,1937
TG-101112,Applicant 1112,111102.0,572,Queens,N.J.,Part Time,5088
TG-101113,Applicant 1113,99870.0,718, Newark,NY,Full Time,2994
TG-101114,Applicant 1114,89513.0,656,Jersey City,,Full Time,2502
TG-101115,Applicant 1115,95949.0,778,Brooklyn,NY, full time ,3868
TG-101116,Applicant 1116,157102.0,691,New York,ny, full time ,5438
TG-101117,Applicant 1117,83271.0,605,Brooklyn,N.J.,Full Time,5082
TG-101118,Applicant 1118,91033.0,565,Hoboken,,Part Time,5366
TG-101119,Applicant 1119,116520.0,705,Hoboken,NJ,Self-Employed,1837
TG-101120,Applicant 1120,118166.0,675,Jersey City,ny,Full Time,3841
TG-101121,Applicant 1121,120611.0,528,Brooklyn,NJ,Unemployed,1240
TG-101122,Applicant 1122,104162.0,634,New York,NY,Part Time,5185
TG-101123,Applicant 1123,50710.0,673, Newark,ny,Self-Employed,4146
TG-101124,Applicant 1124,134003.0,649,Hoboken,,Self-Employed,1970
TG-101125,Applicant 1125,50610.0,600,New York,NJ,Part Time,4216
TG-101126,Applicant 1126,94079.0,809,Queens,NJ,Full Time,4910
TG-101127,Applicant 1127,62372.0,666,Jersey City,NY,Self-Employed,1257
TG-101128,Applicant 1128,83076.0,814,New York,NY,Unemployed,5463
TG-101129,Applicant 1129,94863.0,788,Jersey City,N.J.,Part Time,2853
TG-101130,Applicant 1130,94641.0,652,Queens,N.J., full time ,4437
TG-101131,Applicant 1131,97658.0,569,New York,NY,Full Time,1281
,Applicant 1132,133411.0,542,New York,N.J.,Part Time,5429
TG-101133,Applicant 1133,98606.0,607, Newark,NJ,Unemployed,2708
TG-101134,Applicant 1134,77675.0,631,Queens,NY,Self-Employed,1461
TG-101135,Applicant 1135,113923.0,630,Brooklyn,ny,Full Time,4906
TG-101136,Applicant 1136,120684.0,591,New York,NY,Full Time,5314
TG-101137,Applicant 1137,48172.0,673, Newark,,Part Time,3517
TG-101138,Applicant 1138,102922.0,576,New York,,Part Time,5002
TG-101139,Applicant 1139,106035.0,776, Newark,NY,Unemployed,4111
,Applicant 1140,76073.0,675,Hoboken,ny, full time ,1868
TG-101141,Applicant 1141,126271.0,632,Brooklyn,NY,Part Time,2470
TG-101142,Applicant 1142,80498.0,566,New York,ny,Part Time,2934
TG-101143,Applicant 1143,88767.0,757,Queens,NJ,Part Time,5014
TG-101144,Applicant 1144,79808.0,625,Jersey City,NJ,Unemployed,5219
TG-101145,Applicant 1145 ,85467.0,706,Queens,ny,Self-Employed,5057
TG-101146,Applicant 1146,52112.0,678,Brooklyn,N.J., full time ,3099
TG-101147,Applicant 1147,41798.0,717,Hoboken,NJ,Unemployed,3431
TG-101148,Applicant 1148,132835.0,696,Hoboken,,Part Time,1640
TG-101149,Applicant 1149,59591.0,780,Hoboken,NY,Self-Employed,1780
TG-101150,Applicant 1150,55258.0,806, Newark,N.J.,Part Time,4521
TG-101151,Applicant 1151,20398.0,812,Queens,,Unemployed,1575
TG-101152,Applicant 1152,65831.0,662,Jersey City,NY,Full Time,5001
TG-101153,Applicant 1153,45307.0,716,Jersey City,,Part Time,3007
TG-101154,Applicant 1154,134260.0,744, Newark,N.J.,Self-Employed,1928
TG-101155,Applicant 1155,115295.0,562,New York,ny, full time ,3637
TG-101156,Applicant 1156,64355.0,670, Newark,NY,Full Time,5475
TG-101157,Applicant 1157,152573.0,815,Jersey City,,Part Time,3623
TG-101158,Applicant 1158,114453.0,582,Jersey City,,Part Time,4091
TG-101159,Applicant 1159,75255.0,649,New York,N.J.,Self-Employed,3576
TG-101160,Applicant 1160,10018.0,774,Queens,N.J.,Full Time,3168
TG-101161,Applicant 1161,153728.0,733,Queens,N.J.,Full Time,3447
TG-101162,Applicant 1162,43313.0,592,Brooklyn,ny,Full Time,3943
TG-101163,Applicant 1163,35638.0,623,Queens,NJ,Part Time,4056
TG-101164,Applicant 1164,115677.0,677,Hoboken,,Full Time,2959
TG-101165,Applicant 1165,158193.0,791,Hoboken,ny,Part Time,3112
TG-101166,Applicant 1166,126528.0,757,Brooklyn,,Part Time,4872
TG-101167,Applicant 1167,101917.0,677,Jersey City,ny,Full Time,5008
TG-101168,Applicant 1168,102843.0,628,Brooklyn,NY,Unemployed,3182
TG-101169,Applicant 1169,110602.0,528,New York,NJ, full time ,3877
TG-101170,Applicant 1170,107768.0,578,Brooklyn,, full time ,2894
TG-101171,Applicant 1171,93436.0,711,Brooklyn,N.J.,Unemployed,2937
TG-101172,Applicant 1172,88126.0,655, Newark,NJ,Full Time,1245
TG-101173,Applicant 1173,83122.0,770,Hoboken,,Part Time,3141
TG-101174,Applicant 1174,62381.0,665,New York,NY,Self-Employed,1355
TG-101175,Applicant 1175,76580.0,577, Newark,,Unemployed,4665
,Applicant 1176,34211.0,696,New York,, full time ,2161
TG-101177,Applicant 1177,82050.0,807,Brooklyn,, full time ,2144
TG-101178,Applicant 1178,55342.0,764, Newark,NJ,Part Time,2478
TG-101179,Applicant 1179,51892.0,567, Newark,, full time ,2585
TG-101180,Applicant 1180,90397.0,619,New York,N.J., full time ,5254
TG-101181,Applicant 1181,126760.0,732,New York,ny,Part Time,5119
TG-101182,Applicant 1182,112549.0,684,Queens,N.J.,Full Time,2936
TG-101183,Applicant 1183,37885.0,645,New York,NY, full time ,4066
TG-101184,Applicant 1184,55311.0,999, Newark,NJ,Full Time,3624
TG-101185,Applicant 1185,113223.0,607,Jersey City,ny,Self-Employed,5448
TG-101186,Applicant 1186,55525.0,736,New York,NJ,Full Time,5038
TG-101187,Applicant 1187,78261.0,580,Hoboken,NJ,Part Time,4019
TG-101188,Applicant 1188,101502.0,698,Queens,,Part Time,4423
TG-101189,Applicant 1189,55950.0,709,Hoboken,N.J.,Part Time,3850
TG-101190,Applicant 1190,88161.0,682,Hoboken,ny, full time ,1439
TG-101191,Applicant 1191,44979.0,600,Jersey City,,Unemployed,4454
TG-101192,Applicant 1192,66959.0,689,Queens,ny, full time ,1699
TG-101193,Applicant 1193,94593.0,715,Brooklyn,N.J.,Full Time,5069
TG-101194,Applicant 1194,37210.0,722, Newark,,Self-Employed,3430
TG-101195,Applicant 1195,98214.0,566, Newark,ny,Self-Employed,4828
TG-101196,Applicant 1196,84411.0,677,New York,,Self-Employed,2629
TG-101197,Applicant 1197,101575.0,713, Newark,NJ,Self-Employed,1726
TG-101198,Applicant 1198,91717.0,798,Jersey City,NY,Unemployed,3008
TG-101199,Applicant 1199,125924.0,788, Newark,ny,Self-Employed,2410
TG-101200,Applicant 1200,88757.0,718,Jersey City,N.J., full time ,5147
TG-101201,Applicant 1201,72118.0,743,Brooklyn,ny,Self-Employed,2248
TG-101202,Applicant 1202,88669.0,782,Jersey City,NY,Part Time,2354
TG-101203,Applicant 1203,101299.0,685,Brooklyn,ny,Full Time,1875
TG-101204,Applicant 1204,86466.0,699,Brooklyn,ny, full time ,4238
TG-101205,Applicant 1205,,711,Brooklyn,ny,Unemployed,4478
TG-101206,Applicant 1206,63940.0,735,Jersey City,N.J., full time ,3485
TG-101207,Applicant 1207,65113.0,803,Brooklyn,NY,Part Time,3439
TG-101208,Applicant 1208,42922.0,626,Jersey City,NY,Self-Employed,2251
TG-101209,Applicant 1209,137487.0,617,Queens,N.J.,Self-Employed,4378
TG-101210,Applicant 1210,47684.0,749,Brooklyn,ny,Unemployed,4494
TG-101211,Applicant 1211,64213.0,776,Jersey City,ny,Full Time,1628
TG-101212,Applicant 1212,63448.0,562,Jersey City,NY,Self-Employed,3331
TG-101213,Applicant 1213,111848.0,761,Jersey City,ny,Unemployed,1697
TG-101214,Applicant 1214,76152.0,561,New York,NJ,Self-Employed,3484
TG-101215,Applicant 1215,122432.0,614,New York,ny, full time ,5066
TG-101216,Applicant 1216,64795.0,773,Brooklyn,ny,Unemployed,2050
TG-101217,Applicant 1217,93370.0,707, Newark,,Unemployed,3859
TG-101218,Applicant 1218,59940.0,686,Queens,NY,Unemployed,4091
TG-101219,Applicant 1219,149354.0,790, Newark,NY,Self-Employed,2258
TG-101220,Applicant 1220,49372.0,644,Brooklyn,NJ,Unemployed,3344
TG-101221,Applicant 1221,94295.0,680,Hoboken,NJ, full time ,4504
TG-101222,Applicant 1222,104013.0,606,Hoboken,NJ,Full Time,3772
TG-101223,Applicant 1223,97414.0,745,Queens,NY,Full Time,2981
TG-101224,Applicant 1224,79441.0,664,Queens,,Part Time,1688
TG-101225,Applicant 1225,81105.0,767,Queens,, full time ,1603
TG-101226,Applicant 1226,86314.0,525,New York,N.J., full time ,1602
TG-101227,Applicant 1227,80590.0,550,New York,NY,Unemployed,4857
TG-101228,Applicant 1228,113916.0,716,Hoboken,N.J.,Part Time,3001
TG-101229,Applicant 1229,151316.0,751,Queens,ny, full time ,1383
TG-101230,Applicant 1230,68275.0,815,Jersey City,NJ, full time ,4839
TG-101231,Applicant 1231,43906.0,654, Newark,N.J., full time ,2716
TG-101232,Applicant 1232,82352.0,532,Hoboken,N.J.,Self-Employed,5356
TG-101233,Applicant 1233,162391.0,523,Queens,NY, full time ,2908
TG-101234,Applicant 1234,60890.0,697,Jersey City,NJ,Self-Employed,4893
TG-101235,Applicant 1235,134174.0,753,Queens,NJ, full time ,3147
TG-101236,Applicant 1236,135331.0,778,Brooklyn,,Full Time,5441
TG-101237,Applicant 1237,68392.0,659,Jersey City,N.J.,Self-Employed,2749
TG-101238,Applicant 1238,102069.0,584, Newark,,Self-Employed,5478
TG-101239,Applicant 1239,133852.0,802,Brooklyn,N.J.,Unemployed,5148
TG-101240,Applicant 1240,73626.0,724,New York,NY, full time ,3991
TG-101241,Applicant 1241,78893.0,536,Hoboken,NY,Part Time,2195
TG-101242,Applicant 1242,67550.0,719,Queens,ny,Part Time,4056
TG-101243,Applicant 1243,54557.0,551,Hoboken,N.J.,Part Time,1851
TG-101244,Applicant 1244,65522.0,731, Newark,N.J.,Part Time,2092
TG-101245,Applicant 1245,48282.0,792,Queens,NJ,Full Time,4036
TG-101246,Applicant 1246,86023.0,809,Brooklyn,NJ,Part Time,3202
TG-101247,Applicant 1247,61901.0,810,Jersey City,,Unemployed,2264
TG-101248,Applicant 1248,92014.0,753,Jersey City,ny,Part Time,3630
TG-101249,Applicant 1249,38323.0,701,Queens,NY,Unemployed,1368
TG-101250,Applicant 1250,,665,Brooklyn,N.J.,Self-Employed,1370
TG-101251,Applicant 1251,110006.0,569,Queens,, full time ,4889
TG-101252,Applicant 1252,25188.0,622,Queens,ny,Part Time,1938
TG-101253,Applicant 1253,96222.0,552,Queens,NJ,Unemployed,4727
TG-101254,Applicant 1254,121830.0,608,Jersey City,ny,Unemployed,4762
TG-101255,Applicant 1255,48711.0,760, Newark,, full time ,2517
TG-101256,Applicant 1256,135177.0,785,Queens,NY,Self-Employed,2487
TG-101257,Applicant 1257,97571.0,742,Jersey City,NJ,Part Time,3494
TG-101258,Applicant 1258,63850.0,755,New York,NJ,Unemployed,5443
TG-101259,Applicant 1259,83327.0,672,Brooklyn,NY,Part Time,5236
TG-101260,Applicant 1260,101750.0,576,New York,NJ,Full Time,3469
TG-101261,Applicant 1261,87280.0,631,Queens,,Unemployed,1857
TG-101262,Applicant 1262,101163.0,534,Jersey City,NJ,Self-Employed,5403
TG-101263,Applicant 1263,57380.0,788,Brooklyn,N.J., full time ,4401
TG-101264,Applicant 1264,90081.0,633,Hoboken,ny,Unemployed,1775
,Applicant 1265,42589.0,771,Brooklyn,,Full Time,1499
TG-101266,Applicant 1266,81663.0,661,Brooklyn,NY, full time ,4706
TG-101267,Applicant 1267,57883.0,633,Queens,,Self-Employed,3092
TG-101268,Applicant 1268,62934.0,809,New York,N.J.,Part Time,1423
TG-101269,Applicant 1269,122083.0,544,New York,NJ,Part Time,4848
TG-101270,Applicant 1270,117739.0,774,Hoboken,NJ,Unemployed,3941
TG-101271,Applicant 1271,103274.0,787,Queens,, full time ,3058
TG-101272,Applicant 1272,52231.0,645,Brooklyn,NJ,Full Time,4894
TG-101273,Applicant 1273,75508.0,769, Newark,NJ,Full Time,3497
TG-101274,Applicant 1274,121393.0,806,New York,N.J.,Self-Employed,4064
TG-101275,Applicant 1275,89252.0,572,New York,NY, full time ,4744
TG-101276,Applicant 1276,154580.0,562,Jersey City,ny, full time ,2899
TG-101277,Applicant 1277,96800.0,685,Brooklyn,,Part Time,4534
TG-101278,Applicant 1278,90761.0,561,Queens,NY,Self-Employed,3262
TG-101279,Applicant 1279,75727.0,695,New York,ny,Self-Employed,1864
TG-101280,Applicant 1280,89006.0,586,Queens,NY,Self-Employed,1695
TG-101281,Applicant 1281,80426.0,585,Brooklyn,, full time ,2664
TG-101282,Applicant 1282,106243.0,602,Brooklyn,N.J.,Part Time,3284
TG-101283,Applicant 1283,113701.0,624,New York,N.J.,Self-Employed,4905
TG-101284,Applicant 1284,,806,Hoboken,N.J.,Part Time,1635
TG-101285,Applicant 1285,45063.0,705,Queens,NY,Self-Employed,3540
TG-101286,Applicant 1286,29914.0,803,Queens,, full time ,2897
TG-101287,Applicant 1287,100240.0,523,Jersey City,NJ,Part Time,5211
TG-101288,Applicant 1288,51899.0,657,Brooklyn,NJ,Unemployed,2246
TG-101289,Applicant 1289,20413.0,698,Brooklyn,N.J.,Self-Employed,3597
TG-101290,Applicant 1290,96657.0,756,New York,NY, full time ,2289
TG-101291,Applicant 1291,159790.0,537,New York,NJ,Part Time,2618
TG-101292,Applicant 1292,84818.0,528,New York,NY,Full Time,4221
TG-101293,Applicant 1293,110155.0,548,Jersey City,, full time ,4248
TG-101294,Applicant 1294,87455.0,663,Hoboken,N.J., full time ,1769
TG-101295,Applicant 1295,82033.0,668,New York,ny,Full Time,1228
TG-101296,Applicant 1296,,583,New York,N.J.,Full Time,4354
TG-101297,Applicant 1297,76292.0,706, Newark,ny,Unemployed,4706
TG-101298,Applicant 1298,93022.0,746,New York,NJ,Unemployed,1840
TG-101299,Applicant 1299,94651.0,637,Jersey City,ny,Unemployed,4404
TG-101300,Applicant 1300 ,64957.0,773,Queens,NY, full time ,5410
TG-101301,Applicant 1301,114761.0,550,Hoboken,ny, full time ,5376
TG-101302,Applicant 1302,79751.0,680,Queens,NJ, full time ,3185
TG-101303,Applicant 1303,62328.0,734, Newark,NJ,Unemployed,3854
TG-101304,Applicant 1304,101095.0,688,Brooklyn,N.J.,Part Time,5231
TG-101305,Applicant 1305,58046.0,600,Brooklyn,NJ, full time ,5367
TG-101306,Applicant 1306,85845.0,565,New York,NY, full time ,3229
TG-101307,Applicant 1307,84726.0,568, Newark,ny, full time ,1673
TG-101308,Applicant 1308,117577.0,817,Queens,,Unemployed,1370
TG-101309,Applicant 1309,99241.0,802,Jersey City,NJ,Self-Employed,3287
TG-101310,Applicant 1310,84249.0,607,Hoboken,ny,Unemployed,4444
TG-101311,Applicant 1311,109533.0,640,Queens,N.J.,Self-Employed,3671
TG-101312,Applicant 1312,126706.0,999, Newark,,Unemployed,2445
TG-101313,Applicant 1313,101734.0,746, Newark,N.J.,Part Time,1997
TG-101314,Applicant 1314,85311.0,598,Queens,NY,Part Time,4946
TG-101315,Applicant 1315,,664,Hoboken,N.J., full time ,3697
TG-101316,Applicant 1316,53047.0,761,Queens,ny,Unemployed,1521
TG-101317,Applicant 1317,75843.0,551,Queens,,Self-Employed,5134
TG-101318,Applicant 1318,66715.0,782,Hoboken,N.J.,Self-Employed,5095
TG-101319,Applicant 1319,79391.0,730,Jersey City,N.J.,Part Time,2268
TG-101320,Applicant 1320,86699.0,590, Newark,NY, full time ,1523
TG-101321,Applicant 1321,100891.0,716,Hoboken,ny,Self-Employed,4532
TG-101322,Applicant 1322,82885.0,577,New York,N.J.,Unemployed,3867
TG-101323,Applicant 1323,99595.0,631,New York,ny, full time ,3294
TG-101324,Applicant 1324,86934.0,567,New York,NJ,Unemployed,1844
TG-101325,Applicant 1325,25736.0,704,New York,NY,Unemployed,5044
TG-101326,Applicant 1326,56820.0,684,Brooklyn,NY,Part Time,2911
TG-101327,Applicant 1327,80677.0,734,Jersey City,NY,Unemployed,3880
TG-101328,Applicant 1328,48709.0,640,Brooklyn,ny,Full Time,2040
TG-101329,Applicant 1329,102998.0,732,Queens,N.J., full time ,1502
TG-101330,Applicant 1330,130923.0,560,Queens,N.J.,Full Time,4461
TG-101331,Applicant 1331,121563.0,808,Hoboken,ny,Unemployed,4960
TG-101332,Applicant 1332,78597.0,687,New York,ny,Unemployed,3824
TG-101333,Applicant 1333,129722.0,553,Hoboken,NJ,Part Time,1535
TG-101334,Applicant 1334,89460.0,999,Queens,,Part Time,3078
TG-101335,Applicant 1335,74887.0,716,New York,,Part Time,4491
TG-101336,Applicant 1336,66598.0,710, Newark,NY,Part Time,3052
TG-101337,Applicant 1337,75926.0,740,Jersey City,N.J.,Self-Employed,3200
TG-101338,Applicant 1338,73355.0,529,Queens,NY,Part Time,3329
TG-101339,Applicant 1339,90112.0,639, Newark,N.J.,Unemployed,2168
TG-101340,Applicant 1340,89817.0,642,Hoboken,N.J.,Unemployed,3156
TG-101341,Applicant 1341,85091.0,766, Newark,NJ, full time ,3725
TG-101342,Applicant 1342,98108.0,740,Hoboken,ny,Full Time,3546
TG-101343,Applicant 1343,120719.0,780,Queens,ny,Self-Employed,1949
TG-101344,Applicant 1344,113487.0,999,Brooklyn,ny,Self-Employed,3943
TG-101345,Applicant 1345,40453.0,647,Jersey City,, full time ,2499
TG-101346,Applicant 1346,8382.0,706, Newark,ny, full time ,1503
TG-101347,Applicant 1347,113030.0,724, Newark,,Part Time,4115
TG-101348,Applicant 1348,43994.0,605,Queens,NY, full time ,5265
TG-101349,Applicant 1349,78257.0,623,Queens,,Self-Employed,4544
TG-101350,Applicant 1350,49897.0,662,Hoboken,N.J.,Full Time,1235
TG-101351,Applicant 1351,30941.0,724,New York,NJ,Full Time,4749
TG-101352,Applicant 1352,101244.0,648,New York,NJ,Self-Employed,3585
TG-101353,Applicant 1353,107775.0,765,New York,N.J.,Part Time,2633
TG-101354,Applicant 1354,67705.0,557,Hoboken,NY,Full Time,1280
TG-101355,Applicant 1355,7269.0,628,New York,NJ,Full Time,2702
TG-101356,Applicant 1356,68613.0,571,Queens,N.J.,Part Time,4711
TG-101357,Applicant 1357,96754.0,520,Brooklyn,NJ,Full Time,4142
TG-101358,Applicant 1358,40633.0,530,Brooklyn,,Unemployed,1994
TG-101359,Applicant 1359,90501.0,754,Brooklyn,NJ,Self-Employed,2930
TG-101360,Applicant 1360,84541.0,647,New York,,Full Time,1383
TG-101361,Applicant 1361,102379.0,733,Brooklyn,,Full Time,2371
TG-101362,Applicant 1362,88587.0,762, Newark,NJ,Part Time,3242
TG-101363,Applicant 1363,55808.0,563,New York,NJ,Full Time,2487
TG-101364,Applicant 1364,120897.0,525, Newark,,Part Time,4876
TG-101365,Applicant 1365,80244.0,675,Queens,NJ,Self-Employed,4760
TG-101366,Applicant 1366,84181.0,527, Newark,NY,Unemployed,3082
TG-101367,Applicant 1367,57002.0,524,Queens,ny, full time ,1481
TG-101368,Applicant 1368,,701,Hoboken,ny,Self-Employed,3449
TG-101369,Applicant 1369,58456.0,631,Hoboken,N.J.,Full Time,1616
TG-101370,Applicant 1370,79812.0,792, Newark,ny,Unemployed,1516
TG-101371,Applicant 1371,136351.0,784,Jersey City,NY, full time ,4499
TG-101372,Applicant 1372,43843.0,731,Queens,ny, full time ,4163
TG-101373,Applicant 1373,36593.0,597,New York,ny,Full Time,2291
TG-101374,Applicant 1374,129135.0,789,Jersey City,NY, full time ,4044
TG-101375,Applicant 1375,,673,Queens,, full time ,5085
TG-101376,Applicant 1376,64928.0,740,New York,ny,Self-Employed,1876
TG-101377,Applicant 1377,116197.0,544,Queens,N.J.,Self-Employed,2324
TG-101378,Applicant 1378,66832.0,727,Queens,ny, full time ,3490
TG-101379,Applicant 1379,139780.0,522,New York,ny,Part Time,2313
TG-101380,Applicant 1380,105338.0,734,Queens,NY,Full Time,3172
TG-101381,Applicant 1381,70363.0,631,Queens,NY,Part Time,4148
TG-101382,Applicant 1382,149719.0,711,Queens,N.J.,Part Time,5422
TG-101383,Applicant 1383,66829.0,566,Hoboken,NJ, full time ,2622
TG-101384,Applicant 1384,107263.0,740,Brooklyn,NY,Full Time,4573
TG-101385,Applicant 1385,93979.0,706,Queens,NJ,Part Time,1955
TG-101386,Applicant 1386,124052.0,569,New York,N.J.,Self-Employed,4968
TG-101387,Applicant 1387,131845.0,716, Newark,ny,Self-Employed,5036
TG-101388,Applicant 1388,85960.0,735,Queens,ny,Full Time,5172
TG-101389,Applicant 1389,,740,Hoboken,NJ,Part Time,5368
TG-101390,Applicant 1390,98799.0,609,Hoboken,N.J.,Unemployed,4192
TG-101391,Applicant 1391,64669.0,751, Newark,N.J.,Unemployed,1691
TG-101392,Applicant 1392,145402.0,777,Queens,NY,Full Time,1883
TG-101393,Applicant 1393,89096.0,672,Jersey City,NJ,Full Time,3175
TG-101394,Applicant 1394,74040.0,775, Newark,NY,Unemployed,1503
TG-101395,Applicant 1395,90540.0,777,Brooklyn,NJ,Part Time,5197
TG-101396,Applicant 1396,44586.0,584,New York,NY,Part Time,3152
TG-101397,Applicant 1397,55852.0,709,New York,NY, full time ,4769
TG-101398,Applicant 1398,121012.0,610,New York,N.J.,Full Time,5204
TG-101399,Applicant 1399,65293.0,692,New York,N.J.,Part Time,2460
TG-101400,Applicant 1400,53593.0,766,Hoboken,ny,Unemployed,2230
TG-101401,Applicant 1401,101100.0,775,Brooklyn,ny,Unemployed,2394
TG-101402,Applicant 1402,120571.0,635,Queens,N.J.,Self-Employed,4559
,Applicant 1403,106569.0,568,Queens,N.J.,Part Time,1433
TG-101404,Applicant 1404,114881.0,746,Jersey City,NY, full time ,4120
TG-101405,Applicant 1405,62296.0,588,Queens,ny, full time ,2918
TG-101406,Applicant 1406,42346.0,645,Brooklyn,N.J.,Full Time,1692
TG-101407,Applicant 1407,,732,Queens,NJ,Self-Employed,4482
TG-101408,Applicant 1408,75320.0,572,Hoboken,NJ,Unemployed,3214
TG-101409,Applicant 1409,77475.0,631, Newark,ny,Unemployed,1544
TG-101410,Applicant 1410,124846.0,678,Queens,NJ,Full Time,1464
TG-101411,Applicant 1411,101687.0,759,New York,NY, full time ,4775
TG-101412,Applicant 1412,98677.0,669,New York,ny, full time ,2872
TG-101413,Applicant 1413,149950.0,658, Newark,N.J.,Unemployed,4847
TG-101414,Applicant 1414,65694.0,632,New York,NJ,Full Time,1628
TG-101415,Applicant 1415,112835.0,662,New York,NY,Part Time,4362
TG-101416,Applicant 1416,86710.0,657,Hoboken,N.J.,Self-Employed,4110
TG-101417,Applicant 1417,93058.0,550,Hoboken,, full time ,1653
TG-101418,Applicant 1418,130854.0,812,Hoboken,NY, full time ,1548
TG-101419,Applicant 1419,100235.0,627,Queens,NJ, full time ,1621
TG-101420,Applicant 1420,101149.0,803, Newark,NY,Part Time,3962
TG-101421,Applicant 1421,117175.0,678,New York,,Part Time,1781
TG-101422,Applicant 1422,74051.0,999,Jersey City,,Self-Employed,3862
TG-101423,Applicant 1423,59824.0,641, Newark,NY, full time ,5458
TG-101424,Applicant 1424,,734,Jersey City,N.J.,Unemployed,3551
TG-101425,Applicant 1425,26009.0,791,New York,N.J., full time ,3566
TG-101426,Applicant 1426,146686.0,544,Brooklyn,,Self-Employed,2229
TG-101427,Applicant 1427,51904.0,813, Newark,ny,Self-Employed,2524
TG-101428,Applicant 1428,78362.0,688,Queens,ny,Unemployed,1300
TG-101429,Applicant 1429,76696.0,622,Jersey City,N.J.,Part Time,1615
TG-101430,Applicant 1430,94222.0,559, Newark,ny,Unemployed,2583
TG-101431,Applicant 1431,109472.0,754, Newark,N.J.,Self-Employed,3633
TG-101432,Applicant 1432,110814.0,608,Hoboken,NJ,Unemployed,2243
TG-101433,Applicant 1433,67508.0,619,Brooklyn,N.J., full time ,2946
TG-101434,Applicant 1434,79986.0,663,Hoboken,NJ,Self-Employed,2488
TG-101435,Applicant 1435,93477.0,601,Brooklyn,,Part Time,5339
TG-101436,Applicant 1436 ,77539.0,596,Brooklyn,ny,Part Time,5370
TG-101437,Applicant 1437,133220.0,578,Queens,,Unemployed,5348
TG-101438,Applicant 1438,99729.0,748, Newark,NY,Unemployed,5154
TG-101439,Applicant 1439,107046.0,610,Hoboken,NY,Unemployed,1237
TG-101440,Applicant 1440,104886.0,520,Hoboken,, full time ,1965
TG-101441,Applicant 1441,120204.0,788,Jersey City,N.J.,Part Time,5077
TG-101442,Applicant 1442,90431.0,805, Newark,N.J.,Self-Employed,3664
TG-101443,Applicant 1443,46095.0,716,New York,ny,Self-Employed,4091
TG-101444,Applicant 1444,96991.0,793,New York,,Part Time,1315
TG-101445,Applicant 1445,65459.0,597,Jersey City,NY,Unemployed,1478
TG-101446,Applicant 1446,69141.0,660,Brooklyn,,Full Time,1653
TG-101447,Applicant 1447,102591.0,807,Jersey City,,Unemployed,4413
TG-101448,Applicant 1448,122148.0,590,Jersey City,ny,Part Time,1500
TG-101449,Applicant 1449,85638.0,569,Hoboken,N.J., full time ,1916
TG-101450,Applicant 1450,94265.0,599,Jersey City,NY,Unemployed,2575
TG-101451,Applicant 1451,136066.0,754,Brooklyn,ny,Self-Employed,1394
TG-101452,Applicant 1452,92223.0,806,New York,NY, full time ,2528
TG-101453,Applicant 1453,163050.0,674,Queens,NY,Part Time,3179
TG-101454,Applicant 1454,101965.0,579, Newark,N.J.,Full Time,2757
TG-101455,Applicant 1455,32177.0,552,Jersey City,N.J.,Unemployed,4324
TG-101456,Applicant 1456,107600.0,646, Newark,ny, full time ,1728
TG-101457,Applicant 1457,96435.0,740,Jersey City,NJ, full time ,1697
TG-101458,Applicant 1458,123693.0,719, Newark,ny,Self-Employed,3010
TG-101459,Applicant 1459,105195.0,645,Hoboken,ny,Unemployed,4045
TG-101460,Applicant 1460,80846.0,560,Hoboken,NJ,Full Time,3325
TG-101461,Applicant 1461,48271.0,794, Newark,NY, full time ,1519
TG-101462,Applicant 1462,78729.0,816,Jersey City,,Self-Employed,4563
TG-101463,Applicant 1463,59484.0,604,Jersey City,NJ,Unemployed,3769
TG-101464,Applicant 1464,67584.0,608,Brooklyn,,Unemployed,4586
TG-101465,Applicant 1465,102657.0,561,New York,NY,Full Time,3916
TG-101466,Applicant 1466,135097.0,639,New York,NJ,Self-Employed,4538
TG-101467,Applicant 1467,96840.0,798,Queens,N.J.,Full Time,1444
TG-101468,Applicant 1468,49124.0,552,New York,ny, full time ,3919
TG-101469,Applicant 1469,98338.0,795,Queens,NJ,Part Time,2069
TG-101470,Applicant 1470,120899.0,672,Hoboken,NJ,Part Time,2659
TG-101471,Applicant 1471,66707.0,609,Queens,NY,Full Time,5309
TG-101472,Applicant 1472,80979.0,623,Queens,N.J.,Full Time,1870
TG-101473,Applicant 1473,85441.0,531,New York,NJ,Part Time,1885
TG-101474,Applicant 1474,61453.0,679,Jersey City,N.J., full time ,3174
TG-101475,Applicant 1475,104448.0,715,Hoboken,,Full Time,2211
TG-101476,Applicant 1476,81372.0,781,Brooklyn,NJ, full time ,2584
TG-101477,Applicant 1477,97586.0,610,Queens,N.J., full time ,5338
TG-101478,Applicant 1478,58375.0,716,Queens,ny,Self-Employed,2110
TG-101479,Applicant 1479,71876.0,588, Newark,NY, full time ,2517
TG-101480,Applicant 1480,106671.0,739,Queens,N.J.,Unemployed,4326
TG-101481,Applicant 1481,,733,Jersey City,NY,Part Time,1766
TG-101482,Applicant 1482,136809.0,665,Brooklyn,NJ,Part Time,5117
TG-101483,Applicant 1483,73011.0,752, Newark,NJ,Full Time,2665
TG-101484,Applicant 1484,91741.0,753,New York,,Full Time,5402
TG-101485,Applicant 1485,112978.0,733,Hoboken,NY,Self-Employed,2407
TG-101486,Applicant 1486,42449.0,580,Jersey City,ny,Self-Employed,4770
TG-101487,Applicant 1487,32176.0,597,Brooklyn,ny,Unemployed,3665
TG-101488,Applicant 1488 ,39230.0,614,Hoboken,N.J.,Full Time,5344
TG-101489,Applicant 1489,122878.0,735,New York,ny,Part Time,5126
TG-101490,Applicant 1490,68444.0,732,Hoboken,NY,Unemployed,4340
TG-101491,Applicant 1491,161746.0,719, Newark,NJ,Full Time,4713
TG-101492,Applicant 1492,68073.0,550,Queens,NY,Unemployed,5210
TG-101493,Applicant 1493,90537.0,809,Queens,NY, full time ,4077
TG-101494,Applicant 1494,131263.0,654,Jersey City,NJ, full time ,2600
TG-101495,Applicant 1495,145183.0,602,Hoboken,NY,Unemployed,2768
TG-101496,Applicant 1496,146845.0,566,Queens,ny,Full Time,1940
TG-101497,Applicant 1497,121251.0,725,Jersey City,N.J., full time ,1899
TG-101498,Applicant 1498,115722.0,596,Jersey City,N.J., full time ,1902
TG-101499,Applicant 1499,102776.0,778, Newark,NY,Unemployed,2155
TG-101500,Applicant 1500,108351.0,611,Jersey City,NJ, full time ,2073
TG-101501,Applicant 1501,68464.0,619,New York,,Part Time,3608
TG-101502,Applicant 1502,60454.0,714,Queens,NY, full time ,4578
TG-101503,Applicant 1503,84899.0,711,Queens,NY,Unemployed,3020
TG-101504,Applicant 1504,79894.0,587,Brooklyn,, full time ,5381
TG-101505,Applicant 1505,71403.0,761,New York,N.J., full time ,4442
TG-101506,Applicant 1506,105892.0,609,Queens,N.J.,Self-Employed,2579
TG-101507,Applicant 1507,113659.0,999, Newark,,Unemployed,1478
TG-101508,Applicant 1508,87652.0,783,Queens,NJ,Unemployed,2231
TG-101509,Applicant 1509,129326.0,999,Brooklyn,NY,Self-Employed,2543
TG-101510,Applicant 1510,50749.0,637,Hoboken,ny,Self-Employed,1804
TG-101511,Applicant 1511,79190.0,769,Hoboken,N.J.,Part Time,3855
TG-101512,Applicant 1512,63495.0,578,New York,N.J., full time ,1791
TG-101513,Applicant 1513,29004.0,714,Jersey City,N.J.,Full Time,5154
TG-101514,Applicant 1514,82520.0,569,Brooklyn,NJ,Full Time,1211
TG-101515,Applicant 1515,81348.0,815,Brooklyn,,Self-Employed,1321
TG-101516,Applicant 1516,130403.0,616,Queens,NJ,Unemployed,3476
TG-101517,Applicant 1517,103924.0,646, Newark,N.J.,Unemployed,3844
TG-101518,Applicant 1518,54274.0,765,Queens,NY,Part Time,5273
TG-101519,Applicant 1519,140623.0,606, Newark,N.J.,Full Time,2077
TG-101520,Applicant 1520,121631.0,596,Brooklyn,NY,Unemployed,1985
TG-101521,Applicant 1521,102463.0,723,Jersey City,NY,Part Time,3276
TG-101522,Applicant 1522,78205.0,665,Hoboken,N.J.,Part Time,1300
TG-101523,Applicant 1523,56217.0,668,New York,N.J.,Self-Employed,1575
TG-101524,Applicant 1524,73834.0,630, Newark,NY,Full Time,1845
TG-101525,Applicant 1525,117662.0,648,Hoboken,NJ,Part Time,4582
TG-101526,Applicant 1526,141538.0,772,New York,NJ,Part Time,4711
TG-101527,Applicant 1527,131297.0,685,Jersey City,NJ,Part Time,3940
TG-101528,Applicant 1528,70335.0,816,Brooklyn,ny,Full Time,4728
TG-101529,Applicant 1529,51411.0,656,Jersey City,NY,Self-Employed,3223
TG-101530,Applicant 1530,89227.0,798, Newark,ny, full time ,3152
TG-101531,Applicant 1531,31947.0,530,Brooklyn,ny,Unemployed,2245
TG-101532,Applicant 1532,94695.0,590,Queens,NY,Full Time,3297
TG-101533,Applicant 1533,80572.0,678,New York,ny,Full Time,5022
TG-101534,Applicant 1534,71019.0,735,Queens,NY,Full Time,5066
TG-101535,Applicant 1535,37159.0,545,Brooklyn,, full time ,4831
TG-101536,Applicant 1536,100408.0,805,New York,,Unemployed,3214
TG-101537,Applicant 1537,69019.0,681,New York,NY,Unemployed,3549
TG-101538,Applicant 1538,49902.0,621,Queens,NY,Part Time,4598
TG-101539,Applicant 1539,-1168.0,588,New York,NY,Part Time,1583
TG-101540,Applicant 1540,84175.0,652,Brooklyn,NJ,Self-Employed,3785
TG-101541,Applicant 1541,138168.0,708, Newark,NY,Full Time,1902
TG-101542,Applicant 1542,134838.0,730, Newark,N.J.,Self-Employed,3296
TG-101543,Applicant 1543,71287.0,762,Brooklyn,,Full Time,1518
TG-101544,Applicant 1544,66934.0,685,Queens,,Unemployed,1220
TG-101545,Applicant 1545,99063.0,580,Jersey City,NY,Self-Employed,4704
TG-101546,Applicant 1546,55048.0,798,Brooklyn,,Unemployed,1791
TG-101547,Applicant 1547,94054.0,632, Newark,NY,Part Time,5304
TG-101548,Applicant 1548,107982.0,549,Brooklyn,NY,Unemployed,3396
TG-101549,Applicant 1549,121808.0,680,New York,, full time ,2660
TG-101550,Applicant 1550 ,81995.0,999,New York,,Self-Employed,3746
TG-101551,Applicant 1551,78890.0,689,Brooklyn,N.J.,Full Time,3111
TG-101552,Applicant 1552,58661.0,705,Queens,ny,Unemployed,4326
TG-101553,Applicant 1553,60194.0,576,Jersey City,N.J.,Self-Employed,3765
TG-101554,Applicant 1554,78206.0,759,New York,N.J.,Full Time,2470
TG-101555,Applicant 1555,96021.0,776, Newark,,Self-Employed,1481
TG-101556,Applicant 1556,112408.0,720,New York,N.J.,Self-Employed,4016
TG-101557,Applicant 1557,,625, Newark,, full time ,3029
TG-101558,Applicant 1558,129781.0,809,Jersey City,NJ,Unemployed,1752
TG-101559,Applicant 1559,76866.0,620,New York,NY, full time ,4939
TG-101560,Applicant 1560,84359.0,616,Queens,ny,Part Time,4164
TG-101561,Applicant 1561,62584.0,672, Newark,NJ,Self-Employed,4667
TG-101562,Applicant 1562,12273.0,548,New York,NY,Unemployed,4124
TG-101563,Applicant 1563,111521.0,672,New York,NY,Part Time,4007
TG-101564,Applicant 1564,107105.0,592,Brooklyn,ny,Part Time,4119
TG-101565,Applicant 1565,,773,Queens,N.J., full time ,4204
TG-101566,Applicant 1566,87010.0,523,Queens,NY,Part Time,2770
TG-101567,Applicant 1567,100478.0,756,Brooklyn,ny,Full Time,3496
TG-101568,Applicant 1568,38124.0,557, Newark,,Full Time,3536
TG-101569,Applicant 1569,69128.0,539,Hoboken,NY,Full Time,3656
TG-101570,Applicant 1570,108828.0,632,Jersey City,NY,Part Time,1260
TG-101571,Applicant 1571,47371.0,542,Queens,N.J.,Self-Employed,4775
TG-101572,Applicant 1572,93807.0,655,Hoboken,N.J.,Unemployed,4028
TG-101573,Applicant 1573,44303.0,767, Newark,,Full Time,3774
TG-101574,Applicant 1574 ,98993.0,616,Jersey City,NY,Full Time,4582
TG-101575,Applicant 1575,83931.0,552,Queens,N.J.,Full Time,4964
TG-101576,Applicant 1576,36546.0,654,New York,ny, full time ,3447
TG-101577,Applicant 1577,119942.0,774,Queens,NY, full time ,4624
TG-101578,Applicant 1578,62962.0,797,Jersey City,ny,Full Time,2298
TG-101579,Applicant 1579,60692.0,652,Hoboken,NJ,Full Time,4003
TG-101580,Applicant 1580,91017.0,999,New York,, full time ,4307
TG-101581,Applicant 1581,119459.0,534,Jersey City,N.J.,Unemployed,1397
TG-101582,Applicant 1582,54525.0,796, Newark,NJ,Self-Employed,3291
TG-101583,Applicant 1583,86850.0,645,Jersey City,N.J.,Unemployed,3888
TG-101584,Applicant 1584,97864.0,536,Queens,NJ,Self-Employed,2768
TG-101585,Applicant 1585,105793.0,569, Newark,N.J.,Part Time,2070
TG-101586,Applicant 1586,90293.0,654,Brooklyn,,Part Time,1709
TG-101587,Applicant 1587,73989.0,637,Brooklyn,NY,Unemployed,3663
TG-101588,Applicant 1588,60172.0,579,New York,ny, full time ,5233
TG-101589,Applicant 1589,87584.0,644,Jersey City,NJ,Full Time,3656
TG-101590,Applicant 1590,52836.0,635,Hoboken,ny,Part Time,3088
TG-101591,Applicant 1591,-2641.0,692,New York,ny, full time ,3450
TG-101592,Applicant 1592,98097.0,706, Newark,N.J., full time ,2184
TG-101593,Applicant 1593,112118.0,607,New York,NY,Self-Employed,1995
TG-101594,Applicant 1594,14112.0,722,Queens,N.J.,Part Time,2047
TG-101595,Applicant 1595,54708.0,701, Newark,ny,Unemployed,2591
TG-101596,Applicant 1596,103575.0,687,Hoboken,, full time ,4193
TG-101597,Applicant 1597,146725.0,700,Jersey City,NY,Unemployed,3432
TG-101598,Applicant 1598,85624.0,819, Newark,NY,Unemployed,3512
TG-101599,Applicant 1599 ,63160.0,649,Jersey City,ny,Part Time,2637
TG-101600,Applicant 1600,79513.0,668,Jersey City,N.J.,Unemployed,1601
TG-101601,Applicant 1601,,728,New York,,Unemployed,3420
TG-101602,Applicant 1602,65621.0,630,Queens,NJ,Full Time,2077
TG-101603,Applicant 1603,,656,New York,N.J.,Unemployed,4354
TG-101604,Applicant 1604,70518.0,730,Brooklyn,NY,Full Time,2106
TG-101605,Applicant 1605,56400.0,665,Brooklyn,N.J.,Part Time,2295
TG-101606,Applicant 1606 ,88680.0,603,Jersey City,NJ,Unemployed,4722
TG-101607,Applicant 1607,133740.0,549,Queens,, full time ,3006
TG-101608,Applicant 1608,94692.0,584, Newark,,Unemployed,2876
TG-101609,Applicant 1609,,543,Jersey City,NJ,Full Time,1407
TG-101610,Applicant 1610,76246.0,999, Newark,NJ, full time ,2565
TG-101611,Applicant 1611,38104.0,741,Jersey City,ny,Part Time,2609
TG-101612,Applicant 1612,111493.0,609,New York,NY,Self-Employed,4125
TG-101613,Applicant 1613,82665.0,625,Jersey City,ny,Self-Employed,5457
TG-101614,Applicant 1614,79586.0,691,Jersey City,N.J.,Full Time,3263
TG-101615,Applicant 1615,180793.0,749,Queens,NJ,Part Time,3990
TG-101616,Applicant 1616,93963.0,596,Queens,ny,Part Time,1445
TG-101617,Applicant 1617,62446.0,587, Newark,NY,Unemployed,3802
TG-101618,Applicant 1618,72209.0,611,Queens,NY,Self-Employed,4681
TG-101619,Applicant 1619,119453.0,607,Jersey City,NJ,Unemployed,2677
TG-101620,Applicant 1620,88398.0,569,Queens,ny,Part Time,3697
TG-101621,Applicant 1621,41852.0,622,Queens,,Full Time,2680
TG-101622,Applicant 1622,112577.0,565,Hoboken,NJ,Full Time,2987
TG-101623,Applicant 1623,64956.0,698,Hoboken,N.J., full time ,3012
TG-101624,Applicant 1624,141199.0,786,Brooklyn,ny,Full Time,5411
TG-101625,Applicant 1625,117401.0,787,New York,ny,Self-Employed,4123
TG-101626,Applicant 1626,71580.0,527,New York,NJ, full time ,3761
TG-101627,Applicant 1627,123430.0,784,Queens,ny,Self-Employed,4146
TG-101628,Applicant 1628,87036.0,597,Brooklyn,ny,Unemployed,5308
TG-101629,Applicant 1629,110583.0,759,Brooklyn,N.J.,Unemployed,3524
TG-101630,Applicant 1630,99542.0,777, Newark,N.J.,Full Time,2115
TG-101631,Applicant 1631,59609.0,715,Hoboken,, full time ,2092
TG-101632,Applicant 1632,65694.0,650,Brooklyn,N.J.,Self-Employed,3996
TG-101633,Applicant 1633,115899.0,780,Jersey City,,Self-Employed,4015
TG-101634,Applicant 1634,74957.0,761, Newark,N.J.,Part Time,2176
TG-101635,Applicant 1635,72891.0,690,Queens,,Full Time,1949
TG-101636,Applicant 1636,56346.0,666,Jersey City,N.J.,Unemployed,4755
TG-101637,Applicant 1637,97708.0,789,New York,N.J.,Part Time,4368
TG-101638,Applicant 1638,146876.0,668,Hoboken,NJ,Unemployed,4215
TG-101639,Applicant 1639,52974.0,818,Jersey City,N.J.,Unemployed,4826
TG-101640,Applicant 1640,,547,Queens,,Self-Employed,1468
TG-101641,Applicant 1641,127367.0,668,Jersey City,NJ,Unemployed,4228
TG-101642,Applicant 1642,82611.0,799,Jersey City,, full time ,2211
TG-101643,Applicant 1643,98571.0,701,Brooklyn,N.J.,Unemployed,3335
TG-101644,Applicant 1644,53128.0,685,Hoboken,N.J., full time ,2448
TG-101645,Applicant 1645,97849.0,536,New York,,Unemployed,4407
TG-101646,Applicant 1646,79386.0,669,Queens,ny,Part Time,1962
TG-101647,Applicant 1647,114572.0,564, Newark,NJ,Self-Employed,4171
TG-101648,Applicant 1648,120622.0,708, Newark,NJ,Part Time,1922
TG-101649,Applicant 1649,162687.0,658,Queens,N.J.,Self-Employed,2605
TG-101650,Applicant 1650,102389.0,580,New York,NJ,Part Time,1638
TG-101651,Applicant 1651,94774.0,813,Queens,,Full Time,1514
TG-101652,Applicant 1652,,552,Brooklyn,N.J.,Unemployed,3312
TG-101653,Applicant 1653,74405.0,818, Newark,NJ,Unemployed,1791
TG-101654,Applicant 1654,95155.0,631, Newark,NY,Full Time,5490
TG-101655,Applicant 1655,76138.0,810,Jersey City,NJ,Full Time,4870
TG-101656,Applicant 1656,90054.0,556,Brooklyn,, full time ,3109
TG-101657,Applicant 1657,124528.0,619, Newark,NJ,Part Time,5296
TG-101658,Applicant 1658,54804.0,542,Brooklyn,ny,Unemployed,3623
TG-101659,Applicant 1659,119196.0,737,Brooklyn,ny, full time ,4462
TG-101660,Applicant 1660,124513.0,999,New York,N.J.,Unemployed,4470
TG-101661,Applicant 1661,81458.0,728, Newark,ny,Full Time,2453
TG-101662,Applicant 1662,21344.0,790,Hoboken,, full time ,4497
TG-101663,Applicant 1663,66765.0,756,New York,NY, full time ,2653
TG-101664,Applicant 1664,,728,New York,NY, full time ,1395
TG-101665,Applicant 1665,84314.0,797,Brooklyn,N.J.,Part Time,1989
TG-101666,Applicant 1666,55021.0,725,Hoboken,N.J., full time ,3404
TG-101667,Applicant 1667,69857.0,597,New York,ny,Unemployed,4267
TG-101668,Applicant 1668,110219.0,617,Hoboken,,Part Time,4753
TG-101669,Applicant 1669,101402.0,613, Newark,ny,Unemployed,2012
TG-101670,Applicant 1670,77832.0,599,Brooklyn,, full time ,3780
TG-101671,Applicant 1671,73995.0,557,New York,, full time ,2731
TG-101672,Applicant 1672,73247.0,747,Hoboken,NY,Unemployed,1604
TG-101673,Applicant 1673,57328.0,653,Queens,,Self-Employed,3947
TG-101674,Applicant 1674,133461.0,715,New York,NJ, full time ,4044
TG-101675,Applicant 1675,75330.0,801,New York,, full time ,3536
TG-101676,Applicant 1676,121515.0,620,New York,NY,Part Time,1289
TG-101677,Applicant 1677,130639.0,594,Hoboken,ny,Unemployed,2605
TG-101678,Applicant 1678,114949.0,813,Jersey City,, full time ,4773
TG-101679,Applicant 1679,72051.0,727, Newark,NJ,Unemployed,2817
TG-101680,Applicant 1680,97112.0,602,New York,N.J.,Part Time,4794
TG-101681,Applicant 1681,84274.0,999,Queens,ny,Unemployed,2725
TG-101682,Applicant 1682,57889.0,575,Queens,N.J.,Unemployed,2895
TG-101683,Applicant 1683,94731.0,806,Brooklyn,NJ,Part Time,4890
TG-101684,Applicant 1684,49629.0,730,Jersey City,NY, full time ,5241
TG-101685,Applicant 1685,120630.0,698,Jersey City,NY,Unemployed,4362
TG-101686,Applicant 1686,71061.0,577,Hoboken,ny,Self-Employed,1952
TG-101687,Applicant 1687,91035.0,592,Brooklyn,, full time ,1915
TG-101688,Applicant 1688,93499.0,734,Hoboken,,Part Time,3641
TG-101689,Applicant 1689,77233.0,785,Brooklyn,N.J.,Full Time,4629
TG-101690,Applicant 1690,102601.0,592, Newark,NY,Self-Employed,1674
TG-101691,Applicant 1691,,790,Jersey City,, full time ,4021
TG-101692,Applicant 1692,111139.0,753, Newark,,Part Time,2851
TG-101693,Applicant 1693,44621.0,538,Hoboken,NY,Self-Employed,3317
TG-101694,Applicant 1694,88791.0,632,Brooklyn,NY, full time ,4960
TG-101695,Applicant 1695,143168.0,582,Jersey City,NJ,Full Time,3287
TG-101696,Applicant 1696,54990.0,999,Jersey City,N.J., full time ,4101
TG-101697,Applicant 1697,64668.0,796,New York,NY,Full Time,4300
TG-101698,Applicant 1698,100417.0,681,Hoboken,NJ,Full Time,4792
TG-101699,Applicant 1699,90387.0,762,New York,NY,Unemployed,4855
TG-101700,Applicant 1700,95519.0,664,Jersey City,ny,Part Time,1382
TG-101701,Applicant 1701,99676.0,665,Hoboken,ny,Unemployed,2822
TG-101702,Applicant 1702,104042.0,600,Hoboken,ny,Full Time,1283
TG-101703,Applicant 1703,118291.0,562, Newark,NY,Part Time,1285
TG-101704,Applicant 1704,97295.0,812,Queens,,Part Time,2942
TG-101705,Applicant 1705,77762.0,695,Brooklyn,,Part Time,2510
TG-101706,Applicant 1706,105177.0,588,Queens,ny,Self-Employed,2140
TG-101707,Applicant 1707,141996.0,575,Queens,N.J., full time ,2236
TG-101708,Applicant 1708,81021.0,638,Jersey City,NJ,Full Time,2600
TG-101709,Applicant 1709,55764.0,723, Newark,ny,Part Time,4680
TG-101710,Applicant 1710,118212.0,574,Brooklyn,NJ,Self-Employed,4211
TG-101711,Applicant 1711,81389.0,557,Queens,NJ,Self-Employed,5103
TG-101712,Applicant 1712,,762,Queens,ny,Full Time,1924
TG-101713,Applicant 1713,110423.0,720,Hoboken,,Unemployed,1387
TG-101714,Applicant 1714,68940.0,755,Jersey City,N.J.,Self-Employed,3972
TG-101715,Applicant 1715,82284.0,534,Queens,ny,Full Time,3780
TG-101716,Applicant 1716,94959.0,663,Brooklyn,NJ,Self-Employed,4900
TG-101717,Applicant 1717,90715.0,596,New York,NY,Full Time,4139
TG-101718,Applicant 1718,106284.0,782,New York,NY,Part Time,2338
TG-101719,Applicant 1719,71935.0,704,Jersey City,NJ,Unemployed,1403
TG-101720,Applicant 1720,100393.0,574,New York,ny,Self-Employed,4580
TG-101721,Applicant 1721,77214.0,523,Hoboken,,Self-Employed,2545
TG-101722,Applicant 1722,107164.0,818,Hoboken,ny,Self-Employed,1560
TG-101723,Applicant 1723,103461.0,559,Brooklyn,N.J., full time ,2343
TG-101724,Applicant 1724,56937.0,749, Newark,NY, full time ,1413
TG-101725,Applicant 1725,117579.0,805,Jersey City,NJ,Part Time,3048
TG-101726,Applicant 1726,68921.0,657,Jersey City,,Self-Employed,4582
TG-101727,Applicant 1727,109242.0,622,New York,ny,Unemployed,1841
TG-101728,Applicant 1728,96019.0,526,Queens,N.J., full time ,1805
TG-101729,Applicant 1729,,683,Queens,ny,Full Time,1565
TG-101730,Applicant 1730,78296.0,795, Newark,N.J.,Full Time,2428
TG-101731,Applicant 1731,74520.0,568,Queens,ny,Full Time,2098
TG-101732,Applicant 1732,84417.0,615, Newark,,Part Time,5482
TG-101733,Applicant 1733,75905.0,578,Brooklyn,,Self-Employed,3971
TG-101734,Applicant 1734,108998.0,750,Jersey City,NJ,Self-Employed,4264
TG-101735,Applicant 1735,36511.0,696,New York,, full time ,3950
TG-101736,Applicant 1736,53390.0,609,Brooklyn,N.J.,Full Time,1289
TG-101737,Applicant 1737,52966.0,801,Hoboken,NJ,Part Time,2188
TG-101738,Applicant 1738,113509.0,555,Hoboken,,Unemployed,3640
TG-101739,Applicant 1739,136318.0,690,Hoboken,NY,Self-Employed,4411
TG-101740,Applicant 1740,81867.0,645, Newark,N.J.,Self-Employed,1492
TG-101741,Applicant 1741,79935.0,818, Newark,NJ,Part Time,2689
TG-101742,Applicant 1742,87102.0,723,Jersey City,N.J., full time ,4369
TG-101743,Applicant 1743,119856.0,808,Hoboken,NJ,Part Time,5465
TG-101744,Applicant 1744,57179.0,616, Newark,N.J., full time ,2649
TG-101745,Applicant 1745,92151.0,757, Newark,NY,Self-Employed,2290
TG-101746,Applicant 1746,114256.0,692,Queens,, full time ,4829
TG-101747,Applicant 1747,100033.0,607, Newark,ny, full time ,3815
TG-101748,Applicant 1748,90687.0,536,Hoboken,ny, full time ,1350
TG-101749,Applicant 1749,115031.0,659,Brooklyn,ny, full time ,2183
TG-101750,Applicant 1750,3903.0,773,Hoboken,NJ,Full Time,3019
TG-101751,Applicant 1751,105336.0,797,Queens,,Full Time,2176
TG-101752,Applicant 1752,65378.0,670,Hoboken,NJ,Full Time,1388
TG-101753,Applicant 1753,30081.0,659,New York,NJ,Full Time,3978
TG-101754,Applicant 1754,100336.0,999,Queens,NJ,Part Time,4956
TG-101755,Applicant 1755,126210.0,587,Jersey City,NJ,Unemployed,3771
TG-101756,Applicant 1756,80877.0,698,Hoboken,, full time ,2386
TG-101757,Applicant 1757,113586.0,644, Newark,ny,Part Time,5101
TG-101758,Applicant 1758,133368.0,752,Brooklyn,N.J.,Full Time,4639
TG-101759,Applicant 1759,124447.0,666,Hoboken,NJ, full time ,3764
TG-101760,Applicant 1760,134199.0,630,Brooklyn,,Unemployed,2547
TG-101761,Applicant 1761,107264.0,757,New York,NY, full time ,4607
TG-101762,Applicant 1762,87263.0,522,Jersey City,N.J.,Self-Employed,3825
TG-101763,Applicant 1763,36941.0,730, Newark,NJ,Self-Employed,4952
TG-101764,Applicant 1764,77618.0,544,Queens,NJ,Part Time,1866
TG-101765,Applicant 1765,59703.0,703,Queens,N.J.,Unemployed,1972
TG-101766,Applicant 1766,150128.0,580,Jersey City,N.J.,Part Time,4404
TG-101767,Applicant 1767,79723.0,642,New York,NJ, full time ,2364
TG-101768,Applicant 1768,88696.0,999,New York,,Unemployed,1848
TG-101769,Applicant 1769,101545.0,682,Hoboken,NY,Part Time,3423
TG-101770,Applicant 1770,86308.0,706,New York,, full time ,2259
TG-101771,Applicant 1771,135852.0,558,Hoboken,ny,Full Time,2187
TG-101772,Applicant 1772,66321.0,704,Brooklyn,ny, full time ,3390
TG-101773,Applicant 1773,90838.0,602,Jersey City,ny,Part Time,2985
TG-101774,Applicant 1774,62726.0,714,Brooklyn,NJ,Unemployed,2727
TG-101775,Applicant 1775,45399.0,553,Brooklyn,NY,Unemployed,3101
TG-101776,Applicant 1776,66647.0,632,Brooklyn,NY,Full Time,3603
,Applicant 1777,83889.0,749,Brooklyn,NJ,Part Time,4185
TG-101778,Applicant 1778,72121.0,802,Queens,NJ,Full Time,3050
TG-101779,Applicant 1779,64227.0,806,New York,NJ,Self-Employed,2207
TG-101780,Applicant 1780,42810.0,674,Jersey City,NY, full time ,1745
TG-101781,Applicant 1781,82507.0,684,Jersey City,NJ,Self-Employed,1724
TG-101782,Applicant 1782,39858.0,701, Newark,N.J.,Self-Employed,5210
TG-101783,Applicant 1783,107802.0,758,Brooklyn,N.J.,Full Time,2937
TG-101784,Applicant 1784,87473.0,656,Jersey City,N.J.,Full Time,2280
TG-101785,Applicant 1785,41273.0,785,Hoboken,NJ, full time ,3221
TG-101786,Applicant 1786,75724.0,706,Jersey City,N.J.,Full Time,2538
TG-101787,Applicant 1787,62435.0,559,Brooklyn,NJ,Full Time,3358
TG-101788,Applicant 1788,94575.0,686,Jersey City,N.J.,Full Time,4387
TG-101789,Applicant 1789,125214.0,779,New York,NJ,Full Time,2530
TG-101790,Applicant 1790,28745.0,662,Brooklyn,,Full Time,1970
TG-101791,Applicant 1791,88451.0,723,Queens,ny,Self-Employed,2941
TG-101792,Applicant 1792,80196.0,695,New York,,Self-Employed,5389
TG-101793,Applicant 1793,105140.0,781,Jersey City,ny, full time ,5312
TG-101794,Applicant 1794,91396.0,771,Queens,ny,Unemployed,2558
TG-101795,Applicant 1795,62441.0,719, Newark,N.J., full time ,4333
TG-101796,Applicant 1796,75428.0,718,New York,ny,Part Time,3996
TG-101797,Applicant 1797,61119.0,715, Newark,ny, full time ,2796
TG-101798,Applicant 1798,117280.0,596,Hoboken,, full time ,3180
TG-101799,Applicant 1799,85639.0,538,New York,ny,Full Time,1755
TG-101800,Applicant 1800,142036.0,581,Queens,NJ,Full Time,5164
TG-101801,Applicant 1801,83180.0,800, Newark,NJ,Full Time,4771
TG-101802,Applicant 1802,63748.0,769,Hoboken,N.J.,Unemployed,4259
TG-101803,Applicant 1803,39589.0,746, Newark,,Full Time,3960
TG-101804,Applicant 1804,30906.0,646,Jersey City,NY,Part Time,2034
TG-101805,Applicant 1805,37476.0,577,Brooklyn,,Self-Employed,2847
TG-101806,Applicant 1806,93014.0,723, Newark,NY,Part Time,4259
TG-101807,Applicant 1807,100262.0,762,Jersey City,ny,Unemployed,2066
TG-101808,Applicant 1808,37564.0,771,Brooklyn,NY,Full Time,2103
TG-101809,Applicant 1809,111851.0,718,Brooklyn,ny, full time ,3657
TG-101810,Applicant 1810,70508.0,759,Queens,,Self-Employed,1342
TG-101811,Applicant 1811,89404.0,658,Hoboken,,Unemployed,4923
TG-101812,Applicant 1812,,641,Hoboken,N.J.,Part Time,3986
TG-101813,Applicant 1813,111905.0,568,New York,N.J.,Full Time,4590
TG-101814,Applicant 1814,76944.0,634,Jersey City,ny,Unemployed,3895
TG-101815,Applicant 1815,58264.0,770,Queens,ny,Unemployed,3959
TG-101816,Applicant 1816,20446.0,526, Newark,NJ, full time ,4549
TG-101817,Applicant 1817,63425.0,738,Jersey City,NJ, full time ,5089
TG-101818,Applicant 1818,78666.0,596, Newark,NJ, full time ,4933
TG-101819,Applicant 1819,55385.0,698, Newark,,Part Time,2921
TG-101820,Applicant 1820,81062.0,664, Newark,NY, full time ,4353
TG-101821,Applicant 1821,87306.0,673,New York,ny,Unemployed,5314
TG-101822,Applicant 1822,78254.0,640,New York,N.J.,Unemployed,4031
TG-101823,Applicant 1823,65500.0,643,Queens,ny,Unemployed,2904
TG-101824,Applicant 1824,90060.0,669,New York,NY,Self-Employed,1657
TG-101825,Applicant 1825,98258.0,787,Queens,ny,Self-Employed,2476
TG-101826,Applicant 1826,52288.0,520,New York,N.J.,Part Time,4515
TG-101827,Applicant 1827,127328.0,680,Hoboken,N.J., full time ,2808
TG-101828,Applicant 1828,82042.0,763,Queens,NY,Unemployed,5094
TG-101829,Applicant 1829,85565.0,770,Hoboken,N.J., full time ,2296
TG-101830,Applicant 1830,106246.0,583,Hoboken,,Unemployed,1826
TG-101831,Applicant 1831,91996.0,818,Queens,N.J.,Self-Employed,2490
TG-101832,Applicant 1832,113594.0,767,Jersey City,NY,Unemployed,4611
TG-101833,Applicant 1833,93614.0,816,Brooklyn,NY,Part Time,3344
TG-101834,Applicant 1834,66627.0,634,New York,ny,Full Time,2099
TG-101835,Applicant 1835,95845.0,814, Newark,N.J.,Unemployed,1897
TG-101836,Applicant 1836,50688.0,520,New York,N.J.,Part Time,4130
TG-101837,Applicant 1837,88257.0,560, Newark,NY,Self-Employed,5255
TG-101838,Applicant 1838,84003.0,692,Jersey City,ny,Self-Employed,5391
TG-101839,Applicant 1839,78756.0,607,Brooklyn,ny,Full Time,4817
TG-101840,Applicant 1840,81144.0,617,Jersey City,, full time ,4640
TG-101841,Applicant 1841,28545.0,607,Brooklyn,, full time ,4616
TG-101842,Applicant 1842,68538.0,770,Queens,NY,Unemployed,4250
TG-101843,Applicant 1843,87785.0,660,Queens,ny,Self-Employed,3689
TG-101844,Applicant 1844,89796.0,590, Newark,ny,Part Time,1992
TG-101845,Applicant 1845,54170.0,656,Hoboken,,Full Time,3275
TG-101846,Applicant 1846,122971.0,618,Hoboken,, full time ,4743
TG-101847,Applicant 1847 ,59015.0,670, Newark,NY,Unemployed,2122
TG-101848,Applicant 1848,,694,Queens,ny,Unemployed,2681
TG-101849,Applicant 1849,97816.0,686, Newark,NY,Self-Employed,1941
TG-101850,Applicant 1850,65613.0,776,Hoboken,,Part Time,3233
TG-101851,Applicant 1851,138259.0,743, Newark,N.J.,Part Time,2645
TG-101852,Applicant 1852,49191.0,584,Queens,, full time ,1574
TG-101853,Applicant 1853,112575.0,588,Jersey City,ny,Unemployed,4109
TG-101854,Applicant 1854,115017.0,586,New York,NY,Self-Employed,1823
TG-101855,Applicant 1855,64881.0,569,Queens,ny,Part Time,2248
TG-101856,Applicant 1856,126774.0,610, Newark,,Unemployed,1805
TG-101857,Applicant 1857,77499.0,634,Queens,,Part Time,3313
TG-101858,Applicant 1858,93661.0,576,Queens,NJ,Full Time,3776
TG-101859,Applicant 1859,92810.0,537,Hoboken,,Part Time,1477
TG-101860,Applicant 1860,80971.0,791, Newark,ny,Part Time,3257
TG-101861,Applicant 1861,109324.0,649,Hoboken,NY,Unemployed,2364
TG-101862,Applicant 1862,108805.0,788, Newark,NY,Part Time,5081
TG-101863,Applicant 1863,32544.0,599,Hoboken,NJ,Part Time,5323
TG-101864,Applicant 1864,124130.0,818,Hoboken,ny,Full Time,4371
TG-101865,Applicant 1865,35125.0,721,Jersey City,,Part Time,3967
TG-101866,Applicant 1866,115976.0,744,Queens,N.J.,Part Time,1460
TG-101867,Applicant 1867,118801.0,678,Jersey City,NY,Unemployed,5333
TG-101868,Applicant 1868,52271.0,723,Hoboken,ny,Self-Employed,4765
TG-101869,Applicant 1869,72676.0,656,Jersey City,NJ,Full Time,5018
,Applicant 1870,51829.0,592,Queens,N.J.,Part Time,3994
TG-101871,Applicant 1871,78552.0,567,Queens,ny,Self-Employed,2403
TG-101872,Applicant 1872,75759.0,537,Hoboken,,Unemployed,3212
TG-101873,Applicant 1873,108390.0,786,Queens,NY,Full Time,3010
TG-101874,Applicant 1874,124309.0,538,Jersey City,,Unemployed,4808
TG-101875,Applicant 1875,126871.0,619,Brooklyn,NJ,Self-Employed,1503
TG-101876,Applicant 1876,68135.0,635,Queens,NY,Full Time,2296
TG-101877,Applicant 1877,78723.0,593,Jersey City,N.J.,Part Time,5228
TG-101878,Applicant 1878,34497.0,799,Jersey City,NY,Self-Employed,4818
TG-101879,Applicant 1879,60824.0,788,Jersey City,,Unemployed,2366
TG-101880,Applicant 1880,113946.0,644,Queens,ny,Full Time,3552
TG-101881,Applicant 1881,133467.0,635,Brooklyn,ny,Self-Employed,1544
TG-101882,Applicant 1882,47970.0,693,Hoboken,ny,Self-Employed,1943
TG-101883,Applicant 1883,67226.0,700,Hoboken,NJ,Unemployed,2821
TG-101884,Applicant 1884,84208.0,745,Queens,NJ,Unemployed,3741
TG-101885,Applicant 1885,93405.0,676,Queens,ny,Part Time,3122
TG-101886,Applicant 1886,60712.0,683,New York,N.J.,Part Time,2348
TG-101887,Applicant 1887,97722.0,590, Newark,,Self-Employed,4088
TG-101888,Applicant 1888,70785.0,741,Brooklyn,N.J.,Unemployed,5150
TG-101889,Applicant 1889,84566.0,645,Jersey City,ny,Self-Employed,1856
TG-101890,Applicant 1890,101389.0,664, Newark,, full time ,1975
TG-101891,Applicant 1891,85193.0,695,Jersey City,NJ,Unemployed,2869
TG-101892,Applicant 1892,71908.0,671, Newark,NY, full time ,3207
TG-101893,Applicant 1893,81712.0,701,Hoboken,NY, full time ,2859
TG-101894,Applicant 1894,82349.0,604, Newark,,Unemployed,1806
TG-101895,Applicant 1895,73900.0,640,Queens,N.J.,Part Time,4903
,Applicant 1896,77236.0,648,Brooklyn,,Self-Employed,1629
TG-101897,Applicant 1897,132959.0,525,Hoboken,N.J.,Full Time,4572
TG-101898,Applicant 1898,101828.0,702, Newark,N.J.,Full Time,2204
TG-101899,Applicant 1899,76136.0,557,Brooklyn,NY,Unemployed,2812
TG-101900,Applicant 1900,105909.0,635,Queens,NJ,Part Time,5389
TG-101901,Applicant 1901 ,74985.0,621,Jersey City,ny,Part Time,3562
TG-101902,Applicant 1902,120194.0,527,New York,NJ,Part Time,3400
TG-101903,Applicant 1903,96089.0,737,Brooklyn,ny,Full Time,3387
TG-101904,Applicant 1904,81781.0,726,Jersey City,NY, full time ,2820
TG-101905,Applicant 1905,98432.0,597,Brooklyn,ny,Full Time,4041
TG-101906,Applicant 1906,37874.0,574,Brooklyn,N.J.,Part Time,2171
TG-101907,Applicant 1907,51197.0,747,Brooklyn,,Full Time,3488
TG-101908,Applicant 1908,49182.0,607,Queens,ny,Full Time,2758
TG-101909,Applicant 1909,89288.0,529,Hoboken,NJ,Self-Employed,3568
TG-101910,Applicant 1910,136975.0,809,Brooklyn,NY,Unemployed,3292
TG-101911,Applicant 1911,151939.0,683,Queens,NY, full time ,1483
TG-101912,Applicant 1912,104142.0,758,New York,,Self-Employed,3234
TG-101913,Applicant 1913,100025.0,663,Hoboken,N.J.,Unemployed,4855
TG-101914,Applicant 1914,30968.0,999,Queens,N.J.,Part Time,4824
TG-101915,Applicant 1915,68720.0,590,New York,NY,Self-Employed,3014
TG-101916,Applicant 1916,61366.0,694,Hoboken,N.J.,Unemployed,1871
TG-101917,Applicant 1917,66375.0,807,Queens,,Self-Employed,3334
TG-101918,Applicant 1918,79956.0,818,New York,NY,Full Time,2682
TG-101919,Applicant 1919,70837.0,767,Queens,N.J.,Full Time,3546
TG-101920,Applicant 1920,25621.0,712,New York,ny,Self-Employed,1213
TG-101921,Applicant 1921,107437.0,787,Brooklyn,ny,Self-Employed,1955
TG-101922,Applicant 1922,,723,Brooklyn,N.J., full time ,1368
TG-101923,Applicant 1923,92177.0,642,Hoboken,ny,Part Time,3479
TG-101924,Applicant 1924 ,147222.0,999,New York,,Full Time,2334
TG-101925,Applicant 1925,57418.0,720,Brooklyn,NJ,Self-Employed,3861
TG-101926,Applicant 1926,9091.0,631,Hoboken,,Unemployed,1439
TG-101927,Applicant 1927,76420.0,647,Jersey City,,Part Time,3487
TG-101928,Applicant 1928,118029.0,555,Brooklyn,N.J.,Unemployed,3787
TG-101929,Applicant 1929,143750.0,753,Brooklyn,,Part Time,2509
TG-101930,Applicant 1930,48114.0,566, Newark,N.J.,Unemployed,1642
TG-101931,Applicant 1931,99901.0,634,Queens,NY,Full Time,1924
TG-101932,Applicant 1932,71041.0,774,Jersey City,N.J.,Self-Employed,2107
TG-101933,Applicant 1933,81822.0,742,New York,N.J.,Self-Employed,2726
TG-101934,Applicant 1934,164330.0,643,Hoboken,NY, full time ,3617
TG-101935,Applicant 1935,39911.0,679,Jersey City,NJ,Self-Employed,2343
TG-101936,Applicant 1936,92612.0,615,New York,NY,Full Time,1274
TG-101937,Applicant 1937,99031.0,626,Brooklyn,N.J.,Part Time,3670
TG-101938,Applicant 1938,117574.0,639, Newark,ny,Part Time,1269
TG-101939,Applicant 1939,87939.0,620,Hoboken,N.J.,Self-Employed,5265
TG-101940,Applicant 1940,94242.0,622,Hoboken,NY,Unemployed,1331
TG-101941,Applicant 1941,73251.0,685,Jersey City,N.J.,Self-Employed,2321
TG-101942,Applicant 1942,93074.0,705,Queens,NY,Part Time,5397
TG-101943,Applicant 1943,74704.0,551,New York,, full time ,2390
TG-101944,Applicant 1944,103647.0,585, Newark,NJ,Part Time,2328
TG-101945,Applicant 1945,73912.0,698, Newark,NJ,Unemployed,1797
TG-101946,Applicant 1946,96313.0,786,Jersey City,NY,Unemployed,2772
TG-101947,Applicant 1947,84122.0,556,Queens,NJ, full time ,1871
TG-101948,Applicant 1948,118782.0,720,Queens,ny,Unemployed,4915
TG-101949,Applicant 1949,83458.0,568,Queens,ny,Self-Employed,4537
TG-101950,Applicant 1950,31809.0,794,Hoboken,NJ,Self-Employed,5066
TG-101951,Applicant 1951,122858.0,687,New York,NY,Part Time,4099
TG-101952,Applicant 1952,57828.0,782,New York,ny,Full Time,3508
TG-101953,Applicant 1953,65387.0,652,Jersey City,NJ,Self-Employed,3663
TG-101954,Applicant 1954,67130.0,817,Brooklyn,N.J.,Self-Employed,5190
TG-101955,Applicant 1955,126233.0,695,Jersey City,ny, full time ,4732
TG-101956,Applicant 1956,20930.0,530,New York,,Self-Employed,3948
TG-101957,Applicant 1957,179132.0,720,Hoboken,ny,Part Time,3790
TG-101958,Applicant 1958,116682.0,816,Jersey City,NJ, full time ,4230
TG-101959,Applicant 1959,91697.0,522,Brooklyn,NJ,Self-Employed,4581
TG-101960,Applicant 1960,83353.0,733, Newark,NJ,Part Time,2911
TG-101961,Applicant 1961,93567.0,815,Jersey City,NY, full time ,5344
TG-101962,Applicant 1962,100634.0,551,Queens,NY,Full Time,1371
TG-101963,Applicant 1963,104356.0,567,Brooklyn,N.J.,Part Time,4237
TG-101964,Applicant 1964,101668.0,771,Queens,N.J.,Self-Employed,4601
TG-101965,Applicant 1965,87687.0,718,Hoboken,ny, full time ,5301
TG-101966,Applicant 1966,79080.0,608,New York,NJ,Full Time,2427
TG-101967,Applicant 1967,80462.0,628,Jersey City,N.J.,Part Time,3616
TG-101968,Applicant 1968,79153.0,810,Jersey City,NJ,Full Time,1921
TG-101969,Applicant 1969,119013.0,627,Queens,ny,Part Time,4819
TG-101970,Applicant 1970,102807.0,559,Queens,NY,Self-Employed,2130
TG-101971,Applicant 1971,-3212.0,571,New York,N.J.,Part Time,3528
TG-101972,Applicant 1972,104677.0,631,Jersey City,,Self-Employed,2278
TG-101973,Applicant 1973,90842.0,814,New York,,Part Time,4584
TG-101974,Applicant 1974,84439.0,587,Queens,, full time ,4165
TG-101975,Applicant 1975,73344.0,708, Newark,,Part Time,4749
TG-101976,Applicant 1976,118723.0,728,Queens,,Part Time,3675
TG-101977,Applicant 1977,113426.0,584,Brooklyn,,Unemployed,2735
TG-101978,Applicant 1978,61814.0,581,Queens,,Unemployed,1612
TG-101979,Applicant 1979,97212.0,777,Queens,N.J.,Part Time,2038
TG-101980,Applicant 1980,55850.0,653, Newark,,Unemployed,4887
TG-101981,Applicant 1981,43611.0,641,New York,,Self-Employed,2226
TG-101982,Applicant 1982,66198.0,690,Brooklyn,ny,Unemployed,4868
TG-101983,Applicant 1983,110872.0,729,Brooklyn,N.J.,Part Time,4035
TG-101984,Applicant 1984,113594.0,815,Jersey City,ny,Full Time,1259
TG-101985,Applicant 1985,100393.0,608, Newark,NJ,Full Time,1789
TG-101986,Applicant 1986,106753.0,686,Hoboken,,Part Time,3777
TG-101987,Applicant 1987,100485.0,547,Jersey City,NY,Part Time,4368
TG-101988,Applicant 1988,65756.0,757,Jersey City,,Full Time,3234
TG-101989,Applicant 1989,97958.0,582,Jersey City,, full time ,5268
TG-101990,Applicant 1990,109012.0,774,Brooklyn,ny,Unemployed,1976
TG-101991,Applicant 1991,107629.0,560,New York,NJ, full time ,1347
TG-101992,Applicant 1992,120667.0,548,Queens,ny,Self-Employed,1246
TG-101993,Applicant 1993,106249.0,798,Brooklyn,N.J.,Full Time,2467
TG-101994,Applicant 1994,95543.0,599,Queens,NJ,Full Time,2701
TG-101995,Applicant 1995,117105.0,570,Queens,NJ, full time ,2818
TG-101996,Applicant 1996,84204.0,631,Hoboken,NJ,Self-Employed,2864
TG-101997,Applicant 1997,58544.0,609,Jersey City,ny, full time ,5240
TG-101998,Applicant 1998,80108.0,748,Hoboken,,Self-Employed,4203
TG-101999,Applicant 1999,62653.0,669,Jersey City,,Part Time,3222
TG-102000,Applicant 2000,64745.0,762,Brooklyn,,Part Time,1409
TG-102001,Applicant 2001,80664.0,657,Queens,,Full Time,5482
TG-102002,Applicant 2002,61227.0,654,Hoboken,,Part Time,2387
TG-102003,Applicant 2003,75761.0,608, Newark,N.J., full time ,4253
TG-102004,Applicant 2004,28192.0,534,Brooklyn,NY,Self-Employed,1234
TG-102005,Applicant 2005,91399.0,693,Brooklyn,NJ,Full Time,3243
TG-102006,Applicant 2006,85036.0,609, Newark,NY,Part Time,2476
TG-102007,Applicant 2007,60487.0,732,Jersey City,N.J.,Full Time,4154
TG-102008,Applicant 2008,104777.0,580,Queens,,Full Time,1463
TG-102009,Applicant 2009,113127.0,739,Jersey City,N.J.,Self-Employed,2328
TG-102010,Applicant 2010,36773.0,580,Jersey City,N.J., full time ,4491
TG-102011,Applicant 2011,62118.0,685,Brooklyn,NY, full time ,1606
TG-102012,Applicant 2012,61926.0,531,Jersey City,NJ,Unemployed,3893
TG-102013,Applicant 2013,56803.0,735,New York,ny, full time ,2429
TG-102014,Applicant 2014,109884.0,999, Newark,ny,Part Time,3311
TG-102015,Applicant 2015,79185.0,751, Newark,NJ,Unemployed,4216
TG-102016,Applicant 2016,77065.0,631,Queens,,Unemployed,2071
TG-102017,Applicant 2017,24884.0,585, Newark,N.J.,Unemployed,5333
TG-102018,Applicant 2018,104063.0,701,Jersey City,,Unemployed,1672
TG-102019,Applicant 2019,47822.0,723,Jersey City,N.J., full time ,4777
TG-102020,Applicant 2020,86798.0,725,Hoboken,ny,Unemployed,5032
TG-102021,Applicant 2021,93321.0,805,Queens,NJ,Part Time,3341
TG-102022,Applicant 2022,125820.0,624,Queens,NY,Part Time,4108
TG-102023,Applicant 2023,45735.0,761, Newark,NY,Full Time,4086
TG-102024,Applicant 2024,-5585.0,999,Jersey City,NJ,Part Time,5311
TG-102025,Applicant 2025,90515.0,695,New York,ny,Full Time,2598
TG-102026,Applicant 2026,139015.0,730,Hoboken,N.J.,Part Time,1563
TG-102027,Applicant 2027,122168.0,550,New York,NY,Unemployed,1943
TG-102028,Applicant 2028,91290.0,754,Jersey City,ny,Self-Employed,4669
TG-102029,Applicant 2029,70251.0,761,Queens,NJ,Unemployed,3657
TG-102030,Applicant 2030,109214.0,672,Queens,, full time ,4884
TG-102031,Applicant 2031,55794.0,715,New York,ny,Full Time,3433
TG-102032,Applicant 2032,99291.0,788,Brooklyn,ny,Self-Employed,5241
TG-102033,Applicant 2033,100164.0,689,Jersey City,,Part Time,1669
TG-102034,Applicant 2034,116806.0,751,Queens,ny,Unemployed,1511
TG-102035,Applicant 2035,167790.0,703, Newark,NY,Full Time,4047
TG-102036,Applicant 2036,96772.0,794,Brooklyn,NY,Full Time,4349
TG-102037,Applicant 2037,69731.0,551,Queens,NY,Part Time,3369
TG-102038,Applicant 2038,84233.0,696, Newark,ny,Full Time,2188
TG-102039,Applicant 2039,31928.0,584,Queens,ny,Part Time,2631
TG-102040,Applicant 2040,64159.0,717,Brooklyn,ny,Part Time,5310
TG-102041,Applicant 2041,72722.0,546,New York,NJ,Unemployed,1413
TG-102042,Applicant 2042,69277.0,670,Jersey City,,Full Time,5347
TG-102043,Applicant 2043,89571.0,787,Brooklyn,ny, full time ,5352
TG-102044,Applicant 2044,60327.0,604,Brooklyn,, full time ,2512
TG-102045,Applicant 2045,118631.0,585,Queens,N.J.,Unemployed,4420
TG-102046,Applicant 2046,85006.0,652, Newark,NY,Unemployed,3655
TG-102047,Applicant 2047,84721.0,601,Brooklyn,NJ,Part Time,4640
TG-102048,Applicant 2048,75163.0,617,Jersey City,, full time ,3604
TG-102049,Applicant 2049,89656.0,592,New York,NY,Full Time,1899
,Applicant 2050,109753.0,549, Newark,NJ, full time ,2766
TG-102051,Applicant 2051,58986.0,644,New York,NY,Unemployed,2509
TG-102052,Applicant 2052,65257.0,729,New York,ny,Unemployed,1880
TG-102053,Applicant 2053,75888.0,791,Jersey City,ny,Part Time,2908
TG-102054,Applicant 2054,44624.0,732,Queens,NY,Full Time,5100
TG-102055,Applicant 2055,60422.0,652, Newark,NJ,Unemployed,3364
TG-102056,Applicant 2056,70713.0,676, Newark,NY,Full Time,2987
TG-102057,Applicant 2057,111232.0,566,Jersey City,N.J., full time ,1917
TG-102058,Applicant 2058,92877.0,541, Newark,NJ,Part Time,1920
TG-102059,Applicant 2059,90808.0,602,Brooklyn,NJ, full time ,4434
TG-102060,Applicant 2060,110527.0,753,Hoboken,NY,Unemployed,5057
TG-102061,Applicant 2061,80879.0,579,Hoboken,,Unemployed,3387
TG-102062,Applicant 2062,96714.0,707,Hoboken,NY,Full Time,5158
TG-102063,Applicant 2063,81903.0,577,New York,,Unemployed,4952
TG-102064,Applicant 2064,92961.0,778, Newark,NJ,Full Time,5439
TG-102065,Applicant 2065,67517.0,681,Jersey City,ny,Self-Employed,3469
TG-102066,Applicant 2066,11835.0,521, Newark,ny,Unemployed,1980
TG-102067,Applicant 2067,80972.0,790,Jersey City,NY, full time ,1829
TG-102068,Applicant 2068,127682.0,662, Newark,, full time ,5121
TG-102069,Applicant 2069,112786.0,707,New York,NY,Full Time,4277
TG-102070,Applicant 2070,113962.0,743,Brooklyn,N.J.,Self-Employed,4512
TG-102071,Applicant 2071,122084.0,699,Hoboken,NY,Unemployed,4326
TG-102072,Applicant 2072,87660.0,542,Hoboken,NY,Part Time,3630
TG-102073,Applicant 2073,90919.0,556, Newark,NY,Part Time,4741
TG-102074,Applicant 2074,66470.0,626,New York,NY, full time ,4342
TG-102075,Applicant 2075,75518.0,816,Hoboken,,Unemployed,2829
TG-102076,Applicant 2076,103473.0,748, Newark,,Part Time,2673
TG-102077,Applicant 2077,121117.0,616,Queens,,Full Time,1679
TG-102078,Applicant 2078,80817.0,800, Newark,N.J.,Unemployed,3269
TG-102079,Applicant 2079,71494.0,629,Jersey City,N.J., full time ,1760
TG-102080,Applicant 2080,85016.0,556,Hoboken,NY,Self-Employed,3895
TG-102081,Applicant 2081,103036.0,559,Hoboken,,Full Time,3859
TG-102082,Applicant 2082,41684.0,604,Queens,N.J.,Full Time,3959
TG-102083,Applicant 2083,16115.0,707,Brooklyn,ny,Unemployed,3203
TG-102084,Applicant 2084,68484.0,759, Newark,NY,Self-Employed,5416
TG-102085,Applicant 2085 ,,538,Brooklyn,NJ,Full Time,3986
TG-102086,Applicant 2086,69756.0,780, Newark,,Self-Employed,5192
TG-102087,Applicant 2087,,677,Queens,NY, full time ,2661
TG-102088,Applicant 2088,71403.0,631,Brooklyn,NY,Full Time,2094
TG-102089,Applicant 2089,128574.0,663,New York,NJ,Part Time,2206
TG-102090,Applicant 2090,94802.0,775,Queens,ny, full time ,5482
TG-102091,Applicant 2091,94014.0,537, Newark,N.J., full time ,1717
TG-102092,Applicant 2092,103666.0,703,Jersey City,N.J.,Full Time,2200
TG-102093,Applicant 2093,50835.0,806,Jersey City,NJ,Part Time,4947
TG-102094,Applicant 2094,116173.0,650,Jersey City,NJ,Self-Employed,1839
TG-102095,Applicant 2095,82727.0,800, Newark,N.J.,Part Time,1929
TG-102096,Applicant 2096,105114.0,764,Hoboken,ny, full time ,1632
TG-102097,Applicant 2097,52844.0,527,Queens,ny,Full Time,5137
TG-102098,Applicant 2098,38387.0,712,Queens,NY,Part Time,4010
TG-102099,Applicant 2099,109537.0,526,Brooklyn,NJ,Part Time,4137
TG-102100,Applicant 2100,96292.0,655,Queens,NJ, full time ,5396
TG-102101,Applicant 2101,57938.0,538,Queens,NJ,Self-Employed,2321
TG-102102,Applicant 2102,58910.0,658,Brooklyn,N.J.,Part Time,3526
TG-102103,Applicant 2103,118763.0,696,Queens,N.J.,Part Time,3078
TG-102104,Applicant 2104,49318.0,530,Queens,N.J.,Unemployed,4616
TG-102105,Applicant 2105,134280.0,560,New York,ny, full time ,4142
TG-102106,Applicant 2106,57981.0,633, Newark,N.J.,Unemployed,2814
TG-102107,Applicant 2107,104152.0,699,Brooklyn,NY, full time ,2262
TG-102108,Applicant 2108,75141.0,713,New York,N.J., full time ,3672
TG-102109,Applicant 2109,103096.0,715,Hoboken,ny,Unemployed,1718
TG-102110,Applicant 2110,68677.0,744,Brooklyn,NJ,Self-Employed,4624
TG-102111,Applicant 2111,80116.0,780, Newark,NY,Self-Employed,1409
TG-102112,Applicant 2112,86228.0,635,Queens,ny, full time ,2066
TG-102113,Applicant 2113,54934.0,669,Queens,,Unemployed,5140
TG-102114,Applicant 2114,107225.0,637,New York,NJ,Part Time,1375
TG-102115,Applicant 2115,69604.0,684,New York,N.J., full time ,4729
TG-102116,Applicant 2116,78142.0,771,Hoboken,ny, full time ,1416
TG-102117,Applicant 2117,55170.0,786,Hoboken,,Full Time,4110
TG-102118,Applicant 2118,8130.0,563, Newark,ny,Self-Employed,1803
TG-102119,Applicant 2119,79269.0,700,Queens,N.J.,Unemployed,2942
TG-102120,Applicant 2120,157378.0,596,Jersey City,ny,Part Time,4503
TG-102121,Applicant 2121,108538.0,635,Hoboken,,Part Time,2019
TG-102122,Applicant 2122,84422.0,586,Queens,ny, full time ,2261
TG-102123,Applicant 2123,77113.0,532,Hoboken,NY,Part Time,3671
TG-102124,Applicant 2124,85674.0,611,Brooklyn,NY,Part Time,4670
TG-102125,Applicant 2125,101414.0,765,New York,N.J., full time ,4212
TG-102126,Applicant 2126,49576.0,786,Queens,,Self-Employed,4155
TG-102127,Applicant 2127,118430.0,658,Hoboken,,Full Time,3826
TG-102128,Applicant 2128,106461.0,763,New York,,Self-Employed,1384
TG-102129,Applicant 2129,106546.0,792,Jersey City,,Self-Employed,4648
TG-102130,Applicant 2130,98154.0,710,Hoboken,,Full Time,1801
TG-102131,Applicant 2131,85588.0,999,Queens,NJ, full time ,2509
TG-102132,Applicant 2132,105186.0,724,Brooklyn,ny,Self-Employed,2571
TG-102133,Applicant 2133,102754.0,656,New York,,Unemployed,3966
TG-102134,Applicant 2134,74379.0,596,New York,NY,Unemployed,2212
TG-102135,Applicant 2135,67792.0,556,Brooklyn,ny,Full Time,3054
TG-102136,Applicant 2136,88056.0,805,Queens,N.J.,Unemployed,1206
TG-102137,Applicant 2137,131471.0,654, Newark,N.J., full time ,1387
TG-102138,Applicant 2138 ,47827.0,661,Jersey City,,Part Time,5245
TG-102139,Applicant 2139,40974.0,773, Newark,NJ, full time ,2823
TG-102140,Applicant 2140,89943.0,567,Brooklyn,NJ,Full Time,2339
TG-102141,Applicant 2141,86527.0,774,Jersey City,ny,Part Time,1262
TG-102142,Applicant 2142,90200.0,653,Queens,NJ,Unemployed,1640
TG-102143,Applicant 2143,,809,Hoboken,N.J.,Self-Employed,2567
TG-102144,Applicant 2144,78304.0,727,Hoboken,,Unemployed,1786
TG-102145,Applicant 2145,129696.0,620, Newark,NY, full time ,1578
TG-102146,Applicant 2146,36973.0,565,Queens,N.J., full time ,2455
TG-102147,Applicant 2147,60145.0,589,Jersey City,N.J.,Full Time,3687
TG-102148,Applicant 2148,81902.0,655, Newark,ny,Self-Employed,3641
TG-102149,Applicant 2149,35704.0,799,Brooklyn,NJ,Self-Employed,5146
TG-102150,Applicant 2150 ,79724.0,586, Newark,NY,Part Time,1936
TG-102151,Applicant 2151,134844.0,523,Queens,NY,Part Time,4547
TG-102152,Applicant 2152,85627.0,743,Queens,NJ, full time ,2073
TG-102153,Applicant 2153,91921.0,520,Hoboken,,Full Time,4438
TG-102154,Applicant 2154,,809,Brooklyn,NJ, full time ,1298
TG-102155,Applicant 2155,,628,Hoboken,,Self-Employed,3659
TG-102156,Applicant 2156,73744.0,784,Jersey City,NY,Self-Employed,4499
TG-102157,Applicant 2157,75469.0,582,Jersey City,ny, full time ,1613
TG-102158,Applicant 2158,123449.0,785,New York,N.J.,Self-Employed,1513
TG-102159,Applicant 2159,101731.0,657,Queens,NY,Part Time,3573
TG-102160,Applicant 2160,51656.0,563,Brooklyn,NY,Self-Employed,2985
TG-102161,Applicant 2161,92395.0,781,Brooklyn,NY,Part Time,2632
TG-102162,Applicant 2162,99947.0,735,Hoboken,N.J.,Unemployed,2794
TG-102163,Applicant 2163,119204.0,640, Newark,,Full Time,4783
TG-102164,Applicant 2164,132416.0,671, Newark,ny,Full Time,1537
TG-102165,Applicant 2165,54547.0,732,Hoboken,ny,Self-Employed,1757
TG-102166,Applicant 2166,60674.0,753, Newark,ny,Full Time,5499
TG-102167,Applicant 2167,47273.0,630,Brooklyn,,Unemployed,2416
TG-102168,Applicant 2168,77979.0,741,Hoboken,NJ,Self-Employed,5110
TG-102169,Applicant 2169,98991.0,745, Newark,NJ,Part Time,4630
TG-102170,Applicant 2170,114620.0,729,New York,ny,Unemployed,1935
TG-102171,Applicant 2171,82721.0,590,Queens,NY,Unemployed,4525
TG-102172,Applicant 2172,75405.0,608,New York,NY,Full Time,3531
TG-102173,Applicant 2173,89553.0,781, Newark,N.J.,Part Time,3465
TG-102174,Applicant 2174,59946.0,707,Jersey City,NJ, full time ,4823
TG-102175,Applicant 2175,147686.0,631,Brooklyn,NY,Unemployed,1381
TG-102176,Applicant 2176,36770.0,758,New York,ny,Full Time,1407
TG-102177,Applicant 2177,90542.0,775,New York,N.J.,Unemployed,3670
TG-102178,Applicant 2178,,669,Hoboken,NJ,Part Time,2393
TG-102179,Applicant 2179,85204.0,646,Hoboken,N.J.,Part Time,5434
TG-102180,Applicant 2180,79299.0,793,Hoboken,NY,Self-Employed,2389
TG-102181,Applicant 2181,74277.0,658, Newark,ny, full time ,2858
TG-102182,Applicant 2182,79588.0,622,Jersey City,ny, full time ,1625
TG-102183,Applicant 2183,126185.0,761,New York,ny,Full Time,4777
TG-102184,Applicant 2184,18644.0,636,Queens,NY, full time ,2629
TG-102185,Applicant 2185,131003.0,733,Hoboken,,Part Time,1768
TG-102186,Applicant 2186,42281.0,536,Jersey City,ny, full time ,3826
TG-102187,Applicant 2187,77000.0,698, Newark,,Full Time,1430
TG-102188,Applicant 2188,72123.0,743,Jersey City,ny,Unemployed,2194
TG-102189,Applicant 2189,102657.0,789,Hoboken,, full time ,2856
TG-102190,Applicant 2190,37056.0,653,Brooklyn,NJ, full time ,5239
TG-102191,Applicant 2191,98865.0,633,New York,NJ,Part Time,1989
TG-102192,Applicant 2192,145729.0,651,Hoboken,ny,Part Time,3825
TG-102193,Applicant 2193,44105.0,658,Queens,N.J.,Unemployed,2236
TG-102194,Applicant 2194,90691.0,751,New York,N.J.,Self-Employed,2812
TG-102195,Applicant 2195,65141.0,611,Jersey City,NY, full time ,1538
TG-102196,Applicant 2196 ,97777.0,786,Queens,NJ,Part Time,1785
TG-102197,Applicant 2197,85574.0,618,New York,NJ,Self-Employed,1621
TG-102198,Applicant 2198,65755.0,726,Queens,N.J., full time ,2513
TG-102199,Applicant 2199,99636.0,527,Jersey City,ny, full time ,2513
TG-102200,Applicant 2200,139130.0,612,Hoboken,NY,Self-Employed,5042
TG-102201,Applicant 2201,79273.0,677,Queens,NJ,Part Time,2377
TG-102202,Applicant 2202,106593.0,618,Hoboken,NY,Unemployed,2938
TG-102203,Applicant 2203,46202.0,744,Jersey City,NJ, full time ,2866
TG-102204,Applicant 2204,56307.0,727,Jersey City,,Full Time,5423
TG-102205,Applicant 2205,99172.0,592,Queens,,Full Time,1714
TG-102206,Applicant 2206,129523.0,578,Queens,NY,Full Time,4529
TG-102207,Applicant 2207,95668.0,806,Jersey City,N.J.,Unemployed,2188
TG-102208,Applicant 2208,75608.0,583,Queens,N.J., full time ,5395
TG-102209,Applicant 2209,84979.0,775,Queens,NJ,Part Time,2617
TG-102210,Applicant 2210,47488.0,567,Queens,,Part Time,3925
TG-102211,Applicant 2211,103135.0,798, Newark,,Unemployed,3396
TG-102212,Applicant 2212,111470.0,717,Queens,NY, full time ,3214
TG-102213,Applicant 2213,71437.0,677,New York,NY,Self-Employed,1650
TG-102214,Applicant 2214,70899.0,526,Jersey City,N.J.,Self-Employed,1733
TG-102215,Applicant 2215,92976.0,767,Jersey City,N.J., full time ,4115
TG-102216,Applicant 2216,71898.0,751,Brooklyn,N.J., full time ,2743
TG-102217,Applicant 2217,83016.0,625,Hoboken,ny,Part Time,2018
TG-102218,Applicant 2218,147992.0,617,Brooklyn,,Unemployed,2889
TG-102219,Applicant 2219,77589.0,787,Queens,,Unemployed,3493
TG-102220,Applicant 2220,74250.0,579,Queens,NY,Part Time,2672
TG-102221,Applicant 2221,65574.0,659,New York,,Full Time,3401
TG-102222,Applicant 2222,107326.0,709,New York,NY,Self-Employed,1445
TG-102223,Applicant 2223,79563.0,644,New York,ny, full time ,2014
TG-102224,Applicant 2224,65519.0,682,New York,N.J.,Self-Employed,4314
TG-102225,Applicant 2225,124639.0,579,New York,ny,Self-Employed,1592
TG-102226,Applicant 2226,127588.0,550,New York,N.J.,Unemployed,5458
TG-102227,Applicant 2227,66987.0,595,New York,N.J.,Part Time,2370
TG-102228,Applicant 2228,29004.0,762,New York,NY,Full Time,4427
TG-102229,Applicant 2229,115225.0,777, Newark,N.J.,Full Time,3762
TG-102230,Applicant 2230,64461.0,709,New York,ny,Part Time,3393
TG-102231,Applicant 2231 ,108719.0,815,Jersey City,NJ,Self-Employed,4783
TG-102232,Applicant 2232,25897.0,696,New York,NY,Part Time,4540
TG-102233,Applicant 2233,111778.0,807,Hoboken,N.J.,Part Time,3543
TG-102234,Applicant 2234,48665.0,813,New York,N.J., full time ,3561
TG-102235,Applicant 2235,106923.0,726, Newark,, full time ,3816
TG-102236,Applicant 2236,85428.0,734,Queens,NY,Self-Employed,3724
TG-102237,Applicant 2237,56382.0,660, Newark,NY,Unemployed,2342
TG-102238,Applicant 2238,72789.0,604, Newark,ny,Full Time,3781
TG-102239,Applicant 2239,105590.0,701,Queens,NJ, full time ,4834
TG-102240,Applicant 2240,88177.0,647,New York,ny,Self-Employed,1787
TG-102241,Applicant 2241,102532.0,788,New York,ny,Part Time,2389
TG-102242,Applicant 2242,144293.0,558,Queens,ny, full time ,1260
TG-102243,Applicant 2243,38073.0,542,Hoboken,NJ,Part Time,3040
TG-102244,Applicant 2244,133516.0,761,Brooklyn,ny,Part Time,2502
TG-102245,Applicant 2245,88131.0,626,Jersey City,NY, full time ,1236
TG-102246,Applicant 2246,58036.0,661,Queens,NJ,Self-Employed,2357
TG-102247,Applicant 2247,45091.0,664,New York,N.J.,Full Time,4159
TG-102248,Applicant 2248,79326.0,799,Jersey City,,Self-Employed,2620
TG-102249,Applicant 2249,112650.0,764,New York,,Unemployed,4523
TG-102250,Applicant 2250,81174.0,710,Brooklyn,NY,Unemployed,1706
TG-102251,Applicant 2251,130335.0,809,Brooklyn,,Full Time,2814
TG-102252,Applicant 2252,41465.0,698,Queens,,Unemployed,2467
TG-102253,Applicant 2253,84637.0,631,Jersey City,,Part Time,2172
TG-102254,Applicant 2254,47428.0,733, Newark,N.J.,Unemployed,1649
TG-102255,Applicant 2255,95909.0,657,Jersey City,, full time ,5415
TG-102256,Applicant 2256,111607.0,719, Newark,ny,Part Time,4580
TG-102257,Applicant 2257,72377.0,526,Brooklyn,NY,Self-Employed,1411
TG-102258,Applicant 2258 ,6874.0,532,New York,NY,Full Time,3531
TG-102259,Applicant 2259,90968.0,599, Newark,NY, full time ,4801
TG-102260,Applicant 2260,98102.0,805, Newark,N.J., full time ,2264
TG-102261,Applicant 2261,97129.0,678,Queens,N.J.,Full Time,2646
TG-102262,Applicant 2262,122073.0,791,Hoboken,,Unemployed,4216
TG-102263,Applicant 2263,52868.0,720,Brooklyn,ny,Full Time,2732
TG-102264,Applicant 2264,105406.0,669, Newark,,Full Time,4153
TG-102265,Applicant 2265,120775.0,815,Brooklyn,NY,Unemployed,3033
TG-102266,Applicant 2266,31642.0,812,Queens,ny,Self-Employed,3607
TG-102267,Applicant 2267,94590.0,791,New York,NY,Full Time,4505
TG-102268,Applicant 2268,69875.0,562,Jersey City,ny,Unemployed,2556
TG-102269,Applicant 2269,,534,Brooklyn,NJ, full time ,3453
TG-102270,Applicant 2270,95430.0,767,Queens,N.J.,Full Time,5197
TG-102271,Applicant 2271,70383.0,691,Queens,N.J.,Full Time,3336
TG-102272,Applicant 2272,64729.0,737,Queens,NY,Self-Employed,2135
TG-102273,Applicant 2273,86025.0,656,Jersey City,NY,Self-Employed,2322
TG-102274,Applicant 2274,52383.0,746,Brooklyn,NJ, full time ,2709
TG-102275,Applicant 2275,52425.0,563, Newark,,Self-Employed,1910
TG-102276,Applicant 2276,105381.0,539,Queens,ny, full time ,2193
TG-102277,Applicant 2277,50536.0,638,Jersey City,NJ,Full Time,1254
TG-102278,Applicant 2278,104989.0,753,New York,NJ,Unemployed,2840
TG-102279,Applicant 2279,98878.0,781,Hoboken,NY,Self-Employed,3561
TG-102280,Applicant 2280,33226.0,602,Brooklyn,NY, full time ,4375
TG-102281,Applicant 2281,64673.0,550,Jersey City,,Self-Employed,2956
TG-102282,Applicant 2282,120823.0,793,Hoboken,,Self-Employed,1975
TG-102283,Applicant 2283,55565.0,753,Hoboken,NY,Part Time,1555
TG-102284,Applicant 2284,71068.0,547,Jersey City,N.J.,Full Time,4650
TG-102285,Applicant 2285,98862.0,771, Newark,,Self-Employed,3942
TG-102286,Applicant 2286,108502.0,772, Newark,NJ,Unemployed,1763
TG-102287,Applicant 2287,77454.0,758,Jersey City,NY,Part Time,3594
TG-102288,Applicant 2288,67075.0,694,Jersey City,ny, full time ,4092
TG-102289,Applicant 2289,127671.0,713,Queens,ny, full time ,2726
TG-102290,Applicant 2290,137167.0,699,New York,N.J.,Unemployed,5320
TG-102291,Applicant 2291,114366.0,814, Newark,NY,Unemployed,5387
TG-102292,Applicant 2292,87560.0,734,Queens,NJ,Full Time,3576
TG-102293,Applicant 2293,60752.0,722,Hoboken,N.J.,Unemployed,2761
TG-102294,Applicant 2294,60087.0,769,Hoboken,NJ, full time ,4219
TG-102295,Applicant 2295,100675.0,776,Hoboken,ny,Full Time,4144
TG-102296,Applicant 2296 ,97552.0,594,Jersey City,NJ,Unemployed,5191
TG-102297,Applicant 2297,127048.0,721,Brooklyn,ny,Unemployed,1741
TG-102298,Applicant 2298,104514.0,661,Queens,, full time ,3773
TG-102299,Applicant 2299,39908.0,725,Brooklyn,ny,Full Time,2353
TG-102300,Applicant 2300,,718,New York,ny,Part Time,4789
TG-102301,Applicant 2301,55058.0,690,New York,N.J.,Part Time,2946
TG-102302,Applicant 2302,73481.0,747,Queens,N.J.,Full Time,2372
TG-102303,Applicant 2303,92506.0,698,Hoboken,NY,Unemployed,2499
TG-102304,Applicant 2304,144870.0,794, Newark,NY,Unemployed,4932
TG-102305,Applicant 2305,178298.0,581,New York,ny,Full Time,4467
TG-102306,Applicant 2306,103202.0,723,Brooklyn,,Part Time,1270
TG-102307,Applicant 2307,79504.0,652,Brooklyn,NY,Self-Employed,2422
TG-102308,Applicant 2308,101035.0,591, Newark,ny, full time ,1801
TG-102309,Applicant 2309,111630.0,597,Jersey City,N.J.,Full Time,2688
TG-102310,Applicant 2310,75380.0,708,Hoboken,NY,Self-Employed,4361
TG-102311,Applicant 2311,138856.0,590,Jersey City,NY, full time ,4094
TG-102312,Applicant 2312,91902.0,782,Queens,ny,Self-Employed,3011
TG-102313,Applicant 2313,99932.0,565,New York,ny,Self-Employed,2972
TG-102314,Applicant 2314,104978.0,743, Newark,NJ, full time ,1200
TG-102315,Applicant 2315,97648.0,769, Newark,NJ,Self-Employed,3381
TG-102316,Applicant 2316,110168.0,595, Newark,,Part Time,4523
TG-102317,Applicant 2317,66482.0,593,Jersey City,NY,Full Time,3977
TG-102318,Applicant 2318,68251.0,661,Jersey City,NJ,Part Time,2108
TG-102319,Applicant 2319,51995.0,592,Queens,ny,Part Time,3122
TG-102320,Applicant 2320,98185.0,621,Brooklyn,NY, full time ,3186
TG-102321,Applicant 2321,,613,Brooklyn,NJ, full time ,5242
TG-102322,Applicant 2322,98733.0,588,Queens,, full time ,3037
TG-102323,Applicant 2323,135235.0,584, Newark,,Self-Employed,4841
TG-102324,Applicant 2324,84832.0,712,Brooklyn,,Self-Employed,1700
TG-102325,Applicant 2325,105062.0,581,Queens,,Full Time,3022
TG-102326,Applicant 2326,52249.0,539,Brooklyn,ny,Self-Employed,2531
TG-102327,Applicant 2327,73387.0,760,Queens,,Full Time,4152
TG-102328,Applicant 2328,105866.0,722,Brooklyn,N.J.,Part Time,2826
TG-102329,Applicant 2329,110473.0,819, Newark,,Full Time,2427
TG-102330,Applicant 2330,76181.0,714,Jersey City,NJ,Full Time,3255
TG-102331,Applicant 2331,82852.0,581,Jersey City,NY, full time ,3355
TG-102332,Applicant 2332,,626, Newark,NJ,Self-Employed,3077
TG-102333,Applicant 2333,74289.0,644,Brooklyn,NY,Unemployed,5261
TG-102334,Applicant 2334,111711.0,786, Newark,ny,Unemployed,4064
TG-102335,Applicant 2335,102256.0,721,Queens,NY, full time ,3770
TG-102336,Applicant 2336,100020.0,681,Jersey City,N.J.,Part Time,2596
TG-102337,Applicant 2337,86493.0,631,New York,,Part Time,5478
TG-102338,Applicant 2338,85212.0,551,Brooklyn,NJ,Part Time,4169
TG-102339,Applicant 2339,65190.0,617,New York,NY,Full Time,4789
TG-102340,Applicant 2340,105965.0,766,New York,NJ,Self-Employed,3091
TG-102341,Applicant 2341,97629.0,780,Hoboken,,Part Time,2473
TG-102342,Applicant 2342,99761.0,710,New York,ny,Unemployed,3445
TG-102343,Applicant 2343,69219.0,548,New York,,Full Time,4910
TG-102344,Applicant 2344,20400.0,567, Newark,ny,Part Time,1236
TG-102345,Applicant 2345,117915.0,769,Hoboken,NJ,Part Time,4140
TG-102346,Applicant 2346,70635.0,999,Hoboken,ny,Self-Employed,1620
TG-102347,Applicant 2347,59117.0,791,Hoboken,ny,Self-Employed,4279
TG-102348,Applicant 2348,105804.0,672,Queens,ny,Full Time,5415
TG-102349,Applicant 2349,73240.0,804,Hoboken,ny,Unemployed,5008
TG-102350,Applicant 2350,116798.0,699, Newark,ny, full time ,3619
TG-102351,Applicant 2351,103510.0,672,Queens,NY,Unemployed,3480
TG-102352,Applicant 2352,105507.0,753,Brooklyn,ny,Self-Employed,3534
TG-102353,Applicant 2353,44021.0,542,Queens,ny,Self-Employed,1937
TG-102354,Applicant 2354,121358.0,613,Brooklyn,, full time ,2618
TG-102355,Applicant 2355,92838.0,764,Hoboken,,Unemployed,3241
TG-102356,Applicant 2356,73922.0,809,Hoboken,,Unemployed,2985
TG-102357,Applicant 2357,,679,Brooklyn,ny, full time ,2262
TG-102358,Applicant 2358,31713.0,804,Jersey City,,Self-Employed,4768
TG-102359,Applicant 2359,97260.0,528, Newark,NY,Full Time,1571
TG-102360,Applicant 2360,54119.0,704,Queens,NJ,Unemployed,3796
TG-102361,Applicant 2361,44420.0,814, Newark,,Part Time,2202
TG-102362,Applicant 2362,39329.0,654, Newark,,Unemployed,3723
TG-102363,Applicant 2363,,629,New York,NY,Unemployed,2618
TG-102364,Applicant 2364,66122.0,588,Hoboken,N.J.,Unemployed,4401
TG-102365,Applicant 2365,131012.0,655,Queens,N.J.,Self-Employed,1826
,Applicant 2366,68926.0,615, Newark,NY,Part Time,3021
TG-102367,Applicant 2367,33779.0,638,Queens,,Unemployed,4161
TG-102368,Applicant 2368,51504.0,793, Newark,NJ,Full Time,2846
TG-102369,Applicant 2369,122074.0,999,Hoboken,,Part Time,3199
TG-102370,Applicant 2370,80323.0,756, Newark,NY, full time ,3835
TG-102371,Applicant 2371,68551.0,791,Brooklyn,NY,Full Time,3543
TG-102372,Applicant 2372,89801.0,796,Hoboken,ny, full time ,4359
TG-102373,Applicant 2373,100053.0,657,Queens,NY,Unemployed,2209
TG-102374,Applicant 2374,118522.0,651,Jersey City,ny,Self-Employed,4418
TG-102375,Applicant 2375,128455.0,563, Newark,NY,Unemployed,5350
TG-102376,Applicant 2376,74207.0,642,Brooklyn,ny,Unemployed,4012
TG-102377,Applicant 2377,45219.0,655,Hoboken,ny, full time ,4940
TG-102378,Applicant 2378,72596.0,645,New York,,Unemployed,5238
TG-102379,Applicant 2379,92808.0,794,Hoboken,ny,Full Time,5034
TG-102380,Applicant 2380,,583,Queens,N.J.,Self-Employed,2999
TG-102381,Applicant 2381,56285.0,815,Queens,NY, full time ,4084
TG-102382,Applicant 2382,95314.0,751,New York,NJ,Part Time,2522
TG-102383,Applicant 2383,83540.0,570,Brooklyn,NY,Unemployed,3809
TG-102384,Applicant 2384,85984.0,656,Queens,, full time ,1924
TG-102385,Applicant 2385,62245.0,677,Brooklyn,,Unemployed,3611
TG-102386,Applicant 2386,78088.0,575,Brooklyn,ny,Unemployed,2515
TG-102387,Applicant 2387,57273.0,600,Hoboken,, full time ,2612
TG-102388,Applicant 2388,111706.0,751,Brooklyn,,Full Time,4742
TG-102389,Applicant 2389,116057.0,647, Newark,NY,Part Time,2754
TG-102390,Applicant 2390,,645,Queens,N.J.,Unemployed,1625
TG-102391,Applicant 2391,57115.0,599,Queens,N.J.,Full Time,5149
TG-102392,Applicant 2392,40104.0,694,Jersey City,ny,Unemployed,1503
TG-102393,Applicant 2393,65499.0,664,Brooklyn,,Unemployed,1303
TG-102394,Applicant 2394,82497.0,645,Jersey City,,Full Time,1563
TG-102395,Applicant 2395,41511.0,701,Hoboken,N.J.,Unemployed,4047
TG-102396,Applicant 2396,57344.0,738,Jersey City,ny,Part Time,3923
TG-102397,Applicant 2397,54881.0,797,Brooklyn,, full time ,5148
TG-102398,Applicant 2398,91218.0,602,Queens,ny,Full Time,2308
TG-102399,Applicant 2399,87080.0,660,Hoboken,NY,Self-Employed,3615
TG-102400,Applicant 2400,63348.0,614,Brooklyn,,Unemployed,3097
TG-102401,Applicant 2401,90305.0,713,Hoboken,, full time ,1914
TG-102402,Applicant 2402,68600.0,629,New York,,Part Time,4072
TG-102403,Applicant 2403,76850.0,571,Brooklyn,N.J.,Part Time,2402
TG-102404,Applicant 2404,135204.0,622,New York,N.J.,Self-Employed,1291
TG-102405,Applicant 2405,125214.0,620,Jersey City,,Part Time,2723
TG-102406,Applicant 2406,46013.0,661,Brooklyn,, full time ,5179
TG-102407,Applicant 2407,109892.0,720,New York,NY,Self-Employed,1368
TG-102408,Applicant 2408,109342.0,718, Newark,NY,Full Time,2519
TG-102409,Applicant 2409,50552.0,803,Queens,ny,Self-Employed,3440
TG-102410,Applicant 2410,109563.0,736,Jersey City,ny,Full Time,2069
TG-102411,Applicant 2411,131138.0,565,Brooklyn,N.J.,Part Time,3966
TG-102412,Applicant 2412,51324.0,547,Brooklyn,NJ, full time ,4557
TG-102413,Applicant 2413,57475.0,521,Queens,NY,Unemployed,4487
TG-102414,Applicant 2414,115530.0,536,Queens,ny,Self-Employed,2174
TG-102415,Applicant 2415,93145.0,596,New York,NY,Part Time,5338
TG-102416,Applicant 2416,101544.0,684,New York,NY, full time ,3428
TG-102417,Applicant 2417,95218.0,616,New York,NJ,Unemployed,3758
TG-102418,Applicant 2418,96721.0,624,Hoboken,NY,Self-Employed,3709
TG-102419,Applicant 2419,45206.0,543,Jersey City,NJ, full time ,3533
TG-102420,Applicant 2420,116420.0,719,Brooklyn,NJ,Part Time,2520
TG-102421,Applicant 2421,120088.0,554,Jersey City,NY,Self-Employed,2779
TG-102422,Applicant 2422,78118.0,521,Queens,NY,Self-Employed,3108
TG-102423,Applicant 2423,83696.0,808, Newark,ny,Full Time,2984
TG-102424,Applicant 2424,39067.0,657,Jersey City,NY,Full Time,3115
TG-102425,Applicant 2425,100428.0,581,Jersey City,NY,Self-Employed,4180
TG-102426,Applicant 2426,102162.0,818,New York,NY, full time ,1456
TG-102427,Applicant 2427,83134.0,716,Queens,ny,Part Time,2440
TG-102428,Applicant 2428,118731.0,578,Jersey City,NJ,Unemployed,3769
TG-102429,Applicant 2429,74978.0,784,Brooklyn,ny,Full Time,1949
TG-102430,Applicant 2430,101938.0,707,New York,NY,Part Time,4522
TG-102431,Applicant 2431,54410.0,582,Jersey City,,Self-Employed,4486
TG-102432,Applicant 2432,84293.0,798,Queens,NY,Part Time,1933
TG-102433,Applicant 2433,79769.0,549, Newark,ny,Part Time,3586
TG-102434,Applicant 2434,91759.0,690,Brooklyn,ny,Part Time,2459
,Applicant 2435,73914.0,540, Newark,N.J.,Self-Employed,3613
TG-102436,Applicant 2436,81056.0,818,Queens,,Full Time,4105
TG-102437,Applicant 2437,109781.0,720,Queens,ny,Unemployed,3696
TG-102438,Applicant 2438,71897.0,654,Queens,NJ, full time ,3754
TG-102439,Applicant 2439,36803.0,791, Newark,NY,Full Time,4904
TG-102440,Applicant 2440,137488.0,542,Hoboken,NJ,Unemployed,3309
TG-102441,Applicant 2441,126444.0,606,Brooklyn,ny,Self-Employed,4602
TG-102442,Applicant 2442,46232.0,550,Queens,ny,Unemployed,5482
TG-102443,Applicant 2443,105691.0,640,Hoboken,NJ,Self-Employed,2728
TG-102444,Applicant 2444,69911.0,588,New York,NJ,Unemployed,2050
TG-102445,Applicant 2445,92905.0,653,Hoboken,N.J.,Full Time,3501
TG-102446,Applicant 2446,93827.0,665,New York,NY,Self-Employed,4823
TG-102447,Applicant 2447,77968.0,782, Newark,NJ,Part Time,4495
TG-102448,Applicant 2448,61487.0,812,Hoboken,NY,Self-Employed,2579
TG-102449,Applicant 2449,64284.0,605, Newark,,Self-Employed,4698
TG-102450,Applicant 2450,57514.0,535,Queens,ny,Unemployed,2615
TG-102451,Applicant 2451,60045.0,735,Hoboken,NJ,Self-Employed,3469
TG-102452,Applicant 2452,82985.0,635,Hoboken,,Unemployed,4007
TG-102453,Applicant 2453,63527.0,637,Queens,ny,Full Time,2999
TG-102454,Applicant 2454,105462.0,789,New York,N.J.,Self-Employed,4808
TG-102455,Applicant 2455,129617.0,681,Queens,ny,Part Time,4013
,Applicant 2456,67598.0,707,Brooklyn,NJ,Part Time,3202
TG-102457,Applicant 2457,92182.0,623,Hoboken,,Full Time,3319
TG-102458,Applicant 2458,99991.0,660,Brooklyn,,Part Time,1655
TG-102459,Applicant 2459,,686,Queens,,Unemployed,4346
TG-102460,Applicant 2460,87279.0,819, Newark,ny,Self-Employed,4084
TG-102461,Applicant 2461,107280.0,999,Queens,NY, full time ,2138
TG-102462,Applicant 2462,99467.0,791,Jersey City,NY,Self-Employed,2884
TG-102463,Applicant 2463,47870.0,569,Brooklyn,ny,Self-Employed,3765
TG-102464,Applicant 2464,111075.0,675,Jersey City,NJ, full time ,4609
TG-102465,Applicant 2465,111619.0,640,Brooklyn,ny,Part Time,3285
TG-102466,Applicant 2466,62101.0,659, Newark,NY,Part Time,3566
TG-102467,Applicant 2467,86138.0,535,Jersey City,ny,Self-Employed,1339
TG-102468,Applicant 2468,105500.0,568,Jersey City,,Part Time,1626
TG-102469,Applicant 2469,78721.0,683,Brooklyn,NJ,Unemployed,4102
TG-102470,Applicant 2470,,581,Queens,NJ,Unemployed,3217
TG-102471,Applicant 2471,155916.0,673,New York,N.J., full time ,2418
TG-102472,Applicant 2472,61420.0,669,Queens,ny,Self-Employed,3112
TG-102473,Applicant 2473,43569.0,592,New York,,Unemployed,4881
TG-102474,Applicant 2474,94115.0,588,Brooklyn,ny,Full Time,3636
TG-102475,Applicant 2475,106647.0,696,Hoboken,N.J.,Part Time,2652
TG-102476,Applicant 2476,78074.0,521,Queens,N.J.,Self-Employed,2917
TG-102477,Applicant 2477,128598.0,638,Jersey City,ny,Unemployed,3399
TG-102478,Applicant 2478,44842.0,526,Queens,ny, full time ,4374
TG-102479,Applicant 2479,105788.0,774,Brooklyn,ny,Unemployed,2628
TG-102480,Applicant 2480,66824.0,594,Hoboken,NY,Full Time,2511
TG-102481,Applicant 2481,136581.0,714,Hoboken,N.J.,Unemployed,1946
TG-102482,Applicant 2482,144775.0,706,Queens,NJ,Self-Employed,3989
TG-102483,Applicant 2483,62000.0,522,Queens,NY, full time ,4306
TG-102484,Applicant 2484,,703, Newark,, full time ,4114
TG-102485,Applicant 2485,110788.0,792,Queens,NJ,Full Time,1953
TG-102486,Applicant 2486,73386.0,571,Brooklyn,NJ,Self-Employed,1683
TG-102487,Applicant 2487,83638.0,782,New York,NJ,Full Time,4792
TG-102488,Applicant 2488,85762.0,652, Newark,N.J.,Full Time,1587
TG-102489,Applicant 2489,27410.0,744,New York,,Full Time,2988
TG-102490,Applicant 2490,84585.0,580,Jersey City,NY,Unemployed,1744
TG-102491,Applicant 2491,64308.0,535,Brooklyn,,Part Time,4106
TG-102492,Applicant 2492,70206.0,748, Newark,NY,Unemployed,4165
TG-102493,Applicant 2493,128309.0,714,Hoboken,N.J.,Self-Employed,3946
TG-102494,Applicant 2494,47305.0,770, Newark,,Full Time,2361
TG-102495,Applicant 2495,109396.0,567,Jersey City,NJ,Full Time,5426
TG-102496,Applicant 2496,76631.0,754,Hoboken,,Part Time,4522
TG-102497,Applicant 2497,76607.0,640, Newark,N.J., full time ,2858
TG-102498,Applicant 2498,108711.0,569,Hoboken,N.J.,Full Time,1620
TG-102499,Applicant 2499,95202.0,560,Queens,N.J.,Unemployed,3008
TG-102500,Applicant 2500,102118.0,541,Hoboken,NY,Full Time,5187
TG-102501,Applicant 2501,114046.0,701, Newark,,Self-Employed,5265
TG-102502,Applicant 2502,75061.0,524,Hoboken,NJ,Part Time,3409
TG-102503,Applicant 2503,66633.0,664,Brooklyn,NJ, full time ,5390
TG-102504,Applicant 2504,52445.0,597,Queens,ny,Self-Employed,2385
TG-102505,Applicant 2505,60238.0,750,Queens,N.J.,Unemployed,3019
TG-102506,Applicant 2506,173473.0,816,Jersey City,NJ,Self-Employed,2130
TG-102507,Applicant 2507,122340.0,728,Queens,N.J.,Full Time,4586
TG-102508,Applicant 2508,44468.0,682,New York,NJ,Part Time,2553
TG-102509,Applicant 2509,45326.0,687,Brooklyn,,Full Time,1856
TG-102510,Applicant 2510,99456.0,797,Jersey City,ny,Part Time,2405
TG-102511,Applicant 2511,101418.0,756,New York,N.J.,Unemployed,4067
TG-102512,Applicant 2512,101467.0,695,Hoboken,NY,Self-Employed,1655
TG-102513,Applicant 2513,77351.0,572,New York,NY,Part Time,3284
TG-102514,Applicant 2514,81236.0,529,Jersey City,NJ,Self-Employed,3690
TG-102515,Applicant 2515,94836.0,665,Queens,,Part Time,2074
TG-102516,Applicant 2516,87577.0,746,Brooklyn,N.J.,Full Time,4307
TG-102517,Applicant 2517,18421.0,755,Jersey City,ny,Part Time,5363
TG-102518,Applicant 2518,78106.0,761,New York,,Part Time,2633
TG-102519,Applicant 2519,59458.0,590,New York,NJ, full time ,4392
TG-102520,Applicant 2520,90256.0,677,Jersey City,,Unemployed,4938
TG-102521,Applicant 2521,174558.0,538, Newark,ny,Full Time,5229
TG-102522,Applicant 2522,96024.0,574, Newark,,Full Time,1774
TG-102523,Applicant 2523,75594.0,734,Jersey City,N.J.,Self-Employed,2295
TG-102524,Applicant 2524,112654.0,728, Newark,NJ,Part Time,4095
TG-102525,Applicant 2525,99481.0,540,Jersey City,ny,Part Time,3188
TG-102526,Applicant 2526,97603.0,801,Queens,NJ,Part Time,1489
TG-102527,Applicant 2527,103206.0,768,Jersey City,N.J.,Full Time,3667
TG-102528,Applicant 2528,146696.0,547,Hoboken,ny, full time ,2788
TG-102529,Applicant 2529,51073.0,815,Brooklyn,ny,Self-Employed,2678
TG-102530,Applicant 2530,99209.0,999,Brooklyn,NJ,Part Time,2004
TG-102531,Applicant 2531,57209.0,804,Hoboken,, full time ,1811
TG-102532,Applicant 2532,,539,New York,,Unemployed,1671
TG-102533,Applicant 2533,57439.0,539,New York,NY,Full Time,3169
TG-102534,Applicant 2534,72479.0,639,New York,NY,Unemployed,1609
TG-102535,Applicant 2535,,616,New York,ny,Full Time,2825
TG-102536,Applicant 2536,114275.0,639,Queens,NJ,Self-Employed,5159
TG-102537,Applicant 2537,112554.0,544,Hoboken,ny,Unemployed,4774
TG-102538,Applicant 2538,47628.0,672,Brooklyn,NJ,Self-Employed,1360
TG-102539,Applicant 2539,86648.0,764,Hoboken,N.J.,Self-Employed,3925
TG-102540,Applicant 2540,63713.0,779,Brooklyn,NY,Self-Employed,5066
TG-102541,Applicant 2541,47245.0,523,New York,ny,Unemployed,5308
TG-102542,Applicant 2542,78489.0,662,Queens,N.J.,Unemployed,4678
TG-102543,Applicant 2543,75746.0,801,Jersey City,,Unemployed,3186
TG-102544,Applicant 2544,157801.0,739,Jersey City,NY,Part Time,3078
TG-102545,Applicant 2545,97989.0,679, Newark,NJ,Self-Employed,4626
TG-102546,Applicant 2546,43671.0,595,New York,,Part Time,4517
TG-102547,Applicant 2547,68057.0,618,New York,,Full Time,1620
TG-102548,Applicant 2548,115641.0,699,Hoboken,N.J.,Unemployed,5093
TG-102549,Applicant 2549,147653.0,646,Queens,ny, full time ,1699
TG-102550,Applicant 2550,37421.0,551,Queens,ny,Full Time,1445
TG-102551,Applicant 2551,28602.0,784,Hoboken,N.J.,Self-Employed,1679
TG-102552,Applicant 2552,141129.0,532,Queens,,Self-Employed,2533
TG-102553,Applicant 2553,96688.0,721,Queens,NY,Part Time,3767
TG-102554,Applicant 2554,58951.0,537,Jersey City,,Unemployed,5465
TG-102555,Applicant 2555,101039.0,612,Queens,N.J.,Unemployed,5414
TG-102556,Applicant 2556,5928.0,799,New York,,Full Time,1957
TG-102557,Applicant 2557,85101.0,579,Jersey City,,Full Time,3310
TG-102558,Applicant 2558,94835.0,733,New York,,Full Time,1308
TG-102559,Applicant 2559,112728.0,619,New York,, full time ,1945
TG-102560,Applicant 2560,54583.0,520,Hoboken,NY, full time ,2716
TG-102561,Applicant 2561,87571.0,562, Newark,NJ,Self-Employed,2823
TG-102562,Applicant 2562,57237.0,687,Queens,NJ,Self-Employed,2548
TG-102563,Applicant 2563,92662.0,711,Queens,ny,Self-Employed,4511
TG-102564,Applicant 2564,58140.0,553,Queens,NJ,Unemployed,1909
TG-102565,Applicant 2565,,553,Queens,NJ,Self-Employed,4787
TG-102566,Applicant 2566,55126.0,695,Jersey City,NJ,Part Time,1937
TG-102567,Applicant 2567,104534.0,715,Brooklyn,,Full Time,3751
TG-102568,Applicant 2568,110754.0,677,New York,,Unemployed,3401
TG-102569,Applicant 2569,77961.0,764, Newark,NY, full time ,2641
TG-102570,Applicant 2570,86147.0,590, Newark,,Full Time,1883
TG-102571,Applicant 2571,41542.0,633,Brooklyn,,Self-Employed,3120
TG-102572,Applicant 2572,76010.0,804,Brooklyn,NJ, full time ,3407
TG-102573,Applicant 2573,83494.0,662,Brooklyn,NY, full time ,4551
TG-102574,Applicant 2574,163624.0,616,Jersey City,NY, full time ,3419
TG-102575,Applicant 2575,51641.0,731,Brooklyn,NJ,Full Time,5184
TG-102576,Applicant 2576,128925.0,704,Jersey City,NJ,Unemployed,4615
TG-102577,Applicant 2577,114906.0,724,Hoboken,NY,Full Time,1470
TG-102578,Applicant 2578,93419.0,735,Hoboken,N.J.,Part Time,3089
TG-102579,Applicant 2579,137759.0,765, Newark,NJ,Self-Employed,2479
TG-102580,Applicant 2580,96163.0,758,Hoboken,NJ,Unemployed,5194
TG-102581,Applicant 2581,96675.0,812,Jersey City,NY,Unemployed,4664
TG-102582,Applicant 2582,83406.0,527,Jersey City,N.J.,Self-Employed,4030
TG-102583,Applicant 2583,121707.0,597,New York,N.J.,Part Time,2767
TG-102584,Applicant 2584,117894.0,796,Brooklyn,ny, full time ,3237
TG-102585,Applicant 2585,66230.0,721,Queens,N.J.,Self-Employed,1993
TG-102586,Applicant 2586,45423.0,733,Queens,NJ, full time ,2230
TG-102587,Applicant 2587,78911.0,613,Brooklyn,,Self-Employed,2059
TG-102588,Applicant 2588,60999.0,594,Queens,NY,Full Time,1750
TG-102589,Applicant 2589,83094.0,676,Queens,NJ,Part Time,2765
TG-102590,Applicant 2590,122123.0,672,Queens,NY,Part Time,1877
TG-102591,Applicant 2591,71281.0,661, Newark,N.J.,Self-Employed,1661
TG-102592,Applicant 2592,83715.0,597,Jersey City,NY,Part Time,2722
TG-102593,Applicant 2593,86741.0,701,Jersey City,NJ, full time ,2434
TG-102594,Applicant 2594,110453.0,714,Jersey City,,Part Time,2336
TG-102595,Applicant 2595,17593.0,677,Brooklyn,NJ,Part Time,5412
TG-102596,Applicant 2596,66799.0,665,Hoboken,ny,Part Time,3448
TG-102597,Applicant 2597,91339.0,573, Newark,NY,Unemployed,1323
TG-102598,Applicant 2598,121002.0,796, Newark,NJ,Self-Employed,5451
TG-102599,Applicant 2599,70243.0,602,Queens,N.J.,Full Time,5130
TG-102600,Applicant 2600,28703.0,675,New York,N.J.,Full Time,4976
TG-102601,Applicant 2601,103591.0,523,Jersey City,NJ,Unemployed,4084
TG-102602,Applicant 2602,65939.0,790, Newark,ny,Unemployed,3297
TG-102603,Applicant 2603,49310.0,583, Newark,NY,Full Time,3972
TG-102604,Applicant 2604,66270.0,631,New York,ny, full time ,3001
TG-102605,Applicant 2605,79464.0,758,Queens,,Full Time,4873
TG-102606,Applicant 2606,66858.0,663, Newark,NJ,Full Time,1343
TG-102607,Applicant 2607,18833.0,539, Newark,ny,Self-Employed,1365
TG-102608,Applicant 2608,111912.0,583,Hoboken,,Full Time,4338
TG-102609,Applicant 2609,123246.0,808,New York,ny,Full Time,1268
TG-102610,Applicant 2610,104546.0,600,Queens,,Part Time,3701
TG-102611,Applicant 2611,50869.0,716,Queens,N.J.,Unemployed,1224
TG-102612,Applicant 2612,78955.0,588,Jersey City,N.J.,Full Time,5128
TG-102613,Applicant 2613,84804.0,705,Hoboken,NJ,Full Time,3557
TG-102614,Applicant 2614,102964.0,686,Queens,ny, full time ,5307
TG-102615,Applicant 2615,105050.0,724,Hoboken,N.J.,Full Time,1776
TG-102616,Applicant 2616,62975.0,683,Jersey City,NY,Self-Employed,4082
TG-102617,Applicant 2617,87460.0,613,New York,N.J., full time ,1790
TG-102618,Applicant 2618,98718.0,768, Newark,N.J.,Full Time,2867
TG-102619,Applicant 2619,128675.0,587, Newark,ny,Self-Employed,2498
TG-102620,Applicant 2620,,540,Brooklyn,,Unemployed,5447
,Applicant 2621,108672.0,604,Brooklyn,NY,Full Time,4723
TG-102622,Applicant 2622,87515.0,543,Brooklyn,NY,Unemployed,3463
TG-102623,Applicant 2623,127314.0,630, Newark,,Full Time,5063
TG-102624,Applicant 2624,97293.0,602,Hoboken,ny, full time ,5444
TG-102625,Applicant 2625,59167.0,597,Brooklyn,N.J., full time ,4727
TG-102626,Applicant 2626,127101.0,659,New York,,Self-Employed,4546
TG-102627,Applicant 2627,105937.0,790,Queens,NY,Part Time,4218
TG-102628,Applicant 2628,71709.0,688,Hoboken,NY,Self-Employed,2404
TG-102629,Applicant 2629,70615.0,716, Newark,N.J.,Full Time,5076
TG-102630,Applicant 2630,93897.0,781,New York,N.J.,Unemployed,3451
TG-102631,Applicant 2631,98896.0,999, Newark,NJ,Unemployed,2173
TG-102632,Applicant 2632,90919.0,586,Hoboken,,Full Time,5444
TG-102633,Applicant 2633,94339.0,748,Hoboken,N.J.,Part Time,2500
TG-102634,Applicant 2634,135999.0,680,Hoboken,NJ,Part Time,5208
TG-102635,Applicant 2635,117146.0,641,Jersey City,ny,Part Time,1234
TG-102636,Applicant 2636,90719.0,668,Queens,NY,Full Time,1200
TG-102637,Applicant 2637,113239.0,712,Brooklyn,, full time ,3715
TG-102638,Applicant 2638,54024.0,750,Jersey City,ny, full time ,3850
TG-102639,Applicant 2639,96938.0,630,Queens,,Full Time,3140
TG-102640,Applicant 2640,139279.0,664, Newark,, full time ,2220
TG-102641,Applicant 2641,78459.0,740,Brooklyn,N.J.,Part Time,1291
TG-102642,Applicant 2642,59571.0,583,Jersey City,NJ, full time ,5091
TG-102643,Applicant 2643,65437.0,645,Jersey City,,Full Time,3346
TG-102644,Applicant 2644,52311.0,737,New York,ny, full time ,5293
TG-102645,Applicant 2645,61457.0,803,Jersey City,, full time ,3757
TG-102646,Applicant 2646,73885.0,755,Hoboken,NJ, full time ,2788
,Applicant 2647,42833.0,532, Newark,NY, full time ,3076
TG-102648,Applicant 2648,85469.0,672,Jersey City,,Full Time,4863
TG-102649,Applicant 2649,112068.0,758,Hoboken,ny,Self-Employed,5095
TG-102650,Applicant 2650,57767.0,709,Queens,NY, full time ,4614
TG-102651,Applicant 2651,130579.0,670,Queens,NY,Self-Employed,2161
TG-102652,Applicant 2652,100324.0,605,Hoboken,N.J.,Full Time,4048
TG-102653,Applicant 2653,115917.0,540,New York,N.J.,Unemployed,4743
TG-102654,Applicant 2654,65265.0,701,New York,,Self-Employed,4021
TG-102655,Applicant 2655,110636.0,677,Queens,ny,Full Time,2052
TG-102656,Applicant 2656,52242.0,595, Newark,N.J.,Unemployed,4781
TG-102657,Applicant 2657,111707.0,722,Jersey City,NJ, full time ,3689
TG-102658,Applicant 2658,90155.0,748,Queens,NJ,Full Time,5031
TG-102659,Applicant 2659,101598.0,671,Queens,NY,Part Time,4732
TG-102660,Applicant 2660,49732.0,782,Hoboken,NY,Unemployed,3512
TG-102661,Applicant 2661,58148.0,591,New York,NY,Part Time,3692
TG-102662,Applicant 2662,102917.0,744, Newark,NJ, full time ,3470
TG-102663,Applicant 2663,56550.0,650,Hoboken,N.J., full time ,1468
TG-102664,Applicant 2664,98896.0,547,Queens,N.J.,Self-Employed,3898
TG-102665,Applicant 2665,43986.0,818,Brooklyn,, full time ,4602
TG-102666,Applicant 2666,110445.0,616,Jersey City,ny,Self-Employed,5277
TG-102667,Applicant 2667,48024.0,565,Queens,NJ,Unemployed,1632
TG-102668,Applicant 2668,101569.0,520,Hoboken,NY,Part Time,2002
TG-102669,Applicant 2669,103769.0,685,Brooklyn,ny,Unemployed,2503
TG-102670,Applicant 2670,64097.0,764,Brooklyn,NY,Part Time,4128
TG-102671,Applicant 2671,102461.0,738,Queens,ny,Full Time,1942
TG-102672,Applicant 2672,92813.0,621, Newark,ny,Unemployed,1882
TG-102673,Applicant 2673,68835.0,810,New York,N.J.,Full Time,4258
TG-102674,Applicant 2674,54743.0,723,Brooklyn,,Part Time,3049
TG-102675,Applicant 2675,26121.0,721,Jersey City,,Self-Employed,2501
TG-102676,Applicant 2676,95490.0,573,Hoboken,NY,Unemployed,2995
TG-102677,Applicant 2677,,799,Hoboken,NJ,Unemployed,2095
TG-102678,Applicant 2678,87860.0,797,Hoboken,,Self-Employed,1680
TG-102679,Applicant 2679,77097.0,535,Queens,NJ,Self-Employed,5237
TG-102680,Applicant 2680,105374.0,532,Hoboken,NY, full time ,1490
TG-102681,Applicant 2681,75939.0,606,Hoboken,NJ, full time ,3894
TG-102682,Applicant 2682,75117.0,597,Jersey City,ny,Part Time,5010
TG-102683,Applicant 2683,106956.0,586,New York,ny,Unemployed,3174
TG-102684,Applicant 2684,95052.0,730, Newark,NY,Self-Employed,5214
TG-102685,Applicant 2685,94485.0,733,Queens,NJ,Self-Employed,1389
TG-102686,Applicant 2686,99078.0,704,Queens,NJ,Full Time,1576
TG-102687,Applicant 2687,38933.0,552,Hoboken,NY, full time ,1458
TG-102688,Applicant 2688,107704.0,634,Jersey City,,Full Time,2026
TG-102689,Applicant 2689,103374.0,794,Brooklyn,N.J.,Self-Employed,3619
TG-102690,Applicant 2690,54500.0,717,Hoboken,,Unemployed,3030
TG-102691,Applicant 2691,77678.0,662,Hoboken,N.J.,Unemployed,4216
TG-102692,Applicant 2692,83821.0,747,Queens,NJ,Full Time,3352
TG-102693,Applicant 2693,80965.0,639,Queens,N.J., full time ,2649
TG-102694,Applicant 2694,95016.0,543,Hoboken,N.J.,Part Time,4124
TG-102695,Applicant 2695,127941.0,546,Queens,NJ,Unemployed,4532
TG-102696,Applicant 2696,117453.0,594,Jersey City,ny,Part Time,4317
TG-102697,Applicant 2697,45633.0,760,Brooklyn,N.J., full time ,4797
TG-102698,Applicant 2698,103662.0,542,Brooklyn,NY,Full Time,3514
TG-102699,Applicant 2699,124868.0,680,Brooklyn,, full time ,2757
TG-102700,Applicant 2700,96604.0,560,Hoboken,NJ,Self-Employed,2916
TG-102701,Applicant 2701,117729.0,757, Newark,NJ, full time ,4667
TG-102702,Applicant 2702,145368.0,758,Hoboken,N.J.,Full Time,2372
TG-102703,Applicant 2703,115711.0,575,Hoboken,ny,Full Time,3527
TG-102704,Applicant 2704,92479.0,617,Jersey City,ny, full time ,4111
TG-102705,Applicant 2705,116353.0,665,Brooklyn,,Full Time,2707
TG-102706,Applicant 2706,89347.0,781,Queens,,Self-Employed,3164
TG-102707,Applicant 2707,85717.0,559,Queens,ny,Part Time,4335
TG-102708,Applicant 2708,,712,New York,ny, full time ,4929
TG-102709,Applicant 2709,131902.0,758,New York,ny,Full Time,2104
TG-102710,Applicant 2710,60447.0,561, Newark,N.J.,Part Time,4399
TG-102711,Applicant 2711,130971.0,741,Queens,NY,Self-Employed,3541
TG-102712,Applicant 2712,99996.0,715,Brooklyn,, full time ,4598
TG-102713,Applicant 2713,43021.0,807,Hoboken,NJ,Full Time,4051
TG-102714,Applicant 2714,96029.0,529,Queens,ny,Part Time,2345
TG-102715,Applicant 2715,21999.0,999, Newark,ny,Self-Employed,4794
TG-102716,Applicant 2716,103765.0,784, Newark,NY,Unemployed,1583
TG-102717,Applicant 2717,111557.0,588,Queens,ny,Full Time,3186
TG-102718,Applicant 2718,67229.0,658,New York,,Self-Employed,3530
TG-102719,Applicant 2719,88706.0,738,Brooklyn,ny,Part Time,4011
TG-102720,Applicant 2720,143625.0,715,Queens,NY, full time ,2166
TG-102721,Applicant 2721,69828.0,593,Hoboken,N.J.,Part Time,1818
TG-102722,Applicant 2722,53233.0,622,Hoboken,, full time ,2219
TG-102723,Applicant 2723,129450.0,744,Jersey City,N.J.,Self-Employed,3153
TG-102724,Applicant 2724,143878.0,642,Hoboken,NJ,Self-Employed,5244
TG-102725,Applicant 2725,85111.0,621,Queens,NY,Part Time,1405
TG-102726,Applicant 2726,115344.0,783,Queens,NJ,Part Time,4992
TG-102727,Applicant 2727,125244.0,680,Hoboken,NJ, full time ,1838
TG-102728,Applicant 2728,62725.0,752,New York,NJ,Full Time,4817
TG-102729,Applicant 2729 ,70441.0,794,Brooklyn,NJ,Part Time,1263
TG-102730,Applicant 2730,121926.0,777, Newark,NY,Full Time,4288
TG-102731,Applicant 2731,135550.0,658,Queens,N.J.,Full Time,5032
TG-102732,Applicant 2732,101886.0,999,Hoboken,ny,Full Time,4376
TG-102733,Applicant 2733,58606.0,792, Newark,NJ,Self-Employed,5128
TG-102734,Applicant 2734,144612.0,605,Hoboken,ny,Self-Employed,4891
TG-102735,Applicant 2735,69071.0,810,Queens,ny,Full Time,5005
TG-102736,Applicant 2736,74946.0,736,Jersey City,NJ,Full Time,5223
TG-102737,Applicant 2737,95270.0,585,Brooklyn,,Self-Employed,1594
TG-102738,Applicant 2738,131625.0,776,Queens,ny, full time ,2436
TG-102739,Applicant 2739,110619.0,654, Newark,,Unemployed,3980
TG-102740,Applicant 2740,97446.0,574,Hoboken,N.J.,Part Time,3059
TG-102741,Applicant 2741,98899.0,762,Jersey City,ny,Full Time,2220
TG-102742,Applicant 2742,86305.0,771,Queens,NY,Self-Employed,4672
TG-102743,Applicant 2743,101744.0,540,Brooklyn,N.J.,Full Time,3969
TG-102744,Applicant 2744,9113.0,682,Jersey City,N.J.,Full Time,1532
TG-102745,Applicant 2745,76102.0,783, Newark,,Full Time,4157
TG-102746,Applicant 2746,92240.0,587,Hoboken,NJ,Full Time,2488
TG-102747,Applicant 2747,50470.0,626,New York,NY, full time ,3418
TG-102748,Applicant 2748,96590.0,586,Brooklyn,NY,Part Time,3248
TG-102749,Applicant 2749,78866.0,718,Jersey City,,Part Time,2075
TG-102750,Applicant 2750,137664.0,711,Queens,,Self-Employed,4108
TG-102751,Applicant 2751,132191.0,521,Queens,N.J., full time ,3488
TG-102752,Applicant 2752,71026.0,776,Jersey City,, full time ,5056
TG-102753,Applicant 2753,80475.0,520,Queens,NJ,Part Time,5252
TG-102754,Applicant 2754,82782.0,634,Jersey City,N.J.,Self-Employed,3388
TG-102755,Applicant 2755,71450.0,607,Brooklyn,N.J., full time ,4604
TG-102756,Applicant 2756,90851.0,716,Queens,N.J.,Self-Employed,2278
TG-102757,Applicant 2757,62252.0,611,Brooklyn,NY,Part Time,2555
TG-102758,Applicant 2758,51082.0,793,Hoboken,NY,Full Time,1469
TG-102759,Applicant 2759,103681.0,679,Hoboken,N.J., full time ,5440
TG-102760,Applicant 2760,103886.0,692,Hoboken,NJ,Self-Employed,1788
TG-102761,Applicant 2761,60871.0,552,Hoboken,ny,Full Time,2352
TG-102762,Applicant 2762,111861.0,592,Queens,N.J.,Part Time,1574
TG-102763,Applicant 2763,66053.0,715,Jersey City,,Unemployed,2846
TG-102764,Applicant 2764,92595.0,803,Queens,ny, full time ,4272
TG-102765,Applicant 2765,109610.0,606, Newark,NY, full time ,4638
TG-102766,Applicant 2766,,743,Queens,NY,Self-Employed,3785
TG-102767,Applicant 2767,98642.0,563,Brooklyn,ny,Part Time,2851
TG-102768,Applicant 2768,69507.0,657,Jersey City,,Part Time,4305
TG-102769,Applicant 2769,79106.0,789,New York,NY, full time ,5015
TG-102770,Applicant 2770,78824.0,555,New York,NY, full time ,3810
TG-102771,Applicant 2771,62603.0,553,Jersey City,N.J.,Self-Employed,4482
TG-102772,Applicant 2772,79697.0,607,New York,NJ,Self-Employed,2950
TG-102773,Applicant 2773,38541.0,665,Jersey City,,Unemployed,3800
TG-102774,Applicant 2774,70265.0,535,Brooklyn,N.J.,Full Time,4171
TG-102775,Applicant 2775,76454.0,752,Brooklyn,NJ,Self-Employed,5389
TG-102776,Applicant 2776,77315.0,560,Queens,NY,Full Time,5484
TG-102777,Applicant 2777,77755.0,774,New York,NJ, full time ,2941
TG-102778,Applicant 2778,83147.0,800,Jersey City,NY,Unemployed,4785
TG-102779,Applicant 2779,99383.0,645,Brooklyn,N.J.,Unemployed,2714
TG-102780,Applicant 2780,111236.0,527,Queens,NY,Unemployed,5024
TG-102781,Applicant 2781,65507.0,695,New York,NJ,Part Time,5041
TG-102782,Applicant 2782,,747,New York,N.J., full time ,5389
TG-102783,Applicant 2783,53739.0,537,New York,NJ,Part Time,3561
TG-102784,Applicant 2784,70384.0,575,Brooklyn,NJ,Part Time,3166
TG-102785,Applicant 2785,74442.0,554,Brooklyn,ny,Unemployed,4844
TG-102786,Applicant 2786,61900.0,637,New York,NY,Part Time,1559
TG-102787,Applicant 2787,46117.0,801,Brooklyn,NY, full time ,2181
TG-102788,Applicant 2788,,773,New York,NJ, full time ,3009
TG-102789,Applicant 2789,90443.0,732,Hoboken,NY,Part Time,1593
TG-102790,Applicant 2790,102851.0,580,Brooklyn,, full time ,2579
TG-102791,Applicant 2791,68277.0,607,Jersey City,NY,Full Time,1247
TG-102792,Applicant 2792,72610.0,790,Brooklyn,N.J.,Part Time,2655
TG-102793,Applicant 2793,57199.0,551,New York,NY,Unemployed,3948
TG-102794,Applicant 2794,84057.0,652,Jersey City,,Unemployed,3300
TG-102795,Applicant 2795,59547.0,583,Queens,NJ, full time ,3488
TG-102796,Applicant 2796,102194.0,718,Jersey City,NY, full time ,4330
TG-102797,Applicant 2797,31424.0,999,Jersey City,N.J.,Unemployed,2409
TG-102798,Applicant 2798,74211.0,674,Brooklyn,,Full Time,2364
TG-102799,Applicant 2799,94033.0,750, Newark,ny,Unemployed,3222
TG-102800,Applicant 2800,90515.0,554,Jersey City,NJ,Part Time,2280
TG-102801,Applicant 2801,165791.0,545,Jersey City,NJ,Unemployed,4739
TG-102802,Applicant 2802,95494.0,542,New York,NJ,Self-Employed,2903
TG-102803,Applicant 2803,54878.0,660,Brooklyn,,Full Time,4611
TG-102804,Applicant 2804,82136.0,804,New York,NY,Full Time,2737
TG-102805,Applicant 2805,31713.0,675,Brooklyn,NY,Unemployed,3429
TG-102806,Applicant 2806,82582.0,632,Queens,NY,Self-Employed,2525
TG-102807,Applicant 2807 ,60008.0,658, Newark,NY,Part Time,1382
TG-102808,Applicant 2808,112462.0,728,Jersey City,NJ,Unemployed,5227
TG-102809,Applicant 2809,68514.0,605,Brooklyn,ny,Part Time,2733
TG-102810,Applicant 2810,81497.0,804,Jersey City,NJ,Self-Employed,4685
TG-102811,Applicant 2811,65933.0,579,Jersey City,ny,Unemployed,1355
TG-102812,Applicant 2812,137166.0,573,Hoboken,ny,Unemployed,3344
TG-102813,Applicant 2813,75363.0,612,New York,NY,Part Time,2592
TG-102814,Applicant 2814,139977.0,784, Newark,N.J.,Unemployed,2057
TG-102815,Applicant 2815,109425.0,732,Brooklyn,,Self-Employed,5477
TG-102816,Applicant 2816,99462.0,529,Queens,N.J.,Unemployed,5207
TG-102817,Applicant 2817,96062.0,722, Newark,ny, full time ,4179
TG-102818,Applicant 2818,96814.0,715,Hoboken,N.J.,Self-Employed,4867
TG-102819,Applicant 2819,27170.0,577,New York,ny,Full Time,2899
TG-102820,Applicant 2820,76633.0,775,Queens,NJ,Part Time,4816
TG-102821,Applicant 2821,110355.0,742,Queens,NJ,Self-Employed,3300
TG-102822,Applicant 2822,83533.0,699,Jersey City,NY,Full Time,3463
TG-102823,Applicant 2823,42844.0,554,New York,,Full Time,1913
TG-102824,Applicant 2824,83428.0,622,Hoboken,NJ,Self-Employed,3285
TG-102825,Applicant 2825,136123.0,680,Brooklyn,,Full Time,2651
TG-102826,Applicant 2826,122407.0,719,Brooklyn,NY,Full Time,2597
TG-102827,Applicant 2827,83140.0,679,Hoboken,, full time ,1624
TG-102828,Applicant 2828,113543.0,702,Jersey City,NJ,Unemployed,2228
TG-102829,Applicant 2829,74005.0,655,Jersey City,NJ, full time ,1890
TG-102830,Applicant 2830,33884.0,745,Queens,N.J.,Unemployed,5210
TG-102831,Applicant 2831,57266.0,762,New York,N.J.,Full Time,4779
TG-102832,Applicant 2832,131887.0,625,Queens,N.J.,Unemployed,4027
TG-102833,Applicant 2833,76780.0,590,Brooklyn,, full time ,4724
TG-102834,Applicant 2834,77698.0,596,Hoboken,NJ,Part Time,1399
TG-102835,Applicant 2835,76005.0,573,New York,NY,Part Time,1975
TG-102836,Applicant 2836,,796,Hoboken,ny,Unemployed,1425
TG-102837,Applicant 2837,133779.0,630,New York,NJ,Part Time,3265
TG-102838,Applicant 2838,151563.0,743, Newark,N.J.,Self-Employed,2978
TG-102839,Applicant 2839,80229.0,594,Brooklyn,N.J.,Part Time,1828
TG-102840,Applicant 2840,93869.0,533,Brooklyn,,Unemployed,3257
TG-102841,Applicant 2841,,777, Newark,N.J.,Full Time,1240
TG-102842,Applicant 2842,129308.0,708,New York,, full time ,3291
TG-102843,Applicant 2843,49967.0,758,Jersey City,NY,Part Time,3444
TG-102844,Applicant 2844,91503.0,610,New York,N.J.,Unemployed,1498
TG-102845,Applicant 2845,52081.0,703,Brooklyn,, full time ,1658
TG-102846,Applicant 2846,67334.0,536,Hoboken,N.J.,Self-Employed,2078
TG-102847,Applicant 2847,59882.0,531,Queens,,Full Time,3010
TG-102848,Applicant 2848,66764.0,685,Hoboken,NJ, full time ,1988
TG-102849,Applicant 2849,68826.0,665,Brooklyn,, full time ,5095
TG-102850,Applicant 2850,68552.0,801,Hoboken,ny,Unemployed,1582
TG-102851,Applicant 2851,,556,Jersey City,NY,Self-Employed,2650
TG-102852,Applicant 2852,51854.0,589,Jersey City,NJ,Part Time,4615
TG-102853,Applicant 2853,91616.0,688,New York,NY,Self-Employed,3795
TG-102854,Applicant 2854,121539.0,689,Hoboken,NJ,Full Time,4789
TG-102855,Applicant 2855,69604.0,772,Hoboken,N.J.,Part Time,1529
TG-102856,Applicant 2856,63462.0,816,Brooklyn,,Self-Employed,4254
TG-102857,Applicant 2857,78084.0,999,New York,N.J.,Full Time,3735
TG-102858,Applicant 2858,120392.0,792,New York,NY, full time ,2219
TG-102859,Applicant 2859,90823.0,744,Hoboken,NY, full time ,4708
TG-102860,Applicant 2860,69064.0,999,Queens,NJ, full time ,5021
TG-102861,Applicant 2861,99516.0,740,Hoboken,NY, full time ,3027
TG-102862,Applicant 2862,51931.0,572,Hoboken,,Part Time,5311
TG-102863,Applicant 2863,105441.0,637,Hoboken,NY, full time ,1819
TG-102864,Applicant 2864,97258.0,999,Jersey City,N.J.,Part Time,1888
TG-102865,Applicant 2865,75766.0,655, Newark,,Part Time,3312
TG-102866,Applicant 2866,59842.0,596,New York,NY,Self-Employed,2019
TG-102867,Applicant 2867,58400.0,564, Newark,ny, full time ,3451
TG-102868,Applicant 2868,101045.0,537,Jersey City,ny,Unemployed,3501
TG-102869,Applicant 2869,121869.0,724,Queens,N.J., full time ,4843
TG-102870,Applicant 2870,65881.0,602,Brooklyn,NJ,Unemployed,3860
TG-102871,Applicant 2871,98752.0,569,Queens,NJ, full time ,3442
TG-102872,Applicant 2872,22389.0,800,New York,NY,Part Time,3498
TG-102873,Applicant 2873,67461.0,685,Brooklyn,, full time ,4754
TG-102874,Applicant 2874,84068.0,762, Newark,NJ, full time ,2154
TG-102875,Applicant 2875,57709.0,683,Queens,ny, full time ,5141
TG-102876,Applicant 2876,56905.0,575,New York,NJ, full time ,2447
TG-102877,Applicant 2877,64967.0,558,Queens,ny,Self-Employed,2473
TG-102878,Applicant 2878,93766.0,647,Brooklyn,NJ,Self-Employed,1212
TG-102879,Applicant 2879,79380.0,641,Brooklyn,N.J.,Part Time,3439
TG-102880,Applicant 2880,,766,Queens,,Part Time,1897
TG-102881,Applicant 2881,21379.0,705,Jersey City,NY,Unemployed,3266
TG-102882,Applicant 2882,66794.0,727,Queens,ny,Part Time,3586
TG-102883,Applicant 2883,98731.0,758, Newark,NJ,Self-Employed,3273
TG-102884,Applicant 2884,2575.0,734,Queens,NY,Part Time,4277
TG-102885,Applicant 2885,70008.0,811,Queens,ny,Unemployed,4412
TG-102886,Applicant 2886,69213.0,743,Jersey City,ny,Unemployed,5013
TG-102887,Applicant 2887,126650.0,607,Hoboken,N.J.,Self-Employed,2250
TG-102888,Applicant 2888,73449.0,544,Brooklyn,NJ,Part Time,3352
TG-102889,Applicant 2889,96490.0,739, Newark,NY,Unemployed,5127
TG-102890,Applicant 2890,89238.0,794,New York,NJ,Part Time,4031
TG-102891,Applicant 2891,21083.0,654,Brooklyn,NJ,Part Time,3550
TG-102892,Applicant 2892,108046.0,752,Brooklyn,,Self-Employed,4348
TG-102893,Applicant 2893,91462.0,585,Hoboken,ny,Self-Employed,4289
TG-102894,Applicant 2894,100248.0,599,Brooklyn,ny,Part Time,4841
TG-102895,Applicant 2895,202787.0,774,Brooklyn,, full time ,3889
TG-102896,Applicant 2896,22477.0,644,Jersey City,, full time ,1373
TG-102897,Applicant 2897,136741.0,665,Jersey City,NJ,Full Time,2624
TG-102898,Applicant 2898,76377.0,622,Jersey City,ny,Full Time,5103
TG-102899,Applicant 2899,93620.0,796,Jersey City,NY,Full Time,1648
TG-102900,Applicant 2900,83635.0,643,Jersey City,N.J.,Self-Employed,2650
TG-102901,Applicant 2901,72273.0,786, Newark,,Part Time,5373
TG-102902,Applicant 2902,67905.0,797,New York,NY,Unemployed,3686
TG-102903,Applicant 2903,94885.0,630,Hoboken,NY,Part Time,1981
TG-102904,Applicant 2904,39485.0,608,Queens,NJ,Part Time,4768
TG-102905,Applicant 2905,107517.0,677, Newark,,Full Time,1371
TG-102906,Applicant 2906,72514.0,735,Jersey City,NY,Part Time,4969
TG-102907,Applicant 2907,51098.0,555,Hoboken,N.J.,Full Time,3608
TG-102908,Applicant 2908,71500.0,606,Queens,NY,Part Time,3483
TG-102909,Applicant 2909,122714.0,637,Brooklyn,N.J.,Unemployed,1632
TG-102910,Applicant 2910,68940.0,701, Newark,N.J., full time ,3985
TG-102911,Applicant 2911,95754.0,587,Brooklyn,N.J., full time ,3059
TG-102912,Applicant 2912,63071.0,678,Hoboken,,Self-Employed,2550
TG-102913,Applicant 2913,107738.0,804,New York,N.J.,Unemployed,5119
TG-102914,Applicant 2914,105565.0,683,New York,,Part Time,3874
TG-102915,Applicant 2915,140458.0,592,Hoboken,NY,Unemployed,1748
TG-102916,Applicant 2916,79733.0,638,New York,N.J.,Part Time,4774
TG-102917,Applicant 2917,105060.0,714,New York,ny,Unemployed,4838
TG-102918,Applicant 2918,87942.0,608,Brooklyn,NY,Unemployed,1366
TG-102919,Applicant 2919,123876.0,595,New York,ny, full time ,4712
TG-102920,Applicant 2920,63435.0,740,New York,ny,Unemployed,4960
TG-102921,Applicant 2921,107350.0,658,Hoboken,NJ,Self-Employed,3600
TG-102922,Applicant 2922,79159.0,760,New York,,Part Time,4370
TG-102923,Applicant 2923,83074.0,673, Newark,NJ,Full Time,2847
TG-102924,Applicant 2924,87753.0,572,Jersey City,,Unemployed,4389
TG-102925,Applicant 2925,92567.0,661,Jersey City,NJ,Full Time,4945
TG-102926,Applicant 2926,81513.0,550,Hoboken,NY, full time ,3821
TG-102927,Applicant 2927,91441.0,742,Jersey City,ny,Full Time,4601
TG-102928,Applicant 2928,132344.0,811,Brooklyn,NY,Self-Employed,1742
TG-102929,Applicant 2929,114563.0,785, Newark,,Self-Employed,2539
TG-102930,Applicant 2930,111075.0,801, Newark,ny, full time ,4784
TG-102931,Applicant 2931,71334.0,795,Hoboken,ny,Self-Employed,1767
TG-102932,Applicant 2932,58323.0,563,New York,,Part Time,4738
TG-102933,Applicant 2933,113659.0,581,Jersey City,NY,Self-Employed,3945
TG-102934,Applicant 2934,111281.0,720,Brooklyn,ny,Unemployed,4874
TG-102935,Applicant 2935,129180.0,528,Hoboken,NY,Self-Employed,3140
TG-102936,Applicant 2936,66881.0,590,Hoboken,NY,Part Time,2960
TG-102937,Applicant 2937,78114.0,609,New York,NY, full time ,3429
TG-102938,Applicant 2938,,543,Queens,ny,Self-Employed,5145
TG-102939,Applicant 2939,73226.0,659,Jersey City,N.J.,Part Time,3901
TG-102940,Applicant 2940,114897.0,999,Brooklyn,NJ,Unemployed,2228
TG-102941,Applicant 2941,71005.0,733,Hoboken,,Full Time,4903
TG-102942,Applicant 2942,104214.0,535,Jersey City,NY,Full Time,1941
TG-102943,Applicant 2943,79285.0,548,Brooklyn,ny, full time ,2975
TG-102944,Applicant 2944,94722.0,810, Newark,, full time ,3434
TG-102945,Applicant 2945,50569.0,562, Newark,N.J.,Full Time,2813
TG-102946,Applicant 2946,87556.0,572,Brooklyn,N.J.,Full Time,4736
TG-102947,Applicant 2947,-4734.0,795, Newark,ny, full time ,1757
TG-102948,Applicant 2948,79393.0,751,Hoboken,NY,Full Time,5410
TG-102949,Applicant 2949,36086.0,731,Jersey City,N.J.,Self-Employed,2567
TG-102950,Applicant 2950,,527,Brooklyn,N.J.,Part Time,2057
TG-102951,Applicant 2951,108322.0,999,Hoboken,N.J., full time ,4221
TG-102952,Applicant 2952,99000.0,561,Jersey City,ny,Part Time,3010
TG-102953,Applicant 2953,130630.0,752,Jersey City,,Unemployed,3556
TG-102954,Applicant 2954,56533.0,589,Hoboken,NJ,Unemployed,5265
TG-102955,Applicant 2955,137421.0,535,Jersey City,ny,Self-Employed,5357
TG-102956,Applicant 2956,112966.0,588,Queens,NY,Unemployed,4639
TG-102957,Applicant 2957,77903.0,572,Brooklyn,ny, full time ,4706
TG-102958,Applicant 2958,119069.0,692,Brooklyn,ny,Self-Employed,1946
TG-102959,Applicant 2959,51811.0,781,Jersey City,NJ,Self-Employed,1440
TG-102960,Applicant 2960,60265.0,808,Hoboken,NJ, full time ,2352
TG-102961,Applicant 2961,66742.0,534,New York,NJ,Full Time,2152
TG-102962,Applicant 2962,69131.0,789, Newark,,Part Time,5139
TG-102963,Applicant 2963,53303.0,686,Jersey City,ny, full time ,3774
TG-102964,Applicant 2964,121692.0,582,New York,NY,Full Time,4500
TG-102965,Applicant 2965,77234.0,780,Jersey City,NJ,Full Time,4415
TG-102966,Applicant 2966 ,95575.0,640,New York,NJ,Unemployed,1375
TG-102967,Applicant 2967,67889.0,759,Jersey City,ny,Self-Employed,2276
TG-102968,Applicant 2968,30382.0,626,Hoboken,NY,Self-Employed,1534
TG-102969,Applicant 2969,93102.0,699, Newark,NJ,Unemployed,4511
TG-102970,Applicant 2970,27632.0,535,New York,ny,Unemployed,2930
TG-102971,Applicant 2971,82941.0,734,Queens,N.J.,Self-Employed,5053
TG-102972,Applicant 2972,,596,Hoboken,, full time ,2924
TG-102973,Applicant 2973,144618.0,744, Newark,ny, full time ,2002
TG-102974,Applicant 2974,112341.0,612,Jersey City,NJ, full time ,2111
TG-102975,Applicant 2975,88173.0,700,New York,NY, full time ,5366
TG-102976,Applicant 2976,122911.0,693, Newark,N.J.,Unemployed,4178
TG-102977,Applicant 2977,59611.0,738,Brooklyn,NY,Part Time,4704
TG-102978,Applicant 2978,101304.0,662,Hoboken,NY,Part Time,4267
TG-102979,Applicant 2979,90994.0,801,New York,NY,Self-Employed,1535
TG-102980,Applicant 2980,92921.0,778,Hoboken,ny,Part Time,5080
TG-102981,Applicant 2981,123171.0,566,New York,ny, full time ,3215
TG-102982,Applicant 2982,106975.0,524,Brooklyn,,Unemployed,4859
TG-102983,Applicant 2983,93662.0,581,Queens,N.J., full time ,1598
TG-102984,Applicant 2984,35353.0,603,Brooklyn,NY,Full Time,3858
TG-102985,Applicant 2985,56199.0,652,Jersey City,NJ,Unemployed,4594
TG-102986,Applicant 2986,81319.0,582,Hoboken,NY,Full Time,5297
TG-102987,Applicant 2987,87801.0,800,Queens,N.J.,Full Time,4456
TG-102988,Applicant 2988,51094.0,563,Hoboken,NY,Self-Employed,1215
TG-102989,Applicant 2989,157350.0,672, Newark,ny,Full Time,2776
TG-102990,Applicant 2990,130492.0,789,New York,ny,Part Time,4134
TG-102991,Applicant 2991,103064.0,690,Jersey City,N.J.,Part Time,1577
TG-102992,Applicant 2992,87161.0,675,Jersey City,,Full Time,2579
TG-102993,Applicant 2993,78634.0,794,Hoboken,NY,Self-Employed,4513
TG-102994,Applicant 2994,56442.0,539,Jersey City,N.J.,Full Time,1953
TG-102995,Applicant 2995,87324.0,733,Hoboken,NJ,Unemployed,2507
TG-102996,Applicant 2996,92733.0,598,New York,NJ,Unemployed,2858
TG-102997,Applicant 2997,47747.0,658,New York,,Unemployed,1253
TG-102998,Applicant 2998,95025.0,617,Hoboken,ny,Unemployed,3260
TG-102999,Applicant 2999,80342.0,671,Brooklyn,N.J.,Full Time,4842
TG-103000,Applicant 3000,27766.0,717,Brooklyn,NY, full time ,1279
TG-103001,Applicant 3001,59188.0,792,New York,N.J., full time ,3723
TG-103002,Applicant 3002,72592.0,675,Queens,,Unemployed,4318
TG-103003,Applicant 3003,141631.0,569,Brooklyn,N.J.,Self-Employed,4802
TG-103004,Applicant 3004,101697.0,747,Hoboken,,Self-Employed,1485
TG-103005,Applicant 3005,44936.0,529,New York,,Full Time,4638
TG-103006,Applicant 3006,99581.0,668,Jersey City,, full time ,2776
TG-103007,Applicant 3007,38581.0,577,Jersey City,N.J.,Full Time,2143
TG-103008,Applicant 3008,117481.0,681,Brooklyn,NJ,Part Time,1427
TG-103009,Applicant 3009,70866.0,626,Queens,NY,Unemployed,3176
TG-103010,Applicant 3010,82191.0,808, Newark,,Part Time,3418
TG-103011,Applicant 3011,124774.0,705,Brooklyn,ny,Part Time,2720
TG-103012,Applicant 3012,46385.0,565,Queens,,Self-Employed,4516
TG-103013,Applicant 3013,43086.0,648,Brooklyn,N.J., full time ,3184
TG-103014,Applicant 3014,67492.0,606,Jersey City,,Unemployed,4664
TG-103015,Applicant 3015,116151.0,768,Queens,ny,Full Time,2950
TG-103016,Applicant 3016,39420.0,999,Jersey City,NJ,Unemployed,4923
TG-103017,Applicant 3017,35.0,796,Hoboken,N.J.,Full Time,3545
TG-103018,Applicant 3018,71465.0,999,Hoboken,N.J.,Full Time,2660
TG-103019,Applicant 3019,101552.0,523,New York,N.J., full time ,2408
TG-103020,Applicant 3020,121008.0,584,Jersey City,ny,Part Time,4995
TG-103021,Applicant 3021,71105.0,721,Jersey City,N.J.,Full Time,3708
TG-103022,Applicant 3022,72657.0,582,New York,NJ, full time ,3681
TG-103023,Applicant 3023,119617.0,662,Hoboken,NY,Part Time,2867
TG-103024,Applicant 3024,28908.0,763,Hoboken,NY,Part Time,2696
TG-103025,Applicant 3025,73344.0,811,Queens,,Unemployed,4043
TG-103026,Applicant 3026,90713.0,804,Queens,NY,Unemployed,2631
TG-103027,Applicant 3027,98477.0,699, Newark,ny,Unemployed,3120
TG-103028,Applicant 3028,69706.0,693,Hoboken,NY,Self-Employed,2129
TG-103029,Applicant 3029,86033.0,630, Newark,ny,Part Time,4612
TG-103030,Applicant 3030,10350.0,694,Brooklyn,ny,Self-Employed,3140
TG-103031,Applicant 3031,65253.0,672,Jersey City,,Unemployed,1791
TG-103032,Applicant 3032,98605.0,736,Queens,NY, full time ,1565
TG-103033,Applicant 3033,55531.0,816,Brooklyn,,Unemployed,3421
TG-103034,Applicant 3034,86770.0,759,Queens,N.J.,Full Time,1472
TG-103035,Applicant 3035,98406.0,745,New York,NJ, full time ,4821
TG-103036,Applicant 3036,74724.0,705,Jersey City,NY, full time ,4842
TG-103037,Applicant 3037,90114.0,567, Newark,N.J.,Part Time,1801
TG-103038,Applicant 3038,56118.0,727, Newark,N.J.,Self-Employed,4342
TG-103039,Applicant 3039,78802.0,676,Queens,,Full Time,1811
TG-103040,Applicant 3040,103306.0,744,Hoboken,, full time ,1526
TG-103041,Applicant 3041,89709.0,663, Newark,NJ,Self-Employed,2906
TG-103042,Applicant 3042,67404.0,630,New York,NJ,Self-Employed,5461
TG-103043,Applicant 3043,91726.0,651,New York,NJ,Full Time,4127
TG-103044,Applicant 3044,106438.0,632,Hoboken,NJ,Full Time,3308
TG-103045,Applicant 3045,23502.0,608,New York,,Unemployed,3164
TG-103046,Applicant 3046,119772.0,680,Jersey City,ny,Unemployed,2409
TG-103047,Applicant 3047,74912.0,594,Queens,, full time ,2223
TG-103048,Applicant 3048,97765.0,800,New York,ny, full time ,2954
TG-103049,Applicant 3049,120917.0,526,Jersey City,, full time ,3281
TG-103050,Applicant 3050,43850.0,632,Hoboken,,Unemployed,4144
TG-103051,Applicant 3051,63717.0,555,Queens,NJ, full time ,3085
TG-103052,Applicant 3052,76344.0,785,Hoboken,ny, full time ,3275
,Applicant 3053,61487.0,632,Queens,N.J.,Unemployed,5228
TG-103054,Applicant 3054,137048.0,811,New York,N.J.,Unemployed,5401
TG-103055,Applicant 3055,59297.0,742,New York,N.J., full time ,5069
TG-103056,Applicant 3056,68334.0,730,Queens,NJ, full time ,3022
TG-103057,Applicant 3057,91132.0,537,Jersey City,N.J.,Self-Employed,4378
TG-103058,Applicant 3058,48936.0,760,Jersey City,,Part Time,2456
TG-103059,Applicant 3059,73130.0,653,Jersey City,NJ,Unemployed,1395
TG-103060,Applicant 3060,94524.0,739,Brooklyn,N.J.,Part Time,4256
TG-103061,Applicant 3061,75014.0,621, Newark,NJ,Unemployed,5497
TG-103062,Applicant 3062,82198.0,659, Newark,,Self-Employed,3356
TG-103063,Applicant 3063,69120.0,688, Newark,NJ,Part Time,1240
TG-103064,Applicant 3064,39566.0,999,Jersey City,N.J.,Self-Employed,5014
TG-103065,Applicant 3065,94648.0,544,New York,NJ,Full Time,1881
TG-103066,Applicant 3066,137648.0,552,Brooklyn,NY,Part Time,4059
TG-103067,Applicant 3067,85552.0,525,Jersey City,N.J.,Part Time,3662
TG-103068,Applicant 3068,91758.0,713,New York,,Part Time,3237
TG-103069,Applicant 3069,105782.0,749,Brooklyn,ny,Full Time,3619
TG-103070,Applicant 3070,46920.0,656,New York,NJ,Full Time,2874
TG-103071,Applicant 3071,136075.0,735,Queens,NJ,Self-Employed,4051
TG-103072,Applicant 3072,91070.0,702,New York,N.J.,Full Time,1563
TG-103073,Applicant 3073,133956.0,687,Brooklyn,N.J.,Unemployed,3718
TG-103074,Applicant 3074,63009.0,801,Jersey City,NY, full time ,1699
TG-103075,Applicant 3075,139542.0,557, Newark,,Part Time,4253
TG-103076,Applicant 3076,108255.0,682,Brooklyn,NJ,Self-Employed,3670
TG-103077,Applicant 3077,101591.0,661,Jersey City,NJ,Self-Employed,1778
TG-103078,Applicant 3078,92021.0,767,Jersey City,ny,Self-Employed,5064
TG-103079,Applicant 3079,77544.0,622,Hoboken,NJ,Self-Employed,2457
TG-103080,Applicant 3080,121016.0,718,Queens,NJ,Part Time,4172
TG-103081,Applicant 3081,89211.0,719,Hoboken,NY,Self-Employed,5185
TG-103082,Applicant 3082,25988.0,561, Newark,ny,Part Time,4188
TG-103083,Applicant 3083,51484.0,666,Brooklyn,NJ,Self-Employed,2724
TG-103084,Applicant 3084,79425.0,585,Hoboken,NJ,Self-Employed,5421
TG-103085,Applicant 3085,94300.0,712, Newark,, full time ,1451
TG-103086,Applicant 3086,83302.0,817,Jersey City,NJ,Unemployed,1581
TG-103087,Applicant 3087,121569.0,557,Brooklyn,NY,Full Time,3004
TG-103088,Applicant 3088,26467.0,660,Hoboken,NJ,Full Time,3187
TG-103089,Applicant 3089,89308.0,625,New York,NJ,Full Time,3699
TG-103090,Applicant 3090,30461.0,671, Newark,N.J.,Unemployed,3842
TG-103091,Applicant 3091,107791.0,557, Newark,NJ,Part Time,1223
TG-103092,Applicant 3092,82166.0,616,Queens,ny,Full Time,1552
TG-103093,Applicant 3093,97588.0,627,New York,N.J.,Full Time,5288
TG-103094,Applicant 3094,59084.0,638,Brooklyn,ny,Full Time,1970
TG-103095,Applicant 3095,123384.0,670,Hoboken,ny,Part Time,4081
TG-103096,Applicant 3096,116252.0,593,Jersey City,NY,Unemployed,2947
TG-103097,Applicant 3097,102506.0,576,Hoboken,NJ,Unemployed,2250
TG-103098,Applicant 3098,81114.0,771,Brooklyn,ny,Part Time,1821
TG-103099,Applicant 3099,102396.0,811,Brooklyn,NJ, full time ,1218
TG-103100,Applicant 3100,63793.0,774,Brooklyn,NJ,Self-Employed,3775
TG-103101,Applicant 3101,110667.0,773,Brooklyn,NY,Part Time,1993
TG-103102,Applicant 3102,134484.0,778, Newark,NY,Self-Employed,4541
TG-103103,Applicant 3103,117118.0,789,Hoboken,ny,Unemployed,4939
TG-103104,Applicant 3104,63112.0,553,New York,ny,Self-Employed,3102
TG-103105,Applicant 3105,95843.0,757,Jersey City,N.J.,Full Time,3140
TG-103106,Applicant 3106,46206.0,698,Jersey City,NJ,Self-Employed,2406
TG-103107,Applicant 3107,102172.0,623,Queens,NJ,Self-Employed,5280
TG-103108,Applicant 3108,98518.0,548, Newark,NY,Unemployed,1364
TG-103109,Applicant 3109,28906.0,746,Brooklyn,NY, full time ,4957
TG-103110,Applicant 3110,50146.0,751,Brooklyn,ny,Self-Employed,4111
TG-103111,Applicant 3111,76506.0,636,Brooklyn,N.J.,Unemployed,4365
TG-103112,Applicant 3112,75974.0,726, Newark,N.J.,Full Time,2411
TG-103113,Applicant 3113,48716.0,704,New York,NY,Self-Employed,4359
TG-103114,Applicant 3114,96669.0,657,Brooklyn,NY,Self-Employed,2681
,Applicant 3115,92544.0,683,Queens,N.J.,Full Time,2695
TG-103116,Applicant 3116,79172.0,594,Queens,N.J.,Part Time,2992
TG-103117,Applicant 3117,62326.0,752,New York,ny, full time ,3619
TG-103118,Applicant 3118,116461.0,803, Newark,N.J.,Full Time,4927
TG-103119,Applicant 3119,134662.0,774,Brooklyn,NJ,Full Time,1564
TG-103120,Applicant 3120,70493.0,528,Hoboken,N.J.,Full Time,5414
TG-103121,Applicant 3121,66635.0,722,Hoboken,,Part Time,1608
TG-103122,Applicant 3122,99736.0,610,Jersey City,N.J.,Full Time,1562
TG-103123,Applicant 3123 ,74259.0,669,New York,NY,Part Time,4640
TG-103124,Applicant 3124,80818.0,695,Hoboken,NY, full time ,1957
TG-103125,Applicant 3125,107190.0,552,Jersey City,,Part Time,4565
TG-103126,Applicant 3126,27719.0,703,Queens,NJ, full time ,4751
TG-103127,Applicant 3127,124549.0,676,Jersey City,N.J., full time ,4191
TG-103128,Applicant 3128,87180.0,572,Brooklyn,N.J., full time ,1647
TG-103129,Applicant 3129,72655.0,815,Brooklyn,,Unemployed,4401
TG-103130,Applicant 3130,82323.0,721,Queens,ny, full time ,3951
TG-103131,Applicant 3131,83873.0,793,New York,ny,Part Time,2991
TG-103132,Applicant 3132,33064.0,694, Newark,NJ,Unemployed,3589
TG-103133,Applicant 3133,129848.0,763,Brooklyn,N.J.,Full Time,1490
TG-103134,Applicant 3134,86240.0,788,Brooklyn,N.J.,Full Time,1371
TG-103135,Applicant 3135,98290.0,593,Jersey City,N.J.,Self-Employed,1500
TG-103136,Applicant 3136,113546.0,615,Jersey City,NY, full time ,4366
TG-103137,Applicant 3137,54365.0,692,Jersey City,ny,Self-Employed,5176
TG-103138,Applicant 3138,99204.0,674,Hoboken,, full time ,4214
TG-103139,Applicant 3139,76971.0,702,Queens,NY, full time ,3504
TG-103140,Applicant 3140,110403.0,808,New York,NY,Part Time,2946
TG-103141,Applicant 3141,21183.0,777,Jersey City,ny,Part Time,1714
TG-103142,Applicant 3142,82027.0,594,New York,N.J.,Full Time,1878
TG-103143,Applicant 3143,66915.0,693,Jersey City,NJ,Unemployed,5179
TG-103144,Applicant 3144,97968.0,750,Brooklyn,,Full Time,4621
TG-103145,Applicant 3145,99101.0,766,New York,ny, full time ,3452
TG-103146,Applicant 3146,63771.0,680,Hoboken,NJ,Unemployed,1543
TG-103147,Applicant 3147,63635.0,705,Jersey City,ny,Self-Employed,1228
TG-103148,Applicant 3148,81680.0,662, Newark,ny, full time ,4647
TG-103149,Applicant 3149,58101.0,801,Queens,ny,Part Time,3352
TG-103150,Applicant 3150,110260.0,647,Brooklyn,ny,Full Time,1306
TG-103151,Applicant 3151,73924.0,685,Jersey City,N.J.,Full Time,5397
TG-103152,Applicant 3152 ,-2210.0,546,New York,NY,Self-Employed,3799
TG-103153,Applicant 3153,73755.0,765,Jersey City,ny,Full Time,4560
TG-103154,Applicant 3154,53844.0,654,Brooklyn,NJ,Full Time,1689
TG-103155,Applicant 3155,36062.0,721,Queens,NJ,Unemployed,4960
TG-103156,Applicant 3156,47877.0,540,Queens,NJ, full time ,5362
TG-103157,Applicant 3157,88282.0,598,Queens,NY,Unemployed,4422
TG-103158,Applicant 3158,124859.0,677, Newark,NY,Unemployed,1477
TG-103159,Applicant 3159,94396.0,613,Brooklyn,NJ,Full Time,5276
TG-103160,Applicant 3160,66805.0,527, Newark,N.J., full time ,2573
TG-103161,Applicant 3161,98677.0,778, Newark,NY,Full Time,1827
TG-103162,Applicant 3162,71227.0,574,Jersey City,NY,Full Time,3895
TG-103163,Applicant 3163,64162.0,555,Brooklyn,N.J.,Unemployed,2370
TG-103164,Applicant 3164,50369.0,525,Brooklyn,ny,Part Time,1877
TG-103165,Applicant 3165,32445.0,561,Jersey City,NY,Part Time,4917
TG-103166,Applicant 3166,73302.0,569,Hoboken,NJ,Unemployed,4561
TG-103167,Applicant 3167,89742.0,631, Newark,NJ,Unemployed,4601
TG-103168,Applicant 3168,82101.0,665,Queens,N.J.,Full Time,3642
TG-103169,Applicant 3169,72521.0,749,New York,NJ, full time ,1754
TG-103170,Applicant 3170,56628.0,730, Newark,,Full Time,2002
TG-103171,Applicant 3171,103247.0,549,New York,NJ,Full Time,2362
TG-103172,Applicant 3172,45486.0,814,Jersey City,N.J.,Self-Employed,1623
TG-103173,Applicant 3173,108281.0,635,New York,N.J.,Full Time,2476
TG-103174,Applicant 3174,54933.0,745,Hoboken,N.J., full time ,1615
TG-103175,Applicant 3175,62427.0,578,Brooklyn,,Full Time,4192
TG-103176,Applicant 3176,40996.0,595,Queens,NY,Unemployed,3205
TG-103177,Applicant 3177,69958.0,735,New York,ny, full time ,3944
TG-103178,Applicant 3178,114259.0,651,New York,NJ,Unemployed,4063
TG-103179,Applicant 3179,100469.0,600,Jersey City,NY,Self-Employed,3212
TG-103180,Applicant 3180,114353.0,586,Jersey City,N.J.,Self-Employed,5475
TG-103181,Applicant 3181,100664.0,999,Brooklyn,NY, full time ,3030
TG-103182,Applicant 3182,51890.0,796,Queens,NY,Part Time,5448
TG-103183,Applicant 3183,75076.0,591,New York,,Part Time,5140
TG-103184,Applicant 3184,61594.0,728,Brooklyn,N.J., full time ,5071
TG-103185,Applicant 3185,124917.0,791,Queens,N.J., full time ,2817
TG-103186,Applicant 3186,49096.0,663,Brooklyn,NJ,Unemployed,2843
TG-103187,Applicant 3187,111811.0,770,New York,NJ,Self-Employed,3999
TG-103188,Applicant 3188,111789.0,803,Jersey City,NJ, full time ,3003
TG-103189,Applicant 3189,139889.0,698,Jersey City,NJ,Full Time,2153
TG-103190,Applicant 3190,72709.0,599,Jersey City,NY,Unemployed,4514
TG-103191,Applicant 3191,,576,Hoboken,NY,Self-Employed,4407
TG-103192,Applicant 3192,153450.0,693,Brooklyn,NJ,Unemployed,2382
TG-103193,Applicant 3193,66471.0,757,New York,NJ,Self-Employed,5447
TG-103194,Applicant 3194,38949.0,685,Brooklyn,NJ,Full Time,2108
TG-103195,Applicant 3195,28600.0,603,Jersey City,ny,Self-Employed,4825
TG-103196,Applicant 3196,106381.0,567, Newark,NJ,Unemployed,1662
TG-103197,Applicant 3197,28505.0,646, Newark,ny,Self-Employed,2692
TG-103198,Applicant 3198,73830.0,688,Brooklyn,NJ,Unemployed,2249
TG-103199,Applicant 3199,98119.0,586,Queens,N.J., full time ,4437
TG-103200,Applicant 3200,90555.0,713, Newark,,Full Time,4637
TG-103201,Applicant 3201,97763.0,674, Newark,NY,Unemployed,4738
TG-103202,Applicant 3202,91669.0,679,Brooklyn,N.J.,Part Time,1466
TG-103203,Applicant 3203,123366.0,703,Hoboken,,Part Time,2758
TG-103204,Applicant 3204,56431.0,785,Hoboken,ny,Self-Employed,3368
TG-103205,Applicant 3205,64690.0,687,Jersey City,NY, full time ,3084
TG-103206,Applicant 3206,61820.0,664,New York,ny, full time ,4739
TG-103207,Applicant 3207,109906.0,705,Queens,ny,Part Time,4066
TG-103208,Applicant 3208,112012.0,781,New York,NY,Self-Employed,5478
TG-103209,Applicant 3209,98537.0,793,New York,, full time ,3746
TG-103210,Applicant 3210,120505.0,742,Queens,NY, full time ,4718
TG-103211,Applicant 3211,49659.0,561,Hoboken,NJ,Self-Employed,4448
TG-103212,Applicant 3212,135017.0,523, Newark,ny,Unemployed,3317
TG-103213,Applicant 3213,130697.0,795,Jersey City,NJ,Part Time,2999
TG-103214,Applicant 3214,107069.0,803,Brooklyn,NY, full time ,1322
TG-103215,Applicant 3215,138454.0,712,Hoboken,NY,Unemployed,1591
TG-103216,Applicant 3216,35301.0,623,Jersey City,,Unemployed,4498
TG-103217,Applicant 3217,69267.0,766, Newark,ny,Unemployed,3615
TG-103218,Applicant 3218,62941.0,819,Hoboken,N.J.,Unemployed,5240
TG-103219,Applicant 3219,106644.0,542,Queens,NY,Full Time,4343
TG-103220,Applicant 3220,53496.0,532,New York,N.J.,Full Time,3759
TG-103221,Applicant 3221,107725.0,663,Queens,ny,Self-Employed,2295
TG-103222,Applicant 3222,126116.0,737, Newark,NJ,Part Time,3971
TG-103223,Applicant 3223,105856.0,702,Brooklyn,ny,Self-Employed,5341
TG-103224,Applicant 3224,93513.0,761,Queens,,Full Time,4187
TG-103225,Applicant 3225,55364.0,712, Newark,N.J.,Self-Employed,1972
TG-103226,Applicant 3226,59594.0,791,New York,N.J.,Self-Employed,2398
TG-103227,Applicant 3227,122489.0,684,Hoboken,NJ,Unemployed,2650
TG-103228,Applicant 3228,108380.0,699,Jersey City,NJ, full time ,3484
TG-103229,Applicant 3229,83829.0,636, Newark,NY,Full Time,4238
TG-103230,Applicant 3230,72463.0,785, Newark,ny,Full Time,2363
TG-103231,Applicant 3231,24226.0,557,Brooklyn,,Self-Employed,1263
TG-103232,Applicant 3232,52874.0,563,Hoboken,NY, full time ,3526
TG-103233,Applicant 3233,142343.0,593, Newark,ny,Self-Employed,1249
TG-103234,Applicant 3234,46586.0,745, Newark,NJ,Part Time,2874
TG-103235,Applicant 3235,90684.0,532,Jersey City,,Full Time,3678
TG-103236,Applicant 3236,115223.0,531,New York,NJ,Unemployed,1704
TG-103237,Applicant 3237,47352.0,569,Queens,NJ,Unemployed,2791
TG-103238,Applicant 3238,90541.0,768,Hoboken,N.J.,Unemployed,1933
TG-103239,Applicant 3239,113137.0,638,Jersey City,ny,Full Time,4052
TG-103240,Applicant 3240,85375.0,576,Jersey City,NY,Full Time,1667
TG-103241,Applicant 3241,171052.0,701,Queens,N.J.,Unemployed,4008
TG-103242,Applicant 3242,34942.0,783,Hoboken,ny,Full Time,1709
TG-103243,Applicant 3243,116762.0,625,Hoboken,ny,Unemployed,3973
TG-103244,Applicant 3244,79816.0,710,New York,ny,Part Time,4057
TG-103245,Applicant 3245,108158.0,656,Hoboken,,Part Time,4429
TG-103246,Applicant 3246,98239.0,707, Newark,N.J.,Part Time,4365
TG-103247,Applicant 3247,63005.0,639,Queens,NY,Self-Employed,2709
TG-103248,Applicant 3248,91870.0,761,Hoboken,N.J.,Self-Employed,5269
TG-103249,Applicant 3249,29263.0,591,New York,NJ, full time ,4710
TG-103250,Applicant 3250,103097.0,762,Jersey City,ny, full time ,1365
TG-103251,Applicant 3251,93945.0,650, Newark,NJ, full time ,4726
TG-103252,Applicant 3252,104160.0,788,Hoboken,N.J.,Part Time,4641
TG-103253,Applicant 3253,116744.0,571,Queens,NY,Part Time,2601
TG-103254,Applicant 3254,96029.0,581,Hoboken,NJ,Part Time,5203
TG-103255,Applicant 3255,89443.0,638,Brooklyn,NJ,Full Time,2614
TG-103256,Applicant 3256,58568.0,783,New York,,Full Time,2575
TG-103257,Applicant 3257,63633.0,758,Jersey City,N.J.,Part Time,4353
TG-103258,Applicant 3258,120602.0,774,Brooklyn,NJ,Unemployed,4259
TG-103259,Applicant 3259,128090.0,692,Queens,N.J., full time ,1262
TG-103260,Applicant 3260,77857.0,756,Hoboken,NY,Self-Employed,3949
TG-103261,Applicant 3261,86380.0,614,New York,NJ, full time ,5174
TG-103262,Applicant 3262,57862.0,576, Newark,NY,Unemployed,5057
TG-103263,Applicant 3263,120183.0,586,Hoboken,NJ,Full Time,3395
TG-103264,Applicant 3264,104963.0,565,Hoboken,ny,Part Time,2742
TG-103265,Applicant 3265,143237.0,613,Hoboken,,Full Time,3028
TG-103266,Applicant 3266,58650.0,657, Newark,,Full Time,1297
TG-103267,Applicant 3267,73660.0,612,Hoboken,,Unemployed,2525
TG-103268,Applicant 3268,91943.0,751,New York,NY,Full Time,4655
TG-103269,Applicant 3269,104395.0,568, Newark,N.J.,Full Time,4375
TG-103270,Applicant 3270,78530.0,542, Newark,, full time ,3837
TG-103271,Applicant 3271,58811.0,581,Brooklyn,NJ, full time ,3224
TG-103272,Applicant 3272,111442.0,786,Queens,NJ,Unemployed,4181
TG-103273,Applicant 3273,106634.0,637, Newark,ny,Part Time,1878
TG-103274,Applicant 3274,57512.0,607,Brooklyn,NY, full time ,2505
TG-103275,Applicant 3275,125663.0,608,New York,NJ,Full Time,4301
TG-103276,Applicant 3276,120106.0,574,Queens,NJ,Self-Employed,2989
TG-103277,Applicant 3277,89029.0,672, Newark,ny, full time ,5174
TG-103278,Applicant 3278,87388.0,758,Jersey City,ny,Self-Employed,4166
TG-103279,Applicant 3279,101622.0,999,Brooklyn,N.J.,Part Time,4096
TG-103280,Applicant 3280,59149.0,787,New York,N.J.,Full Time,4420
TG-103281,Applicant 3281,85901.0,632,New York,N.J., full time ,2299
TG-103282,Applicant 3282,20428.0,685,New York,NJ,Part Time,4852
TG-103283,Applicant 3283,111294.0,675,Queens,ny,Unemployed,2870
TG-103284,Applicant 3284,38155.0,527,Hoboken,NY,Part Time,4402
TG-103285,Applicant 3285,130103.0,721,Jersey City,N.J.,Unemployed,1712
TG-103286,Applicant 3286,75096.0,736,Queens,,Unemployed,2283
TG-103287,Applicant 3287,,811,Queens,NJ, full time ,3062
TG-103288,Applicant 3288,66168.0,569, Newark,NY,Self-Employed,4814
TG-103289,Applicant 3289,76359.0,626,Brooklyn,NJ,Unemployed,2999
TG-103290,Applicant 3290,127556.0,528,Jersey City,N.J.,Full Time,5158
TG-103291,Applicant 3291,10366.0,752,New York,NJ, full time ,5302
TG-103292,Applicant 3292,123309.0,707,Queens,N.J.,Unemployed,5208
TG-103293,Applicant 3293,95141.0,629,Jersey City,NJ, full time ,3176
TG-103294,Applicant 3294,48789.0,664,Brooklyn,N.J.,Full Time,2358
TG-103295,Applicant 3295,52741.0,747,Hoboken,ny, full time ,2657
TG-103296,Applicant 3296,135292.0,633,Jersey City,ny, full time ,1853
TG-103297,Applicant 3297,56635.0,582,New York,ny,Unemployed,4993
TG-103298,Applicant 3298,50399.0,794,Queens,ny,Part Time,1682
TG-103299,Applicant 3299,119119.0,643,Hoboken,ny, full time ,2860
TG-103300,Applicant 3300,95157.0,605,Brooklyn,,Unemployed,3738
TG-103301,Applicant 3301,56862.0,589,New York,NJ,Full Time,4592
TG-103302,Applicant 3302,91499.0,566,Hoboken,ny,Full Time,2150
TG-103303,Applicant 3303,54227.0,718, Newark,,Part Time,1611
TG-103304,Applicant 3304,118025.0,720, Newark,,Full Time,1553
TG-103305,Applicant 3305,116841.0,795,Brooklyn,NJ,Unemployed,3679
TG-103306,Applicant 3306,100960.0,556,New York,NJ,Part Time,5298
TG-103307,Applicant 3307,95850.0,722,Queens,N.J.,Unemployed,5280
TG-103308,Applicant 3308,137836.0,649,Brooklyn,N.J.,Part Time,5426
TG-103309,Applicant 3309,84991.0,811,Hoboken,ny,Part Time,2298
TG-103310,Applicant 3310,49544.0,583,New York,NY,Unemployed,2547
TG-103311,Applicant 3311,98484.0,782, Newark,N.J.,Part Time,4749
TG-103312,Applicant 3312,147581.0,639, Newark,NY,Unemployed,3173
TG-103313,Applicant 3313,54557.0,797,Jersey City,N.J.,Full Time,2223
TG-103314,Applicant 3314,74156.0,721,New York,,Full Time,5455
TG-103315,Applicant 3315,97493.0,565,Hoboken,, full time ,5055
TG-103316,Applicant 3316,83383.0,687,Hoboken,,Self-Employed,2618
TG-103317,Applicant 3317,55531.0,629,Jersey City,NY,Self-Employed,2255
TG-103318,Applicant 3318,118656.0,565,Hoboken,ny,Full Time,4136
TG-103319,Applicant 3319,154601.0,731,New York,N.J., full time ,3730
TG-103320,Applicant 3320,90884.0,547, Newark,N.J.,Self-Employed,3109
TG-103321,Applicant 3321,57878.0,606,Brooklyn,NY,Unemployed,2847
TG-103322,Applicant 3322,38531.0,810, Newark,,Unemployed,4020
TG-103323,Applicant 3323,92739.0,676, Newark,ny,Part Time,2056
TG-103324,Applicant 3324,118116.0,784,New York,N.J.,Self-Employed,4209
TG-103325,Applicant 3325,99255.0,784,Hoboken,ny,Unemployed,2001
TG-103326,Applicant 3326,84928.0,541,Jersey City,ny,Self-Employed,1541
TG-103327,Applicant 3327,67322.0,775,Jersey City,NJ,Part Time,2596
TG-103328,Applicant 3328,52235.0,710,Queens,ny,Full Time,2509
TG-103329,Applicant 3329,110043.0,751,Jersey City,NJ, full time ,1776
TG-103330,Applicant 3330,112413.0,705,Jersey City,NY,Part Time,5228
TG-103331,Applicant 3331,38628.0,702,Hoboken,,Part Time,3394
TG-103332,Applicant 3332,132695.0,721,Brooklyn,NJ,Part Time,5250
TG-103333,Applicant 3333,102222.0,584,Brooklyn,ny, full time ,2403
TG-103334,Applicant 3334,126988.0,562,Hoboken,,Unemployed,1690
TG-103335,Applicant 3335,44736.0,740,Jersey City,ny,Self-Employed,3328
TG-103336,Applicant 3336,44025.0,536,New York,ny,Full Time,3681
TG-103337,Applicant 3337,80531.0,804, Newark,NJ,Full Time,4560
TG-103338,Applicant 3338,100084.0,702, Newark,NY, full time ,1939
TG-103339,Applicant 3339,138891.0,563,Brooklyn,ny,Full Time,1709
TG-103340,Applicant 3340,106182.0,707,Hoboken,NJ, full time ,1793
TG-103341,Applicant 3341,77720.0,782,New York,ny, full time ,3727
TG-103342,Applicant 3342,54209.0,693,Jersey City,,Self-Employed,4867
TG-103343,Applicant 3343,121900.0,573,Hoboken,NY,Self-Employed,1954
TG-103344,Applicant 3344,56059.0,739,Brooklyn,ny, full time ,2662
TG-103345,Applicant 3345,133854.0,565,New York,NY,Self-Employed,5259
TG-103346,Applicant 3346,76468.0,779,New York,NY,Unemployed,4202
TG-103347,Applicant 3347,132717.0,714,Brooklyn,,Part Time,1304
TG-103348,Applicant 3348,105368.0,580,New York,,Full Time,2792
TG-103349,Applicant 3349,80890.0,685, Newark,N.J.,Full Time,4952
TG-103350,Applicant 3350,69418.0,679,Brooklyn,NY,Full Time,5022
TG-103351,Applicant 3351,74773.0,670, Newark,ny,Full Time,4042
TG-103352,Applicant 3352,97850.0,630,Hoboken,,Unemployed,1592
TG-103353,Applicant 3353,87315.0,556,Queens,ny,Unemployed,3232
TG-103354,Applicant 3354,67186.0,999,Jersey City,NY,Part Time,3400
TG-103355,Applicant 3355,80031.0,532,Hoboken,, full time ,1889
TG-103356,Applicant 3356,87357.0,681, Newark,N.J.,Self-Employed,2860
TG-103357,Applicant 3357,21138.0,783,Jersey City,NY,Part Time,4946
TG-103358,Applicant 3358,98745.0,602,Jersey City,ny,Full Time,5162
TG-103359,Applicant 3359,55608.0,784, Newark,N.J.,Self-Employed,2602
TG-103360,Applicant 3360,50400.0,738, Newark,NY,Part Time,3872
TG-103361,Applicant 3361,34380.0,665,Brooklyn,,Full Time,5124
TG-103362,Applicant 3362,31183.0,817,Queens,NY,Part Time,5387
TG-103363,Applicant 3363,44337.0,816, Newark,NJ,Full Time,4452
TG-103364,Applicant 3364,63729.0,680,Jersey City,ny,Full Time,4549
TG-103365,Applicant 3365,143598.0,748,Jersey City,,Unemployed,4530
TG-103366,Applicant 3366,69224.0,753,Hoboken,,Full Time,3549
TG-103367,Applicant 3367,90333.0,608,Queens,NJ,Part Time,5025
TG-103368,Applicant 3368,97014.0,734,Queens,N.J.,Self-Employed,1750
TG-103369,Applicant 3369,88932.0,616,Jersey City,,Unemployed,3144
TG-103370,Applicant 3370,82677.0,732,Queens,N.J.,Self-Employed,1502
TG-103371,Applicant 3371,49141.0,619,Hoboken,N.J., full time ,1617
TG-103372,Applicant 3372,128528.0,664,Brooklyn,N.J.,Self-Employed,3315
TG-103373,Applicant 3373,139216.0,529,Jersey City,NY, full time ,3304
TG-103374,Applicant 3374,34520.0,563,New York,NJ, full time ,5496
TG-103375,Applicant 3375,54279.0,770,Jersey City,ny,Unemployed,3846
TG-103376,Applicant 3376,76606.0,746,Jersey City,NJ,Self-Employed,2029
TG-103377,Applicant 3377,56064.0,768,Brooklyn,,Full Time,4310
TG-103378,Applicant 3378,100179.0,688, Newark,NJ,Unemployed,2337
TG-103379,Applicant 3379,63152.0,649, Newark,ny,Unemployed,2939
TG-103380,Applicant 3380,149952.0,538,New York,NY,Full Time,3382
TG-103381,Applicant 3381,120716.0,754,New York,,Self-Employed,4110
TG-103382,Applicant 3382,91377.0,520,New York,NY,Unemployed,5254
TG-103383,Applicant 3383,115810.0,649, Newark,, full time ,3842
TG-103384,Applicant 3384,118177.0,546,Brooklyn,ny,Full Time,1986
TG-103385,Applicant 3385,68082.0,521,Queens,NY,Part Time,3749
TG-103386,Applicant 3386,60513.0,769,New York,ny,Unemployed,4446
TG-103387,Applicant 3387,87344.0,741,Queens,ny, full time ,5466
TG-103388,Applicant 3388,110849.0,657,Hoboken,NJ,Self-Employed,3667
TG-103389,Applicant 3389,89172.0,794,Brooklyn,,Self-Employed,4808
TG-103390,Applicant 3390,37690.0,660,Queens,N.J.,Full Time,3268
TG-103391,Applicant 3391,60915.0,775, Newark,N.J., full time ,3537
TG-103392,Applicant 3392,82781.0,614, Newark,NY,Full Time,3869
TG-103393,Applicant 3393,82730.0,692,New York,ny,Unemployed,3016
TG-103394,Applicant 3394,144176.0,576,New York,NJ,Full Time,3354
TG-103395,Applicant 3395,43420.0,621,Queens,,Part Time,3002
TG-103396,Applicant 3396,100168.0,688, Newark,NY,Full Time,3010
TG-103397,Applicant 3397,129673.0,589,Queens,ny,Full Time,4192
TG-103398,Applicant 3398,153143.0,568,Hoboken,N.J.,Unemployed,3121
TG-103399,Applicant 3399,72868.0,524,Brooklyn,N.J., full time ,4030
TG-103400,Applicant 3400,99743.0,721, Newark,,Part Time,4602
TG-103401,Applicant 3401,102093.0,721,Jersey City,,Full Time,1927
TG-103402,Applicant 3402,90864.0,698, Newark,,Unemployed,5427
TG-103403,Applicant 3403,82035.0,576,Hoboken,NY,Unemployed,1420
TG-103404,Applicant 3404,98079.0,705, Newark,,Unemployed,4096
TG-103405,Applicant 3405,9033.0,611,Hoboken,NY, full time ,5047
TG-103406,Applicant 3406,105462.0,811, Newark,NJ,Full Time,5372
TG-103407,Applicant 3407,88785.0,746,Hoboken,ny,Self-Employed,3852
TG-103408,Applicant 3408,78326.0,631,New York,N.J.,Part Time,5150
TG-103409,Applicant 3409,146406.0,667,Queens,NY,Self-Employed,2566
TG-103410,Applicant 3410,64752.0,788, Newark,ny, full time ,1531
TG-103411,Applicant 3411,72908.0,722,Brooklyn,,Full Time,3925
TG-103412,Applicant 3412,144747.0,575,New York,N.J.,Self-Employed,2604
TG-103413,Applicant 3413,60038.0,704,Hoboken,NY,Self-Employed,2157
TG-103414,Applicant 3414,68497.0,573,Brooklyn,,Self-Employed,4711
TG-103415,Applicant 3415,80589.0,556,New York,ny,Part Time,3568
TG-103416,Applicant 3416,110222.0,730,Jersey City,NJ,Full Time,1728
TG-103417,Applicant 3417,,812, Newark,ny,Unemployed,2067
TG-103418,Applicant 3418,46221.0,789, Newark,NY,Full Time,3136
TG-103419,Applicant 3419,69035.0,739,Hoboken,NJ,Self-Employed,1940
TG-103420,Applicant 3420,66779.0,747,New York,NJ,Full Time,2506
TG-103421,Applicant 3421,82683.0,730,New York,,Unemployed,4616
TG-103422,Applicant 3422,97775.0,817,Hoboken,ny,Part Time,2957
TG-103423,Applicant 3423,97546.0,520,Jersey City,NY,Full Time,2456
TG-103424,Applicant 3424,31720.0,542, Newark,NJ,Full Time,5141
TG-103425,Applicant 3425,116918.0,803,Queens,,Part Time,2575
TG-103426,Applicant 3426,92577.0,707,Jersey City,NJ,Part Time,1915
TG-103427,Applicant 3427,126536.0,537,Hoboken,ny,Self-Employed,1632
TG-103428,Applicant 3428,98326.0,568,Queens,N.J.,Self-Employed,4585
TG-103429,Applicant 3429,118040.0,566,New York,NY,Part Time,4249
TG-103430,Applicant 3430,98996.0,634,Jersey City,N.J.,Unemployed,3217
TG-103431,Applicant 3431,125387.0,558,Jersey City,ny,Self-Employed,1456
TG-103432,Applicant 3432,100668.0,736, Newark,N.J.,Unemployed,4036
TG-103433,Applicant 3433,82063.0,729, Newark,ny,Part Time,3504
TG-103434,Applicant 3434,153173.0,781,Queens,ny,Full Time,3406
TG-103435,Applicant 3435,111671.0,730,New York,,Part Time,5042
TG-103436,Applicant 3436,102212.0,572,Jersey City,N.J.,Part Time,5498
TG-103437,Applicant 3437,46711.0,800,Queens,NJ, full time ,3237
TG-103438,Applicant 3438,46351.0,652,Jersey City,ny,Part Time,5377
TG-103439,Applicant 3439,93781.0,783, Newark,N.J.,Self-Employed,2669
TG-103440,Applicant 3440,89366.0,814,New York,NJ,Full Time,2248
TG-103441,Applicant 3441 ,66576.0,630,New York,NY,Unemployed,5313
TG-103442,Applicant 3442,89229.0,562,Brooklyn,NJ, full time ,4768
TG-103443,Applicant 3443,132659.0,757,Queens,N.J.,Self-Employed,2160
TG-103444,Applicant 3444,105862.0,766, Newark,N.J.,Full Time,5316
TG-103445,Applicant 3445,50770.0,523, Newark,NJ,Unemployed,2371
TG-103446,Applicant 3446,81655.0,692, Newark,NJ,Full Time,3885
TG-103447,Applicant 3447,60851.0,712,Hoboken,ny,Self-Employed,4184
TG-103448,Applicant 3448,73369.0,522,Jersey City,N.J.,Full Time,1935
TG-103449,Applicant 3449,72592.0,797,New York,ny,Part Time,1832
TG-103450,Applicant 3450,70671.0,575,Jersey City,ny,Full Time,1486
TG-103451,Applicant 3451,47346.0,793,Jersey City,NY,Part Time,2548
TG-103452,Applicant 3452,81170.0,695,Hoboken,N.J.,Self-Employed,5443
TG-103453,Applicant 3453,68182.0,635,New York,ny, full time ,3468
TG-103454,Applicant 3454,-2883.0,603,Brooklyn,NY,Part Time,1378
TG-103455,Applicant 3455,146589.0,678, Newark,ny,Full Time,3111
TG-103456,Applicant 3456,117663.0,805,Queens,ny,Full Time,2699
TG-103457,Applicant 3457,73711.0,599,Jersey City,N.J.,Full Time,3197
TG-103458,Applicant 3458,85565.0,585,Hoboken,NJ,Self-Employed,3857
TG-103459,Applicant 3459,49850.0,728,Hoboken,NJ,Unemployed,3875
TG-103460,Applicant 3460,,529,Queens,N.J.,Full Time,3370
TG-103461,Applicant 3461 ,141919.0,718,Queens,NJ,Full Time,3532
TG-103462,Applicant 3462,89701.0,578,New York,,Part Time,5189
TG-103463,Applicant 3463,115706.0,753,Jersey City,NJ, full time ,3954
TG-103464,Applicant 3464,90259.0,763,Jersey City,ny,Full Time,3250
TG-103465,Applicant 3465,44898.0,573,Queens,ny,Self-Employed,1461
TG-103466,Applicant 3466,72645.0,528, Newark,NY,Unemployed,2694
TG-103467,Applicant 3467,88958.0,620,Brooklyn,N.J.,Unemployed,1531
TG-103468,Applicant 3468,71364.0,814,Jersey City,NY,Unemployed,4019
TG-103469,Applicant 3469,78440.0,722,Hoboken,ny,Self-Employed,3816
TG-103470,Applicant 3470,82258.0,672, Newark,ny,Unemployed,3842
TG-103471,Applicant 3471,82574.0,629,Queens,NY,Unemployed,5495
TG-103472,Applicant 3472,86568.0,785,Jersey City,,Part Time,2358
TG-103473,Applicant 3473,53182.0,671,New York,NJ,Unemployed,1493
TG-103474,Applicant 3474,63490.0,602,Queens,,Part Time,4124
TG-103475,Applicant 3475,46462.0,653,Hoboken,,Part Time,5380
TG-103476,Applicant 3476,114334.0,679,New York,,Part Time,1492
TG-103477,Applicant 3477,,558,Queens,,Self-Employed,2361
TG-103478,Applicant 3478,119608.0,999,Queens,NJ,Full Time,1610
TG-103479,Applicant 3479,126590.0,532,Jersey City,N.J., full time ,1708
TG-103480,Applicant 3480,75935.0,586,New York,NY,Unemployed,5155
TG-103481,Applicant 3481,6906.0,767,Queens,, full time ,4489
TG-103482,Applicant 3482,74161.0,560, Newark,,Full Time,3339
TG-103483,Applicant 3483,83074.0,703,Hoboken,NY,Part Time,2593
TG-103484,Applicant 3484,54682.0,554,New York,NY,Part Time,3818
TG-103485,Applicant 3485,69543.0,809, Newark,N.J.,Part Time,3176
TG-103486,Applicant 3486,,595,Jersey City,ny,Part Time,1906
TG-103487,Applicant 3487,104948.0,589,Brooklyn,N.J.,Unemployed,2498
TG-103488,Applicant 3488,57263.0,753,Queens,ny,Full Time,4151
TG-103489,Applicant 3489,37072.0,530,Brooklyn,NJ,Full Time,5058
TG-103490,Applicant 3490,75189.0,802,Queens,N.J.,Full Time,4307
TG-103491,Applicant 3491,78596.0,543, Newark,NJ, full time ,1940
TG-103492,Applicant 3492,99886.0,793,Jersey City,NY,Part Time,5492
TG-103493,Applicant 3493,68940.0,546,Jersey City,N.J.,Self-Employed,5099
TG-103494,Applicant 3494,100345.0,573,Jersey City,NY,Full Time,3537
TG-103495,Applicant 3495,143055.0,574,Jersey City,, full time ,2634
TG-103496,Applicant 3496,109465.0,752,New York,NY,Unemployed,2521
TG-103497,Applicant 3497,83557.0,796,New York,,Part Time,2210
TG-103498,Applicant 3498,79505.0,999,Queens,ny, full time ,5383
TG-103499,Applicant 3499,74300.0,744,New York,,Self-Employed,1375
TG-103500,Applicant 3500,120419.0,577,Queens,ny,Self-Employed,3525
TG-103501,Applicant 3501,66181.0,774,New York,,Unemployed,2520
TG-103502,Applicant 3502,86357.0,695,New York,,Full Time,3671
TG-103503,Applicant 3503,86536.0,573,New York,NJ,Full Time,2639
TG-103504,Applicant 3504,69946.0,665,Hoboken,NJ, full time ,5328
TG-103505,Applicant 3505,43826.0,778,Jersey City,NY, full time ,1408
TG-103506,Applicant 3506,94689.0,671,Hoboken,NJ,Full Time,1447
TG-103507,Applicant 3507,83170.0,781,New York,ny,Full Time,4649
TG-103508,Applicant 3508,100007.0,538,New York,NJ, full time ,4094
TG-103509,Applicant 3509,68992.0,690,Hoboken,NY,Part Time,4974
TG-103510,Applicant 3510,121625.0,716, Newark,N.J.,Self-Employed,1989
TG-103511,Applicant 3511,58697.0,999,Queens,ny,Self-Employed,5280
TG-103512,Applicant 3512,136361.0,604,Jersey City,N.J.,Unemployed,5313
TG-103513,Applicant 3513,32571.0,803,Queens,ny,Self-Employed,3460
TG-103514,Applicant 3514,98043.0,651, Newark,NY, full time ,2946
TG-103515,Applicant 3515,99263.0,639,Jersey City,NJ,Part Time,3761
TG-103516,Applicant 3516,61133.0,735,Brooklyn,N.J., full time ,2317
TG-103517,Applicant 3517,97732.0,655,Jersey City,N.J.,Full Time,2056
TG-103518,Applicant 3518,123386.0,635,Queens,NJ,Full Time,4169
TG-103519,Applicant 3519,18495.0,580,Jersey City,NY,Self-Employed,4054
TG-103520,Applicant 3520,100082.0,536,Brooklyn,NJ,Part Time,2240
TG-103521,Applicant 3521,10202.0,553,Brooklyn,,Unemployed,4402
TG-103522,Applicant 3522,56030.0,539,New York,, full time ,1497
TG-103523,Applicant 3523,133875.0,727,Brooklyn,,Unemployed,2197
TG-103524,Applicant 3524 ,67547.0,681,Hoboken,N.J.,Unemployed,4044
TG-103525,Applicant 3525,49784.0,818,Queens,N.J.,Unemployed,4401
TG-103526,Applicant 3526,79062.0,529,Hoboken,NY,Unemployed,3863
TG-103527,Applicant 3527,147037.0,613, Newark,ny, full time ,4541
TG-103528,Applicant 3528,30050.0,626,Hoboken,NJ,Full Time,3515
TG-103529,Applicant 3529,53461.0,624,Queens,ny, full time ,4758
TG-103530,Applicant 3530,129923.0,590, Newark,N.J.,Full Time,2113
TG-103531,Applicant 3531,140731.0,603,Hoboken,NJ,Full Time,4628
TG-103532,Applicant 3532,81897.0,728,Hoboken,N.J., full time ,2204
TG-103533,Applicant 3533,47828.0,778, Newark,NY, full time ,2509
TG-103534,Applicant 3534,147875.0,758,Hoboken,NJ, full time ,3793
TG-103535,Applicant 3535,132833.0,751,Brooklyn,N.J.,Full Time,3970
TG-103536,Applicant 3536,105368.0,801,Queens,, full time ,4602
TG-103537,Applicant 3537,60628.0,725,Queens,,Part Time,3940
TG-103538,Applicant 3538,83529.0,783,Queens,N.J.,Self-Employed,2121
TG-103539,Applicant 3539,80189.0,704,Hoboken,ny,Self-Employed,2920
TG-103540,Applicant 3540,94926.0,633,Brooklyn,NY,Part Time,4268
TG-103541,Applicant 3541,128530.0,598,Queens,NY,Self-Employed,4383
TG-103542,Applicant 3542,111383.0,569,Jersey City,N.J.,Full Time,2715
TG-103543,Applicant 3543,52679.0,614,Queens,NY, full time ,4809
TG-103544,Applicant 3544,126295.0,777,New York,NJ, full time ,3509
TG-103545,Applicant 3545,94394.0,581,Jersey City,NY, full time ,5052
TG-103546,Applicant 3546,105612.0,661,Queens,,Part Time,3936
TG-103547,Applicant 3547,128996.0,741,Hoboken,N.J.,Part Time,2333
TG-103548,Applicant 3548,51653.0,630,Queens,NJ,Full Time,2702
TG-103549,Applicant 3549,83925.0,623,Brooklyn,NY,Part Time,2836
TG-103550,Applicant 3550,69056.0,534,Brooklyn,, full time ,3009
TG-103551,Applicant 3551,37964.0,789,Queens,ny,Full Time,1466
TG-103552,Applicant 3552,95401.0,678,Hoboken,NY,Full Time,1867
TG-103553,Applicant 3553,160347.0,676,Hoboken,, full time ,1253
TG-103554,Applicant 3554,29798.0,546,Hoboken,,Unemployed,4021
TG-103555,Applicant 3555,84032.0,604,Queens,, full time ,5145
TG-103556,Applicant 3556 ,104216.0,528,Queens,,Full Time,2000
TG-103557,Applicant 3557,88692.0,795,New York,ny,Unemployed,5391
TG-103558,Applicant 3558,81606.0,999,Brooklyn,N.J., full time ,3226
TG-103559,Applicant 3559,46024.0,705,Jersey City,, full time ,1373
TG-103560,Applicant 3560,91984.0,598,Jersey City,N.J.,Unemployed,1254
TG-103561,Applicant 3561,62297.0,735,Brooklyn,ny,Unemployed,1909
TG-103562,Applicant 3562,19302.0,576, Newark,ny,Self-Employed,2840
TG-103563,Applicant 3563,120838.0,663,New York,NJ,Unemployed,3014
TG-103564,Applicant 3564,113752.0,586,Brooklyn,NJ,Part Time,2913
TG-103565,Applicant 3565,86550.0,794,New York,,Unemployed,3549
TG-103566,Applicant 3566,,624, Newark,N.J.,Full Time,4476
TG-103567,Applicant 3567,117230.0,707,New York,ny,Unemployed,5436
TG-103568,Applicant 3568,91730.0,683,Hoboken,NY, full time ,3702
TG-103569,Applicant 3569,112121.0,786,Brooklyn,NJ,Part Time,5453
TG-103570,Applicant 3570,76076.0,570,Jersey City,NJ,Unemployed,1304
TG-103571,Applicant 3571,124360.0,645,Queens,NY,Part Time,3989
TG-103572,Applicant 3572,94624.0,599, Newark,N.J.,Self-Employed,3149
TG-103573,Applicant 3573,90822.0,702, Newark,N.J.,Part Time,2408
TG-103574,Applicant 3574,46898.0,536,Queens,N.J., full time ,4195
TG-103575,Applicant 3575,93609.0,689,Brooklyn,,Self-Employed,3106
TG-103576,Applicant 3576,60041.0,799,Queens,,Unemployed,5093
TG-103577,Applicant 3577,65852.0,733,New York,NY,Part Time,2910
TG-103578,Applicant 3578,60539.0,717,Queens,ny,Self-Employed,4448
TG-103579,Applicant 3579,53013.0,526,New York,NY,Unemployed,5379
TG-103580,Applicant 3580,148743.0,530,New York,ny,Unemployed,2791
TG-103581,Applicant 3581,124940.0,531,Jersey City,NY,Part Time,3339
TG-103582,Applicant 3582,142611.0,629,Queens,,Part Time,1207
TG-103583,Applicant 3583,48313.0,652,Jersey City,N.J.,Self-Employed,4933
TG-103584,Applicant 3584,87138.0,647,Queens,NJ,Part Time,4845
TG-103585,Applicant 3585,46195.0,667,New York,NY,Unemployed,2854
TG-103586,Applicant 3586,64129.0,573,Queens,NY, full time ,1678
TG-103587,Applicant 3587,57456.0,598, Newark,NJ,Self-Employed,5403
TG-103588,Applicant 3588,122188.0,616, Newark,NY, full time ,5127
TG-103589,Applicant 3589,73113.0,768,Jersey City,N.J., full time ,4897
TG-103590,Applicant 3590,117051.0,646,Hoboken,NJ,Unemployed,3484
TG-103591,Applicant 3591,103124.0,549, Newark,NJ, full time ,3214
TG-103592,Applicant 3592,154109.0,543,Jersey City,N.J.,Full Time,3776
TG-103593,Applicant 3593,40617.0,720,Hoboken,N.J.,Self-Employed,2827
TG-103594,Applicant 3594 ,122777.0,650,Brooklyn,NJ,Unemployed,2610
TG-103595,Applicant 3595,119393.0,641,Jersey City,N.J.,Part Time,2442
TG-103596,Applicant 3596,55799.0,669, Newark,N.J.,Unemployed,2372
TG-103597,Applicant 3597,115214.0,533, Newark,N.J.,Part Time,3301
TG-103598,Applicant 3598,95084.0,548,Queens,NJ,Unemployed,3081
TG-103599,Applicant 3599,78176.0,569,Hoboken,NY,Full Time,4384
TG-103600,Applicant 3600,60282.0,759, Newark,ny,Self-Employed,1626
TG-103601,Applicant 3601 ,63427.0,802,Queens,NJ, full time ,3745
TG-103602,Applicant 3602,146494.0,675,Hoboken,ny,Unemployed,2515
TG-103603,Applicant 3603,85020.0,656,Jersey City,N.J.,Self-Employed,1710
TG-103604,Applicant 3604,108464.0,673,Jersey City,N.J.,Self-Employed,1640
TG-103605,Applicant 3605,61273.0,600,Queens,NY,Self-Employed,2855
TG-103606,Applicant 3606,61604.0,606,Jersey City,N.J.,Self-Employed,4874
TG-103607,Applicant 3607,117460.0,783,Queens,ny,Self-Employed,3969
TG-103608,Applicant 3608,44513.0,777,New York,NJ, full time ,4244
TG-103609,Applicant 3609,72544.0,704,Hoboken,NJ, full time ,3857
TG-103610,Applicant 3610,86021.0,699,Queens,NY,Unemployed,4807
TG-103611,Applicant 3611,,705,Hoboken,ny,Part Time,1595
TG-103612,Applicant 3612,79627.0,642,New York,N.J.,Unemployed,4346
TG-103613,Applicant 3613,96875.0,615,Hoboken,,Self-Employed,2027
TG-103614,Applicant 3614,105786.0,612,Queens,NY,Part Time,4790
TG-103615,Applicant 3615,107039.0,522,Jersey City,NY,Unemployed,4204
TG-103616,Applicant 3616,55426.0,521,Hoboken,,Part Time,1991
TG-103617,Applicant 3617,76475.0,667,Hoboken,NJ, full time ,1702
TG-103618,Applicant 3618,120843.0,804, Newark,NJ,Self-Employed,5092
TG-103619,Applicant 3619,111839.0,664, Newark,NJ,Part Time,3248
TG-103620,Applicant 3620,43814.0,781,New York,,Full Time,3874
TG-103621,Applicant 3621,95544.0,581,Brooklyn,N.J.,Self-Employed,4608
TG-103622,Applicant 3622,25653.0,745,Jersey City,N.J., full time ,3434
TG-103623,Applicant 3623,86408.0,550,Queens,ny, full time ,5221
TG-103624,Applicant 3624,141933.0,709,New York,ny,Unemployed,4702
TG-103625,Applicant 3625,56563.0,787,Queens,NJ,Full Time,4810
TG-103626,Applicant 3626,59970.0,531,Queens,,Part Time,5244
TG-103627,Applicant 3627,107921.0,710,Hoboken,NY,Unemployed,3370
TG-103628,Applicant 3628,38716.0,544,New York,N.J., full time ,2442
TG-103629,Applicant 3629,66017.0,610,New York,,Part Time,2639
TG-103630,Applicant 3630,102893.0,607, Newark,ny, full time ,5037
TG-103631,Applicant 3631,65971.0,793,Jersey City,N.J., full time ,2409
TG-103632,Applicant 3632,,630,Brooklyn,N.J.,Full Time,4835
TG-103633,Applicant 3633,107326.0,599,Queens,,Self-Employed,4476
TG-103634,Applicant 3634,97646.0,659,Jersey City,ny,Part Time,5073
TG-103635,Applicant 3635,93005.0,733, Newark,,Full Time,1589
TG-103636,Applicant 3636,74826.0,537,Jersey City,NY, full time ,2902
TG-103637,Applicant 3637,96102.0,573,Queens,N.J., full time ,2735
TG-103638,Applicant 3638,81288.0,616,Hoboken,,Full Time,3197
TG-103639,Applicant 3639,98734.0,802,Hoboken,,Part Time,2997
TG-103640,Applicant 3640,70092.0,753,Queens,NY, full time ,3044
TG-103641,Applicant 3641,79523.0,759, Newark,,Part Time,3760
TG-103642,Applicant 3642,55301.0,573, Newark,N.J.,Full Time,1228
TG-103643,Applicant 3643,83950.0,606,New York,NJ, full time ,2180
TG-103644,Applicant 3644,60670.0,780,Brooklyn,NJ,Unemployed,4254
TG-103645,Applicant 3645,51579.0,755,Hoboken,ny,Unemployed,4783
TG-103646,Applicant 3646,92760.0,642,Brooklyn,NY, full time ,2858
TG-103647,Applicant 3647,91382.0,573,Jersey City,ny,Self-Employed,3804
TG-103648,Applicant 3648,108486.0,735,Jersey City,NJ, full time ,5161
TG-103649,Applicant 3649,72066.0,716,Queens,NY, full time ,3526
TG-103650,Applicant 3650,97242.0,558,Queens,, full time ,2039
TG-103651,Applicant 3651,101524.0,747,Queens,,Full Time,3614
TG-103652,Applicant 3652,98343.0,756, Newark,N.J., full time ,1596
TG-103653,Applicant 3653,60230.0,651,Hoboken,NJ, full time ,1584
TG-103654,Applicant 3654,89481.0,687,Brooklyn,,Full Time,4782
TG-103655,Applicant 3655,95924.0,556,Jersey City,NY, full time ,5178
TG-103656,Applicant 3656,85215.0,586,Brooklyn,,Unemployed,3805
TG-103657,Applicant 3657,22406.0,630,Hoboken,ny,Unemployed,4366
TG-103658,Applicant 3658,89815.0,738,Brooklyn,ny, full time ,2143
TG-103659,Applicant 3659,151376.0,728,Brooklyn,ny,Full Time,2985
TG-103660,Applicant 3660,74199.0,606, Newark,ny, full time ,2046
TG-103661,Applicant 3661,63158.0,698,Queens,ny, full time ,2681
TG-103662,Applicant 3662,96200.0,532, Newark,N.J.,Part Time,4315
TG-103663,Applicant 3663,94371.0,819, Newark,ny,Self-Employed,2586
TG-103664,Applicant 3664,120782.0,644,Brooklyn,N.J.,Full Time,3405
TG-103665,Applicant 3665,47264.0,752,Brooklyn,N.J.,Self-Employed,2480
TG-103666,Applicant 3666,106941.0,770, Newark,,Part Time,2798
TG-103667,Applicant 3667,102713.0,645,Brooklyn,NY,Self-Employed,3182
TG-103668,Applicant 3668,80736.0,754, Newark,ny, full time ,1512
TG-103669,Applicant 3669,95161.0,657,New York,NY,Unemployed,5059
TG-103670,Applicant 3670,115884.0,568, Newark,NJ,Full Time,3364
TG-103671,Applicant 3671,111169.0,705,Jersey City,N.J.,Full Time,2899
TG-103672,Applicant 3672,50709.0,724,Jersey City,NJ, full time ,4268
TG-103673,Applicant 3673,109605.0,597,Brooklyn,N.J.,Self-Employed,2978
TG-103674,Applicant 3674,83059.0,713, Newark,ny,Full Time,5469
TG-103675,Applicant 3675,87186.0,622, Newark,NJ,Part Time,4902
TG-103676,Applicant 3676,87196.0,624,Queens,,Part Time,1948
TG-103677,Applicant 3677,80493.0,806,Queens,NJ,Self-Employed,3007
TG-103678,Applicant 3678,120751.0,730,Queens,N.J.,Part Time,2733
TG-103679,Applicant 3679,82488.0,769, Newark,N.J.,Unemployed,4996
TG-103680,Applicant 3680,51414.0,812, Newark,NY, full time ,3481
TG-103681,Applicant 3681,73194.0,720,Jersey City,NJ,Full Time,4622
TG-103682,Applicant 3682,90361.0,543,Hoboken,, full time ,3409
TG-103683,Applicant 3683,121876.0,819,Brooklyn,ny,Self-Employed,4862
TG-103684,Applicant 3684,103093.0,602,Jersey City,NY, full time ,3938
TG-103685,Applicant 3685,59484.0,816,Queens,NJ,Full Time,1491
TG-103686,Applicant 3686,159556.0,698,Jersey City,NY,Full Time,5422
TG-103687,Applicant 3687,92943.0,817,Jersey City,NJ,Self-Employed,3940
TG-103688,Applicant 3688,123262.0,725,Jersey City,ny,Full Time,3150
TG-103689,Applicant 3689,80449.0,559,Queens,ny,Part Time,3635
TG-103690,Applicant 3690,101001.0,632,Hoboken,, full time ,4027
TG-103691,Applicant 3691,110184.0,523,New York,NY,Unemployed,1380
TG-103692,Applicant 3692,121546.0,627,Brooklyn,,Unemployed,2370
TG-103693,Applicant 3693,116721.0,633,Brooklyn,NJ,Unemployed,3943
TG-103694,Applicant 3694,111166.0,686,Jersey City,ny,Self-Employed,2335
TG-103695,Applicant 3695,75547.0,780,Hoboken,ny,Unemployed,2910
TG-103696,Applicant 3696,67848.0,625,Queens,N.J., full time ,3544
TG-103697,Applicant 3697,94978.0,743,New York,N.J.,Full Time,5174
TG-103698,Applicant 3698,112994.0,781,New York,,Part Time,4703
TG-103699,Applicant 3699,78318.0,770,Jersey City,NY,Unemployed,5150
TG-103700,Applicant 3700,116955.0,533,Jersey City,NJ,Unemployed,3558
TG-103701,Applicant 3701,128579.0,717,Queens,,Unemployed,1589
TG-103702,Applicant 3702,57510.0,645,Queens,ny,Part Time,4258
TG-103703,Applicant 3703,59892.0,725, Newark,ny, full time ,1358
TG-103704,Applicant 3704,80789.0,659,Queens,ny,Unemployed,2879
TG-103705,Applicant 3705,94228.0,999,Jersey City,NJ,Full Time,4750
TG-103706,Applicant 3706,69263.0,802,Hoboken,,Self-Employed,1429
TG-103707,Applicant 3707,125566.0,573,Jersey City,NJ,Part Time,2925
TG-103708,Applicant 3708,97722.0,531,Jersey City,ny, full time ,4608
TG-103709,Applicant 3709,86183.0,655,New York,N.J.,Full Time,5428
TG-103710,Applicant 3710,41923.0,663,Queens,,Part Time,2880
TG-103711,Applicant 3711,45526.0,801,Brooklyn,N.J.,Part Time,2495
TG-103712,Applicant 3712,93430.0,655,Queens,,Self-Employed,3780
TG-103713,Applicant 3713,21022.0,740, Newark,ny,Self-Employed,5076
TG-103714,Applicant 3714,115379.0,728,Hoboken,N.J., full time ,4184
TG-103715,Applicant 3715,80255.0,642,Hoboken,N.J.,Unemployed,3023
TG-103716,Applicant 3716,182293.0,635,Queens,,Self-Employed,3528
TG-103717,Applicant 3717,154237.0,676,Queens,N.J., full time ,1558
TG-103718,Applicant 3718,79557.0,789,Jersey City,N.J.,Part Time,2212
TG-103719,Applicant 3719,81810.0,536,Brooklyn,ny,Unemployed,4094
TG-103720,Applicant 3720,114867.0,788,Jersey City,,Full Time,3895
TG-103721,Applicant 3721,136095.0,738,New York,,Part Time,5296
TG-103722,Applicant 3722,35859.0,757,New York,NY, full time ,5241
TG-103723,Applicant 3723,31409.0,552,Hoboken,,Full Time,3562
TG-103724,Applicant 3724,66339.0,804,Hoboken,ny,Part Time,2469
TG-103725,Applicant 3725,102482.0,556,Brooklyn,N.J.,Self-Employed,2463
TG-103726,Applicant 3726,99906.0,622,Hoboken,NY, full time ,4543
TG-103727,Applicant 3727,117093.0,730, Newark,N.J.,Full Time,2047
TG-103728,Applicant 3728,49009.0,799,New York,,Self-Employed,3561
TG-103729,Applicant 3729,15516.0,661,Brooklyn,NJ,Full Time,4840
TG-103730,Applicant 3730,110740.0,758,New York,N.J.,Unemployed,3386
TG-103731,Applicant 3731,60154.0,748,Queens,,Unemployed,1697
TG-103732,Applicant 3732,24445.0,652,Queens,ny, full time ,3368
TG-103733,Applicant 3733,89352.0,644,Brooklyn,,Full Time,3611
TG-103734,Applicant 3734,108795.0,572,Jersey City,NY,Unemployed,2721
TG-103735,Applicant 3735,81338.0,607, Newark,NJ,Part Time,5456
TG-103736,Applicant 3736,71265.0,617, Newark,NJ,Part Time,1863
TG-103737,Applicant 3737,80219.0,614,Hoboken,NJ,Unemployed,2166
TG-103738,Applicant 3738,73883.0,707,Brooklyn,ny,Unemployed,1749
TG-103739,Applicant 3739,44559.0,775, Newark,NJ, full time ,2273
TG-103740,Applicant 3740,63560.0,592,Hoboken,N.J., full time ,3336
TG-103741,Applicant 3741,100638.0,801,New York,ny,Part Time,2092
TG-103742,Applicant 3742,94650.0,537,Jersey City,,Self-Employed,3968
TG-103743,Applicant 3743,90042.0,683,Hoboken,NY,Full Time,2448
TG-103744,Applicant 3744,55146.0,665,Queens,ny,Self-Employed,3633
TG-103745,Applicant 3745,79555.0,772,Queens,NY, full time ,2390
TG-103746,Applicant 3746,19688.0,679,New York,ny,Self-Employed,2937
TG-103747,Applicant 3747,90354.0,568,Brooklyn,, full time ,1853
TG-103748,Applicant 3748,127866.0,695,Hoboken,NY,Self-Employed,1536
TG-103749,Applicant 3749,40776.0,999,New York,ny,Part Time,1634
TG-103750,Applicant 3750,67422.0,808,Queens,NY, full time ,2471
TG-103751,Applicant 3751,94873.0,569,Queens,NJ,Part Time,3031
TG-103752,Applicant 3752,122585.0,523,Queens,NJ,Self-Employed,2700
TG-103753,Applicant 3753 ,71553.0,638,Jersey City,NJ,Unemployed,3356
TG-103754,Applicant 3754,64232.0,999,Jersey City,N.J.,Unemployed,2967
TG-103755,Applicant 3755,25932.0,742,Queens,NJ,Full Time,2004
TG-103756,Applicant 3756,88103.0,675, Newark,NJ,Unemployed,3192
TG-103757,Applicant 3757,,781,Brooklyn,,Full Time,4380
TG-103758,Applicant 3758,93321.0,692,Jersey City,NY,Self-Employed,3511
TG-103759,Applicant 3759,84332.0,542,Hoboken,NY,Full Time,5440
TG-103760,Applicant 3760,94662.0,580,Jersey City,NJ,Full Time,1728
TG-103761,Applicant 3761,84667.0,653,Hoboken,NY,Full Time,3585
TG-103762,Applicant 3762,60610.0,543,Jersey City,ny,Part Time,2788
TG-103763,Applicant 3763,109698.0,812,Queens,NJ,Full Time,5182
TG-103764,Applicant 3764,91773.0,564,Hoboken,NJ, full time ,2844
TG-103765,Applicant 3765,85528.0,698,Brooklyn,N.J.,Self-Employed,2792
TG-103766,Applicant 3766,55739.0,582,Jersey City,ny,Part Time,4931
TG-103767,Applicant 3767,124105.0,548,Jersey City,NJ, full time ,4808
TG-103768,Applicant 3768,104941.0,615,Queens,NJ,Self-Employed,1277
TG-103769,Applicant 3769,,785,Hoboken,NY,Part Time,5394
TG-103770,Applicant 3770,,810, Newark,NJ,Self-Employed,3893
TG-103771,Applicant 3771,70073.0,574,Queens,NJ,Unemployed,2538
TG-103772,Applicant 3772,61540.0,672,Hoboken,NJ,Self-Employed,4494
TG-103773,Applicant 3773,62209.0,738,Jersey City,NJ,Unemployed,4223
TG-103774,Applicant 3774,31868.0,692,Jersey City,N.J.,Unemployed,4020
TG-103775,Applicant 3775,99146.0,999,Jersey City,ny,Self-Employed,5125
TG-103776,Applicant 3776,30066.0,999,Jersey City,N.J.,Unemployed,3287
TG-103777,Applicant 3777,48147.0,531,New York,NY,Part Time,2337
TG-103778,Applicant 3778,22732.0,523,Jersey City,,Unemployed,1878
TG-103779,Applicant 3779,82418.0,586,Jersey City,NJ,Full Time,1429
TG-103780,Applicant 3780,80490.0,664, Newark,NY,Part Time,4028
TG-103781,Applicant 3781,75199.0,584, Newark,,Part Time,3323
TG-103782,Applicant 3782,53723.0,601,Hoboken,NJ,Part Time,3512
TG-103783,Applicant 3783,49833.0,624,Jersey City,NJ,Full Time,4532
TG-103784,Applicant 3784,98931.0,700,Jersey City,,Full Time,2592
TG-103785,Applicant 3785,68483.0,624,Hoboken,N.J.,Full Time,4935
TG-103786,Applicant 3786,94491.0,745,Jersey City,,Full Time,3224
TG-103787,Applicant 3787,58443.0,547,Jersey City,,Full Time,5377
TG-103788,Applicant 3788,90432.0,535,Queens,ny, full time ,2860
TG-103789,Applicant 3789,124098.0,796,New York,NJ, full time ,1429
TG-103790,Applicant 3790,102585.0,817,Hoboken,NJ,Full Time,3893
TG-103791,Applicant 3791,72628.0,573,Queens,N.J.,Part Time,2821
TG-103792,Applicant 3792,92716.0,807, Newark,N.J.,Unemployed,2778
TG-103793,Applicant 3793,77780.0,633,Brooklyn,ny,Unemployed,4987
TG-103794,Applicant 3794,85236.0,557,Brooklyn,ny, full time ,1480
TG-103795,Applicant 3795,75232.0,749, Newark,ny,Full Time,3715
TG-103796,Applicant 3796,80070.0,685,New York,N.J.,Self-Employed,3655
TG-103797,Applicant 3797,91363.0,701,Brooklyn,,Unemployed,1968
TG-103798,Applicant 3798 ,55199.0,724,New York,NJ,Unemployed,4286
TG-103799,Applicant 3799,54524.0,764,Brooklyn,NJ,Part Time,1745
TG-103800,Applicant 3800,43344.0,640,Brooklyn,NY,Unemployed,4451
TG-103801,Applicant 3801,36992.0,778,Queens,N.J., full time ,5446
TG-103802,Applicant 3802,48482.0,729,Brooklyn,N.J.,Full Time,1213
TG-103803,Applicant 3803,89784.0,815, Newark,ny,Full Time,2601
TG-103804,Applicant 3804,58216.0,713,New York,NY,Unemployed,3454
TG-103805,Applicant 3805,100408.0,587,Jersey City,NY,Self-Employed,3866
TG-103806,Applicant 3806,86041.0,633,Jersey City,N.J., full time ,3982
TG-103807,Applicant 3807,25945.0,739,Jersey City,ny,Unemployed,2298
,Applicant 3808,104649.0,739,New York,NJ, full time ,4404
TG-103809,Applicant 3809,109324.0,737,New York,ny,Self-Employed,1630
TG-103810,Applicant 3810,55184.0,756,Jersey City,NJ, full time ,1994
TG-103811,Applicant 3811,97606.0,817, Newark,N.J., full time ,5166
TG-103812,Applicant 3812,59305.0,613,Brooklyn,ny, full time ,4707
TG-103813,Applicant 3813,87930.0,772,Jersey City,NY,Full Time,1407
TG-103814,Applicant 3814,47065.0,734,Hoboken,,Self-Employed,3351
TG-103815,Applicant 3815,31207.0,777,New York,NY,Full Time,3711
TG-103816,Applicant 3816,73515.0,759,Hoboken,NJ,Part Time,1779
TG-103817,Applicant 3817,81288.0,733,Hoboken,N.J.,Unemployed,4030
TG-103818,Applicant 3818,73070.0,617,New York,ny,Full Time,3966
TG-103819,Applicant 3819,49479.0,535,Jersey City,N.J., full time ,4188
TG-103820,Applicant 3820,,673, Newark,N.J.,Part Time,5305
TG-103821,Applicant 3821,93079.0,535,Queens,NJ,Self-Employed,2833
TG-103822,Applicant 3822,83653.0,717,Hoboken,N.J.,Self-Employed,5294
TG-103823,Applicant 3823,90475.0,627,Jersey City,ny,Full Time,2720
TG-103824,Applicant 3824,64897.0,542,Queens,NY, full time ,4681
TG-103825,Applicant 3825,120152.0,561,Hoboken,N.J., full time ,4548
TG-103826,Applicant 3826,49715.0,556,Jersey City,ny,Self-Employed,1295
TG-103827,Applicant 3827,99627.0,684,Hoboken,ny, full time ,5084
TG-103828,Applicant 3828,120457.0,635,Jersey City,NJ,Unemployed,4710
TG-103829,Applicant 3829,99427.0,669, Newark,N.J.,Full Time,2731
TG-103830,Applicant 3830,78924.0,525,Brooklyn,NJ,Full Time,1814
TG-103831,Applicant 3831,69151.0,551,Brooklyn,NY, full time ,4686
TG-103832,Applicant 3832,116083.0,664,New York,NY,Self-Employed,5426
TG-103833,Applicant 3833,42311.0,813,Queens,ny,Unemployed,3345
TG-103834,Applicant 3834,55896.0,812,Hoboken,N.J.,Unemployed,2259
TG-103835,Applicant 3835,73073.0,696,Hoboken,ny,Unemployed,4217
TG-103836,Applicant 3836,122130.0,696,Jersey City,N.J.,Part Time,2972
TG-103837,Applicant 3837,96393.0,580,Queens,NJ, full time ,3194
TG-103838,Applicant 3838,55959.0,596,Hoboken,NY,Unemployed,2866
TG-103839,Applicant 3839,75691.0,605,Queens,NY, full time ,3941
TG-103840,Applicant 3840,66570.0,710,Queens,NJ,Self-Employed,5323
TG-103841,Applicant 3841,63706.0,526,Brooklyn,,Self-Employed,3916
TG-103842,Applicant 3842,114367.0,604,Hoboken,,Self-Employed,1721
TG-103843,Applicant 3843,43848.0,781,Hoboken,,Part Time,2122
TG-103844,Applicant 3844,133263.0,778,New York,N.J.,Self-Employed,5230
TG-103845,Applicant 3845,109847.0,566,Queens,NJ, full time ,5404
TG-103846,Applicant 3846,117726.0,613,Jersey City,N.J.,Full Time,3855
TG-103847,Applicant 3847,71112.0,743,Brooklyn,N.J.,Full Time,2404
TG-103848,Applicant 3848,80502.0,798,New York,NJ, full time ,4320
TG-103849,Applicant 3849,42005.0,522,Brooklyn,N.J.,Full Time,2696
TG-103850,Applicant 3850,69260.0,648,Jersey City,NJ,Unemployed,1528
TG-103851,Applicant 3851,99810.0,768,New York,,Full Time,5191
TG-103852,Applicant 3852,123882.0,748,Brooklyn,,Part Time,2664
TG-103853,Applicant 3853,51785.0,650,Jersey City,N.J.,Self-Employed,4392
TG-103854,Applicant 3854,74035.0,747, Newark,NY,Full Time,3234
TG-103855,Applicant 3855,80461.0,696,New York,NJ,Full Time,4790
TG-103856,Applicant 3856,43126.0,550,Jersey City,ny,Part Time,1702
TG-103857,Applicant 3857,102740.0,585,New York,ny,Part Time,1688
TG-103858,Applicant 3858,63280.0,725,Hoboken,N.J.,Full Time,5037
TG-103859,Applicant 3859,79138.0,620,Hoboken,NY,Unemployed,2626
TG-103860,Applicant 3860,71442.0,550,Brooklyn,NJ,Full Time,2799
TG-103861,Applicant 3861,61320.0,710,Queens,,Unemployed,3034
TG-103862,Applicant 3862,84789.0,585, Newark,N.J.,Self-Employed,2240
TG-103863,Applicant 3863,78532.0,754,Queens,NJ, full time ,1238
TG-103864,Applicant 3864 ,73844.0,797,Jersey City,NJ,Self-Employed,3912
TG-103865,Applicant 3865,63146.0,721,New York,NJ,Full Time,4114
TG-103866,Applicant 3866,94586.0,744,Hoboken,NY,Full Time,1238
TG-103867,Applicant 3867,134609.0,602,Queens,NJ,Unemployed,1386
TG-103868,Applicant 3868 ,89197.0,565,Hoboken,NY,Part Time,1949
TG-103869,Applicant 3869,114884.0,608, Newark,NY,Unemployed,4031
TG-103870,Applicant 3870,43293.0,705,Jersey City,NJ,Part Time,3609
TG-103871,Applicant 3871,89733.0,708, Newark,,Part Time,1868
TG-103872,Applicant 3872,52079.0,765, Newark,NJ,Part Time,3953
TG-103873,Applicant 3873,40692.0,565,Jersey City,,Part Time,3249
TG-103874,Applicant 3874,62819.0,776,New York,N.J.,Full Time,4746
TG-103875,Applicant 3875,120757.0,580, Newark,ny, full time ,1381
TG-103876,Applicant 3876,113500.0,624,Queens,N.J., full time ,4441
TG-103877,Applicant 3877,92290.0,533,Jersey City,NY,Self-Employed,2176
TG-103878,Applicant 3878,39019.0,596,Jersey City,N.J.,Self-Employed,3554
TG-103879,Applicant 3879,79112.0,749,Hoboken,ny,Self-Employed,4123
TG-103880,Applicant 3880,94051.0,686,Brooklyn,ny,Unemployed,3296
TG-103881,Applicant 3881,90266.0,585, Newark,,Self-Employed,2645
TG-103882,Applicant 3882,29686.0,551,Queens,N.J.,Self-Employed,2508
TG-103883,Applicant 3883,58290.0,615,New York,NY,Self-Employed,1579
TG-103884,Applicant 3884,83078.0,577, Newark,NY,Full Time,3055
TG-103885,Applicant 3885,101089.0,623,New York,,Self-Employed,1755
TG-103886,Applicant 3886,19116.0,653,Hoboken,, full time ,2422
TG-103887,Applicant 3887,80136.0,736, Newark,N.J.,Full Time,1308
TG-103888,Applicant 3888,89291.0,586,New York,,Part Time,1264
TG-103889,Applicant 3889,110488.0,697, Newark,ny,Unemployed,4400
TG-103890,Applicant 3890,105786.0,766,Jersey City,NY,Full Time,3515
TG-103891,Applicant 3891,102477.0,813, Newark,ny,Full Time,2632
TG-103892,Applicant 3892,61002.0,754,Queens,NJ, full time ,3334
TG-103893,Applicant 3893,27760.0,650, Newark,ny,Self-Employed,5262
TG-103894,Applicant 3894,73208.0,631,New York,NY,Part Time,5127
TG-103895,Applicant 3895,115049.0,573,Queens,NJ, full time ,4665
TG-103896,Applicant 3896,126804.0,809,New York,N.J., full time ,3697
TG-103897,Applicant 3897,106316.0,758,Brooklyn,NJ,Full Time,4176
TG-103898,Applicant 3898,97880.0,759,Brooklyn,,Part Time,1940
TG-103899,Applicant 3899,96389.0,814,Queens,NY, full time ,1670
TG-103900,Applicant 3900,,631,Brooklyn,,Unemployed,2865
TG-103901,Applicant 3901,81098.0,607,Brooklyn,ny,Unemployed,4915
TG-103902,Applicant 3902,135072.0,747,Jersey City,N.J., full time ,5190
TG-103903,Applicant 3903,56723.0,809,New York,NY,Full Time,1309
TG-103904,Applicant 3904,133443.0,727,Brooklyn,N.J.,Unemployed,5080
TG-103905,Applicant 3905,75339.0,793,Queens,NY,Full Time,3462
TG-103906,Applicant 3906,124763.0,589,Jersey City,,Self-Employed,2159
TG-103907,Applicant 3907,42796.0,739,Brooklyn,ny,Self-Employed,2759
TG-103908,Applicant 3908,102577.0,750, Newark,NJ,Full Time,2316
TG-103909,Applicant 3909,62897.0,809,Queens,N.J., full time ,1880
TG-103910,Applicant 3910,42542.0,774,New York,NY,Self-Employed,2251
TG-103911,Applicant 3911,91556.0,661, Newark,NY,Self-Employed,4973
TG-103912,Applicant 3912,115284.0,588,Brooklyn,N.J.,Unemployed,3150
TG-103913,Applicant 3913,59652.0,608,Queens,NJ, full time ,3128
TG-103914,Applicant 3914,40030.0,655, Newark,ny,Full Time,3267
TG-103915,Applicant 3915,82245.0,662,Queens,NY,Self-Employed,5035
TG-103916,Applicant 3916,82377.0,706,Hoboken,NY, full time ,3108
TG-103917,Applicant 3917,101450.0,530, Newark,N.J.,Self-Employed,2571
TG-103918,Applicant 3918,113488.0,999,Queens,N.J.,Unemployed,5345
TG-103919,Applicant 3919,83218.0,811, Newark,NY, full time ,3314
TG-103920,Applicant 3920,140665.0,557,Hoboken,NY,Part Time,4160
TG-103921,Applicant 3921,91727.0,727,New York,NY,Unemployed,4370
TG-103922,Applicant 3922,74607.0,729,New York,,Full Time,3192
TG-103923,Applicant 3923,36653.0,520,Jersey City,NY, full time ,4431
TG-103924,Applicant 3924,77120.0,584, Newark,ny,Self-Employed,5323
TG-103925,Applicant 3925,74908.0,520,Hoboken,ny, full time ,3713
TG-103926,Applicant 3926,113809.0,762,Queens,NJ,Full Time,3061
TG-103927,Applicant 3927,98875.0,544,Jersey City,N.J., full time ,2421
TG-103928,Applicant 3928,49619.0,569, Newark,NJ,Self-Employed,3513
,Applicant 3929,90168.0,760,Jersey City,NY,Unemployed,1969
TG-103930,Applicant 3930,105146.0,551, Newark,N.J.,Unemployed,4762
TG-103931,Applicant 3931,130841.0,552,New York,NY,Self-Employed,2632
TG-103932,Applicant 3932,111625.0,719,Queens,N.J.,Part Time,3157
TG-103933,Applicant 3933,107825.0,753,Hoboken,,Part Time,3504
TG-103934,Applicant 3934,86803.0,545,New York,,Unemployed,2559
TG-103935,Applicant 3935,96649.0,561,Jersey City,,Full Time,2456
TG-103936,Applicant 3936,122485.0,580,Brooklyn,NJ, full time ,1272
TG-103937,Applicant 3937,45017.0,560,Jersey City,N.J.,Self-Employed,2382
TG-103938,Applicant 3938,74517.0,649,Brooklyn,NJ,Full Time,1682
TG-103939,Applicant 3939,61823.0,717, Newark,N.J., full time ,2439
TG-103940,Applicant 3940,96375.0,806,New York,NY,Unemployed,3442
TG-103941,Applicant 3941,121907.0,670, Newark,,Self-Employed,4583
TG-103942,Applicant 3942,67091.0,723,Hoboken,,Full Time,1602
TG-103943,Applicant 3943,13291.0,701,Queens,N.J., full time ,1964
TG-103944,Applicant 3944,,726,Brooklyn,NJ,Unemployed,3035
TG-103945,Applicant 3945,,666,Queens,NJ,Unemployed,3789
TG-103946,Applicant 3946,101129.0,723, Newark,ny, full time ,2003
TG-103947,Applicant 3947,97846.0,567,New York,,Part Time,5401
TG-103948,Applicant 3948,76600.0,777,New York,,Part Time,5417
TG-103949,Applicant 3949,46629.0,658, Newark,NJ, full time ,4202
TG-103950,Applicant 3950,100459.0,691, Newark,, full time ,3962
TG-103951,Applicant 3951,59972.0,620,New York,NJ, full time ,4019
TG-103952,Applicant 3952,150523.0,706,Hoboken,ny,Unemployed,4324
TG-103953,Applicant 3953,102115.0,813,Brooklyn,N.J.,Self-Employed,4395
TG-103954,Applicant 3954,67581.0,540,Queens,N.J.,Unemployed,1509
TG-103955,Applicant 3955,66658.0,817,Jersey City,ny,Unemployed,5027
TG-103956,Applicant 3956,82212.0,529, Newark,,Part Time,4160
TG-103957,Applicant 3957,77815.0,706, Newark,NY, full time ,3456
TG-103958,Applicant 3958,118505.0,652,New York,,Unemployed,1634
TG-103959,Applicant 3959,90592.0,552,Queens,NJ,Unemployed,4323
TG-103960,Applicant 3960,63051.0,588,Queens,NY, full time ,2049
TG-103961,Applicant 3961,141713.0,599,Hoboken,ny,Self-Employed,1306
TG-103962,Applicant 3962,86479.0,710,Brooklyn,N.J.,Part Time,3871
TG-103963,Applicant 3963,108065.0,620,Hoboken,N.J.,Full Time,1319
TG-103964,Applicant 3964,66753.0,804,Hoboken,,Unemployed,4234
TG-103965,Applicant 3965,95893.0,740,Queens,N.J.,Self-Employed,3092
TG-103966,Applicant 3966,94333.0,572,Brooklyn,,Full Time,3361
TG-103967,Applicant 3967,28311.0,679,Brooklyn,NJ, full time ,4916
TG-103968,Applicant 3968,145458.0,561,Brooklyn,NJ,Full Time,1959
TG-103969,Applicant 3969,123719.0,566,New York,ny, full time ,2846
TG-103970,Applicant 3970,73084.0,678,Brooklyn,NJ,Self-Employed,1431
TG-103971,Applicant 3971,51932.0,703,Queens,,Full Time,2794
TG-103972,Applicant 3972,95427.0,765,New York,N.J.,Part Time,1761
TG-103973,Applicant 3973,87601.0,530,Jersey City,NJ,Self-Employed,3006
TG-103974,Applicant 3974,95670.0,673, Newark,NJ,Full Time,2075
TG-103975,Applicant 3975,90747.0,739,Hoboken,,Unemployed,2838
TG-103976,Applicant 3976,100187.0,674,Brooklyn,NJ,Full Time,2192
TG-103977,Applicant 3977,128419.0,802,Jersey City,N.J.,Full Time,4935
TG-103978,Applicant 3978,102043.0,706,Brooklyn,N.J.,Part Time,2756
TG-103979,Applicant 3979,53510.0,581,Hoboken,N.J.,Self-Employed,3676
TG-103980,Applicant 3980,125877.0,667,Queens,N.J.,Unemployed,4771
TG-103981,Applicant 3981,134218.0,663,Queens,NY,Self-Employed,1876
TG-103982,Applicant 3982,179562.0,622,Hoboken,N.J.,Self-Employed,4956
TG-103983,Applicant 3983,51295.0,819,Jersey City,NY,Unemployed,1624
TG-103984,Applicant 3984,92286.0,612,New York,N.J.,Unemployed,2800
TG-103985,Applicant 3985,22537.0,805, Newark,N.J.,Part Time,2540
TG-103986,Applicant 3986,101594.0,638, Newark,, full time ,1829
TG-103987,Applicant 3987,68554.0,548, Newark,N.J.,Part Time,5429
TG-103988,Applicant 3988 ,142703.0,549,New York,NJ,Unemployed,4208
TG-103989,Applicant 3989,61762.0,807,Brooklyn,N.J.,Full Time,3265
TG-103990,Applicant 3990,34325.0,657,Hoboken,ny,Full Time,1367
TG-103991,Applicant 3991,70862.0,570,Hoboken,,Self-Employed,5205
TG-103992,Applicant 3992,25735.0,811,New York,,Self-Employed,5212
TG-103993,Applicant 3993,107533.0,753,Jersey City,N.J., full time ,1216
TG-103994,Applicant 3994,23048.0,574, Newark,ny, full time ,2745
TG-103995,Applicant 3995,,811,Hoboken,N.J., full time ,2730
TG-103996,Applicant 3996,22666.0,759,Queens,NJ, full time ,5013
TG-103997,Applicant 3997,75391.0,555,Queens,,Full Time,2697
TG-103998,Applicant 3998,134301.0,608,Hoboken,,Unemployed,1742
TG-103999,Applicant 3999,95819.0,731, Newark,ny, full time ,1926
TG-104000,Applicant 4000,59095.0,764, Newark,NY,Part Time,1578
TG-104001,Applicant 4001,84064.0,606, Newark,ny, full time ,4693
TG-104002,Applicant 4002,85541.0,759,Jersey City,NJ,Full Time,4663
TG-104003,Applicant 4003,99179.0,707,Queens,ny,Self-Employed,2045
TG-104004,Applicant 4004,43994.0,576,Jersey City,NY,Part Time,5052
TG-104005,Applicant 4005,102777.0,632,New York,NJ, full time ,1873
TG-104006,Applicant 4006,3868.0,742,Brooklyn,NJ,Full Time,4720
TG-104007,Applicant 4007,66103.0,589, Newark,NY,Self-Employed,4239
TG-104008,Applicant 4008,70352.0,746,New York,N.J., full time ,3257
TG-104009,Applicant 4009,104000.0,775,Brooklyn,ny,Full Time,1937
TG-104010,Applicant 4010,85679.0,699,Queens,NJ,Full Time,5158
TG-104011,Applicant 4011,42833.0,703,Brooklyn,ny,Unemployed,4649
TG-104012,Applicant 4012,55450.0,710,Brooklyn,NY,Full Time,2924
TG-104013,Applicant 4013,90960.0,751,Hoboken,, full time ,3853
TG-104014,Applicant 4014,82628.0,795,Brooklyn,NY,Full Time,2261
TG-104015,Applicant 4015,67626.0,752,Hoboken,ny,Part Time,2518
TG-104016,Applicant 4016,70575.0,573,Brooklyn,NJ,Full Time,2029
TG-104017,Applicant 4017,105885.0,776,Hoboken,ny,Full Time,4785
TG-104018,Applicant 4018,69469.0,609,Queens,,Part Time,4421
TG-104019,Applicant 4019,82357.0,745,Queens,NJ, full time ,4584
TG-104020,Applicant 4020,150098.0,766,Brooklyn,,Self-Employed,3347
TG-104021,Applicant 4021,42290.0,670,Jersey City,N.J.,Unemployed,2502
TG-104022,Applicant 4022,29445.0,632,Queens,NY,Self-Employed,4275
TG-104023,Applicant 4023,108508.0,788,New York,N.J., full time ,3160
TG-104024,Applicant 4024,64641.0,676,New York,ny, full time ,2900
TG-104025,Applicant 4025,75453.0,818,Hoboken,N.J.,Part Time,4220
TG-104026,Applicant 4026,61565.0,678,Jersey City,NY,Self-Employed,2224
TG-104027,Applicant 4027,77206.0,744, Newark,NJ,Full Time,1799
TG-104028,Applicant 4028,132956.0,533,Hoboken,,Part Time,2641
TG-104029,Applicant 4029,109064.0,628,Brooklyn,NJ,Part Time,5305
TG-104030,Applicant 4030,110867.0,615,Queens,N.J.,Unemployed,3622
TG-104031,Applicant 4031,42513.0,714,Jersey City,ny,Part Time,1845
TG-104032,Applicant 4032,50465.0,577,Hoboken,N.J.,Self-Employed,3191
TG-104033,Applicant 4033,-172.0,813,Hoboken,NY, full time ,4396
TG-104034,Applicant 4034,,673,New York,NY,Unemployed,4572
TG-104035,Applicant 4035,113701.0,583,Brooklyn,ny,Full Time,2846
TG-104036,Applicant 4036,100508.0,677,Hoboken,NJ,Self-Employed,4341
TG-104037,Applicant 4037,78355.0,784,New York,NY,Full Time,2954
TG-104038,Applicant 4038,84331.0,640,Jersey City,NY,Part Time,1950
TG-104039,Applicant 4039,64333.0,807,Hoboken,ny,Self-Employed,2042
TG-104040,Applicant 4040,91143.0,530, Newark,NJ,Unemployed,4614
TG-104041,Applicant 4041,107976.0,999, Newark,N.J.,Unemployed,4628
TG-104042,Applicant 4042,36523.0,681,New York,,Full Time,4710
TG-104043,Applicant 4043,93989.0,624, Newark,ny, full time ,3503
TG-104044,Applicant 4044,112973.0,666,Brooklyn,NJ,Unemployed,3914
TG-104045,Applicant 4045,72547.0,701,Queens,,Full Time,2705
TG-104046,Applicant 4046,106021.0,556, Newark,ny, full time ,2627
TG-104047,Applicant 4047,169440.0,601,Jersey City,N.J.,Self-Employed,5054
TG-104048,Applicant 4048,81870.0,531,Hoboken,N.J.,Unemployed,3942
TG-104049,Applicant 4049,96799.0,523,New York,NJ,Unemployed,5271
TG-104050,Applicant 4050,62858.0,562,Hoboken,NJ,Full Time,4474
TG-104051,Applicant 4051,90438.0,570,Queens,N.J.,Unemployed,3808
TG-104052,Applicant 4052,98808.0,780,Hoboken,N.J.,Full Time,3574
TG-104053,Applicant 4053,90845.0,653,Hoboken,ny,Unemployed,3664
TG-104054,Applicant 4054,,606,New York,NJ,Full Time,5005
TG-104055,Applicant 4055,91191.0,575,Queens,,Unemployed,5135
TG-104056,Applicant 4056,128866.0,736,Jersey City,N.J.,Self-Employed,2583
TG-104057,Applicant 4057,98459.0,587,New York,,Self-Employed,4820
TG-104058,Applicant 4058,113860.0,563,Queens,NJ,Full Time,4476
TG-104059,Applicant 4059,77890.0,662,Queens,NJ,Self-Employed,4150
TG-104060,Applicant 4060,107497.0,561,Hoboken,NY,Full Time,1479
TG-104061,Applicant 4061,93378.0,658,Brooklyn,N.J.,Full Time,5178
TG-104062,Applicant 4062,56473.0,592,Brooklyn,NJ,Part Time,3470
TG-104063,Applicant 4063,94556.0,786,Jersey City,NJ,Self-Employed,3355
TG-104064,Applicant 4064,55249.0,713,Hoboken,N.J.,Part Time,1883
TG-104065,Applicant 4065,66014.0,674,Brooklyn,NY,Part Time,1801
TG-104066,Applicant 4066,90680.0,765,New York,NY,Unemployed,3243
TG-104067,Applicant 4067,93917.0,737,Jersey City,NY,Full Time,2732
TG-104068,Applicant 4068,49323.0,772,Hoboken,NY, full time ,2160
TG-104069,Applicant 4069,116620.0,796, Newark,ny,Part Time,4277
TG-104070,Applicant 4070,102160.0,796,New York,N.J.,Unemployed,1706
TG-104071,Applicant 4071,63858.0,591,Brooklyn,N.J.,Self-Employed,3022
TG-104072,Applicant 4072,38872.0,648,Brooklyn,N.J., full time ,2394
TG-104073,Applicant 4073,80653.0,705,Brooklyn,NY,Full Time,2074
TG-104074,Applicant 4074,71622.0,532,Brooklyn,NY,Unemployed,3515
TG-104075,Applicant 4075,88394.0,739,Queens,NJ, full time ,5488
TG-104076,Applicant 4076,74107.0,525, Newark,ny,Full Time,4003
TG-104077,Applicant 4077,24776.0,758,Jersey City,N.J.,Full Time,4007
TG-104078,Applicant 4078,73350.0,631,Jersey City,ny, full time ,3317
TG-104079,Applicant 4079,75831.0,747,Brooklyn,N.J.,Unemployed,4390
TG-104080,Applicant 4080,104010.0,536,Jersey City,NY, full time ,4988
TG-104081,Applicant 4081,64054.0,592, Newark,NY,Part Time,1933
TG-104082,Applicant 4082,135360.0,531,New York,N.J.,Full Time,2861
TG-104083,Applicant 4083,27651.0,605,New York,,Self-Employed,5334
TG-104084,Applicant 4084,124335.0,699,Jersey City,NY, full time ,2169
TG-104085,Applicant 4085,78270.0,641,Brooklyn,NJ, full time ,1461
TG-104086,Applicant 4086,110788.0,723,Hoboken,NY,Full Time,5479
TG-104087,Applicant 4087,87394.0,589, Newark,NJ,Full Time,4799
TG-104088,Applicant 4088,119187.0,627,Brooklyn,ny, full time ,5159
TG-104089,Applicant 4089,73379.0,720,Queens,NY,Self-Employed,1585
TG-104090,Applicant 4090,52041.0,571,Hoboken,NY,Full Time,2234
TG-104091,Applicant 4091,127615.0,556, Newark,ny,Full Time,2739
TG-104092,Applicant 4092,81596.0,636,Queens,NJ,Part Time,3006
TG-104093,Applicant 4093,91647.0,778,Jersey City,,Unemployed,5363
TG-104094,Applicant 4094,122043.0,783,Queens,NJ,Part Time,3674
TG-104095,Applicant 4095,54041.0,583,Jersey City,N.J.,Self-Employed,3256
TG-104096,Applicant 4096,102865.0,561,Queens,N.J.,Unemployed,2800
TG-104097,Applicant 4097,67303.0,562,Hoboken,N.J., full time ,4887
TG-104098,Applicant 4098,81035.0,644,Queens,ny,Self-Employed,2000
TG-104099,Applicant 4099,87168.0,789,Brooklyn,NJ,Self-Employed,3269
TG-104100,Applicant 4100,39993.0,752,Jersey City,NY,Part Time,4475
TG-104101,Applicant 4101,61635.0,651,New York,N.J.,Unemployed,5450
TG-104102,Applicant 4102,125532.0,521,Queens,NJ,Self-Employed,4794
TG-104103,Applicant 4103,111586.0,634,Jersey City,NY,Unemployed,4057
TG-104104,Applicant 4104,83121.0,520,New York,NJ, full time ,2685
TG-104105,Applicant 4105,92294.0,584,Jersey City,ny,Unemployed,5373
TG-104106,Applicant 4106,76173.0,644,Jersey City,N.J.,Part Time,5352
TG-104107,Applicant 4107,125698.0,775,New York,,Part Time,1538
TG-104108,Applicant 4108,78989.0,662,New York,N.J.,Self-Employed,1473
TG-104109,Applicant 4109,91955.0,765,Hoboken,N.J.,Unemployed,5161
TG-104110,Applicant 4110,119381.0,635, Newark,ny,Part Time,3092
TG-104111,Applicant 4111,61679.0,609,Queens,NY,Full Time,4956
TG-104112,Applicant 4112,131764.0,815,Queens,N.J.,Part Time,3638
TG-104113,Applicant 4113,39086.0,561,Jersey City,NY, full time ,3121
TG-104114,Applicant 4114,133889.0,554,Brooklyn,NY,Full Time,4613
TG-104115,Applicant 4115,73820.0,560,Brooklyn,ny,Unemployed,2483
TG-104116,Applicant 4116,77719.0,643, Newark,N.J.,Self-Employed,5291
TG-104117,Applicant 4117,28300.0,576,Jersey City,ny,Full Time,3421
TG-104118,Applicant 4118,71356.0,813,Hoboken,ny,Part Time,2947
TG-104119,Applicant 4119,,754,New York,,Self-Employed,4466
TG-104120,Applicant 4120,66771.0,615,Jersey City,ny,Self-Employed,4712
TG-104121,Applicant 4121,80881.0,651,Queens,,Self-Employed,4578
TG-104122,Applicant 4122,113734.0,695,Brooklyn,NY,Self-Employed,3842
TG-104123,Applicant 4123,91228.0,571,Brooklyn,NY,Unemployed,1755
TG-104124,Applicant 4124,94230.0,557,Brooklyn,NJ,Unemployed,3454
TG-104125,Applicant 4125,52134.0,524,Hoboken,NJ,Unemployed,2340
TG-104126,Applicant 4126,58577.0,732,Queens,NY,Part Time,5004
TG-104127,Applicant 4127,138962.0,639,Hoboken,N.J.,Unemployed,2985
TG-104128,Applicant 4128,62944.0,728,New York,NJ,Self-Employed,2313
TG-104129,Applicant 4129,134686.0,736,Jersey City,ny,Full Time,4299
TG-104130,Applicant 4130,77708.0,543,Jersey City,NJ,Full Time,4815
TG-104131,Applicant 4131,85069.0,724,Brooklyn,NY,Full Time,2440
TG-104132,Applicant 4132,117111.0,745,Brooklyn,N.J.,Full Time,5092
TG-104133,Applicant 4133,123157.0,737,New York,NY,Full Time,1270
TG-104134,Applicant 4134,81676.0,730,Hoboken,N.J., full time ,5325
TG-104135,Applicant 4135,73353.0,545, Newark,NJ,Full Time,4068
TG-104136,Applicant 4136,83322.0,771, Newark,ny,Full Time,2744
TG-104137,Applicant 4137,95139.0,522, Newark,ny,Full Time,3570
TG-104138,Applicant 4138,111739.0,521,Queens,NY,Part Time,3617
TG-104139,Applicant 4139,85127.0,611,New York,N.J., full time ,2379
TG-104140,Applicant 4140,,521,Jersey City,NJ,Full Time,3913
TG-104141,Applicant 4141,134151.0,669,Jersey City,N.J.,Unemployed,2306
TG-104142,Applicant 4142,96439.0,590,Hoboken,N.J.,Part Time,3652
TG-104143,Applicant 4143,94350.0,523,New York,N.J., full time ,4551
TG-104144,Applicant 4144,39433.0,557,Queens,NJ,Unemployed,1480
TG-104145,Applicant 4145,6078.0,589,New York,N.J.,Unemployed,2915
TG-104146,Applicant 4146,96651.0,720,New York,ny,Part Time,2313
TG-104147,Applicant 4147,82155.0,771,Hoboken,NY,Unemployed,3376
TG-104148,Applicant 4148,69557.0,806,Queens,,Self-Employed,3187
TG-104149,Applicant 4149,92306.0,811, Newark,N.J.,Part Time,4378
TG-104150,Applicant 4150,83188.0,673,Jersey City,ny,Part Time,4221
TG-104151,Applicant 4151,118833.0,652,Brooklyn,ny,Self-Employed,4270
TG-104152,Applicant 4152,87583.0,593, Newark,NY,Part Time,2728
TG-104153,Applicant 4153,62592.0,793,Queens,NY,Unemployed,4039
TG-104154,Applicant 4154,,790,Jersey City,,Unemployed,2330
TG-104155,Applicant 4155,78486.0,704, Newark,,Unemployed,4604
TG-104156,Applicant 4156,100796.0,524,Hoboken,,Self-Employed,4501
TG-104157,Applicant 4157,70678.0,812,Queens,NJ,Unemployed,3129
TG-104158,Applicant 4158,65505.0,605,Queens,NJ,Self-Employed,1892
TG-104159,Applicant 4159,87525.0,733,Jersey City,ny,Self-Employed,3645
TG-104160,Applicant 4160,85385.0,534,Jersey City,NY,Self-Employed,1913
,Applicant 4161,99395.0,999,New York,N.J.,Part Time,4044
TG-104162,Applicant 4162,76941.0,570,New York,NY, full time ,3956
TG-104163,Applicant 4163,29909.0,772,Queens,NJ,Self-Employed,2929
TG-104164,Applicant 4164,72017.0,564,Brooklyn,ny,Unemployed,3027
TG-104165,Applicant 4165,108815.0,710,Hoboken,N.J.,Self-Employed,2721
TG-104166,Applicant 4166,76079.0,641,Jersey City,,Full Time,1500
TG-104167,Applicant 4167,77608.0,706,New York,,Part Time,5292
TG-104168,Applicant 4168,114591.0,733,Hoboken,NJ,Unemployed,2228
TG-104169,Applicant 4169,63641.0,668, Newark,ny,Part Time,5118
TG-104170,Applicant 4170,,689, Newark,NY,Part Time,3019
TG-104171,Applicant 4171,80181.0,728,Queens,NJ,Full Time,5322
TG-104172,Applicant 4172,70475.0,601,Jersey City,NY,Self-Employed,2910
TG-104173,Applicant 4173,56013.0,715, Newark,N.J.,Unemployed,4386
TG-104174,Applicant 4174,79739.0,765,Jersey City,NY, full time ,5392
TG-104175,Applicant 4175,99745.0,559,New York,N.J.,Part Time,2359
TG-104176,Applicant 4176,84721.0,687, Newark,ny, full time ,1587
TG-104177,Applicant 4177,94209.0,562,Brooklyn,NJ, full time ,3103
TG-104178,Applicant 4178,139402.0,730, Newark,NY,Self-Employed,5459
TG-104179,Applicant 4179,74714.0,698,Jersey City,ny, full time ,3098
TG-104180,Applicant 4180,93350.0,542,Brooklyn,ny,Unemployed,2638
TG-104181,Applicant 4181,69724.0,614,Hoboken,NY,Self-Employed,2201
TG-104182,Applicant 4182,59609.0,679, Newark,, full time ,2359
TG-104183,Applicant 4183,67453.0,763,Jersey City,,Self-Employed,5453
TG-104184,Applicant 4184,70637.0,536, Newark,N.J.,Unemployed,2012
TG-104185,Applicant 4185,95784.0,631, Newark,ny,Part Time,2589
TG-104186,Applicant 4186,155472.0,622,Jersey City,NJ,Full Time,4210
TG-104187,Applicant 4187,63519.0,605,Brooklyn,NJ,Self-Employed,3596
TG-104188,Applicant 4188,72501.0,554,New York,ny,Full Time,2547
TG-104189,Applicant 4189,83106.0,549, Newark,,Part Time,4195
TG-104190,Applicant 4190,96874.0,711,Queens,ny,Unemployed,2737
TG-104191,Applicant 4191,92907.0,698,Hoboken,N.J.,Part Time,2686
TG-104192,Applicant 4192,123523.0,623,Jersey City,ny,Full Time,4346
TG-104193,Applicant 4193,12208.0,684, Newark,NY,Unemployed,2982
TG-104194,Applicant 4194,13392.0,641,New York,, full time ,3748
TG-104195,Applicant 4195,70124.0,653,Jersey City,NY, full time ,2950
TG-104196,Applicant 4196,117919.0,809, Newark,NY,Self-Employed,3213
TG-104197,Applicant 4197,38031.0,743,Hoboken,ny, full time ,3435
TG-104198,Applicant 4198,-5229.0,544,Queens,ny,Full Time,4764
TG-104199,Applicant 4199,102135.0,532,Jersey City,NJ, full time ,3748
TG-104200,Applicant 4200,92310.0,749, Newark,NY,Self-Employed,3424
TG-104201,Applicant 4201,52294.0,621,Brooklyn,ny,Unemployed,2169
TG-104202,Applicant 4202,55434.0,722,New York,NJ, full time ,1472
TG-104203,Applicant 4203,55908.0,786,Queens,NY,Self-Employed,2786
TG-104204,Applicant 4204,88316.0,741,Jersey City,NJ, full time ,4024
TG-104205,Applicant 4205,66211.0,623, Newark,, full time ,4718
TG-104206,Applicant 4206,99822.0,630,Queens,N.J.,Full Time,3588
TG-104207,Applicant 4207,-639.0,588,Brooklyn,NY,Self-Employed,5220
TG-104208,Applicant 4208,59294.0,777,Jersey City,ny,Self-Employed,5020
TG-104209,Applicant 4209,51218.0,687,Queens,,Part Time,3984
TG-104210,Applicant 4210,77310.0,812,Jersey City,NJ,Part Time,1828
TG-104211,Applicant 4211,68859.0,568,Jersey City,N.J.,Self-Employed,1544
TG-104212,Applicant 4212,108935.0,769,Queens,NY,Full Time,1755
TG-104213,Applicant 4213,29220.0,594,Jersey City,N.J., full time ,5210
TG-104214,Applicant 4214,86365.0,720,Brooklyn,,Unemployed,4119
TG-104215,Applicant 4215,101750.0,553,Queens,N.J., full time ,1659
TG-104216,Applicant 4216,140699.0,630, Newark,NY,Unemployed,3988
TG-104217,Applicant 4217,70547.0,756,Queens,,Full Time,4011
TG-104218,Applicant 4218,94734.0,551,Brooklyn,NJ,Part Time,3735
TG-104219,Applicant 4219,30884.0,728,Brooklyn,NY,Self-Employed,4315
TG-104220,Applicant 4220,13241.0,651,Brooklyn,N.J.,Full Time,3749
TG-104221,Applicant 4221,110343.0,625, Newark,NY,Unemployed,1259
TG-104222,Applicant 4222,84833.0,552, Newark,,Self-Employed,4385
TG-104223,Applicant 4223,120355.0,562,Jersey City,N.J.,Unemployed,2994
TG-104224,Applicant 4224,43798.0,626,Jersey City,NJ, full time ,3164
TG-104225,Applicant 4225,100597.0,784,Hoboken,ny, full time ,2693
TG-104226,Applicant 4226,141065.0,745,Jersey City,NJ, full time ,3796
TG-104227,Applicant 4227,97591.0,698,Brooklyn,NY,Self-Employed,5433
TG-104228,Applicant 4228,93297.0,741,Hoboken,ny,Part Time,3865
TG-104229,Applicant 4229,85257.0,644,Brooklyn,,Part Time,5376
TG-104230,Applicant 4230,37874.0,795,New York,N.J.,Unemployed,4269
TG-104231,Applicant 4231,,686, Newark,N.J.,Part Time,3656
TG-104232,Applicant 4232,66674.0,670,Queens,,Part Time,3967
TG-104233,Applicant 4233,100134.0,560,New York,NY,Unemployed,3612
TG-104234,Applicant 4234,38109.0,819, Newark,NJ,Unemployed,4262
TG-104235,Applicant 4235,49616.0,554, Newark,ny,Unemployed,3336
TG-104236,Applicant 4236,128053.0,750,Brooklyn,,Self-Employed,3003
TG-104237,Applicant 4237,74581.0,734,Jersey City,NY,Unemployed,2296
TG-104238,Applicant 4238,128598.0,620,Queens,NY,Self-Employed,4948
TG-104239,Applicant 4239,82653.0,576,Jersey City,ny,Self-Employed,1410
TG-104240,Applicant 4240,29743.0,734,Jersey City,,Self-Employed,1733
TG-104241,Applicant 4241,111762.0,675,Queens,NJ,Unemployed,2140
TG-104242,Applicant 4242,67303.0,583,Queens,NJ,Part Time,5137
TG-104243,Applicant 4243,105961.0,581,New York,,Part Time,2465
TG-104244,Applicant 4244,,581,Brooklyn,N.J.,Unemployed,1211
TG-104245,Applicant 4245,38706.0,613,Jersey City,NJ,Part Time,3201
TG-104246,Applicant 4246,89929.0,545,Brooklyn,N.J.,Unemployed,1716
TG-104247,Applicant 4247,150887.0,640,Brooklyn,,Self-Employed,3267
TG-104248,Applicant 4248,99790.0,569,Hoboken,NY, full time ,2924
TG-104249,Applicant 4249,83274.0,771,New York,,Full Time,3383
TG-104250,Applicant 4250 ,117260.0,555,Jersey City,NY,Unemployed,1372
TG-104251,Applicant 4251,91320.0,808, Newark,,Self-Employed,5454
TG-104252,Applicant 4252,91286.0,619,Queens,N.J., full time ,3014
TG-104253,Applicant 4253,52251.0,655,Queens,N.J.,Self-Employed,2875
TG-104254,Applicant 4254,92015.0,713,Brooklyn,,Full Time,1203
TG-104255,Applicant 4255,116063.0,740,New York,NY,Part Time,2810
TG-104256,Applicant 4256,59918.0,798,New York,,Part Time,3993
TG-104257,Applicant 4257,127735.0,574,Jersey City,NY,Self-Employed,3620
TG-104258,Applicant 4258,82249.0,629,Jersey City,N.J.,Full Time,3990
TG-104259,Applicant 4259,58367.0,668,Brooklyn,ny,Self-Employed,3530
TG-104260,Applicant 4260,114929.0,784,Brooklyn,NJ,Part Time,2700
TG-104261,Applicant 4261,76396.0,681,Brooklyn,N.J.,Self-Employed,2925
TG-104262,Applicant 4262,107785.0,706,Hoboken,, full time ,5128
TG-104263,Applicant 4263,76247.0,648,New York,,Full Time,1655
TG-104264,Applicant 4264,83205.0,627,Brooklyn,NY,Part Time,5169
TG-104265,Applicant 4265,99807.0,587,New York,NJ,Self-Employed,3118
TG-104266,Applicant 4266,93727.0,585, Newark,N.J.,Full Time,2582
TG-104267,Applicant 4267,25134.0,663,Queens,NJ,Self-Employed,3188
TG-104268,Applicant 4268,51363.0,572,Queens,NJ,Part Time,1757
TG-104269,Applicant 4269,112882.0,647,New York,N.J.,Full Time,5486
TG-104270,Applicant 4270,81036.0,726, Newark,NY,Part Time,5190
TG-104271,Applicant 4271,69288.0,735,Queens,NY, full time ,2368
TG-104272,Applicant 4272,,587,Queens,NY, full time ,2567
TG-104273,Applicant 4273,52608.0,581,Queens,ny,Unemployed,4887
TG-104274,Applicant 4274,24346.0,729,Jersey City,NJ,Full Time,2799
TG-104275,Applicant 4275,81962.0,571, Newark,ny, full time ,1356
TG-104276,Applicant 4276,67047.0,635,Jersey City,NY,Unemployed,4579
TG-104277,Applicant 4277,56002.0,584,New York,N.J.,Full Time,2247
TG-104278,Applicant 4278,82956.0,649,New York,NJ,Part Time,2130
TG-104279,Applicant 4279,95919.0,696,Hoboken,N.J.,Self-Employed,2324
TG-104280,Applicant 4280,147796.0,797,Jersey City,,Self-Employed,2481
TG-104281,Applicant 4281,39643.0,682,New York,NJ,Part Time,2328
TG-104282,Applicant 4282,119781.0,999,Jersey City,N.J., full time ,4852
TG-104283,Applicant 4283,114193.0,755,Hoboken,NY,Self-Employed,3282
TG-104284,Applicant 4284,61627.0,677,New York,ny,Part Time,2376
TG-104285,Applicant 4285,91097.0,625,New York,N.J.,Unemployed,1705
TG-104286,Applicant 4286,71271.0,774,New York,,Unemployed,1424
TG-104287,Applicant 4287,90571.0,632,New York,NY,Part Time,5038
TG-104288,Applicant 4288,130274.0,549,Brooklyn,,Full Time,5252
TG-104289,Applicant 4289,103168.0,531, Newark,ny, full time ,1379
TG-104290,Applicant 4290,100258.0,696, Newark,, full time ,2528
TG-104291,Applicant 4291,72091.0,565,Jersey City,N.J.,Part Time,1941
TG-104292,Applicant 4292,40478.0,690,Jersey City,N.J.,Self-Employed,5089
TG-104293,Applicant 4293,78746.0,649,Jersey City,NY, full time ,1507
TG-104294,Applicant 4294,121198.0,764,Hoboken,ny, full time ,2466
TG-104295,Applicant 4295,39185.0,722,Brooklyn,ny,Unemployed,2468
TG-104296,Applicant 4296,53347.0,745,Jersey City,NJ,Unemployed,4880
TG-104297,Applicant 4297,88788.0,599,Jersey City,NJ,Unemployed,4228
TG-104298,Applicant 4298,55460.0,554,New York,N.J., full time ,5247
TG-104299,Applicant 4299,61224.0,571,New York,, full time ,2253
TG-104300,Applicant 4300,72292.0,680,New York,, full time ,2843
TG-104301,Applicant 4301,44031.0,603,Jersey City,NY,Self-Employed,3228
TG-104302,Applicant 4302,55776.0,545,New York,ny,Self-Employed,3973
TG-104303,Applicant 4303,106103.0,744,Jersey City,N.J.,Self-Employed,3225
TG-104304,Applicant 4304,45779.0,673,Hoboken,,Full Time,3230
TG-104305,Applicant 4305,37064.0,812,Hoboken,NJ, full time ,4208
TG-104306,Applicant 4306,66099.0,614,Queens,N.J., full time ,3863
TG-104307,Applicant 4307,,744,Brooklyn,NY,Part Time,3208
TG-104308,Applicant 4308,79092.0,786,New York,N.J.,Part Time,2862
TG-104309,Applicant 4309,71063.0,560, Newark,,Full Time,4614
TG-104310,Applicant 4310,86331.0,652,New York,NY,Part Time,1232
TG-104311,Applicant 4311,32629.0,585,Brooklyn,NJ,Self-Employed,3481
TG-104312,Applicant 4312,99841.0,729,Brooklyn,NJ,Full Time,1729
TG-104313,Applicant 4313,96503.0,999,Queens,,Full Time,2489
TG-104314,Applicant 4314,72721.0,691,Brooklyn,NY,Full Time,2518
TG-104315,Applicant 4315,115178.0,578,Jersey City,NJ,Unemployed,2663
TG-104316,Applicant 4316,51175.0,703,New York,NY,Part Time,2784
TG-104317,Applicant 4317,118837.0,699,Brooklyn,N.J., full time ,1769
TG-104318,Applicant 4318,89635.0,531,Jersey City,ny,Unemployed,1350
TG-104319,Applicant 4319,74903.0,587,Brooklyn,ny,Self-Employed,1544
TG-104320,Applicant 4320,84404.0,721, Newark,ny,Unemployed,2859
TG-104321,Applicant 4321,81782.0,525,Jersey City,NJ,Self-Employed,2133
TG-104322,Applicant 4322,121608.0,534,Hoboken,, full time ,5445
TG-104323,Applicant 4323,52700.0,561,Jersey City,ny, full time ,5442
TG-104324,Applicant 4324,62124.0,550,Queens,,Part Time,2708
TG-104325,Applicant 4325,116089.0,999,Jersey City,ny,Unemployed,4775
TG-104326,Applicant 4326,67134.0,781,Brooklyn,N.J., full time ,3751
TG-104327,Applicant 4327,112016.0,808,Hoboken,ny,Self-Employed,2211
TG-104328,Applicant 4328,135983.0,540,Hoboken,, full time ,5366
TG-104329,Applicant 4329,72946.0,701,Jersey City,NJ,Part Time,3508
TG-104330,Applicant 4330,105441.0,703,Brooklyn,N.J.,Self-Employed,2060
TG-104331,Applicant 4331,50389.0,763,Hoboken,,Full Time,2634
TG-104332,Applicant 4332,107642.0,668, Newark,NY,Part Time,2639
TG-104333,Applicant 4333,,775,Jersey City,ny,Part Time,4616
TG-104334,Applicant 4334,99191.0,619,Jersey City,N.J.,Full Time,5153
TG-104335,Applicant 4335,65633.0,574,Jersey City,NJ, full time ,2661
TG-104336,Applicant 4336,35167.0,705,Hoboken,NY,Part Time,1361
TG-104337,Applicant 4337,100098.0,605,New York,ny,Full Time,1838
TG-104338,Applicant 4338,23098.0,693,Brooklyn,N.J.,Full Time,2257
TG-104339,Applicant 4339,75479.0,541,Queens,,Part Time,2653
TG-104340,Applicant 4340,113235.0,763,Queens,ny,Unemployed,3984
TG-104341,Applicant 4341,90757.0,579,Brooklyn,N.J.,Part Time,4567
TG-104342,Applicant 4342,143450.0,623,New York,ny,Unemployed,5467
TG-104343,Applicant 4343,115753.0,658,Brooklyn,N.J., full time ,4435
TG-104344,Applicant 4344,65383.0,999,Jersey City,,Full Time,5494
TG-104345,Applicant 4345,85819.0,751, Newark,ny,Self-Employed,3297
TG-104346,Applicant 4346,83579.0,596,Brooklyn,N.J.,Part Time,2665
TG-104347,Applicant 4347,37535.0,537,Brooklyn,NY,Self-Employed,3527
TG-104348,Applicant 4348,56788.0,541, Newark,NJ, full time ,5241
TG-104349,Applicant 4349,,703,Hoboken,N.J.,Part Time,3818
TG-104350,Applicant 4350,23913.0,664,Queens,N.J.,Self-Employed,5449
TG-104351,Applicant 4351,86425.0,557,Queens,N.J., full time ,2954
TG-104352,Applicant 4352,77528.0,800,Jersey City,ny,Unemployed,1897
TG-104353,Applicant 4353,34813.0,807, Newark,NJ, full time ,5157
TG-104354,Applicant 4354,97126.0,662,Jersey City,ny,Part Time,3690
TG-104355,Applicant 4355,106476.0,532,Hoboken,N.J.,Part Time,1712
TG-104356,Applicant 4356,91811.0,705,Jersey City,N.J.,Part Time,2008
TG-104357,Applicant 4357,75278.0,786, Newark,NJ, full time ,2238
TG-104358,Applicant 4358,102743.0,788, Newark,NY,Part Time,1743
TG-104359,Applicant 4359,105407.0,616,New York,ny, full time ,4976
TG-104360,Applicant 4360,94222.0,813,Hoboken,NY,Full Time,3501
TG-104361,Applicant 4361,60262.0,520, Newark,N.J.,Full Time,1909
TG-104362,Applicant 4362,93298.0,814, Newark,N.J.,Full Time,2513
TG-104363,Applicant 4363,120864.0,546,Hoboken,,Self-Employed,5467
TG-104364,Applicant 4364,67101.0,555,Brooklyn,,Full Time,5448
TG-104365,Applicant 4365,147938.0,679,Brooklyn,NY,Full Time,3955
TG-104366,Applicant 4366,69231.0,550,New York,, full time ,2972
TG-104367,Applicant 4367,85972.0,646, Newark,NJ, full time ,2639
TG-104368,Applicant 4368,64825.0,781,Hoboken,NY,Part Time,4515
TG-104369,Applicant 4369,91698.0,729,Hoboken,,Part Time,1608
TG-104370,Applicant 4370,32733.0,669,Brooklyn,,Part Time,3653
TG-104371,Applicant 4371,68619.0,550,Queens,NJ, full time ,2782
TG-104372,Applicant 4372,52236.0,619,Queens,NJ, full time ,2421
TG-104373,Applicant 4373,89060.0,738, Newark,NY,Full Time,1762
TG-104374,Applicant 4374,114833.0,772,Brooklyn,ny,Unemployed,4977
TG-104375,Applicant 4375,104380.0,690, Newark,NJ, full time ,5382
TG-104376,Applicant 4376,13850.0,776,Jersey City,,Unemployed,2955
TG-104377,Applicant 4377,,576,Hoboken,NY, full time ,4037
TG-104378,Applicant 4378,93858.0,528, Newark,ny, full time ,1944
TG-104379,Applicant 4379,61705.0,524,New York,NY,Self-Employed,1569
TG-104380,Applicant 4380,89714.0,633,Queens,,Unemployed,3291
TG-104381,Applicant 4381,90286.0,784, Newark,ny,Self-Employed,2520
TG-104382,Applicant 4382,64995.0,692,Jersey City,ny,Full Time,1665
TG-104383,Applicant 4383,90938.0,739,Hoboken,NJ,Self-Employed,4693
TG-104384,Applicant 4384,66776.0,724,Jersey City,N.J.,Self-Employed,1672
TG-104385,Applicant 4385,72869.0,543, Newark,,Full Time,2496
TG-104386,Applicant 4386,64412.0,689,Hoboken,N.J.,Unemployed,5468
TG-104387,Applicant 4387,42020.0,622,Hoboken,,Part Time,1435
TG-104388,Applicant 4388,89375.0,579,Brooklyn,NY, full time ,4663
TG-104389,Applicant 4389,102559.0,605,Brooklyn,N.J.,Unemployed,2878
TG-104390,Applicant 4390,100447.0,774,New York,ny,Full Time,1465
TG-104391,Applicant 4391,109598.0,684,New York,NJ,Self-Employed,3604
TG-104392,Applicant 4392,94730.0,686,Jersey City,,Part Time,1338
TG-104393,Applicant 4393,69018.0,603,Brooklyn,NJ,Self-Employed,2565
TG-104394,Applicant 4394,110190.0,721,Hoboken,, full time ,3152
TG-104395,Applicant 4395,44274.0,609,Brooklyn,ny,Full Time,1272
TG-104396,Applicant 4396,57980.0,608,Hoboken,ny,Part Time,1362
TG-104397,Applicant 4397,56074.0,639,Brooklyn,ny,Unemployed,1422
TG-104398,Applicant 4398,117402.0,675,Hoboken,ny,Unemployed,1384
TG-104399,Applicant 4399,113284.0,707,Jersey City,ny,Full Time,1294
TG-104400,Applicant 4400,99619.0,707,Brooklyn,NJ,Full Time,5072
TG-104401,Applicant 4401,117158.0,781,Queens,NY,Self-Employed,1883
TG-104402,Applicant 4402,58622.0,571,Queens,N.J.,Part Time,4580
TG-104403,Applicant 4403,95458.0,659,Hoboken,NJ, full time ,2175
TG-104404,Applicant 4404,81245.0,538,Jersey City,N.J.,Full Time,4419
TG-104405,Applicant 4405,110406.0,594,Hoboken,NY,Part Time,4893
TG-104406,Applicant 4406,81543.0,749,Jersey City,,Full Time,3744
TG-104407,Applicant 4407,73452.0,649,New York,NY,Full Time,4432
TG-104408,Applicant 4408,101227.0,574,Brooklyn,NY,Unemployed,1260
TG-104409,Applicant 4409,111285.0,790,Jersey City,,Part Time,2660
TG-104410,Applicant 4410,64950.0,619,Hoboken,N.J.,Unemployed,1681
TG-104411,Applicant 4411,83168.0,588,New York,ny,Unemployed,5410
TG-104412,Applicant 4412,53247.0,818,Hoboken,,Part Time,5278
TG-104413,Applicant 4413,,536,Queens,,Unemployed,4851
TG-104414,Applicant 4414,91014.0,635,Queens,NY,Self-Employed,2374
TG-104415,Applicant 4415,103267.0,671,Brooklyn,, full time ,3795
TG-104416,Applicant 4416,92862.0,635, Newark,NJ, full time ,5435
TG-104417,Applicant 4417,26513.0,549,Brooklyn,ny,Self-Employed,5006
TG-104418,Applicant 4418,74475.0,570,New York,NY,Full Time,1689
TG-104419,Applicant 4419,18450.0,579,Queens,N.J.,Unemployed,3130
TG-104420,Applicant 4420,126091.0,748,Jersey City,N.J., full time ,2096
TG-104421,Applicant 4421,52418.0,778,Queens,N.J.,Part Time,3542
TG-104422,Applicant 4422,122662.0,524, Newark,N.J.,Full Time,4108
TG-104423,Applicant 4423,113376.0,547,Brooklyn,N.J., full time ,3918
TG-104424,Applicant 4424,57982.0,773,Hoboken,NY,Unemployed,4455
TG-104425,Applicant 4425,51016.0,750,New York,NJ, full time ,1217
TG-104426,Applicant 4426,95511.0,719, Newark,NJ,Unemployed,5106
TG-104427,Applicant 4427,59670.0,790,Queens,N.J.,Full Time,5276
TG-104428,Applicant 4428,88075.0,565,Jersey City,NJ,Self-Employed,1741
TG-104429,Applicant 4429,70515.0,547, Newark,ny,Unemployed,1397
TG-104430,Applicant 4430,31565.0,999,Jersey City,NJ,Unemployed,2465
TG-104431,Applicant 4431,18086.0,751,Jersey City,,Full Time,2176
TG-104432,Applicant 4432,91801.0,718,New York,N.J.,Full Time,1808
TG-104433,Applicant 4433,68153.0,613,Jersey City,,Part Time,1664
TG-104434,Applicant 4434,68407.0,601,Jersey City,,Full Time,2227
TG-104435,Applicant 4435,105876.0,607,Queens,N.J., full time ,2461
TG-104436,Applicant 4436,120203.0,705,New York,NY,Unemployed,3799
TG-104437,Applicant 4437,76824.0,762,Hoboken,NJ,Self-Employed,4156
TG-104438,Applicant 4438,74782.0,587,Hoboken,ny,Full Time,3229
TG-104439,Applicant 4439,100004.0,706,Jersey City,NY,Unemployed,4600
TG-104440,Applicant 4440,44292.0,758, Newark,ny,Self-Employed,3017
TG-104441,Applicant 4441,91695.0,737,Brooklyn,N.J.,Part Time,1440
TG-104442,Applicant 4442,101557.0,627,New York,NJ, full time ,4056
TG-104443,Applicant 4443,105407.0,557,Brooklyn,NY,Part Time,5081
TG-104444,Applicant 4444,26897.0,795,New York,N.J.,Full Time,2961
TG-104445,Applicant 4445,,529,New York,NY, full time ,2382
TG-104446,Applicant 4446,58652.0,545,Queens,,Part Time,3290
TG-104447,Applicant 4447,87997.0,567,Jersey City,NJ,Unemployed,3140
TG-104448,Applicant 4448,99422.0,533,Queens,NJ,Full Time,4122
TG-104449,Applicant 4449,129901.0,619, Newark,N.J.,Part Time,1612
TG-104450,Applicant 4450,70151.0,706,Brooklyn,N.J., full time ,4423
TG-104451,Applicant 4451,70073.0,531,Brooklyn,N.J., full time ,2303
TG-104452,Applicant 4452,119490.0,798,Hoboken,NJ,Self-Employed,4408
TG-104453,Applicant 4453,93897.0,686, Newark,, full time ,2609
TG-104454,Applicant 4454,123030.0,641, Newark,NJ, full time ,1364
TG-104455,Applicant 4455,93662.0,614,Queens,N.J.,Full Time,2271
TG-104456,Applicant 4456,50287.0,544,Queens,ny, full time ,2350
TG-104457,Applicant 4457,45006.0,536, Newark,,Self-Employed,1567
TG-104458,Applicant 4458,38455.0,548,Queens,NJ, full time ,3754
TG-104459,Applicant 4459,104862.0,591,Hoboken,ny,Self-Employed,1812
TG-104460,Applicant 4460,120658.0,789,Queens,,Unemployed,1276
TG-104461,Applicant 4461,140481.0,769,Queens,NJ,Self-Employed,3954
TG-104462,Applicant 4462,110293.0,814, Newark,N.J.,Full Time,4472
TG-104463,Applicant 4463,119885.0,663, Newark,NJ,Part Time,5363
TG-104464,Applicant 4464,67600.0,793,Queens,,Part Time,2251
TG-104465,Applicant 4465,50308.0,742,Queens,N.J.,Unemployed,4183
TG-104466,Applicant 4466,110502.0,594, Newark,NY,Full Time,3304
TG-104467,Applicant 4467,97530.0,621,Brooklyn,ny,Unemployed,2426
TG-104468,Applicant 4468,88223.0,539,Jersey City,N.J.,Unemployed,4354
TG-104469,Applicant 4469,96621.0,636,Brooklyn,N.J., full time ,2474
TG-104470,Applicant 4470,94696.0,693,Queens,, full time ,3589
TG-104471,Applicant 4471,123515.0,692,New York,,Full Time,2071
TG-104472,Applicant 4472,123850.0,523,New York,ny,Part Time,3161
TG-104473,Applicant 4473,101327.0,667,Hoboken,,Self-Employed,3380
TG-104474,Applicant 4474,110374.0,633,Brooklyn,N.J., full time ,5140
TG-104475,Applicant 4475,100422.0,686, Newark,ny,Full Time,3676
TG-104476,Applicant 4476,71165.0,819,Hoboken,ny,Full Time,2767
TG-104477,Applicant 4477,107697.0,637,Hoboken,NJ,Part Time,3515
TG-104478,Applicant 4478,43165.0,619,New York,N.J.,Full Time,3354
TG-104479,Applicant 4479,116617.0,793,Brooklyn,N.J.,Full Time,5361
TG-104480,Applicant 4480,49164.0,694,Jersey City,,Part Time,2275
TG-104481,Applicant 4481,93574.0,678, Newark,N.J., full time ,3235
TG-104482,Applicant 4482,59645.0,746,Brooklyn,,Part Time,1589
TG-104483,Applicant 4483,101602.0,557,Hoboken,N.J.,Unemployed,3934
TG-104484,Applicant 4484,83982.0,717,Queens,NJ, full time ,4156
TG-104485,Applicant 4485,37157.0,655,Hoboken,N.J.,Unemployed,5062
TG-104486,Applicant 4486,97621.0,623,Brooklyn,NJ,Full Time,4764
TG-104487,Applicant 4487,67662.0,712,New York,N.J.,Unemployed,5277
TG-104488,Applicant 4488,111434.0,769,Brooklyn,N.J.,Part Time,3768
TG-104489,Applicant 4489,85040.0,532,Jersey City,NY,Part Time,1561
TG-104490,Applicant 4490,96863.0,574, Newark,N.J.,Self-Employed,1258
TG-104491,Applicant 4491,56273.0,604, Newark,NJ,Full Time,2324
TG-104492,Applicant 4492,67320.0,628,Queens,ny,Part Time,2980
TG-104493,Applicant 4493,71241.0,562,Queens,NJ, full time ,1539
TG-104494,Applicant 4494,110701.0,590,Hoboken,N.J.,Part Time,3936
TG-104495,Applicant 4495,135321.0,787,Brooklyn,, full time ,2239
TG-104496,Applicant 4496,60845.0,578, Newark,NY,Full Time,1320
TG-104497,Applicant 4497,117305.0,563,New York,,Self-Employed,5013
TG-104498,Applicant 4498,19910.0,791,Jersey City,NY,Self-Employed,1944
TG-104499,Applicant 4499,49174.0,533,Hoboken,NY,Unemployed,4151
TG-104500,Applicant 4500,56237.0,631,Brooklyn,,Part Time,5154
TG-104501,Applicant 4501,44425.0,747,New York,N.J.,Full Time,2222
TG-104502,Applicant 4502,37492.0,688,Brooklyn,NJ,Unemployed,4561
TG-104503,Applicant 4503,97390.0,810,New York,,Full Time,2975
TG-104504,Applicant 4504,78578.0,765,Brooklyn,ny,Full Time,3108
TG-104505,Applicant 4505,96382.0,785,Brooklyn,NY,Unemployed,4232
TG-104506,Applicant 4506,105714.0,762, Newark,NJ,Full Time,3855
TG-104507,Applicant 4507,92969.0,677,Hoboken,ny,Unemployed,1787
TG-104508,Applicant 4508,104733.0,819,Brooklyn,NJ,Part Time,3230
TG-104509,Applicant 4509,82914.0,537,Brooklyn,N.J.,Unemployed,1582
TG-104510,Applicant 4510 ,49390.0,602,Hoboken,ny,Part Time,1889
TG-104511,Applicant 4511,116734.0,750,Hoboken,,Self-Employed,1403
TG-104512,Applicant 4512,67327.0,772,Queens,NJ,Unemployed,5281
TG-104513,Applicant 4513,56932.0,686,Queens,,Self-Employed,5321
,Applicant 4514,79662.0,561, Newark,,Unemployed,3076
TG-104515,Applicant 4515,57616.0,768,Hoboken,NJ,Full Time,2900
TG-104516,Applicant 4516,72477.0,767,Jersey City,NJ,Self-Employed,2790
TG-104517,Applicant 4517,95322.0,805, Newark,NY, full time ,2067
TG-104518,Applicant 4518,95450.0,539,New York,NY, full time ,3264
TG-104519,Applicant 4519,58065.0,561,Hoboken,ny, full time ,2687
TG-104520,Applicant 4520,70369.0,606,Queens,ny,Self-Employed,3545
TG-104521,Applicant 4521,117230.0,999,Brooklyn,ny,Part Time,3840
TG-104522,Applicant 4522,99892.0,816,Hoboken,NY,Unemployed,2250
TG-104523,Applicant 4523,147252.0,759,Hoboken,,Full Time,3243
TG-104524,Applicant 4524,120404.0,999,Queens,N.J.,Full Time,5478
TG-104525,Applicant 4525,119329.0,738,Queens,N.J.,Self-Employed,4787
TG-104526,Applicant 4526,43364.0,652,Jersey City,NJ, full time ,4603
TG-104527,Applicant 4527,107916.0,726, Newark,NY,Full Time,2807
TG-104528,Applicant 4528,83407.0,570,Queens,NJ,Full Time,2220
TG-104529,Applicant 4529,68471.0,625,Queens,N.J.,Part Time,1722
TG-104530,Applicant 4530,90040.0,703,Queens,NJ,Full Time,1770
TG-104531,Applicant 4531,113356.0,720, Newark,NY,Full Time,4539
TG-104532,Applicant 4532,100025.0,530,Brooklyn,NY,Unemployed,5408
TG-104533,Applicant 4533,58646.0,773,Hoboken,NY,Full Time,3652
TG-104534,Applicant 4534,107274.0,669,Hoboken,N.J.,Unemployed,4673
TG-104535,Applicant 4535,65872.0,615,Queens,NY, full time ,4385
TG-104536,Applicant 4536,91500.0,625, Newark,ny,Part Time,2046
TG-104537,Applicant 4537,75899.0,662,Jersey City,ny,Full Time,4592
TG-104538,Applicant 4538,78434.0,685,Queens,NY,Part Time,2534
TG-104539,Applicant 4539,107987.0,520, Newark,ny,Part Time,4097
TG-104540,Applicant 4540,53794.0,565, Newark,NY,Part Time,3111
TG-104541,Applicant 4541,143356.0,761,Jersey City,N.J.,Self-Employed,1499
TG-104542,Applicant 4542,30367.0,797, Newark,ny,Unemployed,2285
TG-104543,Applicant 4543,67070.0,522,Hoboken,N.J.,Part Time,1283
TG-104544,Applicant 4544,96106.0,661,Jersey City,ny, full time ,5256
TG-104545,Applicant 4545,102529.0,580,Jersey City,,Full Time,2576
TG-104546,Applicant 4546,81986.0,813,New York,,Part Time,2892
TG-104547,Applicant 4547,,744,Jersey City,N.J.,Part Time,4774
TG-104548,Applicant 4548,97317.0,689,Jersey City,ny,Full Time,2123
TG-104549,Applicant 4549,78068.0,653,Brooklyn,, full time ,2698
TG-104550,Applicant 4550,126795.0,560,Hoboken,NY,Part Time,3226
TG-104551,Applicant 4551,110180.0,750,Queens,NJ,Part Time,5070
TG-104552,Applicant 4552,111185.0,745,New York,, full time ,3346
TG-104553,Applicant 4553,56015.0,658,Jersey City,,Part Time,2925
TG-104554,Applicant 4554,82618.0,629,Brooklyn,NY, full time ,4010
TG-104555,Applicant 4555,75986.0,816,Brooklyn,,Part Time,3494
TG-104556,Applicant 4556,54832.0,576, Newark,,Full Time,3512
TG-104557,Applicant 4557,95805.0,642,Queens,, full time ,2792
TG-104558,Applicant 4558,68871.0,759,Queens,ny,Full Time,1624
TG-104559,Applicant 4559,104662.0,605,Hoboken,,Full Time,3571
TG-104560,Applicant 4560,52894.0,695, Newark,NJ,Part Time,4039
TG-104561,Applicant 4561,136571.0,582,Jersey City,ny, full time ,1261
TG-104562,Applicant 4562,58110.0,558,Brooklyn,ny,Self-Employed,4758
TG-104563,Applicant 4563,91579.0,657,New York,N.J.,Full Time,2984
TG-104564,Applicant 4564,108756.0,760,Hoboken,,Full Time,4116
TG-104565,Applicant 4565,67881.0,745,Jersey City,NJ,Full Time,4644
TG-104566,Applicant 4566,110574.0,725, Newark,NJ,Part Time,1714
TG-104567,Applicant 4567,48124.0,683,Queens,N.J.,Part Time,1298
TG-104568,Applicant 4568,128564.0,546, Newark,NJ,Full Time,1522
TG-104569,Applicant 4569,85424.0,702,Jersey City,ny,Part Time,3839
TG-104570,Applicant 4570,67108.0,717, Newark,NY,Part Time,5450
TG-104571,Applicant 4571,76025.0,626,Queens,ny,Part Time,4882
TG-104572,Applicant 4572,109268.0,708,Jersey City,NY,Unemployed,5441
TG-104573,Applicant 4573,67466.0,555,New York,NJ, full time ,4173
TG-104574,Applicant 4574,62519.0,604,Hoboken,,Part Time,2697
TG-104575,Applicant 4575,78354.0,674, Newark,NY,Unemployed,3949
TG-104576,Applicant 4576,49691.0,688,Queens,ny,Unemployed,3131
TG-104577,Applicant 4577,139616.0,803,New York,ny,Part Time,1638
TG-104578,Applicant 4578,68008.0,791,Brooklyn,ny,Unemployed,1736
TG-104579,Applicant 4579,109949.0,554,New York,ny,Self-Employed,3422
TG-104580,Applicant 4580,91284.0,703,New York,N.J.,Unemployed,1912
TG-104581,Applicant 4581,55464.0,618,New York,NJ, full time ,3738
TG-104582,Applicant 4582,84821.0,756,Queens,,Unemployed,5352
TG-104583,Applicant 4583,108520.0,641,Brooklyn,N.J.,Part Time,3966
TG-104584,Applicant 4584,79352.0,542,Hoboken,NJ,Full Time,2189
TG-104585,Applicant 4585,120793.0,582,New York,NY,Self-Employed,5267
TG-104586,Applicant 4586,115645.0,669,Queens,N.J.,Unemployed,1501
TG-104587,Applicant 4587,112567.0,714,Queens,N.J.,Self-Employed,2212
TG-104588,Applicant 4588,71210.0,599,Hoboken,N.J., full time ,4850
TG-104589,Applicant 4589,52605.0,672,Jersey City,N.J.,Unemployed,1446
TG-104590,Applicant 4590,66592.0,536,Brooklyn,NY,Unemployed,3263
TG-104591,Applicant 4591,90887.0,558,Brooklyn,ny,Self-Employed,2558
TG-104592,Applicant 4592,101374.0,721, Newark,N.J.,Unemployed,2809
TG-104593,Applicant 4593,19853.0,799,New York,NJ,Unemployed,4801
TG-104594,Applicant 4594,,607,Jersey City,ny,Full Time,2245
TG-104595,Applicant 4595,89743.0,819,Brooklyn,NY,Self-Employed,5414
TG-104596,Applicant 4596,76674.0,811, Newark,,Part Time,2751
TG-104597,Applicant 4597,123738.0,589,New York,NY,Part Time,4455
TG-104598,Applicant 4598,97653.0,643,Jersey City,, full time ,2738
TG-104599,Applicant 4599,124306.0,599,Queens,NJ,Full Time,2715
TG-104600,Applicant 4600,78521.0,564,New York,,Self-Employed,4906
TG-104601,Applicant 4601,113124.0,752,Jersey City,N.J.,Self-Employed,2978
TG-104602,Applicant 4602,134052.0,673,Hoboken,ny,Full Time,1636
TG-104603,Applicant 4603,124351.0,699,Brooklyn,ny,Full Time,2002
TG-104604,Applicant 4604,52236.0,550,New York,N.J., full time ,5398
TG-104605,Applicant 4605,77390.0,604, Newark,ny,Part Time,2024
TG-104606,Applicant 4606,74645.0,564,Queens,NY,Self-Employed,5005
TG-104607,Applicant 4607,99678.0,762, Newark,N.J.,Full Time,1503
TG-104608,Applicant 4608,105591.0,559,New York,N.J.,Self-Employed,1693
TG-104609,Applicant 4609,59833.0,701,Brooklyn,ny,Part Time,1286
TG-104610,Applicant 4610,87035.0,816,Brooklyn,,Self-Employed,4497
TG-104611,Applicant 4611,24402.0,600,Jersey City,NJ,Self-Employed,4519
TG-104612,Applicant 4612,128258.0,557, Newark,,Full Time,4776
TG-104613,Applicant 4613,69629.0,576, Newark,NY,Full Time,5020
TG-104614,Applicant 4614,86676.0,549,Queens,N.J.,Full Time,2249
TG-104615,Applicant 4615,75711.0,785,Jersey City,N.J.,Part Time,4801
TG-104616,Applicant 4616,119381.0,746,Queens,NY,Unemployed,5426
TG-104617,Applicant 4617,-125.0,811,New York,NJ,Part Time,4183
TG-104618,Applicant 4618,84502.0,573,New York,N.J.,Full Time,4320
TG-104619,Applicant 4619,81825.0,616, Newark,, full time ,1727
TG-104620,Applicant 4620,71391.0,523,Jersey City,NY,Self-Employed,1233
TG-104621,Applicant 4621,136787.0,610,Hoboken,N.J.,Self-Employed,3279
TG-104622,Applicant 4622,58380.0,608,Brooklyn,,Self-Employed,1209
TG-104623,Applicant 4623,108154.0,611,Jersey City,NY,Self-Employed,2927
TG-104624,Applicant 4624,95688.0,669,Jersey City,NY, full time ,3978
TG-104625,Applicant 4625,122846.0,753,New York,NY,Full Time,4620
TG-104626,Applicant 4626,,578,Brooklyn,NJ,Unemployed,4427
TG-104627,Applicant 4627,63011.0,704,Jersey City,NY,Self-Employed,4298
TG-104628,Applicant 4628,117882.0,563,New York,ny,Unemployed,5244
TG-104629,Applicant 4629,97760.0,699,New York,ny,Part Time,2376
TG-104630,Applicant 4630,38652.0,595, Newark,NY,Part Time,2473
TG-104631,Applicant 4631,68821.0,663, Newark,N.J.,Self-Employed,3676
TG-104632,Applicant 4632,96591.0,620,Jersey City,ny,Full Time,4777
TG-104633,Applicant 4633 ,110133.0,791,Jersey City,, full time ,3541
TG-104634,Applicant 4634,64623.0,574,New York,,Self-Employed,3553
TG-104635,Applicant 4635,-2428.0,708, Newark,N.J.,Part Time,4342
TG-104636,Applicant 4636,100697.0,596,Jersey City,,Part Time,3410
TG-104637,Applicant 4637,48390.0,815,Brooklyn,N.J.,Unemployed,3835
TG-104638,Applicant 4638,24480.0,738,New York,, full time ,4614
TG-104639,Applicant 4639,30.0,796,New York,NY,Self-Employed,3227
TG-104640,Applicant 4640,109419.0,585,Jersey City,,Full Time,3199
TG-104641,Applicant 4641,88859.0,655,Jersey City,NY,Unemployed,2224
TG-104642,Applicant 4642,78230.0,753,Jersey City,, full time ,2821
TG-104643,Applicant 4643,126671.0,718,Brooklyn,,Unemployed,4211
TG-104644,Applicant 4644,104120.0,785,New York,,Full Time,2110
TG-104645,Applicant 4645,133489.0,562,Hoboken,NY,Part Time,1814
TG-104646,Applicant 4646,43218.0,747,Brooklyn,,Self-Employed,5280
TG-104647,Applicant 4647,,746,Brooklyn,,Self-Employed,2204
TG-104648,Applicant 4648,36499.0,582, Newark,NJ,Full Time,4422
TG-104649,Applicant 4649,78119.0,690,New York,NY,Self-Employed,2215
TG-104650,Applicant 4650,77542.0,769,Hoboken,ny,Self-Employed,4686
TG-104651,Applicant 4651,103798.0,769,New York,N.J.,Unemployed,1206
TG-104652,Applicant 4652,86367.0,757,Brooklyn,NJ,Full Time,4965
TG-104653,Applicant 4653,103702.0,575,Jersey City,,Unemployed,4737
TG-104654,Applicant 4654,106103.0,690,New York,ny,Self-Employed,5399
TG-104655,Applicant 4655,149648.0,553,New York,ny, full time ,5250
TG-104656,Applicant 4656,75541.0,649,Jersey City,, full time ,3711
TG-104657,Applicant 4657,56769.0,649,Hoboken,,Unemployed,4835
TG-104658,Applicant 4658,92383.0,670,Hoboken,NJ,Part Time,4095
TG-104659,Applicant 4659,60932.0,662,New York,NY,Part Time,5000
TG-104660,Applicant 4660,129459.0,637,Jersey City,NJ,Full Time,5105
TG-104661,Applicant 4661,76503.0,723, Newark,NY, full time ,3613
TG-104662,Applicant 4662,68033.0,754,New York,ny, full time ,3116
TG-104663,Applicant 4663,70861.0,536,Jersey City,N.J.,Unemployed,5477
TG-104664,Applicant 4664,106553.0,601,Brooklyn,,Self-Employed,3490
TG-104665,Applicant 4665,80268.0,533, Newark,NJ,Full Time,3091
TG-104666,Applicant 4666,65750.0,600,Jersey City,ny,Unemployed,5330
TG-104667,Applicant 4667,134961.0,726,New York,NJ,Part Time,5063
TG-104668,Applicant 4668,59315.0,723,Queens,NY,Self-Employed,1874
TG-104669,Applicant 4669,86067.0,791,Hoboken,,Full Time,4109
TG-104670,Applicant 4670,104569.0,551,New York,NY,Self-Employed,3100
TG-104671,Applicant 4671,36060.0,542,Jersey City,NY,Part Time,5142
TG-104672,Applicant 4672,99408.0,621, Newark,NY,Unemployed,5299
TG-104673,Applicant 4673,53347.0,681, Newark,ny,Unemployed,4237
TG-104674,Applicant 4674,109683.0,617,Jersey City,, full time ,1789
TG-104675,Applicant 4675,56120.0,663,Hoboken,N.J.,Unemployed,3089
TG-104676,Applicant 4676,105783.0,623,New York,NJ, full time ,3582
TG-104677,Applicant 4677,118175.0,690, Newark,NY,Unemployed,4562
TG-104678,Applicant 4678,,583, Newark,,Full Time,3532
TG-104679,Applicant 4679,92539.0,763,Queens,NJ,Part Time,2259
TG-104680,Applicant 4680,78061.0,590,Brooklyn,,Self-Employed,4595
TG-104681,Applicant 4681,67707.0,793,Queens,NJ,Part Time,1594
TG-104682,Applicant 4682,129131.0,644,Brooklyn,,Part Time,1766
TG-104683,Applicant 4683,64015.0,626, Newark,N.J., full time ,2272
TG-104684,Applicant 4684,53888.0,667,Brooklyn,, full time ,3710
TG-104685,Applicant 4685,104961.0,711,New York,,Full Time,3602
TG-104686,Applicant 4686,61116.0,745, Newark,NY,Self-Employed,3302
TG-104687,Applicant 4687,56498.0,761, Newark,NY,Unemployed,4583
TG-104688,Applicant 4688,41692.0,803,Brooklyn,NY,Unemployed,2114
TG-104689,Applicant 4689,70513.0,682,Jersey City,,Part Time,2311
TG-104690,Applicant 4690,82519.0,527,Brooklyn,N.J.,Full Time,4661
TG-104691,Applicant 4691,92293.0,671,Brooklyn,NJ,Self-Employed,5123
TG-104692,Applicant 4692,113539.0,614,Hoboken,NY,Unemployed,3517
TG-104693,Applicant 4693,100807.0,733,Hoboken,ny,Part Time,2165
TG-104694,Applicant 4694,,583,New York,,Full Time,4731
TG-104695,Applicant 4695,79054.0,584,New York,N.J.,Self-Employed,2349
TG-104696,Applicant 4696,100305.0,999,Jersey City,N.J.,Part Time,3432
TG-104697,Applicant 4697,123177.0,544,Hoboken,NY,Part Time,1564
TG-104698,Applicant 4698,88789.0,619,Queens,NY,Full Time,4813
TG-104699,Applicant 4699,70926.0,624,New York,ny,Full Time,2231
TG-104700,Applicant 4700,55214.0,650,New York,ny,Full Time,1853
TG-104701,Applicant 4701,41644.0,538,Hoboken,NY,Full Time,4995
TG-104702,Applicant 4702,104988.0,744,Hoboken,NJ,Self-Employed,5067
TG-104703,Applicant 4703,102339.0,625,Jersey City,NY,Full Time,5286
TG-104704,Applicant 4704,102321.0,573,Hoboken,NY,Full Time,4403
TG-104705,Applicant 4705,81140.0,745,Brooklyn,N.J.,Full Time,3349
TG-104706,Applicant 4706,127208.0,534, Newark,NY,Self-Employed,2689
TG-104707,Applicant 4707,70476.0,567,Queens,NY,Unemployed,5074
TG-104708,Applicant 4708,113658.0,658, Newark,NY,Part Time,4838
TG-104709,Applicant 4709,83838.0,553,Brooklyn,NJ, full time ,2477
TG-104710,Applicant 4710,66749.0,729,Brooklyn,N.J.,Part Time,4570
TG-104711,Applicant 4711,102776.0,538, Newark,,Self-Employed,3617
TG-104712,Applicant 4712,97289.0,715,Brooklyn,,Full Time,4942
TG-104713,Applicant 4713,95709.0,634,New York,,Self-Employed,1458
TG-104714,Applicant 4714,87438.0,594, Newark,,Unemployed,1344
TG-104715,Applicant 4715,83863.0,669,Brooklyn,N.J., full time ,4310
TG-104716,Applicant 4716,156651.0,555,New York,NY,Unemployed,3953
TG-104717,Applicant 4717,120528.0,761,Hoboken,,Full Time,1908
TG-104718,Applicant 4718,106685.0,670,Queens,NY,Self-Employed,1445
TG-104719,Applicant 4719,88354.0,582,Queens,,Self-Employed,2811
TG-104720,Applicant 4720,115215.0,673,Brooklyn,NJ,Full Time,4012
TG-104721,Applicant 4721,100540.0,707,Queens,NY,Full Time,2587
TG-104722,Applicant 4722,85786.0,742,New York,N.J., full time ,4723
TG-104723,Applicant 4723,75893.0,612,Hoboken,NJ,Unemployed,2934
TG-104724,Applicant 4724,82572.0,524,Brooklyn,NJ,Full Time,1451
TG-104725,Applicant 4725,-10113.0,685,Jersey City,N.J.,Full Time,4143
TG-104726,Applicant 4726,91318.0,544, Newark,NJ,Unemployed,3205
TG-104727,Applicant 4727,70346.0,617,Queens,NY,Full Time,4513
TG-104728,Applicant 4728,132780.0,787,Queens,ny, full time ,2476
TG-104729,Applicant 4729,85580.0,669,Brooklyn,ny, full time ,2227
TG-104730,Applicant 4730,49331.0,771, Newark,,Unemployed,2596
TG-104731,Applicant 4731,83504.0,603, Newark,,Part Time,2648
TG-104732,Applicant 4732,53616.0,804,Queens,NY, full time ,2402
TG-104733,Applicant 4733,99202.0,691,Queens,N.J.,Self-Employed,1211
TG-104734,Applicant 4734,93728.0,740,Jersey City,NY,Self-Employed,2516
TG-104735,Applicant 4735,113735.0,628, Newark,,Part Time,1969
TG-104736,Applicant 4736,61274.0,546,New York,NJ, full time ,3506
TG-104737,Applicant 4737,86020.0,765,Brooklyn,NY,Full Time,2556
TG-104738,Applicant 4738,44049.0,574,Brooklyn,NY,Part Time,4383
TG-104739,Applicant 4739,106045.0,652,Jersey City,N.J.,Full Time,3173
TG-104740,Applicant 4740,100566.0,571,Jersey City,,Self-Employed,3453
TG-104741,Applicant 4741,99874.0,772,New York,NY,Part Time,3469
TG-104742,Applicant 4742,85049.0,788,Hoboken,NJ, full time ,2236
TG-104743,Applicant 4743,,817,Brooklyn,NJ,Self-Employed,3752
TG-104744,Applicant 4744,133130.0,598, Newark,ny, full time ,3848
TG-104745,Applicant 4745,76447.0,537,Queens,,Full Time,2954
TG-104746,Applicant 4746,89159.0,777,New York,NJ, full time ,4486
TG-104747,Applicant 4747,52416.0,626,Brooklyn,N.J.,Part Time,5238
TG-104748,Applicant 4748,58952.0,566, Newark,,Full Time,5000
TG-104749,Applicant 4749,87934.0,765,New York,NJ,Part Time,2344
TG-104750,Applicant 4750,118118.0,608,Hoboken,NY,Full Time,2898
TG-104751,Applicant 4751,77312.0,722, Newark,,Part Time,3552
TG-104752,Applicant 4752,77923.0,759,Brooklyn,NJ,Self-Employed,1419
TG-104753,Applicant 4753,72793.0,787,Queens,NY,Part Time,2832
TG-104754,Applicant 4754,68957.0,532, Newark,ny,Self-Employed,1810
TG-104755,Applicant 4755,93849.0,656,Brooklyn,,Unemployed,5429
TG-104756,Applicant 4756,40082.0,692,New York,, full time ,5442
TG-104757,Applicant 4757,123428.0,749,Hoboken,NJ,Full Time,4384
TG-104758,Applicant 4758,65037.0,717, Newark,ny, full time ,1632
TG-104759,Applicant 4759,106657.0,762,New York,N.J.,Self-Employed,4637
TG-104760,Applicant 4760,46900.0,562,New York,NJ,Self-Employed,4305
TG-104761,Applicant 4761 ,,798,Jersey City,NJ,Self-Employed,1261
TG-104762,Applicant 4762,105158.0,598,New York,N.J.,Part Time,5382
TG-104763,Applicant 4763,96526.0,798, Newark,N.J., full time ,2090
TG-104764,Applicant 4764,55167.0,751,Hoboken,N.J.,Self-Employed,4906
TG-104765,Applicant 4765,92486.0,620,Queens,N.J.,Unemployed,5121
TG-104766,Applicant 4766,49508.0,681,Jersey City,N.J.,Self-Employed,4172
TG-104767,Applicant 4767,77417.0,663,New York,NY, full time ,2539
TG-104768,Applicant 4768,115882.0,628, Newark,NY,Self-Employed,4060
TG-104769,Applicant 4769,108901.0,752,Brooklyn,N.J.,Self-Employed,3578
TG-104770,Applicant 4770,85455.0,630,Jersey City,ny,Full Time,3282
TG-104771,Applicant 4771,55756.0,751,Hoboken,ny,Self-Employed,1977
TG-104772,Applicant 4772,104368.0,757,Brooklyn,N.J., full time ,2606
TG-104773,Applicant 4773,85581.0,716,Hoboken,NY,Full Time,4957
TG-104774,Applicant 4774,15391.0,792,Brooklyn,ny,Full Time,3957
TG-104775,Applicant 4775,108479.0,605,Queens,NY,Self-Employed,2946
TG-104776,Applicant 4776,84273.0,814,Hoboken,NJ,Self-Employed,4767
TG-104777,Applicant 4777,121074.0,560,Brooklyn,NY,Unemployed,3324
TG-104778,Applicant 4778,52142.0,567,Hoboken,N.J., full time ,3621
TG-104779,Applicant 4779,-10301.0,596,Jersey City,, full time ,1252
TG-104780,Applicant 4780,93373.0,697,Hoboken,N.J.,Part Time,3379
TG-104781,Applicant 4781,93747.0,776, Newark,NJ,Part Time,2934
TG-104782,Applicant 4782,34280.0,636,Hoboken,NY, full time ,4666
TG-104783,Applicant 4783,55645.0,538,Brooklyn,ny,Self-Employed,2127
TG-104784,Applicant 4784,167657.0,578,Hoboken,N.J.,Full Time,5216
TG-104785,Applicant 4785,75832.0,715,Queens,ny,Unemployed,2646
,Applicant 4786,106929.0,626,New York,NY,Self-Employed,3899
TG-104787,Applicant 4787,65480.0,803,Jersey City,NJ,Full Time,1539
TG-104788,Applicant 4788,22291.0,553, Newark,N.J., full time ,3621
TG-104789,Applicant 4789,79892.0,814,Brooklyn,ny,Self-Employed,5146
TG-104790,Applicant 4790,77032.0,770,Hoboken,N.J.,Unemployed,3763
TG-104791,Applicant 4791,73004.0,645,Hoboken,N.J.,Part Time,4539
TG-104792,Applicant 4792,81561.0,625,Hoboken,ny,Full Time,5199
TG-104793,Applicant 4793,92928.0,699,Jersey City,NJ,Self-Employed,2580
TG-104794,Applicant 4794,80496.0,629, Newark,N.J.,Unemployed,3555
,Applicant 4795,47080.0,747,New York,NJ,Self-Employed,5138
TG-104796,Applicant 4796,99586.0,640,Queens,NJ, full time ,1801
TG-104797,Applicant 4797,26519.0,626, Newark,NY,Full Time,2871
TG-104798,Applicant 4798 ,23489.0,650,Queens,ny, full time ,3979
TG-104799,Applicant 4799,107175.0,542, Newark,NY, full time ,4965
TG-104800,Applicant 4800,100211.0,664,Brooklyn,,Part Time,3738
TG-104801,Applicant 4801,83278.0,673,New York,NY, full time ,1838
TG-104802,Applicant 4802 ,43137.0,626,New York,N.J.,Unemployed,3885
TG-104803,Applicant 4803,63763.0,665,Jersey City,N.J.,Full Time,5275
TG-104804,Applicant 4804,77118.0,771, Newark,N.J.,Part Time,2574
TG-104805,Applicant 4805,37123.0,589,Hoboken,,Self-Employed,2926
TG-104806,Applicant 4806,62829.0,550,New York,NJ, full time ,1856
TG-104807,Applicant 4807,104570.0,612, Newark,N.J.,Self-Employed,4162
TG-104808,Applicant 4808,127819.0,656,Hoboken,NY,Part Time,4075
TG-104809,Applicant 4809,72417.0,682,Jersey City,NJ,Self-Employed,1779
TG-104810,Applicant 4810,107695.0,600, Newark,NY,Unemployed,1359
TG-104811,Applicant 4811,27578.0,595, Newark,NY,Part Time,4772
TG-104812,Applicant 4812,104784.0,582,Brooklyn,N.J.,Full Time,2689
TG-104813,Applicant 4813,60882.0,619, Newark,NY,Full Time,4095
TG-104814,Applicant 4814,94220.0,567,Brooklyn,,Full Time,5128
TG-104815,Applicant 4815,77567.0,593,Hoboken,NJ,Full Time,3745
TG-104816,Applicant 4816,124612.0,711,Hoboken,N.J.,Part Time,1663
TG-104817,Applicant 4817,58767.0,549,New York,N.J.,Part Time,3589
TG-104818,Applicant 4818,103828.0,676,Jersey City,NY,Part Time,1707
TG-104819,Applicant 4819,76615.0,785,Brooklyn,NY, full time ,2507
TG-104820,Applicant 4820,80251.0,775,New York,ny,Part Time,2221
TG-104821,Applicant 4821,,558,Queens,ny,Part Time,3822
TG-104822,Applicant 4822,59630.0,574,New York,N.J.,Part Time,4133
TG-104823,Applicant 4823,84577.0,547,Hoboken,N.J.,Full Time,4142
TG-104824,Applicant 4824,83121.0,637,Queens,NY,Unemployed,4593
TG-104825,Applicant 4825,92237.0,728,New York,,Full Time,4043
TG-104826,Applicant 4826,87535.0,999, Newark,,Unemployed,1865
TG-104827,Applicant 4827,108940.0,584,Jersey City,NY,Unemployed,4843
TG-104828,Applicant 4828,112705.0,619,Brooklyn,ny,Unemployed,1967
TG-104829,Applicant 4829,53481.0,565, Newark,ny,Full Time,3430
TG-104830,Applicant 4830,111063.0,675,Queens,, full time ,1583
TG-104831,Applicant 4831,49410.0,759,Jersey City,N.J.,Self-Employed,5320
TG-104832,Applicant 4832,102636.0,778,New York,NY, full time ,2537
TG-104833,Applicant 4833,103592.0,655, Newark,N.J.,Full Time,3285
TG-104834,Applicant 4834,,717,Hoboken,ny,Unemployed,5242
TG-104835,Applicant 4835,87789.0,706,Hoboken,,Self-Employed,5259
TG-104836,Applicant 4836,70945.0,635,Jersey City,N.J., full time ,2592
TG-104837,Applicant 4837,62237.0,577,Hoboken,ny,Part Time,3347
TG-104838,Applicant 4838,125526.0,589,Brooklyn,ny, full time ,2611
TG-104839,Applicant 4839,65390.0,612,Jersey City,ny,Full Time,3906
TG-104840,Applicant 4840,60809.0,748,Jersey City,N.J.,Self-Employed,3015
TG-104841,Applicant 4841,87271.0,656,Hoboken,NJ,Part Time,5350
TG-104842,Applicant 4842,105568.0,624,Jersey City,,Self-Employed,3831
TG-104843,Applicant 4843,80751.0,536,New York,ny,Self-Employed,3374
TG-104844,Applicant 4844,119991.0,573,Queens,N.J., full time ,5251
TG-104845,Applicant 4845,100929.0,631, Newark,NY,Unemployed,4592
TG-104846,Applicant 4846,19654.0,691,Queens,, full time ,4667
TG-104847,Applicant 4847,69116.0,663, Newark,NY,Part Time,5448
TG-104848,Applicant 4848,68145.0,604,Hoboken,NY,Full Time,2372
TG-104849,Applicant 4849,99381.0,531,Brooklyn,N.J., full time ,1425
TG-104850,Applicant 4850,6255.0,771,Brooklyn,NJ,Unemployed,3939
TG-104851,Applicant 4851,161470.0,735,Hoboken,N.J.,Unemployed,2533
TG-104852,Applicant 4852,100931.0,645,Hoboken,N.J., full time ,1618
TG-104853,Applicant 4853,89466.0,617,Jersey City,,Part Time,3448
TG-104854,Applicant 4854,120447.0,547,Brooklyn,N.J.,Unemployed,3914
TG-104855,Applicant 4855,155310.0,785,Queens,,Unemployed,4016
TG-104856,Applicant 4856,111122.0,571,Hoboken,ny,Part Time,1367
TG-104857,Applicant 4857,113464.0,662,Queens,,Part Time,2898
TG-104858,Applicant 4858,88921.0,999, Newark,N.J.,Part Time,2518
TG-104859,Applicant 4859,80754.0,726,Queens,ny,Part Time,4282
TG-104860,Applicant 4860,70726.0,999,Brooklyn,ny, full time ,3604
TG-104861,Applicant 4861,60217.0,651, Newark,NJ, full time ,3194
TG-104862,Applicant 4862,64390.0,560,Queens,N.J.,Self-Employed,3378
TG-104863,Applicant 4863,44483.0,720,Jersey City,NY,Self-Employed,4585
TG-104864,Applicant 4864,82724.0,618,Jersey City,N.J.,Self-Employed,1310
TG-104865,Applicant 4865,34460.0,803,Brooklyn,NY,Unemployed,1446
TG-104866,Applicant 4866,90727.0,566,Jersey City,NJ,Part Time,3820
TG-104867,Applicant 4867,83910.0,656,Hoboken,N.J., full time ,3185
TG-104868,Applicant 4868,89408.0,649, Newark,NJ, full time ,2644
TG-104869,Applicant 4869,69336.0,714,Brooklyn,NY,Part Time,2679
TG-104870,Applicant 4870,177306.0,636, Newark,,Self-Employed,3991
TG-104871,Applicant 4871,125803.0,588,Queens,N.J.,Unemployed,5420
TG-104872,Applicant 4872,47664.0,547,Hoboken,ny, full time ,4188
TG-104873,Applicant 4873,91986.0,533,Brooklyn,ny,Full Time,3507
TG-104874,Applicant 4874,66760.0,565,Queens,NJ,Unemployed,1734
TG-104875,Applicant 4875,54566.0,535,Queens,,Unemployed,1279
TG-104876,Applicant 4876,44798.0,728,Queens,ny,Self-Employed,4836
TG-104877,Applicant 4877,97967.0,677,Queens,ny,Part Time,1601
TG-104878,Applicant 4878,64559.0,746,Queens,N.J.,Full Time,4324
TG-104879,Applicant 4879,114035.0,760,Brooklyn,ny,Self-Employed,2095
TG-104880,Applicant 4880,114813.0,577,Jersey City,NY,Part Time,4963
TG-104881,Applicant 4881,126217.0,649,Queens,NJ,Full Time,5096
TG-104882,Applicant 4882,59428.0,736,Hoboken,ny, full time ,3959
TG-104883,Applicant 4883,99261.0,533,Brooklyn,N.J.,Full Time,3439
TG-104884,Applicant 4884,103974.0,762,New York,NY,Self-Employed,2179
TG-104885,Applicant 4885,70775.0,664,Jersey City,ny,Full Time,4294
TG-104886,Applicant 4886,61847.0,622,Hoboken,NJ,Full Time,2775
TG-104887,Applicant 4887,133286.0,736,Queens,NJ,Full Time,5181
TG-104888,Applicant 4888,91825.0,583,Brooklyn,NJ, full time ,2559
TG-104889,Applicant 4889,104079.0,677,Brooklyn,ny,Part Time,2753
TG-104890,Applicant 4890,60338.0,681,Queens,NY,Full Time,3735
TG-104891,Applicant 4891,48421.0,537,Hoboken,,Unemployed,2387
TG-104892,Applicant 4892,67917.0,735,Brooklyn,NJ,Self-Employed,5267
TG-104893,Applicant 4893,81279.0,568, Newark,NY,Unemployed,2583
TG-104894,Applicant 4894,53073.0,575,Jersey City,N.J.,Part Time,4440
TG-104895,Applicant 4895,84705.0,577,Hoboken,N.J.,Self-Employed,3595
TG-104896,Applicant 4896,34345.0,674,Queens,NY,Part Time,4483
TG-104897,Applicant 4897,51399.0,574,Hoboken,N.J.,Self-Employed,3108
TG-104898,Applicant 4898,105127.0,538, Newark,N.J.,Unemployed,3824
TG-104899,Applicant 4899,103114.0,670,Hoboken,NJ,Unemployed,3777
TG-104900,Applicant 4900,73244.0,627,New York,ny, full time ,4361
TG-104901,Applicant 4901,54467.0,566,Queens,ny,Part Time,2237
TG-104902,Applicant 4902,54178.0,726,Jersey City,ny,Unemployed,1218
TG-104903,Applicant 4903,73802.0,647,Queens,ny,Self-Employed,1820
TG-104904,Applicant 4904,104336.0,704,New York,NY,Full Time,4811
TG-104905,Applicant 4905,112847.0,577,Queens,NJ,Full Time,5131
TG-104906,Applicant 4906,70104.0,662,Queens,NY,Full Time,2713
TG-104907,Applicant 4907,50395.0,616,Jersey City,N.J., full time ,3584
TG-104908,Applicant 4908,93035.0,566,New York,NJ,Unemployed,3533
TG-104909,Applicant 4909,60294.0,710,Queens,,Part Time,3844
TG-104910,Applicant 4910,69452.0,659, Newark,ny,Part Time,4756
TG-104911,Applicant 4911,124758.0,622,Queens,N.J., full time ,2501
TG-104912,Applicant 4912,109813.0,750,Brooklyn,ny,Self-Employed,4606
TG-104913,Applicant 4913,89739.0,568,Queens,ny,Unemployed,4481
TG-104914,Applicant 4914,46842.0,631,Jersey City,ny,Unemployed,1837
TG-104915,Applicant 4915,91342.0,606,Brooklyn,,Self-Employed,2463
TG-104916,Applicant 4916,116880.0,801, Newark,N.J.,Self-Employed,2118
TG-104917,Applicant 4917,73731.0,771, Newark,ny,Unemployed,1880
TG-104918,Applicant 4918,125533.0,593, Newark,ny,Unemployed,4063
TG-104919,Applicant 4919,123782.0,566,New York,NJ,Full Time,1672
,Applicant 4920,134912.0,595, Newark,ny,Part Time,2992
TG-104921,Applicant 4921,94157.0,615,Hoboken,NJ,Full Time,3943
TG-104922,Applicant 4922,102622.0,550,Jersey City,N.J.,Full Time,4679
TG-104923,Applicant 4923,127426.0,541,New York,N.J.,Part Time,4670
TG-104924,Applicant 4924,98422.0,536,Brooklyn,N.J., full time ,2907
TG-104925,Applicant 4925,69963.0,731,Hoboken,NJ, full time ,4864
TG-104926,Applicant 4926,71544.0,667,New York,, full time ,5344
TG-104927,Applicant 4927,92157.0,754,Jersey City,, full time ,4211
TG-104928,Applicant 4928,46283.0,606,Brooklyn,ny,Self-Employed,4366
TG-104929,Applicant 4929,80702.0,557,Jersey City,N.J.,Full Time,3365
TG-104930,Applicant 4930,117896.0,572,Jersey City,NY,Self-Employed,2297
TG-104931,Applicant 4931,19262.0,547,Brooklyn,ny,Self-Employed,5332
TG-104932,Applicant 4932,131034.0,596, Newark,,Part Time,4601
TG-104933,Applicant 4933,118671.0,719,Queens,, full time ,2649
TG-104934,Applicant 4934,71207.0,692,Jersey City,N.J.,Unemployed,5482
TG-104935,Applicant 4935,101302.0,793, Newark,NJ, full time ,3706
TG-104936,Applicant 4936,85094.0,569,Brooklyn,ny,Full Time,4238
TG-104937,Applicant 4937,121900.0,696,Jersey City,NJ,Self-Employed,1977
TG-104938,Applicant 4938,114480.0,746,Queens,,Full Time,2532
TG-104939,Applicant 4939,42998.0,646,Brooklyn,N.J.,Self-Employed,2649
TG-104940,Applicant 4940,102618.0,540,New York,,Self-Employed,4663
TG-104941,Applicant 4941,78831.0,718,New York,N.J.,Self-Employed,4099
TG-104942,Applicant 4942,87485.0,708, Newark,NY,Unemployed,5366
TG-104943,Applicant 4943,63155.0,671,New York,NJ, full time ,3396
TG-104944,Applicant 4944,137444.0,679,Hoboken,ny,Self-Employed,2660
TG-104945,Applicant 4945,116202.0,615,Jersey City,N.J.,Part Time,5070
TG-104946,Applicant 4946,62807.0,594,Jersey City,NY,Self-Employed,2580
TG-104947,Applicant 4947,44962.0,601,Brooklyn,NY, full time ,4156
TG-104948,Applicant 4948,73430.0,647,Hoboken,NJ, full time ,2528
TG-104949,Applicant 4949,98035.0,652,Jersey City,N.J.,Unemployed,2339
TG-104950,Applicant 4950,92206.0,658,Brooklyn,ny,Self-Employed,4322
TG-104951,Applicant 4951,122594.0,765,Queens,ny,Part Time,2295
TG-104952,Applicant 4952,108698.0,999,Jersey City,ny,Unemployed,5194
TG-104953,Applicant 4953,114087.0,631, Newark,,Unemployed,2863
TG-104954,Applicant 4954,94806.0,722,Jersey City,,Self-Employed,4008
TG-104955,Applicant 4955,43321.0,689,Queens,N.J.,Self-Employed,4073
TG-104956,Applicant 4956,79129.0,606,Queens,ny,Unemployed,5438
TG-104957,Applicant 4957 ,116803.0,638,Jersey City,NY,Unemployed,2390
TG-104958,Applicant 4958,83454.0,617,Queens,ny,Unemployed,4341
TG-104959,Applicant 4959,100093.0,759,Brooklyn,N.J.,Full Time,4791
TG-104960,Applicant 4960,75438.0,657,Jersey City,ny,Unemployed,2386
TG-104961,Applicant 4961,54106.0,601,Jersey City,NJ, full time ,2798
TG-104962,Applicant 4962,81300.0,999,New York,ny,Part Time,4558
TG-104963,Applicant 4963,94271.0,655, Newark,NY,Part Time,4524
TG-104964,Applicant 4964,65329.0,801,Jersey City,N.J.,Self-Employed,1905
TG-104965,Applicant 4965,77929.0,522,New York,N.J.,Unemployed,5080
TG-104966,Applicant 4966,56816.0,578,Queens,NY,Part Time,4089
TG-104967,Applicant 4967,118577.0,635, Newark,N.J.,Part Time,2729
TG-104968,Applicant 4968,76166.0,650, Newark,ny, full time ,5163
TG-104969,Applicant 4969,128583.0,720,Queens,N.J., full time ,3048
TG-104970,Applicant 4970,130862.0,811,Brooklyn,ny,Full Time,4776
TG-104971,Applicant 4971,82569.0,617,New York,N.J.,Full Time,2746
TG-104972,Applicant 4972,54747.0,735,Jersey City,ny,Part Time,5001
TG-104973,Applicant 4973,22423.0,643,New York,ny,Self-Employed,3806
TG-104974,Applicant 4974,40839.0,592,Queens,NY,Part Time,5233
TG-104975,Applicant 4975,43785.0,649,Queens,NY,Self-Employed,1544
TG-104976,Applicant 4976,126354.0,546,Brooklyn,,Part Time,3626
TG-104977,Applicant 4977,88475.0,684, Newark,NY, full time ,5427
TG-104978,Applicant 4978,96688.0,587, Newark,ny,Unemployed,2434
TG-104979,Applicant 4979,18387.0,533,Queens,ny,Part Time,2818
TG-104980,Applicant 4980,49061.0,617,New York,N.J.,Full Time,5372
TG-104981,Applicant 4981,111612.0,798, Newark,N.J.,Self-Employed,2363
TG-104982,Applicant 4982,93603.0,766,Jersey City,,Self-Employed,4399
TG-104983,Applicant 4983,80584.0,631,Jersey City,ny,Part Time,1953
TG-104984,Applicant 4984,101945.0,726,New York,,Self-Employed,2790
TG-104985,Applicant 4985,134074.0,752,Brooklyn,ny,Full Time,5362
TG-104986,Applicant 4986,78369.0,580,Jersey City,NY, full time ,5446
TG-104987,Applicant 4987,87081.0,604,New York,N.J.,Unemployed,5299
TG-104988,Applicant 4988,90778.0,702,New York,,Unemployed,4289
TG-104989,Applicant 4989,156763.0,758,Queens,NJ,Self-Employed,3771
TG-104990,Applicant 4990,22019.0,769, Newark,ny,Part Time,4306
TG-104991,Applicant 4991,105497.0,590,Queens,NY,Self-Employed,3086
TG-104992,Applicant 4992,81556.0,747, Newark,NJ,Full Time,5103
TG-104993,Applicant 4993,102003.0,604,Brooklyn,NY,Part Time,4108
TG-104994,Applicant 4994,65279.0,790,Brooklyn,NY, full time ,5328
TG-104995,Applicant 4995,83531.0,809,Brooklyn,ny,Full Time,2551
TG-104996,Applicant 4996,106342.0,755,New York,NY, full time ,1635
TG-104997,Applicant 4997,178387.0,810,New York,,Part Time,4690
TG-104998,Applicant 4998,109241.0,558,Queens,NJ, full time ,5187
TG-104999,Applicant 4999,59558.0,725,Jersey City,NY,Full Time,4060
TG-105000,Applicant 5000,72287.0,702, Newark,NY,Full Time,5372
TG-105001,Applicant 5001,71398.0,706, Newark,N.J.,Self-Employed,2273
TG-105002,Applicant 5002,31131.0,652,Brooklyn,N.J.,Part Time,3689
TG-105003,Applicant 5003,75097.0,549, Newark,,Unemployed,1869
TG-105004,Applicant 5004,106985.0,774,Hoboken,N.J.,Unemployed,1662
TG-105005,Applicant 5005,46773.0,662,Brooklyn,NY, full time ,1576
TG-105006,Applicant 5006,116454.0,622, Newark,NY,Unemployed,3793
TG-105007,Applicant 5007,99633.0,593,Queens,NJ,Unemployed,1635
TG-105008,Applicant 5008,62973.0,574, Newark,N.J.,Full Time,2220
TG-105009,Applicant 5009,80754.0,755,New York,ny,Full Time,1923
TG-105010,Applicant 5010,132950.0,579,Queens,N.J.,Full Time,4139
TG-105011,Applicant 5011,107006.0,543,Queens,NY,Unemployed,3402
TG-105012,Applicant 5012,85264.0,541,Queens,NJ, full time ,4823
TG-105013,Applicant 5013,77870.0,551,Hoboken,N.J.,Part Time,3407
TG-105014,Applicant 5014,87298.0,522,Hoboken,NJ,Self-Employed,5415
TG-105015,Applicant 5015,69647.0,589, Newark,N.J., full time ,4585
TG-105016,Applicant 5016,,679,Brooklyn,,Full Time,3293
TG-105017,Applicant 5017,146265.0,607, Newark,NY, full time ,3716
TG-105018,Applicant 5018,89660.0,578, Newark,NY,Part Time,4653
TG-105019,Applicant 5019,,771, Newark,ny,Full Time,3869
TG-105020,Applicant 5020,83263.0,738,New York,NY,Part Time,5226
TG-105021,Applicant 5021,62946.0,720,Queens,ny,Self-Employed,2344
TG-105022,Applicant 5022,79422.0,596,Jersey City,NY, full time ,4208
TG-105023,Applicant 5023,37018.0,774,Brooklyn,N.J.,Self-Employed,2512
TG-105024,Applicant 5024,,766,Brooklyn,N.J.,Unemployed,3759
TG-105025,Applicant 5025,47965.0,789,Queens,, full time ,4829
TG-105026,Applicant 5026,54041.0,658,Brooklyn,N.J.,Unemployed,2227
TG-105027,Applicant 5027,71792.0,597,Queens,NJ,Part Time,5286
TG-105028,Applicant 5028,123642.0,599,Brooklyn,N.J.,Unemployed,3136
TG-105029,Applicant 5029,85435.0,529, Newark,ny,Part Time,2815
TG-105030,Applicant 5030,47916.0,643,New York,,Self-Employed,5496
TG-105031,Applicant 5031,122630.0,705,Brooklyn,NJ,Full Time,1398
TG-105032,Applicant 5032,106930.0,553,Brooklyn,NJ,Self-Employed,3320
TG-105033,Applicant 5033,101153.0,640,Jersey City,NY,Unemployed,2150
TG-105034,Applicant 5034,106472.0,599,New York,ny,Part Time,3935
TG-105035,Applicant 5035,156831.0,725, Newark,N.J.,Unemployed,3466
TG-105036,Applicant 5036,150553.0,572,New York,N.J.,Full Time,2959
TG-105037,Applicant 5037,64399.0,675,New York,NY, full time ,2656
TG-105038,Applicant 5038,133717.0,793,Brooklyn,N.J., full time ,1606
TG-105039,Applicant 5039,96495.0,654,Hoboken,NJ, full time ,1994
TG-105040,Applicant 5040,99973.0,617,Brooklyn,N.J.,Unemployed,4040
TG-105041,Applicant 5041,34232.0,760,Queens,N.J., full time ,2316
TG-105042,Applicant 5042,79888.0,564,Jersey City,NJ,Part Time,2303
TG-105043,Applicant 5043,60615.0,718,New York,ny,Full Time,5387
TG-105044,Applicant 5044,109842.0,810,Queens,ny,Self-Employed,3779
TG-105045,Applicant 5045,117132.0,999, Newark,NJ,Part Time,3330
TG-105046,Applicant 5046,22765.0,796,Queens,NJ,Full Time,3691
TG-105047,Applicant 5047,84339.0,760,Hoboken,,Self-Employed,3377
TG-105048,Applicant 5048,118656.0,675,New York,, full time ,5142
TG-105049,Applicant 5049,79400.0,563,Brooklyn,N.J.,Self-Employed,5479
TG-105050,Applicant 5050,106872.0,599,New York,N.J.,Unemployed,3912
TG-105051,Applicant 5051,95535.0,657,Jersey City,,Unemployed,1564
TG-105052,Applicant 5052,95250.0,670,New York,N.J., full time ,1395
TG-105053,Applicant 5053,76861.0,761,Queens,ny, full time ,5430
TG-105054,Applicant 5054,48503.0,662,Queens,ny,Part Time,4854
TG-105055,Applicant 5055,51354.0,818,Brooklyn,NY,Part Time,3931
TG-105056,Applicant 5056,,569,Brooklyn,,Unemployed,3370
TG-105057,Applicant 5057,85584.0,781,Brooklyn,ny,Full Time,3185
TG-105058,Applicant 5058,80845.0,680, Newark,NY,Part Time,3741
TG-105059,Applicant 5059,72283.0,581,Jersey City,NJ,Full Time,5190
TG-105060,Applicant 5060,75844.0,574, Newark,ny,Unemployed,3310
TG-105061,Applicant 5061,116407.0,550, Newark,NY,Part Time,5165
TG-105062,Applicant 5062,74943.0,809, Newark,N.J.,Full Time,4680
TG-105063,Applicant 5063,44768.0,688,New York,NY,Full Time,3767
TG-105064,Applicant 5064,107310.0,785,Hoboken,ny,Part Time,5092
TG-105065,Applicant 5065,78854.0,704,New York,N.J., full time ,3111
TG-105066,Applicant 5066,85942.0,522,Brooklyn,N.J.,Self-Employed,1910
TG-105067,Applicant 5067,,680,Jersey City,NY, full time ,5290
TG-105068,Applicant 5068,84383.0,779, Newark,NY,Self-Employed,2790
TG-105069,Applicant 5069,93676.0,567,New York,ny,Full Time,2540
TG-105070,Applicant 5070,,773,Queens,N.J.,Part Time,2021
TG-105071,Applicant 5071,78410.0,593, Newark,,Unemployed,3444
TG-105072,Applicant 5072,103286.0,685,New York,NY,Part Time,2816
TG-105073,Applicant 5073,38339.0,779,Queens,, full time ,4380
TG-105074,Applicant 5074,91025.0,523,New York,,Self-Employed,5066
TG-105075,Applicant 5075,88024.0,638,New York,N.J.,Part Time,5410
TG-105076,Applicant 5076,86239.0,792, Newark,ny,Self-Employed,1952
,Applicant 5077,116115.0,745,New York,, full time ,3131
TG-105078,Applicant 5078,95033.0,589,Brooklyn,ny, full time ,3753
TG-105079,Applicant 5079,129342.0,701,Queens,NY,Part Time,1530
,Applicant 5080,55192.0,783,Jersey City,N.J.,Unemployed,4243
TG-105081,Applicant 5081,89078.0,700,Hoboken,NJ,Unemployed,5249
TG-105082,Applicant 5082,87534.0,524, Newark,N.J.,Self-Employed,1866
TG-105083,Applicant 5083,52922.0,716,Queens,NJ,Part Time,4586
,Applicant 5084,113689.0,566,Brooklyn,NY,Full Time,1890
TG-105085,Applicant 5085,154740.0,559,Queens,ny, full time ,2903
TG-105086,Applicant 5086,84490.0,641,Jersey City,NY,Self-Employed,4277
TG-105087,Applicant 5087,100151.0,654, Newark,N.J., full time ,3537
TG-105088,Applicant 5088,87536.0,659,Queens,NJ,Self-Employed,3452
TG-105089,Applicant 5089,63592.0,672,Brooklyn,NJ,Part Time,4151
TG-105090,Applicant 5090,30377.0,547, Newark,N.J.,Self-Employed,3579
TG-105091,Applicant 5091,63827.0,596,Brooklyn,N.J.,Self-Employed,2456
TG-105092,Applicant 5092,43241.0,694, Newark,NY,Full Time,1231
TG-105093,Applicant 5093,136123.0,568,Hoboken,,Self-Employed,1391
TG-105094,Applicant 5094,81547.0,793,Jersey City,NJ,Unemployed,3850
TG-105095,Applicant 5095,74622.0,546,Hoboken,N.J.,Self-Employed,3282
TG-105096,Applicant 5096,111675.0,740,New York,NY,Self-Employed,5169
TG-105097,Applicant 5097,51347.0,641,Brooklyn,,Part Time,3579
TG-105098,Applicant 5098,61994.0,588,Hoboken,ny,Self-Employed,5312
TG-105099,Applicant 5099,87042.0,590,Brooklyn,N.J.,Full Time,2053
TG-105100,Applicant 5100,115863.0,669, Newark,,Part Time,3256
TG-105101,Applicant 5101,100051.0,706,Brooklyn,ny, full time ,2501
TG-105102,Applicant 5102,92450.0,765,New York,ny,Unemployed,3027
TG-105103,Applicant 5103,87344.0,715,Brooklyn,NY,Unemployed,5462
TG-105104,Applicant 5104,97007.0,551, Newark,NJ, full time ,2816
TG-105105,Applicant 5105,91050.0,628, Newark,N.J.,Self-Employed,5322
TG-105106,Applicant 5106,54101.0,520,Hoboken,,Full Time,1317
TG-105107,Applicant 5107,86382.0,701,Jersey City,ny,Full Time,3986
TG-105108,Applicant 5108,,693,Queens,NJ,Full Time,3599
TG-105109,Applicant 5109 ,87432.0,688,Hoboken,ny,Full Time,2496
TG-105110,Applicant 5110,70581.0,767,New York,N.J.,Self-Employed,1516
TG-105111,Applicant 5111,161181.0,627,Queens,N.J., full time ,4800
TG-105112,Applicant 5112,83803.0,816,Brooklyn,NY, full time ,2919
TG-105113,Applicant 5113,42873.0,783,Hoboken,N.J.,Unemployed,2271
TG-105114,Applicant 5114,80975.0,549,Queens,N.J., full time ,2239
TG-105115,Applicant 5115,100581.0,744,Hoboken,N.J.,Full Time,2693
TG-105116,Applicant 5116,135201.0,608,Brooklyn,NJ,Self-Employed,4976
TG-105117,Applicant 5117,67316.0,753, Newark,,Part Time,2506
TG-105118,Applicant 5118,37527.0,687,Hoboken,,Part Time,3261
TG-105119,Applicant 5119,109505.0,750,New York,N.J.,Full Time,2571
TG-105120,Applicant 5120,43582.0,645,Queens,,Unemployed,1566
TG-105121,Applicant 5121,71915.0,580,Queens,N.J.,Part Time,2851
TG-105122,Applicant 5122,,639,Queens,,Full Time,4644
TG-105123,Applicant 5123,82911.0,709,Hoboken,,Self-Employed,5089
TG-105124,Applicant 5124,105675.0,640,Brooklyn,ny,Part Time,1935
TG-105125,Applicant 5125,64491.0,567,Hoboken,NJ,Full Time,4812
,Applicant 5126,76788.0,721,Hoboken,ny,Part Time,5248
TG-105127,Applicant 5127,84572.0,578, Newark,ny,Self-Employed,4676
TG-105128,Applicant 5128,89488.0,704,Queens,, full time ,4331
TG-105129,Applicant 5129,87935.0,742,Brooklyn,NY, full time ,2066
TG-105130,Applicant 5130,98080.0,530,Jersey City,NY,Self-Employed,1859
TG-105131,Applicant 5131,110315.0,800,Brooklyn,NJ,Self-Employed,4323
,Applicant 5132,96779.0,708,Hoboken,N.J., full time ,3059
TG-105133,Applicant 5133,98608.0,756,New York,,Self-Employed,3565
TG-105134,Applicant 5134,37533.0,553,Brooklyn,NJ,Self-Employed,4932
TG-105135,Applicant 5135,86507.0,654,Queens,ny,Self-Employed,1688
TG-105136,Applicant 5136,99385.0,581,New York,, full time ,3179
TG-105137,Applicant 5137,106868.0,746,Jersey City,ny, full time ,3931
TG-105138,Applicant 5138,64229.0,612,Jersey City,NJ,Part Time,3371
TG-105139,Applicant 5139,65229.0,635,New York,NY, full time ,1905
TG-105140,Applicant 5140,67777.0,652,Jersey City,NJ,Part Time,5198
TG-105141,Applicant 5141,101092.0,812,New York,, full time ,2611
TG-105142,Applicant 5142,116016.0,712,Hoboken,,Unemployed,3893
TG-105143,Applicant 5143,72776.0,549,New York,N.J.,Part Time,1377
TG-105144,Applicant 5144,112239.0,817,Hoboken,NY,Self-Employed,2558
TG-105145,Applicant 5145,88704.0,580,Queens,,Unemployed,4801
TG-105146,Applicant 5146,81271.0,547,Queens,NY, full time ,5132
TG-105147,Applicant 5147,78658.0,596,Jersey City,, full time ,2895
TG-105148,Applicant 5148,107398.0,640, Newark,NY,Unemployed,4493
TG-105149,Applicant 5149,94767.0,522, Newark,NJ,Full Time,2837
TG-105150,Applicant 5150,153275.0,556,New York,NY,Self-Employed,4105
TG-105151,Applicant 5151,59433.0,666,Hoboken,ny,Part Time,3575
TG-105152,Applicant 5152,100543.0,611,Queens,NJ,Unemployed,4685
TG-105153,Applicant 5153,69124.0,792,Queens,,Part Time,4019
TG-105154,Applicant 5154,58921.0,606,Queens,, full time ,3536
TG-105155,Applicant 5155,84674.0,559,Jersey City,N.J.,Full Time,4620
TG-105156,Applicant 5156,89121.0,697,Queens,ny,Full Time,2289
TG-105157,Applicant 5157,172545.0,804, Newark,N.J.,Part Time,3361
TG-105158,Applicant 5158,79476.0,561,Brooklyn,NJ, full time ,5124
TG-105159,Applicant 5159,51095.0,804,Jersey City,N.J.,Full Time,3027
TG-105160,Applicant 5160,93190.0,585,New York,NJ,Self-Employed,2819
TG-105161,Applicant 5161,22761.0,643,Brooklyn,N.J., full time ,3523
TG-105162,Applicant 5162,82241.0,664,Jersey City,NY,Unemployed,4132
TG-105163,Applicant 5163,85481.0,639,Jersey City,NJ,Unemployed,1985
TG-105164,Applicant 5164,108838.0,628,Hoboken,NJ,Unemployed,5136
TG-105165,Applicant 5165,114209.0,611,Brooklyn,NY,Self-Employed,4161
TG-105166,Applicant 5166,69893.0,579,Brooklyn,NY, full time ,4258
TG-105167,Applicant 5167,80482.0,746, Newark,ny,Part Time,4862
TG-105168,Applicant 5168,62016.0,759,Brooklyn,NY,Part Time,4914
TG-105169,Applicant 5169,51158.0,731,Queens,N.J., full time ,4697
TG-105170,Applicant 5170,94297.0,617, Newark,NY,Self-Employed,1216
TG-105171,Applicant 5171,46792.0,533,Queens,NY, full time ,5342
TG-105172,Applicant 5172,72561.0,737, Newark,NJ,Part Time,2263
TG-105173,Applicant 5173,55145.0,689,New York,NJ, full time ,2115
TG-105174,Applicant 5174,101490.0,799, Newark,NY,Unemployed,5115
TG-105175,Applicant 5175,139043.0,729,New York,ny, full time ,2891
TG-105176,Applicant 5176,45952.0,775, Newark,NJ,Full Time,1483
TG-105177,Applicant 5177,29409.0,690,New York,N.J., full time ,4205
TG-105178,Applicant 5178,,592,Queens,N.J.,Part Time,4601
TG-105179,Applicant 5179,85471.0,666, Newark,NY,Part Time,2949
TG-105180,Applicant 5180,91560.0,625,Hoboken,NY,Part Time,2577
TG-105181,Applicant 5181,71610.0,613, Newark,ny,Unemployed,3032
TG-105182,Applicant 5182,78981.0,582,New York,NY,Part Time,4325
TG-105183,Applicant 5183,96025.0,673,Jersey City,,Full Time,5053
TG-105184,Applicant 5184,116213.0,774,Queens,, full time ,4576
TG-105185,Applicant 5185,26349.0,554,Hoboken,NY,Self-Employed,3566
TG-105186,Applicant 5186,73932.0,815,Jersey City,,Part Time,2268
TG-105187,Applicant 5187,91414.0,772,Jersey City,N.J., full time ,3609
TG-105188,Applicant 5188,57461.0,676,Queens,NY,Unemployed,5302
TG-105189,Applicant 5189,136935.0,653, Newark,N.J., full time ,5255
TG-105190,Applicant 5190,65938.0,648,Brooklyn,N.J.,Part Time,4460
TG-105191,Applicant 5191,83761.0,799,Hoboken,,Part Time,3702
TG-105192,Applicant 5192,101681.0,771, Newark,ny,Part Time,1568
TG-105193,Applicant 5193,67261.0,654,Queens,N.J.,Full Time,3633
TG-105194,Applicant 5194,29603.0,530,Brooklyn,, full time ,1595
TG-105195,Applicant 5195,72140.0,999,Queens,ny,Self-Employed,1739
TG-105196,Applicant 5196,115883.0,667,Queens,,Full Time,3867
TG-105197,Applicant 5197,74893.0,599,Jersey City,,Self-Employed,2370
TG-105198,Applicant 5198,59607.0,710, Newark,NY,Part Time,2507
TG-105199,Applicant 5199,112770.0,549,Queens,NJ,Self-Employed,4875
TG-105200,Applicant 5200,75077.0,748, Newark,ny,Self-Employed,2730
TG-105201,Applicant 5201,69695.0,603,Brooklyn,,Full Time,2697
TG-105202,Applicant 5202,89484.0,669,Jersey City,N.J.,Full Time,5013
TG-105203,Applicant 5203,108123.0,708,Brooklyn,N.J., full time ,3957
TG-105204,Applicant 5204,156451.0,540,Brooklyn,NJ,Self-Employed,4106
TG-105205,Applicant 5205,109817.0,556,Jersey City,ny,Full Time,2084
TG-105206,Applicant 5206,119795.0,765, Newark,NY, full time ,1702
TG-105207,Applicant 5207,69821.0,802,Brooklyn,ny,Self-Employed,4184
TG-105208,Applicant 5208,54224.0,621,New York,N.J.,Self-Employed,5345
TG-105209,Applicant 5209,86870.0,813, Newark,N.J.,Part Time,4793
TG-105210,Applicant 5210,88215.0,751,Queens,NY,Full Time,3193
TG-105211,Applicant 5211,52645.0,807,Jersey City,NY,Unemployed,1424
TG-105212,Applicant 5212,79741.0,764,Jersey City,N.J.,Full Time,3329
TG-105213,Applicant 5213,96980.0,696, Newark,,Part Time,3429
TG-105214,Applicant 5214,95812.0,732,New York,, full time ,1721
TG-105215,Applicant 5215,100129.0,621,New York,NY,Full Time,4631
TG-105216,Applicant 5216,93729.0,805,New York,,Self-Employed,4175
TG-105217,Applicant 5217,69790.0,541,New York,NY,Unemployed,2690
TG-105218,Applicant 5218,69583.0,538,Hoboken,ny, full time ,3793
TG-105219,Applicant 5219,49031.0,806,Jersey City,ny,Full Time,5338
TG-105220,Applicant 5220,138543.0,795,Brooklyn,ny, full time ,2356
TG-105221,Applicant 5221,85404.0,666,Jersey City,NY,Self-Employed,4641
TG-105222,Applicant 5222,78254.0,559,Jersey City,NY,Unemployed,5349
TG-105223,Applicant 5223,57136.0,686,Jersey City,,Self-Employed,1853
TG-105224,Applicant 5224,173070.0,610,New York,,Unemployed,3808
TG-105225,Applicant 5225,52800.0,591,New York,, full time ,1358
TG-105226,Applicant 5226,72135.0,802,Hoboken,NJ,Full Time,1337
TG-105227,Applicant 5227,97475.0,659, Newark,NY,Unemployed,1732
TG-105228,Applicant 5228,103006.0,758,Jersey City,ny,Self-Employed,4573
TG-105229,Applicant 5229,113738.0,597,Queens,ny,Unemployed,1914
TG-105230,Applicant 5230,139228.0,718, Newark,NJ, full time ,4890
TG-105231,Applicant 5231,100185.0,536,Hoboken,NJ, full time ,4345
TG-105232,Applicant 5232,53319.0,737,New York,ny, full time ,3524
TG-105233,Applicant 5233,77292.0,748,Jersey City,NY,Full Time,1620
TG-105234,Applicant 5234,94235.0,657,New York,ny, full time ,4244
TG-105235,Applicant 5235,147047.0,666, Newark,ny,Full Time,3304
TG-105236,Applicant 5236,43066.0,729,Brooklyn,NJ,Part Time,5364
TG-105237,Applicant 5237,121077.0,677,New York,NJ,Unemployed,4469
TG-105238,Applicant 5238,90397.0,672,New York,,Self-Employed,2375
,Applicant 5239,110135.0,682,Hoboken,NJ,Full Time,1919
TG-105240,Applicant 5240,81940.0,620,Brooklyn,ny,Full Time,5483
TG-105241,Applicant 5241,59727.0,674, Newark,,Self-Employed,2886
TG-105242,Applicant 5242,107526.0,529,Queens,ny,Unemployed,4318
TG-105243,Applicant 5243,104633.0,702,Queens,NY, full time ,4771
TG-105244,Applicant 5244,114162.0,653,Queens,NY,Unemployed,1379
TG-105245,Applicant 5245,84601.0,525,Jersey City,NJ,Full Time,2972
TG-105246,Applicant 5246,67005.0,777,Queens,, full time ,1207
TG-105247,Applicant 5247,38236.0,730,Jersey City,N.J.,Part Time,5455
TG-105248,Applicant 5248,109581.0,570, Newark,NY,Self-Employed,3717
TG-105249,Applicant 5249,97717.0,666, Newark,NY,Unemployed,5300
TG-105250,Applicant 5250,56027.0,647,New York,NY, full time ,4087
TG-105251,Applicant 5251,68843.0,777,Queens,NY,Self-Employed,3202
TG-105252,Applicant 5252,70997.0,570,Hoboken,NJ,Unemployed,4955
TG-105253,Applicant 5253,40510.0,673, Newark,,Full Time,2172
TG-105254,Applicant 5254,60470.0,589,Brooklyn,NY,Full Time,4020
TG-105255,Applicant 5255 ,50985.0,795,Brooklyn,NJ,Full Time,4235
TG-105256,Applicant 5256,,798, Newark,,Part Time,4942
TG-105257,Applicant 5257,62839.0,653,New York,,Full Time,5418
TG-105258,Applicant 5258,36190.0,739,Brooklyn,N.J.,Full Time,3526
TG-105259,Applicant 5259,,682,Brooklyn,ny,Full Time,4638
TG-105260,Applicant 5260,122576.0,655,New York,NY, full time ,4038
TG-105261,Applicant 5261,61629.0,576,New York,NJ,Self-Employed,3073
TG-105262,Applicant 5262,93173.0,696,New York,,Part Time,1596
TG-105263,Applicant 5263 ,97524.0,634,Hoboken,N.J.,Unemployed,3548
TG-105264,Applicant 5264,,668,New York,ny,Part Time,4665
TG-105265,Applicant 5265,,760,New York,,Self-Employed,1200
TG-105266,Applicant 5266,117763.0,642,New York,,Full Time,2394
TG-105267,Applicant 5267,68563.0,811, Newark,NY,Full Time,4240
TG-105268,Applicant 5268,44924.0,588,Queens,ny,Unemployed,2299
TG-105269,Applicant 5269,106724.0,582, Newark,ny,Part Time,4751
,Applicant 5270,123723.0,740,Queens,NJ,Part Time,3871
TG-105271,Applicant 5271,162637.0,535,Hoboken,N.J.,Unemployed,1961
TG-105272,Applicant 5272,49008.0,597,Hoboken,NJ,Part Time,1295
TG-105273,Applicant 5273,105968.0,641,Brooklyn,N.J.,Part Time,5216
TG-105274,Applicant 5274,72706.0,777, Newark,NJ,Part Time,4000
TG-105275,Applicant 5275,108501.0,736,Queens,N.J.,Unemployed,2773
TG-105276,Applicant 5276,40885.0,633,Hoboken,NY,Unemployed,1466
TG-105277,Applicant 5277,47117.0,665,Hoboken,N.J.,Self-Employed,4864
TG-105278,Applicant 5278,61724.0,999, Newark,NJ,Part Time,2321
TG-105279,Applicant 5279,87369.0,605,Brooklyn,ny,Self-Employed,3804
TG-105280,Applicant 5280,65768.0,686,New York,, full time ,4405
TG-105281,Applicant 5281,104772.0,648,Jersey City,N.J., full time ,2317
TG-105282,Applicant 5282,115807.0,684,Brooklyn,N.J.,Part Time,4451
TG-105283,Applicant 5283,102987.0,796,Jersey City,ny,Full Time,3094
TG-105284,Applicant 5284,133564.0,776,Brooklyn,NY, full time ,3503
TG-105285,Applicant 5285 ,97475.0,651,Brooklyn,NJ,Full Time,4205
TG-105286,Applicant 5286,48493.0,577,New York,NY,Self-Employed,4001
TG-105287,Applicant 5287,125901.0,776,Hoboken,N.J.,Part Time,5116
TG-105288,Applicant 5288,66845.0,660,Queens,N.J.,Self-Employed,2852
TG-105289,Applicant 5289,112313.0,693,Brooklyn,NY,Self-Employed,3637
TG-105290,Applicant 5290,132212.0,694,New York,NJ,Unemployed,3973
TG-105291,Applicant 5291,98701.0,728,Jersey City,N.J.,Part Time,5245
TG-105292,Applicant 5292,40115.0,723, Newark,N.J.,Unemployed,3295
TG-105293,Applicant 5293,57454.0,526, Newark,NY,Self-Employed,3858
TG-105294,Applicant 5294,124682.0,570,Hoboken,,Full Time,4042
TG-105295,Applicant 5295,79926.0,778, Newark,ny,Part Time,4533
TG-105296,Applicant 5296,87387.0,697,Brooklyn,N.J.,Part Time,3500
TG-105297,Applicant 5297,107765.0,550,Jersey City,NJ, full time ,2926
TG-105298,Applicant 5298,105890.0,673,Brooklyn,,Full Time,1712
TG-105299,Applicant 5299,93364.0,574, Newark,NY,Full Time,1995
TG-105300,Applicant 5300,78740.0,675,Queens,NY,Self-Employed,5451
TG-105301,Applicant 5301,75620.0,563, Newark,NJ,Self-Employed,2826
TG-105302,Applicant 5302,110737.0,600,Queens,,Self-Employed,4481
TG-105303,Applicant 5303,101607.0,685, Newark,NJ, full time ,2264
TG-105304,Applicant 5304,77281.0,549,Hoboken,N.J.,Full Time,1561
TG-105305,Applicant 5305,117463.0,655,Jersey City,,Unemployed,3619
TG-105306,Applicant 5306,81129.0,999,Queens,ny,Full Time,4198
TG-105307,Applicant 5307,59450.0,625,New York,ny,Unemployed,3882
TG-105308,Applicant 5308,62231.0,594,Hoboken,NJ,Part Time,4933
TG-105309,Applicant 5309,55638.0,598,Brooklyn,ny,Unemployed,1951
TG-105310,Applicant 5310,76828.0,713, Newark,NJ,Part Time,2536
TG-105311,Applicant 5311,122012.0,615,Jersey City,N.J.,Self-Employed,2501
TG-105312,Applicant 5312,60847.0,559,Jersey City,N.J.,Full Time,3160
TG-105313,Applicant 5313,90654.0,775, Newark,NJ,Self-Employed,4305
TG-105314,Applicant 5314,65299.0,626,New York,N.J.,Full Time,5409
TG-105315,Applicant 5315,77191.0,536,Queens,ny,Unemployed,1201
TG-105316,Applicant 5316,39699.0,534, Newark,N.J.,Full Time,1949
TG-105317,Applicant 5317,78384.0,791,Jersey City,ny,Unemployed,4279
TG-105318,Applicant 5318,79189.0,532,New York,ny,Full Time,4048
TG-105319,Applicant 5319,101209.0,766,New York,NY,Part Time,4801
TG-105320,Applicant 5320,91698.0,733,Brooklyn,N.J.,Unemployed,5378
TG-105321,Applicant 5321,49048.0,670,New York,N.J.,Self-Employed,2233
TG-105322,Applicant 5322,117526.0,811,Hoboken,NJ,Self-Employed,1633
TG-105323,Applicant 5323,91309.0,562,Jersey City,NJ,Self-Employed,1817
TG-105324,Applicant 5324,90952.0,633,Hoboken,,Self-Employed,1989
TG-105325,Applicant 5325,84725.0,600,New York,ny,Part Time,4822
TG-105326,Applicant 5326,69467.0,660,New York,NY,Part Time,4117
TG-105327,Applicant 5327,91534.0,549,Hoboken,ny, full time ,1997
TG-105328,Applicant 5328,99268.0,549,Brooklyn,N.J., full time ,2978
TG-105329,Applicant 5329,32593.0,785,New York,, full time ,4126
TG-105330,Applicant 5330,68837.0,618,Hoboken,ny, full time ,4957
TG-105331,Applicant 5331,77352.0,613,Hoboken,,Full Time,4440
TG-105332,Applicant 5332,92685.0,730,Jersey City,ny,Unemployed,1851
TG-105333,Applicant 5333,120799.0,814,Brooklyn,N.J.,Self-Employed,2496
TG-105334,Applicant 5334,61848.0,556,Queens,N.J.,Full Time,3953
TG-105335,Applicant 5335,70061.0,608,Hoboken,ny,Part Time,1671
TG-105336,Applicant 5336,69624.0,774,Jersey City,NY,Self-Employed,2518
TG-105337,Applicant 5337,60954.0,733,Queens,N.J.,Unemployed,2183
TG-105338,Applicant 5338,74584.0,533,Jersey City,NJ,Unemployed,3850
TG-105339,Applicant 5339,108124.0,711,Jersey City,NY,Part Time,4809
TG-105340,Applicant 5340,53385.0,814, Newark,ny,Self-Employed,2811
TG-105341,Applicant 5341,97834.0,701,Brooklyn,NY, full time ,3794
TG-105342,Applicant 5342,33943.0,649,New York,NJ,Self-Employed,1406
TG-105343,Applicant 5343,68160.0,743,Brooklyn,N.J.,Self-Employed,4436
TG-105344,Applicant 5344,75115.0,562,Queens,N.J.,Unemployed,1323
TG-105345,Applicant 5345,135246.0,700, Newark,N.J.,Part Time,1673
TG-105346,Applicant 5346,76756.0,688,Brooklyn,NJ,Self-Employed,1553
TG-105347,Applicant 5347,18963.0,783,New York,NY,Full Time,3344
TG-105348,Applicant 5348,25033.0,615,Brooklyn,ny,Full Time,1736
TG-105349,Applicant 5349,86021.0,722,Brooklyn,ny,Part Time,2284
TG-105350,Applicant 5350,103413.0,587,Brooklyn,NY, full time ,2317
TG-105351,Applicant 5351,96264.0,611,Hoboken,N.J.,Self-Employed,4227
TG-105352,Applicant 5352,90027.0,785,Hoboken,ny,Self-Employed,2161
TG-105353,Applicant 5353,119868.0,697,Brooklyn,N.J.,Unemployed,1957
TG-105354,Applicant 5354,68812.0,670,New York,,Self-Employed,4136
TG-105355,Applicant 5355,111847.0,566,New York,, full time ,2988
TG-105356,Applicant 5356,36040.0,522,New York,ny,Self-Employed,2519
TG-105357,Applicant 5357,57852.0,622,New York,NY,Self-Employed,1881
TG-105358,Applicant 5358,30789.0,792, Newark,NY,Unemployed,2051
TG-105359,Applicant 5359,76755.0,541, Newark,NY,Full Time,5109
TG-105360,Applicant 5360 ,83612.0,635,Jersey City,N.J.,Full Time,1949
TG-105361,Applicant 5361,88423.0,623,Brooklyn,, full time ,5465
TG-105362,Applicant 5362,86857.0,778,Brooklyn,N.J.,Part Time,2062
TG-105363,Applicant 5363,57173.0,817,Jersey City,NJ,Part Time,3546
TG-105364,Applicant 5364,79293.0,649,New York,NJ,Unemployed,1907
TG-105365,Applicant 5365,40077.0,814,Queens,ny,Self-Employed,5167
TG-105366,Applicant 5366,125897.0,567,Queens,NJ,Unemployed,3915
TG-105367,Applicant 5367,75891.0,546,Jersey City,NY,Full Time,2119
TG-105368,Applicant 5368,70333.0,534,Queens,ny, full time ,4056
TG-105369,Applicant 5369,132668.0,782,Hoboken,,Part Time,2540
TG-105370,Applicant 5370,47733.0,817,Brooklyn,,Self-Employed,2874
TG-105371,Applicant 5371,51232.0,784,Queens,NJ,Part Time,1463
TG-105372,Applicant 5372,52113.0,653, Newark,NJ,Full Time,4932
TG-105373,Applicant 5373,82964.0,595, Newark,,Self-Employed,1679
TG-105374,Applicant 5374,97949.0,549,Hoboken,NJ,Full Time,4053
TG-105375,Applicant 5375,107190.0,645,Brooklyn,NJ,Part Time,2319
TG-105376,Applicant 5376,162160.0,603,Hoboken,N.J.,Part Time,2617
TG-105377,Applicant 5377,17517.0,573,Brooklyn,,Full Time,4626
TG-105378,Applicant 5378,103262.0,802,Brooklyn,,Self-Employed,1601
TG-105379,Applicant 5379,68286.0,782,Queens,NJ,Full Time,2694
TG-105380,Applicant 5380,67408.0,741, Newark,NY,Self-Employed,3899
TG-105381,Applicant 5381,66407.0,521,Jersey City,N.J.,Unemployed,5050
TG-105382,Applicant 5382,57737.0,665,Queens,NY,Unemployed,5137
TG-105383,Applicant 5383,135536.0,537,New York,NJ,Self-Employed,4958
TG-105384,Applicant 5384,110269.0,535,Hoboken,,Full Time,4348
TG-105385,Applicant 5385,85696.0,678,New York,NY,Self-Employed,1909
TG-105386,Applicant 5386,125530.0,817,Brooklyn,ny,Part Time,4626
TG-105387,Applicant 5387,39624.0,728,Queens,NY,Full Time,3139
TG-105388,Applicant 5388,45079.0,724,New York,,Self-Employed,2179
TG-105389,Applicant 5389,19661.0,632,New York,NJ,Part Time,1624
TG-105390,Applicant 5390,64018.0,697, Newark,NY, full time ,5379
TG-105391,Applicant 5391,89851.0,728,New York,NJ,Part Time,1991
TG-105392,Applicant 5392,88086.0,643, Newark,N.J.,Self-Employed,4148
TG-105393,Applicant 5393,89480.0,534, Newark,ny,Full Time,5352
TG-105394,Applicant 5394,42668.0,817,Brooklyn,,Full Time,2835
TG-105395,Applicant 5395,109095.0,564, Newark,,Unemployed,4983
TG-105396,Applicant 5396,92189.0,613,Brooklyn,NJ,Self-Employed,2168
TG-105397,Applicant 5397,106992.0,626, Newark,ny,Part Time,2151
TG-105398,Applicant 5398,28217.0,797, Newark,,Part Time,1721
,Applicant 5399,94345.0,647,Brooklyn,NY,Self-Employed,3174
TG-105400,Applicant 5400,49367.0,557,New York,,Part Time,3082
TG-105401,Applicant 5401,73080.0,616,Hoboken,NY, full time ,4331
TG-105402,Applicant 5402,,717,Queens,,Unemployed,4351
TG-105403,Applicant 5403,87733.0,711,Queens,NY,Full Time,5295
TG-105404,Applicant 5404,59454.0,526,Brooklyn,N.J.,Part Time,3853
TG-105405,Applicant 5405,85188.0,563,New York,NJ, full time ,3674
TG-105406,Applicant 5406,39054.0,526,Hoboken,N.J.,Self-Employed,4824
TG-105407,Applicant 5407,119508.0,713,Jersey City,NY,Part Time,1721
TG-105408,Applicant 5408,78841.0,520,Brooklyn,NJ,Self-Employed,5396
TG-105409,Applicant 5409,118556.0,581,Jersey City,ny, full time ,1422
,Applicant 5410,69204.0,608,Queens,NY, full time ,2949
TG-105411,Applicant 5411,69293.0,537,Queens,,Full Time,3998
TG-105412,Applicant 5412,62074.0,627,Hoboken,,Self-Employed,3675
TG-105413,Applicant 5413,111285.0,654,Hoboken,ny,Unemployed,4336
TG-105414,Applicant 5414,63717.0,586,Jersey City,N.J.,Full Time,4525
TG-105415,Applicant 5415,104338.0,612,Queens,NY,Self-Employed,2081
TG-105416,Applicant 5416,73526.0,657,Hoboken,,Self-Employed,3541
,Applicant 5417,25721.0,708,Hoboken,NJ, full time ,1420
TG-105418,Applicant 5418,67891.0,578,Queens,ny, full time ,3560
TG-105419,Applicant 5419,49627.0,706,Queens,N.J.,Self-Employed,4848
TG-105420,Applicant 5420,86017.0,754,New York,N.J., full time ,1451
TG-105421,Applicant 5421,,588, Newark,NJ,Self-Employed,2987
TG-105422,Applicant 5422,112779.0,617,Hoboken,NJ,Self-Employed,1479
TG-105423,Applicant 5423,82268.0,527,Jersey City,ny,Full Time,5474
TG-105424,Applicant 5424,79672.0,653,Brooklyn,NJ,Full Time,3436
TG-105425,Applicant 5425,104677.0,575,Brooklyn,,Unemployed,3301
TG-105426,Applicant 5426,113917.0,633,Queens,N.J.,Full Time,4849
TG-105427,Applicant 5427,84397.0,607, Newark,NJ,Part Time,2850
TG-105428,Applicant 5428,61864.0,657,Jersey City,NY,Part Time,3563
TG-105429,Applicant 5429,31781.0,627,New York,NJ, full time ,3430
TG-105430,Applicant 5430,64419.0,542,Hoboken,N.J.,Part Time,4531
TG-105431,Applicant 5431,66484.0,663,New York,,Full Time,1223
TG-105432,Applicant 5432,88212.0,663,Jersey City,NJ,Unemployed,1455
TG-105433,Applicant 5433,74646.0,575,New York,,Self-Employed,2437
TG-105434,Applicant 5434,105638.0,627,Queens,NY,Unemployed,5142
TG-105435,Applicant 5435,66611.0,525,Brooklyn,N.J.,Full Time,4767
TG-105436,Applicant 5436,83289.0,549,Queens,ny,Full Time,2263
TG-105437,Applicant 5437,120520.0,646,Hoboken,N.J.,Full Time,1994
TG-105438,Applicant 5438,95255.0,640,Queens,ny, full time ,2686
TG-105439,Applicant 5439,83199.0,618,Jersey City,ny,Part Time,3683
TG-105440,Applicant 5440,66942.0,685,Jersey City,N.J.,Full Time,2434
TG-105441,Applicant 5441,66003.0,760,Hoboken,ny,Self-Employed,5185
TG-105442,Applicant 5442,59482.0,569,Hoboken,,Part Time,4054
TG-105443,Applicant 5443,68770.0,787,Brooklyn,NY,Part Time,3194
TG-105444,Applicant 5444,107670.0,592,New York,NJ, full time ,3533
TG-105445,Applicant 5445,78343.0,819,Brooklyn,ny,Unemployed,3491
TG-105446,Applicant 5446,44507.0,571,Queens,ny,Part Time,1961
TG-105447,Applicant 5447,138045.0,784,New York,N.J.,Part Time,5438
TG-105448,Applicant 5448,94599.0,746,Hoboken,,Full Time,2984
TG-105449,Applicant 5449,42792.0,712,Jersey City,NJ,Self-Employed,1519
TG-105450,Applicant 5450,71745.0,758,Queens,ny,Full Time,5192
TG-105451,Applicant 5451,88327.0,529,Brooklyn,,Self-Employed,4850
TG-105452,Applicant 5452,136138.0,747, Newark,NJ,Part Time,5417
TG-105453,Applicant 5453,51757.0,812, Newark,N.J.,Self-Employed,3979
TG-105454,Applicant 5454,114281.0,571,Hoboken,ny,Full Time,4815
TG-105455,Applicant 5455,126985.0,759,New York,N.J.,Full Time,3196
TG-105456,Applicant 5456,66140.0,618, Newark,N.J.,Unemployed,2496
TG-105457,Applicant 5457,76675.0,600,New York,ny, full time ,4445
TG-105458,Applicant 5458,53911.0,532,Jersey City,,Unemployed,3485
TG-105459,Applicant 5459 ,78896.0,647,Hoboken,,Part Time,1309
TG-105460,Applicant 5460,83902.0,530,Hoboken,N.J.,Self-Employed,1611
TG-105461,Applicant 5461,104789.0,600,Queens,N.J.,Full Time,1270
TG-105462,Applicant 5462,117706.0,780,Queens,NY,Full Time,4927
TG-105463,Applicant 5463,,525,New York,NJ,Full Time,1917
TG-105464,Applicant 5464,25980.0,741, Newark,N.J.,Full Time,3670
TG-105465,Applicant 5465,84363.0,817, Newark,N.J.,Part Time,3488
TG-105466,Applicant 5466,93806.0,600,Brooklyn,NJ, full time ,4874
TG-105467,Applicant 5467,92483.0,522,New York,ny,Unemployed,1918
TG-105468,Applicant 5468,75200.0,579, Newark,,Unemployed,1326
TG-105469,Applicant 5469,88743.0,740,Queens,ny,Full Time,1625
TG-105470,Applicant 5470,130463.0,568,Queens,NJ,Full Time,3525
TG-105471,Applicant 5471,96452.0,747,Queens,NJ,Self-Employed,3741
TG-105472,Applicant 5472,73799.0,809,New York,NY,Full Time,3635
TG-105473,Applicant 5473,69994.0,812,Hoboken,NY,Unemployed,4018
TG-105474,Applicant 5474 ,79904.0,817,Brooklyn,,Self-Employed,1735
TG-105475,Applicant 5475,134102.0,712,Brooklyn,N.J.,Self-Employed,4733
TG-105476,Applicant 5476,79501.0,776,Queens,NJ,Full Time,3534
TG-105477,Applicant 5477,84406.0,622,Jersey City,NY,Self-Employed,3692
TG-105478,Applicant 5478,70531.0,665,New York,ny, full time ,2344
TG-105479,Applicant 5479,117970.0,809, Newark,NY,Full Time,2921
TG-105480,Applicant 5480,143795.0,776, Newark,ny, full time ,4690
TG-105481,Applicant 5481,98518.0,797,Hoboken,NY,Full Time,5070
TG-105482,Applicant 5482,87483.0,708,Queens,ny, full time ,2979
TG-105483,Applicant 5483,86103.0,697,Jersey City,NY,Full Time,4347
TG-105484,Applicant 5484,13471.0,535,Queens,NY,Unemployed,2105
TG-105485,Applicant 5485,107355.0,605,Jersey City,,Full Time,3331
TG-105486,Applicant 5486,89025.0,767,Brooklyn,N.J.,Unemployed,4123
TG-105487,Applicant 5487,97850.0,736,Jersey City,NJ,Part Time,3047
TG-105488,Applicant 5488,63656.0,561,Brooklyn,N.J.,Part Time,1506
TG-105489,Applicant 5489,73466.0,713,Brooklyn,,Full Time,4716
TG-105490,Applicant 5490,72669.0,682,New York,ny,Unemployed,4930
TG-105491,Applicant 5491,115649.0,795,Jersey City,N.J.,Unemployed,1716
TG-105492,Applicant 5492,73637.0,649,Hoboken,NJ,Self-Employed,1300
TG-105493,Applicant 5493,147480.0,782,Hoboken,NJ,Self-Employed,3347
TG-105494,Applicant 5494,97926.0,696,Jersey City,ny, full time ,3420
TG-105495,Applicant 5495,46730.0,784,New York,NJ,Self-Employed,4029
TG-105496,Applicant 5496,81144.0,546,Hoboken,,Full Time,3108
TG-105497,Applicant 5497,65450.0,604,Queens,N.J.,Self-Employed,1227
TG-105498,Applicant 5498,19169.0,715,Hoboken,NJ,Self-Employed,4536
TG-105499,Applicant 5499,132984.0,762,New York,N.J.,Full Time,3562
TG-105500,Applicant 5500,106094.0,696,Brooklyn,NY,Full Time,5333
TG-105501,Applicant 5501,100996.0,649,Brooklyn,N.J., full time ,4876
TG-105502,Applicant 5502,89962.0,664,Brooklyn,ny,Unemployed,4424
TG-105503,Applicant 5503,43539.0,602,New York,,Self-Employed,3575
TG-105504,Applicant 5504,70491.0,607,Brooklyn,NJ,Part Time,1247
TG-105505,Applicant 5505,110253.0,539,Brooklyn,,Unemployed,4913
TG-105506,Applicant 5506,53463.0,749,New York,N.J.,Full Time,1205
TG-105507,Applicant 5507,9047.0,645,Queens,NJ,Self-Employed,1969
TG-105508,Applicant 5508,78187.0,570,Hoboken,, full time ,2562
TG-105509,Applicant 5509,80747.0,607,New York,ny,Part Time,4540
TG-105510,Applicant 5510,89067.0,689,New York,NY,Unemployed,2016
TG-105511,Applicant 5511,106856.0,582,Jersey City,NY,Self-Employed,5028
TG-105512,Applicant 5512,104128.0,608,Brooklyn,ny,Full Time,1207
TG-105513,Applicant 5513 ,92763.0,708, Newark,NY,Unemployed,3732
TG-105514,Applicant 5514,120866.0,999,Queens,ny,Part Time,3959
TG-105515,Applicant 5515,39431.0,608, Newark,N.J.,Full Time,1528
TG-105516,Applicant 5516,100137.0,545,Jersey City,ny,Part Time,3112
TG-105517,Applicant 5517,103796.0,999,Queens,NY,Self-Employed,3585
TG-105518,Applicant 5518,,783,Brooklyn,N.J.,Unemployed,5180
TG-105519,Applicant 5519,39914.0,561, Newark,ny, full time ,3666
,Applicant 5520,62622.0,638,Brooklyn,ny,Self-Employed,4237
TG-105521,Applicant 5521,65154.0,688,Brooklyn,N.J.,Self-Employed,2394
TG-105522,Applicant 5522,107603.0,627,Hoboken,NJ, full time ,1300
TG-105523,Applicant 5523,66564.0,666,Queens,NY, full time ,3661
TG-105524,Applicant 5524,59310.0,695,Queens,NJ,Full Time,1522
TG-105525,Applicant 5525,66651.0,708,Jersey City,N.J.,Part Time,5324
TG-105526,Applicant 5526,118559.0,679,New York,N.J.,Self-Employed,4849
,Applicant 5527,85391.0,593,Brooklyn,,Full Time,4276
TG-105528,Applicant 5528,79622.0,537,Brooklyn,,Full Time,1806
TG-105529,Applicant 5529,81700.0,659, Newark,N.J.,Self-Employed,1716
TG-105530,Applicant 5530,123762.0,634,Jersey City,,Part Time,2308
TG-105531,Applicant 5531,62525.0,744,Queens,ny, full time ,2038
TG-105532,Applicant 5532,124465.0,565,Hoboken,NJ,Self-Employed,2321
TG-105533,Applicant 5533,91315.0,557,Queens,N.J.,Part Time,5165
TG-105534,Applicant 5534,80187.0,725,Hoboken,ny, full time ,4541
TG-105535,Applicant 5535,160027.0,528,Hoboken,NY,Unemployed,2536
TG-105536,Applicant 5536,53331.0,772,Queens,NY,Self-Employed,2459
TG-105537,Applicant 5537,74389.0,627, Newark,,Self-Employed,4480
TG-105538,Applicant 5538,48027.0,617,Brooklyn,,Part Time,3061
TG-105539,Applicant 5539,113574.0,794,Hoboken,ny,Full Time,1844
TG-105540,Applicant 5540,135676.0,590, Newark,NY,Full Time,3428
TG-105541,Applicant 5541,135098.0,558,Jersey City,N.J.,Part Time,1796
TG-105542,Applicant 5542,121718.0,817,Jersey City,NJ,Self-Employed,4010
TG-105543,Applicant 5543,79071.0,609,Hoboken,,Self-Employed,1667
TG-105544,Applicant 5544,74043.0,738,Brooklyn,ny,Self-Employed,2164
TG-105545,Applicant 5545,34865.0,626,Hoboken,,Unemployed,2837
TG-105546,Applicant 5546,146076.0,615,Jersey City,ny,Full Time,3986
TG-105547,Applicant 5547,99069.0,551,Jersey City,NY,Unemployed,4013
TG-105548,Applicant 5548,70241.0,645,Queens,,Self-Employed,1426
TG-105549,Applicant 5549,124842.0,666,Brooklyn,ny,Full Time,4008
TG-105550,Applicant 5550,55817.0,799,Queens,ny,Self-Employed,2504
TG-105551,Applicant 5551,97199.0,543, Newark,,Self-Employed,1713
TG-105552,Applicant 5552,79821.0,728, Newark,NJ,Part Time,1411
TG-105553,Applicant 5553,104160.0,639, Newark,N.J.,Full Time,1969
TG-105554,Applicant 5554,83093.0,793,New York,NY,Self-Employed,4511
TG-105555,Applicant 5555,41472.0,659, Newark,, full time ,1630
TG-105556,Applicant 5556,87267.0,816,Hoboken,, full time ,4458
TG-105557,Applicant 5557,116466.0,601,Queens,NJ,Self-Employed,1459
TG-105558,Applicant 5558,84124.0,727, Newark,NY,Part Time,2954
TG-105559,Applicant 5559,108253.0,552,Brooklyn,,Self-Employed,3597
TG-105560,Applicant 5560,53634.0,543, Newark,NJ, full time ,1245
TG-105561,Applicant 5561,84212.0,580,Hoboken,N.J.,Full Time,2076
TG-105562,Applicant 5562,66265.0,708,Hoboken,ny,Part Time,4117
TG-105563,Applicant 5563,107409.0,603,Hoboken,N.J.,Self-Employed,3155
TG-105564,Applicant 5564,85945.0,744,Hoboken,N.J., full time ,2800
TG-105565,Applicant 5565,105702.0,687,Hoboken,N.J.,Full Time,3474
TG-105566,Applicant 5566,117631.0,705,Brooklyn,N.J., full time ,2939
TG-105567,Applicant 5567,,591,New York,ny,Part Time,4390
TG-105568,Applicant 5568,93194.0,593,Jersey City,NY,Unemployed,1533
TG-105569,Applicant 5569,55054.0,672,New York,NY,Self-Employed,2730
TG-105570,Applicant 5570,84916.0,615,Jersey City,NJ,Full Time,1755
TG-105571,Applicant 5571,69007.0,572,Queens,NJ,Part Time,3248
TG-105572,Applicant 5572,74678.0,693,Hoboken,,Part Time,1930
TG-105573,Applicant 5573,73764.0,629,Queens,N.J.,Unemployed,5233
TG-105574,Applicant 5574,55602.0,570,Queens,N.J.,Unemployed,2363
TG-105575,Applicant 5575,26280.0,772,Jersey City,ny,Self-Employed,2499
TG-105576,Applicant 5576,64956.0,592,Brooklyn,N.J.,Self-Employed,3220
TG-105577,Applicant 5577,90801.0,731,Hoboken,ny,Part Time,4886
TG-105578,Applicant 5578,44555.0,731, Newark,,Self-Employed,3140
TG-105579,Applicant 5579,85470.0,770,Queens,NJ,Self-Employed,4271
TG-105580,Applicant 5580,142008.0,687,New York,NJ,Unemployed,4699
TG-105581,Applicant 5581,115692.0,782,Hoboken,,Part Time,2410
TG-105582,Applicant 5582,134306.0,749,Brooklyn,, full time ,5453
TG-105583,Applicant 5583,96734.0,758,Hoboken,N.J., full time ,2554
TG-105584,Applicant 5584,120025.0,794, Newark,NJ,Full Time,4528
TG-105585,Applicant 5585,63281.0,662, Newark,NY,Unemployed,3330
TG-105586,Applicant 5586,65670.0,589,Queens,,Full Time,5309
TG-105587,Applicant 5587,2826.0,693,New York,NJ,Part Time,4467
TG-105588,Applicant 5588,120584.0,628,Queens,NJ, full time ,2435
TG-105589,Applicant 5589,131210.0,722,Brooklyn,ny, full time ,5403
TG-105590,Applicant 5590,68405.0,704,Jersey City,NJ, full time ,3978
TG-105591,Applicant 5591,77381.0,810, Newark,,Full Time,5460
TG-105592,Applicant 5592,62384.0,611,New York,N.J.,Self-Employed,4108
TG-105593,Applicant 5593,96480.0,778, Newark,NJ,Full Time,2248
TG-105594,Applicant 5594,118748.0,725,Brooklyn,NY, full time ,3159
TG-105595,Applicant 5595,32717.0,571,Brooklyn,,Unemployed,2778
TG-105596,Applicant 5596,97283.0,700, Newark,N.J.,Unemployed,4898
TG-105597,Applicant 5597,,522,Queens,N.J.,Full Time,1549
TG-105598,Applicant 5598,88402.0,603, Newark,,Full Time,2678
TG-105599,Applicant 5599,98770.0,733,Queens,N.J.,Part Time,3020
TG-105600,Applicant 5600,,553, Newark,NY,Full Time,2441
TG-105601,Applicant 5601,81892.0,569,Queens,NJ,Full Time,5130
TG-105602,Applicant 5602,78584.0,808,Jersey City,, full time ,2075
TG-105603,Applicant 5603,114109.0,778,Hoboken,NJ,Self-Employed,4920
TG-105604,Applicant 5604,97563.0,777,Hoboken,NJ, full time ,2741
TG-105605,Applicant 5605,91618.0,791,Queens,N.J.,Self-Employed,4905
TG-105606,Applicant 5606,46871.0,701,Queens,, full time ,4901
TG-105607,Applicant 5607,73643.0,552,Jersey City,NJ, full time ,4738
TG-105608,Applicant 5608,111960.0,784,Hoboken,ny,Part Time,2019
TG-105609,Applicant 5609,86131.0,559,Jersey City,NY,Self-Employed,5109
TG-105610,Applicant 5610,104786.0,729,Brooklyn,N.J., full time ,5216
TG-105611,Applicant 5611,137995.0,791, Newark,, full time ,1408
TG-105612,Applicant 5612,116158.0,655,Hoboken,,Self-Employed,3084
TG-105613,Applicant 5613,87795.0,606,Queens,N.J.,Part Time,3328
TG-105614,Applicant 5614,69670.0,579,New York,NJ,Self-Employed,5188
TG-105615,Applicant 5615,8394.0,683,Brooklyn,N.J.,Part Time,1306
TG-105616,Applicant 5616,79948.0,522, Newark,,Part Time,3895
TG-105617,Applicant 5617,75220.0,999,New York,ny,Unemployed,3685
TG-105618,Applicant 5618,96711.0,621,Jersey City,NJ,Part Time,4285
TG-105619,Applicant 5619,80383.0,774, Newark,N.J.,Unemployed,5229
TG-105620,Applicant 5620,75388.0,744,Jersey City,,Full Time,2625
TG-105621,Applicant 5621,31618.0,729,Jersey City,,Part Time,2317
TG-105622,Applicant 5622,56801.0,542,Queens,,Self-Employed,3329
TG-105623,Applicant 5623,99300.0,754,Jersey City,ny,Unemployed,5256
TG-105624,Applicant 5624,136477.0,650,New York,NJ,Full Time,1440
TG-105625,Applicant 5625,82074.0,677,Brooklyn,N.J.,Full Time,1364
TG-105626,Applicant 5626,94834.0,692,Queens,NJ,Part Time,2696
TG-105627,Applicant 5627,113574.0,536,Brooklyn,,Self-Employed,4301
TG-105628,Applicant 5628,60673.0,704,Jersey City,ny,Part Time,3706
TG-105629,Applicant 5629,96004.0,703,Hoboken,ny, full time ,1503
TG-105630,Applicant 5630,62785.0,662, Newark,,Full Time,2111
TG-105631,Applicant 5631,110945.0,563,Queens,NJ, full time ,4172
TG-105632,Applicant 5632,89542.0,531,Jersey City,NJ, full time ,5219
TG-105633,Applicant 5633,93954.0,527,Queens,ny,Unemployed,3961
TG-105634,Applicant 5634,61522.0,599,Hoboken,NY, full time ,1805
TG-105635,Applicant 5635,106211.0,816,New York,ny,Full Time,2238
TG-105636,Applicant 5636,147541.0,681,New York,ny,Full Time,1606
TG-105637,Applicant 5637,54763.0,735, Newark,N.J.,Self-Employed,2271
TG-105638,Applicant 5638,74807.0,767,New York,ny,Part Time,5409
TG-105639,Applicant 5639,91948.0,548,Hoboken,NY,Self-Employed,2652
TG-105640,Applicant 5640,108592.0,791,Brooklyn,ny,Self-Employed,3653
TG-105641,Applicant 5641,68214.0,652,Hoboken,NJ,Part Time,4187
TG-105642,Applicant 5642,9.0,524,Hoboken,N.J.,Full Time,3989
TG-105643,Applicant 5643,125776.0,763,Jersey City,N.J.,Unemployed,4869
TG-105644,Applicant 5644,107815.0,549,New York,ny, full time ,1400
TG-105645,Applicant 5645,32712.0,636,Queens,N.J.,Unemployed,1982
TG-105646,Applicant 5646,66773.0,697, Newark,N.J., full time ,3960
TG-105647,Applicant 5647,132045.0,780,Brooklyn,ny,Part Time,4913
TG-105648,Applicant 5648,128434.0,754,Queens,NY,Part Time,2138
TG-105649,Applicant 5649,113159.0,660,Jersey City,ny,Self-Employed,4316
TG-105650,Applicant 5650,79717.0,569,Jersey City,NJ,Part Time,4817
,Applicant 5651,87490.0,789,Brooklyn,, full time ,3620
TG-105652,Applicant 5652,81072.0,627,Queens,NY,Unemployed,1963
TG-105653,Applicant 5653,118847.0,565,Brooklyn,ny,Unemployed,4094
TG-105654,Applicant 5654,58725.0,601,Brooklyn,NY,Unemployed,2454
TG-105655,Applicant 5655,,645,New York,,Unemployed,2998
TG-105656,Applicant 5656,115308.0,603,Queens,N.J.,Self-Employed,2469
TG-105657,Applicant 5657,83669.0,809,New York,N.J.,Unemployed,5393
TG-105658,Applicant 5658,126354.0,590,New York,, full time ,4040
TG-105659,Applicant 5659,64855.0,694, Newark,N.J.,Self-Employed,1912
TG-105660,Applicant 5660,83357.0,610,New York,NY,Self-Employed,1873
TG-105661,Applicant 5661,57328.0,768,Hoboken,N.J.,Self-Employed,2141
TG-105662,Applicant 5662,85221.0,651,Jersey City,,Part Time,2142
TG-105663,Applicant 5663,40644.0,688,Jersey City,,Self-Employed,4943
TG-105664,Applicant 5664,70371.0,579,Hoboken,, full time ,3116
TG-105665,Applicant 5665,41912.0,760,Brooklyn,NJ,Unemployed,5036
TG-105666,Applicant 5666,105818.0,709,Queens,NY,Part Time,3628
TG-105667,Applicant 5667,106498.0,800,Queens,,Unemployed,4574
TG-105668,Applicant 5668,33092.0,751,Queens,NY,Full Time,2389
TG-105669,Applicant 5669,125017.0,808,New York,NJ,Part Time,4153
TG-105670,Applicant 5670,159922.0,794,Queens,NY, full time ,3513
TG-105671,Applicant 5671,86380.0,534,Queens,ny,Part Time,4824
TG-105672,Applicant 5672,65767.0,560,Queens,NJ,Self-Employed,2452
TG-105673,Applicant 5673,169730.0,727,Jersey City,NJ,Part Time,3109
TG-105674,Applicant 5674,45431.0,579,Hoboken,N.J.,Self-Employed,3446
TG-105675,Applicant 5675,85603.0,759, Newark,,Unemployed,3874
TG-105676,Applicant 5676,90389.0,615,Brooklyn,NJ,Part Time,4524
TG-105677,Applicant 5677,125354.0,797,Hoboken,NY,Part Time,3802
TG-105678,Applicant 5678,95792.0,679,Queens,ny, full time ,1354
TG-105679,Applicant 5679,70041.0,801,Brooklyn,NY,Full Time,4047
TG-105680,Applicant 5680,56464.0,728,Brooklyn,NY,Part Time,3874
TG-105681,Applicant 5681,74745.0,652,Hoboken,ny,Unemployed,5065
TG-105682,Applicant 5682,54792.0,616,Hoboken,N.J.,Self-Employed,5253
TG-105683,Applicant 5683,86435.0,738,Hoboken,,Unemployed,4841
TG-105684,Applicant 5684,68074.0,590, Newark,NJ, full time ,3579
TG-105685,Applicant 5685,40179.0,793,Hoboken,,Part Time,2727
TG-105686,Applicant 5686,122654.0,653, Newark,N.J.,Full Time,1825
TG-105687,Applicant 5687,70070.0,585,New York,ny,Full Time,1885
TG-105688,Applicant 5688,46956.0,646,Jersey City,,Part Time,2665
TG-105689,Applicant 5689,79952.0,724, Newark,NY,Full Time,3663
TG-105690,Applicant 5690,87051.0,817,Jersey City,NJ,Unemployed,4671
TG-105691,Applicant 5691,32606.0,636,Queens,NJ,Self-Employed,5436
TG-105692,Applicant 5692,94949.0,786,New York,N.J.,Part Time,2069
TG-105693,Applicant 5693,53585.0,801,Brooklyn,N.J.,Self-Employed,4277
TG-105694,Applicant 5694,136331.0,668,Hoboken,ny,Full Time,5013
TG-105695,Applicant 5695,100719.0,713,Queens,N.J., full time ,3131
TG-105696,Applicant 5696,73003.0,687,Brooklyn,,Self-Employed,2104
TG-105697,Applicant 5697,62645.0,698,Jersey City,NJ, full time ,3050
TG-105698,Applicant 5698,81851.0,667,Brooklyn,ny,Unemployed,3222
TG-105699,Applicant 5699,103384.0,576,Hoboken,N.J., full time ,2442
TG-105700,Applicant 5700,84235.0,524,Hoboken,NY,Self-Employed,3826
TG-105701,Applicant 5701,78485.0,533, Newark,NJ,Self-Employed,3911
TG-105702,Applicant 5702,86751.0,799, Newark,ny,Part Time,2494
TG-105703,Applicant 5703,66884.0,735,Jersey City,NJ, full time ,3985
TG-105704,Applicant 5704,74704.0,694,Hoboken,,Unemployed,5358
TG-105705,Applicant 5705,22426.0,522,New York,N.J.,Part Time,2063
TG-105706,Applicant 5706,114212.0,656,Queens,N.J.,Part Time,2756
TG-105707,Applicant 5707,93964.0,619,Jersey City,N.J.,Unemployed,3760
TG-105708,Applicant 5708,61796.0,602,Jersey City,NY,Part Time,3502
TG-105709,Applicant 5709,141962.0,799,Brooklyn,,Unemployed,1936
TG-105710,Applicant 5710,87610.0,651,Jersey City,NY,Full Time,1978
TG-105711,Applicant 5711,53916.0,520,Queens,,Part Time,4722
TG-105712,Applicant 5712,110702.0,635,New York,,Self-Employed,5383
TG-105713,Applicant 5713,96941.0,721,Brooklyn,,Full Time,2614
TG-105714,Applicant 5714,96837.0,659,Queens,N.J.,Part Time,1721
TG-105715,Applicant 5715,72227.0,665, Newark,N.J.,Unemployed,4047
TG-105716,Applicant 5716,98515.0,785,Jersey City,N.J.,Full Time,5311
TG-105717,Applicant 5717,77147.0,721,Hoboken,NY,Full Time,3615
TG-105718,Applicant 5718,101678.0,671, Newark,ny,Self-Employed,1430
TG-105719,Applicant 5719,27852.0,741,Hoboken,,Part Time,4664
TG-105720,Applicant 5720,71984.0,598,Queens,NY,Part Time,3764
TG-105721,Applicant 5721,136665.0,719,New York,N.J.,Unemployed,1718
TG-105722,Applicant 5722,61988.0,769,Hoboken,N.J.,Full Time,1683
TG-105723,Applicant 5723,66885.0,618,Queens,ny,Self-Employed,3312
TG-105724,Applicant 5724,71561.0,732,Brooklyn,N.J.,Unemployed,3466
TG-105725,Applicant 5725,48556.0,662,Jersey City,,Unemployed,5051
TG-105726,Applicant 5726,18752.0,709,New York,NJ,Self-Employed,5471
TG-105727,Applicant 5727,78082.0,571,New York,N.J.,Part Time,5064
TG-105728,Applicant 5728,89076.0,631,Brooklyn,ny,Self-Employed,2233
TG-105729,Applicant 5729,83425.0,654,New York,NJ,Part Time,1965
TG-105730,Applicant 5730,80654.0,631,Queens,, full time ,4560
TG-105731,Applicant 5731,86291.0,532,New York,,Full Time,2187
TG-105732,Applicant 5732,,792,New York,,Self-Employed,1215
TG-105733,Applicant 5733,79287.0,752,New York,ny,Unemployed,2770
TG-105734,Applicant 5734,67778.0,563,Queens,NJ,Part Time,1278
TG-105735,Applicant 5735,76566.0,592, Newark,,Full Time,4288
TG-105736,Applicant 5736,102380.0,780,Jersey City,N.J.,Full Time,3018
TG-105737,Applicant 5737,127361.0,750,Hoboken,NJ,Self-Employed,2244
TG-105738,Applicant 5738,66156.0,552, Newark,,Unemployed,2811
TG-105739,Applicant 5739,87968.0,587,New York,NJ,Self-Employed,1631
TG-105740,Applicant 5740,95151.0,535,Brooklyn,N.J.,Unemployed,3803
TG-105741,Applicant 5741,55223.0,669,Brooklyn,NY, full time ,3275
TG-105742,Applicant 5742,85613.0,811,Queens,,Self-Employed,1812
,Applicant 5743,41030.0,621,Jersey City,N.J.,Part Time,1471
TG-105744,Applicant 5744,31928.0,705,New York,ny,Self-Employed,4907
TG-105745,Applicant 5745,96002.0,544,Queens,,Self-Employed,1957
TG-105746,Applicant 5746,73484.0,591,Hoboken,NY, full time ,5330
TG-105747,Applicant 5747,91068.0,600,Jersey City,N.J., full time ,1313
TG-105748,Applicant 5748,84463.0,580,Jersey City,N.J.,Self-Employed,3162
TG-105749,Applicant 5749,55708.0,537,Queens,NJ,Unemployed,4265
TG-105750,Applicant 5750,83642.0,761, Newark,, full time ,5148
TG-105751,Applicant 5751,48007.0,577,Brooklyn,NY, full time ,2033
TG-105752,Applicant 5752,126729.0,576, Newark,ny,Unemployed,2128
TG-105753,Applicant 5753,44321.0,616,Jersey City,NJ,Full Time,3282
TG-105754,Applicant 5754,79126.0,734,Brooklyn,, full time ,4115
TG-105755,Applicant 5755,53732.0,531,Jersey City,NY, full time ,2543
TG-105756,Applicant 5756,102113.0,530,Jersey City,NJ,Unemployed,3291
TG-105757,Applicant 5757,75057.0,682,Jersey City,NY,Unemployed,2397
TG-105758,Applicant 5758,69440.0,802,Hoboken,NY,Self-Employed,5050
TG-105759,Applicant 5759,110596.0,736,Brooklyn,NJ,Self-Employed,1397
TG-105760,Applicant 5760,85883.0,760,Hoboken,NJ,Full Time,2056
TG-105761,Applicant 5761,100499.0,564,Brooklyn,,Full Time,3178
TG-105762,Applicant 5762,55560.0,600,Hoboken,NJ,Full Time,4370
TG-105763,Applicant 5763,42855.0,774,Hoboken,,Part Time,2193
TG-105764,Applicant 5764,88216.0,586,Hoboken,NY,Unemployed,2045
TG-105765,Applicant 5765,75435.0,621,Queens,NJ, full time ,2947
TG-105766,Applicant 5766,103793.0,610,Hoboken,,Unemployed,2767
TG-105767,Applicant 5767,82603.0,561, Newark,,Unemployed,1545
TG-105768,Applicant 5768,91152.0,795, Newark,ny,Full Time,1355
TG-105769,Applicant 5769,36299.0,793,Jersey City,,Unemployed,5010
TG-105770,Applicant 5770,141653.0,596,New York,,Part Time,1341
TG-105771,Applicant 5771,80073.0,753,Hoboken,ny, full time ,1303
TG-105772,Applicant 5772,105928.0,721,New York,N.J.,Full Time,2438
TG-105773,Applicant 5773,59917.0,740,New York,NJ,Self-Employed,5249
TG-105774,Applicant 5774,94240.0,781,Jersey City,ny, full time ,5403
TG-105775,Applicant 5775,45915.0,558,New York,,Self-Employed,4731
TG-105776,Applicant 5776,98562.0,530,New York,,Self-Employed,5075
TG-105777,Applicant 5777,74321.0,631, Newark,NJ,Unemployed,2452
TG-105778,Applicant 5778,85876.0,627,New York,NY, full time ,1407
TG-105779,Applicant 5779,105939.0,613,Brooklyn,ny,Part Time,4890
TG-105780,Applicant 5780,48024.0,603,Hoboken,N.J.,Unemployed,2962
TG-105781,Applicant 5781,64465.0,577,Hoboken,NJ,Self-Employed,1917
TG-105782,Applicant 5782,98720.0,812,New York,NJ, full time ,5108
TG-105783,Applicant 5783,147947.0,535,Jersey City,ny,Unemployed,2628
TG-105784,Applicant 5784,80858.0,612,Brooklyn,, full time ,5476
TG-105785,Applicant 5785,102734.0,684,Jersey City,,Full Time,1840
TG-105786,Applicant 5786,81791.0,734,Jersey City,N.J.,Part Time,3022
TG-105787,Applicant 5787,143267.0,663,New York,ny,Part Time,4248
TG-105788,Applicant 5788,32583.0,793,Queens,NJ,Part Time,4427
TG-105789,Applicant 5789,87839.0,657,New York,ny,Self-Employed,3119
TG-105790,Applicant 5790,36234.0,723, Newark,NY,Self-Employed,2610
TG-105791,Applicant 5791,9803.0,729,Queens,NJ,Part Time,1670
TG-105792,Applicant 5792,93924.0,538,Brooklyn,N.J., full time ,5299
TG-105793,Applicant 5793,89185.0,813,Queens,N.J.,Full Time,3451
TG-105794,Applicant 5794,76455.0,812,New York,NJ,Self-Employed,2601
TG-105795,Applicant 5795,81814.0,681,New York,,Unemployed,2697
TG-105796,Applicant 5796,177949.0,649,Jersey City,NJ,Unemployed,4662
TG-105797,Applicant 5797,77255.0,563,New York,NJ,Self-Employed,2920
TG-105798,Applicant 5798,100304.0,602, Newark,NY,Part Time,1778
TG-105799,Applicant 5799,65519.0,643,New York,NJ, full time ,3683
TG-105800,Applicant 5800,,546,Hoboken,ny,Full Time,3310
TG-105801,Applicant 5801,77853.0,526,Hoboken,ny,Unemployed,3800
TG-105802,Applicant 5802,72684.0,718,Jersey City,N.J.,Self-Employed,1942
TG-105803,Applicant 5803,139567.0,631,Queens,, full time ,5470
TG-105804,Applicant 5804,120316.0,608,Queens,N.J.,Part Time,5104
TG-105805,Applicant 5805,89102.0,647,Hoboken,NY,Full Time,3230
TG-105806,Applicant 5806,15874.0,749, Newark,NJ,Full Time,4307
TG-105807,Applicant 5807,74170.0,537,Brooklyn,N.J.,Unemployed,5460
TG-105808,Applicant 5808,166091.0,808, Newark,NJ,Unemployed,3428
TG-105809,Applicant 5809,78080.0,680,Hoboken,N.J.,Self-Employed,4464
TG-105810,Applicant 5810,118097.0,800, Newark,NJ,Full Time,2934
TG-105811,Applicant 5811,128258.0,685,Brooklyn,N.J.,Part Time,3655
TG-105812,Applicant 5812,91569.0,779,Queens,ny,Part Time,5309
TG-105813,Applicant 5813,59745.0,709,Hoboken,NY,Self-Employed,2654
TG-105814,Applicant 5814,11941.0,785,New York,N.J.,Full Time,3326
TG-105815,Applicant 5815,105525.0,810,Brooklyn,ny,Unemployed,5155
TG-105816,Applicant 5816,60557.0,798,Brooklyn,,Part Time,1200
TG-105817,Applicant 5817,90285.0,736,Brooklyn,N.J., full time ,1846
TG-105818,Applicant 5818,47505.0,726,Queens,NJ,Self-Employed,3742
TG-105819,Applicant 5819,77043.0,672, Newark,NY,Part Time,3068
TG-105820,Applicant 5820,86012.0,700,Jersey City,ny, full time ,4386
TG-105821,Applicant 5821,93058.0,731,New York,ny, full time ,3823
TG-105822,Applicant 5822,51555.0,792,Hoboken,NY,Part Time,4545
TG-105823,Applicant 5823,120907.0,722, Newark,N.J.,Self-Employed,1907
TG-105824,Applicant 5824,,724,Brooklyn,NJ, full time ,4595
TG-105825,Applicant 5825,34766.0,672,Queens,, full time ,1802
TG-105826,Applicant 5826,81729.0,689,Brooklyn,N.J.,Full Time,4031
TG-105827,Applicant 5827,,760, Newark,NY,Full Time,4861
TG-105828,Applicant 5828,89818.0,806,Hoboken,N.J.,Full Time,4583
TG-105829,Applicant 5829,125864.0,764,New York,N.J., full time ,5309
TG-105830,Applicant 5830,77907.0,599,Brooklyn,NY, full time ,3356
TG-105831,Applicant 5831,81411.0,611,Queens,NY,Self-Employed,5109
TG-105832,Applicant 5832,51904.0,668,Queens,,Unemployed,3290
TG-105833,Applicant 5833,109617.0,549,Jersey City,NY,Full Time,4072
TG-105834,Applicant 5834,90529.0,642,Queens,NY,Unemployed,3605
TG-105835,Applicant 5835,72399.0,548,Jersey City,NY,Full Time,2298
TG-105836,Applicant 5836,27860.0,778,New York,ny,Full Time,3150
TG-105837,Applicant 5837,128332.0,705,Hoboken,NY,Self-Employed,4578
TG-105838,Applicant 5838,48170.0,594,Jersey City,NY,Self-Employed,5024
TG-105839,Applicant 5839,67262.0,564,Brooklyn,NY,Part Time,3752
,Applicant 5840,95750.0,588, Newark,,Full Time,4082
TG-105841,Applicant 5841,49103.0,729,Brooklyn,N.J.,Full Time,3210
TG-105842,Applicant 5842,40195.0,758,Hoboken,NY,Full Time,1693
TG-105843,Applicant 5843,21282.0,711,Queens,NY,Self-Employed,3051
TG-105844,Applicant 5844,106630.0,622, Newark,,Full Time,3358
TG-105845,Applicant 5845,68644.0,760,Brooklyn,N.J.,Part Time,3494
TG-105846,Applicant 5846,172818.0,772, Newark,, full time ,4586
TG-105847,Applicant 5847,55169.0,739,Jersey City,NJ,Part Time,2618
TG-105848,Applicant 5848,57356.0,736,Hoboken,NJ, full time ,5026
TG-105849,Applicant 5849,68038.0,721,Brooklyn,NJ,Self-Employed,5122
TG-105850,Applicant 5850,92294.0,548,Queens,NY,Unemployed,4089
TG-105851,Applicant 5851,70894.0,731, Newark,,Self-Employed,1440
TG-105852,Applicant 5852,103370.0,673,Queens,NY,Unemployed,4102
TG-105853,Applicant 5853,55642.0,750, Newark,NJ, full time ,3600
TG-105854,Applicant 5854,43552.0,621,Brooklyn,N.J.,Unemployed,1293
TG-105855,Applicant 5855,31054.0,696,Hoboken,N.J., full time ,4598
TG-105856,Applicant 5856,18293.0,700,New York,,Unemployed,2943
TG-105857,Applicant 5857,69458.0,751,Brooklyn,N.J., full time ,5210
TG-105858,Applicant 5858,75971.0,531,Queens,NJ,Unemployed,5348
TG-105859,Applicant 5859,66057.0,705,New York,, full time ,5168
TG-105860,Applicant 5860,122302.0,768,Hoboken,,Part Time,3857
TG-105861,Applicant 5861,121841.0,785,Queens,NJ,Full Time,2668
TG-105862,Applicant 5862,74956.0,654,Hoboken,NJ,Part Time,3877
TG-105863,Applicant 5863,31182.0,764, Newark,NJ,Self-Employed,4561
TG-105864,Applicant 5864,67999.0,550,Brooklyn,NJ,Unemployed,3605
TG-105865,Applicant 5865,67005.0,778,Hoboken,, full time ,3308
TG-105866,Applicant 5866,65286.0,623,Queens,N.J.,Part Time,2475
TG-105867,Applicant 5867,64068.0,520,Brooklyn,NJ,Part Time,2269
TG-105868,Applicant 5868,65396.0,726,Queens,ny, full time ,2341
TG-105869,Applicant 5869,,654,Queens,,Unemployed,2766
TG-105870,Applicant 5870,65934.0,790,New York,NY,Self-Employed,3726
TG-105871,Applicant 5871,91250.0,608,Jersey City,N.J.,Self-Employed,2115
TG-105872,Applicant 5872,95811.0,714,Hoboken,,Self-Employed,5056
TG-105873,Applicant 5873,57681.0,641,Hoboken,NJ, full time ,4104
TG-105874,Applicant 5874,123132.0,635,New York,ny,Part Time,3015
TG-105875,Applicant 5875,55598.0,715, Newark,NY,Self-Employed,4129
TG-105876,Applicant 5876,36466.0,555,Hoboken,N.J.,Part Time,3001
TG-105877,Applicant 5877,96423.0,586,New York,NJ,Self-Employed,4051
TG-105878,Applicant 5878,60478.0,652,Hoboken,,Self-Employed,5017
TG-105879,Applicant 5879,94639.0,800,Hoboken,,Unemployed,4993
TG-105880,Applicant 5880,12890.0,530,Queens,N.J., full time ,2860
TG-105881,Applicant 5881,126774.0,737,New York,ny,Unemployed,2818
TG-105882,Applicant 5882,105169.0,675, Newark,NJ,Part Time,1793
TG-105883,Applicant 5883,39986.0,759,Hoboken,N.J.,Part Time,3270
TG-105884,Applicant 5884,40637.0,579, Newark,N.J., full time ,1847
,Applicant 5885,135168.0,657,Jersey City,,Self-Employed,2529
TG-105886,Applicant 5886,62879.0,569,New York,N.J., full time ,2623
TG-105887,Applicant 5887,59974.0,686,New York,NY,Self-Employed,2080
TG-105888,Applicant 5888,17018.0,684,New York,NY,Full Time,2434
TG-105889,Applicant 5889,74477.0,708,Queens,NJ,Full Time,2817
TG-105890,Applicant 5890,78168.0,611,New York,N.J., full time ,3343
TG-105891,Applicant 5891,106465.0,813,Queens,,Full Time,2656
TG-105892,Applicant 5892,43028.0,808,Jersey City,NJ,Full Time,4030
TG-105893,Applicant 5893,39391.0,594,Brooklyn,ny,Part Time,2272
TG-105894,Applicant 5894,98529.0,564,Queens,,Self-Employed,4932
TG-105895,Applicant 5895,115202.0,572,Hoboken,ny,Full Time,2278
TG-105896,Applicant 5896 ,37865.0,694,New York,NJ,Unemployed,3168
TG-105897,Applicant 5897,117445.0,680,Brooklyn,NY,Part Time,1287
TG-105898,Applicant 5898,86126.0,586,Queens,,Self-Employed,2288
TG-105899,Applicant 5899,117754.0,789, Newark,,Part Time,3438
TG-105900,Applicant 5900,82893.0,643, Newark,NJ,Unemployed,1853
TG-105901,Applicant 5901,9332.0,701,Hoboken,,Self-Employed,4309
TG-105902,Applicant 5902,80441.0,701,Brooklyn,, full time ,2597
TG-105903,Applicant 5903,116804.0,555,Jersey City,NJ, full time ,3627
TG-105904,Applicant 5904 ,58188.0,731,Queens,N.J.,Part Time,3284
TG-105905,Applicant 5905,73361.0,653, Newark,NJ, full time ,1938
TG-105906,Applicant 5906,79716.0,697, Newark,,Self-Employed,4199
TG-105907,Applicant 5907,-1985.0,685,Queens,NJ,Unemployed,5150
TG-105908,Applicant 5908,135140.0,565, Newark,,Unemployed,4406
TG-105909,Applicant 5909,57959.0,675,Jersey City,ny, full time ,5306
TG-105910,Applicant 5910,100172.0,755, Newark,ny,Full Time,3666
TG-105911,Applicant 5911,82399.0,579,Queens,NY,Full Time,2080
TG-105912,Applicant 5912,122729.0,524,New York,NJ,Full Time,3555
TG-105913,Applicant 5913 ,97182.0,700, Newark,NJ, full time ,5465
TG-105914,Applicant 5914,77952.0,664,Queens,ny, full time ,4420
TG-105915,Applicant 5915,58195.0,784,New York,ny, full time ,2736
TG-105916,Applicant 5916,108936.0,742, Newark,ny,Self-Employed,5178
TG-105917,Applicant 5917,28797.0,756, Newark,NY,Full Time,1639
TG-105918,Applicant 5918,104377.0,532,Queens,NY,Part Time,3246
TG-105919,Applicant 5919,52029.0,787,Hoboken,N.J.,Self-Employed,3394
TG-105920,Applicant 5920,122569.0,785,Hoboken,NJ,Self-Employed,2085
TG-105921,Applicant 5921,89839.0,535,Brooklyn,NY, full time ,1497
TG-105922,Applicant 5922,104324.0,611,Hoboken,, full time ,4056
TG-105923,Applicant 5923,87460.0,767,Jersey City,NJ,Self-Employed,2093
TG-105924,Applicant 5924,32429.0,538,Brooklyn,N.J., full time ,1859
TG-105925,Applicant 5925,59178.0,622,Hoboken,ny,Full Time,1323
TG-105926,Applicant 5926,105172.0,614,New York,N.J.,Self-Employed,4682
TG-105927,Applicant 5927,90000.0,802,Queens,NJ,Self-Employed,5051
TG-105928,Applicant 5928,120430.0,732,Hoboken,ny,Self-Employed,1447
TG-105929,Applicant 5929,97098.0,556,New York,N.J., full time ,2685
TG-105930,Applicant 5930,55999.0,580,Brooklyn,N.J.,Self-Employed,2605
TG-105931,Applicant 5931,61118.0,810,Queens,NJ,Part Time,2329
TG-105932,Applicant 5932,88088.0,763,Hoboken,NY,Part Time,4129
TG-105933,Applicant 5933,15579.0,525,Brooklyn,,Full Time,2673
TG-105934,Applicant 5934,135203.0,684,Hoboken,N.J.,Self-Employed,3727
TG-105935,Applicant 5935,98252.0,532,Brooklyn,,Self-Employed,1668
TG-105936,Applicant 5936,121811.0,544,Hoboken,NJ, full time ,4026
TG-105937,Applicant 5937,37582.0,743,New York,NJ,Unemployed,3118
TG-105938,Applicant 5938,122337.0,642,Jersey City,NY,Unemployed,1538
TG-105939,Applicant 5939,151945.0,648,New York,ny,Self-Employed,4897
TG-105940,Applicant 5940,45374.0,641,Queens,,Full Time,5033
TG-105941,Applicant 5941,108142.0,554,Hoboken,N.J.,Part Time,3252
TG-105942,Applicant 5942,85033.0,602,Jersey City,ny,Self-Employed,1445
TG-105943,Applicant 5943,38667.0,701,Jersey City,,Self-Employed,2186
TG-105944,Applicant 5944,99787.0,595,Queens,,Full Time,1846
TG-105945,Applicant 5945,110008.0,623,Queens,ny,Full Time,1643
TG-105946,Applicant 5946 ,66966.0,751,Jersey City,ny,Unemployed,1486
TG-105947,Applicant 5947,119977.0,562,Queens,NY,Self-Employed,4808
TG-105948,Applicant 5948,34997.0,612,Queens,N.J.,Self-Employed,2048
TG-105949,Applicant 5949,40157.0,663,Hoboken,N.J., full time ,2708
TG-105950,Applicant 5950,89098.0,773,New York,N.J.,Part Time,1534
TG-105951,Applicant 5951,85762.0,597, Newark,ny, full time ,2086
TG-105952,Applicant 5952,63503.0,782,Brooklyn,NY, full time ,5241
TG-105953,Applicant 5953,109288.0,999,Jersey City,NJ,Part Time,5467
TG-105954,Applicant 5954,,668,Brooklyn,NY,Self-Employed,2074
TG-105955,Applicant 5955,110744.0,811,Jersey City,ny,Unemployed,3766
TG-105956,Applicant 5956,81306.0,733,Jersey City,NY,Part Time,4886
TG-105957,Applicant 5957,103077.0,666,New York,ny,Full Time,2530
TG-105958,Applicant 5958,71630.0,544,Jersey City,,Self-Employed,3400
TG-105959,Applicant 5959,146615.0,628,Jersey City,,Part Time,2973
TG-105960,Applicant 5960,60624.0,700,New York,NJ,Part Time,3227
TG-105961,Applicant 5961,148159.0,770,Queens,,Part Time,4953
TG-105962,Applicant 5962,86047.0,722, Newark,NJ,Unemployed,2644
TG-105963,Applicant 5963,43735.0,689,Brooklyn,N.J., full time ,1767
TG-105964,Applicant 5964,126042.0,694,Jersey City,ny, full time ,2897
TG-105965,Applicant 5965,88777.0,689,New York,N.J.,Part Time,4343
TG-105966,Applicant 5966,110534.0,521,Jersey City,N.J.,Part Time,2300
TG-105967,Applicant 5967,121716.0,653,New York,NJ, full time ,1245
TG-105968,Applicant 5968,95139.0,646,Brooklyn,ny,Unemployed,4052
TG-105969,Applicant 5969,67233.0,565,Hoboken,NJ,Self-Employed,4006
TG-105970,Applicant 5970,114271.0,713,Queens,NY, full time ,2738
TG-105971,Applicant 5971,85023.0,728,Hoboken,N.J.,Part Time,3983
TG-105972,Applicant 5972,105576.0,815,New York,ny,Unemployed,1960
TG-105973,Applicant 5973,20388.0,577,Jersey City,N.J.,Unemployed,2712
TG-105974,Applicant 5974,98409.0,597,Queens,NY,Part Time,1860
TG-105975,Applicant 5975,65842.0,721,Brooklyn,NY,Full Time,1897
TG-105976,Applicant 5976,134599.0,808, Newark,ny,Unemployed,2230
TG-105977,Applicant 5977,103693.0,581,Queens,ny, full time ,2024
TG-105978,Applicant 5978,92196.0,787,Jersey City,NY,Full Time,3539
TG-105979,Applicant 5979,99589.0,645,Hoboken,N.J.,Self-Employed,2178
TG-105980,Applicant 5980,55047.0,568,New York,, full time ,2503
TG-105981,Applicant 5981,133698.0,607,Hoboken,N.J.,Part Time,3783
TG-105982,Applicant 5982,144741.0,780,Queens,,Full Time,4996
TG-105983,Applicant 5983,96787.0,698, Newark,NJ, full time ,2924
TG-105984,Applicant 5984,132712.0,588,Jersey City,ny,Unemployed,3738
TG-105985,Applicant 5985,67926.0,579,New York,NY,Part Time,3531
TG-105986,Applicant 5986,61087.0,768,Jersey City,NJ,Full Time,5029
TG-105987,Applicant 5987,,688,Jersey City,N.J.,Unemployed,1756
TG-105988,Applicant 5988,98048.0,788, Newark,,Part Time,2322
TG-105989,Applicant 5989,73180.0,631,Queens,ny,Part Time,3315
TG-105990,Applicant 5990,101133.0,619,Hoboken,,Full Time,3325
TG-105991,Applicant 5991,94192.0,734,Jersey City,N.J.,Full Time,4417
TG-105992,Applicant 5992,55051.0,632,Jersey City,N.J.,Full Time,1274
TG-105993,Applicant 5993,100564.0,616,Jersey City,NY, full time ,1713
,Applicant 5994,110906.0,637,New York,NJ,Part Time,5429
TG-105995,Applicant 5995,90144.0,555,Jersey City,ny,Self-Employed,4290
TG-105996,Applicant 5996,119579.0,809,Jersey City,NY,Unemployed,3939
TG-105997,Applicant 5997,,643,Queens,,Full Time,4076
TG-105998,Applicant 5998,99039.0,559,Jersey City,NJ,Part Time,3231
TG-105999,Applicant 5999,49892.0,660, Newark,ny,Unemployed,4391
TG-106000,Applicant 6000,51578.0,545, Newark,,Self-Employed,4606
TG-106001,Applicant 6001,66072.0,661,Jersey City,ny,Unemployed,5190
TG-106002,Applicant 6002,56738.0,576, Newark,ny,Self-Employed,1730
TG-106003,Applicant 6003,68560.0,669,Queens,NJ,Full Time,5365
TG-106004,Applicant 6004,78575.0,724,New York,, full time ,1633
TG-106005,Applicant 6005,110115.0,595, Newark,NY,Self-Employed,2829
TG-106006,Applicant 6006,75365.0,804, Newark,NY,Full Time,4933
TG-106007,Applicant 6007 ,37431.0,729,Hoboken,NY,Unemployed,4907
TG-106008,Applicant 6008,119202.0,777,Queens,ny,Unemployed,4493
TG-106009,Applicant 6009,59887.0,778, Newark,N.J.,Unemployed,1266
TG-106010,Applicant 6010,83238.0,703,New York,NJ, full time ,4054
TG-106011,Applicant 6011,98396.0,530,Hoboken,NY,Part Time,3478
TG-106012,Applicant 6012,90988.0,679,Jersey City,NJ,Self-Employed,1867
TG-106013,Applicant 6013,117825.0,779,Queens,ny,Part Time,5168
TG-106014,Applicant 6014 ,99370.0,607, Newark,NJ,Unemployed,1349
TG-106015,Applicant 6015,59161.0,703,Jersey City,NY, full time ,2332
TG-106016,Applicant 6016,150357.0,535,Queens,NY,Full Time,1739
TG-106017,Applicant 6017,90830.0,763,Hoboken,ny, full time ,3021
TG-106018,Applicant 6018,80580.0,605, Newark,ny,Part Time,1674
TG-106019,Applicant 6019,113918.0,718,New York,,Unemployed,3501
TG-106020,Applicant 6020,92484.0,529,Queens,ny,Self-Employed,4824
TG-106021,Applicant 6021,96977.0,683,New York,N.J., full time ,3740
TG-106022,Applicant 6022,159766.0,543,Jersey City,N.J.,Part Time,3912
TG-106023,Applicant 6023,76746.0,583,Jersey City,NY,Part Time,3818
TG-106024,Applicant 6024,,757,Hoboken,ny,Full Time,4049
TG-106025,Applicant 6025,88497.0,757,Hoboken,N.J.,Self-Employed,4438
TG-106026,Applicant 6026,117145.0,541,Brooklyn,N.J.,Part Time,3356
TG-106027,Applicant 6027,39804.0,699,Brooklyn,,Self-Employed,4688
TG-106028,Applicant 6028,26033.0,566,Hoboken,ny,Unemployed,4003
TG-106029,Applicant 6029,67387.0,798, Newark,, full time ,4682
TG-106030,Applicant 6030,35982.0,743,Jersey City,NJ,Part Time,3914
TG-106031,Applicant 6031,72255.0,737,New York,,Unemployed,1449
TG-106032,Applicant 6032,100075.0,999,Hoboken,NJ,Full Time,1758
TG-106033,Applicant 6033,58278.0,723, Newark,NJ,Self-Employed,2785
,Applicant 6034,42195.0,538,New York,ny,Unemployed,4646
TG-106035,Applicant 6035,87080.0,699,Brooklyn,NJ,Self-Employed,4894
TG-106036,Applicant 6036,110876.0,681,New York,NJ,Self-Employed,3531
TG-106037,Applicant 6037,34151.0,804,Hoboken,,Part Time,2924
TG-106038,Applicant 6038,109607.0,580,Jersey City,ny,Self-Employed,2786
TG-106039,Applicant 6039,109519.0,604,Hoboken,ny,Unemployed,3105
TG-106040,Applicant 6040,113623.0,554,Queens,NJ,Full Time,3992
TG-106041,Applicant 6041,121554.0,524, Newark,,Part Time,1616
TG-106042,Applicant 6042,151060.0,595, Newark,, full time ,3778
TG-106043,Applicant 6043,74317.0,772, Newark,,Full Time,4813
TG-106044,Applicant 6044,88287.0,526,Queens,,Unemployed,2003
TG-106045,Applicant 6045,,688,Queens,NY,Part Time,4150
TG-106046,Applicant 6046,85059.0,649,Jersey City,NJ,Self-Employed,5411
TG-106047,Applicant 6047,130986.0,657, Newark,NJ,Full Time,4378
TG-106048,Applicant 6048,44650.0,819,Hoboken,NJ,Part Time,2769
TG-106049,Applicant 6049,59169.0,610,Queens,ny, full time ,4449
TG-106050,Applicant 6050,126315.0,682,Hoboken,ny, full time ,1497
TG-106051,Applicant 6051,115601.0,772,Brooklyn,, full time ,4432
TG-106052,Applicant 6052,74106.0,720, Newark,ny,Part Time,1981
TG-106053,Applicant 6053,110632.0,999,Queens,N.J.,Full Time,4232
TG-106054,Applicant 6054 ,95236.0,748,Queens,NJ,Self-Employed,1622
TG-106055,Applicant 6055,130008.0,682,Jersey City,NJ,Full Time,2317
TG-106056,Applicant 6056,87235.0,684,Hoboken,NY,Self-Employed,5171
TG-106057,Applicant 6057,115769.0,751,Jersey City,NY,Full Time,4085
TG-106058,Applicant 6058,164260.0,757,Jersey City,N.J.,Full Time,1735
TG-106059,Applicant 6059,102943.0,639,Hoboken,NY,Part Time,3465
TG-106060,Applicant 6060,86480.0,626,Brooklyn,, full time ,2577
TG-106061,Applicant 6061,106673.0,769,Hoboken,, full time ,4848
TG-106062,Applicant 6062,74042.0,803,Brooklyn,NJ, full time ,2323
TG-106063,Applicant 6063,,717,Jersey City,, full time ,1620
TG-106064,Applicant 6064,90402.0,739,Brooklyn,NY,Full Time,3562
TG-106065,Applicant 6065,76812.0,670, Newark,N.J., full time ,1514
TG-106066,Applicant 6066,59929.0,805,Brooklyn,,Full Time,3686
TG-106067,Applicant 6067,117917.0,784,Brooklyn,NJ,Self-Employed,2800
TG-106068,Applicant 6068,111016.0,739,Queens,NJ,Unemployed,4348
TG-106069,Applicant 6069,70079.0,735,Queens,NY,Unemployed,3817
TG-106070,Applicant 6070,102294.0,675,Jersey City,,Self-Employed,1299
TG-106071,Applicant 6071,39743.0,999,Hoboken,NY,Full Time,2090
TG-106072,Applicant 6072,90549.0,633,Brooklyn,NJ, full time ,2011
TG-106073,Applicant 6073,98583.0,680, Newark,N.J.,Part Time,4732
TG-106074,Applicant 6074,136220.0,617,Queens,,Full Time,2621
TG-106075,Applicant 6075,61875.0,676,Hoboken,N.J.,Full Time,5243
TG-106076,Applicant 6076,46649.0,681, Newark,,Self-Employed,1444
TG-106077,Applicant 6077,58137.0,561,Brooklyn,NJ,Self-Employed,4652
TG-106078,Applicant 6078,44903.0,699,Hoboken,,Part Time,3299
TG-106079,Applicant 6079,125100.0,570, Newark,NJ, full time ,4462
TG-106080,Applicant 6080,131459.0,771,New York,ny,Unemployed,3369
TG-106081,Applicant 6081,94606.0,639, Newark,NJ, full time ,4682
TG-106082,Applicant 6082,121639.0,594, Newark,NJ, full time ,2213
TG-106083,Applicant 6083,89019.0,681,Brooklyn,,Full Time,1445
TG-106084,Applicant 6084,82147.0,668,Hoboken,N.J.,Part Time,5267
TG-106085,Applicant 6085,75009.0,642,Brooklyn,NJ,Full Time,2407
TG-106086,Applicant 6086,75688.0,660,Brooklyn,,Self-Employed,4720
TG-106087,Applicant 6087,38566.0,701,New York,NJ,Unemployed,3593
TG-106088,Applicant 6088,92928.0,796, Newark,NY,Part Time,4439
TG-106089,Applicant 6089,83790.0,776,Hoboken,NY,Part Time,2839
TG-106090,Applicant 6090,107361.0,764,Jersey City,NY, full time ,4676
TG-106091,Applicant 6091,87806.0,605,Queens,NY,Full Time,3848
TG-106092,Applicant 6092,80119.0,590,Brooklyn,N.J., full time ,4795
TG-106093,Applicant 6093,58864.0,788,Brooklyn,NJ, full time ,3283
TG-106094,Applicant 6094,87165.0,699,Brooklyn,NY,Part Time,2239
TG-106095,Applicant 6095,107147.0,798,Brooklyn,,Unemployed,3921
TG-106096,Applicant 6096,50700.0,668,Queens,NY,Self-Employed,3959
TG-106097,Applicant 6097,87624.0,525,Jersey City,ny, full time ,2186
TG-106098,Applicant 6098,91991.0,667,New York,ny,Unemployed,3670
TG-106099,Applicant 6099,63458.0,687,Jersey City,N.J., full time ,2159
TG-106100,Applicant 6100,67364.0,528,Queens,ny,Unemployed,3452
TG-106101,Applicant 6101,91918.0,697,Hoboken,,Full Time,5452
TG-106102,Applicant 6102,50997.0,803,New York,NY,Self-Employed,1498
TG-106103,Applicant 6103,95498.0,635,New York,ny,Part Time,1218
TG-106104,Applicant 6104,58139.0,615,Hoboken,ny,Full Time,2722
TG-106105,Applicant 6105,116886.0,999, Newark,N.J., full time ,3385
TG-106106,Applicant 6106,155135.0,726,Brooklyn,ny, full time ,1899
TG-106107,Applicant 6107,59177.0,624,Queens,NY,Self-Employed,5338
TG-106108,Applicant 6108,101026.0,554,Hoboken,NJ,Self-Employed,1824
TG-106109,Applicant 6109,63198.0,728,Jersey City,NY,Self-Employed,3616
TG-106110,Applicant 6110,116229.0,800,Jersey City,ny, full time ,5274
TG-106111,Applicant 6111,47042.0,666, Newark,ny, full time ,2352
TG-106112,Applicant 6112,99418.0,806,Hoboken,ny,Part Time,2498
TG-106113,Applicant 6113,58810.0,600,Queens,N.J.,Self-Employed,1575
TG-106114,Applicant 6114,78790.0,569, Newark,,Unemployed,5192
TG-106115,Applicant 6115,54069.0,606, Newark,NY,Part Time,2582
TG-106116,Applicant 6116,109671.0,710, Newark,ny,Unemployed,2051
TG-106117,Applicant 6117,59891.0,520,New York,NJ,Full Time,2507
TG-106118,Applicant 6118,101559.0,657,New York,N.J.,Self-Employed,4378
TG-106119,Applicant 6119,74677.0,655,Brooklyn,,Part Time,1682
TG-106120,Applicant 6120,81566.0,673,Queens,ny,Part Time,2247
TG-106121,Applicant 6121,89433.0,681,Jersey City,NY,Full Time,2118
TG-106122,Applicant 6122,62145.0,538,Jersey City,NJ,Full Time,3728
TG-106123,Applicant 6123,91311.0,762,Brooklyn,N.J.,Full Time,5283
TG-106124,Applicant 6124,130910.0,648,Jersey City,NY,Part Time,3565
TG-106125,Applicant 6125,61657.0,695, Newark,NY, full time ,3390
TG-106126,Applicant 6126,120154.0,799,Brooklyn,N.J.,Unemployed,3247
TG-106127,Applicant 6127,129943.0,603,Brooklyn,NY,Unemployed,2934
TG-106128,Applicant 6128,60515.0,741,Hoboken,NJ,Full Time,2736
TG-106129,Applicant 6129,41348.0,664,New York,NJ, full time ,3572
TG-106130,Applicant 6130,94059.0,625,Queens,NY, full time ,2749
TG-106131,Applicant 6131,68578.0,530,Queens,ny,Full Time,2445
,Applicant 6132,141058.0,685,New York,NY,Self-Employed,3733
TG-106133,Applicant 6133,86044.0,715, Newark,ny,Part Time,3014
TG-106134,Applicant 6134,60934.0,750,Queens,NY,Self-Employed,4726
TG-106135,Applicant 6135,50585.0,666,Jersey City,, full time ,2331
TG-106136,Applicant 6136,117697.0,757,Jersey City,NJ,Full Time,4159
TG-106137,Applicant 6137,67864.0,532,Queens,NY,Part Time,5414
TG-106138,Applicant 6138,,738,Hoboken,NJ,Unemployed,2973
TG-106139,Applicant 6139,113674.0,776,Queens,N.J., full time ,1965
TG-106140,Applicant 6140,70472.0,521,Brooklyn,,Part Time,4204
TG-106141,Applicant 6141,83622.0,729, Newark,ny,Part Time,2780
TG-106142,Applicant 6142,84503.0,744,Brooklyn,N.J.,Self-Employed,2861
TG-106143,Applicant 6143,105500.0,713,New York,,Unemployed,2870
TG-106144,Applicant 6144,102722.0,715, Newark,N.J.,Self-Employed,2287
TG-106145,Applicant 6145,78397.0,779, Newark,NJ,Self-Employed,5147
TG-106146,Applicant 6146,86909.0,576,Jersey City,,Self-Employed,4689
TG-106147,Applicant 6147,73847.0,632, Newark,N.J.,Self-Employed,3800
TG-106148,Applicant 6148,40672.0,732,Hoboken,ny, full time ,3689
TG-106149,Applicant 6149,92728.0,798,Queens,,Unemployed,4581
TG-106150,Applicant 6150,141766.0,763,Brooklyn,,Self-Employed,2636
TG-106151,Applicant 6151,58488.0,636,Jersey City,N.J., full time ,2015
TG-106152,Applicant 6152,61809.0,606,Jersey City,NY, full time ,1431
TG-106153,Applicant 6153,58878.0,782,Hoboken,ny,Part Time,2684
TG-106154,Applicant 6154,106738.0,819,Hoboken,ny,Part Time,4855
TG-106155,Applicant 6155,98455.0,632,Hoboken,N.J.,Full Time,2678
TG-106156,Applicant 6156,80244.0,683,Hoboken,NJ, full time ,2531
TG-106157,Applicant 6157,57459.0,523,Brooklyn,NJ,Full Time,2480
TG-106158,Applicant 6158,87771.0,637,Hoboken,NY, full time ,3621
TG-106159,Applicant 6159,38061.0,542,Jersey City,NY,Self-Employed,4823
TG-106160,Applicant 6160,89303.0,752,Jersey City,N.J.,Self-Employed,3439
TG-106161,Applicant 6161,111146.0,609, Newark,NJ,Full Time,4794
TG-106162,Applicant 6162,47464.0,774,Queens,ny,Self-Employed,2605
TG-106163,Applicant 6163,39024.0,611,Jersey City,NJ,Self-Employed,3087
TG-106164,Applicant 6164,132383.0,674,Jersey City,N.J.,Part Time,3382
TG-106165,Applicant 6165,66647.0,634,Brooklyn,NJ,Self-Employed,1378
TG-106166,Applicant 6166,119078.0,726, Newark,,Part Time,1750
TG-106167,Applicant 6167,80380.0,600,Jersey City,N.J.,Unemployed,5274
TG-106168,Applicant 6168,80141.0,622,New York,, full time ,4566
TG-106169,Applicant 6169,98152.0,599,Jersey City,N.J.,Part Time,5452
TG-106170,Applicant 6170,58480.0,622,Queens,ny,Part Time,1400
TG-106171,Applicant 6171,88975.0,759,Queens,N.J.,Part Time,5095
TG-106172,Applicant 6172,73555.0,784, Newark,N.J., full time ,2546
TG-106173,Applicant 6173,45385.0,552, Newark,N.J., full time ,3663
TG-106174,Applicant 6174,95124.0,554,Hoboken,N.J., full time ,3344
TG-106175,Applicant 6175 ,77101.0,768,Brooklyn,NY,Self-Employed,1820
TG-106176,Applicant 6176,80289.0,569,Queens,,Part Time,2977
TG-106177,Applicant 6177,48695.0,799,New York,N.J., full time ,5080
TG-106178,Applicant 6178,132742.0,761,New York,N.J.,Unemployed,2332
TG-106179,Applicant 6179,111301.0,671,Hoboken,NY, full time ,2154
TG-106180,Applicant 6180,113925.0,666,Brooklyn,NJ,Full Time,1331
TG-106181,Applicant 6181,75837.0,558,Brooklyn,NY,Full Time,1804
TG-106182,Applicant 6182,33125.0,708, Newark,NY,Part Time,2600
TG-106183,Applicant 6183,143588.0,544,Jersey City,NY,Part Time,4466
TG-106184,Applicant 6184,83167.0,763,New York,N.J.,Part Time,5275
TG-106185,Applicant 6185,62536.0,742,New York,NY,Self-Employed,5139
TG-106186,Applicant 6186,97504.0,749,New York,NY,Full Time,4093
TG-106187,Applicant 6187,120014.0,672,New York,NY,Full Time,3748
TG-106188,Applicant 6188,84308.0,807,Queens,N.J.,Part Time,5083
TG-106189,Applicant 6189,123357.0,627,Brooklyn,ny,Full Time,3085
TG-106190,Applicant 6190,117490.0,552,Jersey City,ny,Full Time,1538
TG-106191,Applicant 6191,52709.0,630,Queens,NJ,Self-Employed,3266
TG-106192,Applicant 6192,64786.0,640,Brooklyn,N.J.,Unemployed,2110
TG-106193,Applicant 6193,,535,Hoboken,NY,Part Time,5196
TG-106194,Applicant 6194,3622.0,746,New York,NY,Unemployed,2053
TG-106195,Applicant 6195,80516.0,530,Jersey City,NY,Unemployed,5470
TG-106196,Applicant 6196,,722,Brooklyn,ny,Self-Employed,5286
TG-106197,Applicant 6197,70703.0,721,Hoboken,NY,Full Time,2096
TG-106198,Applicant 6198,76035.0,617,New York,NY,Part Time,1432
TG-106199,Applicant 6199,74253.0,635,Hoboken,ny, full time ,3958
TG-106200,Applicant 6200,68432.0,800,Hoboken,NY,Unemployed,2024
TG-106201,Applicant 6201,52086.0,751,Queens,NJ,Unemployed,1324
TG-106202,Applicant 6202,153757.0,630,Hoboken,,Self-Employed,4856
TG-106203,Applicant 6203,141024.0,531,Queens,NJ,Unemployed,1897
TG-106204,Applicant 6204,50138.0,540, Newark,N.J.,Unemployed,2261
TG-106205,Applicant 6205,132464.0,646,Queens,NJ,Unemployed,1447
TG-106206,Applicant 6206,73016.0,804,Hoboken,NJ,Self-Employed,5295
TG-106207,Applicant 6207,88876.0,640,Brooklyn,ny,Full Time,3206
TG-106208,Applicant 6208,83102.0,643,Hoboken,N.J.,Unemployed,3119
TG-106209,Applicant 6209,65208.0,552,Hoboken,NJ,Part Time,2811
TG-106210,Applicant 6210,114516.0,689,Brooklyn,,Unemployed,1340
TG-106211,Applicant 6211,88777.0,596,New York,NJ,Unemployed,5392
TG-106212,Applicant 6212,70703.0,816,Jersey City,NY,Part Time,4863
TG-106213,Applicant 6213,,582, Newark,ny,Self-Employed,4527
TG-106214,Applicant 6214,58192.0,789,New York,NY, full time ,2577
TG-106215,Applicant 6215,35759.0,735,Hoboken,N.J.,Part Time,5240
TG-106216,Applicant 6216,85367.0,709,New York,N.J., full time ,4063
TG-106217,Applicant 6217,49100.0,594,Jersey City,ny,Full Time,2750
TG-106218,Applicant 6218,77033.0,999,New York,NJ,Full Time,3217
TG-106219,Applicant 6219,126103.0,586,Jersey City,N.J.,Unemployed,2007
TG-106220,Applicant 6220,120979.0,612,New York,,Unemployed,4045
TG-106221,Applicant 6221,84032.0,572,Queens,ny,Self-Employed,4639
TG-106222,Applicant 6222,82387.0,613,Hoboken,NY, full time ,3512
TG-106223,Applicant 6223,141396.0,632,Jersey City,,Full Time,1871
TG-106224,Applicant 6224,100623.0,748, Newark,ny,Full Time,1504
TG-106225,Applicant 6225,75166.0,769,Hoboken,,Unemployed,3676
TG-106226,Applicant 6226,42219.0,728,Queens,ny,Unemployed,2511
TG-106227,Applicant 6227,96816.0,701,New York,NY,Self-Employed,4040
TG-106228,Applicant 6228,109880.0,786,Hoboken,NJ,Unemployed,5133
TG-106229,Applicant 6229,66050.0,800,New York,ny,Unemployed,5332
TG-106230,Applicant 6230,93736.0,674,New York,N.J.,Self-Employed,1335
TG-106231,Applicant 6231,74093.0,999,Hoboken,NY,Unemployed,4512
TG-106232,Applicant 6232,79479.0,999,Jersey City,NY,Unemployed,5470
TG-106233,Applicant 6233,10365.0,658,Jersey City,,Unemployed,4051
TG-106234,Applicant 6234,78347.0,574,Hoboken,N.J., full time ,4232
TG-106235,Applicant 6235,114081.0,538,Jersey City,,Full Time,3606
TG-106236,Applicant 6236,66058.0,786,Brooklyn,NY,Part Time,5177
TG-106237,Applicant 6237,86576.0,661,New York,ny,Full Time,3504
TG-106238,Applicant 6238,62321.0,683,Hoboken,N.J., full time ,4265
TG-106239,Applicant 6239,95813.0,771, Newark,NY,Part Time,2441
TG-106240,Applicant 6240,78504.0,751,Queens,N.J.,Full Time,4367
TG-106241,Applicant 6241,56823.0,816,Hoboken,ny,Self-Employed,4870
TG-106242,Applicant 6242,124977.0,579,Hoboken,NJ, full time ,1330
TG-106243,Applicant 6243,112868.0,541,New York,,Self-Employed,1826
TG-106244,Applicant 6244,66853.0,645,Queens,,Self-Employed,1487
TG-106245,Applicant 6245,99934.0,622,New York,NY,Full Time,3907
TG-106246,Applicant 6246,101122.0,740, Newark,NY,Part Time,3303
TG-106247,Applicant 6247,104269.0,629,Jersey City,ny,Unemployed,3247
TG-106248,Applicant 6248,34172.0,577,Hoboken,NY,Unemployed,3581
TG-106249,Applicant 6249,115198.0,584,New York,NY, full time ,2834
TG-106250,Applicant 6250,67909.0,577, Newark,NY,Self-Employed,2795
TG-106251,Applicant 6251,74265.0,999, Newark,N.J., full time ,4455
TG-106252,Applicant 6252,164136.0,595,Brooklyn,N.J.,Full Time,1886
TG-106253,Applicant 6253,94056.0,538,Hoboken,NJ,Self-Employed,3911
TG-106254,Applicant 6254,73410.0,709, Newark,N.J.,Unemployed,5299
TG-106255,Applicant 6255,18841.0,769,Jersey City,,Full Time,2811
TG-106256,Applicant 6256,126693.0,598,New York,NJ,Full Time,3682
TG-106257,Applicant 6257,44644.0,603,New York,NY, full time ,5262
TG-106258,Applicant 6258,54897.0,691,Brooklyn,, full time ,2194
TG-106259,Applicant 6259,75059.0,731,Jersey City,NJ,Part Time,2601
TG-106260,Applicant 6260,127492.0,668, Newark,NJ,Unemployed,2753
TG-106261,Applicant 6261,108197.0,529,Brooklyn,,Unemployed,4075
TG-106262,Applicant 6262,80265.0,549, Newark,NJ, full time ,4427
TG-106263,Applicant 6263,94249.0,799, Newark,,Unemployed,4770
TG-106264,Applicant 6264,66988.0,574,Hoboken,NJ,Unemployed,1859
TG-106265,Applicant 6265,89190.0,646,Queens,NJ,Full Time,2164
TG-106266,Applicant 6266,87200.0,699, Newark,NJ,Self-Employed,3274
TG-106267,Applicant 6267,114063.0,751,New York,,Self-Employed,2187
TG-106268,Applicant 6268,114015.0,612, Newark,NJ,Part Time,1812
TG-106269,Applicant 6269,99819.0,527,Brooklyn,N.J.,Self-Employed,3330
TG-106270,Applicant 6270,74130.0,766, Newark,N.J.,Unemployed,4414
TG-106271,Applicant 6271,107255.0,715,New York,N.J.,Full Time,2476
TG-106272,Applicant 6272,82241.0,682,New York,N.J.,Self-Employed,3344
TG-106273,Applicant 6273,52543.0,559,Brooklyn,N.J.,Unemployed,4706
TG-106274,Applicant 6274,72901.0,773,New York,NY,Unemployed,1428
TG-106275,Applicant 6275,87536.0,604,Jersey City,NJ, full time ,2218
TG-106276,Applicant 6276,112306.0,791,Jersey City,ny, full time ,2420
TG-106277,Applicant 6277,79494.0,597,Queens,NY,Self-Employed,4079
TG-106278,Applicant 6278,48724.0,732,Jersey City,, full time ,4557
TG-106279,Applicant 6279,86702.0,774,Brooklyn,NY,Unemployed,4304
TG-106280,Applicant 6280,88404.0,610, Newark,ny,Unemployed,2746
TG-106281,Applicant 6281,90575.0,712,Jersey City,NY, full time ,2811
TG-106282,Applicant 6282,112596.0,772,Queens,NJ,Full Time,5177
TG-106283,Applicant 6283,115568.0,797,Hoboken,N.J., full time ,5349
TG-106284,Applicant 6284,67174.0,662,Hoboken,NJ,Full Time,3578
TG-106285,Applicant 6285,66516.0,763,Brooklyn,NY, full time ,5443
TG-106286,Applicant 6286,53794.0,731,Queens,ny,Unemployed,3527
TG-106287,Applicant 6287,105964.0,714,Jersey City,,Unemployed,1755
TG-106288,Applicant 6288,128465.0,789,Queens,NJ, full time ,1405
TG-106289,Applicant 6289,75548.0,538,New York,ny,Part Time,2201
TG-106290,Applicant 6290,77757.0,559,Queens,,Full Time,5063
TG-106291,Applicant 6291,129003.0,617,Jersey City,N.J.,Part Time,1317
TG-106292,Applicant 6292,100167.0,523,Brooklyn,NJ,Unemployed,3727
TG-106293,Applicant 6293,98087.0,552,New York,NJ,Full Time,5051
TG-106294,Applicant 6294,49273.0,818,Queens,N.J., full time ,4961
TG-106295,Applicant 6295,105362.0,684,Hoboken,N.J.,Full Time,4100
TG-106296,Applicant 6296,57126.0,546,Jersey City,NY,Full Time,2658
TG-106297,Applicant 6297 ,50979.0,692,Brooklyn,,Self-Employed,3901
TG-106298,Applicant 6298,74597.0,632, Newark,ny,Full Time,2248
TG-106299,Applicant 6299,67426.0,614,Jersey City,N.J.,Unemployed,4200
TG-106300,Applicant 6300,78352.0,752,Queens,NY,Part Time,3425
TG-106301,Applicant 6301,41771.0,653,Brooklyn,,Part Time,3387
TG-106302,Applicant 6302,113764.0,643,Hoboken,, full time ,2305
TG-106303,Applicant 6303,118831.0,635,New York,NJ,Self-Employed,4193
TG-106304,Applicant 6304,26580.0,532,Queens,NY,Part Time,1730
TG-106305,Applicant 6305,114354.0,684,Brooklyn,NY,Part Time,3300
TG-106306,Applicant 6306,60684.0,727,New York,NJ,Full Time,4640
TG-106307,Applicant 6307,110709.0,604,Brooklyn,ny,Unemployed,4850
TG-106308,Applicant 6308,82947.0,767, Newark,N.J.,Unemployed,3196
TG-106309,Applicant 6309,85863.0,575,Queens,NJ, full time ,1941
TG-106310,Applicant 6310,79447.0,691,Brooklyn,N.J.,Unemployed,2274
TG-106311,Applicant 6311,121364.0,660,Hoboken,NY,Part Time,4162
TG-106312,Applicant 6312,47812.0,651,Brooklyn,NJ,Full Time,3903
TG-106313,Applicant 6313,103235.0,720,Queens,ny,Unemployed,2066
TG-106314,Applicant 6314,118040.0,808,Brooklyn,N.J.,Self-Employed,4982
TG-106315,Applicant 6315,106490.0,698,New York,N.J.,Self-Employed,3332
TG-106316,Applicant 6316,154741.0,548,New York,N.J.,Self-Employed,2392
TG-106317,Applicant 6317,69132.0,555, Newark,NY,Unemployed,5221
TG-106318,Applicant 6318,113719.0,628,Jersey City,N.J.,Full Time,3277
TG-106319,Applicant 6319,81817.0,665, Newark,,Unemployed,2370
TG-106320,Applicant 6320,122002.0,795,Jersey City,N.J.,Part Time,5383
TG-106321,Applicant 6321,84769.0,665,Hoboken,NY,Unemployed,1790
TG-106322,Applicant 6322,73364.0,687,New York,NJ,Self-Employed,4691
TG-106323,Applicant 6323,124182.0,999,Jersey City,N.J.,Self-Employed,3424
TG-106324,Applicant 6324,70253.0,794,Brooklyn,N.J.,Full Time,3839
TG-106325,Applicant 6325,42618.0,606,Hoboken,NJ, full time ,2816
TG-106326,Applicant 6326,69495.0,673,Queens,,Self-Employed,4468
TG-106327,Applicant 6327,103571.0,804,Jersey City,NY,Self-Employed,3695
TG-106328,Applicant 6328,126761.0,617, Newark,NJ, full time ,2404
TG-106329,Applicant 6329,88334.0,730,Jersey City,NY,Unemployed,1364
TG-106330,Applicant 6330,124546.0,567, Newark,NJ,Self-Employed,3683
TG-106331,Applicant 6331,44255.0,793, Newark,ny,Full Time,4801
TG-106332,Applicant 6332,71702.0,713,New York,,Unemployed,5060
TG-106333,Applicant 6333,76343.0,771,Hoboken,ny,Unemployed,4527
TG-106334,Applicant 6334,81563.0,802, Newark,NJ,Self-Employed,3056
TG-106335,Applicant 6335,87523.0,781,New York,NJ,Unemployed,3200
TG-106336,Applicant 6336,105727.0,781,New York,NY,Unemployed,3564
TG-106337,Applicant 6337,71656.0,550, Newark,NJ,Full Time,2410
TG-106338,Applicant 6338,89171.0,624,Hoboken,NY,Unemployed,4213
TG-106339,Applicant 6339,83646.0,688,Brooklyn,NY,Self-Employed,2998
TG-106340,Applicant 6340,57223.0,755,Jersey City,NJ,Self-Employed,1746
TG-106341,Applicant 6341,81590.0,793,New York,NY, full time ,1241
TG-106342,Applicant 6342,80690.0,749,Jersey City,,Part Time,2948
TG-106343,Applicant 6343,80048.0,542,Hoboken,ny, full time ,4426
TG-106344,Applicant 6344,85953.0,683,Brooklyn,NJ,Full Time,2760
TG-106345,Applicant 6345,87270.0,800,Queens,NY,Full Time,4977
TG-106346,Applicant 6346,72031.0,526,Brooklyn,NY,Self-Employed,3766
TG-106347,Applicant 6347,123181.0,729,Hoboken,NY,Part Time,5491
TG-106348,Applicant 6348,49916.0,772,Brooklyn,NY, full time ,2967
TG-106349,Applicant 6349,63371.0,652,Queens,,Part Time,2520
TG-106350,Applicant 6350,168399.0,793,New York,NJ,Self-Employed,5144
TG-106351,Applicant 6351,53860.0,625,Brooklyn,NJ,Unemployed,2955
TG-106352,Applicant 6352,44387.0,751, Newark,,Self-Employed,5063
TG-106353,Applicant 6353,107034.0,552, Newark,,Self-Employed,1482
TG-106354,Applicant 6354,22686.0,598,Hoboken,,Part Time,5010
TG-106355,Applicant 6355,77942.0,554,Brooklyn,NJ,Full Time,2026
TG-106356,Applicant 6356,149375.0,629,Queens,N.J.,Unemployed,5203
TG-106357,Applicant 6357,38652.0,582,Hoboken,ny,Unemployed,1489
TG-106358,Applicant 6358,25541.0,816,Brooklyn,,Full Time,1763
TG-106359,Applicant 6359,40025.0,697,Hoboken,,Part Time,1853
TG-106360,Applicant 6360,111951.0,751, Newark,NJ,Part Time,4330
TG-106361,Applicant 6361,118743.0,623,Queens,NJ,Full Time,2280
TG-106362,Applicant 6362,69622.0,813,New York,ny, full time ,2855
TG-106363,Applicant 6363 ,105496.0,554,Queens,NY,Part Time,4308
TG-106364,Applicant 6364,126708.0,713,New York,NJ,Full Time,4969
TG-106365,Applicant 6365,138620.0,693,Jersey City,ny, full time ,1666
TG-106366,Applicant 6366,77610.0,999, Newark,NJ,Self-Employed,5059
TG-106367,Applicant 6367,15956.0,812, Newark,NJ,Unemployed,4734
TG-106368,Applicant 6368,60374.0,604, Newark,NJ,Full Time,3227
TG-106369,Applicant 6369,72196.0,720,Queens,N.J.,Part Time,4456
TG-106370,Applicant 6370,77232.0,692,New York,N.J.,Unemployed,4892
TG-106371,Applicant 6371,79364.0,548,Jersey City,, full time ,4615
TG-106372,Applicant 6372,118567.0,816,Jersey City,N.J.,Unemployed,4100
TG-106373,Applicant 6373,123233.0,575,Jersey City,ny,Full Time,3167
TG-106374,Applicant 6374,79850.0,535,Hoboken,NJ,Self-Employed,3860
TG-106375,Applicant 6375,117955.0,659,Queens,N.J., full time ,3452
TG-106376,Applicant 6376,95730.0,585,Queens,NJ, full time ,3226
TG-106377,Applicant 6377,86935.0,666, Newark,NY, full time ,3934
TG-106378,Applicant 6378,112196.0,677,Queens,,Unemployed,2454
TG-106379,Applicant 6379,87168.0,588,Queens,N.J.,Self-Employed,2491
TG-106380,Applicant 6380,146734.0,542,Hoboken,NJ,Full Time,2145
TG-106381,Applicant 6381,41848.0,709,Queens,NY,Full Time,2986
TG-106382,Applicant 6382,69545.0,767,New York,,Unemployed,1688
TG-106383,Applicant 6383,81204.0,664,Jersey City,,Full Time,5335
TG-106384,Applicant 6384,98184.0,696,Hoboken,NY,Full Time,1947
TG-106385,Applicant 6385,123039.0,714,Hoboken,N.J.,Self-Employed,2822
TG-106386,Applicant 6386,84268.0,532, Newark,N.J.,Unemployed,1555
TG-106387,Applicant 6387,42333.0,685,Queens,NJ,Unemployed,3939
TG-106388,Applicant 6388,110275.0,669,Jersey City,ny, full time ,2815
TG-106389,Applicant 6389,,564,New York,NJ,Full Time,4790
TG-106390,Applicant 6390,26744.0,693,Jersey City,NJ,Part Time,4010
TG-106391,Applicant 6391,84886.0,686,Brooklyn,NJ,Self-Employed,4348
TG-106392,Applicant 6392,37296.0,716,Jersey City,NY,Self-Employed,1915
TG-106393,Applicant 6393,65060.0,725,New York,,Part Time,5130
TG-106394,Applicant 6394,57916.0,601,New York,, full time ,4593
TG-106395,Applicant 6395,109278.0,587,New York,ny,Part Time,5362
TG-106396,Applicant 6396,88505.0,616,Hoboken,N.J.,Part Time,2882
TG-106397,Applicant 6397,46432.0,686,Hoboken,NJ, full time ,4493
TG-106398,Applicant 6398,111402.0,596,Brooklyn,NY,Part Time,2646
TG-106399,Applicant 6399,41986.0,756,Jersey City,NY, full time ,2719
TG-106400,Applicant 6400,94903.0,715,Queens,NJ,Full Time,3737
TG-106401,Applicant 6401,60580.0,810, Newark,NY, full time ,1539
TG-106402,Applicant 6402,74030.0,655,Brooklyn,NY,Unemployed,1311
TG-106403,Applicant 6403,100128.0,815,Queens,NJ,Unemployed,4937
TG-106404,Applicant 6404,100643.0,555,Queens,ny,Part Time,5381
TG-106405,Applicant 6405,125109.0,767,Brooklyn,NY,Unemployed,1683
TG-106406,Applicant 6406,82532.0,773,Jersey City,, full time ,2080
TG-106407,Applicant 6407,94194.0,733, Newark,,Full Time,4302
TG-106408,Applicant 6408,71868.0,771,Queens,, full time ,1367
TG-106409,Applicant 6409,90460.0,589,Hoboken,NJ,Self-Employed,4491
TG-106410,Applicant 6410,98185.0,753,Hoboken,,Part Time,2935
TG-106411,Applicant 6411,82051.0,535,Brooklyn,N.J.,Full Time,2748
TG-106412,Applicant 6412,30887.0,693, Newark,NY,Part Time,2046
TG-106413,Applicant 6413,94944.0,706, Newark,ny,Self-Employed,4152
TG-106414,Applicant 6414,,813,Queens,,Unemployed,2087
TG-106415,Applicant 6415,64595.0,744,Brooklyn,NJ,Self-Employed,3116
TG-106416,Applicant 6416,46468.0,793, Newark,ny,Unemployed,2511
TG-106417,Applicant 6417,129276.0,531, Newark,NJ,Part Time,5253
TG-106418,Applicant 6418,99743.0,738,Hoboken,ny,Part Time,4326
TG-106419,Applicant 6419,78128.0,520,Brooklyn,ny,Part Time,4514
TG-106420,Applicant 6420,50889.0,630,Queens,NY, full time ,3400
TG-106421,Applicant 6421,60346.0,796,Queens,ny,Full Time,5464
TG-106422,Applicant 6422,124078.0,648,Hoboken,N.J., full time ,3017
TG-106423,Applicant 6423,89130.0,612,New York,N.J.,Self-Employed,4380
TG-106424,Applicant 6424,68482.0,558,New York,N.J.,Full Time,4143
TG-106425,Applicant 6425 ,100291.0,678, Newark,NJ,Part Time,5136
TG-106426,Applicant 6426,60568.0,705,Jersey City,NY,Part Time,4945
TG-106427,Applicant 6427,130025.0,775,Hoboken,NJ,Part Time,5045
TG-106428,Applicant 6428,125584.0,758,Jersey City,,Unemployed,4942
TG-106429,Applicant 6429,71003.0,623, Newark,N.J.,Self-Employed,2962
TG-106430,Applicant 6430,66140.0,548,Hoboken,NY, full time ,2383
TG-106431,Applicant 6431,6456.0,608,Queens,N.J.,Self-Employed,4057
TG-106432,Applicant 6432,40553.0,570,Hoboken,NY,Unemployed,5096
TG-106433,Applicant 6433,44816.0,666,Brooklyn,NJ,Unemployed,3576
TG-106434,Applicant 6434,89056.0,555,Jersey City,NJ,Self-Employed,3805
TG-106435,Applicant 6435,75213.0,803,Hoboken,N.J.,Unemployed,1543
TG-106436,Applicant 6436,44640.0,620,Jersey City,ny,Full Time,1834
TG-106437,Applicant 6437 ,76565.0,626, Newark,NY,Part Time,2437
TG-106438,Applicant 6438,100160.0,810,Hoboken,, full time ,4429
TG-106439,Applicant 6439,100835.0,624,New York,ny,Unemployed,5459
TG-106440,Applicant 6440,28010.0,740,Jersey City,NJ, full time ,3377
TG-106441,Applicant 6441,81152.0,595,Queens,NY,Part Time,4123
TG-106442,Applicant 6442,43500.0,746,Queens,ny,Self-Employed,2528
TG-106443,Applicant 6443,112052.0,603,Hoboken,,Part Time,3293
TG-106444,Applicant 6444,,595,Queens,ny, full time ,2436
TG-106445,Applicant 6445,58059.0,768,Queens,,Full Time,2633
TG-106446,Applicant 6446,62019.0,774,Jersey City,NJ,Self-Employed,5287
TG-106447,Applicant 6447,71162.0,569,Hoboken,NY,Unemployed,3201
TG-106448,Applicant 6448,17416.0,729,Jersey City,NJ,Full Time,3056
TG-106449,Applicant 6449,95079.0,677,Hoboken,NY,Part Time,2732
TG-106450,Applicant 6450,76815.0,752,Queens,ny, full time ,3249
TG-106451,Applicant 6451,114105.0,596,Hoboken,NJ, full time ,3070
TG-106452,Applicant 6452,52048.0,742, Newark,NY, full time ,2927
TG-106453,Applicant 6453,66426.0,640,Hoboken,,Part Time,3500
TG-106454,Applicant 6454,39804.0,626,Brooklyn,NY,Self-Employed,2695
TG-106455,Applicant 6455,54871.0,760,Hoboken,NJ,Unemployed,4075
TG-106456,Applicant 6456,49541.0,547,Brooklyn,NJ,Full Time,1288
TG-106457,Applicant 6457,114879.0,711,Jersey City,ny,Part Time,3128
TG-106458,Applicant 6458,64052.0,768,Brooklyn,, full time ,2238
TG-106459,Applicant 6459,88725.0,732,Jersey City,NY,Unemployed,4436
TG-106460,Applicant 6460,73577.0,540,Hoboken,NJ, full time ,3067
TG-106461,Applicant 6461,46916.0,674,Jersey City,NY,Part Time,5195
TG-106462,Applicant 6462,79951.0,546,Queens,N.J., full time ,2642
TG-106463,Applicant 6463,102973.0,596, Newark,,Part Time,5105
TG-106464,Applicant 6464,48767.0,576,Hoboken,, full time ,4973
TG-106465,Applicant 6465,109273.0,638,Brooklyn,N.J.,Part Time,1668
TG-106466,Applicant 6466,59508.0,684, Newark,, full time ,1840
TG-106467,Applicant 6467,70510.0,583,New York,N.J.,Unemployed,5131
TG-106468,Applicant 6468,100920.0,567, Newark,NY,Unemployed,1636
TG-106469,Applicant 6469,65097.0,669,Hoboken,N.J., full time ,2155
TG-106470,Applicant 6470,86127.0,677, Newark,ny, full time ,4892
TG-106471,Applicant 6471,75559.0,675, Newark,N.J.,Part Time,2885
TG-106472,Applicant 6472,88881.0,670,Queens,NY,Part Time,1484
TG-106473,Applicant 6473,13578.0,744,Jersey City,,Part Time,3684
TG-106474,Applicant 6474,30110.0,779, Newark,ny,Self-Employed,2362
TG-106475,Applicant 6475,103479.0,775,Brooklyn,N.J., full time ,4162
TG-106476,Applicant 6476,116115.0,580,Brooklyn,NY, full time ,2637
TG-106477,Applicant 6477,57685.0,779,Queens,ny, full time ,2771
TG-106478,Applicant 6478,77679.0,681, Newark,ny, full time ,5209
TG-106479,Applicant 6479,93842.0,550, Newark,ny,Part Time,1589
TG-106480,Applicant 6480,105797.0,590,Queens,N.J.,Part Time,3445
TG-106481,Applicant 6481,24170.0,521,Hoboken,NY,Self-Employed,1756
TG-106482,Applicant 6482,58419.0,569,New York,NY,Part Time,3200
TG-106483,Applicant 6483,75023.0,654,New York,NY, full time ,3704
TG-106484,Applicant 6484,106094.0,665,Jersey City,NJ, full time ,4725
TG-106485,Applicant 6485,159953.0,698,Brooklyn,,Full Time,2310
TG-106486,Applicant 6486,78160.0,999,Hoboken,NY,Part Time,2476
TG-106487,Applicant 6487,42791.0,723,Brooklyn,NJ,Full Time,4466
TG-106488,Applicant 6488,97068.0,818,Hoboken,NJ, full time ,2600
TG-106489,Applicant 6489,124630.0,706,Queens,ny,Part Time,5425
TG-106490,Applicant 6490,88240.0,549,Jersey City,, full time ,3235
TG-106491,Applicant 6491,57801.0,578,Queens,ny,Full Time,2656
TG-106492,Applicant 6492,113740.0,528,Brooklyn,,Full Time,2552
TG-106493,Applicant 6493,104906.0,686,Jersey City,ny,Unemployed,2131
TG-106494,Applicant 6494,54218.0,999, Newark,N.J.,Unemployed,3084
TG-106495,Applicant 6495,96443.0,999,Hoboken,,Part Time,4147
TG-106496,Applicant 6496,114918.0,761,Hoboken,NJ,Part Time,5380
TG-106497,Applicant 6497,120457.0,797,Jersey City,NJ,Part Time,1611
TG-106498,Applicant 6498 ,83007.0,673,Queens,,Part Time,5193
TG-106499,Applicant 6499,74258.0,679,Jersey City,ny,Part Time,1320
TG-106500,Applicant 6500,121818.0,784,Queens,N.J.,Part Time,2680
TG-106501,Applicant 6501,48695.0,754,Jersey City,N.J.,Part Time,1208
TG-106502,Applicant 6502,98157.0,718,Queens,NY,Full Time,4475
TG-106503,Applicant 6503,43899.0,552,New York,,Full Time,1699
TG-106504,Applicant 6504,116961.0,608,Jersey City,N.J.,Full Time,3897
TG-106505,Applicant 6505,77259.0,614,Queens,ny, full time ,5440
TG-106506,Applicant 6506,123057.0,740, Newark,ny,Self-Employed,4174
TG-106507,Applicant 6507,99742.0,588,Brooklyn,NJ, full time ,1885
TG-106508,Applicant 6508,48303.0,813,Brooklyn,N.J.,Part Time,1954
TG-106509,Applicant 6509,127739.0,756,Jersey City,N.J.,Self-Employed,3347
TG-106510,Applicant 6510,131537.0,679,Jersey City,ny,Full Time,3852
TG-106511,Applicant 6511,111469.0,795,Hoboken,NJ,Full Time,3514
TG-106512,Applicant 6512,62152.0,809,Queens,N.J.,Unemployed,5256
TG-106513,Applicant 6513,75820.0,561,Jersey City,ny,Part Time,3497
TG-106514,Applicant 6514,89363.0,585,Brooklyn,NJ,Part Time,4879
TG-106515,Applicant 6515,63889.0,540,Brooklyn,NJ,Unemployed,1586
TG-106516,Applicant 6516,135770.0,589,Brooklyn,ny, full time ,2685
TG-106517,Applicant 6517,89330.0,780,Queens,NJ,Unemployed,3743
TG-106518,Applicant 6518,3900.0,765,New York,NJ,Part Time,1336
TG-106519,Applicant 6519,95181.0,754,Jersey City,NY,Full Time,3827
TG-106520,Applicant 6520,74555.0,791,New York,NJ,Unemployed,5468
TG-106521,Applicant 6521,,618,Queens,N.J.,Self-Employed,3249
TG-106522,Applicant 6522,73941.0,554, Newark,NJ,Full Time,2056
TG-106523,Applicant 6523,109211.0,690,Jersey City,N.J., full time ,2343
TG-106524,Applicant 6524,,629,Hoboken,ny,Full Time,4037
TG-106525,Applicant 6525,93492.0,814,Jersey City,NJ, full time ,1348
TG-106526,Applicant 6526,74821.0,529,Jersey City,ny,Full Time,3466
TG-106527,Applicant 6527,83760.0,721,Jersey City,,Part Time,3763
TG-106528,Applicant 6528,85588.0,776,Jersey City,NJ, full time ,1769
TG-106529,Applicant 6529,60927.0,781, Newark,ny, full time ,1397
TG-106530,Applicant 6530,102368.0,700,Jersey City,,Unemployed,4645
TG-106531,Applicant 6531,98801.0,585,Queens,N.J.,Full Time,4297
TG-106532,Applicant 6532,131213.0,813,Jersey City,N.J., full time ,3705
TG-106533,Applicant 6533,122660.0,680, Newark,N.J., full time ,3956
TG-106534,Applicant 6534,64430.0,586,Queens,N.J.,Full Time,5206
TG-106535,Applicant 6535,109609.0,619,Jersey City,N.J.,Full Time,1911
TG-106536,Applicant 6536,56471.0,596,Jersey City,NY,Self-Employed,2126
TG-106537,Applicant 6537,105878.0,554,Queens,ny,Unemployed,4969
TG-106538,Applicant 6538,69502.0,564,Jersey City,, full time ,5470
TG-106539,Applicant 6539,54302.0,669, Newark,,Full Time,1407
TG-106540,Applicant 6540,93401.0,587,Brooklyn,NJ, full time ,3552
TG-106541,Applicant 6541,4763.0,773,Jersey City,ny,Self-Employed,3975
,Applicant 6542,32471.0,536,Hoboken,NY,Self-Employed,2191
TG-106543,Applicant 6543,79675.0,780,Queens,NY, full time ,4626
TG-106544,Applicant 6544,87473.0,732, Newark,ny,Unemployed,3278
TG-106545,Applicant 6545,73920.0,775,Jersey City,N.J.,Part Time,1324
TG-106546,Applicant 6546,37617.0,735,Jersey City,N.J., full time ,2060
TG-106547,Applicant 6547,,805,Queens,ny,Self-Employed,1907
TG-106548,Applicant 6548,96736.0,526,New York,,Unemployed,2514
TG-106549,Applicant 6549,102453.0,718, Newark,N.J.,Full Time,2257
TG-106550,Applicant 6550,84513.0,610, Newark,NJ,Unemployed,4798
TG-106551,Applicant 6551,119705.0,666,Brooklyn,NY,Unemployed,4086
TG-106552,Applicant 6552,96922.0,669,Brooklyn,N.J., full time ,2560
TG-106553,Applicant 6553,62576.0,571,Jersey City,,Unemployed,2369
TG-106554,Applicant 6554,76585.0,762,Queens,N.J.,Full Time,2773
TG-106555,Applicant 6555,42914.0,738,Hoboken,N.J., full time ,1519
TG-106556,Applicant 6556,81756.0,525,Jersey City,NY,Self-Employed,1570
TG-106557,Applicant 6557,118363.0,628,Brooklyn,NJ,Full Time,3008
TG-106558,Applicant 6558,105559.0,585,Jersey City,NJ, full time ,3663
TG-106559,Applicant 6559,127060.0,529,Queens,, full time ,2816
TG-106560,Applicant 6560,75913.0,721, Newark,ny,Part Time,5213
TG-106561,Applicant 6561,125383.0,801, Newark,ny,Full Time,5100
TG-106562,Applicant 6562,79201.0,733, Newark,ny,Unemployed,2070
TG-106563,Applicant 6563,129148.0,587, Newark,,Full Time,1499
TG-106564,Applicant 6564,84344.0,766,Hoboken,N.J.,Full Time,3469
TG-106565,Applicant 6565,106217.0,569,New York,NJ,Part Time,2133
TG-106566,Applicant 6566,129253.0,536,Hoboken,NJ,Unemployed,4887
TG-106567,Applicant 6567,79197.0,530,Jersey City,N.J.,Part Time,3425
TG-106568,Applicant 6568,,643,Brooklyn,NJ,Part Time,1273
TG-106569,Applicant 6569,123666.0,744,Queens,NJ,Part Time,2569
TG-106570,Applicant 6570,81010.0,763,Jersey City,ny,Full Time,5348
TG-106571,Applicant 6571,45373.0,548,New York,ny,Part Time,2655
TG-106572,Applicant 6572,149290.0,804,Queens,NY,Self-Employed,3712
TG-106573,Applicant 6573,70907.0,578,Queens,NY,Unemployed,4016
TG-106574,Applicant 6574,89763.0,662,Queens,NJ,Unemployed,3094
TG-106575,Applicant 6575,119680.0,819,Jersey City,ny,Part Time,5413
TG-106576,Applicant 6576,66745.0,745,New York,NY,Full Time,3465
TG-106577,Applicant 6577,54764.0,683,Jersey City,NY, full time ,3000
TG-106578,Applicant 6578,92612.0,603,Queens,ny, full time ,4048
TG-106579,Applicant 6579,31208.0,636,Queens,NY,Full Time,1481
TG-106580,Applicant 6580,76363.0,723,Brooklyn,N.J.,Part Time,4569
TG-106581,Applicant 6581,92351.0,813,Hoboken,N.J.,Part Time,1913
TG-106582,Applicant 6582,76901.0,664,Jersey City,ny,Self-Employed,2137
TG-106583,Applicant 6583,38696.0,546,New York,ny, full time ,2015
TG-106584,Applicant 6584,132825.0,536,Queens,NY, full time ,2975
TG-106585,Applicant 6585,88106.0,582,Jersey City,NJ,Unemployed,3427
TG-106586,Applicant 6586,127935.0,786,Hoboken,,Part Time,2378
TG-106587,Applicant 6587,77199.0,583,Jersey City,N.J.,Full Time,3162
TG-106588,Applicant 6588,58600.0,558,Hoboken,N.J.,Part Time,4993
TG-106589,Applicant 6589,93075.0,649,Jersey City,ny,Part Time,3631
TG-106590,Applicant 6590,78526.0,634,Brooklyn,NJ,Self-Employed,4114
TG-106591,Applicant 6591,49667.0,564,Jersey City,ny,Full Time,3531
TG-106592,Applicant 6592,129094.0,735, Newark,NY,Self-Employed,3001
TG-106593,Applicant 6593,66332.0,607,Brooklyn,NJ,Self-Employed,3698
TG-106594,Applicant 6594,29792.0,696,Hoboken,NY,Self-Employed,2367
TG-106595,Applicant 6595,124845.0,784,Queens,N.J.,Self-Employed,1456
TG-106596,Applicant 6596,69871.0,624,Queens,ny,Part Time,3635
TG-106597,Applicant 6597,66765.0,690,Jersey City,ny,Unemployed,2948
TG-106598,Applicant 6598,32038.0,627,New York,,Part Time,1331
TG-106599,Applicant 6599,137228.0,680,Jersey City,NJ,Self-Employed,3874
TG-106600,Applicant 6600,46316.0,802,Brooklyn,N.J.,Self-Employed,3651
TG-106601,Applicant 6601,86753.0,559,Brooklyn,,Unemployed,2002
TG-106602,Applicant 6602,112379.0,545,Hoboken,, full time ,3363
TG-106603,Applicant 6603,97652.0,602,Jersey City,ny,Full Time,2012
TG-106604,Applicant 6604,83210.0,692,Hoboken,NJ,Self-Employed,1697
TG-106605,Applicant 6605,33950.0,692,New York,ny,Self-Employed,3752
TG-106606,Applicant 6606,60708.0,801,Queens,NJ,Part Time,1351
TG-106607,Applicant 6607,90634.0,589,Queens,,Self-Employed,4483
TG-106608,Applicant 6608,61385.0,525,Jersey City,NY,Self-Employed,2549
TG-106609,Applicant 6609,,803,Hoboken,N.J.,Full Time,2325
TG-106610,Applicant 6610,105452.0,714,Hoboken,,Part Time,2597
TG-106611,Applicant 6611,113875.0,532,New York,ny, full time ,4012
TG-106612,Applicant 6612,48215.0,582,Hoboken,N.J.,Self-Employed,1480
TG-106613,Applicant 6613,150899.0,532, Newark,,Self-Employed,2676
TG-106614,Applicant 6614,108024.0,768, Newark,NJ, full time ,1472
TG-106615,Applicant 6615,84949.0,724,Brooklyn,ny,Unemployed,5187
TG-106616,Applicant 6616,117686.0,772, Newark,, full time ,1720
TG-106617,Applicant 6617,155962.0,559, Newark,NJ, full time ,2926
TG-106618,Applicant 6618,41838.0,684,Brooklyn,NJ,Part Time,5399
TG-106619,Applicant 6619,78242.0,550, Newark,NJ, full time ,2306
TG-106620,Applicant 6620,13647.0,536, Newark,N.J.,Part Time,2675
TG-106621,Applicant 6621,90780.0,656,Brooklyn,ny, full time ,2116
TG-106622,Applicant 6622 ,95962.0,684,Jersey City,NJ,Self-Employed,3182
TG-106623,Applicant 6623,83825.0,800,Brooklyn,,Self-Employed,3533
TG-106624,Applicant 6624,65364.0,742,Brooklyn,NJ,Unemployed,5121
TG-106625,Applicant 6625,23515.0,641, Newark,ny, full time ,1860
TG-106626,Applicant 6626,96206.0,597,Queens,N.J.,Full Time,4934
TG-106627,Applicant 6627,128663.0,607, Newark,NJ, full time ,3245
TG-106628,Applicant 6628,67269.0,632,Jersey City,,Full Time,1869
TG-106629,Applicant 6629,98202.0,619,Brooklyn,ny, full time ,3179
TG-106630,Applicant 6630,37956.0,758,New York,NJ,Part Time,3521
TG-106631,Applicant 6631,98716.0,630,Brooklyn,N.J.,Self-Employed,5027
TG-106632,Applicant 6632,73199.0,609,Jersey City,NY,Full Time,3932
TG-106633,Applicant 6633,62127.0,658,Hoboken,,Full Time,3052
TG-106634,Applicant 6634,62189.0,654, Newark,NJ, full time ,3306
TG-106635,Applicant 6635,73192.0,531,Queens,NJ,Self-Employed,2845
TG-106636,Applicant 6636,96473.0,763,Queens,NY,Unemployed,2629
TG-106637,Applicant 6637,45635.0,701, Newark,ny,Full Time,4641
TG-106638,Applicant 6638,73087.0,714, Newark,NY,Self-Employed,2119
TG-106639,Applicant 6639,83756.0,641,Jersey City,ny,Self-Employed,3312
TG-106640,Applicant 6640,52029.0,572,Brooklyn,NJ,Full Time,5151
TG-106641,Applicant 6641,138900.0,692,New York,NY,Part Time,5295
TG-106642,Applicant 6642,59395.0,698,Brooklyn,NJ,Part Time,1611
TG-106643,Applicant 6643,64917.0,812,Brooklyn,NY, full time ,4499
TG-106644,Applicant 6644,55651.0,578,New York,NJ, full time ,4058
TG-106645,Applicant 6645,138954.0,573,Queens,NJ,Self-Employed,2420
TG-106646,Applicant 6646,101587.0,776,Brooklyn,NJ,Full Time,3490
TG-106647,Applicant 6647,56902.0,764,Hoboken,N.J.,Part Time,3950
TG-106648,Applicant 6648,118187.0,668,Hoboken,NY,Self-Employed,1953
TG-106649,Applicant 6649,91021.0,803,Jersey City,N.J.,Part Time,2686
TG-106650,Applicant 6650,92718.0,535,Jersey City,NJ,Full Time,5446
TG-106651,Applicant 6651,74666.0,695,New York,,Part Time,2640
TG-106652,Applicant 6652,62518.0,547,New York,ny,Unemployed,4571
TG-106653,Applicant 6653,95133.0,648,Jersey City,NY, full time ,3406
TG-106654,Applicant 6654,68647.0,742, Newark,NY,Part Time,3130
TG-106655,Applicant 6655,139503.0,763,Brooklyn,ny,Full Time,3569
TG-106656,Applicant 6656,46921.0,757, Newark,N.J.,Full Time,2971
TG-106657,Applicant 6657,131085.0,751,Queens,ny,Unemployed,4970
TG-106658,Applicant 6658,81660.0,611,Hoboken,,Full Time,3452
TG-106659,Applicant 6659,93973.0,522,New York,NJ,Unemployed,3362
TG-106660,Applicant 6660,109995.0,600,Jersey City,ny,Self-Employed,2291
TG-106661,Applicant 6661,66093.0,563,Hoboken,ny,Part Time,3669
TG-106662,Applicant 6662,110927.0,674, Newark,NJ,Full Time,2610
TG-106663,Applicant 6663,3774.0,543,New York,NY, full time ,2043
TG-106664,Applicant 6664,63400.0,618,New York,,Part Time,2862
TG-106665,Applicant 6665,57278.0,690,Brooklyn,ny,Unemployed,2077
TG-106666,Applicant 6666,47395.0,667,New York,ny,Part Time,5242
TG-106667,Applicant 6667,78551.0,642,Queens,NY,Part Time,4831
TG-106668,Applicant 6668,96572.0,631,New York,,Full Time,4050
TG-106669,Applicant 6669,106080.0,649,Queens,NJ, full time ,5107
TG-106670,Applicant 6670,92226.0,587, Newark,NJ,Self-Employed,2761
TG-106671,Applicant 6671,65029.0,736,Brooklyn,N.J., full time ,2311
TG-106672,Applicant 6672,96070.0,615,Queens,,Unemployed,3354
TG-106673,Applicant 6673,88729.0,664, Newark,, full time ,1403
TG-106674,Applicant 6674,113082.0,552,Hoboken,ny, full time ,3839
TG-106675,Applicant 6675,108308.0,805,New York,N.J.,Unemployed,2063
TG-106676,Applicant 6676,85914.0,524,Jersey City,NJ, full time ,4909
TG-106677,Applicant 6677,58082.0,637,Jersey City,,Self-Employed,4221
TG-106678,Applicant 6678,65411.0,659,Queens,,Part Time,1733
TG-106679,Applicant 6679,68506.0,749,Brooklyn,NY,Self-Employed,1939
TG-106680,Applicant 6680,75542.0,679,Queens,NJ,Part Time,3038
TG-106681,Applicant 6681,93042.0,813, Newark,NY,Part Time,3512
TG-106682,Applicant 6682,106455.0,768, Newark,N.J., full time ,4129
TG-106683,Applicant 6683,83466.0,792,Queens,,Part Time,1573
TG-106684,Applicant 6684,85484.0,705,Queens,N.J.,Unemployed,5148
TG-106685,Applicant 6685,89299.0,559,Hoboken,NY,Self-Employed,3858
TG-106686,Applicant 6686,69523.0,743, Newark,NJ,Part Time,4694
TG-106687,Applicant 6687,57238.0,671,Hoboken,, full time ,2700
TG-106688,Applicant 6688,32337.0,659,Queens,NJ, full time ,1719
TG-106689,Applicant 6689,64146.0,647,Brooklyn,N.J., full time ,1562
TG-106690,Applicant 6690,99194.0,666,New York,ny,Full Time,2676
TG-106691,Applicant 6691,63913.0,804, Newark,NJ,Self-Employed,3212
TG-106692,Applicant 6692,77866.0,737,Jersey City,NJ, full time ,4524
TG-106693,Applicant 6693,98993.0,739,Hoboken,NJ,Unemployed,3152
TG-106694,Applicant 6694,100621.0,664, Newark,, full time ,1730
TG-106695,Applicant 6695,52614.0,796,New York,N.J.,Full Time,5347
TG-106696,Applicant 6696,114912.0,761,Hoboken,N.J.,Self-Employed,3902
TG-106697,Applicant 6697,118821.0,579, Newark,,Part Time,2777
TG-106698,Applicant 6698,51105.0,617,Hoboken,NJ,Self-Employed,2831
TG-106699,Applicant 6699,60285.0,700,Hoboken,NJ,Part Time,3586
TG-106700,Applicant 6700,120733.0,633,Queens,ny,Part Time,2046
TG-106701,Applicant 6701,80594.0,622,Queens,NJ, full time ,2095
TG-106702,Applicant 6702,18407.0,576,Hoboken,NY,Unemployed,3040
TG-106703,Applicant 6703,43010.0,804,Hoboken,NJ,Unemployed,2556
TG-106704,Applicant 6704,77519.0,648,Jersey City,ny, full time ,2819
TG-106705,Applicant 6705,50109.0,605,New York,NY,Full Time,3070
TG-106706,Applicant 6706,72597.0,719,New York,ny,Part Time,3446
TG-106707,Applicant 6707,85972.0,590,Brooklyn,ny,Unemployed,2662
TG-106708,Applicant 6708,128868.0,617,Brooklyn,N.J.,Self-Employed,3397
TG-106709,Applicant 6709,76286.0,819,Brooklyn,,Full Time,3162
TG-106710,Applicant 6710,117176.0,695,Queens,ny, full time ,2563
TG-106711,Applicant 6711,127863.0,752,Queens,NJ,Full Time,4802
TG-106712,Applicant 6712,128029.0,594,Jersey City,N.J.,Unemployed,2058
TG-106713,Applicant 6713,93543.0,662,Queens,NY, full time ,4417
TG-106714,Applicant 6714,26101.0,542,Brooklyn,,Unemployed,1977
TG-106715,Applicant 6715,98825.0,700, Newark,N.J.,Part Time,1249
TG-106716,Applicant 6716,116452.0,564,Hoboken,ny,Full Time,3808
TG-106717,Applicant 6717,82568.0,611,Brooklyn,N.J.,Part Time,4882
TG-106718,Applicant 6718,137338.0,788,Jersey City,NJ,Self-Employed,1575
TG-106719,Applicant 6719,110795.0,553,Hoboken,NJ,Part Time,1222
TG-106720,Applicant 6720,102048.0,685,Queens,NJ,Full Time,3872
TG-106721,Applicant 6721,117591.0,589,Hoboken,,Self-Employed,2229
TG-106722,Applicant 6722,95001.0,715, Newark,N.J.,Unemployed,3845
TG-106723,Applicant 6723,10216.0,652,Jersey City,N.J.,Self-Employed,1592
TG-106724,Applicant 6724,70026.0,766,Queens,ny,Full Time,4717
TG-106725,Applicant 6725,120915.0,687,New York,NY, full time ,2293
TG-106726,Applicant 6726,60772.0,796,Brooklyn,NJ,Self-Employed,2697
TG-106727,Applicant 6727,78296.0,675, Newark,NY,Unemployed,1683
TG-106728,Applicant 6728,53655.0,542, Newark,NY,Self-Employed,4057
TG-106729,Applicant 6729,138518.0,719,Brooklyn,NJ,Part Time,5122
TG-106730,Applicant 6730,135445.0,794,Jersey City,NJ, full time ,3423
TG-106731,Applicant 6731,58484.0,569,Jersey City,ny,Full Time,1430
TG-106732,Applicant 6732,89419.0,705, Newark,, full time ,1286
TG-106733,Applicant 6733,64585.0,539,Brooklyn,NJ,Part Time,2843
TG-106734,Applicant 6734,103448.0,635,Hoboken,NY, full time ,1918
TG-106735,Applicant 6735,100290.0,611,New York,ny,Part Time,3429
TG-106736,Applicant 6736,109351.0,572,New York,N.J.,Self-Employed,3669
TG-106737,Applicant 6737,94958.0,642,Jersey City,ny,Full Time,3448
TG-106738,Applicant 6738,173062.0,784,Jersey City,NJ,Part Time,1782
TG-106739,Applicant 6739,54162.0,523,Hoboken,NJ,Part Time,5319
TG-106740,Applicant 6740,33682.0,688,Jersey City,,Self-Employed,2072
TG-106741,Applicant 6741,73207.0,800,New York,ny,Part Time,3583
TG-106742,Applicant 6742,37960.0,809,Brooklyn,NJ,Full Time,4921
TG-106743,Applicant 6743,40226.0,592, Newark,NY,Unemployed,2692
TG-106744,Applicant 6744,54961.0,656,New York,NY, full time ,5436
TG-106745,Applicant 6745,57334.0,775,Hoboken,ny,Part Time,4518
TG-106746,Applicant 6746,56361.0,660,Brooklyn,, full time ,2294
TG-106747,Applicant 6747,100547.0,727,Brooklyn,ny, full time ,5207
TG-106748,Applicant 6748,69814.0,779, Newark,,Unemployed,3495
TG-106749,Applicant 6749,79615.0,782,New York,NY,Part Time,2328
TG-106750,Applicant 6750,111827.0,790,Brooklyn,NJ,Full Time,3505
TG-106751,Applicant 6751,,557,Brooklyn,N.J.,Part Time,1605
TG-106752,Applicant 6752,77064.0,999,Jersey City,NJ, full time ,2854
TG-106753,Applicant 6753,,743,Brooklyn,NY,Self-Employed,4275
TG-106754,Applicant 6754,26753.0,571,Hoboken,NY,Unemployed,2787
TG-106755,Applicant 6755,13453.0,600,Brooklyn,NJ,Full Time,3254
TG-106756,Applicant 6756,95384.0,730,Jersey City,NJ,Full Time,5296
TG-106757,Applicant 6757,99760.0,526,Queens,NY, full time ,4969
TG-106758,Applicant 6758,146927.0,564,Queens,NJ,Full Time,4973
TG-106759,Applicant 6759,89743.0,796,Hoboken,N.J., full time ,3302
TG-106760,Applicant 6760,109592.0,778, Newark,N.J.,Full Time,5052
TG-106761,Applicant 6761,79136.0,661, Newark,ny,Full Time,1995
TG-106762,Applicant 6762,,777,Hoboken,N.J., full time ,4146
TG-106763,Applicant 6763,135018.0,804,Brooklyn,NY,Unemployed,3519
TG-106764,Applicant 6764,21280.0,556,Brooklyn,NY,Full Time,4104
TG-106765,Applicant 6765,97408.0,564,Queens,ny,Part Time,2653
TG-106766,Applicant 6766,149068.0,639,Queens,,Self-Employed,2078
TG-106767,Applicant 6767,93461.0,565,New York,ny, full time ,1586
TG-106768,Applicant 6768,,659,Queens,,Full Time,4881
TG-106769,Applicant 6769,66124.0,572,Queens,,Unemployed,3634
TG-106770,Applicant 6770,84039.0,807,Hoboken,NJ,Part Time,2380
TG-106771,Applicant 6771,86006.0,793,New York,N.J., full time ,1986
TG-106772,Applicant 6772,18472.0,788, Newark,,Part Time,4419
TG-106773,Applicant 6773,49955.0,798,New York,NJ,Self-Employed,3038
TG-106774,Applicant 6774,52094.0,581,Brooklyn,ny,Unemployed,2973
,Applicant 6775,109662.0,573,Brooklyn,ny, full time ,4385
TG-106776,Applicant 6776,111165.0,588,New York,, full time ,3242
TG-106777,Applicant 6777,94721.0,761,New York,NJ,Full Time,2824
TG-106778,Applicant 6778,109723.0,789,Brooklyn,NY,Part Time,4772
TG-106779,Applicant 6779,80076.0,771,Hoboken,N.J., full time ,2448
TG-106780,Applicant 6780,121058.0,803,Hoboken,,Part Time,5442
TG-106781,Applicant 6781,85264.0,590,Hoboken,NY,Self-Employed,2825
TG-106782,Applicant 6782,86736.0,619,Hoboken,N.J.,Full Time,2671
TG-106783,Applicant 6783,77032.0,580,Brooklyn,NY,Self-Employed,4952
TG-106784,Applicant 6784,,622,Jersey City,NJ,Full Time,2546
TG-106785,Applicant 6785,72364.0,638,Queens,,Full Time,2314
TG-106786,Applicant 6786,114293.0,536,Queens,NY,Part Time,1213
TG-106787,Applicant 6787,51036.0,710,Queens,NY,Full Time,2371
TG-106788,Applicant 6788,52033.0,731,Queens,NY,Self-Employed,3026
TG-106789,Applicant 6789,105623.0,597,Brooklyn,,Self-Employed,4742
TG-106790,Applicant 6790,82344.0,565,Jersey City,NJ,Self-Employed,1608
TG-106791,Applicant 6791,71383.0,612,Brooklyn,NJ,Part Time,5352
TG-106792,Applicant 6792,111702.0,532,Jersey City,NY,Part Time,3761
TG-106793,Applicant 6793,66782.0,747,Brooklyn,NJ,Unemployed,4849
TG-106794,Applicant 6794,78994.0,536,New York,N.J., full time ,3592
TG-106795,Applicant 6795,126977.0,581,Jersey City,NJ,Unemployed,3102
TG-106796,Applicant 6796,131174.0,562,Queens,NY,Unemployed,4358
TG-106797,Applicant 6797,132172.0,587,Jersey City,N.J.,Full Time,1604
TG-106798,Applicant 6798,76536.0,731, Newark,,Full Time,2058
TG-106799,Applicant 6799,121921.0,722,Hoboken,ny,Unemployed,3197
TG-106800,Applicant 6800,56531.0,733,Jersey City,NJ, full time ,1408
TG-106801,Applicant 6801,57793.0,628, Newark,N.J.,Unemployed,3390
TG-106802,Applicant 6802,14486.0,803,Hoboken,ny,Part Time,3022
TG-106803,Applicant 6803,135186.0,613, Newark,,Self-Employed,1745
TG-106804,Applicant 6804,59081.0,744,Hoboken,ny,Unemployed,2003
TG-106805,Applicant 6805,81204.0,744,New York,,Full Time,2327
TG-106806,Applicant 6806,57690.0,758,Jersey City,NY, full time ,5292
TG-106807,Applicant 6807,105855.0,637, Newark,NY,Full Time,1446
TG-106808,Applicant 6808,73731.0,610,New York,,Part Time,3777
TG-106809,Applicant 6809,45855.0,808,Queens,ny,Full Time,1664
TG-106810,Applicant 6810,98250.0,800,Jersey City,NJ,Full Time,1819
TG-106811,Applicant 6811,41988.0,538,Brooklyn,ny, full time ,3158
,Applicant 6812,59878.0,694,Brooklyn,ny, full time ,4235
TG-106813,Applicant 6813,21793.0,625,Brooklyn,NJ,Full Time,3615
TG-106814,Applicant 6814,42281.0,808, Newark,ny,Full Time,2429
TG-106815,Applicant 6815,90356.0,767, Newark,ny,Unemployed,1556
TG-106816,Applicant 6816,26064.0,661,Hoboken,N.J.,Part Time,3578
TG-106817,Applicant 6817,40566.0,817,Brooklyn,,Unemployed,4551
TG-106818,Applicant 6818,,712,Queens,NY, full time ,2084
TG-106819,Applicant 6819,68692.0,810, Newark,,Unemployed,2958
TG-106820,Applicant 6820,144761.0,727,Jersey City,ny,Unemployed,4120
TG-106821,Applicant 6821,140017.0,767, Newark,NJ,Full Time,2657
TG-106822,Applicant 6822,58962.0,661,Jersey City,NJ,Full Time,1750
TG-106823,Applicant 6823 ,101714.0,741, Newark,NY,Part Time,1399
TG-106824,Applicant 6824,107478.0,744,Hoboken,NY,Self-Employed,2590
TG-106825,Applicant 6825,67076.0,703,Hoboken,NY,Self-Employed,4942
TG-106826,Applicant 6826,40134.0,707,Hoboken,NJ,Unemployed,2643
TG-106827,Applicant 6827,84631.0,632,Queens,ny,Part Time,1476
TG-106828,Applicant 6828,79815.0,700, Newark,NY,Part Time,1253
TG-106829,Applicant 6829,71927.0,718,Jersey City,NY, full time ,1363
TG-106830,Applicant 6830,98270.0,589, Newark,NJ,Full Time,3323
TG-106831,Applicant 6831,62478.0,605,New York,ny, full time ,3989
TG-106832,Applicant 6832,50440.0,558,Hoboken,NY,Self-Employed,2453
TG-106833,Applicant 6833,88272.0,650,Brooklyn,ny,Part Time,2529
TG-106834,Applicant 6834,96579.0,529,New York,N.J.,Self-Employed,2185
TG-106835,Applicant 6835,49701.0,522,New York,NY,Full Time,4388
TG-106836,Applicant 6836,112843.0,669,Hoboken,NY,Full Time,2280
TG-106837,Applicant 6837,31886.0,586,Brooklyn,NJ,Full Time,1858
TG-106838,Applicant 6838,67657.0,712,Hoboken,N.J.,Self-Employed,3465
TG-106839,Applicant 6839,77260.0,616,Hoboken,N.J.,Part Time,3234
TG-106840,Applicant 6840,65913.0,538,Brooklyn,N.J., full time ,2048
TG-106841,Applicant 6841,68048.0,617,New York,,Part Time,1665
TG-106842,Applicant 6842,141132.0,576,New York,NJ,Part Time,2574
TG-106843,Applicant 6843,59473.0,626, Newark,NJ,Unemployed,3006
TG-106844,Applicant 6844,158237.0,607,Brooklyn,NY,Part Time,3326
TG-106845,Applicant 6845,98114.0,660,New York,NJ, full time ,1618
TG-106846,Applicant 6846,87762.0,663,Queens,NY,Unemployed,2659
TG-106847,Applicant 6847,99287.0,571,Hoboken,NY,Part Time,3413
TG-106848,Applicant 6848,160898.0,731,Queens,,Unemployed,1797
TG-106849,Applicant 6849,55192.0,560,Queens,NJ,Part Time,2389
TG-106850,Applicant 6850,51387.0,610, Newark,NJ,Full Time,5106
TG-106851,Applicant 6851,62354.0,558, Newark,,Full Time,5245
TG-106852,Applicant 6852,85964.0,532, Newark,,Part Time,1645
TG-106853,Applicant 6853,33227.0,615,Queens,NJ,Unemployed,1246
TG-106854,Applicant 6854,85670.0,628,Jersey City,NJ, full time ,5128
TG-106855,Applicant 6855,135806.0,623,Jersey City,NY,Full Time,2712
TG-106856,Applicant 6856,89542.0,750,Queens,ny,Unemployed,2486
TG-106857,Applicant 6857,76219.0,562,Hoboken,NY, full time ,3901
TG-106858,Applicant 6858,66455.0,728,Queens,N.J.,Unemployed,3148
TG-106859,Applicant 6859,111955.0,607,Queens,N.J.,Part Time,2142
TG-106860,Applicant 6860,60225.0,612, Newark,ny,Full Time,3901
TG-106861,Applicant 6861,140392.0,693, Newark,,Full Time,3490
TG-106862,Applicant 6862,143001.0,645, Newark,N.J.,Full Time,4925
TG-106863,Applicant 6863,92703.0,628,Jersey City,,Part Time,2103
TG-106864,Applicant 6864,84655.0,566,Queens,, full time ,3859
TG-106865,Applicant 6865,115920.0,733,Hoboken,NY, full time ,2331
TG-106866,Applicant 6866,117844.0,611,Hoboken,,Full Time,3568
TG-106867,Applicant 6867,60820.0,700, Newark,ny, full time ,3955
TG-106868,Applicant 6868,69203.0,560, Newark,NY,Full Time,4744
TG-106869,Applicant 6869,45330.0,778,Queens,ny, full time ,1666
TG-106870,Applicant 6870,97272.0,640,Hoboken,,Full Time,5257
TG-106871,Applicant 6871,104999.0,596,Queens,N.J., full time ,5234
TG-106872,Applicant 6872,44502.0,614,Jersey City,,Unemployed,2335
TG-106873,Applicant 6873,71344.0,788,Queens,ny,Full Time,2678
TG-106874,Applicant 6874,44582.0,537, Newark,NJ,Full Time,1540
TG-106875,Applicant 6875,58036.0,812,New York,NJ,Self-Employed,1859
TG-106876,Applicant 6876,101531.0,690,Jersey City,N.J.,Full Time,1385
TG-106877,Applicant 6877,62996.0,681,Hoboken,ny, full time ,3276
TG-106878,Applicant 6878,75975.0,571,Hoboken,N.J.,Unemployed,2631
TG-106879,Applicant 6879,36181.0,555, Newark,NY,Unemployed,1946
TG-106880,Applicant 6880,90610.0,706, Newark,, full time ,5034
TG-106881,Applicant 6881,83672.0,767,Jersey City,NY,Part Time,1732
TG-106882,Applicant 6882,63131.0,571, Newark,NJ,Full Time,4175
TG-106883,Applicant 6883,79330.0,538,New York,,Unemployed,5409
TG-106884,Applicant 6884,90409.0,999,Jersey City,NY, full time ,2321
TG-106885,Applicant 6885,60554.0,658, Newark,NJ,Unemployed,4293
TG-106886,Applicant 6886,40712.0,739,Brooklyn,NY,Unemployed,2344
TG-106887,Applicant 6887,139167.0,618,New York,, full time ,1410
TG-106888,Applicant 6888,66002.0,755,Jersey City,NY,Self-Employed,4973
TG-106889,Applicant 6889,82097.0,726,Brooklyn,,Unemployed,4063
TG-106890,Applicant 6890,115325.0,663,Queens,NY,Unemployed,3633
TG-106891,Applicant 6891,190872.0,718,New York,N.J.,Part Time,3123
TG-106892,Applicant 6892,47665.0,806,Queens,NY,Self-Employed,4324
TG-106893,Applicant 6893,98495.0,783,Brooklyn,NY,Part Time,3091
TG-106894,Applicant 6894,63773.0,736,Hoboken,N.J., full time ,1840
TG-106895,Applicant 6895,68836.0,708,Hoboken,NJ,Full Time,2814
TG-106896,Applicant 6896,63394.0,563, Newark,, full time ,2684
TG-106897,Applicant 6897,51230.0,810,Hoboken,ny,Self-Employed,4992
TG-106898,Applicant 6898,83761.0,708,Queens,NJ, full time ,3125
TG-106899,Applicant 6899,40765.0,713,New York,,Self-Employed,3079
TG-106900,Applicant 6900,113404.0,789,Queens,NY,Part Time,4198
TG-106901,Applicant 6901,86650.0,779,Queens,NJ,Unemployed,2531
TG-106902,Applicant 6902,97673.0,758,Hoboken,NY, full time ,3460
TG-106903,Applicant 6903,,631,Queens,NJ, full time ,5479
TG-106904,Applicant 6904,73984.0,588,Brooklyn,NJ,Unemployed,3340
TG-106905,Applicant 6905,93627.0,568,Jersey City,ny, full time ,2843
TG-106906,Applicant 6906,50078.0,670,Jersey City,N.J., full time ,3492
TG-106907,Applicant 6907,74260.0,758,Jersey City,NJ,Full Time,4910
TG-106908,Applicant 6908,59212.0,634, Newark,NY,Full Time,2995
TG-106909,Applicant 6909,58283.0,594,Hoboken,ny,Unemployed,2877
TG-106910,Applicant 6910,21705.0,617,Hoboken,NJ,Part Time,3952
TG-106911,Applicant 6911,125180.0,630,Jersey City,N.J., full time ,2603
TG-106912,Applicant 6912,64404.0,804,New York,NY, full time ,1438
TG-106913,Applicant 6913,119901.0,775, Newark,ny,Part Time,1518
TG-106914,Applicant 6914,117064.0,636,Jersey City,, full time ,1761
TG-106915,Applicant 6915,46420.0,695,Queens,N.J.,Part Time,4007
TG-106916,Applicant 6916,52348.0,747,Jersey City,,Unemployed,3577
TG-106917,Applicant 6917,161815.0,625,Jersey City,,Unemployed,4613
TG-106918,Applicant 6918,137528.0,758,New York,ny,Part Time,5238
TG-106919,Applicant 6919,84054.0,619,Hoboken,ny,Part Time,3859
TG-106920,Applicant 6920,92721.0,695,Hoboken,ny,Self-Employed,2707
TG-106921,Applicant 6921,66075.0,768,Queens,,Full Time,3220
TG-106922,Applicant 6922,97971.0,595,Jersey City,NY,Full Time,1354
TG-106923,Applicant 6923,63485.0,522,Brooklyn,ny, full time ,1741
TG-106924,Applicant 6924,24029.0,600,Queens,N.J., full time ,5455
TG-106925,Applicant 6925,45353.0,807,Hoboken,ny,Part Time,2804
TG-106926,Applicant 6926,85633.0,527,New York,ny,Part Time,2884
TG-106927,Applicant 6927,51068.0,606,Hoboken,ny,Full Time,3736
TG-106928,Applicant 6928 ,82982.0,805,Hoboken,, full time ,2479
TG-106929,Applicant 6929,52760.0,593,New York,NY,Full Time,5351
TG-106930,Applicant 6930,61529.0,642,Jersey City,ny,Unemployed,4099
TG-106931,Applicant 6931,110595.0,813,Jersey City,,Full Time,2068
TG-106932,Applicant 6932,92424.0,662,Hoboken,N.J.,Full Time,4213
TG-106933,Applicant 6933,84710.0,677,Queens,NY,Part Time,4366
TG-106934,Applicant 6934,111369.0,628,Brooklyn,, full time ,4510
TG-106935,Applicant 6935,99418.0,714,Queens,NJ,Unemployed,1882
TG-106936,Applicant 6936,128397.0,555, Newark,N.J.,Full Time,3463
TG-106937,Applicant 6937,71204.0,609,Queens,N.J.,Full Time,2661
TG-106938,Applicant 6938,72111.0,815,Hoboken,NJ,Part Time,5029
TG-106939,Applicant 6939,,720,Hoboken,,Self-Employed,1345
TG-106940,Applicant 6940,72131.0,565,Brooklyn,, full time ,3174
TG-106941,Applicant 6941,113943.0,626,Brooklyn,N.J., full time ,3020
TG-106942,Applicant 6942,124000.0,689,Brooklyn,, full time ,1804
TG-106943,Applicant 6943,113809.0,665,Hoboken,NJ,Full Time,2806
TG-106944,Applicant 6944,31174.0,697,Hoboken,,Full Time,5439
TG-106945,Applicant 6945,117494.0,580,Queens,N.J.,Full Time,4399
TG-106946,Applicant 6946,29844.0,522,Hoboken,,Self-Employed,2747
TG-106947,Applicant 6947,111944.0,601, Newark,NY,Full Time,3972
TG-106948,Applicant 6948,73966.0,782,Jersey City,NJ, full time ,3187
TG-106949,Applicant 6949,106076.0,806,Jersey City,NJ, full time ,2585
TG-106950,Applicant 6950,45027.0,614,Brooklyn,ny,Part Time,4843
TG-106951,Applicant 6951,120135.0,583,Hoboken,,Self-Employed,4096
TG-106952,Applicant 6952,41051.0,765, Newark,NJ,Unemployed,3019
TG-106953,Applicant 6953,64946.0,596,Jersey City,,Full Time,3854
TG-106954,Applicant 6954,55057.0,778,Queens,NY,Unemployed,3319
TG-106955,Applicant 6955,32371.0,612,New York,N.J.,Full Time,2145
TG-106956,Applicant 6956,87836.0,810,Queens,N.J.,Self-Employed,2505
TG-106957,Applicant 6957,139183.0,790,New York,ny,Self-Employed,3101
TG-106958,Applicant 6958,165007.0,540, Newark,ny, full time ,4895
TG-106959,Applicant 6959,87915.0,581,Queens,NJ,Self-Employed,1358
TG-106960,Applicant 6960,118500.0,779,Jersey City,NJ,Unemployed,4994
TG-106961,Applicant 6961,91963.0,756,Hoboken,NJ,Unemployed,4522
TG-106962,Applicant 6962,99966.0,660,New York,NY,Self-Employed,2550
TG-106963,Applicant 6963,74736.0,686,Hoboken,ny,Unemployed,2854
TG-106964,Applicant 6964,90852.0,586, Newark,ny,Full Time,4230
TG-106965,Applicant 6965,101124.0,577,Hoboken,N.J.,Part Time,1875
TG-106966,Applicant 6966,67646.0,731,Jersey City,ny, full time ,1568
TG-106967,Applicant 6967,82675.0,649, Newark,ny,Part Time,4375
TG-106968,Applicant 6968,83247.0,544,Brooklyn,NY,Unemployed,2403
TG-106969,Applicant 6969,109792.0,530,Brooklyn,NJ, full time ,4560
TG-106970,Applicant 6970,,776,New York,NY,Part Time,2671
TG-106971,Applicant 6971,83454.0,600,Jersey City,,Part Time,2548
TG-106972,Applicant 6972,142360.0,805,Hoboken,N.J.,Unemployed,4623
TG-106973,Applicant 6973,119922.0,538,Queens,N.J., full time ,4216
TG-106974,Applicant 6974,125475.0,629,Queens,N.J., full time ,1869
TG-106975,Applicant 6975,85733.0,553, Newark,NJ,Part Time,2454
TG-106976,Applicant 6976,94630.0,807,New York,NJ, full time ,3208
TG-106977,Applicant 6977,115067.0,774,New York,NJ, full time ,2026
TG-106978,Applicant 6978,131808.0,645,New York,N.J.,Full Time,3511
TG-106979,Applicant 6979,26452.0,728,Jersey City,N.J.,Unemployed,1649
TG-106980,Applicant 6980,45537.0,653,Queens,N.J.,Unemployed,1748
TG-106981,Applicant 6981,124283.0,605, Newark,,Full Time,2834
TG-106982,Applicant 6982,76693.0,594,Jersey City,,Part Time,4869
TG-106983,Applicant 6983,64848.0,654, Newark,N.J.,Self-Employed,3312
TG-106984,Applicant 6984,47375.0,692,Jersey City,NJ,Part Time,2838
TG-106985,Applicant 6985,68349.0,732,Hoboken,NJ,Full Time,2207
TG-106986,Applicant 6986,42929.0,538,Jersey City,, full time ,5431
TG-106987,Applicant 6987,147733.0,638,Jersey City,,Full Time,4585
TG-106988,Applicant 6988,84327.0,804,Hoboken,N.J.,Unemployed,2210
TG-106989,Applicant 6989,83261.0,746,Brooklyn,N.J., full time ,3973
TG-106990,Applicant 6990,102642.0,731,Hoboken,NJ,Part Time,4000
TG-106991,Applicant 6991,113870.0,708,New York,ny, full time ,1509
TG-106992,Applicant 6992,113377.0,670,Brooklyn,NJ,Unemployed,1355
TG-106993,Applicant 6993 ,,742,Queens,NJ,Full Time,2836
TG-106994,Applicant 6994,66075.0,647, Newark,N.J.,Part Time,4352
TG-106995,Applicant 6995,76064.0,767,Jersey City,ny,Self-Employed,4330
TG-106996,Applicant 6996,108071.0,570,Brooklyn,ny,Self-Employed,2460
TG-106997,Applicant 6997,69178.0,710,Queens,N.J.,Full Time,4580
TG-106998,Applicant 6998,84847.0,756,Hoboken,NY,Part Time,2830
TG-106999,Applicant 6999,96963.0,541,Hoboken,N.J.,Part Time,2345
TG-107000,Applicant 7000,108556.0,629,New York,, full time ,3594
TG-107001,Applicant 7001,31670.0,552,New York,ny,Full Time,1235
TG-107002,Applicant 7002,106442.0,646,Brooklyn,N.J., full time ,1924
TG-107003,Applicant 7003,77988.0,563, Newark,NJ,Full Time,2676
TG-107004,Applicant 7004,106224.0,526,Jersey City,NJ,Unemployed,3706
TG-107005,Applicant 7005,108308.0,647,Hoboken,NJ,Full Time,4497
TG-107006,Applicant 7006,133237.0,610,Brooklyn,N.J., full time ,2090
TG-107007,Applicant 7007,125604.0,649,Brooklyn,NY,Part Time,4049
TG-107008,Applicant 7008,125397.0,536, Newark,,Full Time,2600
TG-107009,Applicant 7009,128310.0,705,Brooklyn,NJ,Part Time,2226
TG-107010,Applicant 7010,93741.0,629,New York,N.J.,Unemployed,5301
TG-107011,Applicant 7011,85966.0,805, Newark,NY,Self-Employed,3860
TG-107012,Applicant 7012,111185.0,682,Hoboken,ny,Self-Employed,3606
TG-107013,Applicant 7013,106962.0,594,New York,ny, full time ,4205
TG-107014,Applicant 7014,75728.0,718,New York,,Full Time,4949
TG-107015,Applicant 7015,97145.0,806, Newark,N.J.,Unemployed,1875
,Applicant 7016,83947.0,701, Newark,N.J.,Unemployed,4049
TG-107017,Applicant 7017,59382.0,616,Brooklyn,NJ,Part Time,1717
TG-107018,Applicant 7018,123714.0,570,Queens,NY, full time ,5185
TG-107019,Applicant 7019,86656.0,553,Queens,,Unemployed,3786
TG-107020,Applicant 7020,146461.0,540,Queens,NY,Full Time,1361
TG-107021,Applicant 7021,36235.0,703,Brooklyn,,Unemployed,1800
TG-107022,Applicant 7022,68297.0,812,Jersey City,N.J.,Self-Employed,2759
TG-107023,Applicant 7023,85979.0,583,Hoboken,N.J., full time ,1864
TG-107024,Applicant 7024,119121.0,643,Brooklyn,,Part Time,4981
TG-107025,Applicant 7025,96984.0,620,Brooklyn,NY,Full Time,3239
TG-107026,Applicant 7026,94314.0,638,New York,ny,Self-Employed,4990
TG-107027,Applicant 7027,51182.0,597,Queens,ny,Unemployed,2972
TG-107028,Applicant 7028,50292.0,700, Newark,NJ, full time ,2590
TG-107029,Applicant 7029,94675.0,718,Brooklyn,NJ, full time ,5486
TG-107030,Applicant 7030,44077.0,709,Jersey City,NY,Full Time,2917
TG-107031,Applicant 7031,,622,Hoboken,N.J.,Part Time,3157
TG-107032,Applicant 7032,100028.0,794,Jersey City,NY,Self-Employed,2859
TG-107033,Applicant 7033,55530.0,649,Brooklyn,,Part Time,4288
TG-107034,Applicant 7034,133161.0,760,Brooklyn,ny,Full Time,3278
TG-107035,Applicant 7035,121718.0,653,New York,NJ,Full Time,4144
TG-107036,Applicant 7036,,676,Jersey City,NY,Self-Employed,3027
TG-107037,Applicant 7037,57029.0,677,New York,NY, full time ,3639
TG-107038,Applicant 7038,16427.0,709, Newark,, full time ,2316
TG-107039,Applicant 7039,61522.0,619,Jersey City,N.J.,Self-Employed,3205
TG-107040,Applicant 7040,107992.0,571,Queens,N.J.,Part Time,2361
TG-107041,Applicant 7041,72583.0,568, Newark,ny,Self-Employed,5319
TG-107042,Applicant 7042,98824.0,619,Queens,NJ, full time ,1367
TG-107043,Applicant 7043,39330.0,770,Jersey City,N.J.,Part Time,3200
TG-107044,Applicant 7044,108939.0,573,New York,N.J.,Unemployed,1488
TG-107045,Applicant 7045,68347.0,656,Queens,N.J.,Part Time,2237
TG-107046,Applicant 7046,85365.0,681,Brooklyn,NY, full time ,3685
TG-107047,Applicant 7047,82214.0,811,Hoboken,N.J.,Full Time,4564
TG-107048,Applicant 7048,,600,New York,,Part Time,3331
TG-107049,Applicant 7049,50407.0,739, Newark,ny,Part Time,5173
TG-107050,Applicant 7050,114034.0,604, Newark,N.J.,Full Time,2384
TG-107051,Applicant 7051,96970.0,602,Jersey City,NJ, full time ,3553
TG-107052,Applicant 7052,116501.0,586, Newark,NY,Unemployed,2682
TG-107053,Applicant 7053,94740.0,753,Hoboken,,Unemployed,4867
TG-107054,Applicant 7054,89290.0,717,Hoboken,ny,Self-Employed,1399
TG-107055,Applicant 7055,33220.0,778,Brooklyn,NY,Unemployed,1534
TG-107056,Applicant 7056,76889.0,696, Newark,,Unemployed,4613
TG-107057,Applicant 7057,84178.0,817,New York,NY,Part Time,1378
TG-107058,Applicant 7058,143593.0,799,Hoboken,ny,Self-Employed,1649
TG-107059,Applicant 7059,105609.0,819,New York,ny,Unemployed,2924
TG-107060,Applicant 7060,131082.0,648,Brooklyn,N.J.,Part Time,2379
TG-107061,Applicant 7061,102926.0,699,Jersey City,NJ,Self-Employed,2067
TG-107062,Applicant 7062,63661.0,811,Hoboken,N.J.,Part Time,2177
TG-107063,Applicant 7063,88514.0,726,Hoboken,NY,Full Time,4840
TG-107064,Applicant 7064,92087.0,813,Hoboken,N.J., full time ,1865
TG-107065,Applicant 7065,56825.0,694, Newark,ny, full time ,3272
TG-107066,Applicant 7066,73468.0,548,New York,ny, full time ,3723
TG-107067,Applicant 7067,78827.0,698,Hoboken,ny,Unemployed,1982
TG-107068,Applicant 7068,133169.0,560,New York,N.J., full time ,5497
TG-107069,Applicant 7069,22578.0,711, Newark,, full time ,2687
TG-107070,Applicant 7070,121175.0,756,Queens,N.J.,Self-Employed,4750
TG-107071,Applicant 7071,56896.0,744,Queens,N.J.,Self-Employed,4650
TG-107072,Applicant 7072,43838.0,633,New York,N.J.,Self-Employed,3358
TG-107073,Applicant 7073,120398.0,797, Newark,N.J.,Unemployed,1322
TG-107074,Applicant 7074,106957.0,536,Queens,ny, full time ,3682
TG-107075,Applicant 7075,122636.0,605,Brooklyn,NJ,Unemployed,5273
TG-107076,Applicant 7076,109021.0,700,Brooklyn,N.J.,Unemployed,2159
TG-107077,Applicant 7077,146795.0,664,Queens,N.J.,Unemployed,2606
TG-107078,Applicant 7078,101762.0,744,Jersey City,NJ,Unemployed,4745
TG-107079,Applicant 7079,80306.0,573,New York,N.J.,Unemployed,1763
TG-107080,Applicant 7080,95288.0,587,Queens,NJ,Unemployed,1924
TG-107081,Applicant 7081,122304.0,626,New York,ny, full time ,1446
TG-107082,Applicant 7082,61619.0,596, Newark,,Self-Employed,3828
TG-107083,Applicant 7083,65443.0,546,Queens,N.J.,Part Time,1604
TG-107084,Applicant 7084,75731.0,674,Brooklyn,,Part Time,3753
TG-107085,Applicant 7085,21863.0,591, Newark,N.J.,Part Time,2447
TG-107086,Applicant 7086,89142.0,699,Jersey City,NY,Full Time,3594
TG-107087,Applicant 7087,28416.0,566,New York,NY,Self-Employed,2427
TG-107088,Applicant 7088,86592.0,761,Jersey City,ny, full time ,1832
TG-107089,Applicant 7089,110959.0,796,Brooklyn,,Unemployed,4580
TG-107090,Applicant 7090,70694.0,624,Hoboken,,Part Time,1858
TG-107091,Applicant 7091,135313.0,614,Hoboken,NJ,Self-Employed,3250
TG-107092,Applicant 7092,41185.0,738,New York,NJ, full time ,4621
TG-107093,Applicant 7093,120738.0,689, Newark,N.J.,Part Time,2323
TG-107094,Applicant 7094,105254.0,802,Brooklyn,NJ,Self-Employed,2083
TG-107095,Applicant 7095,33519.0,647,New York,NJ, full time ,1896
TG-107096,Applicant 7096,166324.0,719, Newark,,Self-Employed,1914
TG-107097,Applicant 7097,83088.0,554,New York,NY,Unemployed,5189
TG-107098,Applicant 7098,58675.0,663,New York,,Self-Employed,1441
TG-107099,Applicant 7099,42787.0,811,Jersey City,NJ,Self-Employed,5474
TG-107100,Applicant 7100,78399.0,585,Queens,N.J.,Full Time,3427
TG-107101,Applicant 7101,81178.0,738,Brooklyn,NY,Unemployed,4205
TG-107102,Applicant 7102,88079.0,575,Jersey City,NJ,Self-Employed,2539
TG-107103,Applicant 7103,76066.0,664, Newark,NJ,Unemployed,2943
TG-107104,Applicant 7104,103997.0,732,Queens,N.J.,Self-Employed,3878
TG-107105,Applicant 7105,73371.0,613,New York,N.J.,Unemployed,2660
TG-107106,Applicant 7106,26951.0,625,Hoboken,NJ, full time ,1586
TG-107107,Applicant 7107,80519.0,603,Jersey City,NJ,Part Time,2641
TG-107108,Applicant 7108,13976.0,655,Brooklyn,,Full Time,2000
TG-107109,Applicant 7109,,665,Brooklyn,ny,Part Time,1806
TG-107110,Applicant 7110,55621.0,768,Queens,N.J.,Self-Employed,3117
TG-107111,Applicant 7111,89901.0,537,Jersey City,N.J.,Self-Employed,4309
TG-107112,Applicant 7112,124422.0,644,New York,, full time ,1565
TG-107113,Applicant 7113,56538.0,521,Queens,NY,Self-Employed,5241
TG-107114,Applicant 7114,116838.0,719, Newark,NY,Unemployed,2184
TG-107115,Applicant 7115,71998.0,657,Brooklyn,NY,Part Time,2324
TG-107116,Applicant 7116,137596.0,722, Newark,N.J.,Self-Employed,1690
TG-107117,Applicant 7117,74045.0,801,Jersey City,ny, full time ,4844
TG-107118,Applicant 7118,59785.0,549,Hoboken,ny,Full Time,5424
TG-107119,Applicant 7119,105617.0,575, Newark,,Part Time,5270
TG-107120,Applicant 7120,71926.0,638,New York,NY, full time ,3226
TG-107121,Applicant 7121,59757.0,651,Brooklyn,NY, full time ,1220
TG-107122,Applicant 7122,70665.0,750,Jersey City,NJ,Part Time,1227
TG-107123,Applicant 7123,83662.0,671,Hoboken,, full time ,3697
TG-107124,Applicant 7124,125265.0,540,Brooklyn,,Full Time,4763
TG-107125,Applicant 7125,26977.0,587,Hoboken,N.J.,Full Time,2653
TG-107126,Applicant 7126 ,85692.0,645,Brooklyn,N.J.,Self-Employed,3482
TG-107127,Applicant 7127,103747.0,562,Queens,,Unemployed,3671
TG-107128,Applicant 7128,90803.0,701,Queens,ny,Self-Employed,3329
TG-107129,Applicant 7129,124296.0,619,Queens,,Unemployed,3612
TG-107130,Applicant 7130,82770.0,759,Jersey City,ny,Part Time,2675
TG-107131,Applicant 7131,79463.0,719,Queens,N.J., full time ,2135
TG-107132,Applicant 7132,102770.0,635,Jersey City,,Self-Employed,1434
TG-107133,Applicant 7133,87979.0,634,New York,ny, full time ,1234
TG-107134,Applicant 7134,73288.0,661,Queens,NJ,Self-Employed,1538
TG-107135,Applicant 7135,100484.0,638,Jersey City,NJ,Self-Employed,5227
TG-107136,Applicant 7136,65424.0,612,Brooklyn,,Full Time,4725
TG-107137,Applicant 7137,66665.0,528,Jersey City,NY,Unemployed,2702
TG-107138,Applicant 7138,69160.0,592, Newark,,Part Time,4324
TG-107139,Applicant 7139,125592.0,545,Jersey City,N.J., full time ,4883
TG-107140,Applicant 7140,-11630.0,758, Newark,N.J.,Self-Employed,3690
TG-107141,Applicant 7141,96868.0,664,Brooklyn,NJ, full time ,1905
TG-107142,Applicant 7142,86028.0,587,Jersey City,ny,Full Time,3540
TG-107143,Applicant 7143,34574.0,707,Brooklyn,NJ,Part Time,2324
TG-107144,Applicant 7144,,650, Newark,ny,Unemployed,2799
TG-107145,Applicant 7145,99273.0,740,Hoboken,,Unemployed,1438
TG-107146,Applicant 7146,102689.0,800,Queens,NY,Self-Employed,2347
TG-107147,Applicant 7147,5445.0,796, Newark,N.J.,Part Time,5108
TG-107148,Applicant 7148,125992.0,999,New York,,Unemployed,5444
TG-107149,Applicant 7149,62868.0,573,Jersey City,NJ,Part Time,3304
TG-107150,Applicant 7150,105597.0,520,Brooklyn,, full time ,3403
TG-107151,Applicant 7151,107232.0,999,Queens,NY,Full Time,4868
TG-107152,Applicant 7152,58699.0,520,Jersey City,ny,Part Time,3362
TG-107153,Applicant 7153,104814.0,692,Queens,NY,Part Time,4805
TG-107154,Applicant 7154,73435.0,785,Hoboken,NJ,Unemployed,4765
TG-107155,Applicant 7155,22859.0,815,Jersey City,NY,Self-Employed,4817
TG-107156,Applicant 7156,120032.0,775,Brooklyn,N.J.,Self-Employed,4133
TG-107157,Applicant 7157,61749.0,693,Hoboken,NY, full time ,4308
TG-107158,Applicant 7158,59365.0,564,Jersey City,,Unemployed,1664
TG-107159,Applicant 7159,72908.0,660,Queens,ny,Unemployed,3234
TG-107160,Applicant 7160,93167.0,546,Hoboken,N.J.,Full Time,4094
TG-107161,Applicant 7161,83282.0,752,Brooklyn,N.J.,Self-Employed,3985
TG-107162,Applicant 7162,101442.0,728,Jersey City,N.J.,Unemployed,4120
TG-107163,Applicant 7163,44815.0,569,Queens,NJ, full time ,2010
TG-107164,Applicant 7164,62728.0,580,Queens,NJ,Full Time,1598
,Applicant 7165,81520.0,762, Newark,,Self-Employed,2275
TG-107166,Applicant 7166,141937.0,788,Hoboken,ny,Self-Employed,4019
TG-107167,Applicant 7167,81586.0,659,Jersey City,NY,Self-Employed,3062
TG-107168,Applicant 7168,117557.0,676, Newark,,Full Time,4479
TG-107169,Applicant 7169,86157.0,604,Queens,NJ, full time ,2085
TG-107170,Applicant 7170,70490.0,603,Hoboken,, full time ,3766
TG-107171,Applicant 7171,77598.0,999,New York,ny,Unemployed,4440
TG-107172,Applicant 7172,79947.0,550,Queens,,Unemployed,2873
TG-107173,Applicant 7173,103109.0,527,Hoboken,N.J.,Self-Employed,3949
TG-107174,Applicant 7174,126238.0,799,New York,NY,Part Time,3184
TG-107175,Applicant 7175,95790.0,722,Hoboken,NJ,Unemployed,2891
TG-107176,Applicant 7176,120612.0,552,Queens,NJ, full time ,5353
TG-107177,Applicant 7177,56056.0,817,New York,ny,Self-Employed,4967
TG-107178,Applicant 7178,,662,Hoboken,ny, full time ,1857
TG-107179,Applicant 7179,63271.0,556,Jersey City,ny,Self-Employed,4456
TG-107180,Applicant 7180,94433.0,666,New York,NJ,Full Time,5254
TG-107181,Applicant 7181,74231.0,747,Hoboken,N.J.,Unemployed,2710
TG-107182,Applicant 7182,106893.0,553,Jersey City,NY,Full Time,2268
TG-107183,Applicant 7183,57070.0,756,New York,ny,Unemployed,2585
TG-107184,Applicant 7184,86291.0,731,Hoboken,NJ, full time ,3814
TG-107185,Applicant 7185,105606.0,659,Queens,N.J., full time ,1971
TG-107186,Applicant 7186,23041.0,709,New York,ny,Part Time,3774
TG-107187,Applicant 7187,148649.0,615,New York,ny, full time ,3396
TG-107188,Applicant 7188,76505.0,713,Jersey City,NY,Self-Employed,3197
TG-107189,Applicant 7189,24249.0,815, Newark,NY,Part Time,3282
TG-107190,Applicant 7190,89743.0,671, Newark,,Self-Employed,3628
TG-107191,Applicant 7191,86003.0,742,Hoboken,ny,Part Time,1971
TG-107192,Applicant 7192,82543.0,715,Queens,,Self-Employed,3474
TG-107193,Applicant 7193,114736.0,607,Jersey City,NJ,Part Time,2363
TG-107194,Applicant 7194,107423.0,818,New York,NY,Unemployed,4837
TG-107195,Applicant 7195,93936.0,536, Newark,N.J.,Unemployed,4893
TG-107196,Applicant 7196,98505.0,730,Jersey City,ny,Part Time,4550
TG-107197,Applicant 7197,81869.0,751,Jersey City,ny,Full Time,3579
TG-107198,Applicant 7198,138265.0,702,Jersey City,,Part Time,1972
TG-107199,Applicant 7199,40624.0,681,New York,NY,Full Time,1923
TG-107200,Applicant 7200,89190.0,589,Brooklyn,,Self-Employed,2418
TG-107201,Applicant 7201,86951.0,579,Jersey City,ny,Part Time,1905
TG-107202,Applicant 7202,109398.0,698,Brooklyn,NY,Full Time,2481
TG-107203,Applicant 7203,59684.0,596, Newark,ny,Part Time,3935
TG-107204,Applicant 7204,32690.0,554,Queens,NY,Unemployed,1810
TG-107205,Applicant 7205,89705.0,535, Newark,ny,Unemployed,2931
TG-107206,Applicant 7206,93437.0,813,Queens,N.J.,Part Time,2852
TG-107207,Applicant 7207,129688.0,690,Queens,,Part Time,2101
TG-107208,Applicant 7208,46889.0,551, Newark,NY, full time ,5246
,Applicant 7209,119641.0,782,Hoboken,,Unemployed,4396
TG-107210,Applicant 7210,156022.0,734,New York,NY,Self-Employed,4731
TG-107211,Applicant 7211,73667.0,565,Brooklyn,NY,Part Time,1370
TG-107212,Applicant 7212,46272.0,708,Hoboken,NY, full time ,3599
TG-107213,Applicant 7213,72791.0,793,Brooklyn,ny,Part Time,5163
TG-107214,Applicant 7214,85420.0,590,New York,NJ,Unemployed,2574
TG-107215,Applicant 7215,101914.0,815,Jersey City,ny,Full Time,2796
TG-107216,Applicant 7216,67258.0,607, Newark,NJ,Full Time,2195
TG-107217,Applicant 7217 ,131656.0,780,Hoboken,ny,Unemployed,4496
TG-107218,Applicant 7218,51564.0,701,New York,NJ,Self-Employed,1945
TG-107219,Applicant 7219,32824.0,541, Newark,NY, full time ,3009
TG-107220,Applicant 7220,118201.0,593,Hoboken,NY,Part Time,1942
TG-107221,Applicant 7221,16761.0,609,Queens,NJ,Part Time,4520
TG-107222,Applicant 7222,78876.0,685,Hoboken,NJ,Part Time,2693
TG-107223,Applicant 7223,,753,Jersey City,, full time ,4720
TG-107224,Applicant 7224,84639.0,648,Jersey City,NY, full time ,4622
TG-107225,Applicant 7225,51377.0,811,Brooklyn,ny,Unemployed,4355
TG-107226,Applicant 7226 ,83278.0,614,Hoboken,, full time ,3923
TG-107227,Applicant 7227,,547,Queens,NJ,Part Time,3200
TG-107228,Applicant 7228,89819.0,554,Jersey City,ny,Part Time,5468
TG-107229,Applicant 7229,104868.0,750,Brooklyn,N.J., full time ,3128
TG-107230,Applicant 7230,53827.0,644,Queens,N.J., full time ,5440
TG-107231,Applicant 7231,135626.0,598,Queens,N.J.,Unemployed,4722
TG-107232,Applicant 7232,92353.0,580,Queens,ny,Full Time,3568
TG-107233,Applicant 7233,106804.0,736,New York,NJ, full time ,2371
TG-107234,Applicant 7234,66156.0,801,Jersey City,ny,Full Time,3953
TG-107235,Applicant 7235,123591.0,682,New York,,Self-Employed,4159
TG-107236,Applicant 7236,77288.0,576,New York,,Full Time,2864
TG-107237,Applicant 7237,,710,Jersey City,N.J., full time ,3922
TG-107238,Applicant 7238,57007.0,651,Hoboken,NJ,Part Time,4400
TG-107239,Applicant 7239,55092.0,561, Newark,,Part Time,1882
TG-107240,Applicant 7240,105646.0,692,Brooklyn,NY, full time ,5108
TG-107241,Applicant 7241,71692.0,686, Newark,NY,Unemployed,2709
TG-107242,Applicant 7242,59385.0,769, Newark,N.J., full time ,3463
TG-107243,Applicant 7243,65704.0,712, Newark,N.J., full time ,3484
TG-107244,Applicant 7244,105969.0,797, Newark,N.J.,Unemployed,3343
TG-107245,Applicant 7245,66129.0,757,Jersey City,,Unemployed,4159
TG-107246,Applicant 7246,81470.0,749, Newark,NJ,Self-Employed,2856
TG-107247,Applicant 7247,85451.0,684,Brooklyn,N.J.,Self-Employed,4466
TG-107248,Applicant 7248,27480.0,762,Hoboken,ny,Self-Employed,2473
TG-107249,Applicant 7249,40866.0,609,Jersey City,N.J.,Unemployed,4718
TG-107250,Applicant 7250,95088.0,698, Newark,,Full Time,3215
TG-107251,Applicant 7251,62889.0,577,Queens,NJ, full time ,2117
TG-107252,Applicant 7252,116702.0,782,Jersey City,N.J.,Self-Employed,2151
TG-107253,Applicant 7253,114004.0,655,Hoboken,NY,Full Time,4224
TG-107254,Applicant 7254,106575.0,757, Newark,N.J., full time ,1354
TG-107255,Applicant 7255,139593.0,762,New York,N.J.,Full Time,1500
TG-107256,Applicant 7256,82507.0,670,Jersey City,NJ,Part Time,1394
TG-107257,Applicant 7257,104466.0,766,Queens,ny,Part Time,2637
TG-107258,Applicant 7258,67468.0,738,Jersey City,N.J., full time ,1932
TG-107259,Applicant 7259,158571.0,528,New York,N.J.,Full Time,4244
TG-107260,Applicant 7260,144509.0,813,Jersey City,,Full Time,2651
TG-107261,Applicant 7261,85356.0,532,Queens,NJ,Unemployed,2488
TG-107262,Applicant 7262,96598.0,782,Hoboken,,Self-Employed,4447
TG-107263,Applicant 7263,125779.0,744,Queens,N.J., full time ,2575
TG-107264,Applicant 7264,80586.0,750,Hoboken,N.J.,Full Time,5479
TG-107265,Applicant 7265,,697,Queens,NY,Self-Employed,5173
TG-107266,Applicant 7266,111220.0,766,Brooklyn,, full time ,4464
TG-107267,Applicant 7267,87353.0,586,Jersey City,NJ,Full Time,2199
TG-107268,Applicant 7268,90490.0,816,Jersey City,N.J.,Part Time,3242
TG-107269,Applicant 7269,,676,New York,NY,Full Time,2244
TG-107270,Applicant 7270,33470.0,684,Brooklyn,NY,Part Time,4605
TG-107271,Applicant 7271,92084.0,703,New York,ny,Part Time,2278
TG-107272,Applicant 7272,112149.0,727,Jersey City,NJ,Unemployed,2757
TG-107273,Applicant 7273,78226.0,535,New York,NY,Unemployed,3336
TG-107274,Applicant 7274,128093.0,819,Hoboken,NJ,Self-Employed,4127
TG-107275,Applicant 7275,63883.0,760,Brooklyn,N.J., full time ,3034
TG-107276,Applicant 7276,53359.0,749,Queens,ny,Self-Employed,5019
TG-107277,Applicant 7277,82983.0,537,Hoboken,NJ,Unemployed,3243
TG-107278,Applicant 7278,82522.0,666, Newark,ny,Self-Employed,1640
TG-107279,Applicant 7279,108099.0,763,Queens,NJ, full time ,5154
TG-107280,Applicant 7280,61751.0,570,New York,NJ, full time ,2668
TG-107281,Applicant 7281,126043.0,778,Jersey City,,Full Time,3162
TG-107282,Applicant 7282,144008.0,757,Hoboken,ny,Self-Employed,4648
TG-107283,Applicant 7283,83826.0,765,Brooklyn,NJ,Unemployed,4767
TG-107284,Applicant 7284,122491.0,999,Queens,,Full Time,4094
TG-107285,Applicant 7285,53305.0,803, Newark,,Self-Employed,5135
TG-107286,Applicant 7286,117257.0,557,Hoboken,ny, full time ,4210
TG-107287,Applicant 7287,116418.0,803,Jersey City,N.J.,Unemployed,5063
TG-107288,Applicant 7288,110903.0,551,Brooklyn,ny,Self-Employed,4655
TG-107289,Applicant 7289,84533.0,762,Brooklyn,NJ, full time ,1944
TG-107290,Applicant 7290,-3627.0,560,Queens,N.J., full time ,1756
TG-107291,Applicant 7291 ,65748.0,811,Hoboken,ny,Self-Employed,5000
TG-107292,Applicant 7292,66223.0,999,Hoboken,ny,Self-Employed,3051
TG-107293,Applicant 7293,55652.0,811,Brooklyn,ny,Unemployed,3619
TG-107294,Applicant 7294,88667.0,626,New York,ny,Full Time,3556
TG-107295,Applicant 7295,72431.0,765,Brooklyn,N.J., full time ,5064
TG-107296,Applicant 7296,60262.0,606,Jersey City,NJ,Full Time,5397
TG-107297,Applicant 7297,53236.0,585,Hoboken,,Full Time,3083
TG-107298,Applicant 7298,63535.0,657,Queens,ny, full time ,5497
TG-107299,Applicant 7299,118645.0,719,Hoboken,,Self-Employed,5043
TG-107300,Applicant 7300,65169.0,612,Brooklyn,, full time ,5328
TG-107301,Applicant 7301,69552.0,797,Jersey City,,Full Time,1217
TG-107302,Applicant 7302,71299.0,539,New York,ny,Unemployed,1871
TG-107303,Applicant 7303,95170.0,808,Hoboken,ny, full time ,2338
TG-107304,Applicant 7304,98687.0,609,Brooklyn,ny,Unemployed,1407
TG-107305,Applicant 7305,-6340.0,569, Newark,ny,Self-Employed,1360
TG-107306,Applicant 7306,115649.0,529,Brooklyn,NY,Self-Employed,4561
TG-107307,Applicant 7307,128091.0,598,Brooklyn,NJ,Unemployed,2782
TG-107308,Applicant 7308,53494.0,556,Jersey City,NY,Unemployed,3185
TG-107309,Applicant 7309,55831.0,578,Brooklyn,N.J., full time ,4156
TG-107310,Applicant 7310,71492.0,607,Brooklyn,NY,Self-Employed,1251
TG-107311,Applicant 7311,62320.0,623,Brooklyn,NY,Unemployed,3865
TG-107312,Applicant 7312,91718.0,796,Hoboken,NY,Part Time,2944
TG-107313,Applicant 7313,26604.0,623,Brooklyn,NJ, full time ,2163
TG-107314,Applicant 7314,51462.0,773,Jersey City,, full time ,4910
TG-107315,Applicant 7315,131176.0,749, Newark,N.J.,Part Time,2349
TG-107316,Applicant 7316,57153.0,556,Hoboken,N.J.,Self-Employed,3759
TG-107317,Applicant 7317,122303.0,661, Newark,NJ,Unemployed,3377
TG-107318,Applicant 7318,95660.0,562,Brooklyn,NY,Unemployed,3955
TG-107319,Applicant 7319,30722.0,635,New York,,Self-Employed,2267
TG-107320,Applicant 7320,104060.0,603, Newark,ny,Part Time,3029
TG-107321,Applicant 7321,81470.0,778,Jersey City,NJ,Part Time,5483
TG-107322,Applicant 7322,71336.0,606,New York,,Part Time,2122
TG-107323,Applicant 7323,92349.0,810,Jersey City,NJ, full time ,2750
TG-107324,Applicant 7324,99239.0,615,New York,NJ,Unemployed,4182
TG-107325,Applicant 7325,106228.0,774,Brooklyn,ny,Full Time,3244
TG-107326,Applicant 7326,120348.0,655,New York,, full time ,4181
TG-107327,Applicant 7327,97244.0,767, Newark,NY, full time ,2797
TG-107328,Applicant 7328,43731.0,611,New York,,Unemployed,3521
TG-107329,Applicant 7329,70791.0,766,Jersey City,,Self-Employed,3221
TG-107330,Applicant 7330,173291.0,777,Brooklyn,NY,Unemployed,2517
TG-107331,Applicant 7331,106735.0,706,Jersey City,ny,Self-Employed,4675
,Applicant 7332,156079.0,643,Brooklyn,,Unemployed,4755
TG-107333,Applicant 7333,126863.0,779, Newark,NY, full time ,5497
TG-107334,Applicant 7334,92254.0,688,Queens,NJ,Part Time,2757
TG-107335,Applicant 7335,94042.0,630,Hoboken,NJ, full time ,4998
TG-107336,Applicant 7336,83903.0,809, Newark,NY, full time ,2269
TG-107337,Applicant 7337,32866.0,606, Newark,NJ,Full Time,1697
TG-107338,Applicant 7338,85541.0,532,Hoboken,, full time ,1304
TG-107339,Applicant 7339 ,121320.0,782,Jersey City,NY, full time ,4953
TG-107340,Applicant 7340,67011.0,807, Newark,, full time ,5235
TG-107341,Applicant 7341,97359.0,542,Brooklyn,N.J.,Full Time,3047
TG-107342,Applicant 7342,110548.0,719,New York,ny,Self-Employed,4348
TG-107343,Applicant 7343,57710.0,761, Newark,ny,Full Time,2777
TG-107344,Applicant 7344,71461.0,758,Hoboken,ny,Part Time,3772
TG-107345,Applicant 7345,54463.0,684, Newark,NY,Self-Employed,2183
TG-107346,Applicant 7346,60335.0,745,Jersey City,N.J.,Full Time,3260
TG-107347,Applicant 7347,46372.0,695,Jersey City,ny,Part Time,2699
TG-107348,Applicant 7348,57987.0,548,Jersey City,,Part Time,1326
TG-107349,Applicant 7349,127584.0,684,Brooklyn,ny,Unemployed,2957
TG-107350,Applicant 7350,57536.0,542, Newark,N.J.,Unemployed,3469
TG-107351,Applicant 7351,88794.0,813,Jersey City,, full time ,2814
TG-107352,Applicant 7352,69914.0,563,Queens,,Self-Employed,3644
TG-107353,Applicant 7353,,780,New York,NY,Full Time,1298
TG-107354,Applicant 7354,124335.0,699,Jersey City,NY, full time ,2706
TG-107355,Applicant 7355,110922.0,999,Brooklyn,NJ,Self-Employed,4675
TG-107356,Applicant 7356,94184.0,999,New York,N.J.,Unemployed,4457
TG-107357,Applicant 7357,78068.0,767,New York,,Full Time,1575
TG-107358,Applicant 7358,49244.0,760,Hoboken,N.J.,Part Time,4674
TG-107359,Applicant 7359,143306.0,625,Jersey City,ny,Part Time,1435
TG-107360,Applicant 7360,62210.0,692,Jersey City,ny, full time ,5363
TG-107361,Applicant 7361,104909.0,568, Newark,NJ, full time ,3180
TG-107362,Applicant 7362,116787.0,642,Brooklyn,,Full Time,2399
TG-107363,Applicant 7363,68342.0,554,Queens,,Part Time,1816
TG-107364,Applicant 7364,116140.0,625, Newark,NJ, full time ,3153
TG-107365,Applicant 7365,107926.0,715,Queens,ny,Part Time,2017
TG-107366,Applicant 7366,136839.0,628,Hoboken,,Unemployed,1252
TG-107367,Applicant 7367,70920.0,644,Queens,N.J., full time ,4229
TG-107368,Applicant 7368,46424.0,814,Brooklyn,,Self-Employed,4303
TG-107369,Applicant 7369,69835.0,556,Hoboken,ny, full time ,1390
TG-107370,Applicant 7370,91266.0,707,Jersey City,,Unemployed,2918
TG-107371,Applicant 7371,86746.0,999,Queens,,Full Time,2030
TG-107372,Applicant 7372,73197.0,780,Brooklyn,NY,Part Time,4672
TG-107373,Applicant 7373,27724.0,713,Brooklyn,,Full Time,3298
TG-107374,Applicant 7374,99114.0,671,Jersey City,NJ, full time ,4560
TG-107375,Applicant 7375,144170.0,537,Brooklyn,NJ,Self-Employed,3785
TG-107376,Applicant 7376,98928.0,546,Hoboken,N.J.,Full Time,3525
TG-107377,Applicant 7377,103274.0,543,Hoboken,,Self-Employed,1650
TG-107378,Applicant 7378,102173.0,548, Newark,N.J., full time ,1964
TG-107379,Applicant 7379,96911.0,658,New York,ny,Self-Employed,3753
TG-107380,Applicant 7380,112950.0,665,Jersey City,ny,Self-Employed,1681
TG-107381,Applicant 7381,96861.0,642,Brooklyn,NY,Unemployed,3607
TG-107382,Applicant 7382,75620.0,647,Queens,NY,Full Time,1275
TG-107383,Applicant 7383,61120.0,636, Newark,, full time ,3535
TG-107384,Applicant 7384,77531.0,651,Hoboken,,Unemployed,2660
TG-107385,Applicant 7385,94424.0,808,Jersey City,N.J.,Self-Employed,4448
TG-107386,Applicant 7386,75518.0,725,Jersey City,N.J.,Unemployed,3198
TG-107387,Applicant 7387,94430.0,755,Hoboken,,Unemployed,3790
TG-107388,Applicant 7388,98175.0,561,New York,,Self-Employed,3083
TG-107389,Applicant 7389,109995.0,679,Jersey City,NY, full time ,1398
TG-107390,Applicant 7390,123484.0,771,Brooklyn,NY,Part Time,3667
TG-107391,Applicant 7391,87340.0,698,Queens,NY,Unemployed,2297
TG-107392,Applicant 7392,45767.0,644,Queens,,Full Time,4694
TG-107393,Applicant 7393,74647.0,779,Hoboken,N.J.,Self-Employed,5406
TG-107394,Applicant 7394,86322.0,795,Jersey City,NJ,Part Time,5165
TG-107395,Applicant 7395,29927.0,732,Queens,NJ,Unemployed,3341
TG-107396,Applicant 7396,126660.0,709,Jersey City,N.J.,Self-Employed,1496
TG-107397,Applicant 7397,89271.0,577,Hoboken,N.J.,Self-Employed,3508
TG-107398,Applicant 7398,96441.0,722,New York,N.J.,Unemployed,3972
TG-107399,Applicant 7399,125966.0,599,Queens,NY,Full Time,5045
TG-107400,Applicant 7400,66096.0,747,Brooklyn,ny,Self-Employed,1517
TG-107401,Applicant 7401,102221.0,614, Newark,,Self-Employed,1471
TG-107402,Applicant 7402,81704.0,523,Hoboken,NY,Unemployed,2567
TG-107403,Applicant 7403,79477.0,684, Newark,NJ,Part Time,3650
TG-107404,Applicant 7404,61834.0,819,New York,,Self-Employed,4511
TG-107405,Applicant 7405,134968.0,561,Brooklyn,N.J.,Self-Employed,2858
TG-107406,Applicant 7406,73735.0,804, Newark,NJ,Unemployed,1642
TG-107407,Applicant 7407,105984.0,748,Brooklyn,N.J.,Self-Employed,1808
TG-107408,Applicant 7408,28750.0,762,Queens,N.J.,Unemployed,2292
TG-107409,Applicant 7409,120400.0,731,Jersey City,N.J.,Full Time,4984
TG-107410,Applicant 7410,116566.0,819,Hoboken,,Unemployed,4057
TG-107411,Applicant 7411,87923.0,574,Brooklyn,NJ,Part Time,3144
TG-107412,Applicant 7412,78192.0,692,Queens,NJ,Self-Employed,4071
TG-107413,Applicant 7413,97000.0,796,New York,N.J.,Full Time,2142
TG-107414,Applicant 7414,153664.0,748,Brooklyn,NY,Self-Employed,2657
TG-107415,Applicant 7415,,549,New York,ny,Self-Employed,2564
TG-107416,Applicant 7416,108461.0,542,Hoboken,NY,Unemployed,3338
TG-107417,Applicant 7417,57651.0,524,Queens,,Self-Employed,1488
,Applicant 7418,84402.0,582,New York,ny,Full Time,4544
TG-107419,Applicant 7419,77564.0,999,Jersey City,NY, full time ,3830
TG-107420,Applicant 7420,72150.0,601, Newark,NJ,Self-Employed,1423
TG-107421,Applicant 7421,84686.0,761,New York,NY,Unemployed,4850
TG-107422,Applicant 7422,50975.0,772,New York,N.J.,Part Time,4018
TG-107423,Applicant 7423,115875.0,571,Queens,,Self-Employed,2721
TG-107424,Applicant 7424,,558,Queens,NY,Unemployed,2854
TG-107425,Applicant 7425,101193.0,778,Brooklyn,NY,Self-Employed,4828
TG-107426,Applicant 7426,75204.0,790, Newark,ny, full time ,5058
TG-107427,Applicant 7427,49872.0,591,New York,N.J., full time ,3292
TG-107428,Applicant 7428,91072.0,589,New York,ny,Full Time,1936
TG-107429,Applicant 7429,38291.0,739,Queens,, full time ,1345
TG-107430,Applicant 7430,86191.0,523,Jersey City,,Unemployed,3597
TG-107431,Applicant 7431,42314.0,809,Queens,N.J., full time ,4677
,Applicant 7432,98838.0,811,Jersey City,ny,Unemployed,2233
TG-107433,Applicant 7433,57269.0,750, Newark,N.J.,Self-Employed,3481
TG-107434,Applicant 7434,71470.0,599,Queens,ny,Full Time,2927
TG-107435,Applicant 7435,93818.0,585, Newark,NJ,Full Time,4200
TG-107436,Applicant 7436,61824.0,655,Hoboken,N.J., full time ,1585
TG-107437,Applicant 7437,83261.0,710,New York,,Part Time,3520
TG-107438,Applicant 7438,39585.0,578, Newark,ny, full time ,5219
TG-107439,Applicant 7439,103926.0,785,Jersey City,NJ,Part Time,3574
TG-107440,Applicant 7440,137947.0,526,Hoboken,, full time ,1713
TG-107441,Applicant 7441,168766.0,721,Jersey City,ny,Unemployed,1226
TG-107442,Applicant 7442,87735.0,756,Brooklyn,NJ,Unemployed,1864
TG-107443,Applicant 7443,108646.0,787,Brooklyn,,Part Time,3387
TG-107444,Applicant 7444,31581.0,598,New York,,Full Time,5184
TG-107445,Applicant 7445,130082.0,565,Hoboken,NJ,Part Time,2740
TG-107446,Applicant 7446,108287.0,762,Hoboken,,Self-Employed,2955
TG-107447,Applicant 7447,70482.0,807,Brooklyn,ny,Full Time,5323
TG-107448,Applicant 7448,122115.0,679,New York,ny,Part Time,5032
TG-107449,Applicant 7449,77366.0,634, Newark,,Self-Employed,3831
TG-107450,Applicant 7450,71259.0,633,Brooklyn,NY,Self-Employed,1507
TG-107451,Applicant 7451,99260.0,645,Hoboken,NJ, full time ,4669
TG-107452,Applicant 7452,53099.0,609,Jersey City,NY,Part Time,5429
TG-107453,Applicant 7453,115649.0,580,Hoboken,ny,Unemployed,4033
TG-107454,Applicant 7454,53320.0,621,New York,, full time ,4564
TG-107455,Applicant 7455,53498.0,633,Hoboken,N.J.,Full Time,3193
TG-107456,Applicant 7456,57709.0,693,Queens,N.J.,Unemployed,1903
TG-107457,Applicant 7457,107785.0,611,Hoboken,NY,Self-Employed,1554
TG-107458,Applicant 7458,66497.0,702,Queens,NY,Full Time,1746
TG-107459,Applicant 7459,44560.0,724,Brooklyn,NY, full time ,1309
TG-107460,Applicant 7460,66830.0,714, Newark,ny,Self-Employed,2698
TG-107461,Applicant 7461,84039.0,544,Queens,ny,Self-Employed,4871
TG-107462,Applicant 7462,49571.0,753,Hoboken,,Self-Employed,1762
TG-107463,Applicant 7463,50450.0,535, Newark,ny,Unemployed,4383
TG-107464,Applicant 7464,148339.0,660, Newark,, full time ,2787
TG-107465,Applicant 7465,59183.0,627,Hoboken,, full time ,1665
TG-107466,Applicant 7466,75309.0,819,Hoboken,NY,Unemployed,1376
TG-107467,Applicant 7467,73983.0,599,New York,N.J., full time ,4398
TG-107468,Applicant 7468,72359.0,595,Brooklyn,NY,Self-Employed,5280
TG-107469,Applicant 7469,103640.0,795,Queens,ny,Self-Employed,4127
TG-107470,Applicant 7470,113444.0,787,Jersey City,NJ,Self-Employed,2094
TG-107471,Applicant 7471,75821.0,631,Queens,ny, full time ,2682
TG-107472,Applicant 7472,47906.0,594,Hoboken,N.J.,Part Time,5320
TG-107473,Applicant 7473,123233.0,999,Jersey City,ny,Full Time,2408
TG-107474,Applicant 7474,82140.0,553,Jersey City,N.J.,Part Time,1626
TG-107475,Applicant 7475,136910.0,660,Queens,NJ,Unemployed,2727
TG-107476,Applicant 7476,17632.0,685,Queens,NJ,Part Time,3994
TG-107477,Applicant 7477,90862.0,750,Queens,,Part Time,4384
TG-107478,Applicant 7478,142558.0,811,Queens,ny,Unemployed,3106
TG-107479,Applicant 7479,74402.0,547,Brooklyn,,Part Time,3819
TG-107480,Applicant 7480,78235.0,814,New York,NY,Full Time,3773
TG-107481,Applicant 7481,93865.0,610,New York,NY, full time ,1286
TG-107482,Applicant 7482,68236.0,634,Queens,NY,Unemployed,4767
TG-107483,Applicant 7483,75638.0,678,New York,NY,Part Time,1592
TG-107484,Applicant 7484,74866.0,777,Queens,NY,Self-Employed,1955
TG-107485,Applicant 7485,66177.0,609,Queens,ny,Self-Employed,2644
TG-107486,Applicant 7486,121866.0,764,Queens,,Unemployed,1982
TG-107487,Applicant 7487,98832.0,817, Newark,,Self-Employed,3273
TG-107488,Applicant 7488,92519.0,550,Brooklyn,N.J.,Full Time,1690
TG-107489,Applicant 7489,109257.0,747,Hoboken,NY,Part Time,5189
TG-107490,Applicant 7490,77069.0,647,New York,NJ,Full Time,4668
TG-107491,Applicant 7491,61774.0,789,New York,N.J.,Full Time,2248
TG-107492,Applicant 7492,66921.0,789,Brooklyn,N.J., full time ,1398
TG-107493,Applicant 7493,85053.0,728,Brooklyn,ny,Part Time,1570
TG-107494,Applicant 7494,53224.0,697,Queens,N.J.,Unemployed,5386
TG-107495,Applicant 7495,69992.0,710,Queens,NJ,Self-Employed,1598
TG-107496,Applicant 7496,69517.0,587, Newark,, full time ,1659
TG-107497,Applicant 7497,148737.0,786, Newark,N.J.,Full Time,3804
TG-107498,Applicant 7498,1786.0,789,Hoboken,ny,Self-Employed,4446
TG-107499,Applicant 7499,79611.0,647,New York,NY,Part Time,2493
TG-107500,Applicant 7500,136771.0,783,Brooklyn,NJ,Full Time,3959
TG-107501,Applicant 7501,88655.0,740,Hoboken,NY,Full Time,3591
TG-107502,Applicant 7502,107603.0,761,New York,N.J.,Part Time,4859
TG-107503,Applicant 7503,87995.0,763,Hoboken,,Unemployed,2398
TG-107504,Applicant 7504,64980.0,538,Hoboken,ny, full time ,1669
TG-107505,Applicant 7505,17743.0,674,Queens,NJ,Part Time,3164
TG-107506,Applicant 7506,91164.0,748,Hoboken,,Self-Employed,3785
TG-107507,Applicant 7507,61732.0,577,Queens,NJ,Self-Employed,3477
TG-107508,Applicant 7508,60990.0,800,New York,ny,Full Time,2929
TG-107509,Applicant 7509,70030.0,564, Newark,ny, full time ,2373
TG-107510,Applicant 7510,137346.0,621,New York,N.J.,Unemployed,3874
TG-107511,Applicant 7511,157145.0,567,Queens,NJ,Unemployed,1365
TG-107512,Applicant 7512,91516.0,569, Newark,N.J.,Self-Employed,3929
TG-107513,Applicant 7513,71057.0,600,Jersey City,NJ,Unemployed,2891
TG-107514,Applicant 7514,49683.0,819, Newark,NJ,Self-Employed,3822
TG-107515,Applicant 7515,99056.0,578,Hoboken,NY, full time ,3615
TG-107516,Applicant 7516,138487.0,680,New York,N.J.,Full Time,1826
TG-107517,Applicant 7517,77580.0,622,Hoboken,NJ,Self-Employed,3505
TG-107518,Applicant 7518,13630.0,793, Newark,NJ, full time ,4606
TG-107519,Applicant 7519,105101.0,702,Jersey City,ny,Self-Employed,2331
TG-107520,Applicant 7520,,635,Hoboken,NY,Part Time,5155
TG-107521,Applicant 7521,37425.0,999,Jersey City,ny,Self-Employed,2844
TG-107522,Applicant 7522,90295.0,683,Brooklyn,N.J., full time ,3494
TG-107523,Applicant 7523,98537.0,662,Jersey City,N.J.,Unemployed,5473
TG-107524,Applicant 7524,82807.0,613,New York,NJ,Self-Employed,4417
TG-107525,Applicant 7525,61277.0,769, Newark,,Full Time,3285
TG-107526,Applicant 7526,115478.0,759,Queens,ny, full time ,4041
TG-107527,Applicant 7527,72899.0,578,Queens,N.J.,Unemployed,2130
TG-107528,Applicant 7528,40444.0,534,Hoboken,NJ, full time ,5416
TG-107529,Applicant 7529,23516.0,804, Newark,NJ,Self-Employed,1536
TG-107530,Applicant 7530,122825.0,722,Brooklyn,ny,Part Time,3931
TG-107531,Applicant 7531,103500.0,756,Hoboken,NJ,Part Time,3382
TG-107532,Applicant 7532,87639.0,815,Jersey City,NY,Full Time,2459
TG-107533,Applicant 7533,71792.0,806,Queens,,Full Time,2258
TG-107534,Applicant 7534,69130.0,592,Jersey City,ny,Unemployed,4648
TG-107535,Applicant 7535,52728.0,733,Queens,ny,Part Time,3616
TG-107536,Applicant 7536,72056.0,530,Queens,ny,Self-Employed,1253
TG-107537,Applicant 7537,21397.0,744,Queens,NJ, full time ,2352
TG-107538,Applicant 7538,62918.0,722, Newark,NJ, full time ,3006
TG-107539,Applicant 7539,,750,New York,ny,Part Time,1786
TG-107540,Applicant 7540,103296.0,570, Newark,ny,Part Time,1686
TG-107541,Applicant 7541,83802.0,576,Jersey City,NY, full time ,2908
TG-107542,Applicant 7542,108848.0,651, Newark,N.J.,Unemployed,5206
TG-107543,Applicant 7543,125474.0,799,Hoboken,NY, full time ,4230
TG-107544,Applicant 7544,116745.0,816,Brooklyn,ny,Full Time,3090
TG-107545,Applicant 7545,99115.0,744,Hoboken,NJ,Self-Employed,3011
TG-107546,Applicant 7546,85356.0,693, Newark,NJ,Part Time,2137
TG-107547,Applicant 7547,55576.0,811,Jersey City,ny,Part Time,3070
TG-107548,Applicant 7548,107198.0,785,Brooklyn,N.J.,Unemployed,3231
TG-107549,Applicant 7549,135392.0,766,Hoboken,,Full Time,4071
TG-107550,Applicant 7550,95263.0,999,Brooklyn,, full time ,2082
TG-107551,Applicant 7551,142518.0,654,Jersey City,NY,Full Time,3208
TG-107552,Applicant 7552,39233.0,659,Queens,N.J.,Full Time,4836
TG-107553,Applicant 7553,50375.0,772,Jersey City,,Unemployed,3757
TG-107554,Applicant 7554,110656.0,695,New York,N.J.,Unemployed,5063
TG-107555,Applicant 7555,92929.0,579,Brooklyn,NJ, full time ,1260
TG-107556,Applicant 7556,124413.0,773,Jersey City,NJ, full time ,3336
TG-107557,Applicant 7557,84536.0,527,Queens,N.J.,Self-Employed,3217
TG-107558,Applicant 7558,58961.0,626,Queens,ny,Full Time,4349
TG-107559,Applicant 7559,78592.0,690,Jersey City,, full time ,5011
TG-107560,Applicant 7560,39019.0,577,Hoboken,,Unemployed,1269
TG-107561,Applicant 7561,51142.0,809,Jersey City,NJ,Self-Employed,3871
TG-107562,Applicant 7562,114173.0,603,Queens,NY,Self-Employed,2795
TG-107563,Applicant 7563,111184.0,636,Jersey City,,Unemployed,2454
TG-107564,Applicant 7564,95890.0,719,New York,NJ, full time ,3713
TG-107565,Applicant 7565,33368.0,541,Hoboken,NJ,Unemployed,2221
TG-107566,Applicant 7566,74248.0,738,Jersey City,N.J., full time ,4376
TG-107567,Applicant 7567,48250.0,745,Queens,N.J.,Unemployed,1432
TG-107568,Applicant 7568,120296.0,790,Jersey City,N.J.,Unemployed,2387
TG-107569,Applicant 7569,67488.0,621,Jersey City,NY,Part Time,2048
TG-107570,Applicant 7570,52428.0,664,Brooklyn,, full time ,2829
TG-107571,Applicant 7571,85894.0,666,Jersey City,NY,Full Time,2850
TG-107572,Applicant 7572,65795.0,780,New York,NY,Part Time,3071
TG-107573,Applicant 7573,,798,Queens,N.J.,Part Time,3501
TG-107574,Applicant 7574,62956.0,533, Newark,NJ,Part Time,1891
TG-107575,Applicant 7575,43023.0,785,Brooklyn,ny,Part Time,1207
TG-107576,Applicant 7576,20413.0,806, Newark,NJ,Full Time,3282
TG-107577,Applicant 7577,84076.0,660,Jersey City,NJ,Part Time,2361
TG-107578,Applicant 7578,68142.0,812,Hoboken,NJ,Full Time,2903
TG-107579,Applicant 7579,42133.0,550,New York,NJ,Full Time,4579
TG-107580,Applicant 7580,120677.0,690,New York,NY,Part Time,1339
TG-107581,Applicant 7581,105017.0,724,New York,N.J.,Self-Employed,4632
TG-107582,Applicant 7582,84153.0,810,Brooklyn,N.J.,Full Time,3402
TG-107583,Applicant 7583,125930.0,630,Jersey City,NJ,Part Time,1858
TG-107584,Applicant 7584,104876.0,587,New York,ny,Unemployed,4637
TG-107585,Applicant 7585,60314.0,702,Jersey City,,Unemployed,3948
TG-107586,Applicant 7586,53823.0,715,Hoboken,NJ, full time ,1601
TG-107587,Applicant 7587,109539.0,645,Jersey City,NJ,Full Time,2051
TG-107588,Applicant 7588,96891.0,694, Newark,ny,Full Time,3908
TG-107589,Applicant 7589,90092.0,781,Jersey City,NY,Unemployed,5068
TG-107590,Applicant 7590,59605.0,805,Jersey City,NJ,Full Time,4378
TG-107591,Applicant 7591,103238.0,674,Queens,ny,Full Time,1982
TG-107592,Applicant 7592,62335.0,588, Newark,NY,Unemployed,1542
TG-107593,Applicant 7593,81940.0,627,Brooklyn,NY,Part Time,2986
TG-107594,Applicant 7594,128408.0,554,Jersey City,NJ,Unemployed,4103
TG-107595,Applicant 7595,65175.0,563,New York,NY,Self-Employed,1981
TG-107596,Applicant 7596,37810.0,662,Queens,NJ,Unemployed,4948
TG-107597,Applicant 7597,53424.0,730,Jersey City,NJ,Unemployed,2538
TG-107598,Applicant 7598,114829.0,804,Queens,N.J.,Part Time,4996
TG-107599,Applicant 7599,92642.0,525,Brooklyn,,Unemployed,4070
TG-107600,Applicant 7600,81134.0,737,Queens,,Unemployed,1891
TG-107601,Applicant 7601,69727.0,546,New York,N.J.,Part Time,5078
TG-107602,Applicant 7602,99561.0,746,Jersey City,NJ,Unemployed,5116
TG-107603,Applicant 7603,59527.0,803,New York,ny,Part Time,1858
TG-107604,Applicant 7604,94170.0,575,Hoboken,NY,Self-Employed,1383
TG-107605,Applicant 7605,63062.0,624,Queens,N.J.,Part Time,2403
TG-107606,Applicant 7606,58070.0,537,Queens,N.J.,Full Time,3344
TG-107607,Applicant 7607,65875.0,724,Queens,N.J.,Full Time,2903
,Applicant 7608,73738.0,562, Newark,N.J.,Part Time,4452
TG-107609,Applicant 7609,83535.0,608,Brooklyn,,Unemployed,1602
TG-107610,Applicant 7610,92064.0,593, Newark,NJ, full time ,1435
TG-107611,Applicant 7611,-25651.0,676,New York,N.J., full time ,1805
TG-107612,Applicant 7612,60770.0,785,Hoboken,N.J.,Self-Employed,1422
TG-107613,Applicant 7613,73253.0,653,Brooklyn,N.J.,Self-Employed,5210
TG-107614,Applicant 7614,130152.0,608,Brooklyn,ny, full time ,1822
TG-107615,Applicant 7615,52600.0,755,Jersey City,ny, full time ,4534
TG-107616,Applicant 7616,89884.0,651,Hoboken,NY,Part Time,3033
TG-107617,Applicant 7617,129851.0,748,Queens,NJ, full time ,3309
TG-107618,Applicant 7618,45611.0,553, Newark,N.J.,Full Time,2452
TG-107619,Applicant 7619,96819.0,602,Queens,NY,Self-Employed,1438
TG-107620,Applicant 7620,60932.0,651,Jersey City,NY,Self-Employed,5041
TG-107621,Applicant 7621,69861.0,723, Newark,NJ,Full Time,2773
TG-107622,Applicant 7622,60907.0,806,Queens,ny,Self-Employed,3632
TG-107623,Applicant 7623,63044.0,777,New York,NJ, full time ,2364
TG-107624,Applicant 7624,166657.0,811,Queens,NY,Self-Employed,2176
TG-107625,Applicant 7625,110334.0,644, Newark,NJ,Full Time,2159
TG-107626,Applicant 7626,,670,New York,ny,Self-Employed,4378
TG-107627,Applicant 7627,99760.0,766,Jersey City,NY, full time ,3534
TG-107628,Applicant 7628,36812.0,694,Jersey City,NJ,Part Time,5286
TG-107629,Applicant 7629,96849.0,599,New York,N.J., full time ,4624
TG-107630,Applicant 7630,117188.0,626, Newark,N.J.,Self-Employed,4484
TG-107631,Applicant 7631,59398.0,819, Newark,NJ,Unemployed,2086
TG-107632,Applicant 7632,113960.0,577,Queens,NJ,Self-Employed,1893
TG-107633,Applicant 7633,106130.0,610,Jersey City,ny,Self-Employed,1380
TG-107634,Applicant 7634,140561.0,654,Jersey City,NY,Full Time,2388
TG-107635,Applicant 7635,72467.0,688,New York,NJ,Unemployed,4367
TG-107636,Applicant 7636,52072.0,641,Jersey City,NY,Full Time,4274
TG-107637,Applicant 7637,74151.0,755,Queens,N.J.,Full Time,2712
TG-107638,Applicant 7638,128067.0,595,Jersey City,NY, full time ,4476
TG-107639,Applicant 7639,30148.0,542,New York,,Part Time,3642
TG-107640,Applicant 7640,22949.0,592,Queens,ny,Self-Employed,2389
TG-107641,Applicant 7641,87682.0,607,Hoboken,ny,Unemployed,4935
TG-107642,Applicant 7642,71722.0,622,New York,NY,Self-Employed,5176
TG-107643,Applicant 7643,85232.0,613,Hoboken,ny,Full Time,4673
TG-107644,Applicant 7644,113359.0,785,Jersey City,NY,Part Time,5278
TG-107645,Applicant 7645,68423.0,772,Queens,NY,Full Time,3387
TG-107646,Applicant 7646,28810.0,577,Jersey City,N.J.,Self-Employed,4574
TG-107647,Applicant 7647,146334.0,528,Queens,NY, full time ,3997
TG-107648,Applicant 7648,55083.0,532,Brooklyn,ny,Self-Employed,2434
TG-107649,Applicant 7649,53229.0,650,Jersey City,,Full Time,2852
TG-107650,Applicant 7650,118112.0,741,Jersey City,NJ,Unemployed,1209
TG-107651,Applicant 7651,73465.0,672,Jersey City,ny,Unemployed,4771
TG-107652,Applicant 7652,83098.0,590, Newark,,Unemployed,5366
TG-107653,Applicant 7653,,539,New York,ny,Unemployed,4902
TG-107654,Applicant 7654,117507.0,600, Newark,,Unemployed,3507
TG-107655,Applicant 7655,74996.0,747,Queens,ny,Part Time,1977
TG-107656,Applicant 7656,130599.0,538,Queens,NJ,Part Time,3579
TG-107657,Applicant 7657,20926.0,684,Queens,N.J., full time ,2125
TG-107658,Applicant 7658,107794.0,626,New York,N.J.,Unemployed,4840
TG-107659,Applicant 7659,59814.0,733,Queens,NJ,Full Time,3664
TG-107660,Applicant 7660,126168.0,758, Newark,ny,Full Time,1364
TG-107661,Applicant 7661,89261.0,666, Newark,,Self-Employed,4097
TG-107662,Applicant 7662,64813.0,700,Jersey City,NY,Unemployed,4467
TG-107663,Applicant 7663,104885.0,717,Hoboken,ny,Full Time,3526
TG-107664,Applicant 7664,111796.0,806,Brooklyn,NJ, full time ,5289
TG-107665,Applicant 7665,104257.0,572,Queens,N.J.,Full Time,3317
TG-107666,Applicant 7666,54109.0,759,New York,N.J., full time ,2998
TG-107667,Applicant 7667,70479.0,809,New York,ny,Unemployed,5314
TG-107668,Applicant 7668,84878.0,806,Queens,,Self-Employed,3485
TG-107669,Applicant 7669,83762.0,707,Hoboken,NJ,Self-Employed,4644
TG-107670,Applicant 7670,107492.0,525, Newark,NJ,Part Time,4586
TG-107671,Applicant 7671,24553.0,802,Queens,,Unemployed,3317
TG-107672,Applicant 7672,95030.0,782,New York,,Full Time,1397
TG-107673,Applicant 7673,76301.0,568,Brooklyn,ny,Self-Employed,4533
TG-107674,Applicant 7674,59845.0,719,Hoboken,ny, full time ,4091
TG-107675,Applicant 7675,62725.0,999,Queens,N.J., full time ,1393
TG-107676,Applicant 7676,78564.0,552,Brooklyn,N.J.,Full Time,1331
TG-107677,Applicant 7677,-23033.0,763,Queens,,Full Time,2293
TG-107678,Applicant 7678,63961.0,691,Hoboken,NY,Unemployed,1966
TG-107679,Applicant 7679,58726.0,726,New York,NY,Full Time,4968
TG-107680,Applicant 7680,100983.0,802, Newark,NY,Full Time,3993
TG-107681,Applicant 7681,60834.0,541, Newark,NJ,Full Time,2668
TG-107682,Applicant 7682,,566,Hoboken,ny,Self-Employed,3618
TG-107683,Applicant 7683,131268.0,677,Jersey City,,Unemployed,1429
TG-107684,Applicant 7684,114831.0,777, Newark,N.J.,Full Time,4844
TG-107685,Applicant 7685,112068.0,662,Queens,NY,Full Time,4599
TG-107686,Applicant 7686,70004.0,566,Brooklyn,N.J., full time ,4484
TG-107687,Applicant 7687,101291.0,546,Brooklyn,ny,Self-Employed,3430
TG-107688,Applicant 7688,77983.0,546, Newark,,Full Time,3602
TG-107689,Applicant 7689,79117.0,664,Hoboken,NY,Self-Employed,2818
TG-107690,Applicant 7690,97291.0,594,Hoboken,NY,Unemployed,2013
TG-107691,Applicant 7691,67090.0,706,Hoboken,,Unemployed,4448
TG-107692,Applicant 7692,129790.0,529,Brooklyn,N.J.,Part Time,1686
TG-107693,Applicant 7693,80196.0,640,New York,ny, full time ,2890
TG-107694,Applicant 7694,103551.0,808,Brooklyn,ny,Part Time,4520
TG-107695,Applicant 7695,128668.0,684,New York,ny,Self-Employed,3200
TG-107696,Applicant 7696 ,115950.0,783,Hoboken,N.J., full time ,2467
TG-107697,Applicant 7697,,680,Jersey City,N.J.,Full Time,1878
TG-107698,Applicant 7698,98347.0,816,Brooklyn,NY, full time ,3461
TG-107699,Applicant 7699,110522.0,637,Hoboken,N.J., full time ,2307
TG-107700,Applicant 7700,111756.0,782,Brooklyn,NJ,Unemployed,4306
TG-107701,Applicant 7701,51601.0,603,Hoboken,,Part Time,4062
TG-107702,Applicant 7702,65289.0,665,Brooklyn,N.J.,Unemployed,5364
TG-107703,Applicant 7703,114837.0,690,Queens,ny,Unemployed,3441
TG-107704,Applicant 7704,62147.0,533,Brooklyn,N.J.,Part Time,3544
TG-107705,Applicant 7705,76009.0,668,Queens,NY,Unemployed,1756
TG-107706,Applicant 7706,132276.0,770,New York,, full time ,4547
TG-107707,Applicant 7707,,576,Brooklyn,,Self-Employed,2855
TG-107708,Applicant 7708,63197.0,652,New York,ny,Full Time,2166
TG-107709,Applicant 7709,58671.0,689,Jersey City,,Full Time,1491
TG-107710,Applicant 7710,94982.0,621, Newark,NJ,Unemployed,2375
TG-107711,Applicant 7711,45006.0,625, Newark,,Part Time,1875
TG-107712,Applicant 7712,77580.0,690,Queens,ny, full time ,4483
TG-107713,Applicant 7713,94997.0,647,Brooklyn,,Unemployed,1380
TG-107714,Applicant 7714,123974.0,769, Newark,N.J., full time ,1560
TG-107715,Applicant 7715,105026.0,551,New York,NY, full time ,3671
,Applicant 7716,63578.0,735, Newark,N.J.,Full Time,1809
TG-107717,Applicant 7717,120353.0,781, Newark,NJ,Self-Employed,1529
TG-107718,Applicant 7718,76015.0,763,Hoboken,NJ,Self-Employed,2449
TG-107719,Applicant 7719,47929.0,804, Newark,NY,Part Time,5458
TG-107720,Applicant 7720,79839.0,809,New York,NY,Self-Employed,3055
TG-107721,Applicant 7721,128145.0,782, Newark,NY,Unemployed,2012
TG-107722,Applicant 7722,89957.0,604,Brooklyn,NY,Full Time,1692
TG-107723,Applicant 7723,85376.0,564, Newark,,Full Time,3029
TG-107724,Applicant 7724,134116.0,719,Jersey City,N.J., full time ,1670
TG-107725,Applicant 7725,42059.0,720, Newark,NJ,Unemployed,2580
TG-107726,Applicant 7726,46432.0,687,Queens,,Unemployed,3402
TG-107727,Applicant 7727,36525.0,999,Hoboken,NY, full time ,4464
TG-107728,Applicant 7728,96179.0,805,New York,ny, full time ,3832
TG-107729,Applicant 7729,89995.0,709, Newark,ny,Full Time,4530
TG-107730,Applicant 7730,131282.0,590, Newark,N.J.,Unemployed,4501
TG-107731,Applicant 7731,92304.0,664,Brooklyn,NJ,Self-Employed,4493
TG-107732,Applicant 7732,72875.0,728,Brooklyn,NJ,Self-Employed,2239
TG-107733,Applicant 7733,85054.0,727,Queens,N.J.,Full Time,5068
TG-107734,Applicant 7734,,741,Hoboken,NY,Self-Employed,3189
TG-107735,Applicant 7735,34847.0,806,New York,NY,Self-Employed,3965
TG-107736,Applicant 7736,166310.0,682,New York,NJ,Unemployed,3705
TG-107737,Applicant 7737,100596.0,591,New York,NJ,Unemployed,3463
TG-107738,Applicant 7738,91300.0,759,Queens,NJ,Part Time,1811
TG-107739,Applicant 7739,103455.0,646,Queens,NY,Unemployed,3783
TG-107740,Applicant 7740,106282.0,604, Newark,ny,Part Time,2998
TG-107741,Applicant 7741,80783.0,534,Hoboken,N.J.,Unemployed,5271
TG-107742,Applicant 7742,66063.0,767,New York,N.J., full time ,1301
TG-107743,Applicant 7743,102984.0,802,New York,,Unemployed,1864
TG-107744,Applicant 7744,96571.0,521, Newark,,Part Time,4314
TG-107745,Applicant 7745,60703.0,593,Hoboken,ny,Self-Employed,2790
TG-107746,Applicant 7746,127571.0,583,Hoboken,NJ,Unemployed,3568
TG-107747,Applicant 7747,93801.0,780,Hoboken,ny,Self-Employed,2127
TG-107748,Applicant 7748,106895.0,758,Brooklyn,,Self-Employed,5236
TG-107749,Applicant 7749,126758.0,798,Hoboken,,Unemployed,5329
TG-107750,Applicant 7750,85657.0,720,Jersey City,N.J.,Unemployed,3050
TG-107751,Applicant 7751,94509.0,812,Queens,ny, full time ,1644
TG-107752,Applicant 7752,109301.0,805,Hoboken,NY,Part Time,5475
TG-107753,Applicant 7753,63254.0,740,Brooklyn,,Unemployed,3054
TG-107754,Applicant 7754,86622.0,681,Jersey City,N.J.,Self-Employed,2889
TG-107755,Applicant 7755,88766.0,702,Brooklyn,NJ,Self-Employed,1916
TG-107756,Applicant 7756,56318.0,784,Brooklyn,ny,Unemployed,2168
TG-107757,Applicant 7757,154529.0,651, Newark,,Part Time,5301
TG-107758,Applicant 7758,42781.0,639,Brooklyn,NY,Self-Employed,3795
TG-107759,Applicant 7759,,738,Brooklyn,, full time ,1837
TG-107760,Applicant 7760,124427.0,679,New York,NY,Self-Employed,2964
TG-107761,Applicant 7761,106398.0,819,Queens,ny,Part Time,3818
TG-107762,Applicant 7762,54221.0,628, Newark,NY,Full Time,4751
TG-107763,Applicant 7763,103219.0,757, Newark,NY, full time ,3315
TG-107764,Applicant 7764,129036.0,812,New York,N.J., full time ,1319
TG-107765,Applicant 7765,84092.0,586,Jersey City,ny,Full Time,2047
TG-107766,Applicant 7766,162965.0,706,New York,, full time ,2074
TG-107767,Applicant 7767,33278.0,555, Newark,NJ, full time ,4194
,Applicant 7768,105815.0,568,Jersey City,ny, full time ,4257
TG-107769,Applicant 7769,119996.0,775, Newark,ny,Self-Employed,4516
TG-107770,Applicant 7770,111740.0,626,Hoboken,NJ,Self-Employed,4851
TG-107771,Applicant 7771,78869.0,527,Jersey City,,Unemployed,3064
TG-107772,Applicant 7772,76287.0,755, Newark,N.J.,Unemployed,2520
TG-107773,Applicant 7773,98324.0,697,New York,,Self-Employed,2938
TG-107774,Applicant 7774,109473.0,999, Newark,NJ, full time ,5220
TG-107775,Applicant 7775,103074.0,560,New York,,Part Time,2133
TG-107776,Applicant 7776,116202.0,764,Jersey City,ny,Full Time,3875
TG-107777,Applicant 7777,54434.0,632,New York,N.J.,Unemployed,4876
TG-107778,Applicant 7778,78167.0,775,Jersey City,NY, full time ,3861
TG-107779,Applicant 7779,56800.0,685,Brooklyn,,Unemployed,2571
TG-107780,Applicant 7780,73417.0,597,Queens,NY,Part Time,1474
TG-107781,Applicant 7781,115457.0,726,Jersey City,N.J., full time ,3877
TG-107782,Applicant 7782,88240.0,715,Brooklyn,NY,Self-Employed,4336
TG-107783,Applicant 7783,,583,Brooklyn,,Part Time,1268
TG-107784,Applicant 7784,90802.0,659,Brooklyn,NJ,Unemployed,3974
TG-107785,Applicant 7785,86791.0,561,Brooklyn,ny, full time ,3394
TG-107786,Applicant 7786,88185.0,728,Jersey City,ny, full time ,1777
,Applicant 7787,65866.0,592,New York,NY,Full Time,5471
TG-107788,Applicant 7788,83265.0,672,Brooklyn,ny,Full Time,3448
TG-107789,Applicant 7789,118834.0,654,Hoboken,ny,Full Time,4607
TG-107790,Applicant 7790,88419.0,783,Brooklyn,NJ,Self-Employed,4398
TG-107791,Applicant 7791,61196.0,735,New York,NY, full time ,2374
TG-107792,Applicant 7792,57247.0,728,New York,NJ, full time ,2384
TG-107793,Applicant 7793,71494.0,723,Queens,NJ,Unemployed,1429
TG-107794,Applicant 7794,87216.0,629,Queens,N.J.,Self-Employed,3145
TG-107795,Applicant 7795,,550,Brooklyn,NY,Full Time,5184
TG-107796,Applicant 7796,44785.0,531,Brooklyn,NJ, full time ,2404
TG-107797,Applicant 7797,75405.0,646, Newark,,Full Time,2045
TG-107798,Applicant 7798,89329.0,713, Newark,ny,Part Time,4988
TG-107799,Applicant 7799,29989.0,659,Queens,NY,Self-Employed,1626
TG-107800,Applicant 7800,59992.0,546,Brooklyn,N.J.,Full Time,4353
TG-107801,Applicant 7801,64603.0,565, Newark,NJ,Self-Employed,2627
TG-107802,Applicant 7802,61121.0,654,Hoboken,, full time ,1677
TG-107803,Applicant 7803 ,90757.0,577,Jersey City,ny,Part Time,3154
TG-107804,Applicant 7804,80183.0,532,Queens,ny,Unemployed,2256
TG-107805,Applicant 7805,68341.0,619,Queens,,Part Time,3840
TG-107806,Applicant 7806,97839.0,568,New York,NY,Self-Employed,4114
TG-107807,Applicant 7807,136692.0,810,Brooklyn,ny,Part Time,4731
TG-107808,Applicant 7808,134178.0,613,Queens,ny, full time ,1713
TG-107809,Applicant 7809,27317.0,614,Queens,ny,Self-Employed,4689
TG-107810,Applicant 7810,102312.0,664, Newark,NJ,Self-Employed,2639
TG-107811,Applicant 7811,79659.0,591,Hoboken,NJ, full time ,1732
TG-107812,Applicant 7812,89655.0,529,Brooklyn,ny,Full Time,3252
TG-107813,Applicant 7813,73052.0,681,Jersey City,N.J.,Unemployed,5126
TG-107814,Applicant 7814,88528.0,733,Hoboken,ny,Part Time,4111
TG-107815,Applicant 7815,89542.0,523,Jersey City,NY,Unemployed,4468
TG-107816,Applicant 7816,67631.0,743,New York,N.J.,Unemployed,2477
TG-107817,Applicant 7817,58109.0,548,Queens,NY, full time ,2066
TG-107818,Applicant 7818,71539.0,722, Newark,,Full Time,4085
TG-107819,Applicant 7819,92028.0,596,Hoboken,,Unemployed,3253
TG-107820,Applicant 7820,102970.0,578,Jersey City,NJ,Self-Employed,5437
TG-107821,Applicant 7821,110600.0,715,Brooklyn,NJ,Full Time,2906
TG-107822,Applicant 7822,70174.0,626,New York,NJ, full time ,3356
TG-107823,Applicant 7823,93515.0,528,New York,,Unemployed,3457
TG-107824,Applicant 7824,113875.0,539,Queens,NY, full time ,2425
TG-107825,Applicant 7825,119968.0,668,Queens,N.J.,Part Time,2633
TG-107826,Applicant 7826,83235.0,536,Jersey City,NJ, full time ,3249
TG-107827,Applicant 7827,78372.0,531,Jersey City,,Self-Employed,3021
TG-107828,Applicant 7828,90734.0,601,New York,NJ, full time ,3990
TG-107829,Applicant 7829,50509.0,586,Jersey City,ny,Full Time,4013
TG-107830,Applicant 7830,79192.0,652,Queens,N.J.,Part Time,2334
TG-107831,Applicant 7831,107338.0,572,New York,NY,Self-Employed,3176
TG-107832,Applicant 7832,104258.0,725,New York,NJ,Part Time,2456
TG-107833,Applicant 7833,76892.0,752,Brooklyn,ny,Self-Employed,3434
TG-107834,Applicant 7834,91532.0,573,Brooklyn,ny,Part Time,4213
TG-107835,Applicant 7835,60260.0,587,Jersey City,N.J.,Unemployed,3569
TG-107836,Applicant 7836,106105.0,810,Jersey City,, full time ,1406
TG-107837,Applicant 7837,82665.0,688,Queens,,Full Time,5178
TG-107838,Applicant 7838,76721.0,680,Queens,NJ,Full Time,2313
TG-107839,Applicant 7839,74148.0,534,Brooklyn,NJ,Unemployed,5360
TG-107840,Applicant 7840,83113.0,710,New York,,Part Time,2222
TG-107841,Applicant 7841,71564.0,534,Hoboken,NY, full time ,3724
TG-107842,Applicant 7842 ,104744.0,806, Newark,NY,Unemployed,2664
TG-107843,Applicant 7843,73141.0,529, Newark,ny,Part Time,1569
TG-107844,Applicant 7844,132789.0,576,Hoboken,N.J., full time ,3920
TG-107845,Applicant 7845,128956.0,718,Jersey City,NY,Part Time,3901
TG-107846,Applicant 7846,58254.0,680, Newark,NJ,Full Time,3486
TG-107847,Applicant 7847 ,87091.0,782, Newark,NY, full time ,3041
TG-107848,Applicant 7848,65480.0,772,Hoboken,N.J.,Full Time,1524
TG-107849,Applicant 7849,75201.0,638,Hoboken,NJ,Full Time,2878
TG-107850,Applicant 7850,145073.0,599,Brooklyn,N.J., full time ,2719
TG-107851,Applicant 7851,75773.0,643,New York,,Unemployed,4042
TG-107852,Applicant 7852,95807.0,591,Queens,N.J.,Part Time,3871
TG-107853,Applicant 7853,101240.0,687,Brooklyn,N.J., full time ,2480
TG-107854,Applicant 7854,54981.0,803, Newark,N.J.,Full Time,1424
TG-107855,Applicant 7855,59347.0,555,Queens,NJ,Part Time,2102
TG-107856,Applicant 7856,48819.0,694,Brooklyn,N.J., full time ,1806
TG-107857,Applicant 7857,58421.0,718,Brooklyn,N.J.,Unemployed,5477
TG-107858,Applicant 7858,-501.0,635,Hoboken,ny, full time ,4771
TG-107859,Applicant 7859,101337.0,739,Queens,NJ, full time ,1641
TG-107860,Applicant 7860 ,146626.0,585,Brooklyn,N.J.,Self-Employed,3855
TG-107861,Applicant 7861,89435.0,784,Hoboken,NY,Part Time,4806
TG-107862,Applicant 7862,42512.0,653,Jersey City,N.J., full time ,4177
TG-107863,Applicant 7863,65717.0,638,Queens,NY,Full Time,2000
TG-107864,Applicant 7864,71234.0,641,Brooklyn,,Full Time,3712
TG-107865,Applicant 7865,54472.0,606, Newark,,Self-Employed,2192
TG-107866,Applicant 7866,110805.0,808,Jersey City,NJ,Full Time,3379
TG-107867,Applicant 7867,109308.0,656,Hoboken,NJ, full time ,2124
TG-107868,Applicant 7868,50336.0,572,Brooklyn,,Part Time,3225
TG-107869,Applicant 7869,106752.0,724, Newark,NJ,Self-Employed,2974
TG-107870,Applicant 7870,130804.0,570,Hoboken,NY,Self-Employed,3350
TG-107871,Applicant 7871,142077.0,559,Hoboken,NY,Unemployed,4226
TG-107872,Applicant 7872,170956.0,769, Newark,ny,Unemployed,4456
TG-107873,Applicant 7873,57940.0,737,Hoboken,NJ,Part Time,3313
TG-107874,Applicant 7874,169727.0,698,Queens,NJ,Part Time,3382
TG-107875,Applicant 7875,74374.0,558,Jersey City,ny,Self-Employed,5352
TG-107876,Applicant 7876,67226.0,702,Jersey City,N.J., full time ,1989
TG-107877,Applicant 7877,94812.0,743,New York,NY, full time ,1893
TG-107878,Applicant 7878,67538.0,683,Brooklyn,N.J.,Unemployed,2883
TG-107879,Applicant 7879,96971.0,753,Hoboken,ny,Part Time,5107
TG-107880,Applicant 7880,45398.0,712,Brooklyn,NJ,Part Time,4146
TG-107881,Applicant 7881,77837.0,604,Jersey City,N.J., full time ,2223
TG-107882,Applicant 7882,123567.0,762,Jersey City,NJ,Unemployed,2665
TG-107883,Applicant 7883,83288.0,692,Hoboken,ny, full time ,1226
TG-107884,Applicant 7884,89248.0,556,Queens,, full time ,1971
TG-107885,Applicant 7885,99258.0,606, Newark,NJ,Self-Employed,5003
TG-107886,Applicant 7886,120120.0,648,Hoboken,N.J.,Part Time,3077
TG-107887,Applicant 7887,35343.0,713,Hoboken,N.J.,Self-Employed,2393
TG-107888,Applicant 7888,102536.0,562,New York,ny,Self-Employed,2636
TG-107889,Applicant 7889,76956.0,678, Newark,N.J., full time ,2815
TG-107890,Applicant 7890,89999.0,624,Queens,NY,Unemployed,3666
TG-107891,Applicant 7891,,748,Brooklyn,NJ, full time ,5058
TG-107892,Applicant 7892,49174.0,736, Newark,NY,Unemployed,4387
TG-107893,Applicant 7893,54621.0,783,Queens,ny,Part Time,3198
TG-107894,Applicant 7894,26937.0,568,Hoboken,NY,Full Time,4216
TG-107895,Applicant 7895,68525.0,642,Hoboken,NY,Part Time,3708
TG-107896,Applicant 7896,124913.0,544,Hoboken,NJ, full time ,2202
TG-107897,Applicant 7897,81382.0,650,Hoboken,NJ,Unemployed,1348
TG-107898,Applicant 7898,44796.0,743,Hoboken,,Full Time,3101
TG-107899,Applicant 7899,70430.0,618, Newark,NY,Unemployed,3440
TG-107900,Applicant 7900,40364.0,809, Newark,NJ,Unemployed,4504
TG-107901,Applicant 7901,51244.0,716, Newark,NY,Full Time,2940
TG-107902,Applicant 7902,96665.0,628,Queens,NY,Full Time,5457
TG-107903,Applicant 7903,49784.0,739,Hoboken,ny,Part Time,4223
TG-107904,Applicant 7904,118379.0,783,Jersey City,ny,Self-Employed,1579
TG-107905,Applicant 7905,82866.0,727, Newark,NY,Full Time,4010
TG-107906,Applicant 7906,87568.0,601,Jersey City,ny,Self-Employed,3013
TG-107907,Applicant 7907,76649.0,544,New York,NJ,Self-Employed,1900
TG-107908,Applicant 7908,108185.0,705,Brooklyn,NY,Self-Employed,2349
TG-107909,Applicant 7909,108495.0,527, Newark,ny,Self-Employed,1780
TG-107910,Applicant 7910,95052.0,643,Jersey City,NJ,Full Time,2745
TG-107911,Applicant 7911,101944.0,668,New York,NY,Unemployed,5234
TG-107912,Applicant 7912,78637.0,617,Queens,NY,Full Time,2469
TG-107913,Applicant 7913,101266.0,735,Brooklyn,ny,Full Time,1611
TG-107914,Applicant 7914,74864.0,620,Hoboken,NJ, full time ,2996
TG-107915,Applicant 7915,85067.0,737, Newark,NY, full time ,3803
TG-107916,Applicant 7916,76761.0,778, Newark,NY,Part Time,3020
TG-107917,Applicant 7917,,530,Hoboken,,Self-Employed,2685
TG-107918,Applicant 7918,64327.0,578,Queens,NY,Self-Employed,2515
TG-107919,Applicant 7919,99031.0,769,Brooklyn,, full time ,4562
TG-107920,Applicant 7920,124318.0,659, Newark,,Unemployed,2495
TG-107921,Applicant 7921,,557,Jersey City,NJ,Part Time,3391
TG-107922,Applicant 7922,47303.0,641,Brooklyn,N.J.,Unemployed,2776
TG-107923,Applicant 7923,123676.0,584,New York,, full time ,2533
TG-107924,Applicant 7924,,665, Newark,NJ,Unemployed,3623
TG-107925,Applicant 7925,103022.0,644,Queens,ny,Self-Employed,4024
TG-107926,Applicant 7926,57814.0,710,Jersey City,, full time ,4245
TG-107927,Applicant 7927,89259.0,782,Brooklyn,N.J.,Unemployed,4465
TG-107928,Applicant 7928,94412.0,815,Brooklyn,ny,Part Time,1710
TG-107929,Applicant 7929,40462.0,701,Jersey City,,Part Time,3568
TG-107930,Applicant 7930,,678,New York,,Full Time,2699
TG-107931,Applicant 7931,125378.0,806,New York,N.J., full time ,2055
TG-107932,Applicant 7932,79761.0,681,Brooklyn,NY, full time ,3150
TG-107933,Applicant 7933,125805.0,782,Hoboken,N.J., full time ,5227
TG-107934,Applicant 7934,79309.0,736,Jersey City,NJ,Self-Employed,4516
TG-107935,Applicant 7935,110488.0,700, Newark,NJ,Self-Employed,1786
TG-107936,Applicant 7936,18443.0,610,New York,N.J., full time ,1561
TG-107937,Applicant 7937,157563.0,536, Newark,N.J.,Unemployed,2872
TG-107938,Applicant 7938,129864.0,644,New York,N.J.,Self-Employed,2206
TG-107939,Applicant 7939,76461.0,779,New York,N.J., full time ,5247
TG-107940,Applicant 7940,25837.0,733,Queens,N.J.,Self-Employed,4533
,Applicant 7941,93641.0,758, Newark,,Full Time,3796
TG-107942,Applicant 7942,41682.0,699,Hoboken,ny,Part Time,3081
TG-107943,Applicant 7943,98346.0,691,New York,NJ,Full Time,4472
TG-107944,Applicant 7944,97347.0,662,Hoboken,NJ, full time ,5266
TG-107945,Applicant 7945,56758.0,763,Brooklyn,ny,Part Time,5192
TG-107946,Applicant 7946,118629.0,751,Brooklyn,N.J.,Unemployed,3809
TG-107947,Applicant 7947,109167.0,691,Queens,ny, full time ,2090
TG-107948,Applicant 7948,114275.0,796,Hoboken,N.J.,Unemployed,4046
TG-107949,Applicant 7949,85266.0,596,Jersey City,NJ,Unemployed,2895
TG-107950,Applicant 7950,42534.0,568,Queens,NY,Self-Employed,2015
TG-107951,Applicant 7951,114336.0,767,New York,NJ,Self-Employed,1698
TG-107952,Applicant 7952,76889.0,802,Brooklyn,NJ,Part Time,2880
TG-107953,Applicant 7953,43307.0,806,Brooklyn,NY,Part Time,4460
TG-107954,Applicant 7954,125561.0,551,Jersey City,ny,Self-Employed,2536
TG-107955,Applicant 7955,147982.0,677,Queens,,Part Time,1448
TG-107956,Applicant 7956,83763.0,537,Hoboken,N.J.,Full Time,2896
TG-107957,Applicant 7957,149774.0,582,Brooklyn,N.J., full time ,1858
TG-107958,Applicant 7958,87739.0,647,New York,NJ,Full Time,1888
TG-107959,Applicant 7959,73586.0,535,Jersey City,NY, full time ,3477
TG-107960,Applicant 7960,66086.0,682,Jersey City,NJ,Self-Employed,2899
TG-107961,Applicant 7961,134112.0,770, Newark,NJ,Full Time,1423
TG-107962,Applicant 7962,61596.0,656,Jersey City,ny,Unemployed,2959
TG-107963,Applicant 7963,107058.0,814,New York,N.J.,Full Time,5015
TG-107964,Applicant 7964,68225.0,698,Jersey City,,Part Time,1253
TG-107965,Applicant 7965,71191.0,748,Hoboken,NY,Full Time,1899
TG-107966,Applicant 7966,115907.0,699, Newark,,Self-Employed,1785
TG-107967,Applicant 7967,73599.0,591,Hoboken,NY,Self-Employed,4571
TG-107968,Applicant 7968,72856.0,602,Queens,N.J.,Part Time,2651
TG-107969,Applicant 7969,118984.0,655,Queens,ny, full time ,1510
TG-107970,Applicant 7970,132922.0,737,Hoboken,,Part Time,3705
TG-107971,Applicant 7971,104341.0,628,New York,NY, full time ,2322
TG-107972,Applicant 7972,65357.0,638, Newark,NJ,Self-Employed,1541
TG-107973,Applicant 7973,69682.0,537,Queens,N.J.,Self-Employed,2182
TG-107974,Applicant 7974,87397.0,673,Jersey City,ny, full time ,4918
TG-107975,Applicant 7975,94628.0,530,Hoboken,NJ,Full Time,4996
TG-107976,Applicant 7976,55364.0,657,Brooklyn,ny,Full Time,2608
TG-107977,Applicant 7977,106691.0,581,New York,NY,Part Time,1656
TG-107978,Applicant 7978,87565.0,590,New York,NJ,Self-Employed,2849
TG-107979,Applicant 7979,33529.0,580,Hoboken,ny,Full Time,2910
TG-107980,Applicant 7980,57132.0,651,Brooklyn,N.J.,Self-Employed,2782
TG-107981,Applicant 7981,69876.0,580,New York,,Part Time,1564
TG-107982,Applicant 7982,82814.0,788, Newark,,Unemployed,2368
TG-107983,Applicant 7983,141678.0,531,Queens,NJ,Self-Employed,1344
TG-107984,Applicant 7984,92145.0,554, Newark,N.J.,Unemployed,2266
TG-107985,Applicant 7985,59777.0,570,Brooklyn,N.J.,Self-Employed,2171
TG-107986,Applicant 7986,91619.0,562, Newark,ny, full time ,2776
TG-107987,Applicant 7987,74437.0,747,Jersey City,NJ,Unemployed,5424
TG-107988,Applicant 7988,94743.0,630,Queens,N.J., full time ,5353
,Applicant 7989,102417.0,534,Brooklyn,ny, full time ,5349
TG-107990,Applicant 7990,121277.0,696,Hoboken,N.J.,Part Time,2447
TG-107991,Applicant 7991,84271.0,681,New York,NJ,Part Time,4986
TG-107992,Applicant 7992,134169.0,558,Queens,N.J.,Full Time,1332
TG-107993,Applicant 7993,112241.0,545,Hoboken,N.J.,Unemployed,4845
TG-107994,Applicant 7994,63777.0,631,Brooklyn,N.J.,Full Time,2466
TG-107995,Applicant 7995,151296.0,570,Jersey City,,Unemployed,1409
TG-107996,Applicant 7996,94810.0,617,New York,NY,Part Time,4481
TG-107997,Applicant 7997,59946.0,689,New York,NJ,Part Time,4515
TG-107998,Applicant 7998,134587.0,575,Queens,,Part Time,2013
TG-107999,Applicant 7999,147333.0,740,Hoboken,NY,Unemployed,4720
TG-108000,Applicant 8000,84009.0,665,Brooklyn,N.J.,Part Time,4649
TG-108001,Applicant 8001,69890.0,779,Brooklyn,N.J.,Full Time,3331
TG-108002,Applicant 8002,79829.0,648,Hoboken,, full time ,2648
TG-108003,Applicant 8003,106442.0,569,New York,ny,Unemployed,2895
TG-108004,Applicant 8004,123336.0,539,Hoboken,NJ, full time ,2709
TG-108005,Applicant 8005,102115.0,693, Newark,NY,Full Time,3158
TG-108006,Applicant 8006,88052.0,802,Brooklyn,N.J.,Self-Employed,3336
TG-108007,Applicant 8007,129940.0,545,Hoboken,NJ,Part Time,4255
TG-108008,Applicant 8008,75615.0,679,New York,N.J.,Full Time,5474
TG-108009,Applicant 8009,115928.0,529,Queens,N.J.,Self-Employed,2428
TG-108010,Applicant 8010,76358.0,601, Newark,N.J.,Unemployed,2754
TG-108011,Applicant 8011,97931.0,775,New York,NJ,Full Time,3762
TG-108012,Applicant 8012,81593.0,624,Jersey City,,Unemployed,5411
TG-108013,Applicant 8013,83324.0,659,Jersey City,NJ, full time ,4618
TG-108014,Applicant 8014,73678.0,721,Hoboken,NJ, full time ,3648
TG-108015,Applicant 8015,125346.0,543,New York,ny,Unemployed,4379
TG-108016,Applicant 8016,63012.0,565,New York,ny, full time ,5083
TG-108017,Applicant 8017,62793.0,736,Brooklyn,, full time ,2207
TG-108018,Applicant 8018,148630.0,574,Queens,ny,Part Time,1739
TG-108019,Applicant 8019,114335.0,597, Newark,,Unemployed,1411
TG-108020,Applicant 8020,13447.0,999,New York,N.J.,Unemployed,5270
TG-108021,Applicant 8021,68042.0,791, Newark,N.J.,Self-Employed,5093
TG-108022,Applicant 8022,30640.0,667,Hoboken,NJ,Part Time,2593
TG-108023,Applicant 8023,56479.0,557,Brooklyn,N.J.,Full Time,3979
TG-108024,Applicant 8024,-9155.0,630, Newark,ny,Part Time,3776
TG-108025,Applicant 8025,80890.0,534, Newark,NY,Full Time,2463
TG-108026,Applicant 8026,50742.0,597, Newark,NJ,Unemployed,4673
TG-108027,Applicant 8027,86797.0,595, Newark,,Part Time,2212
TG-108028,Applicant 8028,36246.0,794, Newark,N.J.,Self-Employed,1995
TG-108029,Applicant 8029,87487.0,716,Brooklyn,NJ, full time ,2403
TG-108030,Applicant 8030,72553.0,738,Hoboken,NJ,Full Time,4543
TG-108031,Applicant 8031,,582, Newark,NJ, full time ,5380
TG-108032,Applicant 8032,127341.0,551, Newark,N.J.,Unemployed,4572
TG-108033,Applicant 8033,108560.0,752,Hoboken,,Unemployed,1620
TG-108034,Applicant 8034,75202.0,629,New York,NJ,Unemployed,3457
TG-108035,Applicant 8035,144561.0,684,New York,NJ, full time ,1261
TG-108036,Applicant 8036,38409.0,713,Brooklyn,NJ,Unemployed,5300
TG-108037,Applicant 8037,42893.0,526,Brooklyn,N.J.,Unemployed,4378
TG-108038,Applicant 8038,82487.0,658,Queens,ny, full time ,2746
TG-108039,Applicant 8039,152621.0,806,Brooklyn,,Unemployed,2950
TG-108040,Applicant 8040,78930.0,575,Hoboken,NJ,Full Time,1930
TG-108041,Applicant 8041,79503.0,679, Newark,NJ,Part Time,1378
TG-108042,Applicant 8042,41743.0,668,Hoboken,NJ,Full Time,1728
TG-108043,Applicant 8043,113378.0,806,Queens,N.J.,Unemployed,2610
TG-108044,Applicant 8044,113595.0,776,Jersey City,ny,Unemployed,3799
TG-108045,Applicant 8045,108672.0,658,Jersey City,NJ,Unemployed,1535
TG-108046,Applicant 8046,66123.0,811,Hoboken,NJ,Unemployed,3835
TG-108047,Applicant 8047,63799.0,706,Jersey City,N.J., full time ,2274
TG-108048,Applicant 8048,46206.0,703,Jersey City,,Part Time,1410
TG-108049,Applicant 8049,87516.0,781,Queens,, full time ,2867
TG-108050,Applicant 8050,52588.0,664, Newark,ny, full time ,2654
TG-108051,Applicant 8051,49678.0,780,Brooklyn,,Unemployed,5344
TG-108052,Applicant 8052,72289.0,999,Brooklyn,NJ,Full Time,1640
TG-108053,Applicant 8053,70325.0,531,Jersey City,N.J.,Full Time,1750
TG-108054,Applicant 8054,68861.0,780,New York,NJ,Self-Employed,1651
TG-108055,Applicant 8055,98993.0,688,Queens,NJ,Part Time,4416
TG-108056,Applicant 8056,87371.0,667, Newark,ny,Self-Employed,1854
TG-108057,Applicant 8057,76355.0,719, Newark,, full time ,1867
TG-108058,Applicant 8058,90490.0,589,Jersey City,,Self-Employed,3637
TG-108059,Applicant 8059,,573,New York,,Self-Employed,3200
TG-108060,Applicant 8060,88158.0,778,New York,NJ,Self-Employed,4822
TG-108061,Applicant 8061,89518.0,547, Newark,N.J.,Part Time,5440
TG-108062,Applicant 8062,39909.0,639,Queens,N.J.,Full Time,3710
TG-108063,Applicant 8063,114871.0,652,Brooklyn,NJ,Full Time,2593
TG-108064,Applicant 8064,58557.0,609, Newark,NY,Self-Employed,2755
TG-108065,Applicant 8065,87709.0,535, Newark,NJ,Part Time,4614
TG-108066,Applicant 8066,119932.0,806,Hoboken,,Full Time,4589
TG-108067,Applicant 8067,112770.0,803,New York,NJ,Unemployed,3094
TG-108068,Applicant 8068,86030.0,749,Hoboken,NY,Full Time,4226
TG-108069,Applicant 8069,74125.0,656,Hoboken,NJ,Full Time,2111
TG-108070,Applicant 8070,113425.0,814,Queens,,Part Time,5297
TG-108071,Applicant 8071,105241.0,746, Newark,ny,Part Time,2171
TG-108072,Applicant 8072,66449.0,546,Brooklyn,N.J.,Full Time,1316
TG-108073,Applicant 8073,61153.0,636,Queens,NY,Unemployed,5047
TG-108074,Applicant 8074,22829.0,608,New York,ny,Unemployed,1636
TG-108075,Applicant 8075,89621.0,626,Brooklyn,N.J.,Self-Employed,4487
TG-108076,Applicant 8076,82519.0,999, Newark,ny,Self-Employed,2784
TG-108077,Applicant 8077,119086.0,742,Jersey City,NJ,Full Time,2795
,Applicant 8078,95772.0,641,Brooklyn,NJ,Full Time,3325
TG-108079,Applicant 8079,125027.0,552,Queens,N.J.,Full Time,4390
TG-108080,Applicant 8080,64079.0,610,Queens,N.J.,Unemployed,5139
TG-108081,Applicant 8081,119145.0,703,Hoboken,NJ, full time ,2542
TG-108082,Applicant 8082,69133.0,777, Newark,NJ,Self-Employed,2862
TG-108083,Applicant 8083,108328.0,532,Jersey City,N.J.,Self-Employed,4478
TG-108084,Applicant 8084,41237.0,543, Newark,N.J., full time ,4943
TG-108085,Applicant 8085,92054.0,553,Brooklyn,N.J.,Full Time,3844
TG-108086,Applicant 8086,25459.0,766,Jersey City,,Self-Employed,4275
TG-108087,Applicant 8087,76986.0,538, Newark,,Unemployed,1868
TG-108088,Applicant 8088,,549,Hoboken,NJ, full time ,3557
TG-108089,Applicant 8089,69371.0,568,Jersey City,,Unemployed,3140
TG-108090,Applicant 8090,53487.0,699,Jersey City,NY,Full Time,4351
TG-108091,Applicant 8091,110384.0,745,Brooklyn,NJ,Self-Employed,5339
TG-108092,Applicant 8092,81896.0,597,Jersey City,NY,Unemployed,1652
TG-108093,Applicant 8093,70313.0,726,Hoboken,ny, full time ,2207
TG-108094,Applicant 8094,86257.0,554,New York,NY,Full Time,2422
TG-108095,Applicant 8095,164100.0,769,New York,ny,Self-Employed,4479
TG-108096,Applicant 8096,119605.0,590,Queens,NY,Self-Employed,1393
TG-108097,Applicant 8097,119877.0,798,New York,ny,Full Time,2235
TG-108098,Applicant 8098,98066.0,671,Brooklyn,ny,Full Time,2349
TG-108099,Applicant 8099,89995.0,746,Queens,NJ,Full Time,1639
TG-108100,Applicant 8100,,762,New York,N.J.,Unemployed,1931
TG-108101,Applicant 8101,64631.0,529,New York,N.J.,Part Time,4855
TG-108102,Applicant 8102,70583.0,567,Queens,NJ,Self-Employed,5416
TG-108103,Applicant 8103,28753.0,631,Brooklyn,ny,Unemployed,1985
TG-108104,Applicant 8104,50278.0,723,Queens,N.J., full time ,3802
TG-108105,Applicant 8105,25575.0,676,Brooklyn,N.J.,Self-Employed,2558
TG-108106,Applicant 8106,83850.0,545,Brooklyn,NY,Part Time,3324
TG-108107,Applicant 8107,109563.0,685, Newark,, full time ,2373
TG-108108,Applicant 8108,118203.0,768,Hoboken,NJ,Self-Employed,3819
TG-108109,Applicant 8109 ,97444.0,781,New York,,Part Time,1412
TG-108110,Applicant 8110,56098.0,783, Newark,ny,Full Time,1228
TG-108111,Applicant 8111,27038.0,536,New York,NY,Part Time,4144
TG-108112,Applicant 8112,32294.0,595, Newark,N.J.,Self-Employed,5163
TG-108113,Applicant 8113,46931.0,773,Jersey City,NY,Part Time,1988
TG-108114,Applicant 8114,58334.0,725,Queens,NJ,Self-Employed,3453
TG-108115,Applicant 8115,80208.0,553, Newark,ny,Self-Employed,4939
TG-108116,Applicant 8116,54575.0,666,Hoboken,NY,Part Time,2202
TG-108117,Applicant 8117,95169.0,999,New York,NY,Part Time,3874
TG-108118,Applicant 8118,78032.0,637,Jersey City,NY, full time ,2449
TG-108119,Applicant 8119,85316.0,684,Hoboken,N.J., full time ,2823
,Applicant 8120,119208.0,557,Brooklyn,ny,Unemployed,3838
TG-108121,Applicant 8121,49593.0,815,New York,N.J.,Self-Employed,4712
TG-108122,Applicant 8122,97561.0,656, Newark,NY, full time ,3903
TG-108123,Applicant 8123,84581.0,765,Queens,N.J.,Unemployed,1284
TG-108124,Applicant 8124,74995.0,717,Hoboken,N.J.,Self-Employed,4314
TG-108125,Applicant 8125,111558.0,585,Jersey City,NJ,Unemployed,4872
TG-108126,Applicant 8126,111370.0,999,Queens,, full time ,2573
TG-108127,Applicant 8127,56605.0,571,Brooklyn,,Unemployed,2663
TG-108128,Applicant 8128,79535.0,648,Queens,NJ,Part Time,2774
TG-108129,Applicant 8129,93436.0,520,Jersey City,NJ,Unemployed,4233
TG-108130,Applicant 8130,76810.0,686,Brooklyn,N.J.,Full Time,5316
TG-108131,Applicant 8131,102551.0,535,Jersey City,N.J.,Full Time,3292
TG-108132,Applicant 8132,93436.0,664,New York,ny,Unemployed,3852
TG-108133,Applicant 8133,139977.0,631,Jersey City,,Full Time,3290
TG-108134,Applicant 8134,39092.0,621,Queens,N.J.,Unemployed,4451
TG-108135,Applicant 8135,81327.0,601,New York,ny,Unemployed,1496
TG-108136,Applicant 8136,57745.0,618,New York,,Unemployed,2330
TG-108137,Applicant 8137,103123.0,678,Hoboken,ny,Full Time,4184
TG-108138,Applicant 8138,36485.0,559,Queens,ny,Self-Employed,1916
TG-108139,Applicant 8139,95389.0,674,Queens,NJ,Unemployed,5183
TG-108140,Applicant 8140,66099.0,555,Brooklyn,NY,Unemployed,4384
TG-108141,Applicant 8141,62975.0,766,Jersey City,NY,Part Time,5342
TG-108142,Applicant 8142,41605.0,523, Newark,NY,Part Time,2507
TG-108143,Applicant 8143,71048.0,800,Jersey City,ny, full time ,2061
TG-108144,Applicant 8144,117535.0,768,Queens,N.J.,Full Time,3684
TG-108145,Applicant 8145,84244.0,531,Jersey City,NY,Self-Employed,2297
TG-108146,Applicant 8146,103830.0,802,Queens,N.J.,Unemployed,1770
TG-108147,Applicant 8147,134939.0,735,New York,,Unemployed,2514
TG-108148,Applicant 8148,92913.0,601,Jersey City,NY,Full Time,2147
TG-108149,Applicant 8149,68236.0,533,Jersey City,ny, full time ,5353
TG-108150,Applicant 8150,99018.0,575,Queens,NJ, full time ,1930
TG-108151,Applicant 8151,68671.0,801,Queens,ny,Part Time,4043
TG-108152,Applicant 8152,69867.0,718,Brooklyn,N.J.,Full Time,1525
TG-108153,Applicant 8153,39403.0,685,Jersey City,, full time ,5129
TG-108154,Applicant 8154,112788.0,811,Hoboken,ny, full time ,4435
TG-108155,Applicant 8155,73420.0,665,Queens,NJ,Self-Employed,2583
TG-108156,Applicant 8156,90463.0,597,Hoboken,NJ,Part Time,4481
TG-108157,Applicant 8157,53921.0,631,New York,,Part Time,5273
TG-108158,Applicant 8158,98078.0,542,New York,NY,Part Time,1754
TG-108159,Applicant 8159,62142.0,635,Hoboken,ny, full time ,3670
TG-108160,Applicant 8160,80749.0,661, Newark,ny,Unemployed,4404
TG-108161,Applicant 8161,111335.0,716,New York,NJ, full time ,1402
TG-108162,Applicant 8162,108723.0,797,Hoboken,N.J., full time ,2787
TG-108163,Applicant 8163,84339.0,547,Brooklyn,ny,Full Time,1652
TG-108164,Applicant 8164,31956.0,818,Brooklyn,NJ,Part Time,4274
TG-108165,Applicant 8165,174784.0,595,New York,N.J.,Part Time,2312
TG-108166,Applicant 8166,137376.0,537,Hoboken,NY,Self-Employed,2274
TG-108167,Applicant 8167,106680.0,619,Hoboken,NY,Part Time,4724
TG-108168,Applicant 8168,62404.0,643,Hoboken,NJ, full time ,1679
TG-108169,Applicant 8169,81592.0,811, Newark,NJ,Full Time,4404
TG-108170,Applicant 8170,68697.0,644,New York,NY,Self-Employed,4518
TG-108171,Applicant 8171,122916.0,526, Newark,NJ, full time ,4133
TG-108172,Applicant 8172,92875.0,542,Hoboken,, full time ,4994
TG-108173,Applicant 8173,61475.0,681,Queens,ny,Self-Employed,3643
TG-108174,Applicant 8174,70877.0,636,Hoboken,, full time ,5454
TG-108175,Applicant 8175,118636.0,540,Queens,N.J., full time ,3712
TG-108176,Applicant 8176,133003.0,771,Brooklyn,NJ,Full Time,2373
TG-108177,Applicant 8177,130850.0,603,Queens,NJ,Full Time,4261
TG-108178,Applicant 8178,107711.0,560,Brooklyn,N.J.,Full Time,3096
TG-108179,Applicant 8179,77421.0,722,New York,ny,Part Time,3494
TG-108180,Applicant 8180,-12245.0,647, Newark,NY,Self-Employed,3946
TG-108181,Applicant 8181,93915.0,661, Newark,,Full Time,2555
TG-108182,Applicant 8182,84945.0,622,Brooklyn,ny, full time ,2394
TG-108183,Applicant 8183,89199.0,626,Brooklyn,NY,Part Time,2698
TG-108184,Applicant 8184,86617.0,536,Hoboken,NY,Self-Employed,4089
TG-108185,Applicant 8185,45212.0,544,Jersey City,NJ,Full Time,2228
TG-108186,Applicant 8186,101722.0,583,Brooklyn,N.J.,Full Time,1715
TG-108187,Applicant 8187,103966.0,756,Queens,NJ,Self-Employed,2097
TG-108188,Applicant 8188,105470.0,695,New York,N.J.,Full Time,2871
TG-108189,Applicant 8189,,810, Newark,NJ,Self-Employed,3971
TG-108190,Applicant 8190,103122.0,812,Queens,,Self-Employed,4242
TG-108191,Applicant 8191,72699.0,675, Newark,NJ, full time ,1893
TG-108192,Applicant 8192,82875.0,572,New York,,Self-Employed,1358
,Applicant 8193,87734.0,592,Queens,ny,Unemployed,4803
TG-108194,Applicant 8194,88231.0,702, Newark,ny,Full Time,1443
TG-108195,Applicant 8195,114947.0,708,Brooklyn,NJ, full time ,4945
TG-108196,Applicant 8196,104310.0,532,Jersey City,ny,Part Time,4149
TG-108197,Applicant 8197,147320.0,566,Brooklyn,NY,Unemployed,1490
TG-108198,Applicant 8198,151194.0,679, Newark,,Self-Employed,1330
TG-108199,Applicant 8199,87389.0,999,Hoboken,N.J.,Part Time,2614
TG-108200,Applicant 8200,-30100.0,572,Queens,,Part Time,4605
TG-108201,Applicant 8201,122105.0,806,Jersey City,NJ,Part Time,3389
TG-108202,Applicant 8202,68789.0,527,Queens,ny,Part Time,5128
TG-108203,Applicant 8203,60955.0,591,Hoboken,ny, full time ,4980
TG-108204,Applicant 8204,73047.0,617,Hoboken,NY, full time ,1592
TG-108205,Applicant 8205,71601.0,606,Hoboken,ny,Part Time,3756
TG-108206,Applicant 8206,103368.0,620, Newark,NJ,Unemployed,5272
TG-108207,Applicant 8207,38217.0,800,Brooklyn,NJ,Full Time,4373
TG-108208,Applicant 8208,52668.0,808, Newark,N.J.,Full Time,3284
TG-108209,Applicant 8209,95295.0,756,Brooklyn,, full time ,1796
TG-108210,Applicant 8210,103688.0,715,Jersey City,,Unemployed,3681
TG-108211,Applicant 8211,104246.0,616,Hoboken,,Unemployed,3743
TG-108212,Applicant 8212,61389.0,615,Brooklyn,N.J.,Self-Employed,2759
TG-108213,Applicant 8213,55652.0,780,New York,N.J., full time ,4253
TG-108214,Applicant 8214,69801.0,640,New York,N.J.,Unemployed,4397
TG-108215,Applicant 8215,92196.0,792,Brooklyn,NY,Unemployed,3552
TG-108216,Applicant 8216,129564.0,571,Jersey City,N.J.,Full Time,2615
TG-108217,Applicant 8217,23577.0,682,Queens,ny,Unemployed,3869
TG-108218,Applicant 8218,78378.0,709, Newark,NY,Unemployed,2229
TG-108219,Applicant 8219,,796,Hoboken,ny,Part Time,2048
TG-108220,Applicant 8220 ,35433.0,604,Brooklyn,,Full Time,4197
TG-108221,Applicant 8221,114009.0,713,Jersey City,NJ,Full Time,2530
TG-108222,Applicant 8222,101339.0,700, Newark,,Part Time,2225
TG-108223,Applicant 8223,98483.0,540,Queens,N.J.,Full Time,4429
TG-108224,Applicant 8224,112631.0,722,Jersey City,NJ,Self-Employed,2017
TG-108225,Applicant 8225,70608.0,721,Queens,,Self-Employed,2422
TG-108226,Applicant 8226,72021.0,670,New York,NY, full time ,2623
TG-108227,Applicant 8227,150572.0,678, Newark,N.J.,Full Time,5378
TG-108228,Applicant 8228,77603.0,545, Newark,,Full Time,4222
TG-108229,Applicant 8229,107054.0,585,Queens,NJ,Self-Employed,4710
TG-108230,Applicant 8230,85191.0,782,New York,ny, full time ,4733
TG-108231,Applicant 8231,29552.0,686,Hoboken,, full time ,4316
TG-108232,Applicant 8232,23661.0,807,Brooklyn,NY,Self-Employed,5470
TG-108233,Applicant 8233,67630.0,673,New York,NJ,Self-Employed,2768
TG-108234,Applicant 8234,116683.0,725,Jersey City,,Part Time,5137
TG-108235,Applicant 8235,108649.0,672,Queens,ny, full time ,1607
TG-108236,Applicant 8236,112422.0,703, Newark,N.J., full time ,2308
TG-108237,Applicant 8237,55389.0,678,Jersey City,N.J.,Part Time,4103
TG-108238,Applicant 8238,133476.0,713, Newark,N.J.,Self-Employed,4884
TG-108239,Applicant 8239,56053.0,521,New York,NJ,Part Time,3711
TG-108240,Applicant 8240,91385.0,734, Newark,ny,Part Time,4545
TG-108241,Applicant 8241,84689.0,694, Newark,ny,Unemployed,4457
TG-108242,Applicant 8242,79784.0,594, Newark,, full time ,2271
,Applicant 8243,125158.0,804, Newark,N.J.,Self-Employed,4417
TG-108244,Applicant 8244,63847.0,646,Jersey City,NJ,Unemployed,2239
TG-108245,Applicant 8245,44512.0,568,Queens,N.J.,Unemployed,4568
TG-108246,Applicant 8246,85600.0,551,Brooklyn,N.J.,Unemployed,3696
TG-108247,Applicant 8247,73005.0,677,Jersey City,,Self-Employed,4826
TG-108248,Applicant 8248,186321.0,534,Hoboken,,Part Time,4698
TG-108249,Applicant 8249,105295.0,762,Queens,,Self-Employed,1546
TG-108250,Applicant 8250,72720.0,536,Queens,NY, full time ,4555
TG-108251,Applicant 8251,53317.0,541,Hoboken,NY, full time ,4834
TG-108252,Applicant 8252,28591.0,763,New York,NJ,Part Time,1576
TG-108253,Applicant 8253,54243.0,600,Hoboken,NJ,Self-Employed,4651
TG-108254,Applicant 8254,88448.0,663,New York,,Part Time,3669
TG-108255,Applicant 8255,127820.0,527,Brooklyn,ny,Part Time,2131
TG-108256,Applicant 8256,118651.0,686,New York,NJ,Self-Employed,3051
TG-108257,Applicant 8257,91873.0,999,Brooklyn,NY, full time ,1963
TG-108258,Applicant 8258,75305.0,787,Brooklyn,NY,Self-Employed,3466
TG-108259,Applicant 8259,93064.0,808, Newark,N.J., full time ,5352
TG-108260,Applicant 8260,69441.0,705, Newark,,Full Time,5409
TG-108261,Applicant 8261,136551.0,531,Hoboken,ny,Full Time,4517
TG-108262,Applicant 8262,79324.0,800,Brooklyn,,Full Time,3551
TG-108263,Applicant 8263,82410.0,602,New York,NY,Unemployed,4245
TG-108264,Applicant 8264,18525.0,574,Jersey City,ny, full time ,4586
TG-108265,Applicant 8265,79137.0,650, Newark,NJ, full time ,2299
TG-108266,Applicant 8266,110095.0,644,Queens,N.J.,Self-Employed,3550
TG-108267,Applicant 8267,52968.0,570,Queens,NY, full time ,4158
TG-108268,Applicant 8268,62478.0,546,New York,N.J.,Self-Employed,2847
TG-108269,Applicant 8269,108781.0,684, Newark,,Unemployed,3981
TG-108270,Applicant 8270,40700.0,800,Jersey City,ny,Self-Employed,4855
TG-108271,Applicant 8271,116734.0,552,Brooklyn,,Full Time,2699
TG-108272,Applicant 8272,69036.0,581, Newark,N.J.,Self-Employed,1201
TG-108273,Applicant 8273,73343.0,664,New York,NY,Self-Employed,3304
TG-108274,Applicant 8274,51284.0,690,Brooklyn,N.J.,Self-Employed,1657
TG-108275,Applicant 8275,96341.0,805, Newark,NY, full time ,1740
TG-108276,Applicant 8276,158796.0,816,Hoboken,N.J.,Part Time,4363
TG-108277,Applicant 8277,108445.0,636,Jersey City,,Part Time,3020
TG-108278,Applicant 8278,59071.0,523,Queens,N.J.,Part Time,3586
TG-108279,Applicant 8279,119069.0,585,New York,NJ, full time ,4642
TG-108280,Applicant 8280,75500.0,579,Queens,,Full Time,4006
TG-108281,Applicant 8281,126235.0,806,Brooklyn,N.J.,Part Time,5180
TG-108282,Applicant 8282,109200.0,748,Brooklyn,N.J.,Part Time,2282
TG-108283,Applicant 8283,-3294.0,619,Hoboken,ny,Unemployed,1575
TG-108284,Applicant 8284,54878.0,638,Brooklyn,,Unemployed,2736
TG-108285,Applicant 8285,113332.0,588,Brooklyn,ny,Full Time,1586
TG-108286,Applicant 8286 ,89550.0,671,Queens,,Self-Employed,2011
TG-108287,Applicant 8287,54287.0,799,Queens,NY,Self-Employed,1382
TG-108288,Applicant 8288,65992.0,740,New York,,Unemployed,3563
TG-108289,Applicant 8289,27813.0,742,New York,,Unemployed,2670
TG-108290,Applicant 8290,82349.0,684,Brooklyn,N.J.,Full Time,4942
TG-108291,Applicant 8291,151321.0,730, Newark,NJ,Full Time,2983
TG-108292,Applicant 8292,109148.0,798,Jersey City,, full time ,4499
TG-108293,Applicant 8293,150713.0,582,New York,ny,Self-Employed,4076
TG-108294,Applicant 8294,111472.0,781,Brooklyn,NJ, full time ,4059
TG-108295,Applicant 8295,115824.0,525, Newark,,Part Time,3022
TG-108296,Applicant 8296,144222.0,767, Newark,NJ,Full Time,4192
TG-108297,Applicant 8297,96318.0,748,Queens,NY,Self-Employed,3898
TG-108298,Applicant 8298,79383.0,805, Newark,NJ,Self-Employed,2288
TG-108299,Applicant 8299,115980.0,776,Hoboken,NY, full time ,2692
TG-108300,Applicant 8300,128615.0,582,Queens,NJ,Unemployed,3619
TG-108301,Applicant 8301,70601.0,547,Queens,NJ,Unemployed,2553
TG-108302,Applicant 8302,63353.0,572,Hoboken,ny,Full Time,3256
TG-108303,Applicant 8303,89166.0,771,Queens,ny,Unemployed,2627
TG-108304,Applicant 8304,109945.0,557,New York,N.J.,Part Time,1842
TG-108305,Applicant 8305,108943.0,658,Queens,NJ,Self-Employed,1847
TG-108306,Applicant 8306,42275.0,572,Hoboken,NY,Unemployed,2113
TG-108307,Applicant 8307,142348.0,613,Brooklyn,NJ,Full Time,5069
TG-108308,Applicant 8308,65765.0,613,Brooklyn,,Part Time,3525
TG-108309,Applicant 8309,77048.0,782,Brooklyn,NY, full time ,2105
TG-108310,Applicant 8310,,656,Hoboken,, full time ,3749
TG-108311,Applicant 8311,165950.0,775,Hoboken,N.J.,Part Time,2192
TG-108312,Applicant 8312,92262.0,556,New York,,Full Time,4758
TG-108313,Applicant 8313,59471.0,661,Hoboken,N.J., full time ,3570
TG-108314,Applicant 8314,110918.0,666, Newark,N.J.,Self-Employed,2432
TG-108315,Applicant 8315,108074.0,527,Brooklyn,N.J.,Self-Employed,2526
TG-108316,Applicant 8316,79368.0,770,Hoboken,,Full Time,4563
TG-108317,Applicant 8317,110218.0,654,Jersey City,N.J.,Full Time,5212
TG-108318,Applicant 8318,60241.0,578,Queens,N.J.,Self-Employed,5122
TG-108319,Applicant 8319,70212.0,642,New York,ny,Full Time,3920
TG-108320,Applicant 8320,24694.0,782,Brooklyn,NJ,Part Time,3311
TG-108321,Applicant 8321,45281.0,639, Newark,N.J.,Full Time,2990
TG-108322,Applicant 8322,139229.0,778, Newark,NY,Self-Employed,1609
TG-108323,Applicant 8323,134243.0,537,Brooklyn,NY,Unemployed,2854
TG-108324,Applicant 8324,86974.0,611, Newark,ny,Full Time,5387
TG-108325,Applicant 8325,134888.0,683,Jersey City,, full time ,4789
TG-108326,Applicant 8326,80198.0,663,New York,,Part Time,5178
TG-108327,Applicant 8327,77698.0,757,Queens,,Part Time,2269
TG-108328,Applicant 8328,86695.0,693,New York,N.J.,Part Time,3872
TG-108329,Applicant 8329,81252.0,602,New York,, full time ,2140
TG-108330,Applicant 8330,78544.0,676,Brooklyn,, full time ,3857
TG-108331,Applicant 8331,119302.0,628,Hoboken,NJ,Part Time,3203
TG-108332,Applicant 8332,89504.0,697,Queens,N.J.,Part Time,3954
TG-108333,Applicant 8333,106374.0,769,New York,N.J.,Part Time,4683
TG-108334,Applicant 8334,115941.0,772,Jersey City,NY,Full Time,4685
TG-108335,Applicant 8335,96646.0,574,Brooklyn,NY, full time ,1860
TG-108336,Applicant 8336,55892.0,674,Hoboken,NJ,Self-Employed,4143
TG-108337,Applicant 8337,44414.0,610,Hoboken,ny,Full Time,1505
TG-108338,Applicant 8338,89463.0,645,Brooklyn,N.J.,Self-Employed,2056
TG-108339,Applicant 8339,79862.0,688,New York,NY,Full Time,4141
TG-108340,Applicant 8340,87622.0,658, Newark,,Full Time,1648
TG-108341,Applicant 8341,84518.0,524,Brooklyn,N.J.,Self-Employed,4122
TG-108342,Applicant 8342,162507.0,585, Newark,N.J.,Part Time,4050
TG-108343,Applicant 8343,45093.0,630,Hoboken,N.J.,Self-Employed,3994
TG-108344,Applicant 8344,25302.0,703,Hoboken,NY,Unemployed,2430
TG-108345,Applicant 8345,94971.0,787,Jersey City,NJ, full time ,3975
TG-108346,Applicant 8346,73707.0,689,Jersey City,NY,Unemployed,1681
TG-108347,Applicant 8347,94482.0,763,Hoboken,,Full Time,4268
TG-108348,Applicant 8348,102516.0,657,Jersey City,,Self-Employed,4627
TG-108349,Applicant 8349,123523.0,547,Jersey City,ny,Part Time,2360
TG-108350,Applicant 8350,39783.0,526,Jersey City,NY,Part Time,2392
TG-108351,Applicant 8351,68298.0,570,Hoboken,NY,Unemployed,2717
TG-108352,Applicant 8352,97863.0,655,New York,ny,Unemployed,3224
TG-108353,Applicant 8353,108114.0,697,New York,ny,Full Time,1688
TG-108354,Applicant 8354,150803.0,648,Queens,N.J., full time ,2908
TG-108355,Applicant 8355,113671.0,716,Jersey City,N.J.,Full Time,2499
TG-108356,Applicant 8356,83296.0,786,New York,,Part Time,5292
TG-108357,Applicant 8357,58287.0,626,Queens,NJ,Self-Employed,4923
TG-108358,Applicant 8358,68071.0,567,Brooklyn,,Unemployed,3919
TG-108359,Applicant 8359,67219.0,657,Jersey City,NY,Part Time,2285
TG-108360,Applicant 8360,104657.0,622,New York,NJ,Full Time,4404
TG-108361,Applicant 8361,92710.0,566,New York,N.J., full time ,3367
TG-108362,Applicant 8362,45291.0,672, Newark,ny,Self-Employed,4059
TG-108363,Applicant 8363,71923.0,525,New York,ny, full time ,2380
TG-108364,Applicant 8364,111326.0,530, Newark,,Full Time,4730
TG-108365,Applicant 8365,95550.0,536,Queens,NY,Full Time,3659
TG-108366,Applicant 8366,102059.0,662, Newark,NY,Part Time,4778
TG-108367,Applicant 8367,96488.0,791,Brooklyn,ny,Self-Employed,2801
TG-108368,Applicant 8368,133793.0,585,Jersey City,,Full Time,3475
TG-108369,Applicant 8369,92081.0,999,New York,,Part Time,1344
TG-108370,Applicant 8370,73419.0,646,Hoboken,N.J.,Full Time,3408
TG-108371,Applicant 8371,57527.0,650,Jersey City,N.J.,Part Time,1488
TG-108372,Applicant 8372,92488.0,537,Hoboken,N.J., full time ,5379
TG-108373,Applicant 8373,11779.0,726,Queens,NJ,Part Time,1733
TG-108374,Applicant 8374,79471.0,608,New York,, full time ,1380
TG-108375,Applicant 8375,78825.0,762,Jersey City,,Unemployed,4232
TG-108376,Applicant 8376,44066.0,536,Jersey City,N.J.,Full Time,4764
TG-108377,Applicant 8377,57152.0,742,New York,ny,Unemployed,2267
TG-108378,Applicant 8378,109290.0,729,Brooklyn,N.J.,Self-Employed,4090
TG-108379,Applicant 8379,91921.0,618,Queens,NJ,Unemployed,2129
TG-108380,Applicant 8380,,532,New York,ny,Part Time,2163
TG-108381,Applicant 8381,94190.0,789, Newark,,Part Time,4549
TG-108382,Applicant 8382,87779.0,706,Jersey City,NJ,Self-Employed,4716
TG-108383,Applicant 8383,122286.0,793,Brooklyn,NJ,Self-Employed,4356
TG-108384,Applicant 8384,88703.0,652,Jersey City,ny,Full Time,4040
TG-108385,Applicant 8385,41254.0,533,Hoboken,N.J.,Part Time,3326
TG-108386,Applicant 8386,133904.0,800,Jersey City,N.J.,Self-Employed,5098
TG-108387,Applicant 8387,96110.0,563,Queens,NY,Unemployed,2959
TG-108388,Applicant 8388,67322.0,814,New York,ny,Part Time,2679
TG-108389,Applicant 8389,47398.0,623,Jersey City,N.J.,Self-Employed,2176
TG-108390,Applicant 8390,96877.0,581, Newark,NJ,Full Time,2160
TG-108391,Applicant 8391 ,81485.0,572,Hoboken,N.J., full time ,4627
TG-108392,Applicant 8392,132224.0,637,Hoboken,N.J.,Part Time,5099
TG-108393,Applicant 8393,74623.0,650,New York,NJ,Part Time,1280
TG-108394,Applicant 8394,59879.0,818,Hoboken,ny,Part Time,4059
TG-108395,Applicant 8395,111874.0,718,New York,NY,Part Time,2856
TG-108396,Applicant 8396,112758.0,555,Queens,N.J., full time ,3749
TG-108397,Applicant 8397,,798,New York,N.J., full time ,2271
TG-108398,Applicant 8398,105291.0,735,Brooklyn,N.J.,Full Time,2860
TG-108399,Applicant 8399,83869.0,593,Hoboken,ny,Part Time,3912
TG-108400,Applicant 8400,92016.0,574,Hoboken,NJ,Self-Employed,3656
TG-108401,Applicant 8401,119950.0,531, Newark,NJ,Unemployed,2024
TG-108402,Applicant 8402,103760.0,602,Jersey City,NJ,Part Time,4284
TG-108403,Applicant 8403,79922.0,551,Brooklyn,NJ, full time ,3068
TG-108404,Applicant 8404,125571.0,605,Jersey City,NJ,Full Time,5051
TG-108405,Applicant 8405,14054.0,751,New York,NJ,Part Time,2187
TG-108406,Applicant 8406,146562.0,794,Queens,N.J.,Full Time,1390
TG-108407,Applicant 8407,33821.0,720, Newark,N.J.,Self-Employed,2223
TG-108408,Applicant 8408,66187.0,570,Hoboken,NJ,Self-Employed,5323
TG-108409,Applicant 8409,83772.0,775,Queens,NJ,Self-Employed,4494
TG-108410,Applicant 8410,80606.0,760,New York,ny,Self-Employed,4313
TG-108411,Applicant 8411,115192.0,724,New York,ny,Unemployed,4863
TG-108412,Applicant 8412,53265.0,715,Brooklyn,,Full Time,3285
TG-108413,Applicant 8413,92823.0,763,Jersey City,N.J.,Part Time,2356
TG-108414,Applicant 8414,67654.0,520,Hoboken,NJ,Unemployed,2911
TG-108415,Applicant 8415,93854.0,608,Hoboken,N.J.,Part Time,1362
TG-108416,Applicant 8416,83057.0,801,Queens,, full time ,3994
TG-108417,Applicant 8417,87788.0,658,Brooklyn,ny,Unemployed,1253
TG-108418,Applicant 8418,,606, Newark,,Unemployed,1573
TG-108419,Applicant 8419,69698.0,521,New York,NY, full time ,2076
TG-108420,Applicant 8420,93618.0,687,Brooklyn,ny,Unemployed,3975
TG-108421,Applicant 8421,113311.0,638,Hoboken,N.J.,Full Time,4929
TG-108422,Applicant 8422,67052.0,599, Newark,ny,Self-Employed,4065
TG-108423,Applicant 8423,58937.0,630,Jersey City,,Part Time,3884
TG-108424,Applicant 8424,103404.0,684,Queens,NJ, full time ,3908
,Applicant 8425,84025.0,738,New York,,Self-Employed,4488
TG-108426,Applicant 8426,109915.0,524,New York,,Unemployed,1239
TG-108427,Applicant 8427,57826.0,734,New York,NJ,Full Time,2854
TG-108428,Applicant 8428,31617.0,714,Jersey City,N.J.,Unemployed,1997
TG-108429,Applicant 8429,69010.0,801,Hoboken,N.J., full time ,1909
TG-108430,Applicant 8430,62009.0,525,Hoboken,ny,Unemployed,1224
TG-108431,Applicant 8431,82636.0,819,Brooklyn,,Full Time,5253
TG-108432,Applicant 8432,65895.0,577, Newark,ny,Unemployed,3314
TG-108433,Applicant 8433,107231.0,621,Brooklyn,NJ,Unemployed,3944
TG-108434,Applicant 8434,76355.0,567,Hoboken,NY,Unemployed,3550
TG-108435,Applicant 8435,89514.0,795,New York,N.J.,Unemployed,5400
TG-108436,Applicant 8436,89729.0,682,Jersey City,NJ,Full Time,3904
TG-108437,Applicant 8437,90849.0,715,Hoboken,N.J.,Part Time,2656
TG-108438,Applicant 8438,84276.0,999,Jersey City,ny,Self-Employed,2273
TG-108439,Applicant 8439,100318.0,585,Queens,NY, full time ,2435
TG-108440,Applicant 8440,61130.0,602,New York,,Part Time,4566
TG-108441,Applicant 8441,126983.0,784,Queens,N.J.,Full Time,3264
TG-108442,Applicant 8442,77904.0,748,Hoboken,, full time ,4626
TG-108443,Applicant 8443,45654.0,792,Brooklyn,ny, full time ,2216
TG-108444,Applicant 8444,90642.0,738,Hoboken,N.J.,Unemployed,3217
TG-108445,Applicant 8445,59465.0,744,Queens,ny,Self-Employed,4623
TG-108446,Applicant 8446,104960.0,632,Jersey City,,Self-Employed,3625
TG-108447,Applicant 8447,151288.0,659, Newark,ny,Full Time,5325
TG-108448,Applicant 8448,61403.0,704, Newark,ny,Part Time,5426
TG-108449,Applicant 8449,94971.0,692,Hoboken,ny,Unemployed,5418
TG-108450,Applicant 8450,32335.0,530,Brooklyn,NJ,Self-Employed,2119
TG-108451,Applicant 8451,98617.0,678,Queens,NJ,Unemployed,5034
TG-108452,Applicant 8452,58429.0,724,Hoboken,N.J.,Part Time,5251
TG-108453,Applicant 8453,66255.0,749,Queens,ny, full time ,5369
TG-108454,Applicant 8454,51961.0,545,Queens,ny,Part Time,4743
TG-108455,Applicant 8455,106965.0,678,New York,ny, full time ,1310
TG-108456,Applicant 8456,115219.0,797, Newark,NJ,Part Time,4982
TG-108457,Applicant 8457,85702.0,667, Newark,,Unemployed,3424
TG-108458,Applicant 8458,59067.0,785,Jersey City,ny,Part Time,4291
TG-108459,Applicant 8459,132686.0,602,New York,NY,Self-Employed,3452
TG-108460,Applicant 8460,62488.0,545, Newark,N.J.,Self-Employed,4793
TG-108461,Applicant 8461,20139.0,590,Queens,NJ,Full Time,4280
TG-108462,Applicant 8462,98752.0,556,Brooklyn,,Self-Employed,3190
TG-108463,Applicant 8463,51857.0,652,Brooklyn,NY,Self-Employed,5147
TG-108464,Applicant 8464,114658.0,645,New York,ny, full time ,4846
TG-108465,Applicant 8465,73566.0,634,Brooklyn,NJ,Unemployed,3327
TG-108466,Applicant 8466,103111.0,611,Queens,ny,Unemployed,2767
TG-108467,Applicant 8467,127045.0,761,Hoboken,N.J., full time ,4787
TG-108468,Applicant 8468,48734.0,719,Queens,NJ,Self-Employed,3373
TG-108469,Applicant 8469,68022.0,726, Newark,NY,Part Time,3622
TG-108470,Applicant 8470,82730.0,636,Hoboken,, full time ,5446
TG-108471,Applicant 8471,131127.0,738,Brooklyn,,Unemployed,4955
TG-108472,Applicant 8472,65249.0,762,Jersey City,N.J.,Full Time,2418
TG-108473,Applicant 8473,67165.0,811,Jersey City,,Unemployed,2649
TG-108474,Applicant 8474,99344.0,801,Queens,,Part Time,2787
TG-108475,Applicant 8475,67683.0,691,Queens,N.J.,Unemployed,5184
TG-108476,Applicant 8476,89576.0,595,Brooklyn,NY, full time ,4335
TG-108477,Applicant 8477,38454.0,728,Jersey City,NJ,Full Time,3420
TG-108478,Applicant 8478,151430.0,624,Jersey City,NJ,Unemployed,1596
TG-108479,Applicant 8479,44569.0,545,Queens,N.J., full time ,4937
TG-108480,Applicant 8480,75347.0,598, Newark,ny, full time ,1943
TG-108481,Applicant 8481,84026.0,647,Jersey City,N.J., full time ,2653
TG-108482,Applicant 8482,142381.0,656,Queens,N.J.,Full Time,3217
TG-108483,Applicant 8483,45255.0,555,New York,N.J., full time ,5346
TG-108484,Applicant 8484,144511.0,578,Jersey City,N.J.,Full Time,4486
TG-108485,Applicant 8485,107715.0,749,Hoboken,,Part Time,3025
TG-108486,Applicant 8486,97513.0,643,Brooklyn,,Part Time,3867
TG-108487,Applicant 8487,55461.0,607,Queens,NY,Part Time,4811
TG-108488,Applicant 8488,102134.0,660,Jersey City,N.J., full time ,3522
TG-108489,Applicant 8489,63295.0,792,Jersey City,NJ,Full Time,3831
TG-108490,Applicant 8490,123000.0,570, Newark,ny,Part Time,3153
TG-108491,Applicant 8491,55868.0,574,Queens,,Self-Employed,1561
TG-108492,Applicant 8492,81605.0,669,Hoboken,NJ,Part Time,1599
TG-108493,Applicant 8493,68342.0,672,Jersey City,, full time ,4854
TG-108494,Applicant 8494,55374.0,738,New York,NY,Self-Employed,1994
TG-108495,Applicant 8495,107240.0,738,Brooklyn,ny,Unemployed,1762
TG-108496,Applicant 8496,101064.0,777,Queens,,Self-Employed,4355
TG-108497,Applicant 8497,121270.0,564,Jersey City,ny,Unemployed,3474
TG-108498,Applicant 8498,31604.0,788, Newark,ny,Self-Employed,3264
TG-108499,Applicant 8499,116925.0,679, Newark,NJ,Full Time,1419
TG-108500,Applicant 8500,160163.0,797,Brooklyn,,Self-Employed,3831
TG-108501,Applicant 8501,71451.0,574,Queens,ny,Part Time,3699
TG-108502,Applicant 8502,141854.0,664,Queens,N.J.,Unemployed,3216
TG-108503,Applicant 8503,77105.0,754,Queens,ny,Unemployed,1825
TG-108504,Applicant 8504,43828.0,698,Hoboken,ny,Part Time,2864
TG-108505,Applicant 8505,75831.0,727,New York,,Full Time,4541
TG-108506,Applicant 8506,116446.0,655, Newark,N.J.,Self-Employed,2102
TG-108507,Applicant 8507,59855.0,794,Queens,ny,Full Time,1263
TG-108508,Applicant 8508,66990.0,702,Hoboken,,Part Time,3191
TG-108509,Applicant 8509,102806.0,580,Queens,,Self-Employed,3127
TG-108510,Applicant 8510,85092.0,582,Queens,ny,Part Time,2149
TG-108511,Applicant 8511,102539.0,734,Hoboken,NY,Unemployed,1638
TG-108512,Applicant 8512,92135.0,658,New York,NY,Unemployed,2096
TG-108513,Applicant 8513,99389.0,653,Brooklyn,NJ,Unemployed,3279
TG-108514,Applicant 8514,72031.0,553, Newark,NY, full time ,1200
TG-108515,Applicant 8515,91952.0,712,Jersey City,NY, full time ,5209
TG-108516,Applicant 8516,57179.0,606,Queens,,Unemployed,4253
TG-108517,Applicant 8517,123653.0,729,New York,, full time ,3963
TG-108518,Applicant 8518,65972.0,600, Newark,ny, full time ,3833
TG-108519,Applicant 8519,118865.0,709,Jersey City,ny,Part Time,5447
TG-108520,Applicant 8520,77992.0,752,Queens,,Self-Employed,4632
TG-108521,Applicant 8521 ,91060.0,688,Jersey City,ny,Unemployed,3617
TG-108522,Applicant 8522,70151.0,770,Hoboken,, full time ,2882
TG-108523,Applicant 8523,54520.0,687, Newark,NY,Part Time,1762
TG-108524,Applicant 8524 ,32657.0,750,New York,ny,Part Time,1457
TG-108525,Applicant 8525,53340.0,669,New York,NY,Self-Employed,2164
TG-108526,Applicant 8526,75283.0,671, Newark,NJ,Part Time,5485
TG-108527,Applicant 8527,91356.0,557,Brooklyn,ny,Full Time,3041
TG-108528,Applicant 8528,115311.0,816,Brooklyn,,Full Time,5075
TG-108529,Applicant 8529,71627.0,794,Jersey City,,Unemployed,5293
TG-108530,Applicant 8530,58541.0,624,Hoboken,NJ,Self-Employed,3854
TG-108531,Applicant 8531,41719.0,581,Jersey City,,Full Time,5184
TG-108532,Applicant 8532,99402.0,535,Queens,NY,Self-Employed,3229
TG-108533,Applicant 8533,126496.0,669,New York,,Unemployed,5015
TG-108534,Applicant 8534,122990.0,661,Jersey City,NJ,Part Time,3069
TG-108535,Applicant 8535,106298.0,635,Jersey City,N.J.,Part Time,1577
TG-108536,Applicant 8536,104156.0,584, Newark,N.J.,Part Time,3592
TG-108537,Applicant 8537,135929.0,713,New York,NY,Full Time,4058
TG-108538,Applicant 8538,94962.0,680,New York,N.J.,Self-Employed,2048
TG-108539,Applicant 8539,104384.0,797,Brooklyn,,Full Time,1979
TG-108540,Applicant 8540,75376.0,815,Brooklyn,NJ, full time ,4611
TG-108541,Applicant 8541,44139.0,558,New York,NY,Self-Employed,2065
TG-108542,Applicant 8542,64485.0,688,Jersey City,N.J.,Unemployed,4839
TG-108543,Applicant 8543,84725.0,587,Queens,,Full Time,3130
TG-108544,Applicant 8544,86824.0,526,Jersey City,,Part Time,1738
TG-108545,Applicant 8545,142789.0,604,Queens,ny,Part Time,5229
TG-108546,Applicant 8546,87438.0,718,New York,ny,Part Time,2305
TG-108547,Applicant 8547,120365.0,651, Newark,NJ,Full Time,2965
TG-108548,Applicant 8548,71948.0,595,Queens,NY,Full Time,2955
TG-108549,Applicant 8549,75650.0,769,Brooklyn,N.J.,Part Time,1433
TG-108550,Applicant 8550,45130.0,728, Newark,N.J.,Part Time,4463
TG-108551,Applicant 8551,62730.0,603,New York,,Part Time,4935
TG-108552,Applicant 8552,100809.0,742,Hoboken,N.J., full time ,4884
TG-108553,Applicant 8553,85227.0,772,Queens,NJ,Full Time,2096
TG-108554,Applicant 8554,113288.0,550,Queens,ny,Part Time,4795
TG-108555,Applicant 8555,90438.0,720, Newark,,Unemployed,1475
TG-108556,Applicant 8556,74426.0,999,Hoboken,NY,Part Time,1602
TG-108557,Applicant 8557,149449.0,591,Hoboken,,Full Time,3501
TG-108558,Applicant 8558,82183.0,999,New York,N.J.,Unemployed,4248
TG-108559,Applicant 8559,119890.0,535, Newark,NJ,Full Time,3784
TG-108560,Applicant 8560,72964.0,535,Jersey City,NY,Full Time,5458
TG-108561,Applicant 8561,106288.0,694,Hoboken,,Full Time,3310
TG-108562,Applicant 8562,112840.0,597,Queens,N.J.,Self-Employed,1442
TG-108563,Applicant 8563,91255.0,759,Hoboken,,Unemployed,3550
TG-108564,Applicant 8564,14366.0,556,New York,NY, full time ,2162
TG-108565,Applicant 8565,85548.0,751,New York,N.J., full time ,2339
TG-108566,Applicant 8566,121914.0,732,Queens,ny,Self-Employed,3567
TG-108567,Applicant 8567,100824.0,712,Queens,NY,Full Time,2245
TG-108568,Applicant 8568,98375.0,579,Queens,ny, full time ,2686
TG-108569,Applicant 8569,33332.0,708,Jersey City,ny,Unemployed,2164
TG-108570,Applicant 8570,63386.0,786,Queens,N.J.,Part Time,3865
TG-108571,Applicant 8571,97341.0,645, Newark,,Unemployed,3211
TG-108572,Applicant 8572,97311.0,722,New York,,Full Time,4607
TG-108573,Applicant 8573,121440.0,551,New York,NJ,Unemployed,1569
TG-108574,Applicant 8574,80654.0,780,Hoboken,NY,Full Time,2594
TG-108575,Applicant 8575,97175.0,613,Queens,NY,Unemployed,2028
TG-108576,Applicant 8576,85491.0,619,Jersey City,N.J.,Self-Employed,3275
TG-108577,Applicant 8577,55392.0,804, Newark,N.J.,Unemployed,4096
TG-108578,Applicant 8578,17326.0,544,Brooklyn,NJ, full time ,1382
TG-108579,Applicant 8579,97930.0,636,Hoboken,NJ,Part Time,1575
TG-108580,Applicant 8580,90218.0,718, Newark,ny,Self-Employed,3029
TG-108581,Applicant 8581,66455.0,798,Jersey City,NJ,Unemployed,5190
TG-108582,Applicant 8582,36425.0,589,Queens,,Full Time,1409
TG-108583,Applicant 8583,103892.0,598,Jersey City,ny,Self-Employed,5327
TG-108584,Applicant 8584,77022.0,533,Brooklyn,NJ, full time ,3291
TG-108585,Applicant 8585,101706.0,548, Newark,,Part Time,2085
TG-108586,Applicant 8586,140921.0,663,Jersey City,,Part Time,4906
TG-108587,Applicant 8587,20757.0,529,Brooklyn,ny,Unemployed,2194
TG-108588,Applicant 8588,64012.0,566,Brooklyn,ny, full time ,3689
TG-108589,Applicant 8589,78719.0,779, Newark,, full time ,3861
TG-108590,Applicant 8590,128645.0,531,Brooklyn,N.J.,Part Time,4715
TG-108591,Applicant 8591,35908.0,817, Newark,ny,Part Time,5262
TG-108592,Applicant 8592,143076.0,745,Jersey City,NY, full time ,2554
TG-108593,Applicant 8593,89076.0,779,Queens,N.J.,Part Time,4019
TG-108594,Applicant 8594,82120.0,603,New York,NY,Full Time,3126
TG-108595,Applicant 8595,79058.0,525,New York,NJ,Part Time,1428
TG-108596,Applicant 8596,71912.0,766,Jersey City,ny,Full Time,4411
TG-108597,Applicant 8597,116444.0,554,Queens,ny,Part Time,5110
TG-108598,Applicant 8598,52944.0,694,New York,,Self-Employed,5349
TG-108599,Applicant 8599,95362.0,584,Brooklyn,ny,Self-Employed,3839
TG-108600,Applicant 8600,73475.0,666,Jersey City,NY,Self-Employed,2494
TG-108601,Applicant 8601,62136.0,576,Jersey City,N.J.,Full Time,5425
TG-108602,Applicant 8602,162579.0,712,Hoboken,NJ,Full Time,2748
TG-108603,Applicant 8603,97572.0,532,Hoboken,N.J.,Unemployed,1716
TG-108604,Applicant 8604,103398.0,537,Hoboken,NY,Unemployed,4688
TG-108605,Applicant 8605,119133.0,765, Newark,NJ,Part Time,4255
TG-108606,Applicant 8606,42360.0,682,Queens,,Full Time,4209
TG-108607,Applicant 8607,137569.0,633,Jersey City,ny,Self-Employed,3180
TG-108608,Applicant 8608,9731.0,801,Hoboken,ny,Self-Employed,1424
TG-108609,Applicant 8609,61937.0,752,Jersey City,,Self-Employed,3450
TG-108610,Applicant 8610,71229.0,685,Brooklyn,NY,Part Time,4102
TG-108611,Applicant 8611,102452.0,545,Hoboken,,Full Time,4181
TG-108612,Applicant 8612,91562.0,645,Jersey City,NY,Part Time,1335
TG-108613,Applicant 8613,79996.0,800,Queens,NJ, full time ,5075
TG-108614,Applicant 8614,84640.0,805, Newark,N.J., full time ,2252
TG-108615,Applicant 8615,55659.0,802,Queens,N.J.,Unemployed,2574
TG-108616,Applicant 8616,40083.0,658,Queens,,Full Time,4237
TG-108617,Applicant 8617,106795.0,620,Hoboken,ny,Self-Employed,2551
TG-108618,Applicant 8618,105811.0,530,Queens,,Full Time,5129
TG-108619,Applicant 8619,132535.0,735, Newark,ny,Unemployed,2593
TG-108620,Applicant 8620,61299.0,549,New York,,Self-Employed,1570
TG-108621,Applicant 8621,105784.0,613, Newark,,Part Time,2859
TG-108622,Applicant 8622,76489.0,635,Brooklyn,N.J.,Self-Employed,2121
TG-108623,Applicant 8623,120714.0,790, Newark,ny, full time ,4643
TG-108624,Applicant 8624,115659.0,810,Jersey City,N.J.,Part Time,2476
TG-108625,Applicant 8625,91336.0,558,New York,ny,Self-Employed,5142
TG-108626,Applicant 8626,74814.0,543,Hoboken,NJ,Part Time,3686
TG-108627,Applicant 8627,113828.0,783,Jersey City,NJ, full time ,1801
TG-108628,Applicant 8628,104407.0,562, Newark,NJ, full time ,3265
TG-108629,Applicant 8629,64467.0,689,Jersey City,NY,Full Time,1418
TG-108630,Applicant 8630,45166.0,688,Queens,N.J., full time ,2401
TG-108631,Applicant 8631,76344.0,545,Jersey City,N.J., full time ,1408
TG-108632,Applicant 8632,130462.0,699,Jersey City,NJ, full time ,3036
TG-108633,Applicant 8633,119395.0,669, Newark,,Unemployed,4406
TG-108634,Applicant 8634,51630.0,652,Brooklyn,N.J., full time ,1410
TG-108635,Applicant 8635,49967.0,662, Newark,ny,Full Time,4938
TG-108636,Applicant 8636,123241.0,683,Hoboken,N.J.,Part Time,4823
TG-108637,Applicant 8637,50931.0,620,New York,N.J.,Unemployed,1472
TG-108638,Applicant 8638,100279.0,582,Queens,ny,Part Time,2926
TG-108639,Applicant 8639,66518.0,612,Brooklyn,NJ,Part Time,4779
TG-108640,Applicant 8640,133511.0,726,New York,NJ,Full Time,3981
TG-108641,Applicant 8641,61887.0,591,New York,ny,Unemployed,1701
TG-108642,Applicant 8642,119301.0,579,Brooklyn,N.J.,Self-Employed,5025
TG-108643,Applicant 8643,90546.0,548,Queens,N.J., full time ,5144
TG-108644,Applicant 8644,92566.0,538,Hoboken,NJ,Part Time,3073
TG-108645,Applicant 8645,25891.0,592,Brooklyn,NY,Part Time,2309
TG-108646,Applicant 8646 ,18913.0,765,Brooklyn,NJ,Full Time,3427
TG-108647,Applicant 8647,78383.0,606,Brooklyn,ny,Full Time,4264
TG-108648,Applicant 8648,92407.0,702,Queens,NY,Full Time,4351
TG-108649,Applicant 8649,51244.0,716,Brooklyn,NY,Unemployed,2549
TG-108650,Applicant 8650,52339.0,763,Brooklyn,ny, full time ,1208
TG-108651,Applicant 8651,101844.0,637,Jersey City,,Unemployed,4699
TG-108652,Applicant 8652,101886.0,601,Jersey City,NJ,Full Time,5487
TG-108653,Applicant 8653,80868.0,766,Jersey City,N.J.,Full Time,2313
TG-108654,Applicant 8654,108406.0,753,Jersey City,NJ,Part Time,4691
TG-108655,Applicant 8655,49774.0,672,Brooklyn,ny,Unemployed,4676
TG-108656,Applicant 8656,74322.0,791,Jersey City,N.J.,Unemployed,1876
TG-108657,Applicant 8657,134436.0,554,New York,, full time ,3972
TG-108658,Applicant 8658,87050.0,732,Hoboken,ny,Unemployed,2583
TG-108659,Applicant 8659,88789.0,730,Jersey City,NJ, full time ,3442
TG-108660,Applicant 8660,154178.0,658,Queens,NY,Self-Employed,1698
TG-108661,Applicant 8661,43020.0,708,Hoboken,ny, full time ,2840
TG-108662,Applicant 8662,108893.0,819, Newark,ny,Full Time,3054
TG-108663,Applicant 8663,134920.0,771, Newark,NJ,Self-Employed,5449
TG-108664,Applicant 8664,75254.0,669,New York,,Part Time,2269
TG-108665,Applicant 8665,110789.0,738,Hoboken,NJ,Part Time,5476
TG-108666,Applicant 8666,55539.0,601,Hoboken,NJ,Part Time,2795
TG-108667,Applicant 8667,64398.0,709,New York,,Full Time,5027
TG-108668,Applicant 8668,96549.0,753, Newark,,Part Time,4303
TG-108669,Applicant 8669,108957.0,695,Jersey City,ny, full time ,1546
TG-108670,Applicant 8670,118628.0,751,New York,NY,Full Time,3422
TG-108671,Applicant 8671,132089.0,582,Queens,NJ,Unemployed,2028
TG-108672,Applicant 8672,82977.0,756,New York,NY,Full Time,2829
TG-108673,Applicant 8673,120808.0,552,Brooklyn,,Full Time,4401
TG-108674,Applicant 8674,74731.0,999, Newark,,Unemployed,2886
TG-108675,Applicant 8675 ,112063.0,579,Brooklyn,NJ, full time ,2675
TG-108676,Applicant 8676,91225.0,521, Newark,ny,Self-Employed,2644
TG-108677,Applicant 8677,98370.0,576, Newark,NJ,Unemployed,3898
TG-108678,Applicant 8678,97705.0,806,Hoboken,ny,Full Time,4628
TG-108679,Applicant 8679,36859.0,657,Jersey City,N.J.,Part Time,5106
TG-108680,Applicant 8680,51276.0,798,Jersey City,ny,Unemployed,1823
TG-108681,Applicant 8681,88076.0,733, Newark,NJ,Unemployed,1357
TG-108682,Applicant 8682,34382.0,758, Newark,NJ,Self-Employed,1768
TG-108683,Applicant 8683,109936.0,804,Brooklyn,ny,Full Time,5254
TG-108684,Applicant 8684,111147.0,550,Queens,NY,Part Time,4816
TG-108685,Applicant 8685,94815.0,725,New York,ny,Part Time,5104
TG-108686,Applicant 8686,51366.0,793, Newark,N.J.,Self-Employed,5304
TG-108687,Applicant 8687,126404.0,530, Newark,N.J.,Part Time,3836
TG-108688,Applicant 8688,146116.0,566,New York,NY, full time ,3239
TG-108689,Applicant 8689,89412.0,522,New York,N.J.,Unemployed,4060
TG-108690,Applicant 8690 ,100316.0,649,Queens,NJ,Unemployed,5390
TG-108691,Applicant 8691,91052.0,591,Queens,NY,Part Time,2500
TG-108692,Applicant 8692,100911.0,678,New York,NY,Part Time,4169
TG-108693,Applicant 8693,81413.0,649, Newark,NY,Part Time,4232
TG-108694,Applicant 8694,83963.0,541, Newark,ny,Unemployed,5412
TG-108695,Applicant 8695,112172.0,654,New York,ny,Part Time,2679
TG-108696,Applicant 8696,155369.0,539, Newark,NY, full time ,5154
TG-108697,Applicant 8697,42998.0,739,Queens,N.J., full time ,3572
TG-108698,Applicant 8698,81886.0,649,New York,NJ,Unemployed,3143
TG-108699,Applicant 8699,49586.0,551,Queens,NJ,Full Time,1273
TG-108700,Applicant 8700,132761.0,609, Newark,ny,Full Time,5103
TG-108701,Applicant 8701,67368.0,778, Newark,,Full Time,2642
TG-108702,Applicant 8702,41704.0,817,Hoboken,NY, full time ,5189
TG-108703,Applicant 8703,104146.0,768,Brooklyn,,Self-Employed,5094
TG-108704,Applicant 8704,137329.0,692,Brooklyn,NJ,Full Time,5013
TG-108705,Applicant 8705,104908.0,566,Queens,ny,Self-Employed,2486
TG-108706,Applicant 8706,91144.0,716,New York,ny,Unemployed,1750
TG-108707,Applicant 8707,97274.0,553,Brooklyn,ny, full time ,3651
TG-108708,Applicant 8708,127445.0,773, Newark,ny,Full Time,3351
TG-108709,Applicant 8709,58774.0,767,Jersey City,ny, full time ,4711
TG-108710,Applicant 8710,81645.0,561,New York,NY,Unemployed,3087
TG-108711,Applicant 8711,71419.0,808,Queens,, full time ,3390
TG-108712,Applicant 8712,49964.0,642, Newark,NJ,Part Time,3961
TG-108713,Applicant 8713,75149.0,546, Newark,NJ,Full Time,3793
TG-108714,Applicant 8714,118232.0,578,Jersey City,ny, full time ,2023
TG-108715,Applicant 8715,101998.0,666,Queens,ny, full time ,2306
TG-108716,Applicant 8716,104329.0,634,New York,ny, full time ,3419
TG-108717,Applicant 8717,89394.0,718, Newark,N.J.,Unemployed,4969
TG-108718,Applicant 8718,100700.0,647,Hoboken,NJ,Full Time,1561
TG-108719,Applicant 8719,60982.0,672, Newark,ny,Full Time,5337
TG-108720,Applicant 8720,75715.0,790,Hoboken,,Part Time,2963
TG-108721,Applicant 8721,90760.0,602,Hoboken,N.J.,Part Time,5427
TG-108722,Applicant 8722,93325.0,542,New York,NY, full time ,4157
TG-108723,Applicant 8723,94606.0,530,New York,N.J.,Full Time,3672
TG-108724,Applicant 8724,80850.0,706,Jersey City,N.J.,Full Time,2276
TG-108725,Applicant 8725,73677.0,635, Newark,N.J., full time ,2620
TG-108726,Applicant 8726,179733.0,681,New York,,Self-Employed,1663
TG-108727,Applicant 8727,112204.0,622,New York,NJ,Full Time,2578
TG-108728,Applicant 8728,97394.0,762,Jersey City,ny, full time ,3440
TG-108729,Applicant 8729,78004.0,526,Jersey City,, full time ,5289
TG-108730,Applicant 8730,71463.0,691, Newark,,Self-Employed,3634
TG-108731,Applicant 8731,81076.0,775,Queens,ny,Part Time,2995
TG-108732,Applicant 8732,93785.0,766,Brooklyn,N.J., full time ,5096
TG-108733,Applicant 8733,28587.0,711, Newark,NY,Full Time,1994
TG-108734,Applicant 8734,37918.0,633,Brooklyn,N.J.,Part Time,4267
TG-108735,Applicant 8735,65894.0,542,Queens,N.J.,Part Time,4487
TG-108736,Applicant 8736,91214.0,795,Hoboken,NJ,Part Time,2499
TG-108737,Applicant 8737,77822.0,655, Newark,N.J., full time ,5403
TG-108738,Applicant 8738,129344.0,714,New York,NY,Full Time,3637
TG-108739,Applicant 8739,40528.0,777,Jersey City,,Self-Employed,1924
TG-108740,Applicant 8740,62460.0,797, Newark,N.J.,Unemployed,2432
TG-108741,Applicant 8741,130603.0,999,Jersey City,,Unemployed,4282
TG-108742,Applicant 8742,88934.0,555,Hoboken,NJ,Part Time,4417
TG-108743,Applicant 8743,111545.0,999,Jersey City,NY,Unemployed,4306
TG-108744,Applicant 8744,146537.0,543,Hoboken,ny,Unemployed,2790
TG-108745,Applicant 8745,64186.0,659,Queens,ny, full time ,1739
TG-108746,Applicant 8746,82021.0,541,Hoboken,NJ,Self-Employed,1308
TG-108747,Applicant 8747,76827.0,723,Brooklyn,NY,Unemployed,3271
TG-108748,Applicant 8748 ,26362.0,743, Newark,,Self-Employed,2896
TG-108749,Applicant 8749,75688.0,742,Hoboken,NJ,Unemployed,4237
TG-108750,Applicant 8750,111432.0,600, Newark,N.J.,Part Time,3619
TG-108751,Applicant 8751,101218.0,710,Queens,,Part Time,2388
TG-108752,Applicant 8752,103572.0,805,Hoboken,N.J.,Self-Employed,1249
TG-108753,Applicant 8753,73735.0,666,Queens,N.J.,Self-Employed,4894
TG-108754,Applicant 8754,65317.0,801,Brooklyn,,Self-Employed,4796
TG-108755,Applicant 8755,123078.0,530,New York,N.J.,Self-Employed,1270
TG-108756,Applicant 8756,70080.0,795,Queens,ny,Full Time,3154
TG-108757,Applicant 8757,93822.0,575,New York,,Part Time,1691
TG-108758,Applicant 8758,89900.0,692,Queens,NJ,Unemployed,1673
TG-108759,Applicant 8759,128852.0,723,Hoboken,ny,Full Time,5281
TG-108760,Applicant 8760,114142.0,767,New York,NJ,Self-Employed,5319
TG-108761,Applicant 8761,46142.0,785,Queens,NY,Unemployed,1668
TG-108762,Applicant 8762,49373.0,541, Newark,NJ,Part Time,2660
TG-108763,Applicant 8763,102367.0,543,Queens,,Self-Employed,5442
TG-108764,Applicant 8764,83070.0,713,New York,NJ, full time ,2909
TG-108765,Applicant 8765,71345.0,615, Newark,NY,Self-Employed,4700
TG-108766,Applicant 8766,115469.0,782,Queens,N.J.,Unemployed,2639
TG-108767,Applicant 8767,90624.0,591,New York,,Part Time,2228
TG-108768,Applicant 8768,86574.0,762,Brooklyn,ny,Self-Employed,2043
TG-108769,Applicant 8769,108395.0,557,Jersey City,ny,Part Time,2071
TG-108770,Applicant 8770,73747.0,608,Brooklyn,NJ,Full Time,4097
TG-108771,Applicant 8771,132056.0,547,New York,ny, full time ,1922
TG-108772,Applicant 8772,61359.0,611,Hoboken,NY,Full Time,4030
TG-108773,Applicant 8773,104708.0,573,Hoboken,ny, full time ,4600
TG-108774,Applicant 8774,128015.0,678,Jersey City,NJ,Full Time,4511
TG-108775,Applicant 8775,43681.0,747,New York,ny,Part Time,4074
TG-108776,Applicant 8776,74700.0,560, Newark,N.J.,Part Time,3203
TG-108777,Applicant 8777,119266.0,556,Queens,N.J.,Full Time,3251
TG-108778,Applicant 8778,119717.0,644,Brooklyn,ny,Unemployed,2937
TG-108779,Applicant 8779,79855.0,698, Newark,,Full Time,5335
TG-108780,Applicant 8780,62960.0,556,Brooklyn,ny,Self-Employed,3824
TG-108781,Applicant 8781,113678.0,620,Jersey City,N.J.,Unemployed,2486
TG-108782,Applicant 8782,120506.0,550,Jersey City,N.J.,Part Time,1776
TG-108783,Applicant 8783,50060.0,709,Jersey City,NY,Full Time,1987
TG-108784,Applicant 8784,48883.0,665, Newark,NJ,Unemployed,2767
TG-108785,Applicant 8785,91758.0,609, Newark,NY,Self-Employed,3088
TG-108786,Applicant 8786,103881.0,525,Jersey City,, full time ,1363
TG-108787,Applicant 8787,76028.0,658, Newark,NJ,Part Time,1601
TG-108788,Applicant 8788,105379.0,614,Jersey City,ny,Unemployed,3732
TG-108789,Applicant 8789,63696.0,638, Newark,ny,Unemployed,1552
TG-108790,Applicant 8790,21559.0,639,Jersey City,,Unemployed,1872
TG-108791,Applicant 8791,72283.0,642,Queens,N.J.,Full Time,4084
TG-108792,Applicant 8792,86897.0,804,Queens,ny,Part Time,4353
TG-108793,Applicant 8793,76725.0,698,Brooklyn,NY,Part Time,1464
TG-108794,Applicant 8794,50242.0,526,Brooklyn,N.J.,Full Time,2265
TG-108795,Applicant 8795,30531.0,646,Jersey City,ny,Full Time,4654
TG-108796,Applicant 8796,69577.0,596,Brooklyn,N.J.,Full Time,1406
TG-108797,Applicant 8797,111930.0,753, Newark,NJ,Self-Employed,5405
TG-108798,Applicant 8798,122686.0,593,Jersey City,ny,Unemployed,4701
TG-108799,Applicant 8799,120631.0,790,Queens,ny,Self-Employed,1607
TG-108800,Applicant 8800,60523.0,639,Hoboken,N.J.,Part Time,2859
TG-108801,Applicant 8801,50389.0,554,Queens,NJ,Full Time,3956
TG-108802,Applicant 8802,99899.0,726,New York,NY,Unemployed,1478
TG-108803,Applicant 8803,104053.0,789,Queens,NJ, full time ,3089
TG-108804,Applicant 8804,97005.0,612,New York,NY,Unemployed,1250
TG-108805,Applicant 8805,24578.0,696,Brooklyn,, full time ,5064
TG-108806,Applicant 8806,58993.0,793,Queens,NJ,Unemployed,3798
TG-108807,Applicant 8807,84109.0,698,Hoboken,NY,Full Time,1523
TG-108808,Applicant 8808,99617.0,648, Newark,N.J., full time ,5213
TG-108809,Applicant 8809,108019.0,644,Queens,NY, full time ,5260
TG-108810,Applicant 8810,89328.0,546, Newark,,Part Time,3622
TG-108811,Applicant 8811,94924.0,583,Queens,NY,Unemployed,3004
TG-108812,Applicant 8812,87546.0,579,Queens,NJ,Self-Employed,2644
TG-108813,Applicant 8813,,738, Newark,NY,Self-Employed,3356
TG-108814,Applicant 8814,94386.0,736, Newark,NJ,Part Time,2978
TG-108815,Applicant 8815,86972.0,688,Jersey City,,Part Time,3738
TG-108816,Applicant 8816,76949.0,668,Queens,NY,Part Time,4494
TG-108817,Applicant 8817,87439.0,789,Queens,NY,Full Time,3796
TG-108818,Applicant 8818,99538.0,635,Hoboken,,Full Time,2928
TG-108819,Applicant 8819,93024.0,764, Newark,NY,Full Time,4868
TG-108820,Applicant 8820,96425.0,667, Newark,NJ,Full Time,3480
TG-108821,Applicant 8821,125282.0,611,New York,ny,Part Time,2774
TG-108822,Applicant 8822,92955.0,604,New York,ny,Part Time,3801
TG-108823,Applicant 8823,65530.0,606, Newark,NJ,Full Time,2162
TG-108824,Applicant 8824,111508.0,639,Hoboken,NY,Full Time,2529
TG-108825,Applicant 8825,44014.0,543,Brooklyn,NJ, full time ,4724
TG-108826,Applicant 8826,52558.0,608,Queens,,Unemployed,5402
TG-108827,Applicant 8827,95075.0,556,Brooklyn,NJ, full time ,2448
TG-108828,Applicant 8828,100492.0,790,Hoboken,ny,Unemployed,2753
TG-108829,Applicant 8829,47648.0,531,Brooklyn,N.J.,Full Time,1259
TG-108830,Applicant 8830,73515.0,614,New York,,Full Time,4413
TG-108831,Applicant 8831,66817.0,550,Jersey City,NY,Full Time,1317
TG-108832,Applicant 8832,70400.0,752,Brooklyn,NJ, full time ,1485
TG-108833,Applicant 8833,113308.0,819,Jersey City,,Part Time,2892
TG-108834,Applicant 8834,106195.0,805,Brooklyn,ny,Unemployed,1218
TG-108835,Applicant 8835,84426.0,554,Hoboken,NY, full time ,2205
TG-108836,Applicant 8836,68621.0,540,Jersey City,NJ,Full Time,4893
TG-108837,Applicant 8837,44511.0,630,Brooklyn,NJ,Part Time,5411
TG-108838,Applicant 8838,127606.0,664,Hoboken,NY, full time ,4536
TG-108839,Applicant 8839,102763.0,531, Newark,N.J.,Unemployed,1320
TG-108840,Applicant 8840,63800.0,763,New York,N.J.,Full Time,3869
TG-108841,Applicant 8841,106588.0,665,Queens,,Unemployed,3733
TG-108842,Applicant 8842,82893.0,758,Hoboken,NJ,Full Time,5390
TG-108843,Applicant 8843,76387.0,611,Hoboken,,Full Time,4670
TG-108844,Applicant 8844,98056.0,634,New York,NY,Self-Employed,3793
TG-108845,Applicant 8845,62755.0,534,Jersey City,,Unemployed,5463
TG-108846,Applicant 8846,74687.0,791,Brooklyn,NJ,Part Time,3779
TG-108847,Applicant 8847,88644.0,541,Jersey City,N.J.,Full Time,2332
TG-108848,Applicant 8848,70016.0,637,Hoboken,N.J.,Part Time,1398
TG-108849,Applicant 8849,105073.0,614, Newark,NY, full time ,1601
TG-108850,Applicant 8850,141072.0,776,Brooklyn,ny,Full Time,5479
TG-108851,Applicant 8851,62371.0,781,Queens,,Full Time,5001
TG-108852,Applicant 8852,35046.0,606,Queens,NY,Full Time,1216
TG-108853,Applicant 8853,24948.0,577,Brooklyn,N.J.,Part Time,4214
TG-108854,Applicant 8854,80486.0,749,Hoboken,NJ,Self-Employed,2244
TG-108855,Applicant 8855,65105.0,627, Newark,NJ,Unemployed,2374
TG-108856,Applicant 8856,91236.0,538,New York,ny,Full Time,3039
TG-108857,Applicant 8857,88978.0,660, Newark,ny,Unemployed,2538
TG-108858,Applicant 8858,36903.0,679,Jersey City,N.J.,Unemployed,1839
TG-108859,Applicant 8859,30553.0,619, Newark,ny,Unemployed,1657
TG-108860,Applicant 8860,93878.0,784, Newark,ny,Part Time,2205
TG-108861,Applicant 8861,89063.0,757,Jersey City,NJ,Unemployed,2275
TG-108862,Applicant 8862,72225.0,757,New York,, full time ,2005
TG-108863,Applicant 8863,35286.0,568,New York,NJ,Part Time,2062
TG-108864,Applicant 8864,99142.0,684,Queens,NJ,Part Time,5083
TG-108865,Applicant 8865,123157.0,806,New York,N.J., full time ,4359
TG-108866,Applicant 8866,93339.0,578,Brooklyn,N.J.,Self-Employed,2654
TG-108867,Applicant 8867,59576.0,702,Queens,,Self-Employed,3828
TG-108868,Applicant 8868,86337.0,666,Hoboken,NY,Full Time,2393
TG-108869,Applicant 8869,44017.0,615,Queens,ny,Self-Employed,4064
TG-108870,Applicant 8870,116739.0,562, Newark,ny,Full Time,3353
TG-108871,Applicant 8871,87455.0,776, Newark,NJ,Unemployed,1526
TG-108872,Applicant 8872,31955.0,732,Queens,NJ,Full Time,3093
TG-108873,Applicant 8873,75980.0,708,Jersey City,,Self-Employed,1521
TG-108874,Applicant 8874,98899.0,650,New York,ny,Full Time,3563
TG-108875,Applicant 8875,75009.0,819, Newark,NJ,Part Time,5403
TG-108876,Applicant 8876,76723.0,808, Newark,NJ,Self-Employed,3028
TG-108877,Applicant 8877,48268.0,656,Brooklyn,N.J.,Full Time,4780
TG-108878,Applicant 8878,101996.0,549,New York,NY,Self-Employed,3788
TG-108879,Applicant 8879,65546.0,665, Newark,, full time ,4241
TG-108880,Applicant 8880,20307.0,624,Jersey City,NY,Self-Employed,2750
TG-108881,Applicant 8881,73862.0,806, Newark,NY, full time ,1437
TG-108882,Applicant 8882,114434.0,710,New York,,Full Time,2232
TG-108883,Applicant 8883,73392.0,697,Brooklyn,ny, full time ,3583
TG-108884,Applicant 8884,137140.0,758,New York,NJ,Self-Employed,4593
TG-108885,Applicant 8885,97869.0,520,Jersey City,,Part Time,3248
TG-108886,Applicant 8886,95163.0,629,Brooklyn,NJ, full time ,1320
TG-108887,Applicant 8887,,794,New York,N.J.,Self-Employed,4280
TG-108888,Applicant 8888,82951.0,753,Jersey City,NY,Part Time,1383
TG-108889,Applicant 8889,77097.0,583,Jersey City,N.J.,Unemployed,4931
TG-108890,Applicant 8890,75932.0,763,Queens,NY, full time ,2993
TG-108891,Applicant 8891,100926.0,572, Newark,ny, full time ,1529
TG-108892,Applicant 8892,56925.0,781,Brooklyn,,Full Time,3718
TG-108893,Applicant 8893,52723.0,536,Brooklyn,ny,Unemployed,2242
TG-108894,Applicant 8894,51304.0,753, Newark,NY,Full Time,2503
TG-108895,Applicant 8895,146370.0,592,New York,N.J.,Full Time,5422
TG-108896,Applicant 8896,100910.0,610,Queens,NY,Self-Employed,2552
TG-108897,Applicant 8897,94135.0,525,Brooklyn,ny,Full Time,3947
TG-108898,Applicant 8898,53275.0,717,Jersey City,ny, full time ,5311
TG-108899,Applicant 8899,103700.0,715,Brooklyn,N.J.,Full Time,3900
TG-108900,Applicant 8900,81503.0,815,Queens,N.J.,Part Time,1205
TG-108901,Applicant 8901,91425.0,656, Newark,ny, full time ,4958
TG-108902,Applicant 8902,55701.0,786,Hoboken,NY,Self-Employed,3262
TG-108903,Applicant 8903,89808.0,635, Newark,NY,Full Time,2863
TG-108904,Applicant 8904,72285.0,562,Jersey City,,Part Time,2769
TG-108905,Applicant 8905,62032.0,750,Brooklyn,ny,Part Time,1585
TG-108906,Applicant 8906,107023.0,577, Newark,, full time ,4121
TG-108907,Applicant 8907,38869.0,725,Jersey City,ny,Full Time,3485
TG-108908,Applicant 8908,101943.0,813,New York,,Part Time,4173
TG-108909,Applicant 8909,105535.0,613,Jersey City,NJ,Full Time,5090
TG-108910,Applicant 8910,58611.0,555,Brooklyn,NY, full time ,2466
TG-108911,Applicant 8911,60390.0,749,New York,NY,Unemployed,1414
TG-108912,Applicant 8912,78309.0,746,New York,NJ,Part Time,5026
TG-108913,Applicant 8913,93461.0,702,New York,N.J.,Self-Employed,4194
TG-108914,Applicant 8914,80414.0,781,Hoboken,NJ,Full Time,3037
TG-108915,Applicant 8915,98007.0,650,Hoboken,NY, full time ,4823
TG-108916,Applicant 8916,137889.0,584,New York,ny, full time ,3991
TG-108917,Applicant 8917,69768.0,705, Newark,,Self-Employed,1344
TG-108918,Applicant 8918,33545.0,636, Newark,NY,Unemployed,3732
TG-108919,Applicant 8919,109778.0,705, Newark,NJ,Full Time,2036
TG-108920,Applicant 8920,135499.0,793,Brooklyn,ny,Unemployed,4868
TG-108921,Applicant 8921,96783.0,670,New York,NY, full time ,2545
TG-108922,Applicant 8922,52368.0,670, Newark,NJ,Part Time,2981
TG-108923,Applicant 8923,81283.0,555,New York,NY,Unemployed,5190
TG-108924,Applicant 8924,51444.0,614,Jersey City,NJ,Part Time,3398
TG-108925,Applicant 8925,104286.0,653, Newark,NJ,Self-Employed,4406
TG-108926,Applicant 8926,44461.0,681,Jersey City,NY, full time ,4186
TG-108927,Applicant 8927,75996.0,563,Jersey City,ny,Part Time,2413
TG-108928,Applicant 8928,54870.0,819, Newark,NY,Full Time,4305
TG-108929,Applicant 8929,88805.0,802,Queens,NY, full time ,4629
TG-108930,Applicant 8930 ,,759,Jersey City,ny,Self-Employed,1568
TG-108931,Applicant 8931,90303.0,571, Newark,NY,Full Time,1371
TG-108932,Applicant 8932,85671.0,800,Jersey City,, full time ,4341
TG-108933,Applicant 8933,55400.0,593,Brooklyn,,Unemployed,1919
TG-108934,Applicant 8934,103806.0,814,Hoboken,, full time ,3686
TG-108935,Applicant 8935,83537.0,757,Hoboken,NJ,Full Time,5406
TG-108936,Applicant 8936,55344.0,686,Hoboken,N.J.,Part Time,4527
TG-108937,Applicant 8937,152228.0,659,Queens,NY,Part Time,2645
TG-108938,Applicant 8938,99293.0,658,New York,N.J., full time ,1355
TG-108939,Applicant 8939,80402.0,754,Jersey City,, full time ,4456
TG-108940,Applicant 8940,127456.0,522,Brooklyn,ny,Self-Employed,4873
TG-108941,Applicant 8941,140254.0,775,Queens,,Unemployed,3081
TG-108942,Applicant 8942,80640.0,797,Hoboken,NY,Self-Employed,2726
TG-108943,Applicant 8943,95422.0,523,Queens,N.J.,Self-Employed,4596
TG-108944,Applicant 8944,55360.0,789,Brooklyn,N.J.,Part Time,5230
TG-108945,Applicant 8945,80584.0,731, Newark,NJ,Part Time,4648
TG-108946,Applicant 8946,79028.0,735,Queens,ny,Full Time,3017
TG-108947,Applicant 8947,90545.0,789,Hoboken,,Self-Employed,1702
TG-108948,Applicant 8948,94983.0,535,New York,ny,Full Time,3098
TG-108949,Applicant 8949,101795.0,583,Hoboken,NY, full time ,1656
TG-108950,Applicant 8950,92129.0,758,Hoboken,NJ,Full Time,3654
TG-108951,Applicant 8951,48678.0,535,Hoboken,,Part Time,2808
TG-108952,Applicant 8952,56846.0,571,Queens,NY,Self-Employed,4729
TG-108953,Applicant 8953,68608.0,538,Brooklyn,ny,Part Time,2165
TG-108954,Applicant 8954,76533.0,612,Hoboken,NJ, full time ,1456
TG-108955,Applicant 8955,116523.0,780, Newark,,Unemployed,2357
TG-108956,Applicant 8956,50112.0,817,Queens,ny,Self-Employed,2151
TG-108957,Applicant 8957,74278.0,536,Brooklyn,,Part Time,2971
TG-108958,Applicant 8958,113590.0,630,New York,NJ,Unemployed,1820
TG-108959,Applicant 8959,76004.0,613,Hoboken,NJ, full time ,4408
TG-108960,Applicant 8960,98812.0,529,Jersey City,ny,Unemployed,2048
TG-108961,Applicant 8961,80814.0,731,Queens,,Part Time,4842
TG-108962,Applicant 8962,92703.0,756, Newark,N.J.,Part Time,4313
TG-108963,Applicant 8963,78146.0,773,New York,NY, full time ,2983
TG-108964,Applicant 8964,105012.0,535,New York,NJ, full time ,1981
TG-108965,Applicant 8965,38648.0,663,New York,,Unemployed,5165
TG-108966,Applicant 8966,74101.0,561,Queens,ny,Unemployed,1488
TG-108967,Applicant 8967,93897.0,522,Brooklyn,ny,Part Time,3139
TG-108968,Applicant 8968,101011.0,999,Jersey City,NJ, full time ,3826
TG-108969,Applicant 8969,129789.0,692, Newark,NJ,Full Time,4611
TG-108970,Applicant 8970,73269.0,543,Brooklyn,N.J., full time ,1522
TG-108971,Applicant 8971,129384.0,794,Hoboken,ny,Self-Employed,3573
TG-108972,Applicant 8972,65229.0,594,Jersey City,,Self-Employed,3980
TG-108973,Applicant 8973,124859.0,559,Brooklyn,NY, full time ,3982
TG-108974,Applicant 8974,109524.0,559,Hoboken,NY,Unemployed,5462
TG-108975,Applicant 8975,57596.0,581,Jersey City,N.J.,Self-Employed,4640
TG-108976,Applicant 8976,94211.0,757,Queens,,Part Time,5380
TG-108977,Applicant 8977,83463.0,764, Newark,NY,Part Time,5410
TG-108978,Applicant 8978,103768.0,537, Newark,NY,Part Time,5083
TG-108979,Applicant 8979,78302.0,659,Hoboken,, full time ,2064
TG-108980,Applicant 8980,75783.0,601,Brooklyn,,Self-Employed,1571
TG-108981,Applicant 8981,126073.0,708,Jersey City,NJ,Unemployed,3197
TG-108982,Applicant 8982,82038.0,627,Hoboken,NY,Part Time,4063
TG-108983,Applicant 8983,109793.0,753,Hoboken,NY,Unemployed,5129
TG-108984,Applicant 8984,78239.0,787,Queens,N.J.,Part Time,3731
TG-108985,Applicant 8985,135000.0,623,Hoboken,NJ, full time ,4555
TG-108986,Applicant 8986,64650.0,653,Jersey City,NJ,Part Time,2597
TG-108987,Applicant 8987,66576.0,552,New York,NY, full time ,1612
TG-108988,Applicant 8988,130736.0,756,Jersey City,ny,Self-Employed,2641
TG-108989,Applicant 8989,71652.0,697,Jersey City,ny,Self-Employed,4080
TG-108990,Applicant 8990,133032.0,531,Queens,,Unemployed,2466
TG-108991,Applicant 8991,111755.0,748,Queens,NJ,Part Time,5494
TG-108992,Applicant 8992,80361.0,788, Newark,NY,Self-Employed,4037
TG-108993,Applicant 8993,30601.0,650, Newark,NY,Full Time,2654
TG-108994,Applicant 8994,84420.0,768,Hoboken,NY,Full Time,2206
TG-108995,Applicant 8995,88049.0,577, Newark,N.J.,Unemployed,2419
TG-108996,Applicant 8996,120017.0,523,Queens,ny,Self-Employed,4116
TG-108997,Applicant 8997,132653.0,755,Hoboken,N.J., full time ,1427
TG-108998,Applicant 8998,64450.0,692,New York,NY,Full Time,3585
TG-108999,Applicant 8999,109035.0,555,Brooklyn,NY,Self-Employed,2750
TG-109000,Applicant 9000,107962.0,798,Queens,NJ, full time ,4257
TG-109001,Applicant 9001,117202.0,756,Queens,NJ,Part Time,3117
TG-109002,Applicant 9002,99961.0,794,New York,ny,Self-Employed,1313
TG-109003,Applicant 9003,26725.0,815,Queens,,Part Time,3351
TG-109004,Applicant 9004,80337.0,577, Newark,NY,Full Time,1627
TG-109005,Applicant 9005,50329.0,537, Newark,NJ,Part Time,4578
TG-109006,Applicant 9006,78922.0,555, Newark,ny,Full Time,2416
TG-109007,Applicant 9007,114400.0,648,New York,N.J.,Unemployed,3144
TG-109008,Applicant 9008,94155.0,520,Hoboken,NY,Unemployed,2156
TG-109009,Applicant 9009,119443.0,583,Queens,,Full Time,1344
TG-109010,Applicant 9010,95253.0,581,Queens,ny, full time ,1808
TG-109011,Applicant 9011,46050.0,999, Newark,,Unemployed,3305
TG-109012,Applicant 9012,9375.0,791,Hoboken,NY, full time ,5418
TG-109013,Applicant 9013,89464.0,536,Queens,ny, full time ,3482
TG-109014,Applicant 9014,78582.0,799,Jersey City,NJ, full time ,3738
TG-109015,Applicant 9015,55692.0,617,New York,,Self-Employed,3153
TG-109016,Applicant 9016,33981.0,746,Brooklyn,N.J.,Self-Employed,3026
TG-109017,Applicant 9017,62958.0,762,Jersey City,N.J., full time ,5227
TG-109018,Applicant 9018,79165.0,720,Brooklyn,,Full Time,3542
TG-109019,Applicant 9019,104976.0,698,Jersey City,NY,Unemployed,1699
TG-109020,Applicant 9020,90659.0,789,Jersey City,NY,Part Time,3933
TG-109021,Applicant 9021,133242.0,753,Jersey City,NY,Self-Employed,1246
TG-109022,Applicant 9022,53932.0,631,New York,N.J.,Self-Employed,2387
TG-109023,Applicant 9023,111432.0,585,Brooklyn,N.J.,Part Time,5465
TG-109024,Applicant 9024,86419.0,764,Hoboken,NJ, full time ,1793
TG-109025,Applicant 9025,105840.0,764,Hoboken,NY,Part Time,2870
TG-109026,Applicant 9026,71905.0,591, Newark,N.J., full time ,4070
TG-109027,Applicant 9027,117150.0,568,Queens,N.J.,Self-Employed,1711
TG-109028,Applicant 9028,93857.0,709,New York,NY,Part Time,2343
TG-109029,Applicant 9029,64617.0,812, Newark,NY,Full Time,3276
TG-109030,Applicant 9030,84639.0,696, Newark,N.J.,Unemployed,4210
TG-109031,Applicant 9031,77813.0,680,New York,,Unemployed,3409
TG-109032,Applicant 9032,99675.0,669,New York,N.J.,Unemployed,4945
TG-109033,Applicant 9033,49607.0,589,Jersey City,NJ,Part Time,4238
TG-109034,Applicant 9034,84119.0,552,New York,ny, full time ,1758
TG-109035,Applicant 9035,96859.0,803,Hoboken,NY,Self-Employed,2959
TG-109036,Applicant 9036,85991.0,779,New York,NJ,Unemployed,4905
TG-109037,Applicant 9037,125408.0,596,Jersey City,,Part Time,4425
TG-109038,Applicant 9038,108221.0,629,Brooklyn,ny,Unemployed,2604
TG-109039,Applicant 9039,84776.0,658, Newark,N.J., full time ,3897
TG-109040,Applicant 9040,91501.0,554,New York,NY,Full Time,3016
TG-109041,Applicant 9041,93870.0,754, Newark,N.J.,Full Time,4503
TG-109042,Applicant 9042,97099.0,719,Brooklyn,NJ,Self-Employed,3360
TG-109043,Applicant 9043,30230.0,670,Queens,NY,Full Time,5130
TG-109044,Applicant 9044,75954.0,553,Jersey City,N.J.,Full Time,1850
TG-109045,Applicant 9045,40467.0,643, Newark,NY,Part Time,4535
TG-109046,Applicant 9046,123348.0,551,New York,NJ,Part Time,5054
TG-109047,Applicant 9047,83175.0,791,Queens,N.J.,Self-Employed,2812
TG-109048,Applicant 9048,79200.0,643,Queens,ny,Self-Employed,5267
TG-109049,Applicant 9049,111904.0,597,Brooklyn,,Part Time,3325
TG-109050,Applicant 9050,97670.0,595, Newark,N.J.,Full Time,3230
TG-109051,Applicant 9051,51141.0,579, Newark,NY, full time ,4487
TG-109052,Applicant 9052,82873.0,604,Hoboken,N.J.,Full Time,3476
TG-109053,Applicant 9053,74945.0,599,Hoboken,NY,Full Time,5086
TG-109054,Applicant 9054,32664.0,691,Hoboken,NJ, full time ,5199
TG-109055,Applicant 9055,64292.0,777, Newark,,Self-Employed,4953
TG-109056,Applicant 9056,79494.0,798, Newark,NY,Part Time,2319
TG-109057,Applicant 9057,81551.0,740,Hoboken,N.J.,Self-Employed,3732
TG-109058,Applicant 9058,40533.0,565,Jersey City,NJ,Self-Employed,1876
TG-109059,Applicant 9059,119550.0,592,New York,ny,Self-Employed,4254
TG-109060,Applicant 9060,81937.0,573,New York,N.J.,Part Time,2463
TG-109061,Applicant 9061,86127.0,740,Jersey City,,Self-Employed,5194
TG-109062,Applicant 9062,97019.0,528,Brooklyn,NJ,Self-Employed,4544
TG-109063,Applicant 9063,61358.0,691,New York,N.J.,Unemployed,4317
TG-109064,Applicant 9064,98691.0,603, Newark,NY,Full Time,3838
TG-109065,Applicant 9065,73988.0,531,Queens,NY,Unemployed,4260
TG-109066,Applicant 9066,58102.0,551, Newark,NY,Part Time,3506
TG-109067,Applicant 9067,102203.0,808,New York,N.J., full time ,4935
TG-109068,Applicant 9068,129750.0,791,Jersey City,, full time ,2281
TG-109069,Applicant 9069,106745.0,697,Brooklyn,NY,Unemployed,2427
TG-109070,Applicant 9070,112689.0,633,New York,N.J.,Unemployed,2680
TG-109071,Applicant 9071,69381.0,545,Jersey City,N.J.,Unemployed,3101
TG-109072,Applicant 9072,37071.0,756,Queens,,Full Time,4201
TG-109073,Applicant 9073,129704.0,691,Hoboken,NJ,Part Time,1621
TG-109074,Applicant 9074,146635.0,752,Queens,NJ,Self-Employed,4320
TG-109075,Applicant 9075,,556,Queens,N.J.,Unemployed,3034
TG-109076,Applicant 9076,74926.0,784,Brooklyn,NJ,Full Time,3690
TG-109077,Applicant 9077,50361.0,532,New York,ny, full time ,5316
TG-109078,Applicant 9078,53030.0,625,Hoboken,, full time ,1596
TG-109079,Applicant 9079,34488.0,645,Jersey City,N.J., full time ,2312
TG-109080,Applicant 9080,81779.0,649,Hoboken,NJ,Unemployed,4175
TG-109081,Applicant 9081,133170.0,775,New York,NJ, full time ,3012
TG-109082,Applicant 9082,80750.0,634,Brooklyn,, full time ,3726
TG-109083,Applicant 9083,94070.0,818,New York,NY, full time ,4407
TG-109084,Applicant 9084,126268.0,643,Jersey City,NJ,Self-Employed,1206
TG-109085,Applicant 9085,72877.0,775,Hoboken,, full time ,1298
TG-109086,Applicant 9086,146066.0,658,Queens,NY,Full Time,2690
TG-109087,Applicant 9087,144763.0,725,New York,N.J.,Unemployed,3946
TG-109088,Applicant 9088,81067.0,566, Newark,NY,Self-Employed,5425
TG-109089,Applicant 9089,67674.0,736,Brooklyn,NJ,Self-Employed,5313
TG-109090,Applicant 9090,105917.0,642,Brooklyn,N.J.,Unemployed,4415
TG-109091,Applicant 9091,74574.0,550,Hoboken,N.J., full time ,3515
TG-109092,Applicant 9092,50303.0,574,Queens,NY, full time ,3611
TG-109093,Applicant 9093,,672,Jersey City,N.J.,Part Time,2693
TG-109094,Applicant 9094,121493.0,805,Queens,NY, full time ,2187
TG-109095,Applicant 9095,89665.0,555,Hoboken,NY,Full Time,3251
TG-109096,Applicant 9096,47114.0,804,Queens,NY, full time ,4234
TG-109097,Applicant 9097,48114.0,775,Hoboken,,Unemployed,3417
TG-109098,Applicant 9098,88217.0,697,Queens,NJ, full time ,4056
TG-109099,Applicant 9099,70004.0,555,New York,N.J.,Unemployed,4671
TG-109100,Applicant 9100,74767.0,999,Brooklyn,ny,Self-Employed,1807
TG-109101,Applicant 9101,115659.0,681,Hoboken,NJ,Part Time,3795
TG-109102,Applicant 9102,106995.0,540,Hoboken,ny,Self-Employed,2496
TG-109103,Applicant 9103,126344.0,813,Brooklyn,NY,Unemployed,3713
TG-109104,Applicant 9104,55281.0,594, Newark,N.J.,Part Time,3594
TG-109105,Applicant 9105,74704.0,726, Newark,NJ,Self-Employed,4150
TG-109106,Applicant 9106,107769.0,697,Jersey City,ny, full time ,3109
TG-109107,Applicant 9107,98442.0,556,Hoboken,ny, full time ,3672
TG-109108,Applicant 9108,130971.0,639,New York,ny,Part Time,2069
TG-109109,Applicant 9109,97616.0,637,Queens,NJ,Self-Employed,3877
TG-109110,Applicant 9110,140443.0,520,New York,,Full Time,1451
TG-109111,Applicant 9111,101201.0,728,Hoboken,NY,Full Time,5096
TG-109112,Applicant 9112,116865.0,727,Jersey City,N.J.,Full Time,1298
TG-109113,Applicant 9113,75295.0,673,Hoboken,ny,Self-Employed,2512
TG-109114,Applicant 9114,85429.0,769,Jersey City,NJ,Self-Employed,5063
TG-109115,Applicant 9115,112328.0,690,Brooklyn,ny,Self-Employed,1784
TG-109116,Applicant 9116,133389.0,626,Queens,NJ,Unemployed,2239
TG-109117,Applicant 9117,106877.0,662,New York,,Full Time,5404
TG-109118,Applicant 9118,82505.0,527,Jersey City,ny,Full Time,5382
TG-109119,Applicant 9119,126320.0,613,New York,ny,Full Time,3614
TG-109120,Applicant 9120,19241.0,616,Brooklyn,N.J.,Unemployed,1856
TG-109121,Applicant 9121,42333.0,526,Hoboken,NJ,Unemployed,2569
TG-109122,Applicant 9122,105449.0,793,Jersey City,NJ,Self-Employed,4717
TG-109123,Applicant 9123,85423.0,531,Queens,,Full Time,4540
TG-109124,Applicant 9124,103165.0,521,Jersey City,ny,Full Time,3777
TG-109125,Applicant 9125,86932.0,526, Newark,N.J., full time ,4316
TG-109126,Applicant 9126,102128.0,531,Hoboken,NY, full time ,1607
TG-109127,Applicant 9127,60568.0,576,Hoboken,N.J., full time ,3174
TG-109128,Applicant 9128,102115.0,597,Queens,N.J.,Unemployed,2511
TG-109129,Applicant 9129,114832.0,593,Queens,N.J.,Self-Employed,4278
TG-109130,Applicant 9130,121617.0,752,Brooklyn,N.J.,Part Time,1475
TG-109131,Applicant 9131,145407.0,798,New York,ny,Full Time,4137
TG-109132,Applicant 9132,92323.0,549,Jersey City,N.J., full time ,4115
TG-109133,Applicant 9133,93217.0,614,Brooklyn,NJ,Full Time,4227
TG-109134,Applicant 9134,39305.0,575,New York,NJ,Full Time,1934
TG-109135,Applicant 9135,69058.0,529,Brooklyn,N.J.,Full Time,1335
TG-109136,Applicant 9136,79208.0,666, Newark,NJ,Self-Employed,2953
TG-109137,Applicant 9137,116510.0,606,Queens,ny,Full Time,2985
TG-109138,Applicant 9138,66670.0,772,Queens,NY,Self-Employed,4129
TG-109139,Applicant 9139,108890.0,706,Hoboken,N.J.,Part Time,1223
TG-109140,Applicant 9140,84951.0,752,Jersey City,NJ,Part Time,2464
TG-109141,Applicant 9141,79685.0,772,Jersey City,NJ,Unemployed,4919
TG-109142,Applicant 9142,92467.0,743,Jersey City,ny,Full Time,3760
TG-109143,Applicant 9143 ,73265.0,523,Brooklyn,ny, full time ,3577
TG-109144,Applicant 9144,72129.0,631,Brooklyn,NY,Unemployed,4894
TG-109145,Applicant 9145,33856.0,712,Jersey City,,Unemployed,4742
TG-109146,Applicant 9146,77561.0,660,Hoboken,,Part Time,1657
TG-109147,Applicant 9147,70601.0,659,New York,, full time ,3989
TG-109148,Applicant 9148,69521.0,614, Newark,NY,Full Time,5372
TG-109149,Applicant 9149,97506.0,560,Brooklyn,N.J.,Full Time,4333
TG-109150,Applicant 9150,104759.0,521,Jersey City,,Part Time,4818
TG-109151,Applicant 9151,91966.0,797,Queens,,Self-Employed,3422
TG-109152,Applicant 9152,114862.0,669,Brooklyn,NJ,Part Time,3151
TG-109153,Applicant 9153,102267.0,560,New York,NJ, full time ,3694
TG-109154,Applicant 9154,76148.0,635,Brooklyn,N.J.,Self-Employed,2870
TG-109155,Applicant 9155,71114.0,639,New York,ny, full time ,2357
TG-109156,Applicant 9156,94385.0,756,New York,NY,Full Time,4184
TG-109157,Applicant 9157,102213.0,789,Brooklyn,,Self-Employed,5247
TG-109158,Applicant 9158,126935.0,810,New York,NY, full time ,1723
TG-109159,Applicant 9159,120735.0,528,Brooklyn,NJ,Full Time,4724
TG-109160,Applicant 9160,68756.0,758,Brooklyn,NY, full time ,3177
TG-109161,Applicant 9161,81940.0,999,Hoboken,NJ,Self-Employed,2098
TG-109162,Applicant 9162,105131.0,529,Queens,NY,Full Time,1299
TG-109163,Applicant 9163,117040.0,544, Newark,NJ, full time ,4826
TG-109164,Applicant 9164,113169.0,692,New York,NY,Unemployed,4023
TG-109165,Applicant 9165,83084.0,744,Brooklyn,,Self-Employed,2876
TG-109166,Applicant 9166,47379.0,530,New York,,Self-Employed,5479
TG-109167,Applicant 9167,55032.0,620,Brooklyn,N.J.,Self-Employed,2370
TG-109168,Applicant 9168,93179.0,784, Newark,NY,Full Time,3546
TG-109169,Applicant 9169,95267.0,602,Brooklyn,ny,Self-Employed,3527
TG-109170,Applicant 9170,52040.0,795,Brooklyn,N.J., full time ,1424
TG-109171,Applicant 9171,86337.0,780,Queens,NY,Unemployed,5250
TG-109172,Applicant 9172,103937.0,740,New York,ny, full time ,2640
TG-109173,Applicant 9173,50463.0,738,Queens,, full time ,1354
TG-109174,Applicant 9174,118150.0,608,Queens,,Self-Employed,2269
TG-109175,Applicant 9175,73674.0,534,Queens,,Unemployed,1501
TG-109176,Applicant 9176,122728.0,765,Queens,ny,Unemployed,4415
TG-109177,Applicant 9177,68996.0,695,Hoboken,NJ,Unemployed,3817
TG-109178,Applicant 9178,54201.0,523,New York,NY,Unemployed,1626
TG-109179,Applicant 9179,71256.0,540,New York,N.J.,Part Time,2637
TG-109180,Applicant 9180,82146.0,727,Brooklyn,N.J.,Unemployed,2267
TG-109181,Applicant 9181,73346.0,656,New York,,Self-Employed,4107
TG-109182,Applicant 9182,78520.0,735, Newark,NJ,Unemployed,3642
TG-109183,Applicant 9183,95019.0,636,Queens,NY, full time ,5141
TG-109184,Applicant 9184,79865.0,698,Jersey City,NY,Part Time,3139
TG-109185,Applicant 9185,83017.0,765,New York,N.J., full time ,4172
TG-109186,Applicant 9186,33723.0,647,Jersey City,N.J.,Self-Employed,5230
TG-109187,Applicant 9187,96751.0,597, Newark,N.J.,Self-Employed,4987
TG-109188,Applicant 9188,82324.0,748,Hoboken,NY,Unemployed,1937
TG-109189,Applicant 9189,133309.0,812,Brooklyn,N.J.,Self-Employed,3295
TG-109190,Applicant 9190,56813.0,781,Brooklyn,NY,Part Time,1940
TG-109191,Applicant 9191,30751.0,601,Brooklyn,, full time ,3083
TG-109192,Applicant 9192,103542.0,585,Hoboken,NJ,Self-Employed,2144
TG-109193,Applicant 9193,95396.0,615,Queens,N.J.,Self-Employed,4981
TG-109194,Applicant 9194,54747.0,664,Jersey City,NY,Part Time,2927
TG-109195,Applicant 9195,39108.0,584,New York,,Full Time,2535
TG-109196,Applicant 9196,131122.0,528,Queens,ny,Full Time,3829
TG-109197,Applicant 9197,127423.0,705,Brooklyn,,Part Time,5202
TG-109198,Applicant 9198,10376.0,677,Brooklyn,NJ,Self-Employed,2756
TG-109199,Applicant 9199,71253.0,550,Queens,,Part Time,4830
TG-109200,Applicant 9200,134926.0,670,Jersey City,N.J.,Part Time,1910
TG-109201,Applicant 9201,,761,Queens,N.J.,Full Time,3017
TG-109202,Applicant 9202,70282.0,675,Hoboken,ny,Unemployed,2233
TG-109203,Applicant 9203,76517.0,578,Brooklyn,NY,Self-Employed,2560
TG-109204,Applicant 9204,51373.0,529,Jersey City,, full time ,3890
TG-109205,Applicant 9205,33857.0,643,New York,ny,Part Time,4586
TG-109206,Applicant 9206,116576.0,801,Brooklyn,N.J.,Full Time,3327
TG-109207,Applicant 9207,29712.0,756,Queens,NY,Unemployed,3295
TG-109208,Applicant 9208,92418.0,536,Jersey City,NY,Self-Employed,1290
TG-109209,Applicant 9209,111597.0,542,Brooklyn,NJ,Part Time,2868
TG-109210,Applicant 9210,41463.0,528,New York,N.J.,Full Time,5205
TG-109211,Applicant 9211,57272.0,726,New York,NY,Part Time,5249
TG-109212,Applicant 9212 ,121395.0,564, Newark,NJ, full time ,3323
TG-109213,Applicant 9213,100987.0,546,Queens,NJ,Self-Employed,4356
TG-109214,Applicant 9214,66481.0,707,Hoboken,N.J.,Self-Employed,1462
TG-109215,Applicant 9215,121067.0,659,Queens,NY,Self-Employed,2457
TG-109216,Applicant 9216,121196.0,528,Jersey City,NY,Self-Employed,1415
TG-109217,Applicant 9217,93072.0,753,Queens,,Full Time,2397
TG-109218,Applicant 9218,57995.0,611,Jersey City,NY, full time ,2102
TG-109219,Applicant 9219,72597.0,596, Newark,NJ,Part Time,2752
TG-109220,Applicant 9220,93592.0,763, Newark,ny,Full Time,4134
TG-109221,Applicant 9221,79342.0,674, Newark,N.J.,Unemployed,3032
TG-109222,Applicant 9222,113169.0,737,Hoboken,ny,Self-Employed,3567
TG-109223,Applicant 9223,39107.0,804, Newark,NY,Self-Employed,3074
TG-109224,Applicant 9224,,669,Queens,NJ,Part Time,3292
TG-109225,Applicant 9225,90426.0,607,New York,ny,Self-Employed,4636
TG-109226,Applicant 9226,70254.0,625,Jersey City,N.J.,Self-Employed,2103
TG-109227,Applicant 9227,66189.0,813,Jersey City,,Part Time,4059
TG-109228,Applicant 9228,31958.0,614,New York,ny, full time ,3574
TG-109229,Applicant 9229,85586.0,772,Queens,,Full Time,2341
TG-109230,Applicant 9230,83417.0,558,Hoboken,NY, full time ,2303
TG-109231,Applicant 9231,,774,Brooklyn,NY,Part Time,1592
TG-109232,Applicant 9232,87067.0,573,Queens,N.J.,Self-Employed,4559
TG-109233,Applicant 9233,81022.0,762, Newark,,Self-Employed,3012
TG-109234,Applicant 9234,120310.0,629,Queens,, full time ,4620
TG-109235,Applicant 9235,45626.0,773,Jersey City,N.J.,Unemployed,4983
TG-109236,Applicant 9236,101092.0,631,Jersey City,ny,Full Time,1725
TG-109237,Applicant 9237,34866.0,693,Hoboken,N.J.,Self-Employed,3718
TG-109238,Applicant 9238,59849.0,708, Newark,NY,Part Time,5258
TG-109239,Applicant 9239,48620.0,740,Hoboken,, full time ,1490
TG-109240,Applicant 9240,108458.0,768,Hoboken,NJ,Full Time,4903
TG-109241,Applicant 9241,83038.0,571,New York,NJ,Unemployed,4805
TG-109242,Applicant 9242,84595.0,681,Brooklyn,NY,Self-Employed,2910
TG-109243,Applicant 9243,51798.0,554,Brooklyn,, full time ,4367
TG-109244,Applicant 9244,76009.0,556, Newark,,Self-Employed,1692
TG-109245,Applicant 9245,62096.0,630,Hoboken,N.J., full time ,2638
TG-109246,Applicant 9246,96504.0,696,Jersey City,ny,Unemployed,4952
TG-109247,Applicant 9247,55267.0,528,Brooklyn,N.J.,Part Time,2067
TG-109248,Applicant 9248,124894.0,794,Queens,NJ,Part Time,5015
TG-109249,Applicant 9249,34733.0,640,New York,,Full Time,1695
TG-109250,Applicant 9250,60804.0,624,Jersey City,ny,Self-Employed,1225
TG-109251,Applicant 9251,135316.0,675,New York,N.J.,Self-Employed,1965
TG-109252,Applicant 9252,71946.0,545,Queens,ny,Self-Employed,4226
TG-109253,Applicant 9253,45554.0,815,Brooklyn,NJ,Part Time,4649
TG-109254,Applicant 9254,91572.0,544,New York,ny,Full Time,4630
TG-109255,Applicant 9255,70738.0,588, Newark,,Part Time,3643
TG-109256,Applicant 9256,59924.0,670,New York,ny, full time ,5150
TG-109257,Applicant 9257,52124.0,584,New York,ny,Self-Employed,3102
TG-109258,Applicant 9258,168051.0,669,Queens,N.J., full time ,4529
TG-109259,Applicant 9259,77453.0,764,Jersey City,ny,Unemployed,1533
TG-109260,Applicant 9260,27233.0,577,Jersey City,ny, full time ,2627
TG-109261,Applicant 9261,129811.0,675,Queens,NJ, full time ,2665
TG-109262,Applicant 9262,103332.0,631,New York,ny, full time ,3395
TG-109263,Applicant 9263,62006.0,642,New York,N.J.,Part Time,4817
TG-109264,Applicant 9264,57006.0,722,Hoboken,N.J., full time ,1771
TG-109265,Applicant 9265,105204.0,523, Newark,,Self-Employed,2001
TG-109266,Applicant 9266,77592.0,648,Brooklyn,NJ,Full Time,2388
TG-109267,Applicant 9267,27221.0,545,Brooklyn,NY,Unemployed,1394
TG-109268,Applicant 9268,138617.0,808,Jersey City,,Self-Employed,1326
,Applicant 9269,71980.0,546,Queens,ny,Full Time,4034
TG-109270,Applicant 9270,129867.0,561,New York,NJ,Self-Employed,4494
TG-109271,Applicant 9271,123353.0,590, Newark,, full time ,3811
TG-109272,Applicant 9272,54970.0,583,Brooklyn,N.J.,Unemployed,2821
TG-109273,Applicant 9273,115996.0,544,Queens,NJ,Self-Employed,5450
TG-109274,Applicant 9274,65457.0,591,Queens,NJ,Unemployed,4932
TG-109275,Applicant 9275,28999.0,787,New York,ny,Part Time,4227
TG-109276,Applicant 9276,72262.0,614, Newark,NJ,Part Time,3596
TG-109277,Applicant 9277,96929.0,636,Queens,NJ, full time ,3652
TG-109278,Applicant 9278,,683,Brooklyn,NY, full time ,2009
TG-109279,Applicant 9279,75789.0,797,Hoboken,ny,Part Time,1424
TG-109280,Applicant 9280,119307.0,584,Brooklyn,NJ,Self-Employed,4317
TG-109281,Applicant 9281,88195.0,779, Newark,NJ,Full Time,1419
TG-109282,Applicant 9282,59701.0,747,Hoboken,NY,Full Time,3325
TG-109283,Applicant 9283,106061.0,719,Queens,NY,Part Time,3225
TG-109284,Applicant 9284,90930.0,739,Brooklyn,N.J.,Full Time,5091
TG-109285,Applicant 9285,9352.0,699,New York,ny,Self-Employed,1477
TG-109286,Applicant 9286,97851.0,747, Newark,NY,Full Time,1728
TG-109287,Applicant 9287,96755.0,771,Queens,NJ,Full Time,1680
TG-109288,Applicant 9288,85604.0,818,New York,NY,Part Time,4373
TG-109289,Applicant 9289,111751.0,523,Hoboken,,Unemployed,4041
TG-109290,Applicant 9290,64828.0,660,Jersey City,N.J.,Unemployed,3182
TG-109291,Applicant 9291,95095.0,685,Jersey City,N.J.,Self-Employed,3976
TG-109292,Applicant 9292,37991.0,773,Hoboken,ny,Unemployed,2914
TG-109293,Applicant 9293,97213.0,672,Jersey City,N.J., full time ,2381
TG-109294,Applicant 9294,143592.0,586, Newark,ny,Part Time,3297
TG-109295,Applicant 9295,55154.0,574,Queens,,Unemployed,3019
TG-109296,Applicant 9296,62206.0,615,Queens,NJ,Full Time,4003
TG-109297,Applicant 9297,63700.0,686, Newark,,Unemployed,3313
TG-109298,Applicant 9298,88900.0,581,Brooklyn,ny,Part Time,3873
TG-109299,Applicant 9299,,693,Queens,ny,Full Time,4186
TG-109300,Applicant 9300,97637.0,772,Jersey City,ny,Full Time,1615
TG-109301,Applicant 9301,110405.0,999, Newark,NJ,Part Time,4360
TG-109302,Applicant 9302,101030.0,734,New York,ny,Self-Employed,3769
TG-109303,Applicant 9303,31948.0,758,Brooklyn,,Self-Employed,5182
TG-109304,Applicant 9304,114855.0,746,New York,NJ,Part Time,3746
TG-109305,Applicant 9305,113121.0,749,Jersey City,,Part Time,3648
TG-109306,Applicant 9306,109905.0,752,New York,NJ,Part Time,4974
TG-109307,Applicant 9307,96185.0,682,Jersey City,ny,Full Time,3813
TG-109308,Applicant 9308,91606.0,645,Queens,NJ,Full Time,2886
TG-109309,Applicant 9309,115972.0,772,Brooklyn,NY,Part Time,2038
TG-109310,Applicant 9310,142705.0,999,Hoboken,,Full Time,2131
TG-109311,Applicant 9311,56409.0,716,Jersey City,NY, full time ,3509
TG-109312,Applicant 9312,117344.0,641, Newark,NY,Part Time,3279
TG-109313,Applicant 9313,82413.0,783, Newark,ny,Full Time,5147
TG-109314,Applicant 9314,81110.0,573,Queens,ny,Self-Employed,5364
TG-109315,Applicant 9315,38904.0,654, Newark,NY,Part Time,1282
TG-109316,Applicant 9316,76456.0,670,New York,NJ,Part Time,1969
TG-109317,Applicant 9317,55082.0,619,Queens,ny,Part Time,2010
TG-109318,Applicant 9318,71084.0,753, Newark,,Unemployed,1670
TG-109319,Applicant 9319,52054.0,551,New York,NY,Part Time,4823
TG-109320,Applicant 9320,71533.0,581,New York,,Self-Employed,4445
TG-109321,Applicant 9321,72817.0,715,New York,,Full Time,3395
TG-109322,Applicant 9322,87903.0,549, Newark,,Part Time,1321
TG-109323,Applicant 9323,36558.0,762,New York,NY, full time ,3090
TG-109324,Applicant 9324,41634.0,625,Brooklyn,N.J.,Full Time,3754
TG-109325,Applicant 9325,95857.0,814, Newark,ny,Self-Employed,3133
TG-109326,Applicant 9326,61077.0,652,New York,,Unemployed,2610
TG-109327,Applicant 9327,117236.0,541,Brooklyn,NY,Self-Employed,1516
TG-109328,Applicant 9328,91758.0,675,Hoboken,N.J.,Unemployed,5444
TG-109329,Applicant 9329,103203.0,733,Brooklyn,NY,Full Time,1704
TG-109330,Applicant 9330,127321.0,745, Newark,ny,Unemployed,4025
TG-109331,Applicant 9331,75709.0,804, Newark,NY,Full Time,3082
TG-109332,Applicant 9332,67765.0,690,New York,NJ,Self-Employed,3742
TG-109333,Applicant 9333,111151.0,561, Newark,NJ,Self-Employed,4708
TG-109334,Applicant 9334,100285.0,579,Hoboken,,Unemployed,1632
TG-109335,Applicant 9335,79380.0,596,Queens,NY, full time ,1791
TG-109336,Applicant 9336,126744.0,721,Brooklyn,NY,Self-Employed,3944
TG-109337,Applicant 9337,78633.0,739,Queens,,Unemployed,1800
TG-109338,Applicant 9338,85983.0,706,Hoboken,,Part Time,4679
TG-109339,Applicant 9339,85637.0,615,Brooklyn,N.J.,Full Time,4830
TG-109340,Applicant 9340,56962.0,731,New York,NY,Part Time,3223
TG-109341,Applicant 9341,87328.0,781,Brooklyn,ny,Part Time,4353
TG-109342,Applicant 9342,126903.0,596,New York,ny,Part Time,3652
TG-109343,Applicant 9343,98349.0,550,Jersey City,ny,Unemployed,2347
TG-109344,Applicant 9344,85932.0,558,Brooklyn,,Self-Employed,1858
TG-109345,Applicant 9345,80147.0,733,Brooklyn,,Part Time,2314
TG-109346,Applicant 9346,94926.0,645,Queens,,Unemployed,2195
TG-109347,Applicant 9347,107493.0,684,Queens,ny,Self-Employed,4163
TG-109348,Applicant 9348,103277.0,765,Hoboken,N.J.,Full Time,1560
TG-109349,Applicant 9349,75044.0,628,New York,NJ,Self-Employed,4984
TG-109350,Applicant 9350,94743.0,607, Newark,NY,Self-Employed,3462
TG-109351,Applicant 9351,99398.0,719,Queens,NJ,Part Time,2908
TG-109352,Applicant 9352,54784.0,790,Hoboken,NY,Unemployed,5220
TG-109353,Applicant 9353,90047.0,570,New York,, full time ,5473
TG-109354,Applicant 9354,20161.0,717,New York,ny,Full Time,2379
TG-109355,Applicant 9355,99476.0,542,New York,NJ,Unemployed,4841
TG-109356,Applicant 9356,,672,Jersey City,,Part Time,2254
TG-109357,Applicant 9357,107426.0,742,New York,NY,Unemployed,5098
TG-109358,Applicant 9358,73149.0,999,Hoboken,NJ, full time ,3475
TG-109359,Applicant 9359,94271.0,999,New York,NJ,Full Time,5411
TG-109360,Applicant 9360,127719.0,785, Newark,NJ,Self-Employed,4795
TG-109361,Applicant 9361,127413.0,592, Newark,NJ,Full Time,1521
TG-109362,Applicant 9362,84125.0,596,New York,NJ, full time ,4119
TG-109363,Applicant 9363,89180.0,551,Hoboken,,Full Time,3672
TG-109364,Applicant 9364,118327.0,584,Brooklyn,NY,Full Time,5137
TG-109365,Applicant 9365,39976.0,537,New York,NY,Part Time,5478
TG-109366,Applicant 9366,75308.0,683,Hoboken,N.J.,Self-Employed,5108
TG-109367,Applicant 9367,125067.0,806,Queens,ny, full time ,4262
TG-109368,Applicant 9368,114256.0,573,Hoboken,NJ,Part Time,4923
TG-109369,Applicant 9369,96078.0,582,Jersey City,NY,Full Time,3915
TG-109370,Applicant 9370,39825.0,776,Queens,ny,Full Time,3503
TG-109371,Applicant 9371,83503.0,758, Newark,ny,Unemployed,3927
TG-109372,Applicant 9372,67303.0,528, Newark,,Part Time,4904
TG-109373,Applicant 9373,94931.0,639,Brooklyn,NJ, full time ,3628
TG-109374,Applicant 9374,60720.0,609,Brooklyn,N.J., full time ,4579
TG-109375,Applicant 9375,54228.0,694,Hoboken,ny, full time ,1889
TG-109376,Applicant 9376,23054.0,522,Hoboken,, full time ,3370
TG-109377,Applicant 9377,121654.0,649,New York,NJ,Full Time,5292
TG-109378,Applicant 9378,73007.0,573,New York,NY,Full Time,3637
TG-109379,Applicant 9379,89714.0,812, Newark,N.J.,Part Time,4000
TG-109380,Applicant 9380,84933.0,703,Jersey City,NJ,Self-Employed,3503
TG-109381,Applicant 9381,52977.0,743,New York,, full time ,1412
TG-109382,Applicant 9382,47228.0,531, Newark,,Full Time,2520
TG-109383,Applicant 9383,54841.0,714,Hoboken,,Part Time,3467
TG-109384,Applicant 9384,63305.0,766,Hoboken,, full time ,3787
TG-109385,Applicant 9385,95998.0,673,New York,,Self-Employed,2414
TG-109386,Applicant 9386,61128.0,597,Jersey City,N.J., full time ,1328
TG-109387,Applicant 9387,137395.0,659, Newark,ny,Unemployed,5456
TG-109388,Applicant 9388,115815.0,609,Hoboken,ny, full time ,2256
TG-109389,Applicant 9389,109251.0,663, Newark,NY,Unemployed,5306
TG-109390,Applicant 9390,81410.0,591,Jersey City,ny,Self-Employed,3754
TG-109391,Applicant 9391,130428.0,696,Hoboken,,Unemployed,4486
TG-109392,Applicant 9392,78460.0,782, Newark,ny,Self-Employed,2977
TG-109393,Applicant 9393,84062.0,790,Jersey City,ny,Part Time,5067
TG-109394,Applicant 9394,90099.0,624,Jersey City,,Unemployed,2981
TG-109395,Applicant 9395,106055.0,591,Jersey City,N.J., full time ,3038
TG-109396,Applicant 9396,104107.0,593,New York,, full time ,2624
TG-109397,Applicant 9397,70746.0,662,Brooklyn,ny,Part Time,3640
TG-109398,Applicant 9398,69010.0,581, Newark,ny,Full Time,2306
TG-109399,Applicant 9399,104197.0,665,Jersey City,NY,Self-Employed,4202
TG-109400,Applicant 9400,106457.0,565, Newark,,Full Time,4605
TG-109401,Applicant 9401,73199.0,748,Jersey City,NY,Full Time,2012
TG-109402,Applicant 9402,37384.0,624, Newark,NY,Part Time,4432
TG-109403,Applicant 9403,78781.0,628,Hoboken,NJ,Part Time,5402
TG-109404,Applicant 9404,103706.0,640, Newark,NY,Unemployed,4251
TG-109405,Applicant 9405,139163.0,562,Brooklyn,ny,Unemployed,5077
TG-109406,Applicant 9406,49061.0,618,Hoboken,ny,Unemployed,4082
TG-109407,Applicant 9407,72203.0,713,Hoboken,NJ,Unemployed,1559
TG-109408,Applicant 9408,73318.0,733,Jersey City,NJ,Unemployed,3397
TG-109409,Applicant 9409,125674.0,748,Queens,, full time ,1298
TG-109410,Applicant 9410,83952.0,704,Brooklyn,NJ,Part Time,3903
TG-109411,Applicant 9411,57780.0,631,Hoboken,N.J.,Self-Employed,4942
TG-109412,Applicant 9412,101761.0,791,Queens,ny,Self-Employed,2011
TG-109413,Applicant 9413,72861.0,621,Queens,ny,Self-Employed,3710
TG-109414,Applicant 9414,48268.0,729,Hoboken,NJ,Self-Employed,3120
TG-109415,Applicant 9415,58217.0,746,Jersey City,NJ,Self-Employed,3075
TG-109416,Applicant 9416,137021.0,800,New York,ny, full time ,2440
TG-109417,Applicant 9417,96526.0,541,Hoboken,NJ,Part Time,3998
TG-109418,Applicant 9418,88233.0,767,Jersey City,,Unemployed,4270
TG-109419,Applicant 9419,,678,Brooklyn,NJ,Unemployed,1884
TG-109420,Applicant 9420,93764.0,748,Jersey City,NJ,Unemployed,3439
TG-109421,Applicant 9421,93407.0,706,Queens,,Part Time,2098
TG-109422,Applicant 9422,93765.0,662,Brooklyn,,Part Time,2887
TG-109423,Applicant 9423,88445.0,543,Brooklyn,, full time ,3031
TG-109424,Applicant 9424,111064.0,660,New York,ny, full time ,3681
TG-109425,Applicant 9425,85693.0,999,New York,NJ,Unemployed,3774
TG-109426,Applicant 9426,,999,Hoboken,,Part Time,1220
TG-109427,Applicant 9427,,601,Jersey City,,Unemployed,4492
TG-109428,Applicant 9428,25629.0,567,Hoboken,ny, full time ,1817
TG-109429,Applicant 9429,145805.0,690,New York,N.J.,Unemployed,2288
TG-109430,Applicant 9430,110883.0,781,Queens,NJ, full time ,1348
TG-109431,Applicant 9431,60098.0,587,New York,N.J.,Full Time,1312
TG-109432,Applicant 9432,76545.0,533,Jersey City,N.J.,Self-Employed,2269
TG-109433,Applicant 9433,65894.0,549,Queens,,Full Time,3693
TG-109434,Applicant 9434,131276.0,629,Hoboken,ny,Unemployed,2293
TG-109435,Applicant 9435,42404.0,731,Hoboken,NJ,Unemployed,3429
TG-109436,Applicant 9436,88434.0,783,New York,NJ,Part Time,5171
TG-109437,Applicant 9437,81744.0,721,New York,NJ,Self-Employed,2180
,Applicant 9438,109805.0,603, Newark,N.J., full time ,3557
TG-109439,Applicant 9439,81880.0,572,Hoboken,NY,Unemployed,4480
TG-109440,Applicant 9440,32254.0,775,Hoboken,ny, full time ,4251
TG-109441,Applicant 9441,77466.0,593,Brooklyn,NY, full time ,5293
TG-109442,Applicant 9442,55835.0,739,Jersey City,N.J., full time ,3795
TG-109443,Applicant 9443,87387.0,662,Brooklyn,,Full Time,3171
TG-109444,Applicant 9444,128025.0,619,Brooklyn,NY, full time ,4181
TG-109445,Applicant 9445,32817.0,648,Hoboken,NY,Part Time,3782
TG-109446,Applicant 9446,60993.0,738, Newark,ny,Full Time,5164
TG-109447,Applicant 9447,68419.0,790,Jersey City,N.J.,Full Time,5284
TG-109448,Applicant 9448,73551.0,541,Hoboken,ny,Unemployed,2323
TG-109449,Applicant 9449,107204.0,697,Brooklyn,,Self-Employed,2251
TG-109450,Applicant 9450,79794.0,567,Brooklyn,NJ,Self-Employed,2015
TG-109451,Applicant 9451,97474.0,636,Hoboken,N.J.,Unemployed,2178
TG-109452,Applicant 9452,66227.0,698,New York,,Self-Employed,4058
TG-109453,Applicant 9453,91898.0,792,New York,, full time ,1882
TG-109454,Applicant 9454,108334.0,698,Hoboken,NY,Part Time,4855
TG-109455,Applicant 9455,63031.0,568,Queens,ny, full time ,3802
TG-109456,Applicant 9456,108441.0,774,Queens,NY,Self-Employed,1980
TG-109457,Applicant 9457,86571.0,549,New York,NY,Self-Employed,2642
TG-109458,Applicant 9458,116364.0,604,Jersey City,NJ,Part Time,3959
TG-109459,Applicant 9459,78957.0,796, Newark,ny,Full Time,3401
TG-109460,Applicant 9460,96437.0,553,Brooklyn,NJ,Full Time,3461
TG-109461,Applicant 9461,83782.0,617,Jersey City,,Part Time,4833
TG-109462,Applicant 9462,82114.0,595,New York,NJ,Full Time,4320
TG-109463,Applicant 9463,92768.0,694,Hoboken,,Self-Employed,3745
TG-109464,Applicant 9464,101104.0,768,Queens,NY,Full Time,5241
TG-109465,Applicant 9465,47513.0,653,New York,NJ,Self-Employed,2570
TG-109466,Applicant 9466,128009.0,697,Jersey City,ny,Unemployed,3589
TG-109467,Applicant 9467,29210.0,747,Jersey City,NJ, full time ,4028
TG-109468,Applicant 9468,64456.0,582, Newark,,Full Time,2662
TG-109469,Applicant 9469,82172.0,787,New York,N.J.,Unemployed,1753
TG-109470,Applicant 9470,97371.0,777,Brooklyn,ny,Full Time,3772
TG-109471,Applicant 9471,132285.0,663,Jersey City,,Unemployed,1915
TG-109472,Applicant 9472,29251.0,571,Brooklyn,N.J.,Part Time,5495
TG-109473,Applicant 9473,69769.0,618,Brooklyn,ny,Unemployed,4589
TG-109474,Applicant 9474,21195.0,564,Hoboken,N.J.,Self-Employed,4942
TG-109475,Applicant 9475,85949.0,561,New York,NY,Part Time,5244
TG-109476,Applicant 9476,93151.0,576,New York,NY,Part Time,4363
TG-109477,Applicant 9477,132724.0,552,Brooklyn,NJ,Self-Employed,4851
TG-109478,Applicant 9478,88619.0,633,Hoboken,NJ,Full Time,4335
TG-109479,Applicant 9479,116321.0,819,Jersey City,NJ,Part Time,4033
TG-109480,Applicant 9480,102515.0,633,Jersey City,NJ,Full Time,4695
TG-109481,Applicant 9481,71943.0,575,New York,N.J., full time ,2537
TG-109482,Applicant 9482,42731.0,563,Brooklyn,ny,Unemployed,3621
TG-109483,Applicant 9483,93250.0,731,Hoboken,ny,Unemployed,5331
TG-109484,Applicant 9484,40237.0,553,Hoboken,NJ,Self-Employed,4211
TG-109485,Applicant 9485,123856.0,789,Jersey City,NY,Self-Employed,3859
TG-109486,Applicant 9486,80138.0,715,Jersey City,,Unemployed,2364
TG-109487,Applicant 9487,120855.0,644,Queens,NJ, full time ,3935
TG-109488,Applicant 9488,70594.0,598,Queens,NJ,Self-Employed,1378
TG-109489,Applicant 9489,93066.0,774,Brooklyn,NY, full time ,2237
TG-109490,Applicant 9490,91280.0,664,Queens,,Self-Employed,5034
TG-109491,Applicant 9491,83649.0,602,Hoboken,N.J.,Part Time,3757
TG-109492,Applicant 9492,72020.0,749,Queens,N.J.,Full Time,3039
TG-109493,Applicant 9493,96774.0,656,New York,,Unemployed,4768
TG-109494,Applicant 9494,57215.0,546,New York,,Full Time,5186
TG-109495,Applicant 9495,48717.0,696, Newark,N.J.,Unemployed,4376
TG-109496,Applicant 9496,122285.0,726,Jersey City,NJ,Self-Employed,4513
TG-109497,Applicant 9497,106815.0,732,Jersey City,NJ,Full Time,1691
TG-109498,Applicant 9498,86977.0,556,Brooklyn,NY, full time ,5410
TG-109499,Applicant 9499,134954.0,812,New York,,Self-Employed,1509
TG-109500,Applicant 9500,76967.0,698, Newark,NJ,Part Time,3798
TG-109501,Applicant 9501,124681.0,679,Brooklyn,NJ,Full Time,2901
TG-109502,Applicant 9502,90267.0,531,Brooklyn,NY,Full Time,2005
TG-109503,Applicant 9503,54257.0,688,Queens,,Part Time,5219
TG-109504,Applicant 9504,140441.0,599,Jersey City,NY,Unemployed,5407
TG-109505,Applicant 9505,114721.0,533,Brooklyn,NY,Self-Employed,3092
TG-109506,Applicant 9506,81369.0,573,Brooklyn,N.J.,Part Time,2526
TG-109507,Applicant 9507,106815.0,773,Jersey City,NY, full time ,3117
TG-109508,Applicant 9508,72889.0,584,Jersey City,,Self-Employed,3824
TG-109509,Applicant 9509,109874.0,577,New York,NJ,Part Time,3441
TG-109510,Applicant 9510,13268.0,615,Jersey City,NJ,Part Time,3173
TG-109511,Applicant 9511,54406.0,540,Queens,N.J.,Full Time,5240
TG-109512,Applicant 9512,114378.0,779,New York,,Full Time,5178
TG-109513,Applicant 9513,77510.0,592, Newark,NJ,Full Time,2515
TG-109514,Applicant 9514,91226.0,767,Brooklyn,NY,Self-Employed,4629
TG-109515,Applicant 9515,44596.0,646,Queens,ny,Unemployed,3772
TG-109516,Applicant 9516,140436.0,565,Queens,ny,Self-Employed,1810
TG-109517,Applicant 9517,120716.0,787,New York,ny,Full Time,4067
TG-109518,Applicant 9518,78979.0,647,Brooklyn,ny,Full Time,2689
TG-109519,Applicant 9519,72859.0,549,New York,NY,Self-Employed,1403
TG-109520,Applicant 9520,115888.0,613,Hoboken,NJ,Part Time,4589
TG-109521,Applicant 9521,144474.0,743,Hoboken,N.J.,Part Time,2599
TG-109522,Applicant 9522,113613.0,619,New York,NY,Full Time,3467
TG-109523,Applicant 9523,150154.0,590,Brooklyn,NJ,Full Time,2572
TG-109524,Applicant 9524,57329.0,600,Brooklyn,,Unemployed,2456
TG-109525,Applicant 9525,60418.0,819,Jersey City,NJ,Part Time,3547
TG-109526,Applicant 9526,49332.0,627,Queens,NJ,Unemployed,4403
TG-109527,Applicant 9527,98253.0,999,New York,NJ,Full Time,2894
TG-109528,Applicant 9528,90268.0,610,Queens,NY,Full Time,3882
TG-109529,Applicant 9529,80441.0,999,Queens,NJ,Unemployed,4192
TG-109530,Applicant 9530,109278.0,629,Hoboken,NJ,Unemployed,1433
TG-109531,Applicant 9531,121970.0,782,Hoboken,,Full Time,3337
TG-109532,Applicant 9532 ,39230.0,679, Newark,, full time ,4775
TG-109533,Applicant 9533,67091.0,772,New York,ny,Full Time,4006
TG-109534,Applicant 9534,109604.0,608, Newark,NY,Part Time,3127
TG-109535,Applicant 9535,70968.0,614,New York,NJ,Full Time,3157
TG-109536,Applicant 9536,61054.0,791,Brooklyn,ny,Self-Employed,2693
TG-109537,Applicant 9537,115556.0,766,New York,ny,Full Time,2131
TG-109538,Applicant 9538,46315.0,725,Brooklyn,NY, full time ,1247
TG-109539,Applicant 9539,75953.0,805,Brooklyn,ny,Part Time,3470
TG-109540,Applicant 9540,94859.0,767,New York,ny,Full Time,3960
TG-109541,Applicant 9541,67785.0,586,Brooklyn,NY,Unemployed,3264
TG-109542,Applicant 9542,108495.0,565,Queens,N.J.,Part Time,1878
TG-109543,Applicant 9543,67934.0,562,Brooklyn,ny,Part Time,5145
TG-109544,Applicant 9544,127259.0,748,Queens,, full time ,2790
TG-109545,Applicant 9545,81228.0,753,Queens,ny,Unemployed,3718
TG-109546,Applicant 9546,105138.0,718,Queens,NY,Self-Employed,2028
TG-109547,Applicant 9547,,551,Jersey City,NY,Full Time,2766
TG-109548,Applicant 9548,66174.0,783, Newark,N.J.,Self-Employed,2767
TG-109549,Applicant 9549,,632,Jersey City,N.J.,Unemployed,4534
TG-109550,Applicant 9550,95823.0,795,Brooklyn,,Part Time,1405
TG-109551,Applicant 9551,87169.0,665, Newark,, full time ,3005
TG-109552,Applicant 9552,101675.0,525, Newark,ny, full time ,1679
TG-109553,Applicant 9553,78204.0,627, Newark,N.J.,Part Time,3320
TG-109554,Applicant 9554,72087.0,779,New York,, full time ,2661
TG-109555,Applicant 9555,145254.0,590,Brooklyn,ny,Self-Employed,3829
TG-109556,Applicant 9556,,681,Jersey City,NJ,Part Time,3966
TG-109557,Applicant 9557,107019.0,619, Newark,ny,Full Time,2637
TG-109558,Applicant 9558,67762.0,552, Newark,,Full Time,3142
TG-109559,Applicant 9559,74927.0,662,Hoboken,ny,Unemployed,4942
TG-109560,Applicant 9560,75487.0,763, Newark,NJ,Part Time,4005
TG-109561,Applicant 9561,60897.0,743, Newark,,Self-Employed,4027
TG-109562,Applicant 9562,102137.0,733,Hoboken,ny,Part Time,1970
TG-109563,Applicant 9563,126719.0,639,Brooklyn,,Part Time,1266
TG-109564,Applicant 9564,99100.0,687,Jersey City,ny,Self-Employed,2645
TG-109565,Applicant 9565,88101.0,736,Queens,NY, full time ,4101
TG-109566,Applicant 9566,55407.0,736,Jersey City,,Self-Employed,3618
TG-109567,Applicant 9567,100505.0,573,Brooklyn,,Part Time,1563
TG-109568,Applicant 9568,149690.0,727,Jersey City,,Part Time,4097
TG-109569,Applicant 9569,73579.0,599,Hoboken,,Part Time,1459
TG-109570,Applicant 9570,73720.0,670, Newark,ny,Part Time,5059
TG-109571,Applicant 9571,68167.0,574, Newark,N.J.,Unemployed,2268
TG-109572,Applicant 9572,70318.0,524,Queens,ny, full time ,5134
TG-109573,Applicant 9573,2641.0,554,Brooklyn,NJ,Part Time,2510
TG-109574,Applicant 9574,97151.0,638, Newark,NY,Unemployed,2642
TG-109575,Applicant 9575,59633.0,716,Brooklyn,ny,Part Time,2528
TG-109576,Applicant 9576,36692.0,573,New York,ny, full time ,1428
TG-109577,Applicant 9577,107596.0,778,Queens,, full time ,2409
TG-109578,Applicant 9578,52539.0,781,Brooklyn,NJ,Self-Employed,3170
TG-109579,Applicant 9579,74840.0,521,Jersey City,,Unemployed,5421
TG-109580,Applicant 9580,128993.0,601,Jersey City,, full time ,5427
TG-109581,Applicant 9581,42724.0,524,Jersey City,N.J.,Full Time,4432
TG-109582,Applicant 9582,,693,Jersey City,NY,Part Time,2925
TG-109583,Applicant 9583,93079.0,658,Brooklyn,N.J., full time ,2816
TG-109584,Applicant 9584,119485.0,712,Hoboken,,Unemployed,3097
TG-109585,Applicant 9585,,657,Queens,NY,Unemployed,3162
TG-109586,Applicant 9586,97231.0,816,Jersey City,ny,Unemployed,3331
TG-109587,Applicant 9587,102430.0,635,Brooklyn,NJ,Self-Employed,3682
TG-109588,Applicant 9588,23225.0,563, Newark,N.J.,Part Time,2650
TG-109589,Applicant 9589,108955.0,808, Newark,NJ,Full Time,5480
TG-109590,Applicant 9590,111298.0,738,Brooklyn,,Unemployed,2455
TG-109591,Applicant 9591,75646.0,575,Jersey City,NY,Part Time,1600
TG-109592,Applicant 9592,122570.0,999,New York,ny,Unemployed,2947
TG-109593,Applicant 9593,119094.0,777,Brooklyn,NY,Unemployed,3182
TG-109594,Applicant 9594,88094.0,520,Queens,NJ,Full Time,3175
TG-109595,Applicant 9595,71457.0,808,Queens,NJ,Part Time,4853
TG-109596,Applicant 9596,55815.0,622,New York,ny,Unemployed,4664
TG-109597,Applicant 9597,,811, Newark,ny,Self-Employed,3614
TG-109598,Applicant 9598,102093.0,668, Newark,NY,Unemployed,4382
TG-109599,Applicant 9599,75275.0,603,Brooklyn,N.J.,Part Time,3508
TG-109600,Applicant 9600,19075.0,545,New York,NY, full time ,2287
TG-109601,Applicant 9601,123061.0,694,Brooklyn,NJ,Unemployed,5074
TG-109602,Applicant 9602,90707.0,742,Brooklyn,NY,Self-Employed,3747
TG-109603,Applicant 9603,73611.0,648,New York,,Self-Employed,4360
TG-109604,Applicant 9604,110715.0,661, Newark,NY,Unemployed,2592
TG-109605,Applicant 9605,130739.0,817,Hoboken,NY,Part Time,2715
TG-109606,Applicant 9606,943.0,654,Jersey City,,Unemployed,3893
TG-109607,Applicant 9607,98028.0,574,Jersey City,NJ,Self-Employed,4103
TG-109608,Applicant 9608,42201.0,575,Jersey City,ny,Unemployed,5158
TG-109609,Applicant 9609,99973.0,595,New York,NY,Self-Employed,1420
TG-109610,Applicant 9610,88838.0,651,Brooklyn,N.J., full time ,4212
TG-109611,Applicant 9611,104072.0,561,Brooklyn,ny,Unemployed,2470
TG-109612,Applicant 9612,70023.0,629,Queens,N.J.,Full Time,5468
TG-109613,Applicant 9613,28803.0,589,Brooklyn,NY,Unemployed,5418
TG-109614,Applicant 9614,71489.0,803, Newark,N.J.,Self-Employed,2952
TG-109615,Applicant 9615,97205.0,645,Hoboken,ny,Part Time,1835
TG-109616,Applicant 9616,115462.0,815,Jersey City,N.J.,Self-Employed,4063
TG-109617,Applicant 9617,49845.0,698, Newark,N.J., full time ,3937
TG-109618,Applicant 9618,115812.0,817, Newark,ny,Part Time,3896
TG-109619,Applicant 9619,65564.0,716,Hoboken,ny,Full Time,5289
TG-109620,Applicant 9620,95873.0,780,Jersey City,ny,Full Time,2699
TG-109621,Applicant 9621,69703.0,620,New York,ny, full time ,4461
TG-109622,Applicant 9622,90465.0,580,Hoboken,, full time ,1700
TG-109623,Applicant 9623,111756.0,702, Newark,NY, full time ,2856
TG-109624,Applicant 9624,48190.0,816,Brooklyn,ny, full time ,4558
TG-109625,Applicant 9625,64603.0,528,Jersey City,NJ,Unemployed,3096
TG-109626,Applicant 9626,90549.0,725,Queens,N.J.,Self-Employed,3308
TG-109627,Applicant 9627,157048.0,573,Hoboken,ny,Unemployed,2361
TG-109628,Applicant 9628,59104.0,699, Newark,ny,Part Time,1325
TG-109629,Applicant 9629,146204.0,623,New York,NY,Full Time,4975
TG-109630,Applicant 9630,145133.0,645, Newark,ny,Full Time,5487
TG-109631,Applicant 9631,82081.0,553,Queens,,Part Time,3169
TG-109632,Applicant 9632,76055.0,684,New York,NJ,Full Time,4485
TG-109633,Applicant 9633,64238.0,817,Jersey City,NJ, full time ,3440
TG-109634,Applicant 9634,82954.0,789,Hoboken,ny, full time ,1788
TG-109635,Applicant 9635,42798.0,808,New York,NY, full time ,4294
TG-109636,Applicant 9636,82713.0,637,Queens,ny,Part Time,1942
TG-109637,Applicant 9637,129906.0,611, Newark,N.J.,Self-Employed,4427
TG-109638,Applicant 9638,66667.0,619,Queens,NJ,Part Time,2316
TG-109639,Applicant 9639,77778.0,606,Brooklyn,N.J.,Self-Employed,2025
TG-109640,Applicant 9640,33966.0,753,New York,,Full Time,2903
TG-109641,Applicant 9641,96222.0,643,Hoboken,NJ,Full Time,3856
TG-109642,Applicant 9642,92934.0,722,Hoboken,NJ,Full Time,2353
TG-109643,Applicant 9643,86911.0,551, Newark,,Self-Employed,3472
TG-109644,Applicant 9644,78495.0,558, Newark,N.J.,Full Time,5143
TG-109645,Applicant 9645,76217.0,613, Newark,ny,Part Time,3595
TG-109646,Applicant 9646,100057.0,529,Brooklyn,NY,Self-Employed,2334
TG-109647,Applicant 9647,84136.0,734,Queens,N.J., full time ,2705
TG-109648,Applicant 9648,94449.0,619, Newark,,Self-Employed,3444
TG-109649,Applicant 9649,91449.0,763,New York,,Part Time,3438
TG-109650,Applicant 9650,118703.0,577, Newark,,Part Time,4335
TG-109651,Applicant 9651,105310.0,538,Queens,NJ,Part Time,1368
TG-109652,Applicant 9652,90786.0,636,New York,ny,Full Time,1376
TG-109653,Applicant 9653,130553.0,655,New York,NJ, full time ,2368
TG-109654,Applicant 9654,97608.0,815,New York,NJ, full time ,1786
TG-109655,Applicant 9655,124149.0,532,Queens,NJ,Unemployed,1254
TG-109656,Applicant 9656,,620, Newark,,Part Time,3934
TG-109657,Applicant 9657,29742.0,674,Queens,N.J.,Full Time,4945
TG-109658,Applicant 9658,124145.0,601,Queens,NY,Self-Employed,1335
TG-109659,Applicant 9659,89055.0,607,Jersey City,NY,Full Time,1737
TG-109660,Applicant 9660,83441.0,624,Queens,ny,Part Time,3409
TG-109661,Applicant 9661,93440.0,649,Brooklyn,ny,Full Time,3407
TG-109662,Applicant 9662,74651.0,791,Jersey City,,Part Time,3765
TG-109663,Applicant 9663,91811.0,533,New York,NY,Self-Employed,2928
TG-109664,Applicant 9664,67244.0,647, Newark,N.J.,Self-Employed,1907
TG-109665,Applicant 9665,123228.0,579,Hoboken,, full time ,2440
TG-109666,Applicant 9666,81592.0,746, Newark,ny,Unemployed,2775
TG-109667,Applicant 9667,73522.0,536,Jersey City,,Full Time,4189
TG-109668,Applicant 9668,57252.0,564,Jersey City,ny,Unemployed,2384
TG-109669,Applicant 9669,93063.0,557,New York,NY,Full Time,5426
TG-109670,Applicant 9670,90613.0,643,Queens,, full time ,5360
TG-109671,Applicant 9671,96653.0,583,Queens,NJ, full time ,1768
TG-109672,Applicant 9672,54182.0,772,Jersey City,ny,Self-Employed,2642
TG-109673,Applicant 9673,36965.0,781,Queens,NJ,Self-Employed,3216
TG-109674,Applicant 9674,103768.0,631,Jersey City,ny,Self-Employed,2146
TG-109675,Applicant 9675,129539.0,621, Newark,NJ,Full Time,4032
TG-109676,Applicant 9676,54209.0,568,Hoboken,NY,Unemployed,5244
TG-109677,Applicant 9677,132683.0,796, Newark,NY,Unemployed,1251
TG-109678,Applicant 9678,93517.0,746,Hoboken,N.J.,Self-Employed,4859
TG-109679,Applicant 9679,84788.0,542,New York,N.J., full time ,3584
TG-109680,Applicant 9680,73074.0,704,Brooklyn,N.J.,Unemployed,5434
TG-109681,Applicant 9681,43464.0,583,Brooklyn,, full time ,1433
TG-109682,Applicant 9682,114632.0,676, Newark,ny,Self-Employed,2329
TG-109683,Applicant 9683,61732.0,802,Queens,,Full Time,3751
TG-109684,Applicant 9684,61606.0,668,Brooklyn,N.J.,Part Time,1815
TG-109685,Applicant 9685,114758.0,688,Hoboken,ny,Unemployed,3124
TG-109686,Applicant 9686,28510.0,652,New York,,Self-Employed,5128
TG-109687,Applicant 9687,39292.0,651,Hoboken,NY,Self-Employed,3545
TG-109688,Applicant 9688,84456.0,716,Jersey City,ny,Unemployed,3972
TG-109689,Applicant 9689,93799.0,654,Queens,N.J.,Part Time,2118
TG-109690,Applicant 9690,99542.0,554,Queens,NY,Full Time,4442
TG-109691,Applicant 9691,75946.0,739,Brooklyn,ny,Unemployed,3151
TG-109692,Applicant 9692,160911.0,704,Jersey City,,Full Time,1473
TG-109693,Applicant 9693,78163.0,524,Brooklyn,N.J.,Self-Employed,3545
TG-109694,Applicant 9694,78076.0,590,Brooklyn,,Unemployed,4273
TG-109695,Applicant 9695,61090.0,760,Brooklyn,NY,Full Time,2155
TG-109696,Applicant 9696,88717.0,999,Jersey City,NY, full time ,3536
TG-109697,Applicant 9697,103449.0,712,Brooklyn,NY, full time ,4957
TG-109698,Applicant 9698,121107.0,687,Queens,ny, full time ,5261
TG-109699,Applicant 9699,40321.0,755,Brooklyn,N.J.,Full Time,4088
TG-109700,Applicant 9700,77620.0,813,Jersey City,NY, full time ,3918
TG-109701,Applicant 9701,98401.0,817,Jersey City,,Self-Employed,1796
TG-109702,Applicant 9702,102612.0,767,Hoboken,N.J.,Full Time,3520
TG-109703,Applicant 9703,85196.0,684,Brooklyn,,Self-Employed,3439
TG-109704,Applicant 9704,101273.0,590,Jersey City,,Part Time,5044
TG-109705,Applicant 9705,60731.0,750, Newark,NY,Full Time,2035
TG-109706,Applicant 9706,131737.0,574,Brooklyn,N.J., full time ,2191
TG-109707,Applicant 9707,114779.0,701,New York,NJ, full time ,1900
TG-109708,Applicant 9708,44652.0,541,Queens,ny,Part Time,2833
TG-109709,Applicant 9709,52747.0,802,Queens,NJ,Unemployed,5069
TG-109710,Applicant 9710,53592.0,624, Newark,ny,Part Time,1277
TG-109711,Applicant 9711,105339.0,694,Brooklyn,N.J., full time ,4945
TG-109712,Applicant 9712,46458.0,813,Queens,NY, full time ,3946
TG-109713,Applicant 9713,75069.0,558,Queens,N.J.,Unemployed,4485
TG-109714,Applicant 9714,98641.0,579,New York,NJ,Part Time,3132
TG-109715,Applicant 9715,83015.0,819,Queens,,Self-Employed,4450
TG-109716,Applicant 9716,92767.0,818,Queens,ny,Part Time,3818
TG-109717,Applicant 9717,53026.0,731,Jersey City,ny,Self-Employed,3852
TG-109718,Applicant 9718,102846.0,674,Queens,NJ, full time ,3730
TG-109719,Applicant 9719,66604.0,692,Brooklyn,NY, full time ,2964
TG-109720,Applicant 9720,75261.0,542,Queens,N.J.,Part Time,1964
TG-109721,Applicant 9721,92132.0,759,Brooklyn,NJ, full time ,5312
TG-109722,Applicant 9722,88092.0,728,Queens,N.J.,Unemployed,5447
TG-109723,Applicant 9723,85719.0,641,Brooklyn,NY,Full Time,1660
TG-109724,Applicant 9724,62481.0,772,Queens,,Self-Employed,1799
TG-109725,Applicant 9725,76014.0,660, Newark,N.J., full time ,5393
TG-109726,Applicant 9726,85066.0,672,Brooklyn,NY,Self-Employed,1495
TG-109727,Applicant 9727,43747.0,733,Queens,NJ,Part Time,2622
TG-109728,Applicant 9728,71124.0,567,New York,,Unemployed,3219
TG-109729,Applicant 9729,96630.0,536,Jersey City,,Self-Employed,1864
TG-109730,Applicant 9730,46677.0,815,Jersey City,, full time ,4643
TG-109731,Applicant 9731,119697.0,588,Jersey City,ny,Full Time,3621
TG-109732,Applicant 9732,123088.0,604,Jersey City,NY,Unemployed,4878
TG-109733,Applicant 9733,47645.0,801,New York,N.J.,Part Time,1758
TG-109734,Applicant 9734,125729.0,727, Newark,NJ, full time ,3732
TG-109735,Applicant 9735,80693.0,559, Newark,,Unemployed,2307
TG-109736,Applicant 9736,97555.0,615,New York,, full time ,4567
TG-109737,Applicant 9737,70100.0,769,Queens,,Part Time,1305
TG-109738,Applicant 9738,112691.0,999,New York,NY,Part Time,4878
TG-109739,Applicant 9739,97183.0,999,Jersey City,NJ,Full Time,2906
TG-109740,Applicant 9740,60575.0,792, Newark,NY,Unemployed,1990
TG-109741,Applicant 9741,50044.0,688,Hoboken,NJ,Full Time,2011
TG-109742,Applicant 9742,41191.0,717,Queens,N.J.,Full Time,1369
TG-109743,Applicant 9743,90638.0,625,Brooklyn,ny,Full Time,3132
TG-109744,Applicant 9744,102174.0,620, Newark,NJ,Self-Employed,2951
TG-109745,Applicant 9745,104529.0,754,Jersey City,NY,Part Time,1648
TG-109746,Applicant 9746,81461.0,799, Newark,NY,Full Time,3879
TG-109747,Applicant 9747,50290.0,625,Jersey City,NY,Self-Employed,2324
TG-109748,Applicant 9748,64538.0,554,Jersey City,ny,Self-Employed,2592
TG-109749,Applicant 9749,,676, Newark,NJ,Self-Employed,3018
TG-109750,Applicant 9750,70461.0,792, Newark,NJ,Full Time,2883
TG-109751,Applicant 9751,89303.0,759, Newark,NJ,Self-Employed,4801
TG-109752,Applicant 9752,52730.0,726,New York,NJ,Full Time,3055
TG-109753,Applicant 9753,95097.0,764, Newark,,Unemployed,2488
TG-109754,Applicant 9754,71269.0,612,Brooklyn,,Part Time,3449
TG-109755,Applicant 9755,116401.0,628,Queens,NY, full time ,2341
TG-109756,Applicant 9756,108207.0,633,Jersey City,,Full Time,2248
TG-109757,Applicant 9757,70129.0,543, Newark,NJ,Part Time,3616
TG-109758,Applicant 9758,81200.0,812,Brooklyn,NJ,Full Time,3521
TG-109759,Applicant 9759,68467.0,771,Hoboken,,Unemployed,3591
TG-109760,Applicant 9760,42417.0,786, Newark,N.J.,Part Time,4592
TG-109761,Applicant 9761,59277.0,728,New York,NY,Part Time,5402
TG-109762,Applicant 9762,90947.0,574,Jersey City,ny,Self-Employed,2121
TG-109763,Applicant 9763,94758.0,546,Brooklyn,NY,Full Time,1909
TG-109764,Applicant 9764,89456.0,521, Newark,NY,Full Time,1646
TG-109765,Applicant 9765,75948.0,587,Brooklyn,NY, full time ,3709
TG-109766,Applicant 9766,112992.0,667,Jersey City,,Self-Employed,4487
TG-109767,Applicant 9767,86906.0,649,Brooklyn,NY,Self-Employed,4053
TG-109768,Applicant 9768,106098.0,602,Brooklyn,NJ, full time ,2272
TG-109769,Applicant 9769,31787.0,561, Newark,NY,Self-Employed,4888
TG-109770,Applicant 9770,-32672.0,675, Newark,NJ,Self-Employed,4328
TG-109771,Applicant 9771,93514.0,676,Queens,,Unemployed,4797
TG-109772,Applicant 9772,42257.0,626,New York,,Part Time,5318
TG-109773,Applicant 9773,78626.0,803,Queens,NY, full time ,2267
TG-109774,Applicant 9774,75937.0,707,New York,NJ,Unemployed,1636
TG-109775,Applicant 9775,132622.0,624,New York,NJ,Unemployed,2292
TG-109776,Applicant 9776,97000.0,631,Queens,NJ,Unemployed,1793
TG-109777,Applicant 9777,89976.0,652,Jersey City,NJ,Self-Employed,3760
TG-109778,Applicant 9778,110110.0,790,Brooklyn,ny, full time ,1476
TG-109779,Applicant 9779,96055.0,629,Hoboken,,Self-Employed,1282
TG-109780,Applicant 9780,71270.0,592,Queens,NJ,Self-Employed,4583
TG-109781,Applicant 9781,117144.0,812,Queens,ny,Unemployed,1667
TG-109782,Applicant 9782,51707.0,662,Jersey City,ny,Full Time,2197
TG-109783,Applicant 9783,94697.0,779,Brooklyn,, full time ,3579
TG-109784,Applicant 9784,38573.0,764, Newark,N.J., full time ,2492
TG-109785,Applicant 9785,91118.0,674,Queens,NY,Unemployed,5295
TG-109786,Applicant 9786,90790.0,668,Hoboken,,Unemployed,2567
TG-109787,Applicant 9787,135294.0,579,Brooklyn,N.J.,Part Time,5134
TG-109788,Applicant 9788,38051.0,605,Queens,NY,Unemployed,1293
TG-109789,Applicant 9789,66973.0,711, Newark,NY,Self-Employed,2122
TG-109790,Applicant 9790,109680.0,701,Queens,NY,Unemployed,4341
TG-109791,Applicant 9791,95060.0,806, Newark,ny, full time ,3109
TG-109792,Applicant 9792,90409.0,792,New York,NJ,Full Time,4654
TG-109793,Applicant 9793,56316.0,774,New York,NY,Full Time,3829
TG-109794,Applicant 9794,67275.0,526,Queens,NJ,Self-Employed,3079
TG-109795,Applicant 9795,122351.0,645,Jersey City,NY,Full Time,3004
TG-109796,Applicant 9796,83455.0,602,New York,ny,Unemployed,2358
TG-109797,Applicant 9797,96261.0,547,Queens,NY,Full Time,4420
TG-109798,Applicant 9798,81544.0,785, Newark,,Unemployed,1557
TG-109799,Applicant 9799,49507.0,802,Brooklyn,N.J.,Part Time,1341
TG-109800,Applicant 9800,113014.0,770, Newark,NY, full time ,2994
TG-109801,Applicant 9801,100097.0,707,Hoboken,N.J.,Self-Employed,4078
TG-109802,Applicant 9802,154169.0,818,New York,N.J.,Part Time,3418
TG-109803,Applicant 9803,54533.0,588,Queens,ny,Full Time,3259
,Applicant 9804,109677.0,618,New York,N.J.,Self-Employed,2278
TG-109805,Applicant 9805,45654.0,712, Newark,ny,Unemployed,1701
TG-109806,Applicant 9806,89720.0,746, Newark,NY,Part Time,2085
TG-109807,Applicant 9807,114295.0,701,Brooklyn,NJ, full time ,4139
TG-109808,Applicant 9808,22836.0,612,Jersey City,ny, full time ,1802
TG-109809,Applicant 9809,78852.0,662,Queens,N.J.,Part Time,3164
TG-109810,Applicant 9810,68104.0,722,Brooklyn,N.J.,Part Time,5094
TG-109811,Applicant 9811,63941.0,651,Hoboken,NY,Part Time,3744
TG-109812,Applicant 9812,96556.0,786,Queens,ny,Full Time,2924
TG-109813,Applicant 9813,118621.0,653,Hoboken,NY, full time ,1371
TG-109814,Applicant 9814,81002.0,698,Jersey City,ny, full time ,2501
TG-109815,Applicant 9815,91165.0,705,Queens,NJ,Full Time,1283
TG-109816,Applicant 9816,88429.0,537,Queens,,Self-Employed,2371
TG-109817,Applicant 9817,85054.0,616,Brooklyn,NY, full time ,2143
TG-109818,Applicant 9818,52320.0,553,New York,N.J.,Self-Employed,2986
TG-109819,Applicant 9819,118253.0,819,Queens,NY,Self-Employed,5393
TG-109820,Applicant 9820,93856.0,706,Jersey City,ny,Self-Employed,2006
TG-109821,Applicant 9821,96846.0,630,Queens,NY, full time ,1510
TG-109822,Applicant 9822,60805.0,766,Queens,NJ,Unemployed,2960
TG-109823,Applicant 9823,71223.0,590,Queens,ny,Self-Employed,3430
TG-109824,Applicant 9824,79716.0,731,Queens,N.J.,Unemployed,3182
TG-109825,Applicant 9825,38976.0,627,Jersey City,N.J.,Full Time,2556
TG-109826,Applicant 9826,34359.0,696,Brooklyn,ny,Unemployed,5186
TG-109827,Applicant 9827,66978.0,747,New York,NJ,Unemployed,5097
TG-109828,Applicant 9828,100676.0,538,Jersey City,NY,Part Time,1556
TG-109829,Applicant 9829,65406.0,767,Jersey City,,Self-Employed,4362
TG-109830,Applicant 9830,54436.0,728,Hoboken,N.J., full time ,2398
TG-109831,Applicant 9831,60559.0,735,New York,NJ,Part Time,3901
TG-109832,Applicant 9832,,720,Brooklyn,NJ,Unemployed,3511
TG-109833,Applicant 9833,74384.0,776, Newark,NJ,Full Time,3976
TG-109834,Applicant 9834,149966.0,625,Brooklyn,NY, full time ,1726
TG-109835,Applicant 9835,116639.0,790, Newark,NJ,Full Time,4444
TG-109836,Applicant 9836,115743.0,790,Hoboken,NJ,Unemployed,4530
TG-109837,Applicant 9837,120057.0,640,Hoboken,ny,Full Time,1564
TG-109838,Applicant 9838,55035.0,764,Jersey City,ny,Part Time,5304
TG-109839,Applicant 9839,48329.0,585,Brooklyn,NJ,Full Time,4531
TG-109840,Applicant 9840,51794.0,747, Newark,NJ,Part Time,1312
TG-109841,Applicant 9841,125035.0,656,Brooklyn,ny,Self-Employed,4990
TG-109842,Applicant 9842,68584.0,713, Newark,NY, full time ,3722
,Applicant 9843,47459.0,999,Brooklyn,ny,Full Time,2047
TG-109844,Applicant 9844,72070.0,665,Jersey City,ny,Part Time,5007
TG-109845,Applicant 9845,77842.0,664, Newark,ny,Unemployed,3729
TG-109846,Applicant 9846,93052.0,591,Brooklyn,ny,Unemployed,2869
TG-109847,Applicant 9847,92529.0,711,Queens,,Part Time,4866
TG-109848,Applicant 9848,,563,Hoboken,N.J., full time ,1780
TG-109849,Applicant 9849,105570.0,676,Hoboken,NY,Self-Employed,1575
TG-109850,Applicant 9850,65824.0,535, Newark,NY,Self-Employed,4177
TG-109851,Applicant 9851,80312.0,597,Hoboken,NJ, full time ,5254
TG-109852,Applicant 9852,105603.0,571,Hoboken,,Full Time,3813
TG-109853,Applicant 9853,65745.0,521,Queens,NJ,Part Time,2071
TG-109854,Applicant 9854,67919.0,751,New York,NY,Self-Employed,1684
TG-109855,Applicant 9855,102750.0,580,Brooklyn,NY, full time ,4688
TG-109856,Applicant 9856,59268.0,651, Newark,NJ,Self-Employed,4960
TG-109857,Applicant 9857,73456.0,571,Hoboken,N.J.,Self-Employed,2910
TG-109858,Applicant 9858,101672.0,816,Brooklyn,NJ,Full Time,2360
TG-109859,Applicant 9859,146623.0,699,Brooklyn,N.J.,Self-Employed,2581
TG-109860,Applicant 9860,103162.0,550,Queens,N.J.,Part Time,1430
TG-109861,Applicant 9861,99179.0,674,Brooklyn,ny, full time ,4386
TG-109862,Applicant 9862,100924.0,640,Hoboken,NY,Full Time,5102
TG-109863,Applicant 9863,52804.0,570, Newark,ny,Full Time,3762
TG-109864,Applicant 9864,88468.0,614,Brooklyn,NY, full time ,3231
TG-109865,Applicant 9865,84107.0,695,Queens,ny,Part Time,1311
TG-109866,Applicant 9866,94648.0,530, Newark,N.J.,Self-Employed,4417
TG-109867,Applicant 9867,88495.0,531, Newark,ny,Self-Employed,2572
TG-109868,Applicant 9868,96391.0,564, Newark,,Part Time,2431
TG-109869,Applicant 9869,75656.0,809,Hoboken,ny,Unemployed,1203
TG-109870,Applicant 9870,86758.0,724,Queens,ny, full time ,4349
TG-109871,Applicant 9871,48165.0,738,Jersey City,ny,Part Time,2962
TG-109872,Applicant 9872,75403.0,775,New York,,Self-Employed,2920
TG-109873,Applicant 9873,126725.0,767,Brooklyn,NY, full time ,3296
TG-109874,Applicant 9874,94564.0,999,Brooklyn,ny, full time ,2332
TG-109875,Applicant 9875,84372.0,560,Brooklyn,NY,Self-Employed,2916
TG-109876,Applicant 9876,141884.0,797,Jersey City,NJ,Part Time,4643
TG-109877,Applicant 9877,44175.0,796, Newark,N.J.,Unemployed,1721
TG-109878,Applicant 9878,51716.0,714, Newark,NJ, full time ,4172
TG-109879,Applicant 9879,136381.0,590,New York,, full time ,3623
TG-109880,Applicant 9880,86379.0,789,Queens,, full time ,1834
TG-109881,Applicant 9881,77723.0,592,Jersey City,NY,Part Time,1848
TG-109882,Applicant 9882,49024.0,718,Jersey City,NY, full time ,4361
TG-109883,Applicant 9883,98431.0,595,Hoboken,ny,Self-Employed,2372
TG-109884,Applicant 9884,101334.0,794, Newark,NJ,Self-Employed,1566
TG-109885,Applicant 9885,52165.0,802,Jersey City,NY,Full Time,4983
TG-109886,Applicant 9886,80792.0,665,Jersey City,NY, full time ,4084
TG-109887,Applicant 9887,74935.0,532,Brooklyn,NY,Unemployed,5188
TG-109888,Applicant 9888,92679.0,648, Newark,N.J.,Full Time,3716
TG-109889,Applicant 9889,51422.0,749,Hoboken,NY, full time ,1824
TG-109890,Applicant 9890,122558.0,604,Queens,N.J., full time ,4617
TG-109891,Applicant 9891,112475.0,681,New York,,Part Time,3003
TG-109892,Applicant 9892,74105.0,570,Queens,ny,Part Time,2434
TG-109893,Applicant 9893,78507.0,734,Hoboken,NJ,Self-Employed,2306
TG-109894,Applicant 9894,80907.0,520,Brooklyn,NY,Full Time,1961
TG-109895,Applicant 9895,61651.0,642,New York,N.J.,Full Time,1548
TG-109896,Applicant 9896,71697.0,807,Queens,NY,Full Time,2095
TG-109897,Applicant 9897,76892.0,719, Newark,NY,Self-Employed,3151
TG-109898,Applicant 9898 ,133386.0,702, Newark,N.J.,Unemployed,1530
TG-109899,Applicant 9899,113399.0,735,New York,NY,Unemployed,4747
TG-109900,Applicant 9900,113040.0,759,New York,NJ,Unemployed,4751
TG-109901,Applicant 9901,96098.0,587,New York,,Full Time,4343
TG-109902,Applicant 9902,51480.0,601,Jersey City,ny, full time ,2122
TG-109903,Applicant 9903,83755.0,661,Hoboken,NY,Full Time,2718
TG-109904,Applicant 9904,114115.0,560, Newark,N.J., full time ,4650
TG-109905,Applicant 9905,47252.0,758, Newark,NJ,Part Time,4538
TG-109906,Applicant 9906,104097.0,522,Hoboken,NY,Self-Employed,3486
TG-109907,Applicant 9907,154678.0,613,Brooklyn,,Unemployed,1204
TG-109908,Applicant 9908,116854.0,578, Newark,,Full Time,1246
TG-109909,Applicant 9909,127421.0,747,Queens,N.J.,Full Time,4638
TG-109910,Applicant 9910,91550.0,537,Brooklyn,NY,Part Time,2249
TG-109911,Applicant 9911,114038.0,758,Queens,NY, full time ,1498
TG-109912,Applicant 9912,63464.0,593,New York,NY,Unemployed,1260
TG-109913,Applicant 9913,108876.0,688, Newark,,Self-Employed,4693
TG-109914,Applicant 9914,104632.0,783,Queens,NY, full time ,3631
TG-109915,Applicant 9915,93697.0,679,Queens,NY, full time ,4687
TG-109916,Applicant 9916,124480.0,688,New York,NY,Unemployed,5229
TG-109917,Applicant 9917,68836.0,725,Brooklyn,NY,Self-Employed,3024
TG-109918,Applicant 9918,79388.0,528,Queens,N.J.,Unemployed,1955
TG-109919,Applicant 9919,87864.0,634, Newark,,Unemployed,1775
TG-109920,Applicant 9920,54112.0,671,Brooklyn,ny,Full Time,3424
TG-109921,Applicant 9921,91808.0,606,Brooklyn,N.J.,Self-Employed,5388
TG-109922,Applicant 9922,33432.0,614,Hoboken,NY, full time ,2750
TG-109923,Applicant 9923,116409.0,750, Newark,ny,Unemployed,1733
TG-109924,Applicant 9924,86399.0,705, Newark,NJ,Part Time,3191
TG-109925,Applicant 9925,69373.0,633,New York,ny,Self-Employed,2063
TG-109926,Applicant 9926,59969.0,793,New York,N.J.,Part Time,2254
TG-109927,Applicant 9927,77963.0,548,Jersey City,, full time ,4226
TG-109928,Applicant 9928,105648.0,722, Newark,N.J.,Self-Employed,3599
TG-109929,Applicant 9929,101432.0,521,Brooklyn,,Full Time,4483
TG-109930,Applicant 9930 ,63834.0,597,Jersey City,,Self-Employed,2408
TG-109931,Applicant 9931,59619.0,750, Newark,, full time ,2810
TG-109932,Applicant 9932,104707.0,617,New York,NJ,Full Time,4442
TG-109933,Applicant 9933,63330.0,636,New York,ny, full time ,2297
TG-109934,Applicant 9934,86797.0,629, Newark,N.J.,Self-Employed,1452
TG-109935,Applicant 9935,88713.0,686,Jersey City,N.J., full time ,4152
TG-109936,Applicant 9936,94362.0,816,New York,,Self-Employed,4569
TG-109937,Applicant 9937,110748.0,606,New York,NJ,Full Time,4345
TG-109938,Applicant 9938,47111.0,541,Hoboken,NJ,Self-Employed,1633
TG-109939,Applicant 9939,27665.0,729,Queens,NY, full time ,3156
TG-109940,Applicant 9940,67977.0,791, Newark,NJ, full time ,3988
TG-109941,Applicant 9941,139046.0,797,Hoboken,, full time ,2422
TG-109942,Applicant 9942,145665.0,658,Queens,,Part Time,3971
TG-109943,Applicant 9943,139935.0,751, Newark,ny,Part Time,1283
TG-109944,Applicant 9944,79211.0,752,Hoboken,,Part Time,1911
TG-109945,Applicant 9945,31537.0,599,Hoboken,ny,Unemployed,4245
TG-109946,Applicant 9946,14709.0,574, Newark,NJ,Self-Employed,1416
TG-109947,Applicant 9947,66579.0,810,Brooklyn,NY,Part Time,5215
TG-109948,Applicant 9948,79058.0,553,Jersey City,N.J., full time ,3758
TG-109949,Applicant 9949,124019.0,771, Newark,, full time ,3505
TG-109950,Applicant 9950,111034.0,644,Hoboken,NJ,Part Time,3476
TG-109951,Applicant 9951,91822.0,530,Brooklyn,,Part Time,3865
TG-109952,Applicant 9952,58305.0,641,Hoboken,ny, full time ,1704
TG-109953,Applicant 9953,56177.0,554,Jersey City,NJ,Part Time,4974
TG-109954,Applicant 9954,92624.0,588,Brooklyn,N.J.,Unemployed,5035
TG-109955,Applicant 9955,105912.0,658, Newark,ny,Unemployed,2947
TG-109956,Applicant 9956,96756.0,531,Queens,NJ,Unemployed,2984
TG-109957,Applicant 9957,53962.0,644,Jersey City,N.J.,Full Time,2808
TG-109958,Applicant 9958 ,104520.0,818,New York,ny,Unemployed,3420
TG-109959,Applicant 9959,97777.0,666, Newark,N.J., full time ,2140
TG-109960,Applicant 9960,52880.0,596, Newark,NJ,Full Time,5457
TG-109961,Applicant 9961,61470.0,587, Newark,ny, full time ,3112
TG-109962,Applicant 9962,105655.0,725,Brooklyn,NY, full time ,2971
TG-109963,Applicant 9963,77965.0,755,New York,,Part Time,5315
TG-109964,Applicant 9964,132674.0,578,Brooklyn,NY,Self-Employed,1601
TG-109965,Applicant 9965,100034.0,777,Queens,N.J.,Unemployed,4644
TG-109966,Applicant 9966,70401.0,773,Brooklyn,NJ,Self-Employed,3555
TG-109967,Applicant 9967,84694.0,762, Newark,,Self-Employed,2760
TG-109968,Applicant 9968,86902.0,796,Hoboken,NJ,Part Time,2713
TG-109969,Applicant 9969,63148.0,739,New York,N.J.,Self-Employed,4547
TG-109970,Applicant 9970,57622.0,744,New York,NJ,Unemployed,2549
TG-109971,Applicant 9971,106042.0,620,Brooklyn,ny,Full Time,4287
TG-109972,Applicant 9972,110358.0,641,Hoboken,ny, full time ,3430
TG-109973,Applicant 9973,103113.0,737,Hoboken,N.J.,Unemployed,2991
TG-109974,Applicant 9974,130460.0,594,Brooklyn,NJ,Part Time,5117
TG-109975,Applicant 9975,68747.0,756,Jersey City,N.J.,Full Time,5319
TG-109976,Applicant 9976,135228.0,759,Queens,,Part Time,3483
TG-109977,Applicant 9977,57972.0,684,Brooklyn,NJ,Unemployed,4097
TG-109978,Applicant 9978,54619.0,676, Newark,ny, full time ,3000
TG-109979,Applicant 9979,32201.0,730,Hoboken,NY,Self-Employed,3750
TG-109980,Applicant 9980,71626.0,796,Queens,ny,Self-Employed,5244
TG-109981,Applicant 9981,69888.0,735,Brooklyn,NJ,Part Time,4586
TG-109982,Applicant 9982,100778.0,737,Queens,NJ,Full Time,2332
TG-109983,Applicant 9983,92317.0,752,Jersey City,NJ, full time ,4546
,Applicant 9984,49211.0,531,Hoboken,NJ,Part Time,2541
TG-109985,Applicant 9985,73218.0,602,Jersey City,, full time ,4014
TG-109986,Applicant 9986,73856.0,632,Jersey City,NY,Part Time,4516
TG-109987,Applicant 9987,31721.0,790,Hoboken,ny,Full Time,1621
TG-109988,Applicant 9988,55572.0,714, Newark,,Unemployed,1330
TG-109989,Applicant 9989,61876.0,660,Jersey City,N.J.,Self-Employed,2808
TG-109990,Applicant 9990,128009.0,643,Brooklyn,NJ, full time ,1396
TG-109991,Applicant 9991,90744.0,660,Brooklyn,ny, full time ,2835
TG-109992,Applicant 9992,104865.0,727,Queens,N.J.,Full Time,3943
TG-109993,Applicant 9993,40041.0,634,Brooklyn,NY, full time ,2594
TG-109994,Applicant 9994,120826.0,725,Brooklyn,ny,Unemployed,2318
TG-109995,Applicant 9995,124033.0,807,Queens,,Unemployed,3636
TG-109996,Applicant 9996,25050.0,668,New York,N.J.,Full Time,3035
TG-109997,Applicant 9997,63840.0,729,Hoboken,ny,Part Time,3762
TG-109998,Applicant 9998,99873.0,631,Brooklyn,,Part Time,1246
TG-109999,Applicant 9999,104332.0,661,Queens,NJ, full time ,2251
TG-110000,Applicant 10000,64645.0,543,Jersey City,ny, full time ,1886
TG-110001,Applicant 10001,75835.0,568,Jersey City,NJ,Full Time,2810
TG-110002,Applicant 10002,67079.0,807, Newark,N.J.,Unemployed,4109
TG-110003,Applicant 10003,88313.0,530,Brooklyn,N.J.,Full Time,1957
TG-110004,Applicant 10004,120915.0,707,Hoboken,N.J.,Part Time,1253
TG-110005,Applicant 10005,61869.0,587,Queens,NJ,Unemployed,3330
TG-110006,Applicant 10006,115025.0,609, Newark,NJ, full time ,3135
TG-110007,Applicant 10007,61550.0,629, Newark,,Part Time,3088
TG-110008,Applicant 10008,59571.0,683,Queens,ny,Self-Employed,4838
TG-110009,Applicant 10009,109558.0,725,Queens,,Part Time,3533
TG-110010,Applicant 10010,112658.0,551,Queens,NJ,Unemployed,3221
TG-110011,Applicant 10011,110542.0,593,Queens,ny,Unemployed,2803
TG-110012,Applicant 10012,45526.0,770,Hoboken,N.J.,Full Time,1643
TG-110013,Applicant 10013,71021.0,540,Queens,,Unemployed,4881
TG-110014,Applicant 10014,109690.0,815,Hoboken,,Self-Employed,2752
,Applicant 10015,86246.0,817,Hoboken,,Self-Employed,2107
TG-110016,Applicant 10016,52789.0,592,Hoboken,NJ,Unemployed,4651
TG-110017,Applicant 10017,98750.0,560,Jersey City,ny, full time ,2255
TG-110018,Applicant 10018,63556.0,613,New York,N.J.,Unemployed,3340
TG-110019,Applicant 10019,138836.0,651, Newark,NJ, full time ,4049
TG-110020,Applicant 10020,131345.0,618,Brooklyn,N.J.,Unemployed,1794
TG-110021,Applicant 10021,,572,Jersey City,NY,Part Time,2739
TG-110022,Applicant 10022,125830.0,748,New York,NY,Unemployed,1353
TG-110023,Applicant 10023,86944.0,647, Newark,N.J.,Part Time,2817
TG-110024,Applicant 10024,107963.0,731,Jersey City,NY, full time ,1617
TG-110025,Applicant 10025,129332.0,804, Newark,ny,Unemployed,3406
TG-110026,Applicant 10026,92365.0,798,Hoboken,ny, full time ,5063
TG-110027,Applicant 10027,,678,Hoboken,NJ,Self-Employed,5232
TG-110028,Applicant 10028,33861.0,752,Queens,N.J.,Full Time,4625
TG-110029,Applicant 10029,82506.0,590,Hoboken,NJ, full time ,2205
TG-110030,Applicant 10030,109703.0,724,Jersey City,ny,Part Time,2231
TG-110031,Applicant 10031,113369.0,708, Newark,ny,Full Time,2217
TG-110032,Applicant 10032,100131.0,670,Brooklyn,ny,Unemployed,4179
TG-110033,Applicant 10033,68761.0,527, Newark,,Part Time,4876
TG-110034,Applicant 10034,25695.0,619,Hoboken,NY,Full Time,1639
TG-110035,Applicant 10035,70144.0,535, Newark,NJ,Full Time,3037
,Applicant 10036,75870.0,673,New York,NJ, full time ,4409
TG-110037,Applicant 10037,75612.0,676, Newark,ny,Unemployed,2094
TG-110038,Applicant 10038,103557.0,612,Jersey City,,Unemployed,1850
TG-110039,Applicant 10039,144570.0,781,New York,NJ,Unemployed,3767
TG-110040,Applicant 10040,88706.0,556,Queens,NJ, full time ,2291
TG-110041,Applicant 10041,78498.0,680,Queens,, full time ,3236
TG-110042,Applicant 10042,,693, Newark,ny,Unemployed,5441
TG-110043,Applicant 10043,88732.0,537,Brooklyn,,Full Time,3715
TG-110044,Applicant 10044,60151.0,535,Jersey City,NY,Unemployed,3762
TG-110045,Applicant 10045,88606.0,789,Brooklyn,NJ, full time ,2622
TG-110046,Applicant 10046,98524.0,587,New York,NY,Unemployed,5415
TG-110047,Applicant 10047,91291.0,549,Brooklyn,NJ, full time ,4983
TG-110048,Applicant 10048,98726.0,744,New York,NY,Unemployed,3997
TG-110049,Applicant 10049,98012.0,683,Brooklyn,NJ,Full Time,1254
TG-109720,Applicant 9720,75261.0,542,Queens,N.J.,Part Time,1964
TG-107869,Applicant 7869,106752.0,724, Newark,NJ,Self-Employed,2974
TG-107578,Applicant 7578,68142.0,812,Hoboken,NJ,Full Time,2903
TG-107065,Applicant 7065,56825.0,694, Newark,ny, full time ,3272
TG-104211,Applicant 4211,68859.0,568,Jersey City,N.J.,Self-Employed,1544
TG-105083,Applicant 5083,52922.0,716,Queens,NJ,Part Time,4586
TG-101958,Applicant 1958,116682.0,816,Jersey City,NJ, full time ,4230
TG-101540,Applicant 1540,84175.0,652,Brooklyn,NJ,Self-Employed,3785
TG-104825,Applicant 4825,92237.0,728,New York,,Full Time,4043
TG-105390,Applicant 5390,64018.0,697, Newark,NY, full time ,5379
TG-103057,Applicant 3057,91132.0,537,Jersey City,N.J.,Self-Employed,4378
TG-100408,Applicant 408,88609.0,690,New York,,Full Time,5436
TG-101125,Applicant 1125,50610.0,600,New York,NJ,Part Time,4216
TG-104148,Applicant 4148,69557.0,806,Queens,,Self-Employed,3187
TG-110003,Applicant 10003,88313.0,530,Brooklyn,N.J.,Full Time,1957
TG-106928,Applicant 6928 ,82982.0,805,Hoboken,, full time ,2479
TG-102963,Applicant 2963,53303.0,686,Jersey City,ny, full time ,3774
TG-109243,Applicant 9243,51798.0,554,Brooklyn,, full time ,4367
TG-100260,Applicant 260,57192.0,755,Jersey City,ny,Unemployed,3276
TG-104774,Applicant 4774,15391.0,792,Brooklyn,ny,Full Time,3957
TG-104497,Applicant 4497,117305.0,563,New York,,Self-Employed,5013
TG-105720,Applicant 5720,71984.0,598,Queens,NY,Part Time,3764
TG-103851,Applicant 3851,99810.0,768,New York,,Full Time,5191
TG-102028,Applicant 2028,91290.0,754,Jersey City,ny,Self-Employed,4669
TG-105318,Applicant 5318,79189.0,532,New York,ny,Full Time,4048
TG-100130,Applicant 130,38480.0,725,Queens,NJ,Self-Employed,1508
TG-104525,Applicant 4525,119329.0,738,Queens,N.J.,Self-Employed,4787
TG-101141,Applicant 1141,126271.0,632,Brooklyn,NY,Part Time,2470
TG-106105,Applicant 6105,116886.0,999, Newark,N.J., full time ,3385
TG-108483,Applicant 8483,45255.0,555,New York,N.J., full time ,5346
TG-102438,Applicant 2438,71897.0,654,Queens,NJ, full time ,3754
TG-101545,Applicant 1545,99063.0,580,Jersey City,NY,Self-Employed,4704
TG-102168,Applicant 2168,77979.0,741,Hoboken,NJ,Self-Employed,5110
TG-109110,Applicant 9110,140443.0,520,New York,,Full Time,1451
TG-100574,Applicant 574,109882.0,609,Queens,NY,Part Time,5230
TG-107466,Applicant 7466,75309.0,819,Hoboken,NY,Unemployed,1376
TG-101820,Applicant 1820,81062.0,664, Newark,NY, full time ,4353
TG-106886,Applicant 6886,40712.0,739,Brooklyn,NY,Unemployed,2344
TG-105795,Applicant 5795,81814.0,681,New York,,Unemployed,2697
TG-104512,Applicant 4512,67327.0,772,Queens,NJ,Unemployed,5281
