Policy_ID,Applicant_ID,Coverage_Amount,Decision,Property_Type,Application_Date
POL-200000,TG-108384,,Pending,Condo,2024-10-16
POL-200001,TG-104565,6974.0, approved ,Condo,2023-04-25
POL-200002,TG-108684,22309.0, approved ,Apartment,2023-01-26
POL-200003,TG-105196,12177.0,Denied,Apartment,2025-01-29
POL-200004,TG-105881,12377.0,Pending,Townhouse,2023-10-09
POL-200005,TG-102226,22535.0,Denied,Apartment,2023-09-08
POL-200006,TG-106790,18465.0,Denied,Townhouse,2023-08-17
POL-200007,TG-100786,14552.0,Denied,Apartment,2023-05-23
POL-200008,TG-108557,7344.0,Denied,Townhouse,2025-01-24
POL-200009,TG-105396,13252.0,Pending,Townhouse,2023-04-15
POL-200010,TG-107921,20224.0,Denied,Condo,2024-11-23
POL-200011,TG-103883,20032.0,Denied, apartment ,2025-01-28
POL-200012,TG-106335,7075.0,Denied, apartment ,2024-07-12
POL-200013,TG-106035,7451.0, approved ,Condo,2023-03-31
POL-200014,TG-101155,11181.0, approved , apartment ,2024-08-27
POL-200015,TG-107129,18196.0, approved ,Condo,2024-03-08
POL-200016,TG-104414,21991.0, approved ,Townhouse,2023-02-02
POL-200017,TG-108061,15127.0,Denied, apartment ,2023-01-31
POL-200018,TG-104005,10715.0, approved ,Condo,2023-04-06
POL-200019,TG-102300,7570.0,Approved, apartment ,2023-08-12
POL-200020,TG-108017,7968.0,Pending,Condo,2023-08-27
POL-200021,TG-109217,22516.0,Denied, apartment ,2024-06-01
POL-200022,TG-102424,23467.0,Denied,Townhouse,2024-09-08
POL-200023,TG-105324,5237.0,Denied,Condo,2023-01-28
POL-200024,TG-101996,14900.0,Pending,Condo,2024-07-28
POL-200025,TG-108992,,Pending,Apartment,2023-07-23
POL-200026,TG-103246,13866.0,Approved, apartment ,2025-01-03
POL-200027,TG-103335,5641.0, approved ,Apartment,2024-10-27
POL-200028,TG-109576,22841.0,Approved,Apartment,2024-12-19
POL-200029,TG-100815,13730.0,Denied,Condo,2024-07-12
POL-200030,TG-104079,10041.0,Denied,Townhouse,2024-03-05
POL-200031,TG-106795,7595.0, approved ,Condo,2023-08-14
POL-200032,TG-100674,, approved ,Condo,2024-04-04
POL-200033,TG-100543,22283.0, approved ,Condo,2024-08-26
POL-200034,TG-104779,6729.0,Denied, apartment ,2023-10-12
POL-200035,,9808.0,Denied,Townhouse,2025-04-08
POL-200036,TG-107344,10185.0,Denied,Apartment,2025-06-09
POL-200037,TG-106375,13375.0, approved , apartment ,2023-01-07
POL-200038,TG-101470,10629.0,Denied,Townhouse,2025-02-16
POL-200039,TG-103576,5265.0,Denied,Apartment,2025-04-05
POL-200040,TG-109038,23855.0, approved ,Townhouse,2023-06-13
POL-200041,TG-109221,24768.0,Approved,Condo,2024-12-15
POL-200042,TG-104363,7908.0, approved ,Townhouse,2024-03-08
POL-200043,TG-104641,20122.0,Denied,Condo,2023-12-15
POL-200044,TG-103618,11127.0,Approved, apartment ,2023-10-12
POL-200045,TG-109926,20596.0, approved ,Condo,2023-06-09
POL-200046,TG-107527,23071.0, approved , apartment ,2023-08-09
POL-200047,TG-101482,5479.0,Pending, apartment ,2025-02-20
POL-200048,TG-105472,10930.0,Denied,Townhouse,2023-12-11
POL-200049,TG-103820,20948.0,Denied,Townhouse,2023-04-15
POL-200050,TG-106010,23540.0,Pending, apartment ,2023-04-05
POL-200051,TG-105590,24332.0,Pending,Townhouse,2024-01-25
POL-200052,TG-105148,12014.0,Pending,Condo,2023-04-10
POL-200053,TG-101274,22064.0,Pending, apartment ,2024-01-03
POL-200054,TG-108370,19157.0,Pending,Condo,2025-05-17
POL-200055,TG-109478,24405.0,Approved, apartment ,2023-12-19
POL-200056,TG-106161,20534.0,Pending, apartment ,2024-09-10
POL-200057,TG-101747,9700.0, approved ,Condo,2023-09-28
POL-200058,TG-104958,9292.0,Pending,Apartment,2025-04-06
POL-200059,TG-102835,24295.0,Denied,Apartment,2023-02-14
POL-200060,TG-101470,5154.0, approved ,Condo,2025-01-17
POL-200061,TG-108917,11752.0, approved , apartment ,2024-04-15
POL-200062,TG-107993,20055.0, approved , apartment ,2024-07-03
POL-200063,TG-101838,20814.0,Approved, apartment ,2023-05-08
POL-200064,TG-100437,14329.0,Approved,Condo,2024-01-23
POL-200065,TG-106824,24962.0,Pending,Condo,2023-03-22
POL-200066,TG-107180,10078.0, approved ,Condo,2024-07-19
POL-200067,TG-109482,20336.0,Approved,Townhouse,2023-10-28
POL-200068,TG-110010,17495.0, approved ,Apartment,2025-04-29
POL-200069,TG-108665,6255.0,Denied, apartment ,2024-10-05
POL-200070,TG-108494,9067.0, approved ,Townhouse,2024-09-25
POL-200071,TG-104443,10679.0,Pending, apartment ,2025-06-01
POL-200072,TG-100641,7851.0,Denied,Townhouse,2024-01-06
POL-200073,TG-103595,24501.0, approved ,Apartment,2024-08-14
POL-200074,TG-107881,9414.0,Pending, apartment ,2023-07-16
POL-200075,TG-108975,15401.0,Pending,Apartment,2024-12-22
POL-200076,TG-105792,12505.0,Approved, apartment ,2023-03-13
POL-200077,TG-101985,18268.0,Denied,Condo,2023-02-16
POL-200078,TG-109966,19901.0,Approved, apartment ,2024-11-08
POL-200079,TG-103917,15192.0,Approved,Condo,2023-08-22
POL-200080,TG-107530,14149.0,Pending, apartment ,2025-03-02
POL-200081,TG-109718,7929.0, approved , apartment ,2023-10-24
POL-200082,TG-102299,5786.0, approved ,Condo,2023-03-23
POL-200083,TG-106650,14427.0,Denied,Townhouse,2025-05-25
POL-200084,TG-107264,8484.0,Denied,Condo,2023-08-27
POL-200085,TG-101199,23554.0,Denied,Townhouse,2025-06-06
POL-200086,TG-100998,5282.0,Approved,Apartment,2023-04-14
POL-200087,TG-101434,13209.0, approved ,Apartment,2024-01-25
POL-200088,,17891.0,Denied,Apartment,2023-10-12
POL-200089,TG-106329,7568.0, approved , apartment ,2024-04-09
POL-200090,TG-109595,9952.0, approved ,Townhouse,2024-10-12
POL-200091,TG-109564,19322.0,Denied,Condo,2025-05-04
POL-200092,TG-107568,6383.0,Pending,Townhouse,2024-01-09
POL-200093,TG-103473,10722.0,Denied,Apartment,2023-06-16
POL-200094,TG-107158,17927.0, approved ,Condo,2024-01-15
POL-200095,TG-104539,9932.0, approved ,Apartment,2023-12-30
POL-200096,TG-100909,14974.0,Denied, apartment ,2023-08-03
POL-200097,TG-102393,8617.0,Pending, apartment ,2024-11-17
POL-200098,TG-101285,14511.0, approved , apartment ,2023-10-01
POL-200099,TG-100399,15965.0, approved ,Townhouse,2024-12-19
POL-200100,TG-106570,6181.0,Pending, apartment ,2024-11-30
POL-200101,TG-109390,14515.0,Denied,Townhouse,2024-10-25
POL-200102,TG-102634,24999.0,Pending,Townhouse,2023-03-15
POL-200103,TG-105418,15532.0, approved ,Apartment,2024-09-15
POL-200104,TG-105727,6245.0,Denied,Townhouse,2024-10-12
POL-200105,,22981.0,Approved,Apartment,2023-06-25
POL-200106,TG-107764,21799.0,Approved,Condo,2024-06-30
POL-200107,TG-100173,5187.0,Pending,Townhouse,2025-01-16
POL-200108,TG-103312,10540.0,Pending,Apartment,2023-09-08
POL-200109,TG-104190,11919.0,Pending,Condo,2023-06-17
POL-200110,TG-101152,15328.0,Pending,Townhouse,2024-04-18
POL-200111,TG-108461,9139.0,Denied, apartment ,2024-01-24
POL-200112,TG-101983,23550.0,Denied,Condo,2023-10-04
POL-200113,TG-100636,12521.0, approved ,Townhouse,2024-10-17
POL-200114,TG-105725,15104.0, approved ,Townhouse,2024-12-05
POL-200115,TG-103284,22770.0, approved ,Townhouse,2024-07-24
POL-200116,TG-108789,10726.0, approved ,Apartment,2023-08-13
POL-200117,TG-100187,9288.0,Denied,Apartment,2024-12-02
POL-200118,TG-101182,17485.0,Pending,Condo,2023-11-29
POL-200119,TG-104397,15300.0, approved ,Condo,2025-05-13
POL-200120,TG-103202,18894.0,Approved,Townhouse,2025-02-25
POL-200121,TG-100819,19240.0,Denied,Condo,2025-03-05
POL-200122,TG-100095,10845.0,Approved,Townhouse,2023-02-27
POL-200123,TG-104491,7636.0,Denied,Condo,2023-08-23
POL-200124,TG-107929,15929.0,Denied,Apartment,2025-04-21
POL-200125,TG-102195,20654.0,Pending,Townhouse,2023-02-02
POL-200126,TG-109622,18021.0,Pending,Condo,2025-04-04
POL-200127,TG-109743,7679.0, approved ,Apartment,2023-11-20
POL-200128,TG-105731,19309.0, approved ,Condo,2024-02-15
POL-200129,TG-100055,23298.0,Approved,Condo,2023-10-02
POL-200130,TG-102984,8377.0,Approved,Townhouse,2023-03-09
POL-200131,TG-105476,17446.0, approved ,Townhouse,2023-08-05
POL-200132,TG-109041,15106.0, approved ,Townhouse,2024-08-03
POL-200133,TG-102037,15730.0,Pending,Condo,2025-06-16
POL-200134,TG-101351,9577.0, approved ,Condo,2025-01-05
POL-200135,TG-105207,24132.0,Pending,Townhouse,2023-11-19
POL-200136,TG-102185,20440.0, approved ,Condo,2023-08-06
POL-200137,TG-106374,14729.0,Approved,Apartment,2024-11-02
POL-200138,TG-107931,21729.0,Pending,Townhouse,2024-05-26
POL-200139,TG-101001,8835.0,Denied,Condo,2024-02-10
POL-200140,TG-106127,9205.0, approved ,Condo,2024-10-20
POL-200141,TG-100578,10893.0,Denied, apartment ,2024-04-14
POL-200142,TG-104250,21530.0,Pending,Apartment,2023-05-27
POL-200143,TG-101559,15131.0,Pending,Townhouse,2023-09-29
POL-200144,TG-108510,21456.0,Approved,Condo,2023-05-23
POL-200145,TG-107175,7461.0, approved ,Townhouse,2023-09-10
POL-200146,TG-107598,8225.0,Pending, apartment ,2025-02-01
POL-200147,TG-107952,7621.0,Pending,Apartment,2024-07-28
POL-200148,TG-107200,10729.0, approved ,Apartment,2024-07-05
POL-200149,TG-103439,12530.0, approved ,Apartment,2023-09-27
POL-200150,TG-107908,22356.0,Denied,Condo,2025-02-03
POL-200151,TG-109689,23648.0,Pending,Condo,2024-08-21
POL-200152,TG-108242,16741.0,Pending,Condo,2024-03-14
POL-200153,TG-100992,9815.0,Denied,Apartment,2024-08-20
POL-200154,TG-103697,21575.0,Pending,Apartment,2024-02-13
POL-200155,TG-106812,16174.0,Approved,Condo,2024-01-06
POL-200156,TG-107629,10357.0,Pending,Condo,2023-08-13
POL-200157,TG-104490,10673.0,Approved,Townhouse,2023-05-22
POL-200158,TG-105255,9510.0,Denied, apartment ,2024-06-05
POL-200159,TG-109984,7694.0,Denied,Apartment,2024-05-20
POL-200160,TG-101230,, approved ,Townhouse,2023-04-04
POL-200161,TG-107344,20657.0, approved ,Condo,2025-02-12
POL-200162,TG-102835,23875.0,Denied, apartment ,2023-02-18
POL-200163,TG-108238,21231.0, approved ,Condo,2025-05-31
POL-200164,TG-102325,11157.0,Pending,Apartment,2023-04-23
POL-200165,TG-105605,6606.0,Denied,Apartment,2023-06-06
POL-200166,TG-101494,24405.0,Pending, apartment ,2024-10-04
POL-200167,TG-105141,14846.0,Approved,Townhouse,2023-06-13
POL-200168,TG-103266,17235.0,Pending, apartment ,2025-03-22
POL-200169,TG-105757,14632.0, approved ,Townhouse,2024-11-27
POL-200170,TG-104430,14672.0,Pending,Townhouse,2024-03-08
POL-200171,TG-107409,10133.0,Pending,Apartment,2024-09-02
POL-200172,TG-101100,6809.0,Denied,Condo,2023-03-07
POL-200173,TG-107246,21849.0,Pending,Apartment,2024-01-30
POL-200174,TG-107479,21817.0,Pending,Condo,2024-01-26
POL-200175,TG-104117,22642.0,Denied,Apartment,2024-09-02
POL-200176,TG-105835,7154.0, approved ,Apartment,2024-04-24
POL-200177,TG-102671,,Approved,Condo,2024-06-25
POL-200178,TG-102128,22376.0,Approved,Apartment,2023-09-15
POL-200179,TG-108063,22065.0, approved ,Apartment,2024-07-20
POL-200180,TG-106009,24232.0,Pending,Apartment,2025-05-31
POL-200181,TG-105087,19090.0, approved , apartment ,2023-01-12
POL-200182,TG-105548,20097.0, approved ,Townhouse,2024-11-27
POL-200183,TG-102097,17608.0,Approved,Townhouse,2025-01-08
POL-200184,TG-105449,12494.0,Approved,Apartment,2023-04-28
POL-200185,TG-109964,18447.0,Pending,Townhouse,2024-11-29
POL-200186,TG-103754,13511.0, approved ,Townhouse,2024-07-03
POL-200187,TG-106033,10319.0,Approved,Apartment,2025-02-07
POL-200188,TG-108184,18346.0,Approved,Condo,2023-10-01
POL-200189,TG-107336,18683.0,Denied,Condo,2025-02-26
POL-200190,TG-100978,8218.0,Denied, apartment ,2024-10-18
POL-200191,TG-107786,24674.0,Pending, apartment ,2023-12-15
POL-200192,TG-100090,23215.0, approved , apartment ,2023-04-25
POL-200193,TG-100529,8194.0,Denied,Apartment,2023-10-28
POL-200194,TG-102925,13703.0,Pending,Condo,2024-03-21
POL-200195,TG-100861,14645.0,Approved,Condo,2023-06-11
POL-200196,TG-107866,5851.0,Approved, apartment ,2024-04-09
POL-200197,TG-101176,9264.0,Denied,Townhouse,2023-01-04
POL-200198,TG-108832,9750.0,Denied,Condo,2025-01-09
POL-200199,TG-107889,9403.0, approved ,Condo,2025-06-15
POL-200200,TG-101485,10955.0,Approved,Townhouse,2025-01-06
POL-200201,TG-106796,17161.0,Approved,Condo,2023-09-27
POL-200202,TG-104440,6938.0,Approved, apartment ,2024-05-27
POL-200203,TG-100319,24637.0,Approved,Condo,2025-02-19
POL-200204,TG-101085,17875.0,Approved,Condo,2023-07-02
POL-200205,TG-104469,10965.0, approved , apartment ,2024-06-03
POL-200206,TG-109524,11547.0, approved ,Apartment,2023-04-19
POL-200207,TG-109073,14460.0,Pending,Apartment,2025-06-10
POL-200208,TG-106146,24723.0,Approved,Apartment,2024-10-02
POL-200209,TG-106684,6606.0,Denied,Condo,2023-11-02
POL-200210,TG-105510,22175.0,Approved,Apartment,2025-05-11
POL-200211,TG-101972,20093.0,Denied,Apartment,2024-10-16
POL-200212,TG-106740,13072.0, approved ,Apartment,2024-06-03
POL-200213,TG-101261,7809.0, approved ,Townhouse,2024-09-15
POL-200214,TG-100682,15539.0,Pending,Townhouse,2023-07-23
POL-200215,TG-105901,20292.0,Denied,Condo,2023-06-06
POL-200216,TG-104375,6230.0,Pending, apartment ,2024-01-18
POL-200217,TG-101245,12239.0,Pending, apartment ,2025-02-19
POL-200218,TG-100247,17876.0, approved , apartment ,2023-06-15
POL-200219,TG-100853,12761.0,Pending,Apartment,2024-07-06
POL-200220,TG-101597,9118.0,Approved,Apartment,2025-03-08
POL-200221,TG-104554,12278.0,Approved,Apartment,2024-06-27
POL-200222,TG-100462,18208.0,Approved,Apartment,2023-01-01
POL-200223,TG-109585,17465.0,Approved,Townhouse,2024-09-05
POL-200224,TG-104463,16082.0,Pending,Townhouse,2023-11-28
POL-200225,TG-102040,24673.0,Approved,Townhouse,2024-05-15
POL-200226,TG-102061,11453.0,Pending,Condo,2023-01-20
POL-200227,TG-100607,12154.0,Denied, apartment ,2023-04-25
POL-200228,TG-106717,13881.0,Approved, apartment ,2024-01-07
POL-200229,TG-108148,21336.0,Denied,Townhouse,2025-06-18
POL-200230,TG-101028,23356.0,Pending,Condo,2025-05-01
POL-200231,TG-109134,15656.0,Approved,Apartment,2025-04-06
POL-200232,TG-108084,21758.0,Approved,Condo,2023-11-11
POL-200233,TG-107832,17946.0,Denied,Condo,2023-09-03
POL-200234,TG-102014,20536.0,Pending,Condo,2023-03-01
POL-200235,TG-106218,13243.0,Pending, apartment ,2023-09-04
POL-200236,TG-107735,13636.0,Pending, apartment ,2025-06-18
POL-200237,TG-101468,14060.0,Denied,Condo,2024-08-03
POL-200238,TG-107711,6111.0,Denied,Townhouse,2023-03-22
POL-200239,TG-101223,19938.0,Pending,Townhouse,2023-03-29
POL-200240,TG-108577,20708.0,Approved, apartment ,2025-01-19
POL-200241,TG-100296,6940.0,Approved,Townhouse,2024-05-12
POL-200242,TG-105516,16995.0,Pending, apartment ,2025-04-15
POL-200243,TG-102526,18534.0,Denied, apartment ,2023-03-12
POL-200244,TG-107645,9576.0,Pending,Condo,2025-02-17
POL-200245,TG-108069,23867.0,Denied,Apartment,2024-06-29
POL-200246,TG-102195,14970.0,Pending,Apartment,2025-02-23
POL-200247,TG-107954,8863.0, approved ,Condo,2023-05-09
POL-200248,TG-107509,6446.0,Pending, apartment ,2023-05-12
POL-200249,TG-102699,13348.0,Pending,Apartment,2024-11-06
POL-200250,TG-106658,7953.0, approved ,Apartment,2024-05-01
POL-200251,TG-104724,19736.0,Approved,Apartment,2024-07-16
POL-200252,TG-104484,6440.0,Approved, apartment ,2023-06-19
POL-200253,TG-103498,6066.0,Denied,Townhouse,2023-09-29
POL-200254,TG-108653,, approved ,Townhouse,2024-06-24
POL-200255,TG-107732,19724.0,Denied,Townhouse,2025-06-12
POL-200256,TG-109712,14830.0,Denied,Condo,2024-09-13
POL-200257,TG-102214,7349.0,Approved,Condo,2024-03-09
POL-200258,TG-102850,,Approved,Townhouse,2023-08-05
POL-200259,TG-103277,22792.0,Approved,Townhouse,2024-07-06
POL-200260,TG-100784,17605.0, approved , apartment ,2025-02-12
POL-200261,TG-106086,5276.0,Denied,Apartment,2025-01-17
POL-200262,TG-101811,18204.0,Approved, apartment ,2024-12-07
POL-200263,TG-108737,21910.0,Denied,Condo,2023-07-25
POL-200264,TG-100637,22457.0,Approved,Townhouse,2024-12-31
POL-200265,TG-103357,19900.0,Pending,Condo,2023-11-16
POL-200266,TG-100625,11288.0,Pending, apartment ,2024-02-13
POL-200267,TG-104903,10496.0,Pending,Condo,2024-11-18
POL-200268,TG-102444,16518.0,Pending, apartment ,2024-10-27
POL-200269,TG-100901,12785.0,Denied, apartment ,2024-01-18
POL-200270,TG-100823,17345.0,Denied,Condo,2024-03-24
POL-200271,TG-106518,6317.0, approved , apartment ,2024-06-13
POL-200272,TG-106514,15431.0,Approved,Townhouse,2024-04-07
POL-200273,TG-108696,20823.0,Approved,Townhouse,2023-05-04
POL-200274,TG-101114,9781.0,Denied, apartment ,2023-09-11
POL-200275,TG-100636,9651.0, approved ,Townhouse,2023-08-19
POL-200276,TG-109303,20911.0, approved ,Apartment,2023-03-07
POL-200277,TG-108550,7430.0,Pending,Apartment,2023-12-13
POL-200278,TG-103353,23909.0, approved , apartment ,2023-01-22
POL-200279,TG-107329,14429.0,Pending,Apartment,2024-08-25
POL-200280,TG-105524,10463.0,Denied,Apartment,2024-07-21
POL-200281,TG-105380,6234.0, approved ,Apartment,2023-08-24
POL-200282,TG-100849,16247.0,Denied,Condo,2024-08-25
POL-200283,TG-109991,8213.0, approved , apartment ,2023-08-14
POL-200284,TG-103818,10380.0,Pending,Townhouse,2023-01-08
POL-200285,TG-109377,12891.0,Pending,Townhouse,2023-03-14
POL-200286,TG-100566,7430.0, approved ,Apartment,2024-12-25
POL-200287,TG-108008,13144.0,Denied,Apartment,2024-10-08
POL-200288,TG-108502,21451.0, approved ,Apartment,2023-03-02
POL-200289,TG-104506,21708.0, approved ,Townhouse,2023-08-23
POL-200290,TG-103194,12490.0,Pending,Condo,2023-03-11
POL-200291,TG-104429,18404.0,Denied,Townhouse,2023-02-02
POL-200292,TG-103955,18605.0, approved ,Apartment,2025-05-30
POL-200293,TG-103411,10423.0,Pending,Townhouse,2023-12-05
POL-200294,TG-104136,14245.0,Denied,Condo,2023-03-14
POL-200295,TG-100966,23277.0,Approved,Condo,2024-06-10
POL-200296,TG-101751,5405.0,Approved,Apartment,2023-09-01
POL-200297,TG-104836,18993.0, approved ,Apartment,2023-10-13
POL-200298,TG-107363,8657.0,Pending,Apartment,2024-11-16
POL-200299,TG-109662,8223.0,Approved,Condo,2024-05-12
POL-200300,TG-101731,14584.0, approved ,Apartment,2023-08-08
POL-200301,TG-107350,24206.0,Pending, apartment ,2024-07-06
POL-200302,TG-108368,13862.0, approved , apartment ,2023-05-16
POL-200303,TG-105968,21826.0, approved ,Condo,2025-01-10
POL-200304,TG-101258,12335.0, approved , apartment ,2024-08-07
POL-200305,TG-107936,17517.0,Pending,Condo,2024-08-13
POL-200306,TG-103356,9184.0,Denied,Condo,2024-04-29
POL-200307,TG-108793,18147.0, approved , apartment ,2023-09-06
POL-200308,TG-107495,16024.0,Pending,Condo,2025-03-14
POL-200309,TG-103122,5455.0,Approved,Apartment,2024-04-29
POL-200310,TG-105597,6795.0,Approved,Townhouse,2025-04-06
POL-200311,TG-101309,19163.0,Denied,Townhouse,2024-02-21
POL-200312,TG-105298,7344.0,Denied,Apartment,2023-07-14
POL-200313,TG-104227,7160.0,Denied,Apartment,2023-04-07
POL-200314,TG-108791,19235.0, approved , apartment ,2023-04-10
POL-200315,TG-107897,18857.0,Approved,Condo,2024-11-05
POL-200316,TG-102247,19663.0,Pending, apartment ,2024-03-17
POL-200317,TG-100606,7819.0, approved ,Apartment,2023-12-29
POL-200318,TG-106737,20761.0,Approved,Condo,2024-03-09
POL-200319,TG-100673,8739.0,Approved,Apartment,2024-02-25
POL-200320,TG-105434,19831.0,Denied,Condo,2024-04-23
POL-200321,TG-107156,17657.0, approved ,Apartment,2025-06-03
POL-200322,TG-110016,15308.0,Pending,Condo,2025-01-16
POL-200323,TG-102120,19712.0,Denied,Condo,2023-02-25
POL-200324,TG-100851,7211.0,Approved, apartment ,2024-11-20
POL-200325,TG-100807,21093.0,Approved,Townhouse,2024-10-31
POL-200326,TG-100942,8123.0, approved , apartment ,2024-10-23
POL-200327,TG-107169,8878.0,Pending, apartment ,2023-04-11
POL-200328,TG-101642,13813.0, approved ,Condo,2023-03-04
POL-200329,TG-106493,16405.0,Pending,Apartment,2024-02-17
POL-200330,TG-103625,17656.0,Pending,Apartment,2025-01-15
POL-200331,TG-104210,22146.0,Approved,Townhouse,2023-12-14
POL-200332,TG-108562,15225.0,Approved,Apartment,2025-03-30
POL-200333,TG-108208,10243.0,Denied,Condo,2025-06-01
POL-200334,TG-106432,5783.0,Pending,Townhouse,2023-04-22
POL-200335,TG-103402,, approved ,Condo,2023-09-12
POL-200336,TG-103575,18481.0,Approved, apartment ,2023-07-16
POL-200337,TG-106127,, approved , apartment ,2023-07-14
POL-200338,TG-100228,22893.0,Pending,Apartment,2024-07-03
POL-200339,TG-102823,16314.0, approved ,Townhouse,2024-04-04
POL-200340,TG-109347,20837.0, approved ,Condo,2023-05-24
POL-200341,TG-100486,23238.0,Pending, apartment ,2024-03-08
POL-200342,TG-102665,9310.0,Denied,Townhouse,2023-07-07
POL-200343,TG-108190,22537.0, approved , apartment ,2023-10-13
POL-200344,TG-100138,5061.0,Denied,Condo,2024-04-18
POL-200345,TG-104244,18869.0,Pending,Condo,2023-09-13
POL-200346,TG-101262,13299.0, approved , apartment ,2025-06-14
POL-200347,TG-107436,7637.0,Denied,Townhouse,2023-03-19
POL-200348,TG-101310,19890.0,Approved,Condo,2024-03-29
POL-200349,TG-101972,21768.0,Pending,Condo,2025-04-07
POL-200350,TG-107555,20643.0,Approved,Apartment,2025-06-01
POL-200351,TG-108446,24778.0,Approved, apartment ,2025-05-26
POL-200352,TG-102930,15227.0,Approved,Condo,2024-07-17
POL-200353,TG-102151,5701.0,Approved,Townhouse,2023-04-11
POL-200354,TG-105109,6031.0,Denied,Apartment,2023-02-21
POL-200355,TG-101501,15854.0,Pending,Townhouse,2024-10-29
POL-200356,TG-106991,21893.0,Pending,Apartment,2024-07-07
POL-200357,TG-103011,13147.0,Pending, apartment ,2025-05-06
POL-200358,TG-109715,20419.0,Denied,Condo,2023-01-16
POL-200359,TG-101880,14072.0,Denied, apartment ,2023-04-06
POL-200360,TG-101574,16703.0,Approved,Townhouse,2025-02-10
POL-200361,TG-106828,12211.0,Approved,Apartment,2025-05-19
POL-200362,TG-103375,20024.0, approved , apartment ,2023-08-31
POL-200363,TG-100318,19165.0,Pending, apartment ,2023-06-20
POL-200364,TG-100534,6902.0, approved ,Apartment,2024-02-21
POL-200365,TG-104461,12650.0,Denied,Townhouse,2024-05-12
POL-200366,TG-103074,12599.0, approved , apartment ,2024-05-07
POL-200367,TG-109479,19181.0,Approved,Apartment,2023-08-07
POL-200368,TG-104314,22101.0,Denied,Apartment,2025-06-04
POL-200369,TG-102595,16542.0,Denied,Townhouse,2024-02-15
POL-200370,TG-103895,17849.0,Approved,Condo,2023-03-02
POL-200371,TG-106895,5178.0,Approved, apartment ,2023-06-18
POL-200372,TG-104719,24545.0,Pending, apartment ,2024-01-24
POL-200373,TG-107757,24726.0,Approved, apartment ,2023-01-03
POL-200374,TG-102160,12440.0, approved ,Condo,2024-02-04
POL-200375,TG-103778,16208.0, approved ,Condo,2023-09-29
POL-200376,TG-104489,,Pending,Townhouse,2025-03-13
POL-200377,TG-107313,9190.0,Approved,Townhouse,2025-03-14
POL-200378,TG-101957,22491.0, approved ,Apartment,2024-04-10
POL-200379,TG-105402,6076.0, approved ,Townhouse,2023-10-20
POL-200380,TG-105193,15849.0,Approved,Condo,2024-03-09
POL-200381,TG-104391,11846.0,Pending,Apartment,2024-12-14
POL-200382,TG-105223,19426.0,Approved, apartment ,2025-01-18
POL-200383,TG-102701,15947.0,Approved,Townhouse,2025-03-13
POL-200384,TG-102750,13047.0, approved , apartment ,2024-07-23
POL-200385,TG-107046,21578.0, approved ,Townhouse,2024-11-08
POL-200386,TG-104746,19232.0, approved ,Apartment,2025-01-05
POL-200387,TG-102718,20152.0,Pending, apartment ,2024-05-13
POL-200388,TG-107295,18849.0, approved , apartment ,2023-06-08
POL-200389,,22150.0,Approved,Condo,2023-07-14
POL-200390,TG-107507,7859.0,Pending,Condo,2023-10-31
POL-200391,TG-107159,16111.0,Approved,Apartment,2023-08-11
POL-200392,TG-109085,19600.0, approved ,Townhouse,2023-03-01
POL-200393,TG-107580,13866.0,Pending, apartment ,2024-08-16
POL-200394,TG-104145,17807.0,Pending,Apartment,2025-01-23
POL-200395,TG-100845,20043.0,Denied,Apartment,2024-07-09
POL-200396,TG-100520,19724.0, approved ,Apartment,2023-03-04
POL-200397,TG-106487,11987.0,Pending, apartment ,2025-02-04
POL-200398,TG-100210,12187.0,Denied,Condo,2023-11-18
POL-200399,TG-106684,19852.0,Denied,Apartment,2023-02-28
POL-200400,TG-106194,19296.0,Approved,Townhouse,2023-02-21
POL-200401,TG-109383,6558.0,Denied,Condo,2024-08-21
POL-200402,TG-106591,9137.0,Pending,Apartment,2024-05-03
POL-200403,TG-105434,15668.0,Pending,Apartment,2024-05-29
POL-200404,TG-109187,7110.0,Approved,Townhouse,2025-05-23
POL-200405,TG-108568,21496.0,Approved,Condo,2024-06-27
POL-200406,TG-108083,,Denied, apartment ,2023-06-11
POL-200407,TG-100788,12461.0,Pending,Townhouse,2023-02-28
POL-200408,TG-101251,,Approved,Townhouse,2024-06-04
POL-200409,TG-108229,18160.0, approved ,Apartment,2023-03-24
POL-200410,TG-101205,17461.0,Denied,Townhouse,2025-05-21
POL-200411,TG-106789,24960.0,Approved,Condo,2023-07-10
POL-200412,TG-104460,11518.0,Denied,Condo,2023-03-12
POL-200413,TG-102670,19779.0,Approved,Apartment,2024-09-01
POL-200414,TG-108690,6601.0,Approved,Townhouse,2023-03-11
POL-200415,TG-101570,19831.0,Pending,Apartment,2024-11-22
POL-200416,TG-104975,14555.0, approved ,Apartment,2025-06-01
POL-200417,TG-103011,12032.0,Approved,Apartment,2023-08-29
POL-200418,TG-106481,24456.0,Denied,Condo,2024-02-18
POL-200419,TG-108879,11510.0,Approved,Apartment,2023-05-03
POL-200420,TG-106185,22367.0,Denied,Townhouse,2024-08-06
POL-200421,TG-100142,8484.0,Pending,Apartment,2023-09-10
POL-200422,TG-100531,13993.0,Approved,Condo,2024-08-15
POL-200423,TG-108003,, approved , apartment ,2024-08-31
POL-200424,TG-104123,7511.0,Approved,Apartment,2023-02-10
POL-200425,TG-104806,18352.0,Approved,Townhouse,2024-09-26
POL-200426,TG-103879,22911.0,Denied,Condo,2023-03-25
POL-200427,TG-101787,19924.0,Denied, apartment ,2024-03-05
POL-200428,TG-101273,14047.0,Denied,Townhouse,2024-11-04
POL-200429,TG-105489,9888.0,Pending, apartment ,2024-08-20
POL-200430,TG-104389,24554.0, approved ,Apartment,2024-08-01
POL-200431,TG-103984,15662.0,Pending,Apartment,2024-06-19
POL-200432,TG-106969,16856.0, approved ,Townhouse,2023-11-20
POL-200433,TG-100197,12852.0, approved ,Condo,2023-09-25
POL-200434,TG-109404,12088.0,Pending,Townhouse,2023-07-29
POL-200435,TG-108345,17519.0,Pending,Condo,2024-11-16
POL-200436,TG-103898,24302.0,Approved, apartment ,2025-01-03
POL-200437,TG-100219,6208.0,Approved,Condo,2023-11-18
POL-200438,TG-100460,17136.0,Denied,Apartment,2023-09-02
POL-200439,TG-103245,16658.0,Denied,Apartment,2023-09-29
POL-200440,TG-106353,17921.0,Pending,Condo,2024-02-10
POL-200441,TG-109367,18498.0,Pending, apartment ,2023-05-15
POL-200442,TG-104233,5239.0, approved ,Apartment,2024-11-18
POL-200443,TG-102986,7382.0, approved ,Condo,2024-10-22
POL-200444,TG-109014,15612.0, approved , apartment ,2023-11-04
POL-200445,TG-104828,20848.0,Pending,Townhouse,2024-04-13
POL-200446,TG-108378,8435.0,Approved,Townhouse,2023-11-20
POL-200447,TG-109049,17944.0,Pending,Townhouse,2025-02-08
POL-200448,TG-105495,17570.0, approved ,Townhouse,2023-03-16
POL-200449,TG-102439,5082.0,Denied,Townhouse,2023-01-10
POL-200450,TG-101619,6577.0,Pending,Townhouse,2024-04-14
POL-200451,TG-105653,5181.0,Pending,Townhouse,2024-09-28
POL-200452,TG-109656,6138.0,Denied,Condo,2024-07-30
POL-200453,TG-101459,8154.0,Pending, apartment ,2023-04-13
POL-200454,TG-101327,23684.0,Pending,Apartment,2023-03-17
POL-200455,TG-101143,13053.0,Denied, apartment ,2024-07-04
POL-200456,TG-102135,12622.0,Denied,Townhouse,2023-08-07
POL-200457,TG-106549,8207.0,Pending,Condo,2024-06-02
POL-200458,TG-108150,10188.0,Denied,Condo,2023-09-29
POL-200459,TG-106576,12260.0,Approved, apartment ,2023-05-16
POL-200460,TG-103547,8317.0,Denied,Apartment,2023-12-24
POL-200461,TG-106979,8256.0, approved ,Condo,2023-03-12
POL-200462,TG-100148,18758.0,Pending,Townhouse,2025-06-19
POL-200463,TG-101531,5744.0,Denied,Apartment,2023-09-08
POL-200464,TG-106425,15012.0,Approved,Apartment,2024-01-14
POL-200465,TG-105774,11690.0,Denied,Apartment,2023-10-19
POL-200466,TG-100558,19230.0, approved ,Apartment,2023-06-11
POL-200467,TG-105390,6163.0, approved ,Condo,2024-03-24
POL-200468,TG-102645,10904.0,Pending, apartment ,2025-05-03
POL-200469,TG-103507,5314.0,Approved,Apartment,2024-07-10
POL-200470,,23413.0,Approved, apartment ,2024-12-21
POL-200471,TG-102173,23894.0,Approved,Apartment,2023-11-06
POL-200472,TG-105779,13406.0,Pending,Condo,2024-09-18
POL-200473,TG-100248,11325.0,Denied,Condo,2025-04-06
POL-200474,TG-103584,22143.0,Approved,Townhouse,2024-10-31
POL-200475,TG-101355,24175.0,Denied,Townhouse,2024-06-25
POL-200476,TG-101393,12632.0,Denied,Townhouse,2023-01-09
POL-200477,TG-106589,16818.0, approved ,Apartment,2024-11-14
POL-200478,TG-103007,12538.0,Denied,Apartment,2025-04-16
POL-200479,TG-109107,14698.0,Pending,Condo,2024-07-21
POL-200480,TG-107605,15230.0,Pending,Condo,2023-11-03
POL-200481,TG-103096,6317.0,Pending, apartment ,2024-11-10
POL-200482,TG-109830,11794.0, approved ,Condo,2023-04-17
POL-200483,TG-102048,21533.0,Denied,Condo,2025-06-18
POL-200484,TG-106723,24340.0, approved , apartment ,2023-05-18
POL-200485,TG-108962,15009.0, approved , apartment ,2023-09-28
POL-200486,TG-104515,15741.0,Denied,Apartment,2023-04-29
POL-200487,TG-103573,24049.0,Pending,Apartment,2023-04-20
POL-200488,TG-102322,5111.0,Pending, apartment ,2025-01-30
POL-200489,TG-106344,5894.0, approved ,Apartment,2024-07-20
POL-200490,TG-102217,19756.0,Pending,Apartment,2023-06-09
POL-200491,TG-109512,19002.0,Denied,Apartment,2023-10-06
POL-200492,TG-108211,7810.0,Approved,Apartment,2023-10-16
POL-200493,TG-107057,18111.0,Denied,Townhouse,2024-09-11
POL-200494,TG-109708,14813.0,Pending,Townhouse,2023-08-04
POL-200495,TG-100227,24516.0,Approved,Townhouse,2025-01-04
POL-200496,TG-105855,9358.0,Denied, apartment ,2023-12-18
POL-200497,TG-100989,10403.0, approved , apartment ,2023-07-28
POL-200498,TG-103625,18041.0,Denied,Apartment,2024-12-04
POL-200499,TG-108081,11501.0, approved ,Townhouse,2024-10-11
POL-200500,TG-101399,17036.0,Pending,Apartment,2025-05-23
POL-200501,TG-104356,8905.0,Approved,Townhouse,2023-09-28
POL-200502,TG-102937,,Denied,Apartment,2024-06-01
POL-200503,TG-106373,19276.0,Denied,Condo,2024-05-15
POL-200504,TG-101683,5470.0,Approved,Condo,2023-09-15
POL-200505,TG-105057,24414.0,Denied,Apartment,2025-05-16
POL-200506,TG-104050,21884.0,Pending,Condo,2023-02-22
POL-200507,TG-108377,15179.0, approved ,Condo,2023-04-05
POL-200508,TG-101252,13325.0,Pending, apartment ,2024-10-11
POL-200509,TG-101676,12467.0, approved ,Townhouse,2024-03-09
POL-200510,TG-106207,5069.0,Approved, apartment ,2025-04-29
POL-200511,TG-108573,22189.0,Denied, apartment ,2023-10-11
POL-200512,TG-107123,9703.0,Approved,Condo,2023-02-15
POL-200513,TG-107081,,Pending,Townhouse,2023-01-04
POL-200514,TG-107785,16247.0,Denied,Condo,2023-12-08
POL-200515,TG-102433,6749.0,Approved,Townhouse,2025-02-28
POL-200516,TG-103070,24695.0,Approved, apartment ,2023-05-14
POL-200517,TG-104529,12463.0, approved ,Condo,2024-10-14
POL-200518,TG-102476,6205.0,Pending,Townhouse,2023-09-26
POL-200519,TG-103398,24863.0,Approved, apartment ,2023-06-15
POL-200520,TG-107287,7656.0,Pending,Townhouse,2025-01-29
POL-200521,TG-103582,14216.0,Denied,Townhouse,2024-03-28
POL-200522,TG-105359,6875.0, approved ,Condo,2024-07-18
POL-200523,TG-106230,10894.0,Pending,Condo,2024-12-23
POL-200524,TG-105888,19321.0,Denied,Townhouse,2024-03-13
POL-200525,TG-103396,9737.0,Pending,Condo,2024-07-28
POL-200526,TG-108607,20141.0,Denied, apartment ,2023-01-10
POL-200527,TG-100286,22137.0,Denied,Condo,2023-04-25
POL-200528,TG-100821,18636.0,Approved, apartment ,2023-03-19
POL-200529,TG-104099,21680.0,Denied,Condo,2024-12-08
POL-200530,TG-108544,18953.0,Pending,Apartment,2023-06-02
POL-200531,TG-100353,18866.0, approved , apartment ,2024-07-12
POL-200532,TG-104146,5882.0, approved ,Condo,2023-02-06
POL-200533,TG-101563,18901.0,Pending, apartment ,2025-05-04
POL-200534,TG-104175,8441.0,Approved,Townhouse,2024-01-14
POL-200535,TG-108789,16989.0,Approved,Condo,2024-08-19
POL-200536,TG-102727,14926.0,Approved,Townhouse,2024-07-19
POL-200537,TG-100793,7503.0,Approved, apartment ,2023-06-01
POL-200538,TG-103218,8582.0,Denied,Townhouse,2024-03-16
POL-200539,TG-109619,17894.0,Approved,Townhouse,2023-05-11
POL-200540,TG-103165,16291.0,Approved,Condo,2023-02-12
POL-200541,TG-102414,5375.0, approved ,Townhouse,2023-11-12
POL-200542,TG-108803,12859.0,Denied,Condo,2024-01-09
POL-200543,TG-109592,6733.0,Pending,Townhouse,2025-03-26
POL-200544,TG-101427,19379.0, approved ,Townhouse,2025-05-31
POL-200545,TG-100556,16183.0,Pending,Condo,2023-02-10
POL-200546,TG-103029,8943.0, approved , apartment ,2024-01-02
POL-200547,TG-106298,21136.0,Pending,Townhouse,2023-08-04
POL-200548,TG-104959,11070.0,Approved,Townhouse,2024-11-29
POL-200549,TG-106957,6190.0, approved ,Townhouse,2023-09-13
POL-200550,TG-103285,24382.0,Denied,Condo,2024-11-13
POL-200551,TG-102827,10571.0, approved , apartment ,2023-04-16
POL-200552,TG-102879,22640.0, approved ,Condo,2023-12-29
POL-200553,TG-104988,16960.0,Pending,Townhouse,2025-03-09
POL-200554,TG-105421,22616.0,Denied, apartment ,2024-07-27
POL-200555,TG-105667,13946.0,Approved,Apartment,2025-06-14
POL-200556,TG-109645,15335.0, approved , apartment ,2024-02-21
POL-200557,TG-100380,5076.0,Pending,Condo,2024-09-27
POL-200558,TG-109243,,Approved,Apartment,2025-02-06
POL-200559,TG-104212,18427.0,Approved,Condo,2023-06-08
POL-200560,TG-103503,19884.0,Approved,Condo,2023-08-31
POL-200561,TG-109847,10011.0,Approved,Condo,2025-06-04
POL-200562,TG-102784,20807.0, approved ,Townhouse,2023-06-16
POL-200563,TG-102854,20920.0,Pending, apartment ,2025-03-30
POL-200564,TG-102251,20252.0,Denied,Apartment,2025-04-10
POL-200565,TG-109123,24756.0,Pending,Condo,2023-07-01
POL-200566,TG-107353,11378.0,Pending,Apartment,2024-02-27
POL-200567,TG-103680,22937.0,Pending,Condo,2023-01-26
POL-200568,TG-105167,16523.0,Denied,Townhouse,2023-07-03
POL-200569,TG-103378,23915.0,Approved,Apartment,2025-01-24
POL-200570,TG-102723,11311.0, approved ,Condo,2023-12-07
POL-200571,TG-104400,12425.0,Approved,Townhouse,2025-03-12
POL-200572,TG-101081,13370.0,Approved,Condo,2024-02-26
POL-200573,TG-108929,14444.0,Pending, apartment ,2025-04-01
POL-200574,TG-101679,16745.0,Pending,Townhouse,2024-11-16
POL-200575,TG-105084,5227.0,Pending,Apartment,2025-06-03
POL-200576,TG-102166,6350.0,Denied,Condo,2025-01-22
POL-200577,TG-105654,7270.0, approved ,Townhouse,2025-04-10
POL-200578,TG-105072,21349.0,Pending,Townhouse,2023-09-12
POL-200579,TG-104693,8916.0,Pending,Condo,2023-10-01
POL-200580,TG-101829,6756.0,Denied,Apartment,2023-06-13
POL-200581,TG-103610,20353.0,Pending,Condo,2025-03-17
POL-200582,TG-105493,15826.0,Pending, apartment ,2024-12-19
POL-200583,TG-101599,9427.0,Approved, apartment ,2023-04-21
POL-200584,TG-102906,21028.0,Approved,Condo,2024-01-27
POL-200585,TG-106206,5694.0,Denied,Apartment,2025-06-12
POL-200586,TG-100407,12898.0, approved , apartment ,2023-02-09
POL-200587,TG-109210,22050.0,Denied,Condo,2025-05-29
POL-200588,TG-106321,22164.0, approved ,Apartment,2024-04-26
POL-200589,TG-107581,9291.0,Approved,Condo,2023-08-16
POL-200590,TG-109301,8530.0,Denied,Townhouse,2023-07-24
POL-200591,TG-103231,9368.0,Approved, apartment ,2025-04-16
POL-200592,TG-102256,20345.0,Denied,Apartment,2024-04-16
POL-200593,TG-101685,7445.0,Approved, apartment ,2023-12-25
POL-200594,TG-105087,13668.0,Pending,Townhouse,2023-11-09
POL-200595,TG-108355,21730.0,Denied,Townhouse,2025-04-20
POL-200596,TG-102733,7903.0,Pending, apartment ,2025-03-25
POL-200597,TG-108041,13937.0,Pending,Townhouse,2025-06-11
POL-200598,TG-105769,24458.0,Approved,Apartment,2023-08-22
POL-200599,TG-106614,13652.0, approved , apartment ,2023-08-17
POL-200600,TG-106532,10252.0,Denied, apartment ,2023-01-25
POL-200601,TG-101738,13545.0,Denied,Apartment,2024-11-06
POL-200602,TG-109788,15735.0,Pending,Condo,2023-07-17
POL-200603,TG-106163,12688.0,Denied,Condo,2024-02-13
POL-200604,TG-106025,19267.0, approved ,Condo,2023-12-03
POL-200605,TG-101689,6593.0, approved , apartment ,2023-10-13
POL-200606,TG-101291,13859.0,Pending, apartment ,2025-06-04
POL-200607,TG-102153,16510.0,Approved,Condo,2023-03-13
POL-200608,TG-107165,6580.0, approved ,Townhouse,2025-03-02
POL-200609,TG-108664,19437.0,Pending, apartment ,2023-10-13
POL-200610,TG-107539,5771.0,Approved,Apartment,2023-12-26
POL-200611,TG-105395,22532.0,Pending,Apartment,2024-10-18
POL-200612,TG-106616,23559.0,Approved,Apartment,2024-06-05
POL-200613,TG-106383,13513.0,Pending,Townhouse,2024-02-14
POL-200614,TG-101373,10885.0,Denied, apartment ,2024-11-26
POL-200615,TG-109223,12229.0,Denied,Apartment,2025-05-13
POL-200616,TG-104566,5933.0,Pending,Townhouse,2024-07-03
POL-200617,TG-100643,16500.0, approved ,Condo,2023-12-06
POL-200618,TG-102752,16322.0,Approved,Apartment,2023-01-29
POL-200619,TG-103046,18492.0,Denied,Condo,2023-04-29
POL-200620,TG-103335,11240.0, approved ,Apartment,2025-06-17
POL-200621,TG-109632,11650.0,Approved,Condo,2023-09-25
POL-200622,TG-108804,7093.0,Pending, apartment ,2023-07-02
POL-200623,TG-104070,22128.0, approved , apartment ,2024-08-17
POL-200624,TG-105310,21723.0,Approved, apartment ,2023-09-29
POL-200625,TG-103932,14942.0,Denied,Apartment,2023-02-09
POL-200626,TG-102343,12211.0,Approved,Townhouse,2023-04-22
POL-200627,TG-105949,10060.0,Pending,Condo,2024-09-02
POL-200628,TG-100667,8064.0,Approved,Condo,2024-03-20
POL-200629,TG-104148,7013.0,Denied,Townhouse,2023-12-20
POL-200630,TG-101890,6428.0,Approved,Townhouse,2025-01-16
POL-200631,TG-107474,5229.0,Approved, apartment ,2025-03-16
POL-200632,TG-101519,,Approved, apartment ,2023-11-18
POL-200633,TG-108573,11938.0, approved ,Condo,2024-03-22
POL-200634,TG-101264,19396.0,Approved,Townhouse,2024-09-12
POL-200635,TG-104333,5657.0,Pending,Condo,2024-06-07
POL-200636,TG-106907,16179.0,Denied,Condo,2023-04-29
POL-200637,TG-101376,19344.0,Approved, apartment ,2024-01-30
POL-200638,TG-101145,11438.0,Approved,Condo,2024-08-13
POL-200639,TG-102142,12460.0, approved ,Condo,2023-07-14
POL-200640,TG-105181,7433.0,Denied, apartment ,2023-09-18
POL-200641,TG-100093,16102.0,Pending, apartment ,2023-02-15
POL-200642,TG-101765,18663.0,Denied,Townhouse,2024-12-26
POL-200643,TG-101683,15986.0, approved ,Condo,2024-03-22
POL-200644,TG-109289,20641.0,Approved,Townhouse,2023-01-02
POL-200645,TG-106508,9052.0,Pending,Apartment,2024-06-16
POL-200646,TG-107835,8452.0, approved ,Condo,2025-04-05
POL-200647,TG-108594,8026.0,Pending, apartment ,2024-07-05
POL-200648,TG-106700,23766.0,Denied,Apartment,2024-12-04
POL-200649,TG-107724,16622.0,Denied,Townhouse,2025-01-06
POL-200650,TG-109533,22512.0,Approved, apartment ,2025-01-29
POL-200651,TG-104524,24592.0, approved ,Condo,2025-01-24
POL-200652,TG-105899,22077.0,Approved, apartment ,2024-11-17
POL-200653,TG-106654,14657.0,Pending,Townhouse,2023-07-21
POL-200654,TG-103231,10606.0,Pending,Townhouse,2024-01-08
POL-200655,TG-100823,20386.0,Pending,Condo,2024-03-17
POL-200656,TG-105396,14199.0,Denied,Condo,2023-03-13
POL-200657,TG-109376,11336.0, approved ,Townhouse,2024-11-11
POL-200658,TG-109782,12864.0,Denied, apartment ,2023-12-05
POL-200659,TG-100379,19595.0,Approved, apartment ,2024-09-30
POL-200660,TG-104687,14170.0,Pending,Apartment,2023-11-18
POL-200661,TG-109654,18376.0, approved , apartment ,2024-11-10
POL-200662,TG-107825,11926.0,Pending, apartment ,2025-05-18
POL-200663,TG-105129,24753.0,Approved, apartment ,2023-05-08
POL-200664,TG-100543,18248.0,Pending,Townhouse,2025-01-07
POL-200665,TG-102283,13247.0,Denied,Condo,2023-11-04
POL-200666,TG-104562,20957.0,Pending,Apartment,2024-06-03
POL-200667,TG-104390,6617.0,Denied,Townhouse,2023-11-13
POL-200668,TG-105964,22918.0,Denied,Townhouse,2024-11-13
POL-200669,TG-107918,13620.0,Approved,Condo,2024-02-23
POL-200670,TG-104104,24006.0,Denied,Apartment,2023-12-01
POL-200671,TG-109221,6198.0, approved , apartment ,2024-02-17
POL-200672,TG-109785,11011.0,Denied,Condo,2024-12-14
POL-200673,TG-100467,12238.0,Pending,Townhouse,2023-10-30
POL-200674,TG-107123,15017.0,Denied, apartment ,2024-07-21
POL-200675,TG-109143,16392.0, approved ,Townhouse,2023-05-11
POL-200676,TG-106841,18421.0,Denied,Condo,2023-07-16
POL-200677,TG-104296,6505.0,Approved,Townhouse,2024-03-06
POL-200678,TG-106787,14809.0,Approved,Condo,2024-11-11
POL-200679,TG-108468,12812.0, approved , apartment ,2024-01-24
POL-200680,TG-106711,6523.0,Pending,Apartment,2024-11-24
POL-200681,TG-106434,16131.0,Pending,Condo,2025-02-05
POL-200682,TG-103732,6239.0,Approved,Condo,2023-06-28
POL-200683,TG-104585,19346.0, approved ,Townhouse,2024-09-22
POL-200684,TG-109599,10210.0,Pending, apartment ,2024-08-05
POL-200685,TG-106917,24244.0,Pending,Townhouse,2023-11-05
POL-200686,TG-103716,5330.0,Denied,Apartment,2024-02-20
POL-200687,TG-109625,24645.0,Pending, apartment ,2024-07-15
POL-200688,TG-107066,6300.0,Pending,Apartment,2025-05-03
POL-200689,TG-107870,18877.0,Approved,Townhouse,2023-01-01
POL-200690,TG-102001,21323.0,Denied,Apartment,2023-11-08
POL-200691,TG-106587,11388.0,Pending,Condo,2023-10-21
POL-200692,TG-108756,18803.0,Approved,Apartment,2023-08-04
POL-200693,TG-102592,20760.0,Pending,Townhouse,2024-03-16
POL-200694,TG-100731,13961.0,Approved,Apartment,2025-03-15
POL-200695,TG-106139,14084.0,Denied,Townhouse,2024-08-16
POL-200696,TG-101709,6171.0,Pending, apartment ,2024-09-13
POL-200697,TG-105174,14654.0, approved ,Apartment,2024-11-01
POL-200698,TG-108116,14981.0,Approved,Condo,2023-11-26
POL-200699,TG-103907,11666.0,Denied, apartment ,2024-04-21
POL-200700,TG-102090,23529.0,Pending,Apartment,2024-03-28
POL-200701,TG-109363,21961.0, approved ,Townhouse,2024-03-28
POL-200702,TG-100149,13051.0,Approved, apartment ,2024-11-22
POL-200703,TG-109396,18690.0,Pending, apartment ,2023-08-07
POL-200704,TG-107890,17972.0,Denied,Apartment,2024-06-07
POL-200705,TG-105085,10752.0,Denied,Townhouse,2024-04-29
POL-200706,TG-100366,16404.0,Pending,Condo,2025-03-23
POL-200707,TG-103372,16764.0,Approved,Townhouse,2025-03-26
POL-200708,TG-102190,6311.0,Denied,Townhouse,2025-01-23
POL-200709,TG-103415,8639.0,Denied, apartment ,2023-06-23
POL-200710,TG-107776,6326.0, approved ,Townhouse,2024-11-05
POL-200711,TG-101993,13079.0,Approved, apartment ,2023-03-28
POL-200712,TG-107010,7159.0,Approved, apartment ,2023-10-18
POL-200713,TG-107908,13277.0, approved ,Apartment,2024-06-11
POL-200714,TG-104191,14866.0,Pending,Apartment,2024-11-10
POL-200715,TG-109296,15716.0,Denied,Apartment,2024-10-10
POL-200716,TG-108176,12290.0,Approved,Apartment,2024-09-26
POL-200717,TG-106316,8732.0,Denied,Townhouse,2023-12-10
POL-200718,TG-109287,15130.0, approved ,Condo,2023-04-06
POL-200719,TG-108494,6263.0,Approved,Condo,2025-04-18
POL-200720,TG-103673,15406.0, approved ,Condo,2025-02-08
POL-200721,TG-104363,10134.0, approved ,Apartment,2023-08-29
POL-200722,TG-107589,10289.0,Denied, apartment ,2024-11-19
POL-200723,TG-109766,13509.0,Pending,Apartment,2023-11-14
POL-200724,TG-108152,14136.0,Approved, apartment ,2023-08-19
POL-200725,TG-105036,16678.0,Denied,Condo,2025-04-05
POL-200726,TG-100496,20409.0,Pending,Townhouse,2023-07-23
POL-200727,TG-108241,8016.0,Pending, apartment ,2023-05-31
POL-200728,TG-107996,, approved ,Apartment,2023-01-26
POL-200729,TG-107556,7560.0,Denied,Apartment,2023-02-17
POL-200730,TG-105804,10520.0,Pending,Condo,2023-09-08
POL-200731,TG-100805,8904.0,Pending, apartment ,2024-05-01
POL-200732,TG-108590,11801.0, approved ,Apartment,2024-09-17
POL-200733,TG-102386,8799.0,Denied, apartment ,2025-05-20
POL-200734,TG-107269,5940.0,Approved, apartment ,2025-02-25
POL-200735,TG-105118,21915.0,Approved,Condo,2023-03-16
POL-200736,TG-102341,10772.0,Approved, apartment ,2024-04-11
POL-200737,TG-106377,13139.0,Pending,Condo,2024-02-29
POL-200738,TG-104703,23976.0,Pending,Condo,2024-10-06
POL-200739,TG-105331,18054.0, approved ,Condo,2024-08-12
POL-200740,TG-106483,23091.0, approved ,Apartment,2023-07-19
POL-200741,TG-106512,19445.0,Pending, apartment ,2025-01-05
POL-200742,TG-104911,15660.0, approved , apartment ,2024-12-14
POL-200743,TG-106736,15251.0,Denied,Apartment,2024-01-29
POL-200744,TG-104189,22413.0,Approved, apartment ,2024-05-21
POL-200745,TG-108451,5495.0,Approved,Townhouse,2024-02-14
POL-200746,TG-107815,22153.0, approved ,Condo,2023-09-07
POL-200747,TG-104181,22151.0,Denied,Apartment,2023-06-01
POL-200748,TG-108895,20738.0, approved , apartment ,2024-11-02
POL-200749,TG-103715,15966.0,Approved,Apartment,2024-12-05
POL-200750,TG-107871,18794.0,Denied, apartment ,2023-01-06
POL-200751,TG-104806,18294.0,Denied,Townhouse,2025-02-07
POL-200752,TG-103976,12999.0,Approved,Apartment,2025-05-31
POL-200753,TG-103092,23533.0, approved ,Condo,2025-02-27
POL-200754,TG-100695,6808.0, approved ,Condo,2023-04-20
POL-200755,TG-108277,13132.0, approved ,Condo,2025-03-08
POL-200756,TG-103178,15570.0, approved ,Apartment,2024-03-11
POL-200757,TG-100584,11014.0,Approved,Apartment,2023-08-13
POL-200758,TG-103558,,Approved, apartment ,2023-06-30
POL-200759,TG-104814,17994.0,Pending,Condo,2025-04-03
POL-200760,TG-109515,6182.0,Pending, apartment ,2024-12-13
POL-200761,TG-103976,19128.0, approved ,Condo,2024-06-14
POL-200762,TG-101999,24168.0, approved ,Condo,2024-04-20
POL-200763,TG-102187,19742.0,Approved,Condo,2023-02-21
POL-200764,TG-105996,9590.0,Approved,Apartment,2024-07-24
POL-200765,TG-104409,24991.0, approved ,Condo,2023-09-13
POL-200766,TG-109074,16061.0,Pending,Apartment,2025-05-18
POL-200767,TG-100823,16079.0, approved , apartment ,2023-05-05
POL-200768,TG-101686,21481.0,Denied,Townhouse,2024-04-12
POL-200769,TG-106357,9472.0, approved ,Condo,2023-05-17
POL-200770,TG-109201,16278.0,Approved,Apartment,2025-03-31
POL-200771,TG-104492,14935.0,Approved, apartment ,2024-04-20
POL-200772,TG-104055,14557.0,Approved,Townhouse,2024-11-14
POL-200773,TG-101424,22620.0,Approved,Apartment,2024-06-27
POL-200774,TG-103022,24204.0,Denied, apartment ,2024-07-26
POL-200775,TG-101191,22093.0,Approved,Townhouse,2024-09-01
POL-200776,TG-103825,16801.0,Approved, apartment ,2023-11-21
POL-200777,TG-105437,22870.0,Pending, apartment ,2025-02-12
POL-200778,TG-105820,19919.0,Pending,Condo,2024-03-29
POL-200779,TG-101229,18472.0,Denied,Townhouse,2024-09-19
POL-200780,TG-108674,23403.0,Pending,Townhouse,2025-04-14
POL-200781,TG-101878,24967.0,Approved,Townhouse,2025-01-06
POL-200782,TG-106537,13407.0,Pending,Condo,2024-05-31
POL-200783,TG-103520,18895.0, approved ,Apartment,2024-03-12
POL-200784,TG-104298,5151.0, approved , apartment ,2025-04-30
POL-200785,TG-107460,15834.0, approved ,Apartment,2024-07-15
POL-200786,TG-100888,7466.0,Approved,Condo,2024-04-01
POL-200787,TG-105418,15168.0,Approved, apartment ,2023-06-12
POL-200788,TG-108741,19943.0, approved ,Condo,2025-01-31
POL-200789,TG-105462,9142.0,Approved, apartment ,2025-06-01
POL-200790,TG-107191,19973.0,Approved,Condo,2024-05-01
POL-200791,TG-101003,5370.0,Denied,Condo,2024-04-05
POL-200792,TG-101484,9520.0,Approved,Condo,2023-09-23
POL-200793,TG-109712,6846.0,Approved,Condo,2025-02-08
POL-200794,TG-101365,18737.0,Pending, apartment ,2023-09-11
POL-200795,TG-100048,10865.0,Denied,Condo,2025-05-10
POL-200796,TG-109311,15512.0,Denied, apartment ,2024-10-14
POL-200797,TG-104457,22579.0,Denied,Apartment,2023-10-11
POL-200798,,19736.0, approved ,Townhouse,2025-02-23
POL-200799,TG-101932,23550.0, approved ,Townhouse,2025-03-07
POL-200800,TG-100686,20771.0,Denied,Condo,2024-06-17
POL-200801,TG-102580,5280.0, approved , apartment ,2024-05-11
POL-200802,TG-107031,11566.0,Approved, apartment ,2024-10-03
POL-200803,TG-106863,12518.0,Pending,Townhouse,2023-09-02
POL-200804,TG-104440,17241.0,Approved, apartment ,2023-10-09
POL-200805,TG-106479,6520.0,Pending,Condo,2024-03-26
POL-200806,TG-109545,22446.0,Denied, apartment ,2023-03-21
POL-200807,TG-104041,10040.0,Approved,Townhouse,2024-12-31
POL-200808,TG-103678,15190.0, approved ,Townhouse,2023-10-20
POL-200809,TG-103955,, approved ,Townhouse,2023-08-29
POL-200810,TG-103948,8085.0, approved ,Townhouse,2023-10-06
POL-200811,TG-104941,22730.0,Pending,Apartment,2023-12-10
POL-200812,TG-105065,24710.0,Approved,Apartment,2023-11-24
POL-200813,TG-107451,9637.0,Denied,Condo,2024-07-07
POL-200814,TG-100457,11244.0,Denied,Townhouse,2023-03-24
POL-200815,TG-100815,12234.0,Denied,Condo,2023-05-22
POL-200816,TG-109683,14596.0, approved ,Apartment,2023-06-04
POL-200817,TG-102239,7500.0, approved ,Condo,2023-08-25
POL-200818,TG-109054,22920.0,Pending,Townhouse,2024-01-28
POL-200819,TG-105894,23773.0,Pending,Apartment,2024-12-11
POL-200820,TG-102650,9478.0,Approved,Apartment,2023-06-06
POL-200821,TG-108839,10027.0,Pending, apartment ,2024-12-24
POL-200822,TG-109613,17516.0,Denied,Townhouse,2023-08-08
POL-200823,TG-100263,20789.0,Denied,Apartment,2023-03-07
POL-200824,TG-100258,19973.0, approved ,Condo,2024-02-29
POL-200825,TG-107171,6835.0,Pending, apartment ,2024-02-22
POL-200826,TG-104755,16211.0,Pending,Condo,2023-12-05
POL-200827,TG-109662,12652.0,Approved,Townhouse,2024-07-09
POL-200828,TG-106275,,Pending,Condo,2024-04-22
POL-200829,TG-104949,6591.0,Pending, apartment ,2024-03-01
POL-200830,TG-106570,10520.0,Pending,Apartment,2023-03-05
POL-200831,TG-108242,9663.0,Denied,Condo,2023-07-31
POL-200832,TG-102642,19040.0, approved ,Condo,2025-05-02
POL-200833,TG-109215,18620.0, approved ,Condo,2024-03-06
POL-200834,TG-109686,9362.0,Approved,Apartment,2024-02-03
POL-200835,TG-108976,18268.0, approved ,Townhouse,2025-02-27
POL-200836,TG-103954,5311.0,Approved,Townhouse,2024-08-21
POL-200837,TG-109244,16088.0,Approved,Condo,2024-12-13
POL-200838,TG-106494,6649.0,Denied,Townhouse,2023-01-21
POL-200839,TG-107345,16615.0,Denied,Townhouse,2025-05-27
POL-200840,TG-106857,17489.0,Denied,Condo,2025-02-22
POL-200841,TG-106312,12941.0,Approved,Condo,2024-08-12
POL-200842,TG-108996,24046.0,Denied,Condo,2024-01-25
POL-200843,TG-102569,9620.0,Denied,Apartment,2024-05-03
POL-200844,TG-102787,, approved ,Condo,2023-01-07
POL-200845,TG-106107,12246.0,Approved, apartment ,2023-12-27
POL-200846,TG-100467,20734.0, approved ,Townhouse,2023-11-02
POL-200847,TG-105270,15176.0,Denied, apartment ,2025-02-10
POL-200848,TG-103075,22608.0, approved ,Townhouse,2024-02-04
POL-200849,TG-108889,20805.0,Denied,Townhouse,2025-05-23
POL-200850,TG-104734,8379.0, approved ,Condo,2025-05-05
POL-200851,TG-102864,10297.0,Denied,Townhouse,2024-03-05
POL-200852,TG-105227,23510.0,Pending,Apartment,2024-07-05
POL-200853,TG-109002,15136.0,Denied,Condo,2025-02-04
POL-200854,TG-103117,20775.0,Denied,Townhouse,2025-01-22
POL-200855,TG-107067,15660.0,Approved,Condo,2024-07-13
POL-200856,TG-106312,14704.0,Denied,Townhouse,2025-03-30
POL-200857,TG-101489,18500.0,Approved, apartment ,2024-09-09
POL-200858,TG-110046,10686.0,Pending,Apartment,2023-08-14
POL-200859,TG-101752,12140.0,Approved,Apartment,2024-05-14
POL-200860,TG-108501,15355.0,Pending, apartment ,2023-08-13
POL-200861,TG-102603,15916.0,Approved,Apartment,2023-10-07
POL-200862,TG-104860,9981.0,Approved,Townhouse,2024-03-22
POL-200863,TG-109548,18075.0,Approved,Townhouse,2024-05-12
POL-200864,TG-101177,19224.0,Approved,Townhouse,2023-01-30
POL-200865,TG-103968,23470.0, approved , apartment ,2024-02-03
POL-200866,TG-107373,9624.0,Pending, apartment ,2023-12-11
POL-200867,TG-101333,10301.0, approved ,Apartment,2024-11-15
POL-200868,TG-106223,11553.0,Approved,Townhouse,2024-11-26
POL-200869,TG-101313,24841.0,Pending,Townhouse,2025-03-28
POL-200870,TG-107684,16692.0, approved , apartment ,2024-02-19
POL-200871,TG-107794,10132.0,Pending,Condo,2025-01-11
POL-200872,TG-109552,10156.0,Denied,Apartment,2023-06-19
POL-200873,TG-106360,12093.0,Pending,Townhouse,2025-05-10
POL-200874,TG-107312,24775.0, approved ,Townhouse,2024-04-23
POL-200875,TG-103559,10695.0,Denied,Condo,2023-05-11
POL-200876,TG-104373,21666.0,Pending,Apartment,2024-09-29
POL-200877,TG-103629,20949.0,Approved,Apartment,2024-06-30
POL-200878,TG-105584,12066.0,Pending,Apartment,2023-01-28
POL-200879,TG-101197,18781.0, approved , apartment ,2024-02-08
POL-200880,TG-101081,,Approved,Condo,2024-08-29
POL-200881,TG-106285,22772.0,Denied,Condo,2024-07-31
POL-200882,TG-103871,23885.0,Denied,Apartment,2024-11-09
POL-200883,TG-104339,11814.0,Pending,Townhouse,2023-01-28
POL-200884,TG-105242,21848.0,Denied, apartment ,2023-03-27
POL-200885,TG-107021,15694.0, approved ,Condo,2024-10-20
POL-200886,TG-109424,20116.0,Denied, apartment ,2024-03-14
POL-200887,TG-106131,9110.0, approved , apartment ,2023-05-19
POL-200888,TG-100762,23545.0,Approved, apartment ,2025-06-06
POL-200889,TG-110029,16102.0, approved ,Condo,2024-04-17
POL-200890,TG-102517,24914.0,Approved,Condo,2023-07-06
POL-200891,TG-101127,7176.0,Approved, apartment ,2023-02-21
POL-200892,TG-103646,15026.0, approved ,Condo,2023-09-24
POL-200893,TG-101640,9566.0,Pending,Townhouse,2024-01-24
POL-200894,TG-100973,17350.0,Denied,Townhouse,2023-12-02
POL-200895,TG-109772,13128.0,Approved,Townhouse,2023-08-05
POL-200896,TG-109125,21731.0,Approved,Apartment,2024-04-10
POL-200897,TG-107810,24507.0,Pending,Condo,2023-12-01
POL-200898,TG-107011,16440.0,Approved,Townhouse,2023-12-12
POL-200899,TG-107671,8990.0,Denied,Townhouse,2025-02-18
POL-200900,TG-100550,21850.0,Approved,Condo,2025-06-19
POL-200901,TG-101349,17271.0, approved ,Apartment,2024-01-24
POL-200902,TG-101976,18286.0,Pending, apartment ,2023-10-12
POL-200903,TG-100276,14143.0,Denied, apartment ,2025-02-09
POL-200904,TG-101860,10823.0,Approved,Townhouse,2025-05-01
POL-200905,TG-107612,17634.0, approved ,Apartment,2024-03-07
POL-200906,TG-108394,18905.0,Denied,Apartment,2023-09-16
POL-200907,TG-104377,24072.0,Denied,Condo,2025-05-04
POL-200908,TG-104070,6619.0,Denied, apartment ,2023-03-25
POL-200909,TG-104470,9263.0,Pending,Condo,2024-04-26
POL-200910,TG-109455,17188.0,Denied,Apartment,2023-01-20
POL-200911,TG-100014,7436.0,Pending,Apartment,2025-02-06
POL-200912,TG-109831,6944.0,Approved, apartment ,2024-07-06
POL-200913,TG-104419,12877.0,Denied,Condo,2023-02-23
POL-200914,TG-101068,23299.0,Pending,Townhouse,2023-12-25
POL-200915,TG-103480,23892.0,Pending,Apartment,2023-08-18
POL-200916,TG-105745,5592.0,Approved, apartment ,2024-10-27
POL-200917,TG-108910,15397.0, approved ,Condo,2023-03-12
POL-200918,TG-106945,15278.0,Approved,Townhouse,2025-03-10
POL-200919,TG-101618,9089.0,Denied,Apartment,2024-10-29
POL-200920,TG-101334,15699.0,Pending, apartment ,2023-02-11
POL-200921,TG-109476,15775.0,Pending,Condo,2025-02-11
POL-200922,TG-107781,10634.0, approved ,Condo,2023-02-01
POL-200923,TG-108775,15430.0,Pending,Townhouse,2023-09-11
POL-200924,TG-103271,6418.0, approved ,Townhouse,2023-07-24
POL-200925,TG-108595,18209.0,Approved, apartment ,2025-05-09
POL-200926,TG-108692,10616.0,Denied,Townhouse,2023-01-21
POL-200927,TG-107930,14865.0,Pending,Condo,2024-09-28
POL-200928,TG-102870,18786.0,Denied,Townhouse,2023-06-06
POL-200929,TG-104668,23056.0, approved , apartment ,2023-09-02
POL-200930,TG-109860,10081.0,Pending,Apartment,2023-05-10
POL-200931,TG-102204,23115.0, approved , apartment ,2024-04-29
POL-200932,TG-109283,8588.0,Denied, apartment ,2024-11-16
POL-200933,TG-100621,12012.0,Pending,Townhouse,2023-04-28
POL-200934,TG-101203,24471.0,Approved, apartment ,2024-07-31
POL-200935,TG-101170,23764.0,Pending,Apartment,2023-08-12
POL-200936,TG-107533,9881.0,Approved,Townhouse,2024-04-21
POL-200937,TG-101041,21676.0, approved ,Apartment,2024-12-17
POL-200938,TG-106085,16016.0,Denied,Townhouse,2023-09-20
POL-200939,TG-105406,5669.0,Pending,Apartment,2025-02-24
POL-200940,TG-109216,10686.0,Approved,Townhouse,2024-01-13
POL-200941,TG-100005,9881.0,Denied, apartment ,2023-06-21
POL-200942,TG-109252,23599.0,Approved, apartment ,2024-09-12
POL-200943,TG-101281,9901.0,Denied,Townhouse,2024-09-13
POL-200944,TG-104153,22420.0,Pending,Apartment,2025-02-04
POL-200945,TG-109450,23556.0,Approved,Townhouse,2025-01-05
POL-200946,TG-107599,13222.0,Pending, apartment ,2023-04-28
POL-200947,TG-106443,18567.0,Pending,Condo,2025-03-07
POL-200948,TG-104378,13511.0, approved ,Townhouse,2025-04-18
POL-200949,TG-102522,12242.0,Pending,Condo,2023-06-17
POL-200950,TG-101882,6927.0,Denied,Townhouse,2023-11-15
POL-200951,TG-103703,7520.0,Denied,Condo,2023-04-21
POL-200952,TG-106231,8703.0,Pending,Townhouse,2024-08-15
POL-200953,TG-101383,14246.0,Pending,Townhouse,2023-01-27
POL-200954,TG-100991,21525.0, approved ,Townhouse,2023-11-16
POL-200955,TG-101815,5056.0,Pending,Condo,2024-08-12
POL-200956,TG-109226,21599.0,Approved,Townhouse,2024-11-24
POL-200957,TG-101565,15061.0, approved , apartment ,2024-01-20
POL-200958,TG-108814,13446.0,Approved,Condo,2024-02-11
POL-200959,TG-109065,5990.0,Denied, apartment ,2025-01-02
POL-200960,TG-101666,12445.0,Denied, apartment ,2023-07-23
POL-200961,TG-107946,18410.0,Approved, apartment ,2023-03-19
POL-200962,TG-109591,8543.0, approved , apartment ,2024-08-29
POL-200963,TG-102838,17969.0,Denied,Apartment,2024-12-08
POL-200964,TG-109201,6654.0,Denied,Townhouse,2025-04-30
POL-200965,TG-108755,5985.0,Approved,Apartment,2024-10-04
POL-200966,TG-106254,19788.0,Denied,Apartment,2023-09-06
POL-200967,TG-104432,19271.0,Approved, apartment ,2023-04-15
POL-200968,TG-101935,11024.0,Pending,Townhouse,2024-12-14
POL-200969,TG-104402,10671.0, approved , apartment ,2025-03-02
POL-200970,TG-106082,19297.0, approved ,Apartment,2023-11-05
POL-200971,TG-106451,22112.0,Denied,Townhouse,2025-05-20
POL-200972,TG-101877,6935.0,Pending,Townhouse,2024-12-01
POL-200973,TG-105344,, approved , apartment ,2024-09-06
POL-200974,TG-104294,9283.0,Denied,Condo,2025-04-04
POL-200975,TG-109910,7971.0,Pending,Townhouse,2023-05-04
POL-200976,TG-100420,17695.0,Approved,Townhouse,2025-03-26
POL-200977,TG-101798,22046.0,Denied, apartment ,2024-08-02
POL-200978,TG-109856,13657.0,Approved,Condo,2025-03-12
POL-200979,TG-102807,21225.0,Denied, apartment ,2023-02-12
POL-200980,TG-102810,11961.0, approved , apartment ,2023-12-22
POL-200981,TG-105402,11786.0,Pending,Condo,2024-06-29
POL-200982,TG-109167,8942.0,Approved,Condo,2024-03-14
POL-200983,TG-108014,20260.0, approved , apartment ,2024-11-08
POL-200984,TG-106960,10461.0,Denied,Townhouse,2024-01-15
POL-200985,TG-105756,15842.0, approved ,Condo,2023-03-12
POL-200986,TG-106706,24244.0,Approved, apartment ,2024-06-02
POL-200987,TG-108343,10991.0,Approved, apartment ,2024-10-25
POL-200988,TG-104524,24795.0,Approved,Apartment,2023-12-16
POL-200989,TG-103947,11948.0,Pending,Condo,2023-01-13
POL-200990,TG-105920,23337.0,Pending,Apartment,2025-05-19
POL-200991,TG-108397,12247.0,Denied,Apartment,2024-03-06
POL-200992,TG-100586,10780.0, approved , apartment ,2025-04-22
POL-200993,TG-100537,16534.0, approved ,Townhouse,2024-05-16
POL-200994,TG-104979,14228.0,Approved,Townhouse,2023-04-19
POL-200995,TG-108651,21412.0,Approved,Townhouse,2024-03-19
POL-200996,TG-104728,12864.0, approved ,Condo,2024-01-06
POL-200997,TG-101768,10923.0,Denied,Condo,2024-10-12
POL-200998,TG-109178,15027.0,Pending,Apartment,2025-04-28
POL-200999,TG-108271,, approved ,Condo,2024-04-15
POL-201000,TG-107435,18578.0, approved ,Condo,2024-12-25
POL-201001,TG-103118,9944.0, approved ,Apartment,2023-06-06
POL-201002,TG-103845,14024.0, approved ,Condo,2024-03-21
POL-201003,TG-104873,8411.0,Denied,Apartment,2023-06-30
POL-201004,TG-104225,17346.0, approved ,Apartment,2025-01-21
POL-201005,TG-107761,8441.0, approved , apartment ,2024-06-18
POL-201006,TG-107311,9706.0,Denied, apartment ,2024-10-28
POL-201007,TG-108133,22677.0,Approved,Apartment,2023-10-04
POL-201008,TG-101933,22442.0,Approved, apartment ,2024-09-22
POL-201009,TG-105822,5514.0,Denied,Townhouse,2025-04-07
POL-201010,TG-109128,10823.0,Approved,Townhouse,2024-07-05
POL-201011,TG-103591,14712.0, approved ,Townhouse,2025-03-04
POL-201012,TG-108699,15724.0,Pending, apartment ,2024-05-10
POL-201013,TG-105222,21322.0,Denied,Townhouse,2024-04-21
POL-201014,TG-106061,17893.0,Approved,Apartment,2024-03-22
POL-201015,TG-103666,8676.0,Pending,Condo,2025-04-25
POL-201016,TG-105486,24472.0, approved , apartment ,2025-01-18
POL-201017,TG-105878,9856.0,Pending,Townhouse,2024-08-29
POL-201018,TG-108001,5920.0,Approved,Apartment,2023-10-02
POL-201019,TG-106180,10206.0,Approved, apartment ,2023-11-27
POL-201020,TG-100770,22116.0,Denied,Condo,2025-05-22
POL-201021,TG-107659,23819.0,Pending,Townhouse,2023-09-09
POL-201022,TG-100443,22979.0,Denied,Townhouse,2025-04-30
POL-201023,TG-107265,8838.0,Denied,Apartment,2023-03-30
POL-201024,TG-109323,14788.0,Pending,Townhouse,2023-10-13
POL-201025,TG-102415,13389.0,Pending,Condo,2024-04-06
POL-201026,TG-103819,5798.0, approved ,Townhouse,2023-09-07
POL-201027,TG-109850,5968.0, approved ,Townhouse,2025-02-07
POL-201028,TG-106816,19460.0,Approved, apartment ,2024-04-20
POL-201029,TG-109941,15202.0,Denied, apartment ,2024-08-06
POL-201030,TG-100750,24317.0,Pending,Condo,2024-09-16
POL-201031,TG-103884,8543.0, approved , apartment ,2024-11-15
POL-201032,TG-108623,17660.0,Pending,Condo,2024-01-24
POL-201033,TG-101599,19997.0, approved ,Condo,2023-12-11
POL-201034,TG-105179,13753.0, approved ,Apartment,2023-01-30
POL-201035,TG-108850,13894.0,Pending,Apartment,2024-05-21
POL-201036,TG-105562,12354.0,Approved, apartment ,2025-05-21
POL-201037,TG-104110,14682.0,Approved,Condo,2023-11-29
POL-201038,TG-101330,20263.0,Pending,Apartment,2023-07-06
POL-201039,TG-105410,17299.0,Pending,Apartment,2024-05-14
POL-201040,TG-107483,15501.0,Pending, apartment ,2023-08-06
POL-201041,TG-101126,6055.0,Denied,Townhouse,2023-12-30
POL-201042,TG-105386,16399.0, approved ,Apartment,2025-03-27
POL-201043,TG-102717,23338.0,Approved,Townhouse,2023-09-22
POL-201044,TG-105185,13014.0, approved , apartment ,2023-12-15
POL-201045,TG-100512,15203.0, approved ,Townhouse,2023-10-14
POL-201046,TG-106768,24989.0,Approved, apartment ,2024-09-02
POL-201047,TG-108366,22197.0,Pending, apartment ,2024-12-19
POL-201048,TG-101686,12688.0,Denied,Townhouse,2023-10-10
POL-201049,TG-101295,15794.0,Denied,Townhouse,2024-07-23
POL-201050,TG-101273,18503.0,Approved,Condo,2023-01-11
POL-201051,TG-102309,19408.0,Denied, apartment ,2024-06-13
POL-201052,TG-102307,6218.0,Approved,Apartment,2023-07-15
POL-201053,TG-105956,9593.0,Pending, apartment ,2023-03-29
POL-201054,TG-102294,17242.0,Denied, apartment ,2023-09-05
POL-201055,TG-106956,6219.0,Pending, apartment ,2025-01-07
POL-201056,TG-107249,7379.0,Pending, apartment ,2024-02-21
POL-201057,TG-105277,16617.0,Pending,Condo,2024-05-15
POL-201058,TG-102107,7010.0, approved ,Apartment,2024-07-22
POL-201059,TG-101823,18000.0,Approved,Apartment,2025-02-15
POL-201060,TG-108290,23680.0,Pending,Apartment,2023-09-04
POL-201061,TG-103667,22623.0,Approved,Townhouse,2024-12-08
POL-201062,TG-105918,13597.0,Pending,Townhouse,2024-05-02
POL-201063,TG-105041,18501.0, approved ,Townhouse,2024-10-23
POL-201064,TG-102192,23916.0, approved ,Condo,2024-12-29
POL-201065,TG-100654,6121.0,Pending,Apartment,2024-05-17
POL-201066,TG-107421,11554.0,Approved,Apartment,2024-04-03
POL-201067,TG-106283,19491.0,Denied,Condo,2025-03-22
POL-201068,TG-104106,14574.0,Approved, apartment ,2023-01-18
POL-201069,TG-100583,9241.0,Denied,Condo,2023-04-06
POL-201070,TG-100578,9833.0,Denied,Townhouse,2023-10-29
POL-201071,TG-106880,11005.0,Approved,Condo,2023-08-15
POL-201072,TG-106771,17677.0, approved ,Townhouse,2024-02-19
POL-201073,TG-100805,12963.0,Denied,Condo,2024-12-09
POL-201074,TG-105992,8904.0,Pending,Condo,2023-09-07
POL-201075,TG-107701,5338.0,Pending,Apartment,2023-11-10
POL-201076,TG-109450,24089.0,Approved,Condo,2024-11-10
POL-201077,TG-104290,9325.0, approved , apartment ,2024-08-18
POL-201078,TG-108915,8504.0,Approved,Condo,2024-01-13
POL-201079,TG-103005,14091.0,Denied, apartment ,2024-04-29
POL-201080,TG-100654,6117.0, approved ,Condo,2024-07-20
POL-201081,TG-102860,8699.0, approved ,Apartment,2024-06-27
POL-201082,TG-108556,14623.0,Denied,Townhouse,2023-12-19
POL-201083,TG-105672,22866.0,Denied, apartment ,2024-03-11
POL-201084,TG-102949,10350.0,Pending,Condo,2025-02-02
POL-201085,TG-109009,19024.0,Approved,Townhouse,2024-07-17
POL-201086,TG-102416,23826.0,Denied,Townhouse,2023-12-05
POL-201087,TG-109921,12375.0,Pending,Condo,2023-12-27
POL-201088,TG-100125,11542.0,Denied,Townhouse,2024-12-20
POL-201089,TG-106240,22118.0,Pending, apartment ,2024-04-09
POL-201090,TG-105709,,Pending, apartment ,2023-10-05
POL-201091,TG-108072,6980.0,Approved, apartment ,2023-11-10
POL-201092,TG-106520,23122.0,Approved, apartment ,2023-09-15
POL-201093,TG-103768,7539.0,Denied,Townhouse,2023-08-25
POL-201094,TG-106601,6981.0, approved ,Apartment,2023-05-04
POL-201095,TG-103610,17386.0,Denied,Townhouse,2025-01-08
POL-201096,TG-109829,5707.0, approved , apartment ,2023-07-17
POL-201097,TG-107847,14041.0,Approved,Apartment,2023-11-20
POL-201098,TG-105330,23510.0,Approved,Apartment,2023-05-03
POL-201099,TG-102538,23422.0,Pending,Townhouse,2025-01-30
POL-201100,TG-107116,19709.0,Denied,Townhouse,2024-07-02
POL-201101,TG-106040,20231.0,Denied,Condo,2025-02-19
POL-201102,TG-107561,23168.0,Pending,Apartment,2024-12-07
POL-201103,TG-106814,5478.0,Denied,Townhouse,2023-07-09
POL-201104,TG-109070,20546.0,Denied,Apartment,2023-07-16
POL-201105,TG-107044,8409.0,Denied, apartment ,2023-08-10
POL-201106,TG-108013,13655.0,Pending,Condo,2025-01-26
POL-201107,TG-109038,15074.0,Approved,Apartment,2024-05-10
POL-201108,TG-103561,14971.0,Denied,Condo,2023-10-11
POL-201109,TG-108555,23582.0,Denied,Condo,2025-01-11
POL-201110,TG-102188,5974.0,Denied, apartment ,2024-08-26
POL-201111,TG-104678,19381.0,Pending, apartment ,2025-02-17
POL-201112,TG-107673,7904.0,Denied,Apartment,2024-06-21
POL-201113,TG-101940,14389.0,Denied, apartment ,2024-09-03
POL-201114,,18982.0, approved ,Townhouse,2023-10-17
POL-201115,TG-103636,5589.0,Pending,Condo,2023-04-13
POL-201116,TG-103073,13312.0,Pending,Townhouse,2025-05-02
POL-201117,TG-106304,15867.0,Denied,Townhouse,2023-07-18
POL-201118,TG-101002,14280.0,Approved, apartment ,2023-10-31
POL-201119,TG-107146,8868.0,Pending,Townhouse,2023-08-21
POL-201120,TG-108181,13132.0,Approved, apartment ,2024-01-05
POL-201121,TG-100485,7258.0, approved , apartment ,2023-07-03
POL-201122,TG-107131,,Approved, apartment ,2023-11-06
POL-201123,TG-105374,19427.0,Denied,Townhouse,2023-01-15
POL-201124,TG-106088,9672.0,Approved,Condo,2024-12-26
POL-201125,TG-107985,12621.0,Approved,Townhouse,2024-06-30
POL-201126,TG-104736,8713.0,Denied,Apartment,2023-05-10
POL-201127,TG-105748,10691.0,Pending, apartment ,2023-10-08
POL-201128,TG-102910,24836.0, approved , apartment ,2023-02-16
POL-201129,TG-109539,10532.0,Pending,Condo,2023-02-25
POL-201130,TG-104771,22220.0,Approved,Apartment,2024-07-20
POL-201131,TG-101678,23510.0,Pending,Condo,2023-10-27
POL-201132,TG-100375,10690.0, approved ,Apartment,2024-12-15
POL-201133,TG-100944,11686.0,Denied,Apartment,2023-05-10
POL-201134,TG-102065,23555.0,Denied,Apartment,2024-10-15
POL-201135,TG-105322,5709.0,Approved,Condo,2025-06-08
POL-201136,TG-106026,21061.0, approved ,Apartment,2025-02-09
POL-201137,TG-100438,11404.0,Denied,Condo,2024-05-17
POL-201138,TG-109027,12443.0, approved ,Townhouse,2023-04-16
POL-201139,TG-104057,15265.0,Denied,Townhouse,2025-06-12
POL-201140,TG-100062,23044.0, approved ,Apartment,2023-01-13
POL-201141,TG-102232,10800.0,Denied,Apartment,2024-08-10
POL-201142,TG-105481,11899.0,Denied,Apartment,2023-10-19
POL-201143,TG-106988,8994.0, approved ,Townhouse,2024-04-25
POL-201144,TG-109045,20198.0,Approved,Condo,2024-05-05
POL-201145,TG-109071,12478.0, approved ,Condo,2024-03-27
POL-201146,TG-106228,24086.0,Denied,Condo,2023-12-15
POL-201147,TG-105953,20871.0, approved ,Condo,2023-07-08
POL-201148,TG-107676,6130.0, approved ,Apartment,2023-02-22
POL-201149,TG-102684,23720.0,Pending, apartment ,2023-09-16
POL-201150,TG-104441,24151.0, approved ,Apartment,2025-06-01
POL-201151,TG-107592,,Denied, apartment ,2024-05-04
POL-201152,TG-109844,15879.0,Approved,Townhouse,2023-04-27
POL-201153,TG-102803,19806.0,Approved,Townhouse,2025-04-21
POL-201154,TG-102813,9247.0,Pending,Condo,2023-03-08
POL-201155,TG-106604,24093.0,Denied, apartment ,2024-02-15
POL-201156,TG-105070,20628.0, approved ,Condo,2024-05-18
POL-201157,TG-109590,12780.0, approved ,Condo,2023-03-17
POL-201158,TG-108830,23996.0,Approved,Apartment,2024-08-13
POL-201159,TG-108421,11426.0, approved , apartment ,2024-10-06
POL-201160,TG-105266,12123.0,Denied, apartment ,2024-12-03
POL-201161,TG-105035,24751.0,Pending,Condo,2023-02-24
POL-201162,TG-109707,7348.0, approved ,Apartment,2023-06-05
POL-201163,TG-103670,19261.0, approved ,Condo,2023-06-02
POL-201164,,24580.0,Denied,Apartment,2025-04-10
POL-201165,TG-104957,18755.0,Approved,Condo,2024-07-30
POL-201166,TG-102927,15864.0, approved ,Condo,2023-11-08
POL-201167,TG-101044,13767.0,Pending,Townhouse,2023-03-29
POL-201168,TG-104507,8363.0,Denied,Apartment,2023-09-12
POL-201169,TG-108586,12334.0,Approved,Condo,2023-05-02
POL-201170,TG-101687,22277.0,Pending,Townhouse,2024-07-25
POL-201171,TG-103771,9783.0,Pending,Townhouse,2025-02-21
POL-201172,TG-106722,14833.0, approved , apartment ,2024-03-02
POL-201173,TG-108268,5839.0,Pending,Condo,2024-09-12
POL-201174,TG-107412,11209.0,Pending, apartment ,2024-09-02
POL-201175,TG-103371,13683.0,Denied, apartment ,2025-03-20
POL-201176,TG-109871,22558.0, approved , apartment ,2024-09-25
POL-201177,TG-103295,16507.0,Approved,Townhouse,2023-08-20
POL-201178,TG-106358,12996.0,Approved, apartment ,2025-03-05
POL-201179,TG-101214,13116.0,Approved,Townhouse,2024-06-19
POL-201180,TG-103071,13532.0,Pending,Condo,2024-01-25
POL-201181,TG-101302,21531.0,Approved, apartment ,2024-04-06
POL-201182,TG-105041,14402.0, approved ,Townhouse,2024-03-29
POL-201183,TG-106659,,Approved,Townhouse,2023-11-01
POL-201184,TG-103447,16312.0, approved ,Condo,2025-05-30
POL-201185,TG-100150,20233.0, approved ,Townhouse,2024-08-25
POL-201186,TG-105153,13591.0,Approved,Townhouse,2024-03-15
POL-201187,TG-103893,16356.0, approved ,Condo,2023-11-09
POL-201188,TG-104576,6291.0,Pending,Condo,2024-08-05
POL-201189,TG-102516,13769.0,Pending,Apartment,2024-09-27
POL-201190,TG-101873,8131.0,Approved,Townhouse,2023-03-03
POL-201191,TG-105668,13924.0,Approved,Townhouse,2024-09-16
POL-201192,TG-101728,6491.0,Pending,Apartment,2025-01-27
POL-201193,TG-103650,13540.0, approved ,Apartment,2023-04-12
POL-201194,TG-108783,14929.0, approved ,Apartment,2025-02-20
POL-201195,TG-106710,21691.0,Approved,Townhouse,2023-08-01
POL-201196,TG-107702,17349.0,Pending, apartment ,2024-10-02
POL-201197,TG-100543,24354.0,Approved, apartment ,2023-08-05
POL-201198,TG-105837,13448.0,Denied, apartment ,2023-09-28
POL-201199,TG-101967,7198.0, approved ,Townhouse,2024-11-07
POL-201200,TG-108230,10553.0,Denied,Apartment,2023-03-25
POL-201201,TG-109532,6290.0,Pending,Apartment,2023-06-10
POL-201202,TG-106786,21984.0, approved ,Apartment,2023-09-03
POL-201203,TG-108956,6350.0, approved ,Condo,2023-06-27
POL-201204,TG-101363,22285.0,Pending,Townhouse,2024-07-19
POL-201205,TG-109777,19220.0,Denied,Condo,2023-03-18
POL-201206,TG-108257,12663.0,Denied,Townhouse,2023-06-10
POL-201207,TG-104896,7529.0,Approved, apartment ,2023-01-03
POL-201208,TG-100176,17349.0,Denied,Townhouse,2024-02-23
POL-201209,TG-104392,18438.0, approved ,Townhouse,2024-04-06
POL-201210,TG-108722,23465.0,Denied, apartment ,2024-12-06
POL-201211,TG-109675,18260.0,Approved,Condo,2024-08-31
POL-201212,TG-106154,11077.0,Denied, apartment ,2024-04-26
POL-201213,TG-108251,15522.0,Pending,Townhouse,2023-10-26
POL-201214,TG-105547,12717.0,Approved,Condo,2023-02-03
POL-201215,TG-107318,18186.0,Denied,Apartment,2023-08-26
POL-201216,TG-108789,16297.0, approved , apartment ,2023-10-23
POL-201217,TG-108716,14584.0,Pending,Apartment,2024-12-24
POL-201218,TG-100685,21035.0, approved ,Apartment,2023-10-17
POL-201219,TG-105816,8872.0, approved , apartment ,2024-12-20
POL-201220,TG-101718,21943.0,Pending,Condo,2025-05-30
POL-201221,TG-105130,13364.0, approved ,Apartment,2024-04-09
POL-201222,TG-109808,21834.0,Denied,Apartment,2023-03-14
POL-201223,TG-106286,16166.0,Pending, apartment ,2024-12-04
POL-201224,TG-106141,14386.0,Pending,Apartment,2023-08-28
POL-201225,TG-109383,6868.0,Approved,Apartment,2023-09-28
POL-201226,TG-101633,9832.0,Denied,Townhouse,2025-03-17
POL-201227,TG-100654,18613.0, approved ,Apartment,2025-03-21
POL-201228,TG-104334,19779.0, approved , apartment ,2024-10-02
POL-201229,TG-102972,6205.0,Denied,Condo,2024-08-26
POL-201230,TG-106510,13046.0,Pending,Townhouse,2024-11-08
POL-201231,TG-109146,20969.0,Pending,Apartment,2025-04-03
POL-201232,TG-109263,14377.0,Approved,Townhouse,2023-07-22
POL-201233,TG-106697,17724.0,Denied,Townhouse,2024-03-11
POL-201234,TG-106153,8008.0,Approved, apartment ,2023-04-28
POL-201235,TG-104199,12656.0,Approved,Condo,2024-07-11
POL-201236,TG-102641,17171.0, approved , apartment ,2023-08-19
POL-201237,TG-107869,17909.0,Denied,Condo,2024-10-25
POL-201238,TG-108051,9883.0,Denied, apartment ,2023-06-02
POL-201239,TG-106081,23938.0,Denied,Apartment,2023-09-30
POL-201240,TG-100603,22089.0, approved ,Townhouse,2025-04-26
POL-201241,TG-101654,9551.0,Pending,Condo,2023-05-26
POL-201242,TG-107929,22524.0,Approved,Townhouse,2023-03-15
POL-201243,TG-100868,12013.0, approved ,Apartment,2023-03-03
POL-201244,TG-108362,6063.0, approved , apartment ,2023-06-19
POL-201245,TG-105422,13041.0,Pending,Townhouse,2025-03-22
POL-201246,TG-105906,12609.0, approved ,Condo,2023-11-11
POL-201247,TG-101168,7826.0, approved ,Apartment,2024-09-01
POL-201248,TG-102133,7503.0,Pending,Condo,2025-02-05
POL-201249,TG-100412,12880.0, approved ,Townhouse,2025-04-24
POL-201250,TG-108893,14958.0,Denied,Apartment,2024-08-05
POL-201251,TG-109030,6576.0,Denied, apartment ,2023-10-23
POL-201252,TG-109041,16164.0, approved ,Apartment,2024-03-25
POL-201253,TG-107793,14229.0, approved ,Apartment,2023-05-08
POL-201254,TG-105322,17590.0, approved ,Apartment,2024-04-24
POL-201255,TG-105255,15116.0,Denied,Apartment,2024-12-06
POL-201256,TG-107677,14060.0,Approved, apartment ,2023-11-08
POL-201257,TG-107927,17630.0,Denied, apartment ,2024-12-17
POL-201258,TG-103635,15864.0,Pending,Condo,2024-02-17
POL-201259,TG-101852,18713.0,Approved,Apartment,2023-10-06
POL-201260,TG-107079,21457.0, approved , apartment ,2024-05-27
POL-201261,TG-106153,5761.0,Pending, apartment ,2024-07-06
POL-201262,TG-107247,7094.0,Denied,Apartment,2024-05-20
POL-201263,TG-105427,16772.0,Pending,Condo,2024-03-24
POL-201264,TG-107865,17107.0, approved ,Townhouse,2023-03-24
POL-201265,TG-108626,18414.0,Approved,Apartment,2024-09-04
POL-201266,TG-105861,21090.0,Denied,Apartment,2023-02-10
POL-201267,TG-105767,19923.0,Pending,Apartment,2024-03-18
POL-201268,TG-105141,17930.0,Pending, apartment ,2025-01-22
POL-201269,TG-109131,9248.0, approved ,Townhouse,2023-11-27
POL-201270,TG-105497,19398.0, approved , apartment ,2024-09-10
POL-201271,TG-109072,24373.0,Denied,Condo,2023-09-14
POL-201272,TG-100548,19496.0,Pending,Condo,2023-01-27
POL-201273,TG-107275,20814.0,Approved,Condo,2023-04-04
POL-201274,TG-105506,13197.0,Approved,Townhouse,2023-08-23
POL-201275,TG-106316,15207.0,Approved,Condo,2024-11-21
POL-201276,TG-102137,12729.0,Approved,Apartment,2025-05-06
POL-201277,TG-107016,22604.0,Denied,Condo,2025-05-31
POL-201278,TG-102812,22995.0,Denied, apartment ,2024-08-12
POL-201279,TG-102537,23004.0,Pending,Condo,2024-08-24
POL-201280,TG-103563,19449.0, approved ,Townhouse,2023-01-22
POL-201281,TG-108741,7798.0,Approved,Apartment,2025-02-22
POL-201282,TG-109043,15431.0,Approved,Townhouse,2024-11-19
POL-201283,TG-106267,10063.0,Approved, apartment ,2025-04-21
POL-201284,TG-106609,12485.0,Pending,Townhouse,2023-10-03
POL-201285,TG-105672,8768.0,Pending,Townhouse,2024-08-13
POL-201286,TG-102011,9880.0,Denied,Apartment,2023-02-11
POL-201287,TG-102525,17101.0, approved ,Apartment,2025-02-20
POL-201288,TG-100305,13981.0,Pending, apartment ,2025-02-13
POL-201289,TG-109635,17333.0,Approved,Townhouse,2023-06-29
POL-201290,TG-107726,5197.0,Denied,Condo,2024-04-26
POL-201291,TG-105386,10529.0,Approved, apartment ,2024-06-15
POL-201292,TG-108078,12791.0,Approved,Townhouse,2024-10-29
POL-201293,TG-103195,6470.0, approved , apartment ,2024-03-28
POL-201294,TG-104348,17035.0,Approved,Apartment,2023-10-12
POL-201295,TG-104929,8143.0,Denied,Condo,2023-07-05
POL-201296,TG-108807,5823.0, approved ,Condo,2024-08-22
POL-201297,TG-103616,22115.0,Denied,Apartment,2024-03-22
POL-201298,TG-103250,20650.0,Denied, apartment ,2024-10-12
POL-201299,TG-104691,24370.0,Denied,Townhouse,2025-04-13
POL-201300,TG-105988,8027.0,Pending,Apartment,2024-05-18
POL-201301,TG-103033,6527.0,Approved,Townhouse,2023-04-04
POL-201302,TG-107740,21690.0,Approved, apartment ,2024-04-26
POL-201303,TG-106186,13345.0, approved , apartment ,2023-12-23
POL-201304,TG-109985,9245.0,Denied,Townhouse,2024-02-23
POL-201305,,20775.0,Approved, apartment ,2023-12-08
POL-201306,TG-102559,15963.0, approved ,Townhouse,2023-11-25
POL-201307,TG-100558,21384.0,Pending,Townhouse,2024-11-17
POL-201308,TG-102391,22258.0,Denied,Apartment,2023-04-18
POL-201309,TG-104347,10290.0, approved ,Townhouse,2025-05-28
POL-201310,TG-106111,13214.0, approved ,Condo,2023-06-14
POL-201311,TG-102560,21155.0,Pending,Apartment,2023-12-04
POL-201312,TG-101985,22852.0, approved ,Townhouse,2024-02-26
POL-201313,TG-103370,24107.0,Pending,Condo,2024-12-11
POL-201314,TG-109270,18144.0,Pending,Townhouse,2024-05-22
POL-201315,TG-103240,7335.0,Pending,Apartment,2023-10-23
POL-201316,TG-109953,16158.0,Approved,Condo,2024-11-09
POL-201317,TG-103262,5722.0,Pending, apartment ,2024-02-15
POL-201318,TG-109069,9342.0,Approved,Condo,2025-04-13
POL-201319,TG-102360,9525.0,Denied,Townhouse,2025-02-17
POL-201320,TG-105849,16956.0,Denied,Townhouse,2024-07-17
POL-201321,TG-109747,22203.0,Approved,Townhouse,2023-02-07
POL-201322,TG-104877,24889.0, approved ,Apartment,2024-04-10
POL-201323,TG-107076,9905.0,Pending, apartment ,2023-04-01
POL-201324,TG-100874,8185.0, approved , apartment ,2023-11-19
POL-201325,TG-104935,13215.0, approved ,Apartment,2023-09-16
POL-201326,TG-108443,21773.0,Pending,Townhouse,2023-11-28
POL-201327,TG-104678,8154.0,Pending,Townhouse,2023-04-29
POL-201328,TG-108242,24058.0,Approved, apartment ,2025-03-02
POL-201329,TG-100708,7674.0,Pending,Condo,2024-02-18
POL-201330,TG-108695,17363.0, approved ,Condo,2025-06-04
POL-201331,TG-101774,13351.0,Approved,Condo,2024-06-10
POL-201332,TG-101263,5735.0,Approved,Condo,2025-04-24
POL-201333,TG-106870,13707.0,Denied,Townhouse,2023-01-02
POL-201334,TG-103517,17417.0,Denied,Apartment,2024-11-04
POL-201335,TG-107254,22814.0,Denied,Condo,2025-06-09
POL-201336,TG-105008,20046.0,Denied,Apartment,2024-07-09
POL-201337,TG-103346,16811.0,Approved,Apartment,2024-04-18
POL-201338,TG-101155,8508.0,Denied,Apartment,2024-02-28
POL-201339,TG-102244,21400.0,Pending, apartment ,2023-02-25
POL-201340,TG-106143,14813.0,Approved,Condo,2023-07-12
POL-201341,TG-104749,8910.0,Approved,Condo,2024-06-14
POL-201342,TG-104900,18142.0,Denied,Condo,2024-01-06
POL-201343,TG-109641,22869.0,Approved, apartment ,2024-09-29
POL-201344,TG-102231,18760.0,Pending, apartment ,2025-02-13
POL-201345,TG-104066,10435.0,Pending, apartment ,2024-05-25
POL-201346,TG-104869,23285.0,Denied,Condo,2024-10-02
POL-201347,TG-106510,8536.0, approved ,Townhouse,2024-03-28
POL-201348,TG-109994,5295.0,Approved, apartment ,2025-02-17
POL-201349,TG-104822,18517.0,Approved,Condo,2023-02-22
POL-201350,TG-102451,22207.0,Pending,Apartment,2023-07-28
POL-201351,TG-102769,16600.0,Pending,Townhouse,2023-10-01
POL-201352,TG-108589,8849.0,Pending,Condo,2024-07-16
POL-201353,TG-109984,14609.0, approved ,Condo,2023-05-15
POL-201354,TG-102815,9906.0,Approved, apartment ,2023-10-22
POL-201355,TG-103320,13911.0,Denied,Condo,2024-03-24
POL-201356,TG-106504,12159.0,Pending,Apartment,2024-12-16
POL-201357,TG-100222,7097.0, approved ,Condo,2024-05-11
POL-201358,TG-101606,10211.0, approved , apartment ,2023-05-05
POL-201359,TG-108752,8912.0,Pending,Apartment,2023-01-30
POL-201360,TG-107045,15188.0,Pending, apartment ,2024-10-07
POL-201361,TG-108879,19536.0,Denied,Condo,2024-09-15
POL-201362,TG-104758,9271.0,Approved,Condo,2025-03-29
POL-201363,TG-100716,9512.0,Pending,Apartment,2023-09-03
POL-201364,TG-103221,7850.0, approved ,Condo,2024-12-27
POL-201365,TG-107674,10781.0, approved ,Condo,2023-06-12
POL-201366,TG-105242,12062.0, approved ,Townhouse,2023-11-15
POL-201367,TG-101771,12213.0,Denied,Townhouse,2024-07-18
POL-201368,TG-106720,14304.0, approved , apartment ,2023-01-15
POL-201369,TG-104669,9323.0,Pending, apartment ,2024-07-19
POL-201370,TG-100345,22270.0,Approved,Condo,2024-02-22
POL-201371,TG-108683,19086.0,Denied,Apartment,2023-04-06
POL-201372,TG-107452,11158.0,Approved, apartment ,2023-08-19
POL-201373,TG-103141,16428.0, approved ,Apartment,2025-05-11
POL-201374,TG-109795,7363.0,Approved,Townhouse,2023-04-27
POL-201375,TG-107531,7668.0,Pending,Townhouse,2024-04-17
POL-201376,TG-106683,9364.0,Denied, apartment ,2023-05-01
POL-201377,TG-106100,11448.0,Approved,Townhouse,2024-10-25
POL-201378,TG-103650,24510.0, approved , apartment ,2025-05-02
POL-201379,TG-103771,22523.0,Pending,Apartment,2023-06-07
POL-201380,TG-104797,12725.0, approved ,Apartment,2024-05-25
POL-201381,TG-103672,16168.0,Pending,Apartment,2025-01-03
POL-201382,TG-109047,6644.0,Denied,Condo,2023-10-26
POL-201383,TG-101814,22539.0,Pending, apartment ,2024-06-05
POL-201384,TG-109936,16934.0,Pending,Condo,2024-12-23
POL-201385,TG-109033,18057.0,Approved,Condo,2023-10-07
POL-201386,TG-101468,7208.0,Approved,Townhouse,2024-03-01
POL-201387,TG-102284,10549.0,Approved,Townhouse,2025-05-04
POL-201388,TG-101743,20611.0,Pending,Townhouse,2024-05-09
POL-201389,TG-108470,18459.0,Denied, apartment ,2024-04-28
POL-201390,TG-100959,7497.0,Pending, apartment ,2023-09-07
POL-201391,TG-100662,18632.0, approved ,Townhouse,2024-04-12
POL-201392,TG-103599,9947.0, approved , apartment ,2024-07-18
POL-201393,,5535.0,Denied,Townhouse,2023-05-29
POL-201394,TG-107729,15381.0,Denied, apartment ,2024-01-28
POL-201395,TG-102383,8632.0,Denied, apartment ,2023-07-15
POL-201396,TG-103137,20972.0, approved ,Apartment,2024-09-05
POL-201397,TG-105729,15152.0, approved ,Condo,2024-06-04
POL-201398,TG-104583,13378.0,Approved, apartment ,2025-02-03
POL-201399,TG-108827,15213.0, approved ,Townhouse,2025-06-19
POL-201400,TG-103514,7646.0,Approved,Condo,2023-05-20
POL-201401,TG-107292,5732.0,Denied,Condo,2025-06-03
POL-201402,TG-102586,19541.0,Pending,Townhouse,2023-03-13
POL-201403,TG-100693,24142.0,Pending, apartment ,2023-10-10
POL-201404,TG-106947,18392.0,Approved,Apartment,2025-03-02
POL-201405,TG-100572,20393.0, approved ,Apartment,2025-03-19
POL-201406,TG-107072,17196.0,Denied, apartment ,2025-05-24
POL-201407,TG-106155,24844.0,Pending,Apartment,2024-02-29
POL-201408,TG-106790,15281.0,Denied,Apartment,2023-12-15
POL-201409,TG-100940,7284.0,Pending, apartment ,2025-03-17
POL-201410,TG-106150,23643.0, approved , apartment ,2024-06-03
POL-201411,TG-108207,7759.0,Denied, apartment ,2023-10-01
POL-201412,TG-105692,19663.0, approved , apartment ,2025-04-20
POL-201413,TG-106330,19843.0,Denied,Condo,2023-01-03
POL-201414,TG-103310,14517.0,Pending,Apartment,2023-10-17
POL-201415,TG-105599,13287.0,Pending,Apartment,2025-01-13
POL-201416,,19347.0,Denied,Townhouse,2023-11-02
POL-201417,TG-106850,11767.0,Pending,Apartment,2025-05-07
POL-201418,TG-109775,12302.0,Denied,Condo,2024-08-24
POL-201419,TG-101776,18676.0,Approved, apartment ,2024-08-16
POL-201420,TG-102292,21263.0,Denied, apartment ,2024-11-06
POL-201421,TG-108431,15371.0, approved , apartment ,2024-05-16
POL-201422,TG-109029,24867.0, approved ,Townhouse,2025-06-05
POL-201423,TG-100867,7093.0,Pending, apartment ,2023-06-02
POL-201424,TG-107755,9975.0,Pending, apartment ,2024-04-02
POL-201425,TG-102190,17839.0,Pending,Condo,2024-07-05
POL-201426,TG-101861,8873.0,Approved,Townhouse,2024-05-10
POL-201427,TG-105037,15611.0,Approved, apartment ,2023-12-20
POL-201428,TG-103384,13586.0,Denied,Apartment,2023-12-07
POL-201429,TG-106158,12967.0,Pending,Condo,2024-07-19
POL-201430,TG-109547,20050.0,Denied, apartment ,2025-02-20
POL-201431,TG-102445,14915.0,Denied,Condo,2024-07-10
POL-201432,TG-108257,6603.0,Pending,Apartment,2024-01-22
POL-201433,TG-102621,24795.0,Pending,Townhouse,2024-04-11
POL-201434,TG-109498,10941.0, approved , apartment ,2023-11-26
POL-201435,TG-104907,17778.0,Pending,Apartment,2025-06-09
POL-201436,TG-109797,24652.0, approved , apartment ,2023-07-13
POL-201437,TG-105053,16913.0,Approved,Condo,2024-12-15
POL-201438,TG-103043,15312.0, approved , apartment ,2023-09-02
POL-201439,TG-101386,20362.0,Denied,Apartment,2024-08-08
POL-201440,TG-106500,6822.0,Denied,Townhouse,2024-01-28
POL-201441,TG-103445,12555.0,Approved, apartment ,2023-08-28
POL-201442,TG-105488,9742.0,Approved,Apartment,2025-05-26
POL-201443,,12183.0,Denied,Townhouse,2025-03-05
POL-201444,TG-107303,23779.0, approved ,Townhouse,2024-02-25
POL-201445,TG-101051,7417.0,Approved,Townhouse,2023-02-14
POL-201446,TG-106015,9364.0,Approved,Condo,2023-11-22
POL-201447,TG-107515,10843.0,Pending, apartment ,2025-02-01
POL-201448,TG-100734,22143.0,Denied,Townhouse,2024-04-29
POL-201449,TG-109900,17511.0,Pending,Apartment,2024-12-23
POL-201450,TG-103002,8157.0,Approved,Apartment,2025-04-10
POL-201451,TG-108260,12805.0,Pending, apartment ,2024-01-26
POL-201452,TG-109826,16243.0,Denied,Apartment,2024-01-31
POL-201453,TG-106327,12867.0,Denied,Condo,2024-11-10
POL-201454,TG-109859,18944.0,Denied,Townhouse,2025-03-22
POL-201455,TG-107470,17135.0, approved ,Apartment,2025-04-20
POL-201456,TG-106773,21120.0,Approved,Condo,2024-10-29
POL-201457,TG-106312,13279.0,Pending, apartment ,2023-06-05
POL-201458,TG-102547,8428.0,Approved, apartment ,2024-05-22
POL-201459,TG-105984,14863.0,Pending,Condo,2023-02-07
POL-201460,TG-106310,12377.0,Approved,Apartment,2023-05-10
POL-201461,TG-102375,18035.0, approved ,Apartment,2024-05-29
POL-201462,TG-108730,15113.0,Approved,Condo,2024-08-27
POL-201463,,9928.0,Denied,Condo,2023-12-06
POL-201464,TG-103810,19022.0,Pending,Condo,2025-06-09
POL-201465,TG-101306,11057.0,Pending,Condo,2023-04-13
POL-201466,TG-105037,7835.0,Pending,Condo,2025-06-14
POL-201467,TG-109799,7546.0,Denied,Apartment,2025-05-15
POL-201468,TG-106814,12931.0, approved ,Townhouse,2024-03-26
POL-201469,TG-106251,12818.0,Approved, apartment ,2023-04-13
POL-201470,TG-101958,17652.0, approved ,Apartment,2024-06-22
POL-201471,TG-105341,16422.0,Pending,Condo,2024-04-12
POL-201472,TG-102391,22161.0,Pending,Townhouse,2023-01-16
POL-201473,TG-102030,8413.0, approved ,Condo,2025-01-09
POL-201474,TG-102079,16728.0,Pending, apartment ,2023-05-28
POL-201475,TG-101273,7410.0,Approved,Apartment,2024-02-24
POL-201476,TG-100431,9325.0,Pending,Apartment,2025-06-10
POL-201477,TG-108284,20985.0,Pending,Condo,2024-11-01
POL-201478,TG-106956,6158.0,Approved,Condo,2023-06-08
POL-201479,TG-106192,9388.0, approved ,Apartment,2023-03-18
POL-201480,TG-101135,12948.0,Pending, apartment ,2024-04-25
POL-201481,TG-103292,11620.0, approved , apartment ,2025-03-11
POL-201482,TG-100385,7933.0,Denied,Apartment,2023-09-29
POL-201483,TG-108999,16266.0,Approved,Apartment,2023-12-13
POL-201484,TG-101159,16046.0,Denied,Townhouse,2024-09-30
POL-201485,TG-101205,5905.0,Pending,Townhouse,2024-12-10
POL-201486,TG-104597,17054.0,Denied,Apartment,2024-02-12
POL-201487,TG-102062,22155.0, approved ,Condo,2024-10-27
POL-201488,TG-101816,15143.0,Approved, apartment ,2023-03-24
POL-201489,TG-102239,9497.0,Approved,Apartment,2025-05-22
POL-201490,TG-103467,9182.0,Approved, apartment ,2023-12-03
POL-201491,TG-100578,23892.0,Approved, apartment ,2025-05-22
POL-201492,TG-100202,5899.0,Pending, apartment ,2024-11-21
POL-201493,TG-101111,9325.0, approved ,Apartment,2025-05-29
POL-201494,TG-102312,10064.0,Pending, apartment ,2024-06-30
POL-201495,TG-105535,15925.0,Approved,Condo,2024-01-25
POL-201496,TG-106021,11302.0, approved ,Townhouse,2023-11-21
POL-201497,TG-106763,14281.0,Pending, apartment ,2024-10-03
POL-201498,TG-101371,23353.0,Denied,Townhouse,2025-01-05
POL-201499,TG-108662,22743.0, approved ,Apartment,2025-02-16
POL-201500,TG-103872,9456.0, approved ,Condo,2024-05-14
POL-201501,TG-106790,23685.0,Denied,Apartment,2025-06-12
POL-201502,TG-109483,19199.0,Approved, apartment ,2024-07-08
POL-201503,TG-104370,24137.0,Denied,Apartment,2023-02-06
POL-201504,TG-106958,20667.0, approved ,Condo,2024-09-24
POL-201505,TG-108180,21675.0,Denied,Apartment,2023-03-12
POL-201506,TG-104852,8910.0,Denied,Condo,2023-08-29
POL-201507,TG-104469,22806.0,Approved,Townhouse,2024-10-08
POL-201508,TG-102111,7376.0,Denied,Condo,2024-12-01
POL-201509,TG-108013,20318.0,Approved,Townhouse,2023-10-22
POL-201510,TG-106854,14943.0, approved ,Apartment,2023-08-21
POL-201511,TG-109914,12895.0,Pending, apartment ,2025-02-03
POL-201512,TG-109875,12049.0,Denied,Apartment,2023-04-03
POL-201513,TG-109694,12206.0,Denied, apartment ,2024-03-20
POL-201514,TG-100233,7543.0, approved , apartment ,2023-04-11
POL-201515,TG-104645,13096.0, approved , apartment ,2025-02-17
POL-201516,TG-105885,13070.0,Pending, apartment ,2024-10-10
POL-201517,TG-102147,23821.0,Pending,Townhouse,2024-12-21
POL-201518,TG-109571,16754.0,Approved,Apartment,2025-06-12
POL-201519,TG-107572,11523.0,Denied,Apartment,2023-04-13
POL-201520,TG-109279,16975.0, approved ,Condo,2024-03-30
POL-201521,TG-102920,14679.0,Pending, apartment ,2023-06-20
POL-201522,TG-102606,16184.0,Denied,Condo,2024-12-11
POL-201523,TG-105988,20227.0,Pending, apartment ,2023-11-03
POL-201524,TG-107520,8092.0,Denied,Townhouse,2023-01-30
POL-201525,TG-107773,22262.0, approved ,Condo,2023-02-17
POL-201526,TG-100499,9386.0,Pending,Apartment,2023-11-29
POL-201527,TG-102481,6659.0,Pending,Condo,2025-03-26
POL-201528,TG-103710,,Pending,Condo,2023-02-27
POL-201529,TG-105065,24855.0,Pending, apartment ,2023-10-28
POL-201530,TG-103093,6566.0,Denied, apartment ,2024-01-03
POL-201531,TG-105398,24593.0,Pending, apartment ,2024-01-19
POL-201532,TG-108245,,Denied,Apartment,2024-03-17
POL-201533,TG-100041,10650.0,Denied,Apartment,2023-05-30
POL-201534,TG-103249,7857.0,Pending,Apartment,2023-09-08
POL-201535,TG-100196,24165.0,Pending,Condo,2024-06-27
POL-201536,TG-105742,22704.0,Pending, apartment ,2024-02-26
POL-201537,TG-106096,16050.0, approved ,Condo,2024-08-02
POL-201538,TG-103937,,Denied, apartment ,2024-11-29
POL-201539,TG-101003,20813.0,Denied,Apartment,2025-03-22
POL-201540,TG-109479,11603.0,Pending, apartment ,2023-07-04
POL-201541,TG-104646,13970.0,Approved, apartment ,2023-06-24
POL-201542,TG-105688,7689.0, approved , apartment ,2023-06-29
POL-201543,TG-103113,9187.0,Denied,Apartment,2023-03-22
POL-201544,TG-100876,18270.0, approved ,Condo,2024-09-16
POL-201545,TG-103121,11988.0, approved , apartment ,2025-06-10
POL-201546,TG-100601,12019.0, approved ,Condo,2024-01-27
POL-201547,TG-103663,16731.0,Denied, apartment ,2024-09-26
POL-201548,TG-105052,10143.0,Pending,Apartment,2024-11-30
POL-201549,TG-108357,16406.0,Approved,Apartment,2023-09-04
POL-201550,TG-105674,23644.0,Pending,Apartment,2024-05-24
POL-201551,TG-107799,11246.0,Approved,Townhouse,2024-08-20
POL-201552,TG-109673,7561.0,Denied, apartment ,2023-05-27
POL-201553,TG-104054,12305.0,Approved,Townhouse,2023-08-26
POL-201554,TG-105445,24122.0,Pending,Apartment,2024-04-17
POL-201555,TG-106028,15103.0,Denied,Townhouse,2024-10-15
POL-201556,TG-101445,9683.0,Pending,Apartment,2023-09-18
POL-201557,TG-107967,8063.0, approved ,Apartment,2024-04-15
POL-201558,TG-107055,17220.0, approved , apartment ,2023-09-19
POL-201559,TG-105200,7164.0,Pending,Townhouse,2024-11-13
POL-201560,TG-103167,5706.0,Pending,Apartment,2023-01-10
POL-201561,TG-102463,21477.0, approved ,Townhouse,2025-04-03
POL-201562,TG-101667,16074.0,Approved,Townhouse,2024-04-21
POL-201563,TG-106962,14361.0,Pending,Condo,2023-10-22
POL-201564,TG-107422,13674.0, approved ,Townhouse,2024-11-24
POL-201565,TG-102331,12483.0,Approved, apartment ,2024-07-13
POL-201566,TG-109987,21426.0,Denied,Apartment,2023-06-11
POL-201567,TG-106399,7663.0,Approved,Apartment,2023-03-17
POL-201568,TG-106772,10929.0, approved ,Apartment,2024-03-28
POL-201569,TG-109070,6908.0,Pending, apartment ,2023-12-20
POL-201570,TG-103994,22976.0,Denied,Townhouse,2024-08-24
POL-201571,TG-103387,5140.0,Pending,Apartment,2023-11-03
POL-201572,TG-101469,14702.0,Denied, apartment ,2024-10-16
POL-201573,TG-105294,20378.0,Denied, apartment ,2024-03-10
POL-201574,TG-106640,5365.0,Approved,Condo,2024-12-07
POL-201575,TG-108665,12206.0,Pending,Condo,2023-09-14
POL-201576,TG-108843,13048.0, approved ,Apartment,2024-04-12
POL-201577,TG-103327,6102.0,Denied,Apartment,2025-05-15
POL-201578,TG-107883,11074.0,Pending,Townhouse,2023-11-06
POL-201579,TG-104121,21650.0,Approved,Townhouse,2023-07-23
POL-201580,TG-101720,18408.0,Approved, apartment ,2024-01-29
POL-201581,TG-100591,21587.0,Pending,Townhouse,2025-05-23
POL-201582,TG-103997,14088.0,Denied,Condo,2024-05-09
POL-201583,TG-105823,17693.0,Approved,Townhouse,2023-04-20
POL-201584,TG-103748,23229.0,Approved, apartment ,2023-08-31
POL-201585,TG-105876,23066.0, approved ,Townhouse,2024-01-26
POL-201586,TG-106280,8391.0,Denied,Townhouse,2024-08-08
POL-201587,TG-109374,5577.0, approved , apartment ,2024-01-03
POL-201588,TG-101788,19846.0,Denied,Condo,2024-08-11
POL-201589,TG-104860,10030.0,Approved,Apartment,2023-10-30
POL-201590,TG-103945,16668.0,Approved,Condo,2024-12-17
POL-201591,TG-100681,, approved ,Apartment,2023-10-30
POL-201592,TG-101615,20229.0,Denied, apartment ,2023-01-23
POL-201593,TG-100403,23345.0,Approved,Condo,2025-04-29
POL-201594,TG-108268,24926.0,Pending,Apartment,2024-11-05
POL-201595,TG-101726,14299.0,Approved,Apartment,2024-02-10
POL-201596,TG-102832,23472.0, approved ,Condo,2023-10-09
POL-201597,TG-102708,18942.0,Pending,Condo,2023-01-09
POL-201598,TG-107699,7615.0,Denied,Townhouse,2024-08-02
POL-201599,TG-109009,13397.0,Pending,Apartment,2025-06-04
POL-201600,TG-103414,11507.0,Denied,Apartment,2024-12-03
POL-201601,TG-102703,16929.0,Denied,Apartment,2025-03-07
POL-201602,TG-109084,8790.0,Pending, apartment ,2025-02-01
POL-201603,TG-105561,21129.0, approved ,Condo,2023-02-20
POL-201604,TG-103070,24030.0,Denied,Apartment,2024-09-12
POL-201605,TG-106133,20106.0, approved ,Townhouse,2025-02-02
POL-201606,TG-103217,8586.0,Pending,Apartment,2024-05-23
POL-201607,TG-101754,11812.0,Pending,Apartment,2025-05-02
POL-201608,TG-106576,16285.0,Approved,Apartment,2023-10-21
POL-201609,TG-100154,18502.0,Approved,Apartment,2025-03-05
POL-201610,TG-109881,13779.0,Pending, apartment ,2025-03-29
POL-201611,TG-109691,19287.0,Pending,Apartment,2023-08-24
POL-201612,TG-106251,14900.0,Pending, apartment ,2024-09-13
POL-201613,TG-109316,19467.0,Approved,Townhouse,2025-04-01
POL-201614,TG-106226,22784.0, approved , apartment ,2023-12-27
POL-201615,TG-105971,10988.0, approved , apartment ,2023-08-13
POL-201616,TG-109051,11805.0, approved ,Apartment,2024-10-13
POL-201617,TG-103284,6555.0,Approved,Townhouse,2023-07-14
POL-201618,TG-107724,17807.0,Denied, apartment ,2024-09-27
POL-201619,TG-102569,14498.0,Denied,Condo,2023-09-14
POL-201620,TG-109079,19999.0, approved ,Condo,2024-11-25
POL-201621,TG-106458,9201.0, approved ,Condo,2025-02-12
POL-201622,TG-106993,16252.0,Pending,Townhouse,2025-01-08
POL-201623,TG-109342,12384.0,Approved,Townhouse,2025-02-24
POL-201624,TG-106247,8147.0,Denied, apartment ,2024-11-06
POL-201625,TG-104886,7441.0, approved ,Condo,2024-11-28
POL-201626,TG-101724,7640.0,Pending,Condo,2025-05-08
POL-201627,TG-101247,9549.0, approved ,Apartment,2023-05-21
POL-201628,TG-108039,14021.0, approved ,Townhouse,2024-10-05
POL-201629,TG-104957,9305.0,Denied,Condo,2023-04-10
POL-201630,TG-107222,19818.0,Pending,Townhouse,2024-10-04
POL-201631,TG-100116,14305.0,Pending,Townhouse,2024-10-23
POL-201632,TG-102342,18894.0, approved ,Townhouse,2023-02-10
POL-201633,TG-102142,16591.0,Approved,Condo,2023-11-13
POL-201634,TG-100783,11796.0, approved , apartment ,2025-03-18
POL-201635,TG-108716,12095.0,Approved,Condo,2024-03-27
POL-201636,TG-107003,12070.0,Denied,Apartment,2023-02-04
POL-201637,TG-105218,19531.0,Denied, apartment ,2024-08-16
POL-201638,TG-103953,16533.0,Approved,Townhouse,2024-01-09
POL-201639,TG-100693,18558.0,Denied, apartment ,2025-01-19
POL-201640,TG-101270,15855.0,Denied,Townhouse,2023-05-15
POL-201641,TG-103729,5383.0, approved , apartment ,2023-04-03
POL-201642,TG-109467,11052.0,Approved,Townhouse,2023-10-30
POL-201643,TG-100177,8806.0,Approved,Apartment,2023-12-01
POL-201644,TG-104306,15436.0,Approved, apartment ,2025-02-04
POL-201645,TG-108959,14484.0,Pending,Townhouse,2024-03-01
POL-201646,TG-103876,19726.0,Approved,Apartment,2023-06-29
POL-201647,TG-106291,8769.0,Pending, apartment ,2023-07-25
POL-201648,TG-108653,21950.0, approved ,Apartment,2023-05-16
POL-201649,TG-102066,13789.0,Approved,Apartment,2025-03-16
POL-201650,TG-104378,17905.0,Approved,Apartment,2024-07-06
POL-201651,TG-108307,24492.0,Denied,Apartment,2025-06-16
POL-201652,TG-103485,15283.0,Pending,Apartment,2024-01-10
POL-201653,TG-103660,17298.0,Approved,Apartment,2024-06-27
POL-201654,TG-106752,7423.0, approved ,Condo,2024-05-28
POL-201655,TG-109852,10163.0,Denied,Townhouse,2023-10-07
POL-201656,TG-103297,11522.0, approved ,Condo,2025-04-30
POL-201657,TG-100023,18510.0,Denied,Condo,2023-06-18
POL-201658,TG-100063,5159.0, approved , apartment ,2023-09-21
POL-201659,TG-101274,19100.0,Denied, apartment ,2025-04-24
POL-201660,TG-104704,19278.0, approved ,Apartment,2024-05-08
POL-201661,TG-109368,13028.0, approved , apartment ,2025-04-05
POL-201662,TG-103722,18911.0, approved ,Apartment,2023-10-30
POL-201663,TG-109152,7217.0,Pending,Condo,2025-02-03
POL-201664,TG-100859,8738.0,Pending, apartment ,2025-06-10
POL-201665,TG-103416,21090.0,Pending, apartment ,2023-12-13
POL-201666,TG-104751,10257.0,Denied,Condo,2025-04-03
POL-201667,TG-108072,14346.0,Approved,Condo,2023-04-28
POL-201668,TG-105908,5458.0,Denied,Apartment,2024-04-24
POL-201669,TG-106541,19889.0,Pending, apartment ,2023-03-19
POL-201670,TG-104832,11701.0,Pending,Condo,2023-05-25
POL-201671,TG-107700,13195.0,Approved,Apartment,2025-02-11
POL-201672,TG-100681,15419.0, approved ,Condo,2023-08-20
POL-201673,TG-108980,22111.0,Denied,Condo,2025-05-30
POL-201674,TG-102450,13834.0,Approved, apartment ,2024-11-23
POL-201675,TG-107955,10165.0,Denied,Townhouse,2025-01-11
POL-201676,TG-105122,7121.0,Pending,Condo,2024-11-21
POL-201677,TG-100657,21841.0,Denied, apartment ,2024-02-11
POL-201678,TG-107900,8532.0, approved ,Condo,2025-05-16
POL-201679,TG-104410,20315.0,Pending,Apartment,2025-04-03
POL-201680,TG-100826,16501.0,Denied,Townhouse,2024-07-24
POL-201681,TG-108073,13250.0,Pending,Townhouse,2024-01-10
POL-201682,TG-100110,8902.0,Denied, apartment ,2023-04-03
POL-201683,TG-106357,10986.0, approved ,Condo,2025-03-20
POL-201684,TG-103161,19786.0,Pending,Townhouse,2024-02-09
POL-201685,TG-103309,17758.0, approved , apartment ,2023-01-15
POL-201686,TG-106821,12892.0,Denied,Apartment,2023-09-28
POL-201687,TG-109266,20390.0,Pending, apartment ,2024-07-03
POL-201688,TG-106355,14708.0,Denied, apartment ,2023-05-07
POL-201689,TG-101896,9692.0,Denied,Condo,2024-04-10
POL-201690,TG-101506,21635.0,Pending,Apartment,2024-01-13
POL-201691,TG-102106,6131.0,Denied,Townhouse,2024-11-19
POL-201692,TG-102036,24271.0,Pending,Condo,2025-02-05
POL-201693,TG-102405,19619.0,Pending,Townhouse,2024-11-19
POL-201694,TG-106665,7069.0, approved ,Apartment,2023-09-26
POL-201695,,16230.0, approved , apartment ,2024-08-21
POL-201696,TG-104822,24153.0,Approved,Townhouse,2024-01-26
POL-201697,TG-107544,5121.0,Denied,Condo,2025-04-22
POL-201698,TG-102206,7662.0,Denied,Townhouse,2024-10-15
POL-201699,TG-106031,12741.0,Pending,Apartment,2024-01-16
POL-201700,TG-110019,15210.0, approved ,Condo,2023-04-21
POL-201701,TG-107900,14644.0,Denied,Apartment,2024-11-22
POL-201702,TG-100726,16748.0,Denied,Condo,2023-08-28
POL-201703,TG-102092,18073.0,Denied,Condo,2024-04-27
POL-201704,TG-108216,23513.0,Denied,Apartment,2023-01-26
POL-201705,TG-104463,15852.0,Pending,Apartment,2024-09-26
POL-201706,TG-100218,14417.0,Pending,Apartment,2024-07-28
POL-201707,TG-109664,5068.0,Pending,Townhouse,2023-12-02
POL-201708,TG-101116,9455.0,Approved,Apartment,2024-09-16
POL-201709,TG-104396,21942.0,Approved,Apartment,2023-08-15
POL-201710,TG-109917,13895.0,Approved,Townhouse,2024-10-25
POL-201711,TG-104394,18657.0,Approved, apartment ,2023-03-06
POL-201712,TG-101638,18381.0, approved ,Condo,2024-10-12
POL-201713,TG-103062,14766.0,Approved,Townhouse,2025-04-23
POL-201714,TG-103549,23773.0,Pending,Condo,2024-04-20
POL-201715,TG-101560,14731.0,Approved, apartment ,2024-12-18
POL-201716,TG-109824,14185.0,Approved,Condo,2023-11-06
POL-201717,TG-102728,8759.0,Denied,Apartment,2024-10-26
POL-201718,TG-104237,16583.0,Approved, apartment ,2024-02-23
POL-201719,TG-105999,23681.0,Pending,Apartment,2023-04-30
POL-201720,TG-107480,,Approved,Townhouse,2023-05-24
POL-201721,TG-101553,24457.0,Denied, apartment ,2023-02-16
POL-201722,TG-105011,15963.0,Pending,Apartment,2023-02-08
POL-201723,TG-108390,11682.0, approved ,Condo,2023-11-08
POL-201724,TG-105276,17812.0,Pending,Townhouse,2024-05-19
POL-201725,TG-109068,8432.0,Denied,Apartment,2023-04-29
POL-201726,TG-107233,22554.0,Pending, apartment ,2023-04-10
POL-201727,TG-102187,21162.0,Pending,Condo,2023-08-29
POL-201728,TG-106036,7889.0,Pending,Townhouse,2024-07-04
POL-201729,TG-100608,6832.0,Denied,Condo,2023-05-19
POL-201730,TG-100069,24642.0,Approved,Apartment,2024-02-02
POL-201731,TG-102747,15501.0, approved ,Condo,2024-04-09
POL-201732,TG-100698,17006.0,Denied, apartment ,2024-01-15
POL-201733,TG-101115,21916.0,Pending, apartment ,2024-11-17
POL-201734,TG-104308,11797.0,Denied,Townhouse,2025-01-30
POL-201735,TG-103913,18866.0,Denied, apartment ,2024-12-14
POL-201736,TG-104406,20334.0,Approved,Condo,2024-07-07
POL-201737,TG-104815,24567.0,Denied,Condo,2024-03-05
POL-201738,TG-107029,17129.0,Approved,Apartment,2024-08-24
POL-201739,TG-105899,6213.0,Approved,Apartment,2025-01-30
POL-201740,TG-107831,22317.0,Pending,Condo,2025-01-14
POL-201741,TG-104211,18400.0,Approved,Condo,2023-06-08
POL-201742,TG-109641,14843.0,Denied, apartment ,2024-02-29
POL-201743,TG-100626,19603.0, approved ,Townhouse,2024-11-01
POL-201744,TG-102038,7777.0,Denied,Townhouse,2023-04-12
POL-201745,TG-109996,10795.0,Approved,Townhouse,2025-05-03
POL-201746,TG-107669,9620.0,Approved,Townhouse,2024-05-16
POL-201747,TG-105404,13804.0,Denied,Condo,2024-09-22
POL-201748,TG-101525,22142.0,Denied, apartment ,2024-02-22
POL-201749,TG-105758,7202.0,Pending,Condo,2023-10-14
POL-201750,TG-102239,19418.0, approved ,Townhouse,2023-02-03
POL-201751,TG-100178,20924.0,Approved,Townhouse,2024-12-07
POL-201752,TG-101531,15043.0, approved ,Townhouse,2024-01-15
POL-201753,TG-109182,15598.0, approved ,Apartment,2023-08-11
POL-201754,TG-104022,16069.0,Approved,Apartment,2024-03-30
POL-201755,TG-100194,23534.0,Pending,Apartment,2024-03-31
POL-201756,TG-104789,16660.0,Pending,Condo,2023-08-30
POL-201757,TG-103165,16503.0,Pending, apartment ,2025-05-25
POL-201758,TG-104938,12921.0,Approved,Apartment,2024-01-07
POL-201759,TG-101780,16297.0,Approved,Apartment,2023-04-12
POL-201760,TG-109292,12841.0,Denied,Townhouse,2024-12-03
POL-201761,TG-102626,8011.0,Approved,Apartment,2024-01-12
POL-201762,TG-100537,7523.0,Pending,Condo,2024-07-11
POL-201763,TG-102916,18382.0,Denied,Apartment,2024-10-22
POL-201764,TG-109614,19105.0,Approved,Townhouse,2024-01-03
POL-201765,TG-108596,18688.0,Approved, apartment ,2023-03-04
POL-201766,TG-105068,23708.0, approved ,Apartment,2024-02-12
POL-201767,TG-105177,10776.0,Denied,Townhouse,2023-10-10
POL-201768,TG-102065,17698.0, approved ,Townhouse,2023-07-14
POL-201769,TG-103375,10419.0, approved , apartment ,2023-05-06
POL-201770,TG-103391,13001.0, approved ,Townhouse,2025-05-18
POL-201771,TG-101231,18163.0,Denied,Townhouse,2025-04-23
POL-201772,TG-103887,16504.0,Pending,Apartment,2024-04-10
POL-201773,TG-104953,7265.0,Approved,Condo,2023-04-04
POL-201774,TG-102920,22876.0,Pending,Townhouse,2024-11-09
POL-201775,TG-105696,11383.0, approved ,Townhouse,2023-08-06
POL-201776,TG-100748,17006.0, approved , apartment ,2024-10-19
POL-201777,TG-102809,14945.0,Approved,Apartment,2024-10-16
POL-201778,TG-105551,10369.0,Approved,Apartment,2024-09-03
POL-201779,TG-100646,12316.0,Denied, apartment ,2023-01-22
POL-201780,TG-107357,22925.0,Approved, apartment ,2023-02-21
POL-201781,TG-107825,13641.0, approved , apartment ,2025-03-16
POL-201782,TG-109688,18965.0,Approved,Condo,2023-12-08
POL-201783,TG-103020,18685.0,Pending,Townhouse,2023-09-07
POL-201784,TG-105475,24457.0, approved ,Condo,2023-05-09
POL-201785,TG-103581,13897.0,Approved,Condo,2025-03-16
POL-201786,TG-108848,11828.0, approved ,Apartment,2024-08-01
POL-201787,TG-100630,5179.0, approved ,Apartment,2023-07-30
POL-201788,TG-102013,6900.0, approved , apartment ,2023-03-12
POL-201789,TG-105072,22473.0,Denied,Townhouse,2025-04-29
POL-201790,TG-101673,11025.0,Pending, apartment ,2025-02-22
POL-201791,TG-103151,17303.0,Approved,Townhouse,2024-07-21
POL-201792,TG-104333,12274.0,Approved,Townhouse,2023-08-01
POL-201793,TG-108929,7289.0, approved ,Condo,2024-08-23
POL-201794,TG-102702,12147.0,Approved,Townhouse,2023-08-10
POL-201795,TG-109286,20978.0, approved ,Condo,2025-04-12
POL-201796,TG-106818,18327.0,Pending,Condo,2025-06-09
POL-201797,TG-107121,8438.0, approved ,Townhouse,2023-08-27
POL-201798,TG-103479,8543.0,Pending,Condo,2023-12-03
POL-201799,TG-101062,9760.0,Denied, apartment ,2025-03-03
POL-201800,TG-103016,22930.0, approved ,Townhouse,2023-06-01
POL-201801,TG-100712,23955.0,Approved,Apartment,2025-03-18
POL-201802,TG-108224,5133.0,Denied,Condo,2024-09-02
POL-201803,TG-106945,10507.0,Approved, apartment ,2023-01-03
POL-201804,TG-101558,13501.0,Approved,Condo,2023-10-11
POL-201805,TG-109271,24788.0,Approved,Townhouse,2025-05-29
POL-201806,TG-106901,14647.0,Approved, apartment ,2023-05-29
POL-201807,TG-108287,9929.0,Approved,Townhouse,2023-05-14
POL-201808,TG-109620,15970.0,Denied,Apartment,2024-07-07
POL-201809,TG-102495,10280.0,Pending,Townhouse,2023-09-14
POL-201810,TG-101195,11519.0, approved ,Condo,2025-03-28
POL-201811,TG-107432,18037.0,Denied,Apartment,2023-06-28
POL-201812,TG-105081,6847.0,Denied,Apartment,2023-04-23
POL-201813,TG-102899,22237.0,Denied,Condo,2024-11-07
POL-201814,TG-103240,13227.0,Denied,Apartment,2025-06-06
POL-201815,TG-109038,24276.0, approved ,Apartment,2023-01-27
POL-201816,TG-103129,17455.0,Approved,Condo,2023-05-15
POL-201817,TG-105347,5365.0,Pending, apartment ,2023-01-16
POL-201818,TG-105588,10883.0,Approved,Townhouse,2024-01-02
POL-201819,TG-107545,24398.0,Approved, apartment ,2025-03-19
POL-201820,TG-104246,7214.0, approved ,Condo,2025-03-18
POL-201821,TG-105188,10101.0,Pending,Condo,2023-09-01
POL-201822,TG-100033,17795.0,Approved,Condo,2024-08-25
POL-201823,TG-104759,13018.0,Denied,Condo,2023-11-28
POL-201824,TG-106553,13619.0,Approved,Townhouse,2023-01-17
POL-201825,TG-109799,24815.0,Denied, apartment ,2023-06-28
POL-201826,TG-102055,12236.0,Pending, apartment ,2023-09-29
POL-201827,TG-102921,10116.0,Denied,Townhouse,2023-02-23
POL-201828,TG-102649,11822.0,Approved,Apartment,2023-05-10
POL-201829,TG-107914,20084.0, approved ,Condo,2025-01-29
POL-201830,TG-103361,6895.0,Approved,Condo,2024-03-07
POL-201831,TG-101963,15555.0,Denied, apartment ,2024-06-22
POL-201832,TG-102394,24481.0,Pending,Apartment,2023-04-27
POL-201833,TG-108529,24284.0, approved ,Townhouse,2025-02-02
POL-201834,TG-107617,23112.0,Approved, apartment ,2023-03-07
POL-201835,TG-105016,15637.0,Pending,Condo,2024-05-02
POL-201836,TG-107176,11327.0,Approved,Condo,2024-04-04
POL-201837,TG-108644,5098.0, approved ,Condo,2025-03-07
POL-201838,TG-106770,16380.0,Approved,Condo,2024-01-06
POL-201839,TG-100387,10459.0,Pending, apartment ,2024-06-09
POL-201840,TG-100862,6815.0, approved , apartment ,2024-08-30
POL-201841,TG-103883,14029.0,Pending,Townhouse,2023-04-22
POL-201842,TG-105733,13769.0,Pending, apartment ,2024-04-07
POL-201843,TG-109256,22779.0, approved ,Apartment,2024-05-30
POL-201844,TG-103856,16523.0, approved , apartment ,2023-08-15
POL-201845,TG-107108,17627.0, approved ,Apartment,2024-09-21
POL-201846,TG-106418,5738.0, approved ,Condo,2023-02-14
POL-201847,TG-100911,22009.0, approved , apartment ,2025-01-14
POL-201848,TG-101852,12921.0,Approved,Condo,2025-03-13
POL-201849,TG-108714,23404.0,Approved, apartment ,2025-06-06
POL-201850,TG-109857,21196.0,Approved,Townhouse,2024-11-05
POL-201851,TG-101028,22441.0,Denied,Condo,2024-06-17
POL-201852,TG-106390,19954.0,Approved,Condo,2023-11-05
POL-201853,TG-104094,,Denied,Condo,2024-04-14
POL-201854,TG-108036,6236.0,Approved,Apartment,2024-10-20
POL-201855,TG-108380,5067.0,Denied,Townhouse,2023-02-01
POL-201856,TG-108278,10652.0,Approved,Condo,2023-03-04
POL-201857,TG-108785,22694.0,Denied,Townhouse,2024-05-05
POL-201858,TG-103748,18749.0,Denied,Apartment,2025-05-17
POL-201859,TG-105921,12283.0, approved ,Apartment,2024-02-16
POL-201860,TG-104311,13307.0, approved ,Condo,2024-03-12
POL-201861,TG-104602,10777.0,Approved, apartment ,2024-12-03
POL-201862,TG-105627,14338.0,Pending,Condo,2023-04-21
POL-201863,TG-101770,11969.0,Approved, apartment ,2024-05-17
POL-201864,TG-106043,19028.0,Pending,Townhouse,2024-12-30
POL-201865,TG-103001,15121.0,Pending,Condo,2024-03-30
POL-201866,TG-103613,20536.0,Denied,Apartment,2023-03-17
POL-201867,TG-101851,12536.0,Pending,Townhouse,2023-03-24
POL-201868,TG-106579,19380.0, approved , apartment ,2023-11-26
POL-201869,TG-102352,18581.0,Approved,Townhouse,2024-09-14
POL-201870,TG-108025,24834.0,Denied,Condo,2023-06-01
POL-201871,TG-103124,21322.0,Denied,Apartment,2023-03-09
POL-201872,TG-108485,11336.0, approved ,Townhouse,2023-05-10
POL-201873,TG-100003,16342.0,Denied,Condo,2023-10-09
POL-201874,TG-109520,14854.0,Approved,Condo,2024-10-01
POL-201875,TG-108344,16427.0,Approved,Condo,2024-10-10
POL-201876,TG-103668,24955.0, approved ,Condo,2024-08-22
POL-201877,TG-105183,13777.0, approved , apartment ,2024-07-15
POL-201878,TG-106167,16254.0,Denied, apartment ,2024-12-30
POL-201879,TG-105361,21952.0,Pending, apartment ,2023-11-29
POL-201880,TG-100881,16924.0,Pending,Condo,2024-01-26
POL-201881,TG-100326,14991.0,Pending, apartment ,2024-09-03
POL-201882,TG-100024,11801.0, approved ,Apartment,2024-06-27
POL-201883,TG-101005,7832.0,Denied,Apartment,2023-10-29
POL-201884,TG-108900,14510.0,Approved,Townhouse,2024-04-09
POL-201885,TG-108843,12753.0,Approved, apartment ,2024-06-01
POL-201886,TG-109443,23303.0, approved ,Apartment,2024-09-11
POL-201887,TG-104627,,Pending,Apartment,2024-03-16
POL-201888,TG-100181,23059.0,Pending, apartment ,2023-04-12
POL-201889,TG-100689,9917.0,Pending,Apartment,2025-03-23
POL-201890,TG-100786,13979.0,Pending,Townhouse,2024-12-19
POL-201891,TG-109966,22193.0, approved , apartment ,2023-04-28
POL-201892,TG-102035,15494.0,Approved,Apartment,2025-05-23
POL-201893,TG-105181,8935.0,Approved,Condo,2024-11-01
POL-201894,TG-108966,10412.0,Approved,Condo,2024-10-28
POL-201895,TG-109539,12578.0, approved ,Apartment,2025-06-17
POL-201896,TG-109046,16535.0,Denied, apartment ,2025-02-26
POL-201897,TG-102652,10390.0,Approved,Townhouse,2024-07-18
POL-201898,TG-103042,21571.0,Pending,Apartment,2025-01-08
POL-201899,TG-108527,21512.0, approved ,Townhouse,2025-06-05
POL-201900,TG-101704,8601.0,Approved,Condo,2023-08-09
POL-201901,TG-103044,21338.0,Pending, apartment ,2024-03-16
POL-201902,TG-103070,13536.0,Approved,Townhouse,2024-04-07
POL-201903,TG-108505,22897.0,Pending,Apartment,2023-08-22
POL-201904,TG-106282,8465.0,Approved,Condo,2024-02-28
POL-201905,TG-105526,16320.0,Pending,Townhouse,2023-12-14
POL-201906,TG-107510,6310.0,Denied, apartment ,2025-04-27
POL-201907,TG-108459,19964.0, approved ,Apartment,2024-04-09
POL-201908,TG-101474,23324.0,Denied,Townhouse,2024-02-13
POL-201909,TG-107507,21000.0,Denied,Apartment,2024-03-01
POL-201910,TG-105590,7848.0, approved ,Apartment,2025-01-17
POL-201911,TG-105410,13281.0,Approved,Townhouse,2023-04-08
POL-201912,TG-103680,18924.0,Pending,Condo,2023-11-17
POL-201913,TG-107167,6937.0,Approved,Condo,2024-03-13
POL-201914,TG-102475,12805.0,Approved,Condo,2023-11-17
POL-201915,TG-105300,20690.0,Approved,Apartment,2024-11-12
POL-201916,TG-103306,24295.0, approved ,Townhouse,2023-09-19
POL-201917,TG-101828,13546.0,Approved,Townhouse,2024-01-19
POL-201918,TG-109495,6463.0,Approved,Apartment,2023-06-06
POL-201919,TG-102180,16676.0, approved , apartment ,2024-12-04
POL-201920,TG-101225,13450.0,Denied,Condo,2024-04-30
POL-201921,TG-101330,7194.0,Pending,Townhouse,2023-03-10
POL-201922,TG-103655,12491.0, approved ,Townhouse,2023-04-04
POL-201923,TG-100375,20202.0,Pending,Condo,2025-05-01
POL-201924,TG-101656,8372.0,Denied,Condo,2023-03-29
POL-201925,TG-103431,15122.0,Pending,Condo,2023-04-06
POL-201926,TG-106300,7865.0,Pending,Condo,2024-03-18
POL-201927,TG-103321,5691.0, approved , apartment ,2023-04-09
POL-201928,TG-106476,8826.0,Approved, apartment ,2025-02-01
POL-201929,TG-101312,5664.0,Approved,Apartment,2025-01-26
POL-201930,TG-101064,8274.0,Approved,Condo,2024-01-17
POL-201931,TG-100768,16919.0,Approved, apartment ,2025-04-11
POL-201932,TG-101086,18173.0,Denied,Apartment,2023-05-14
POL-201933,TG-102536,18129.0, approved ,Condo,2024-07-23
POL-201934,TG-100023,20604.0, approved , apartment ,2023-03-03
POL-201935,TG-103677,16590.0,Approved,Condo,2024-08-23
POL-201936,TG-100510,5644.0,Pending,Apartment,2024-07-29
POL-201937,TG-103637,22408.0, approved , apartment ,2024-07-29
POL-201938,TG-105125,21636.0,Approved,Apartment,2023-12-04
POL-201939,TG-100738,12831.0,Pending,Condo,2024-11-17
POL-201940,TG-103513,22427.0,Pending,Apartment,2023-05-06
POL-201941,TG-101271,6882.0,Approved,Townhouse,2024-02-25
POL-201942,TG-102884,5229.0,Approved,Condo,2023-12-29
POL-201943,TG-108010,18488.0,Denied,Condo,2025-06-13
POL-201944,TG-101581,5654.0,Pending,Apartment,2024-11-12
POL-201945,TG-108560,17846.0,Approved,Condo,2025-02-07
POL-201946,TG-107287,8398.0,Denied, apartment ,2024-03-09
POL-201947,TG-107597,17768.0,Pending,Townhouse,2025-06-07
POL-201948,TG-104433,15156.0,Approved,Condo,2025-01-08
POL-201949,TG-101814,21438.0,Pending,Townhouse,2023-02-22
POL-201950,TG-100087,14603.0,Pending,Condo,2023-10-22
POL-201951,TG-100159,9509.0, approved , apartment ,2024-09-06
POL-201952,,19895.0,Pending, apartment ,2023-11-16
POL-201953,TG-104011,15210.0, approved , apartment ,2023-12-27
POL-201954,TG-106215,21084.0,Denied,Townhouse,2023-04-17
POL-201955,TG-100654,7373.0, approved , apartment ,2024-08-14
POL-201956,TG-101509,7662.0,Approved,Condo,2024-06-03
POL-201957,TG-104774,6922.0,Approved,Apartment,2023-08-06
POL-201958,TG-109247,19223.0,Approved,Condo,2023-06-08
POL-201959,TG-100746,10898.0,Pending,Apartment,2024-11-03
POL-201960,TG-106503,21051.0,Denied,Condo,2024-05-08
POL-201961,TG-103944,5455.0,Approved, apartment ,2023-08-18
POL-201962,TG-104035,7649.0,Approved,Townhouse,2025-05-17
POL-201963,TG-105517,7994.0,Denied,Townhouse,2023-04-21
POL-201964,TG-103085,20981.0, approved ,Apartment,2023-12-25
POL-201965,TG-101577,14568.0, approved ,Apartment,2025-05-15
POL-201966,TG-100361,11130.0,Denied,Townhouse,2024-07-23
POL-201967,TG-107756,18601.0,Approved,Condo,2024-01-12
POL-201968,TG-107729,16285.0,Denied, apartment ,2023-04-28
POL-201969,TG-102065,17122.0,Denied,Townhouse,2025-02-19
POL-201970,TG-105143,15598.0, approved , apartment ,2023-10-13
POL-201971,TG-108975,19697.0,Denied,Townhouse,2024-08-10
POL-201972,TG-102186,15382.0,Pending,Condo,2023-08-20
POL-201973,TG-109109,18018.0, approved , apartment ,2025-04-06
POL-201974,TG-100050,11032.0,Denied,Condo,2024-03-15
POL-201975,TG-102723,22408.0,Pending, apartment ,2025-05-15
POL-201976,TG-103791,13182.0,Approved,Townhouse,2024-07-28
POL-201977,TG-106594,12046.0, approved , apartment ,2025-02-24
POL-201978,TG-103052,14064.0, approved ,Condo,2025-04-18
POL-201979,TG-108040,19376.0,Pending,Apartment,2024-09-28
POL-201980,TG-108954,9660.0,Pending,Apartment,2024-09-20
POL-201981,TG-105458,18776.0, approved ,Townhouse,2024-11-22
POL-201982,TG-107404,17678.0, approved , apartment ,2024-10-20
POL-201983,TG-108077,20007.0,Approved,Apartment,2024-07-24
POL-201984,TG-104289,6062.0,Pending,Condo,2023-01-27
POL-201985,TG-100364,5216.0,Approved,Townhouse,2024-09-15
POL-201986,TG-103917,16544.0,Pending, apartment ,2024-11-04
POL-201987,TG-102585,18008.0,Denied, apartment ,2025-04-29
POL-201988,TG-104684,16380.0,Pending,Condo,2024-12-11
POL-201989,TG-107245,14020.0,Pending,Townhouse,2023-10-01
POL-201990,TG-107465,12461.0,Denied,Condo,2023-01-30
POL-201991,TG-101129,18957.0, approved , apartment ,2023-07-04
POL-201992,TG-103032,5488.0,Pending,Townhouse,2023-10-07
POL-201993,TG-108866,7155.0,Approved, apartment ,2024-12-20
POL-201994,TG-100681,18692.0,Approved,Apartment,2025-02-19
POL-201995,TG-106951,5428.0,Pending,Condo,2023-11-13
POL-201996,TG-102479,6909.0,Approved,Condo,2023-12-14
POL-201997,TG-102912,22462.0,Pending, apartment ,2023-12-26
POL-201998,TG-103685,9503.0,Approved,Townhouse,2023-01-07
POL-201999,TG-106230,24022.0,Denied,Condo,2023-07-05
POL-202000,TG-109735,24489.0,Denied,Condo,2025-06-09
POL-202001,TG-105137,18358.0,Denied,Condo,2023-05-27
POL-202002,TG-107099,18842.0,Pending,Townhouse,2024-08-02
POL-202003,TG-108776,16549.0,Denied, apartment ,2024-11-04
POL-202004,TG-106699,12101.0, approved , apartment ,2024-02-15
POL-202005,TG-104668,13288.0, approved ,Townhouse,2023-03-13
POL-202006,TG-101627,17880.0, approved , apartment ,2023-05-26
POL-202007,TG-103790,23593.0,Approved,Townhouse,2025-01-28
POL-202008,TG-103034,16495.0,Pending,Apartment,2024-10-10
POL-202009,TG-107542,6910.0, approved ,Apartment,2023-02-01
POL-202010,TG-108311,19191.0,Denied,Condo,2023-04-04
POL-202011,TG-107679,21182.0,Approved,Condo,2025-02-03
POL-202012,TG-107302,11241.0,Pending,Townhouse,2024-06-27
POL-202013,TG-103243,16194.0,Denied,Apartment,2023-08-09
POL-202014,TG-107032,9565.0,Pending,Condo,2024-01-21
POL-202015,TG-107119,11692.0,Pending,Condo,2024-03-05
POL-202016,TG-109823,12493.0,Approved,Apartment,2024-04-09
POL-202017,TG-106734,5497.0,Pending,Apartment,2023-12-16
POL-202018,TG-107837,10282.0,Approved, apartment ,2023-06-11
POL-202019,TG-109085,12311.0,Pending,Condo,2024-01-14
POL-202020,TG-102374,6326.0,Pending, apartment ,2023-11-16
POL-202021,TG-107191,,Approved, apartment ,2025-01-08
POL-202022,TG-102512,16810.0,Approved,Apartment,2023-11-29
POL-202023,TG-103174,12103.0,Pending,Condo,2025-03-06
POL-202024,TG-105124,11440.0,Denied,Townhouse,2024-08-04
POL-202025,TG-108630,10482.0, approved ,Townhouse,2024-09-02
POL-202026,TG-105880,13365.0,Pending, apartment ,2023-03-28
POL-202027,TG-108113,19523.0,Pending,Townhouse,2023-02-23
POL-202028,TG-107466,5437.0,Pending,Townhouse,2023-06-09
POL-202029,TG-103796,7224.0,Approved,Apartment,2023-06-11
POL-202030,TG-100124,17055.0,Approved,Apartment,2025-02-11
POL-202031,TG-102205,8793.0, approved ,Condo,2024-09-24
POL-202032,TG-106467,15897.0,Approved, apartment ,2023-02-20
POL-202033,TG-108900,11144.0,Approved,Apartment,2024-11-21
POL-202034,TG-110024,24110.0,Pending, apartment ,2023-03-25
POL-202035,TG-109596,22865.0,Approved,Apartment,2023-10-06
POL-202036,TG-109620,13328.0, approved , apartment ,2024-03-29
POL-202037,TG-101427,14616.0,Approved, apartment ,2024-11-08
POL-202038,TG-100292,23658.0,Approved,Townhouse,2024-03-10
POL-202039,TG-109721,14161.0, approved , apartment ,2024-05-12
POL-202040,TG-107504,6011.0, approved ,Apartment,2024-09-13
POL-202041,TG-108008,5703.0,Pending, apartment ,2024-03-28
POL-202042,TG-102544,17744.0, approved ,Apartment,2024-02-29
POL-202043,TG-103222,18973.0,Denied,Apartment,2023-10-07
POL-202044,TG-102259,12782.0,Pending,Townhouse,2023-08-09
POL-202045,TG-106920,5681.0,Approved, apartment ,2025-02-12
POL-202046,TG-107385,,Pending,Apartment,2024-06-08
POL-202047,TG-101246,12604.0,Denied,Apartment,2023-04-27
POL-202048,TG-104121,5607.0,Pending, apartment ,2023-12-20
POL-202049,TG-107357,13807.0,Denied, apartment ,2024-03-16
POL-202050,TG-101081,8904.0,Approved,Apartment,2023-04-24
POL-202051,TG-104715,21301.0,Approved, apartment ,2023-10-18
POL-202052,TG-103102,19062.0,Pending,Condo,2024-11-25
POL-202053,TG-104306,23317.0,Approved, apartment ,2024-11-25
POL-202054,TG-101127,21158.0, approved ,Condo,2024-08-30
POL-202055,TG-105740,24655.0,Approved,Apartment,2024-05-13
POL-202056,TG-100628,15636.0,Approved,Townhouse,2024-06-23
POL-202057,TG-103133,17420.0,Approved,Apartment,2024-11-14
POL-202058,TG-109262,8867.0,Denied, apartment ,2023-11-12
POL-202059,TG-103311,10251.0,Approved,Apartment,2023-02-16
POL-202060,TG-105513,19108.0,Pending, apartment ,2023-08-14
POL-202061,TG-110026,13297.0,Pending,Condo,2024-02-09
POL-202062,TG-108183,,Denied, apartment ,2024-09-05
POL-202063,TG-108172,6951.0,Pending,Townhouse,2023-02-26
POL-202064,TG-107889,19070.0,Denied,Townhouse,2023-01-08
POL-202065,TG-103184,10162.0, approved , apartment ,2023-07-29
POL-202066,TG-108186,17350.0,Denied,Townhouse,2023-11-05
POL-202067,TG-103144,,Denied,Townhouse,2023-08-05
POL-202068,TG-101757,14464.0,Approved,Townhouse,2025-02-24
POL-202069,TG-107309,8014.0,Pending,Apartment,2023-05-21
POL-202070,TG-108973,24885.0,Approved, apartment ,2025-02-21
POL-202071,TG-104892,5721.0,Denied,Apartment,2023-09-19
POL-202072,TG-108330,10084.0,Pending,Townhouse,2023-10-24
POL-202073,TG-107566,6502.0,Approved,Condo,2023-12-02
POL-202074,TG-109387,24115.0,Pending,Apartment,2023-05-03
POL-202075,TG-101037,14741.0,Pending,Condo,2023-01-08
POL-202076,TG-105122,18841.0,Pending, apartment ,2024-05-24
POL-202077,TG-101675,19764.0, approved ,Apartment,2025-02-03
POL-202078,TG-102829,23905.0, approved ,Condo,2024-03-16
POL-202079,TG-105416,6176.0,Approved,Townhouse,2023-06-29
POL-202080,TG-102832,15881.0, approved ,Apartment,2023-05-13
POL-202081,TG-105871,9128.0,Denied, apartment ,2024-01-25
POL-202082,TG-101245,15027.0,Denied,Townhouse,2024-06-29
POL-202083,TG-106742,18269.0,Denied,Condo,2024-12-21
POL-202084,TG-107587,12978.0, approved ,Townhouse,2023-08-24
POL-202085,TG-110008,5442.0,Denied, apartment ,2024-05-27
POL-202086,TG-100799,6151.0,Approved, apartment ,2024-07-26
POL-202087,TG-102984,5340.0,Pending,Apartment,2025-05-03
POL-202088,TG-106607,11529.0,Pending,Townhouse,2024-11-15
POL-202089,TG-101247,13453.0, approved ,Apartment,2025-04-05
POL-202090,TG-109272,7613.0,Denied,Condo,2023-12-29
POL-202091,TG-103710,19742.0,Pending,Condo,2023-03-15
POL-202092,TG-107328,19446.0,Approved,Apartment,2024-02-11
POL-202093,TG-106194,11201.0,Denied, apartment ,2025-06-01
POL-202094,TG-109403,22761.0,Approved,Townhouse,2025-01-29
POL-202095,TG-100999,22010.0,Approved,Townhouse,2023-02-13
POL-202096,TG-108866,8246.0, approved ,Townhouse,2024-03-22
POL-202097,TG-108239,6942.0,Denied,Apartment,2023-01-20
POL-202098,TG-103334,10326.0,Denied, apartment ,2024-04-15
POL-202099,TG-104556,16754.0,Approved, apartment ,2023-03-21
POL-202100,TG-103138,,Approved,Apartment,2025-06-01
POL-202101,TG-101350,11948.0,Pending,Apartment,2023-11-17
POL-202102,TG-102493,13540.0, approved ,Apartment,2024-08-12
POL-202103,TG-108427,10650.0,Denied,Condo,2024-03-15
POL-202104,TG-101089,6096.0, approved , apartment ,2024-08-10
POL-202105,TG-108239,16807.0, approved ,Apartment,2024-02-19
POL-202106,TG-107607,24901.0, approved , apartment ,2024-12-27
POL-202107,TG-105655,7835.0,Denied, apartment ,2024-10-17
POL-202108,TG-103743,14377.0,Pending, apartment ,2024-03-03
POL-202109,TG-105973,20412.0, approved ,Apartment,2023-10-24
POL-202110,TG-109193,6446.0, approved ,Apartment,2023-04-28
POL-202111,TG-106597,16359.0, approved , apartment ,2024-02-19
POL-202112,TG-101010,19403.0, approved , apartment ,2023-01-22
POL-202113,TG-106061,23371.0,Pending,Apartment,2023-11-29
POL-202114,TG-100461,21238.0,Pending,Townhouse,2023-06-25
POL-202115,TG-104150,15134.0,Approved, apartment ,2025-03-31
POL-202116,TG-100709,19077.0, approved ,Condo,2024-09-24
POL-202117,TG-106805,19270.0, approved ,Apartment,2024-04-16
POL-202118,TG-106635,10048.0,Pending,Apartment,2025-05-01
POL-202119,TG-105709,7211.0,Denied,Apartment,2024-12-07
POL-202120,TG-107642,7099.0, approved , apartment ,2024-01-06
POL-202121,TG-105564,22531.0,Pending,Condo,2023-04-01
POL-202122,TG-105797,17178.0,Pending, apartment ,2024-03-23
POL-202123,TG-102482,12595.0, approved ,Condo,2025-05-14
POL-202124,TG-100845,7207.0, approved ,Condo,2023-04-19
POL-202125,TG-107252,21836.0,Pending,Apartment,2023-09-07
POL-202126,TG-103533,17014.0,Denied,Townhouse,2024-03-22
POL-202127,TG-107432,14605.0,Denied,Townhouse,2024-08-26
POL-202128,TG-102001,5640.0,Pending,Townhouse,2024-02-15
POL-202129,TG-108057,7292.0,Approved,Condo,2024-06-20
POL-202130,TG-101515,6386.0, approved , apartment ,2023-03-22
POL-202131,TG-108412,18582.0,Approved,Townhouse,2024-02-10
POL-202132,TG-107108,10990.0,Approved, apartment ,2025-06-10
POL-202133,TG-109047,12019.0,Approved, apartment ,2023-11-14
POL-202134,TG-105172,20360.0,Approved, apartment ,2025-02-02
POL-202135,TG-106401,6173.0, approved ,Condo,2023-12-14
POL-202136,TG-107711,10657.0,Denied, apartment ,2023-08-15
POL-202137,TG-107616,16013.0,Denied,Townhouse,2023-12-08
POL-202138,TG-107263,17731.0, approved ,Townhouse,2025-03-08
POL-202139,TG-103729,19510.0,Approved,Apartment,2023-06-22
POL-202140,TG-103855,19306.0,Denied,Apartment,2023-03-20
POL-202141,TG-102831,13140.0,Approved,Townhouse,2024-06-06
POL-202142,TG-106564,21148.0,Pending,Apartment,2024-10-10
POL-202143,TG-104406,12912.0,Approved,Apartment,2023-04-27
POL-202144,TG-109786,,Denied,Apartment,2024-06-27
POL-202145,TG-109270,17024.0,Pending,Apartment,2024-06-06
POL-202146,TG-102741,23179.0,Approved, apartment ,2023-07-18
POL-202147,TG-107463,15594.0, approved ,Townhouse,2025-03-05
POL-202148,TG-100242,18507.0,Pending,Apartment,2023-12-24
POL-202149,TG-104327,23390.0, approved ,Apartment,2023-12-26
POL-202150,TG-105202,18377.0, approved ,Apartment,2025-01-14
POL-202151,TG-103204,22591.0,Approved,Condo,2025-04-18
POL-202152,TG-102068,18321.0, approved ,Apartment,2024-10-22
POL-202153,TG-100566,21486.0,Approved, apartment ,2025-04-14
POL-202154,TG-100534,7756.0,Denied,Condo,2023-06-01
POL-202155,TG-103026,16795.0,Pending,Townhouse,2023-08-30
POL-202156,TG-108457,17282.0,Pending,Apartment,2023-04-16
POL-202157,TG-101021,8493.0,Pending,Apartment,2023-05-30
POL-202158,TG-102545,10219.0,Approved,Condo,2023-09-20
POL-202159,TG-100868,17643.0,Pending,Townhouse,2023-07-22
POL-202160,TG-107340,16919.0,Approved,Condo,2023-06-27
POL-202161,TG-104129,7111.0,Denied,Condo,2024-09-08
POL-202162,TG-107676,13060.0,Denied,Apartment,2023-06-06
POL-202163,TG-108555,,Approved,Apartment,2025-02-17
POL-202164,TG-106207,14273.0, approved ,Apartment,2025-02-16
POL-202165,TG-106823,6577.0, approved , apartment ,2024-11-02
POL-202166,TG-105070,7496.0,Denied,Apartment,2023-03-19
POL-202167,TG-100917,22918.0,Pending, apartment ,2023-07-01
POL-202168,TG-103728,13391.0,Approved,Condo,2025-03-02
POL-202169,TG-100297,21054.0, approved , apartment ,2024-10-05
POL-202170,TG-104031,19136.0, approved , apartment ,2024-05-20
POL-202171,TG-110005,7811.0,Pending,Townhouse,2024-04-20
POL-202172,TG-105577,7828.0,Approved,Townhouse,2025-02-11
POL-202173,TG-106838,14256.0,Denied,Townhouse,2024-07-31
POL-202174,TG-102733,11831.0,Pending,Apartment,2025-02-17
POL-202175,TG-102218,21596.0,Denied,Apartment,2024-08-16
POL-202176,TG-101337,9469.0,Denied,Condo,2024-04-04
POL-202177,TG-107837,15859.0,Pending,Townhouse,2024-11-28
POL-202178,TG-104528,16609.0,Denied, apartment ,2024-08-01
POL-202179,TG-105956,22168.0,Denied,Apartment,2024-10-20
POL-202180,TG-101574,6432.0,Pending,Apartment,2024-10-12
POL-202181,TG-109669,14559.0, approved , apartment ,2024-10-01
POL-202182,TG-102149,5100.0,Pending,Townhouse,2023-11-27
POL-202183,TG-104819,14893.0, approved ,Condo,2025-06-03
POL-202184,TG-106822,24128.0,Approved,Townhouse,2024-10-04
POL-202185,TG-107940,14352.0,Pending,Apartment,2023-11-20
POL-202186,TG-109974,9803.0,Approved,Apartment,2023-06-04
POL-202187,TG-106022,12161.0,Pending,Apartment,2024-03-26
POL-202188,TG-100078,11015.0, approved ,Apartment,2023-03-11
POL-202189,TG-107908,18740.0, approved ,Condo,2024-04-25
POL-202190,TG-100234,9104.0,Pending,Apartment,2024-03-28
POL-202191,TG-109882,7881.0,Pending,Condo,2024-10-08
POL-202192,TG-105014,6392.0,Denied, apartment ,2023-11-07
POL-202193,TG-101495,5708.0, approved ,Townhouse,2025-03-26
POL-202194,TG-102264,13547.0,Approved,Apartment,2023-10-09
POL-202195,TG-104819,17655.0,Pending,Apartment,2024-08-28
POL-202196,TG-105671,22674.0,Pending,Apartment,2023-02-27
POL-202197,TG-104199,15385.0,Approved,Townhouse,2023-12-27
POL-202198,TG-106849,9129.0,Denied,Townhouse,2024-06-03
POL-202199,TG-109007,17975.0,Pending,Condo,2023-03-17
POL-202200,TG-104528,9357.0,Approved,Condo,2023-11-14
POL-202201,TG-106009,12192.0,Pending,Apartment,2024-04-17
POL-202202,TG-103757,8067.0,Pending,Townhouse,2024-04-07
POL-202203,TG-107361,18080.0,Denied,Apartment,2023-02-08
POL-202204,TG-105358,22145.0,Denied,Condo,2023-02-28
POL-202205,TG-104796,23392.0,Approved,Apartment,2024-01-13
POL-202206,TG-104377,19738.0, approved ,Apartment,2025-05-01
POL-202207,TG-109602,7413.0,Pending, apartment ,2023-10-21
POL-202208,TG-105839,10372.0,Denied,Condo,2023-03-20
POL-202209,TG-104584,9005.0,Pending,Condo,2024-10-22
POL-202210,TG-100214,24933.0,Approved,Apartment,2025-06-03
POL-202211,TG-108841,9446.0,Approved,Apartment,2025-05-25
POL-202212,TG-102517,16865.0, approved , apartment ,2023-04-03
POL-202213,TG-106128,5050.0,Approved,Townhouse,2024-09-21
POL-202214,TG-102329,21945.0,Denied,Townhouse,2024-08-31
POL-202215,TG-104016,20339.0,Approved,Apartment,2024-06-03
POL-202216,TG-108149,12612.0,Denied,Townhouse,2024-01-29
POL-202217,TG-109579,16870.0, approved , apartment ,2024-04-18
POL-202218,TG-101553,5674.0,Denied, apartment ,2024-08-17
POL-202219,TG-100760,9419.0,Denied,Townhouse,2024-07-21
POL-202220,TG-103887,5263.0, approved ,Condo,2025-03-21
POL-202221,TG-102475,6861.0,Denied,Condo,2025-01-26
POL-202222,TG-108745,23511.0, approved ,Apartment,2023-02-12
POL-202223,TG-100970,24504.0,Approved, apartment ,2024-04-05
POL-202224,TG-107049,6613.0, approved ,Condo,2025-04-09
POL-202225,TG-104069,8973.0, approved , apartment ,2024-08-08
POL-202226,TG-102404,9412.0,Denied,Condo,2024-10-29
POL-202227,TG-106892,6873.0, approved ,Condo,2023-07-12
POL-202228,TG-104264,20285.0, approved ,Apartment,2023-11-26
POL-202229,TG-100478,15719.0,Approved,Condo,2024-09-11
POL-202230,TG-106274,17843.0,Denied,Condo,2024-05-02
POL-202231,TG-108823,10535.0,Pending, apartment ,2024-05-28
POL-202232,TG-100559,23659.0,Denied, apartment ,2023-06-04
POL-202233,TG-106319,11937.0,Pending,Condo,2023-03-05
POL-202234,TG-101767,19850.0, approved , apartment ,2024-04-06
POL-202235,TG-100569,17251.0, approved ,Townhouse,2023-04-16
POL-202236,TG-100143,24065.0,Approved,Condo,2025-04-10
POL-202237,TG-105020,15333.0,Pending,Townhouse,2025-05-07
POL-202238,TG-102752,17006.0,Approved,Condo,2023-12-18
POL-202239,TG-108492,18346.0,Approved,Apartment,2025-01-01
POL-202240,TG-101479,8097.0, approved , apartment ,2023-03-28
POL-202241,TG-100865,15156.0,Pending,Townhouse,2024-05-31
POL-202242,TG-103515,21622.0, approved ,Apartment,2024-10-23
POL-202243,TG-104953,23548.0,Pending,Apartment,2023-06-26
POL-202244,TG-106421,9756.0,Denied,Townhouse,2023-02-10
POL-202245,TG-101944,16461.0, approved ,Condo,2023-09-11
POL-202246,TG-104951,21113.0,Approved,Apartment,2024-12-25
POL-202247,TG-103334,13018.0,Approved, apartment ,2024-03-24
POL-202248,TG-106036,12561.0,Pending,Apartment,2024-03-25
POL-202249,TG-104160,18050.0,Denied,Apartment,2024-06-20
POL-202250,TG-107041,20148.0,Approved,Apartment,2024-06-19
POL-202251,TG-102832,9511.0, approved ,Apartment,2024-09-16
POL-202252,TG-106875,6268.0,Denied,Townhouse,2023-06-12
POL-202253,TG-110031,20539.0,Denied, apartment ,2024-01-08
POL-202254,TG-101170,9687.0,Denied,Townhouse,2024-01-17
POL-202255,TG-107133,6960.0,Approved,Apartment,2023-10-17
POL-202256,TG-104865,6665.0,Denied,Townhouse,2024-02-01
POL-202257,TG-103082,24459.0,Denied,Townhouse,2024-02-23
POL-202258,TG-100543,9569.0, approved ,Condo,2025-03-04
POL-202259,TG-101645,16529.0, approved ,Condo,2023-12-13
POL-202260,TG-107842,13672.0,Pending,Condo,2024-11-26
POL-202261,TG-109770,19543.0,Pending,Townhouse,2024-09-04
POL-202262,TG-103873,23022.0,Denied,Townhouse,2023-02-23
POL-202263,TG-109195,7196.0,Denied,Townhouse,2025-03-19
POL-202264,TG-107359,22196.0,Approved, apartment ,2024-10-08
POL-202265,TG-105166,22583.0,Denied,Townhouse,2024-10-24
POL-202266,TG-104570,9377.0,Approved,Townhouse,2023-12-09
POL-202267,TG-101499,20537.0,Denied,Townhouse,2023-03-09
POL-202268,TG-101504,24882.0, approved , apartment ,2023-12-04
POL-202269,TG-101959,7838.0,Pending, apartment ,2023-04-07
POL-202270,TG-103827,17584.0,Approved,Townhouse,2024-07-25
POL-202271,TG-103501,22131.0,Denied,Townhouse,2024-11-25
POL-202272,TG-100104,16149.0,Denied,Condo,2024-01-31
POL-202273,TG-102782,22776.0,Approved,Apartment,2023-10-18
POL-202274,TG-103636,5404.0,Pending, apartment ,2023-09-16
POL-202275,TG-103744,10464.0,Denied, apartment ,2025-01-11
POL-202276,TG-106518,15818.0,Approved,Condo,2025-05-22
POL-202277,TG-108664,23702.0,Approved,Apartment,2024-11-03
POL-202278,TG-106293,13205.0,Denied,Townhouse,2024-09-09
POL-202279,TG-106969,15978.0,Denied,Townhouse,2025-06-13
POL-202280,TG-102567,20344.0,Pending,Townhouse,2023-06-03
POL-202281,TG-101928,24856.0,Denied,Apartment,2023-12-08
POL-202282,TG-102014,10072.0,Pending,Townhouse,2023-03-25
POL-202283,TG-107126,5901.0, approved ,Condo,2024-08-19
POL-202284,TG-101316,21932.0,Approved, apartment ,2024-11-10
POL-202285,TG-101650,21283.0,Denied, apartment ,2023-05-25
POL-202286,TG-101043,10575.0,Denied,Apartment,2023-12-25
POL-202287,TG-104467,20987.0,Pending,Apartment,2023-11-14
POL-202288,TG-107766,21450.0,Denied,Condo,2024-11-02
POL-202289,TG-101672,15277.0, approved ,Condo,2024-12-16
POL-202290,TG-106189,8287.0,Pending, apartment ,2024-11-09
POL-202291,TG-100123,12636.0,Denied,Condo,2024-02-06
POL-202292,TG-107389,11210.0,Denied,Condo,2023-05-13
POL-202293,TG-104377,8410.0,Denied,Apartment,2024-09-01
POL-202294,TG-107439,19631.0,Pending,Condo,2024-12-26
POL-202295,TG-107985,7019.0,Denied,Condo,2023-03-28
POL-202296,TG-102063,7452.0,Approved, apartment ,2023-11-14
POL-202297,TG-109530,22969.0,Pending,Apartment,2024-07-26
POL-202298,TG-101887,5521.0, approved , apartment ,2024-01-21
POL-202299,TG-101445,24741.0,Denied,Condo,2024-10-20
POL-202300,TG-102000,9380.0,Pending,Condo,2025-03-21
POL-202301,TG-106000,24458.0,Denied,Condo,2023-12-03
POL-202302,TG-104147,22643.0,Approved,Condo,2025-04-12
POL-202303,TG-109492,13331.0, approved ,Apartment,2023-05-11
POL-202304,TG-107567,22348.0,Approved, apartment ,2024-11-17
POL-202305,TG-100239,7091.0,Pending,Townhouse,2024-12-20
POL-202306,TG-109298,12756.0,Approved, apartment ,2025-04-28
POL-202307,TG-102169,17089.0, approved ,Townhouse,2025-01-26
POL-202308,TG-101659,14799.0,Denied, apartment ,2024-12-02
POL-202309,TG-107525,24366.0, approved , apartment ,2024-06-23
POL-202310,TG-108580,9860.0,Denied,Townhouse,2023-04-06
POL-202311,TG-105774,8343.0,Approved,Townhouse,2024-10-23
POL-202312,TG-104391,13435.0, approved ,Townhouse,2024-11-17
POL-202313,TG-106218,17899.0,Denied,Apartment,2024-03-09
POL-202314,TG-100481,22471.0,Denied, apartment ,2024-06-04
POL-202315,TG-106968,24575.0,Denied,Apartment,2024-01-06
POL-202316,TG-101393,18315.0,Denied,Apartment,2023-01-19
POL-202317,TG-103006,10748.0,Denied,Condo,2024-01-07
POL-202318,TG-103351,11521.0, approved ,Condo,2023-11-13
POL-202319,TG-101377,6349.0,Denied,Townhouse,2023-07-04
POL-202320,TG-105159,18774.0,Approved,Apartment,2023-08-08
POL-202321,TG-101011,5452.0,Denied,Townhouse,2023-12-16
POL-202322,TG-102753,15894.0,Approved,Condo,2025-02-23
POL-202323,TG-108440,16233.0,Pending,Apartment,2024-05-12
POL-202324,TG-101938,15783.0, approved ,Condo,2023-07-16
POL-202325,TG-101848,20349.0,Approved,Condo,2023-08-20
POL-202326,TG-109619,21639.0,Pending,Condo,2023-05-21
POL-202327,TG-103700,12424.0,Approved,Townhouse,2023-06-08
POL-202328,TG-104894,9687.0,Approved,Apartment,2023-03-21
POL-202329,TG-106172,24008.0,Pending,Condo,2023-10-30
POL-202330,TG-100458,7986.0, approved ,Condo,2025-05-14
POL-202331,TG-102999,20898.0, approved ,Townhouse,2025-03-18
POL-202332,TG-105939,15169.0,Denied,Apartment,2023-04-14
POL-202333,TG-100111,18330.0, approved ,Condo,2024-06-03
POL-202334,TG-101017,16912.0,Denied,Townhouse,2025-02-28
POL-202335,TG-109608,5925.0,Approved,Townhouse,2024-07-06
POL-202336,TG-108573,9524.0,Pending,Apartment,2025-05-05
POL-202337,TG-100572,20030.0, approved ,Condo,2025-01-26
POL-202338,TG-105888,8984.0,Pending, apartment ,2024-06-23
POL-202339,TG-102633,20844.0,Denied,Condo,2023-02-08
POL-202340,TG-106444,11969.0,Approved, apartment ,2024-11-08
POL-202341,TG-100936,20387.0,Pending,Condo,2023-12-11
POL-202342,TG-105831,21481.0, approved ,Townhouse,2025-06-16
POL-202343,TG-108349,20233.0, approved , apartment ,2025-02-23
POL-202344,TG-108107,6705.0, approved ,Apartment,2024-09-24
POL-202345,TG-102508,8705.0, approved ,Condo,2023-05-15
POL-202346,TG-104511,14046.0,Denied,Apartment,2024-09-03
POL-202347,TG-103717,11117.0, approved ,Condo,2024-01-21
POL-202348,TG-103898,12115.0,Approved, apartment ,2023-06-07
POL-202349,TG-107053,19084.0,Denied,Condo,2023-06-16
POL-202350,TG-100588,10665.0,Approved,Apartment,2023-07-05
POL-202351,TG-101661,8882.0, approved ,Condo,2025-05-01
POL-202352,TG-107511,15528.0,Denied, apartment ,2024-12-10
POL-202353,TG-105167,10600.0,Denied,Apartment,2025-02-28
POL-202354,TG-102235,11749.0,Pending,Townhouse,2024-10-01
POL-202355,TG-106446,16284.0,Approved,Condo,2025-04-08
POL-202356,TG-106281,22298.0,Denied,Condo,2023-06-19
POL-202357,TG-106481,17526.0,Denied,Townhouse,2025-01-08
POL-202358,TG-106833,8289.0, approved ,Condo,2024-03-24
POL-202359,TG-109876,12490.0,Denied,Townhouse,2023-02-14
POL-202360,TG-109073,15506.0, approved ,Condo,2024-02-25
POL-202361,TG-101264,22816.0, approved ,Apartment,2024-01-09
POL-202362,TG-103481,9798.0,Denied,Townhouse,2024-11-23
POL-202363,TG-108586,16977.0, approved ,Apartment,2025-01-06
POL-202364,TG-105299,11010.0,Pending,Condo,2023-09-01
POL-202365,TG-102205,14531.0,Denied,Townhouse,2024-03-30
POL-202366,TG-107808,23944.0,Pending,Condo,2024-09-17
POL-202367,TG-104787,22274.0,Denied,Condo,2023-10-19
POL-202368,TG-106683,19766.0,Approved,Apartment,2025-02-09
POL-202369,,13241.0, approved , apartment ,2025-02-05
POL-202370,TG-103827,19975.0,Pending, apartment ,2025-03-13
POL-202371,TG-107225,17358.0, approved ,Condo,2024-04-04
POL-202372,TG-102732,16488.0, approved ,Apartment,2023-08-28
POL-202373,TG-107401,10102.0,Approved,Condo,2024-06-30
POL-202374,TG-101829,10231.0, approved ,Townhouse,2023-09-02
POL-202375,TG-105612,19169.0,Approved,Townhouse,2023-11-13
POL-202376,TG-104346,6169.0,Approved,Condo,2025-04-08
POL-202377,TG-107125,6643.0,Pending, apartment ,2025-03-14
POL-202378,TG-109765,5072.0, approved ,Townhouse,2024-04-25
POL-202379,TG-105555,20963.0,Denied,Townhouse,2025-05-05
POL-202380,TG-104141,8030.0,Approved,Townhouse,2023-07-18
POL-202381,TG-107809,10318.0,Denied,Townhouse,2024-01-12
POL-202382,TG-103668,20791.0,Denied,Apartment,2024-11-25
POL-202383,TG-101660,6049.0,Denied,Apartment,2024-08-07
POL-202384,TG-102680,15708.0,Denied, apartment ,2024-03-27
POL-202385,TG-101999,17383.0,Pending, apartment ,2024-04-17
POL-202386,,16548.0,Denied,Townhouse,2025-02-26
POL-202387,TG-100347,21994.0,Denied, apartment ,2023-10-16
POL-202388,TG-107592,16063.0,Pending,Townhouse,2025-03-07
POL-202389,TG-101288,13942.0,Pending,Townhouse,2024-01-27
POL-202390,TG-109313,18565.0,Denied,Townhouse,2024-05-29
POL-202391,TG-106346,21330.0, approved ,Condo,2024-06-24
POL-202392,TG-108796,18409.0,Pending,Apartment,2024-03-04
POL-202393,TG-104471,20596.0,Denied,Apartment,2023-06-15
POL-202394,TG-106769,11317.0,Denied,Condo,2025-04-16
POL-202395,TG-106187,5652.0,Approved,Apartment,2023-07-24
POL-202396,TG-101798,23131.0,Approved,Townhouse,2025-03-31
POL-202397,TG-109502,22694.0,Approved,Townhouse,2024-09-11
POL-202398,TG-102882,6961.0,Denied,Condo,2023-05-22
POL-202399,TG-106279,9981.0,Pending,Apartment,2025-06-12
POL-202400,TG-103854,9954.0, approved ,Apartment,2023-09-14
POL-202401,TG-108199,23906.0,Denied,Condo,2023-02-23
POL-202402,TG-101271,19169.0,Approved,Townhouse,2024-10-18
POL-202403,TG-101744,11798.0,Denied,Apartment,2024-05-07
POL-202404,TG-100753,5831.0,Pending, apartment ,2025-06-14
POL-202405,TG-108415,24110.0,Pending,Townhouse,2024-01-16
POL-202406,TG-108701,23295.0, approved ,Townhouse,2024-07-21
POL-202407,TG-101545,13832.0,Denied,Condo,2023-04-16
POL-202408,TG-109825,8016.0,Pending,Condo,2024-12-29
POL-202409,TG-109378,7635.0,Pending,Townhouse,2025-05-16
POL-202410,TG-105735,17808.0,Approved,Townhouse,2024-06-12
POL-202411,TG-103119,19019.0,Approved, apartment ,2025-05-21
POL-202412,TG-104542,11960.0,Denied,Apartment,2023-05-08
POL-202413,TG-102656,13703.0,Denied,Townhouse,2023-10-19
POL-202414,TG-106859,21882.0,Pending, apartment ,2023-03-27
POL-202415,TG-103468,15145.0,Pending,Townhouse,2025-02-20
POL-202416,TG-105726,5169.0,Pending, apartment ,2023-06-14
POL-202417,TG-104302,19239.0,Denied,Townhouse,2023-10-07
POL-202418,TG-102312,12078.0,Approved,Apartment,2024-04-05
POL-202419,TG-100069,14963.0,Pending,Townhouse,2024-06-09
POL-202420,TG-104068,23792.0, approved ,Townhouse,2023-05-31
POL-202421,TG-106338,8498.0,Denied,Condo,2025-04-30
POL-202422,TG-105479,12404.0, approved ,Apartment,2024-03-23
POL-202423,TG-100909,5010.0, approved ,Townhouse,2023-04-04
POL-202424,TG-102800,22415.0,Denied,Townhouse,2023-08-16
POL-202425,TG-109174,12202.0,Denied, apartment ,2025-04-16
POL-202426,TG-107856,15980.0, approved ,Apartment,2024-04-06
POL-202427,TG-105568,11032.0,Denied, apartment ,2023-12-24
POL-202428,TG-109059,19741.0, approved ,Apartment,2023-01-28
POL-202429,,16521.0, approved , apartment ,2024-02-29
POL-202430,TG-103808,22913.0,Denied,Condo,2023-02-24
POL-202431,TG-107895,22623.0, approved ,Townhouse,2024-02-10
POL-202432,TG-102137,18029.0,Approved,Condo,2024-05-29
POL-202433,TG-107545,12513.0,Pending, apartment ,2024-01-18
POL-202434,TG-103913,8522.0, approved ,Condo,2023-08-30
POL-202435,TG-101093,17086.0,Pending, apartment ,2024-01-31
POL-202436,TG-104066,15153.0,Pending,Townhouse,2023-03-25
POL-202437,TG-100324,6867.0,Denied,Condo,2024-01-19
POL-202438,TG-109410,22680.0,Approved,Condo,2023-08-18
POL-202439,TG-104280,5544.0,Denied, apartment ,2023-01-29
POL-202440,TG-104142,20782.0,Denied,Apartment,2023-11-23
POL-202441,TG-100956,22386.0,Approved,Apartment,2023-04-12
POL-202442,TG-104487,21495.0,Approved, apartment ,2025-05-09
POL-202443,TG-106601,7416.0,Approved, apartment ,2025-01-01
POL-202444,TG-105912,6887.0,Pending,Townhouse,2024-10-27
POL-202445,TG-101379,7477.0,Pending,Townhouse,2023-12-10
POL-202446,TG-107490,9959.0,Approved,Townhouse,2025-03-21
POL-202447,TG-104583,11795.0,Denied, apartment ,2023-05-30
POL-202448,TG-103034,14845.0,Pending,Condo,2023-05-21
POL-202449,TG-104438,7037.0,Approved,Condo,2023-02-09
POL-202450,TG-105739,5741.0,Approved,Condo,2023-10-21
POL-202451,TG-109438,24238.0,Pending,Apartment,2025-04-29
POL-202452,TG-101633,12226.0,Approved,Apartment,2024-04-28
POL-202453,TG-101995,11904.0,Approved,Apartment,2024-12-13
POL-202454,TG-106640,19088.0,Denied, apartment ,2025-05-01
POL-202455,TG-102350,10068.0,Pending,Townhouse,2023-05-23
POL-202456,,14703.0, approved ,Condo,2025-02-16
POL-202457,TG-100628,21844.0,Approved,Condo,2024-12-23
POL-202458,TG-100052,16620.0,Denied, apartment ,2024-04-25
POL-202459,TG-101810,5109.0, approved ,Townhouse,2024-04-04
POL-202460,TG-106076,13176.0,Denied,Condo,2024-09-22
POL-202461,TG-106352,17105.0,Pending,Condo,2023-01-06
POL-202462,TG-101561,17109.0, approved , apartment ,2023-03-23
POL-202463,TG-101238,10834.0,Pending,Townhouse,2023-01-20
POL-202464,TG-102904,15550.0,Pending,Condo,2023-09-20
POL-202465,TG-104741,10926.0,Denied,Apartment,2023-08-09
POL-202466,TG-101747,11246.0,Denied,Condo,2025-05-05
POL-202467,TG-103746,20818.0,Pending,Condo,2023-06-03
POL-202468,TG-104707,14754.0,Pending,Apartment,2024-07-15
POL-202469,TG-106121,19888.0,Approved, apartment ,2025-01-14
POL-202470,TG-106946,19272.0,Pending,Apartment,2024-09-15
POL-202471,TG-107084,16835.0,Pending, apartment ,2024-06-24
POL-202472,TG-104035,6613.0,Pending,Townhouse,2024-03-09
POL-202473,TG-102297,20332.0, approved ,Apartment,2023-04-24
POL-202474,TG-104341,6457.0,Denied,Condo,2025-03-05
POL-202475,TG-105402,19905.0,Pending,Apartment,2023-10-23
POL-202476,TG-101307,7953.0,Pending, apartment ,2023-09-01
POL-202477,TG-108117,23290.0, approved ,Condo,2023-11-05
POL-202478,TG-105032,18834.0,Pending,Condo,2023-05-05
POL-202479,TG-109064,21497.0,Pending,Townhouse,2023-02-18
POL-202480,TG-104501,11862.0, approved , apartment ,2023-09-02
POL-202481,TG-106040,11947.0,Approved,Townhouse,2024-03-05
POL-202482,TG-101863,11336.0,Denied,Condo,2024-10-16
POL-202483,TG-108423,22273.0,Approved, apartment ,2025-03-23
POL-202484,TG-103203,17189.0, approved ,Apartment,2024-09-29
POL-202485,TG-106434,6751.0,Pending,Condo,2024-04-13
POL-202486,TG-104466,12776.0,Approved, apartment ,2023-03-06
POL-202487,TG-106516,22657.0, approved ,Condo,2023-04-24
POL-202488,TG-100739,6032.0,Pending,Townhouse,2025-05-06
POL-202489,TG-104560,19332.0, approved , apartment ,2024-05-26
POL-202490,TG-104458,20022.0,Approved,Townhouse,2024-09-03
POL-202491,TG-107286,23921.0,Approved,Townhouse,2024-07-02
POL-202492,TG-101657,8033.0,Pending, apartment ,2023-01-17
POL-202493,TG-106497,14155.0, approved , apartment ,2024-10-09
POL-202494,TG-108679,20450.0,Denied, apartment ,2024-06-11
POL-202495,TG-108157,13398.0,Denied,Townhouse,2024-08-11
POL-202496,TG-109588,20288.0,Pending, apartment ,2023-09-05
POL-202497,TG-106371,15699.0, approved , apartment ,2025-01-05
POL-202498,TG-107973,6136.0,Denied,Townhouse,2023-05-28
POL-202499,TG-101902,22833.0,Pending,Condo,2023-10-26
POL-202500,TG-101839,12947.0,Approved,Townhouse,2024-03-15
POL-202501,TG-104908,13969.0,Approved, apartment ,2023-01-02
POL-202502,TG-106751,16700.0,Approved,Condo,2024-09-21
POL-202503,TG-101391,5880.0,Pending,Condo,2023-12-28
POL-202504,TG-100288,20930.0,Approved,Apartment,2023-09-04
POL-202505,TG-104642,22814.0, approved ,Condo,2024-08-07
POL-202506,TG-100791,12814.0,Pending, apartment ,2024-03-02
POL-202507,TG-100158,5194.0, approved ,Condo,2023-07-11
POL-202508,TG-106816,12606.0, approved ,Condo,2024-11-11
POL-202509,TG-107658,24509.0, approved ,Apartment,2024-11-15
POL-202510,TG-107529,22758.0,Denied,Condo,2023-03-29
POL-202511,TG-106371,11021.0, approved ,Apartment,2024-06-20
POL-202512,TG-108074,14183.0,Pending,Townhouse,2024-01-05
POL-202513,TG-102812,16078.0,Denied, apartment ,2023-03-11
POL-202514,TG-101786,15783.0,Pending,Townhouse,2024-06-22
POL-202515,TG-102094,17568.0,Pending,Townhouse,2024-07-11
POL-202516,TG-109666,24572.0,Denied,Townhouse,2024-06-03
POL-202517,TG-107664,13945.0,Pending, apartment ,2025-03-16
POL-202518,TG-100007,20743.0,Approved, apartment ,2024-06-03
POL-202519,TG-107328,22269.0,Denied,Townhouse,2024-07-21
POL-202520,TG-106482,10054.0,Denied,Condo,2023-01-21
POL-202521,TG-100226,23022.0,Approved,Townhouse,2024-02-04
POL-202522,TG-107976,19500.0,Denied,Apartment,2025-06-13
POL-202523,TG-104076,18779.0,Pending,Apartment,2024-04-26
POL-202524,TG-106919,13659.0,Approved,Condo,2023-02-14
POL-202525,TG-105755,11959.0,Pending,Townhouse,2024-10-12
POL-202526,TG-107193,14606.0,Denied,Townhouse,2024-02-01
POL-202527,TG-100357,18065.0,Approved,Townhouse,2024-01-18
POL-202528,TG-103938,14945.0,Denied,Condo,2023-09-17
POL-202529,TG-106083,20176.0, approved ,Townhouse,2025-02-04
POL-202530,TG-106405,21387.0,Pending,Condo,2023-01-17
POL-202531,TG-100097,21918.0,Approved,Condo,2024-01-01
POL-202532,TG-106386,22501.0, approved ,Condo,2025-03-18
POL-202533,TG-104111,12540.0,Approved, apartment ,2023-03-11
POL-202534,TG-101737,12746.0,Pending, apartment ,2023-12-20
POL-202535,TG-100525,11882.0,Pending,Apartment,2023-09-04
POL-202536,TG-103192,7693.0,Denied,Apartment,2025-01-20
POL-202537,TG-100390,18477.0,Approved, apartment ,2024-11-03
POL-202538,TG-103905,8347.0,Denied, apartment ,2024-10-05
POL-202539,TG-103612,15984.0,Denied,Townhouse,2023-04-17
POL-202540,TG-104538,12544.0, approved , apartment ,2025-03-01
POL-202541,TG-108655,7700.0, approved ,Townhouse,2024-08-18
POL-202542,TG-109457,14082.0,Denied,Condo,2025-01-22
POL-202543,TG-106734,24676.0,Denied,Condo,2025-02-13
POL-202544,TG-100411,17132.0, approved ,Apartment,2023-12-07
POL-202545,TG-106653,18116.0, approved ,Townhouse,2023-05-17
POL-202546,TG-109453,15195.0,Approved,Townhouse,2023-02-15
POL-202547,TG-103589,7849.0,Denied,Townhouse,2023-12-27
POL-202548,TG-106277,5652.0,Pending,Apartment,2024-07-13
POL-202549,TG-107450,9157.0,Denied, apartment ,2023-12-13
POL-202550,TG-105812,8185.0, approved ,Condo,2025-04-13
POL-202551,TG-101000,17994.0, approved ,Condo,2024-10-20
POL-202552,TG-107184,24108.0,Approved,Townhouse,2023-06-29
POL-202553,TG-102416,14278.0, approved ,Condo,2025-04-30
POL-202554,TG-109533,6135.0,Approved, apartment ,2025-03-08
POL-202555,TG-107489,9243.0,Approved,Townhouse,2024-12-02
POL-202556,TG-106861,16324.0,Pending,Apartment,2024-04-20
POL-202557,TG-107444,16831.0,Approved, apartment ,2024-12-13
POL-202558,TG-103938,9777.0,Denied,Townhouse,2024-05-05
POL-202559,TG-108638,8862.0, approved , apartment ,2024-10-08
POL-202560,TG-107715,11077.0,Approved,Townhouse,2023-07-06
POL-202561,TG-108364,14351.0,Approved,Condo,2025-04-10
POL-202562,TG-100948,7358.0,Pending,Apartment,2023-05-19
POL-202563,TG-104031,7935.0,Denied, apartment ,2023-03-06
POL-202564,TG-100646,12701.0, approved , apartment ,2025-01-03
POL-202565,TG-108300,5149.0,Pending,Townhouse,2025-03-05
POL-202566,TG-107025,6433.0,Approved,Townhouse,2024-04-13
POL-202567,TG-109435,18375.0,Pending, apartment ,2023-02-07
POL-202568,TG-105151,9241.0, approved ,Condo,2023-10-28
POL-202569,TG-102450,6333.0,Denied, apartment ,2023-07-26
POL-202570,TG-104891,19193.0,Denied,Condo,2023-02-14
POL-202571,TG-102901,18194.0, approved , apartment ,2025-03-21
POL-202572,TG-108001,9769.0, approved ,Townhouse,2023-07-24
POL-202573,TG-105844,20569.0,Denied,Condo,2023-02-12
POL-202574,TG-101733,18010.0,Denied,Apartment,2023-11-20
POL-202575,TG-104064,13609.0,Denied,Apartment,2023-11-14
POL-202576,TG-107661,10581.0,Pending,Townhouse,2024-06-11
POL-202577,TG-102882,19171.0, approved , apartment ,2024-02-12
POL-202578,TG-107743,11327.0,Denied, apartment ,2025-04-14
POL-202579,TG-105700,15133.0,Pending,Apartment,2024-07-10
POL-202580,TG-109555,5287.0,Approved,Condo,2024-04-29
POL-202581,TG-103040,15360.0,Denied,Condo,2023-09-17
POL-202582,TG-108643,10196.0,Pending, apartment ,2023-02-07
POL-202583,TG-105859,19745.0,Approved,Condo,2025-02-10
POL-202584,TG-108734,24106.0, approved ,Apartment,2024-10-24
POL-202585,TG-101794,23038.0, approved ,Condo,2023-07-15
POL-202586,TG-102894,18782.0,Denied,Townhouse,2023-10-20
POL-202587,TG-103824,10113.0,Denied,Condo,2024-01-01
POL-202588,TG-105623,9746.0,Approved,Apartment,2025-06-01
POL-202589,TG-106026,16775.0,Denied,Condo,2025-03-10
POL-202590,TG-102418,,Approved,Apartment,2023-02-18
POL-202591,TG-103502,11902.0, approved , apartment ,2025-06-05
POL-202592,TG-109766,11506.0, approved ,Condo,2024-11-02
POL-202593,TG-106120,12283.0,Approved,Condo,2023-12-06
POL-202594,TG-106774,18652.0,Denied,Condo,2023-10-07
POL-202595,TG-102099,12499.0, approved ,Apartment,2023-05-08
POL-202596,TG-108576,,Approved,Apartment,2025-03-29
POL-202597,TG-103231,11969.0,Approved,Apartment,2024-01-12
POL-202598,TG-100530,11057.0,Denied,Condo,2024-03-23
POL-202599,TG-103770,7561.0,Pending,Apartment,2024-02-14
POL-202600,TG-104008,19704.0, approved , apartment ,2025-01-31
POL-202601,TG-108148,9177.0, approved ,Townhouse,2024-03-26
POL-202602,TG-102163,21990.0,Pending,Condo,2024-01-31
POL-202603,TG-102773,17931.0, approved ,Townhouse,2023-12-14
POL-202604,TG-103309,12116.0,Approved, apartment ,2023-07-11
POL-202605,TG-101034,14367.0,Approved,Condo,2024-05-23
POL-202606,TG-100710,10879.0,Approved,Townhouse,2024-12-09
POL-202607,TG-102757,24574.0,Pending,Townhouse,2024-05-24
POL-202608,TG-105528,9917.0,Denied,Townhouse,2024-01-12
POL-202609,TG-100416,13111.0,Denied, apartment ,2025-03-27
POL-202610,TG-104446,12854.0,Pending, apartment ,2024-06-15
POL-202611,TG-100655,10464.0, approved ,Condo,2023-10-01
POL-202612,TG-107852,7176.0,Pending,Apartment,2025-03-31
POL-202613,TG-105017,24141.0,Denied,Apartment,2023-03-26
POL-202614,TG-109110,11318.0,Approved,Condo,2025-01-14
POL-202615,TG-109132,19012.0, approved ,Townhouse,2024-03-10
POL-202616,TG-106384,15509.0,Denied,Townhouse,2023-03-22
POL-202617,TG-106922,24240.0,Denied, apartment ,2024-03-16
POL-202618,TG-101257,5872.0,Approved,Condo,2024-09-08
POL-202619,TG-104722,19072.0,Denied,Apartment,2025-04-22
POL-202620,TG-106685,22611.0, approved ,Condo,2023-07-04
POL-202621,TG-107960,19072.0, approved ,Townhouse,2024-07-12
POL-202622,TG-101387,9736.0, approved ,Townhouse,2023-10-28
POL-202623,TG-103220,19934.0,Pending,Apartment,2023-11-25
POL-202624,TG-100129,9666.0,Denied,Condo,2023-04-16
POL-202625,TG-101284,22618.0,Pending,Townhouse,2023-03-23
POL-202626,TG-102881,7808.0,Denied,Condo,2023-12-02
POL-202627,TG-105311,24717.0,Pending,Apartment,2024-11-07
POL-202628,TG-108653,23689.0, approved , apartment ,2023-10-30
POL-202629,TG-101425,23806.0,Denied,Apartment,2023-11-10
POL-202630,TG-109674,22580.0,Pending, apartment ,2024-04-01
POL-202631,TG-103641,5881.0, approved ,Apartment,2024-09-09
POL-202632,TG-103387,16227.0,Denied, apartment ,2025-01-04
POL-202633,TG-104366,9259.0, approved , apartment ,2024-03-12
POL-202634,TG-103156,20248.0,Approved,Apartment,2023-06-20
POL-202635,TG-102500,18922.0,Approved,Townhouse,2024-12-07
POL-202636,TG-107633,21533.0,Approved,Condo,2024-03-30
POL-202637,TG-102981,7420.0,Approved, apartment ,2023-12-26
POL-202638,TG-102969,23440.0, approved ,Townhouse,2024-04-02
POL-202639,TG-104044,6908.0,Denied,Townhouse,2023-02-13
POL-202640,TG-105758,12169.0,Approved,Condo,2025-01-14
POL-202641,TG-103712,9086.0,Pending,Condo,2025-06-09
POL-202642,TG-101534,13773.0,Pending,Apartment,2023-12-28
POL-202643,TG-110025,14060.0, approved ,Apartment,2024-09-21
POL-202644,TG-108330,5428.0,Approved,Condo,2024-03-21
POL-202645,TG-105444,22994.0,Approved, apartment ,2023-10-09
POL-202646,TG-104604,19011.0,Approved, apartment ,2024-10-16
POL-202647,TG-101920,13405.0,Pending, apartment ,2025-03-21
POL-202648,TG-109810,21004.0,Denied,Apartment,2023-02-28
POL-202649,TG-102481,22432.0,Approved, apartment ,2023-03-18
POL-202650,TG-105444,18128.0, approved ,Apartment,2024-11-18
POL-202651,TG-101533,14334.0,Denied, apartment ,2024-10-14
POL-202652,TG-106859,22463.0,Denied,Townhouse,2024-02-20
POL-202653,TG-107099,14872.0, approved ,Condo,2024-01-08
POL-202654,TG-108100,,Pending,Condo,2024-06-09
POL-202655,TG-104246,12362.0,Approved,Condo,2025-03-31
POL-202656,TG-101540,18084.0, approved , apartment ,2025-02-06
POL-202657,TG-105462,20935.0, approved ,Townhouse,2024-11-26
POL-202658,TG-108407,13604.0, approved ,Apartment,2023-06-13
POL-202659,TG-109552,22746.0,Approved,Apartment,2023-02-01
POL-202660,TG-108835,13871.0, approved ,Apartment,2023-05-27
POL-202661,TG-109104,7212.0,Denied,Apartment,2025-05-19
POL-202662,TG-100122,16589.0,Pending, apartment ,2024-09-14
POL-202663,TG-108861,8529.0, approved ,Condo,2024-11-25
POL-202664,TG-100053,19152.0,Approved,Condo,2025-03-11
POL-202665,TG-101112,19953.0, approved ,Condo,2024-03-24
POL-202666,TG-106992,11566.0,Approved,Condo,2023-02-05
POL-202667,TG-108013,18588.0,Pending,Townhouse,2023-05-10
POL-202668,TG-104630,14627.0,Pending,Townhouse,2023-03-10
POL-202669,TG-109488,,Denied, apartment ,2023-08-30
POL-202670,TG-102490,23067.0,Approved,Apartment,2025-03-08
POL-202671,TG-104659,19256.0,Approved,Townhouse,2024-10-22
POL-202672,TG-104304,22248.0,Denied,Townhouse,2024-01-11
POL-202673,TG-105237,24134.0, approved ,Townhouse,2024-01-06
POL-202674,TG-101869,15799.0,Pending,Townhouse,2024-01-28
POL-202675,TG-102746,10728.0, approved ,Apartment,2024-08-03
POL-202676,TG-103662,23227.0,Approved, apartment ,2023-02-03
POL-202677,TG-107186,18659.0,Pending, apartment ,2024-09-11
POL-202678,TG-102372,13429.0,Denied,Condo,2023-06-07
POL-202679,TG-105392,9515.0,Approved,Condo,2024-11-26
POL-202680,TG-109318,18844.0,Approved,Apartment,2024-04-05
POL-202681,TG-101157,16461.0,Pending, apartment ,2024-01-15
POL-202682,TG-110008,8290.0,Pending,Townhouse,2024-01-16
POL-202683,TG-109390,6699.0,Denied,Condo,2024-03-30
POL-202684,TG-104852,14792.0,Approved,Townhouse,2025-02-20
POL-202685,TG-108080,7501.0,Denied, apartment ,2023-03-20
POL-202686,TG-101824,11231.0,Pending,Apartment,2024-08-10
POL-202687,TG-103210,,Approved,Townhouse,2023-05-21
POL-202688,TG-106816,10282.0,Denied, apartment ,2024-06-26
POL-202689,TG-106171,17228.0,Approved,Townhouse,2024-01-11
POL-202690,TG-106249,16080.0,Approved, apartment ,2024-02-12
POL-202691,TG-107720,11057.0,Approved, apartment ,2023-11-18
POL-202692,TG-109348,13071.0,Pending,Townhouse,2024-10-27
POL-202693,TG-106740,16729.0,Denied,Townhouse,2023-10-13
POL-202694,TG-107453,15044.0,Denied,Condo,2023-09-13
POL-202695,TG-105209,6720.0,Denied, apartment ,2023-04-27
POL-202696,TG-102103,22837.0,Approved,Condo,2023-01-27
POL-202697,TG-103842,22193.0,Denied, apartment ,2025-01-23
POL-202698,TG-105588,,Denied,Condo,2023-07-10
POL-202699,TG-108692,22593.0,Approved,Townhouse,2024-05-26
POL-202700,TG-101158,23771.0,Pending, apartment ,2024-06-14
POL-202701,TG-102615,21376.0, approved ,Townhouse,2024-02-01
POL-202702,TG-109142,15294.0,Approved,Townhouse,2024-07-29
POL-202703,,13720.0,Approved,Townhouse,2023-05-01
POL-202704,TG-107629,10119.0,Pending,Condo,2023-09-26
POL-202705,TG-100783,23369.0,Approved,Condo,2025-03-04
POL-202706,TG-108104,17581.0,Pending,Condo,2023-09-24
POL-202707,TG-104135,14842.0,Approved,Townhouse,2024-12-21
POL-202708,TG-102230,19781.0,Denied,Condo,2024-04-01
POL-202709,TG-107805,17543.0,Approved, apartment ,2023-08-08
POL-202710,TG-108486,24971.0, approved ,Condo,2024-09-18
POL-202711,TG-105271,20033.0, approved ,Condo,2023-10-20
POL-202712,TG-109534,6489.0,Approved,Townhouse,2024-12-11
POL-202713,TG-101257,15377.0,Approved,Condo,2024-05-17
POL-202714,TG-104461,20582.0, approved ,Condo,2023-07-24
POL-202715,TG-101501,,Pending,Condo,2023-05-06
POL-202716,TG-100051,22955.0,Pending,Condo,2023-05-19
POL-202717,TG-101584,6723.0, approved ,Townhouse,2025-05-23
POL-202718,TG-101601,10329.0,Pending,Townhouse,2023-03-17
POL-202719,TG-101678,17866.0,Approved,Condo,2024-04-07
POL-202720,TG-102104,7315.0,Pending,Townhouse,2023-06-26
POL-202721,TG-109008,7442.0,Approved,Townhouse,2024-12-31
POL-202722,TG-105818,20288.0,Approved,Townhouse,2024-03-31
POL-202723,TG-104041,23156.0,Approved,Condo,2023-03-31
POL-202724,TG-102239,11062.0,Pending,Townhouse,2025-04-09
POL-202725,TG-105545,20252.0, approved , apartment ,2024-11-29
POL-202726,TG-103652,14134.0, approved ,Apartment,2025-05-15
POL-202727,TG-101822,11720.0,Pending,Condo,2023-11-24
POL-202728,TG-107565,12046.0,Pending, apartment ,2024-11-14
POL-202729,TG-100709,,Approved,Townhouse,2023-12-22
POL-202730,TG-106240,16891.0, approved ,Condo,2024-12-27
POL-202731,TG-100556,6701.0,Denied,Condo,2023-03-08
POL-202732,TG-104588,22181.0,Pending,Apartment,2024-07-17
POL-202733,TG-109877,20097.0,Approved,Townhouse,2024-07-09
POL-202734,TG-105847,16809.0,Denied,Condo,2023-10-25
POL-202735,TG-109314,7261.0,Denied,Apartment,2023-11-04
POL-202736,TG-105287,21274.0,Pending, apartment ,2025-05-21
POL-202737,TG-100493,9364.0, approved , apartment ,2023-06-11
POL-202738,TG-100532,7639.0,Approved, apartment ,2024-12-29
POL-202739,TG-107097,19891.0,Pending,Apartment,2024-12-27
POL-202740,TG-106082,21616.0,Pending,Townhouse,2024-12-18
POL-202741,TG-103783,23938.0, approved ,Apartment,2024-10-15
POL-202742,TG-105773,22255.0,Denied,Condo,2023-06-28
POL-202743,TG-105310,10712.0,Pending,Townhouse,2025-03-23
POL-202744,TG-106379,,Pending,Townhouse,2024-01-06
POL-202745,TG-106378,23770.0, approved ,Condo,2024-06-04
POL-202746,TG-105001,10737.0,Pending, apartment ,2023-08-18
POL-202747,TG-104192,11457.0,Denied,Townhouse,2023-05-05
POL-202748,TG-101207,9219.0, approved ,Townhouse,2023-07-25
POL-202749,TG-102819,15659.0, approved ,Apartment,2025-03-22
POL-202750,TG-101138,16236.0,Denied,Apartment,2023-05-23
POL-202751,TG-101416,24602.0,Pending,Apartment,2023-08-31
POL-202752,TG-105820,18419.0,Denied,Condo,2025-03-20
POL-202753,TG-100064,18274.0,Denied,Condo,2024-05-20
POL-202754,TG-106358,19116.0, approved ,Townhouse,2023-01-27
POL-202755,TG-103575,18888.0,Pending,Townhouse,2024-01-05
POL-202756,TG-103148,14572.0, approved ,Townhouse,2024-07-21
POL-202757,TG-105596,20410.0,Approved,Townhouse,2024-08-09
POL-202758,TG-107479,21793.0,Pending, apartment ,2024-01-13
POL-202759,TG-100349,12718.0,Approved,Townhouse,2024-04-23
POL-202760,TG-106054,21770.0, approved ,Townhouse,2025-04-02
POL-202761,TG-101612,24607.0, approved ,Condo,2024-07-18
POL-202762,TG-104830,16091.0,Denied,Apartment,2023-05-13
POL-202763,TG-104492,15034.0,Approved,Townhouse,2024-09-18
POL-202764,TG-103865,19265.0, approved , apartment ,2023-03-30
POL-202765,TG-102136,12931.0,Approved,Townhouse,2023-03-09
POL-202766,TG-108878,14678.0, approved ,Apartment,2023-11-13
POL-202767,TG-107811,7835.0,Denied,Condo,2024-02-12
POL-202768,TG-104165,6722.0,Pending,Townhouse,2025-01-04
POL-202769,TG-103397,22969.0,Pending,Townhouse,2025-01-06
POL-202770,TG-104266,12219.0,Denied,Townhouse,2024-05-05
POL-202771,TG-106566,20433.0, approved ,Condo,2024-06-22
POL-202772,TG-105022,18173.0,Pending,Condo,2024-02-25
POL-202773,TG-100840,17090.0,Approved,Condo,2025-02-26
POL-202774,TG-103073,19057.0,Approved, apartment ,2024-02-24
POL-202775,TG-100518,24165.0, approved ,Apartment,2025-04-23
POL-202776,TG-109728,19264.0,Approved, apartment ,2024-08-11
POL-202777,TG-104742,12838.0,Denied,Townhouse,2023-03-17
POL-202778,TG-103080,14707.0,Approved,Apartment,2023-05-09
POL-202779,TG-102520,10075.0,Denied,Townhouse,2023-11-21
POL-202780,TG-101583,16779.0,Pending,Apartment,2024-10-19
POL-202781,TG-104918,17691.0,Denied,Apartment,2023-03-17
POL-202782,TG-104812,7120.0,Denied,Condo,2024-04-05
POL-202783,TG-101339,9907.0,Denied,Townhouse,2024-04-22
POL-202784,TG-108313,6817.0,Denied,Townhouse,2024-11-27
POL-202785,TG-105445,,Approved, apartment ,2024-06-13
POL-202786,,11362.0, approved ,Condo,2023-12-19
POL-202787,TG-100304,5934.0,Approved, apartment ,2023-05-12
POL-202788,TG-104765,10667.0,Denied,Townhouse,2025-06-18
POL-202789,TG-105212,17452.0,Denied,Apartment,2025-04-28
POL-202790,TG-107233,7211.0, approved ,Apartment,2025-03-09
POL-202791,TG-106685,24188.0,Approved,Apartment,2024-07-18
POL-202792,TG-108855,22000.0,Approved,Townhouse,2024-10-17
POL-202793,TG-107503,13146.0,Approved,Apartment,2024-08-24
POL-202794,TG-105942,19117.0,Pending,Apartment,2023-07-06
POL-202795,TG-101178,7254.0, approved ,Apartment,2025-02-25
POL-202796,TG-107235,13244.0,Approved, apartment ,2023-05-13
POL-202797,TG-100955,21010.0,Pending,Townhouse,2024-03-19
POL-202798,TG-100378,16029.0, approved ,Condo,2024-05-29
POL-202799,TG-109695,21627.0,Pending, apartment ,2025-06-08
POL-202800,TG-109135,20447.0, approved ,Apartment,2023-02-26
POL-202801,TG-101388,10401.0,Pending,Apartment,2025-05-01
POL-202802,TG-105672,5004.0,Approved,Townhouse,2023-05-08
POL-202803,TG-109923,22075.0, approved ,Townhouse,2024-06-14
POL-202804,TG-102209,13705.0,Approved,Condo,2023-06-06
POL-202805,TG-105281,9920.0, approved ,Apartment,2023-11-08
POL-202806,TG-103291,21373.0,Approved,Townhouse,2023-06-18
POL-202807,TG-105632,19374.0,Denied,Townhouse,2023-06-15
POL-202808,TG-105861,22435.0, approved ,Townhouse,2023-11-27
POL-202809,TG-110020,18994.0, approved ,Condo,2024-12-27
POL-202810,TG-109042,19760.0, approved , apartment ,2023-08-19
POL-202811,TG-103034,10319.0,Pending,Townhouse,2023-12-21
POL-202812,TG-100426,23080.0,Approved,Condo,2024-06-15
POL-202813,TG-107794,24218.0,Approved,Townhouse,2023-10-18
POL-202814,TG-100442,15459.0,Approved,Condo,2025-05-16
POL-202815,TG-105963,24186.0,Denied, apartment ,2023-03-22
POL-202816,TG-104416,11244.0,Denied, apartment ,2023-09-14
POL-202817,TG-106510,8403.0, approved ,Apartment,2023-07-21
POL-202818,TG-107424,10446.0,Pending,Townhouse,2024-10-12
POL-202819,TG-103244,11368.0,Denied,Apartment,2024-07-18
POL-202820,TG-102121,20445.0,Approved,Condo,2023-10-09
POL-202821,TG-101662,5990.0, approved ,Townhouse,2023-05-09
POL-202822,TG-105549,7676.0,Approved, apartment ,2024-10-02
POL-202823,TG-104196,15136.0,Approved,Condo,2023-11-07
POL-202824,TG-102094,10398.0,Denied,Apartment,2024-09-21
POL-202825,TG-104794,14693.0, approved , apartment ,2024-06-30
POL-202826,TG-107003,7979.0,Pending,Condo,2023-04-06
POL-202827,TG-109679,6192.0, approved , apartment ,2024-05-29
POL-202828,,23574.0,Denied,Condo,2024-10-18
POL-202829,TG-102755,23482.0,Denied,Apartment,2023-06-22
POL-202830,TG-100569,22523.0, approved , apartment ,2024-08-29
POL-202831,TG-100829,9286.0,Denied, apartment ,2024-08-17
POL-202832,TG-104029,11918.0,Approved,Townhouse,2023-06-07
POL-202833,TG-101904,10242.0,Denied, apartment ,2023-06-25
POL-202834,TG-103179,20126.0,Denied, apartment ,2024-11-05
POL-202835,TG-102978,15266.0,Pending,Condo,2024-10-01
POL-202836,TG-108907,7468.0,Approved,Condo,2025-01-07
POL-202837,TG-106938,8062.0, approved ,Townhouse,2024-09-11
POL-202838,TG-107863,14756.0,Denied,Townhouse,2023-12-12
POL-202839,TG-103114,20184.0,Approved,Apartment,2025-05-12
POL-202840,TG-106052,20814.0,Denied,Condo,2024-07-31
POL-202841,TG-102087,6840.0,Approved,Apartment,2023-02-12
POL-202842,TG-102301,15819.0,Pending,Condo,2025-04-25
POL-202843,,13684.0,Denied,Townhouse,2025-06-03
POL-202844,TG-106499,16362.0,Pending,Townhouse,2023-01-30
POL-202845,TG-108378,14233.0, approved , apartment ,2023-03-25
POL-202846,TG-109146,17839.0, approved , apartment ,2023-02-16
POL-202847,TG-100620,18764.0,Pending,Condo,2024-10-18
POL-202848,TG-102932,7566.0,Pending,Townhouse,2025-02-28
POL-202849,TG-107922,23858.0,Approved,Condo,2024-08-13
POL-202850,TG-100966,11834.0,Approved,Townhouse,2023-09-29
POL-202851,TG-107551,20445.0,Pending,Condo,2024-10-28
POL-202852,TG-104179,7795.0, approved ,Townhouse,2023-08-04
POL-202853,TG-107625,15230.0,Approved, apartment ,2025-02-24
POL-202854,TG-100086,24243.0,Pending,Townhouse,2024-08-08
POL-202855,TG-100009,16481.0, approved ,Condo,2024-03-02
POL-202856,TG-103907,,Approved, apartment ,2024-09-24
POL-202857,TG-105896,22664.0,Approved,Townhouse,2024-10-16
POL-202858,TG-101434,9492.0,Denied,Condo,2023-02-01
POL-202859,TG-102493,5905.0, approved ,Townhouse,2024-05-24
POL-202860,TG-104985,9246.0,Denied,Townhouse,2024-10-04
POL-202861,TG-102271,12547.0,Pending,Condo,2024-07-12
POL-202862,TG-105518,17558.0,Denied,Condo,2023-10-24
POL-202863,TG-102246,9208.0,Approved,Apartment,2024-10-19
POL-202864,TG-108385,19239.0,Approved,Apartment,2023-11-06
POL-202865,TG-109345,12641.0,Approved,Townhouse,2024-05-09
POL-202866,TG-104553,12055.0,Approved, apartment ,2023-09-08
POL-202867,TG-107056,11754.0,Denied,Apartment,2025-04-04
POL-202868,TG-108524,14935.0,Approved,Townhouse,2025-04-06
POL-202869,TG-100520,14102.0,Approved,Apartment,2024-12-02
POL-202870,TG-105583,6878.0,Approved,Apartment,2024-02-20
POL-202871,TG-103147,11498.0,Approved,Condo,2023-11-01
POL-202872,TG-104099,6670.0,Pending,Townhouse,2024-04-09
POL-202873,TG-103828,15631.0, approved ,Condo,2023-03-16
POL-202874,TG-108415,23173.0, approved ,Condo,2024-12-06
POL-202875,TG-102946,24571.0, approved ,Apartment,2023-03-03
POL-202876,TG-103112,23396.0,Denied,Condo,2023-06-11
POL-202877,TG-107361,5168.0, approved ,Apartment,2024-03-26
POL-202878,TG-101610,7284.0, approved ,Apartment,2024-03-01
POL-202879,TG-106321,16408.0,Pending, apartment ,2024-05-10
POL-202880,TG-107739,8884.0,Approved,Townhouse,2024-04-20
POL-202881,TG-106446,8041.0, approved ,Townhouse,2023-07-28
POL-202882,TG-104435,17252.0,Approved,Townhouse,2023-12-15
POL-202883,TG-106549,23748.0,Approved,Condo,2024-09-13
POL-202884,TG-103349,24956.0,Approved,Townhouse,2023-05-28
POL-202885,TG-101880,15246.0,Pending, apartment ,2023-11-17
POL-202886,TG-103857,24789.0,Approved,Condo,2025-06-01
POL-202887,TG-108905,23339.0,Pending,Townhouse,2025-01-05
POL-202888,TG-102749,15127.0, approved ,Apartment,2023-11-23
POL-202889,TG-107025,13615.0,Denied, apartment ,2025-01-21
POL-202890,TG-106628,20814.0,Approved, apartment ,2025-05-31
POL-202891,TG-109995,16449.0,Denied, apartment ,2023-12-20
POL-202892,TG-107196,10546.0,Denied,Condo,2024-02-13
POL-202893,TG-108450,17741.0,Approved,Townhouse,2023-05-14
POL-202894,TG-101972,18824.0,Denied, apartment ,2025-02-17
POL-202895,TG-106608,19118.0,Pending,Townhouse,2024-01-15
POL-202896,TG-100994,6925.0,Approved,Condo,2024-06-11
POL-202897,TG-102771,6545.0, approved ,Apartment,2024-07-29
POL-202898,TG-105606,21395.0, approved ,Condo,2023-04-19
POL-202899,TG-106733,18343.0,Approved,Townhouse,2023-11-23
POL-202900,TG-104082,15820.0,Pending,Townhouse,2023-09-05
POL-202901,TG-103752,14601.0,Approved,Townhouse,2024-04-22
POL-202902,TG-105369,16304.0,Approved, apartment ,2023-05-06
POL-202903,TG-108055,14513.0,Pending,Apartment,2023-10-01
POL-202904,TG-103044,15629.0, approved ,Townhouse,2024-04-05
POL-202905,TG-102098,14369.0,Approved,Condo,2023-09-11
POL-202906,TG-104959,16737.0,Denied,Townhouse,2023-05-25
POL-202907,TG-106413,20064.0,Denied, apartment ,2023-04-10
POL-202908,TG-104863,11934.0,Approved,Apartment,2023-02-21
POL-202909,TG-101018,9517.0,Pending,Apartment,2023-10-25
POL-202910,TG-106026,9368.0, approved ,Condo,2024-01-29
POL-202911,TG-108904,20033.0,Denied,Townhouse,2025-06-03
POL-202912,TG-107217,11066.0,Denied,Townhouse,2024-09-22
POL-202913,TG-102531,10199.0,Pending, apartment ,2024-03-04
POL-202914,TG-105500,5216.0, approved , apartment ,2023-09-12
POL-202915,TG-107494,20647.0,Denied, apartment ,2025-06-05
POL-202916,TG-100976,6767.0,Denied, apartment ,2023-06-13
POL-202917,TG-103621,6810.0, approved , apartment ,2025-04-13
POL-202918,TG-101354,10613.0,Approved, apartment ,2023-12-02
POL-202919,TG-108417,24387.0,Approved,Apartment,2024-08-14
POL-202920,TG-109361,18906.0, approved ,Apartment,2025-01-08
POL-202921,TG-106302,9746.0,Denied, apartment ,2023-11-17
POL-202922,TG-101870,20189.0,Approved,Condo,2023-07-14
POL-202923,TG-108925,18011.0,Approved,Condo,2025-02-20
POL-202924,TG-108938,6516.0,Approved,Townhouse,2023-06-13
POL-202925,TG-105252,,Denied, apartment ,2024-05-25
POL-202926,TG-109939,13814.0, approved ,Condo,2024-06-11
POL-202927,TG-109727,9741.0,Denied, apartment ,2024-04-23
POL-202928,TG-100830,15600.0, approved ,Condo,2024-05-25
POL-202929,TG-100849,11204.0,Pending,Apartment,2025-06-19
POL-202930,TG-109729,16026.0,Denied,Apartment,2023-11-12
POL-202931,TG-104427,22658.0,Denied, apartment ,2024-05-24
POL-202932,TG-109619,24743.0,Pending,Apartment,2023-01-24
POL-202933,TG-100368,20572.0,Approved,Condo,2023-04-03
POL-202934,TG-104857,9638.0,Pending,Apartment,2024-02-07
POL-202935,TG-101096,22252.0,Pending,Apartment,2024-06-01
POL-202936,TG-108557,5108.0,Approved,Condo,2024-04-13
POL-202937,TG-101698,22570.0,Approved,Apartment,2023-09-04
POL-202938,TG-108886,8897.0, approved ,Apartment,2023-08-09
POL-202939,TG-105043,19961.0, approved , apartment ,2024-08-20
POL-202940,TG-103550,20504.0,Pending,Townhouse,2023-12-28
POL-202941,TG-106188,11713.0,Pending,Condo,2023-02-19
POL-202942,TG-103374,8373.0,Denied,Townhouse,2023-02-21
POL-202943,TG-106492,10532.0, approved ,Apartment,2023-10-16
POL-202944,TG-105498,18914.0,Approved,Townhouse,2024-05-21
POL-202945,TG-106194,18162.0,Denied,Apartment,2024-09-03
POL-202946,TG-103960,17148.0,Approved,Condo,2025-05-13
POL-202947,TG-101383,12235.0,Pending, apartment ,2024-10-31
POL-202948,TG-100122,6983.0, approved ,Apartment,2024-11-19
POL-202949,TG-109464,17554.0, approved ,Apartment,2024-04-26
POL-202950,TG-107225,24808.0,Approved,Apartment,2023-10-20
POL-202951,TG-107239,24258.0,Pending,Condo,2024-07-03
POL-202952,TG-101586,6617.0,Approved,Townhouse,2023-01-09
POL-202953,TG-103456,17129.0, approved ,Townhouse,2025-05-17
POL-202954,TG-107491,20375.0,Approved,Condo,2023-04-21
POL-202955,TG-101564,11021.0,Approved, apartment ,2024-03-17
POL-202956,TG-102961,24598.0,Pending, apartment ,2023-05-18
POL-202957,TG-107806,23545.0,Approved,Condo,2023-09-28
POL-202958,TG-102929,10933.0,Denied,Townhouse,2025-01-14
POL-202959,TG-105479,22799.0,Approved, apartment ,2024-01-10
POL-202960,TG-102687,23058.0, approved ,Townhouse,2025-02-21
POL-202961,TG-106802,12065.0, approved ,Townhouse,2024-02-17
POL-202962,TG-106832,18123.0,Denied,Apartment,2024-01-10
POL-202963,TG-106779,10974.0,Pending,Apartment,2023-02-16
POL-202964,TG-110004,20437.0,Pending,Apartment,2024-02-15
POL-202965,TG-102294,6318.0,Approved,Apartment,2023-02-22
POL-202966,TG-100180,17282.0,Approved, apartment ,2024-08-06
POL-202967,TG-106266,22234.0,Denied,Condo,2024-07-29
POL-202968,TG-102117,9726.0, approved , apartment ,2023-07-19
POL-202969,TG-108704,7425.0,Approved, apartment ,2024-01-07
POL-202970,TG-107163,24952.0,Approved,Condo,2024-07-20
POL-202971,TG-101258,23655.0,Denied,Apartment,2023-10-23
POL-202972,TG-100538,5210.0,Approved,Apartment,2023-03-17
POL-202973,TG-103218,10887.0,Denied,Apartment,2024-01-31
POL-202974,TG-103161,13664.0,Pending,Townhouse,2024-05-31
POL-202975,TG-106523,12805.0,Approved,Condo,2024-04-06
POL-202976,TG-108499,9145.0,Denied,Condo,2025-02-21
POL-202977,TG-107374,19643.0,Pending, apartment ,2024-07-17
POL-202978,TG-107877,12217.0, approved ,Townhouse,2023-10-14
POL-202979,TG-100062,9534.0,Denied,Condo,2025-04-25
POL-202980,TG-109054,18876.0, approved ,Condo,2024-09-30
POL-202981,TG-100225,9620.0,Approved,Condo,2024-11-27
POL-202982,TG-105372,22080.0, approved ,Townhouse,2024-09-17
POL-202983,TG-100240,22768.0, approved ,Townhouse,2023-05-02
POL-202984,TG-107533,19771.0,Denied, apartment ,2023-05-12
POL-202985,TG-106466,14986.0,Pending,Condo,2023-04-10
POL-202986,TG-101770,21526.0,Approved,Townhouse,2024-02-08
POL-202987,TG-100339,7781.0,Approved,Townhouse,2024-01-18
POL-202988,TG-106180,13682.0,Approved,Townhouse,2025-03-24
POL-202989,TG-109686,18350.0,Pending,Apartment,2023-12-14
POL-202990,TG-101248,21112.0,Approved, apartment ,2024-07-25
POL-202991,TG-105102,14851.0, approved ,Condo,2024-01-10
POL-202992,TG-101574,22053.0, approved , apartment ,2025-02-12
POL-202993,TG-109850,14921.0,Pending,Apartment,2023-05-28
POL-202994,TG-102431,21973.0,Pending,Apartment,2023-07-23
POL-202995,TG-105929,22149.0,Denied,Townhouse,2024-09-08
POL-202996,TG-103762,15998.0,Pending,Condo,2024-06-05
POL-202997,TG-104021,20968.0,Denied,Condo,2024-02-16
POL-202998,TG-104074,21827.0,Approved,Apartment,2024-05-27
POL-202999,TG-108181,14161.0,Denied,Townhouse,2023-02-11
POL-203000,TG-106328,,Pending, apartment ,2023-02-16
POL-203001,TG-100241,23844.0,Denied,Apartment,2023-02-09
POL-203002,TG-108325,23224.0,Approved, apartment ,2023-05-21
POL-203003,TG-100872,6996.0,Denied,Condo,2024-12-31
POL-203004,TG-101094,16621.0,Approved,Apartment,2023-12-08
POL-203005,TG-102074,11816.0,Pending,Apartment,2025-04-03
POL-203006,TG-105848,14584.0, approved , apartment ,2024-04-30
POL-203007,TG-109800,19770.0,Approved,Condo,2024-06-15
POL-203008,TG-107317,18117.0, approved ,Apartment,2024-04-12
POL-203009,TG-109140,8801.0,Denied, apartment ,2023-06-02
POL-203010,TG-101473,11689.0,Denied,Townhouse,2024-09-12
POL-203011,TG-101221,6573.0, approved ,Apartment,2024-06-11
POL-203012,TG-109152,15350.0,Denied,Apartment,2023-05-24
POL-203013,TG-100310,17413.0,Pending,Condo,2023-12-02
POL-203014,TG-106254,11074.0,Denied,Apartment,2024-09-19
POL-203015,TG-108415,19308.0,Pending, apartment ,2023-11-23
POL-203016,TG-109515,15026.0,Pending, apartment ,2023-06-16
POL-203017,TG-108997,16057.0,Denied,Apartment,2024-02-07
POL-203018,TG-106595,13038.0,Pending,Apartment,2024-09-23
POL-203019,TG-103825,14373.0, approved ,Condo,2025-01-27
POL-203020,TG-104089,7323.0,Approved, apartment ,2025-05-12
POL-203021,TG-102326,22283.0,Approved, apartment ,2023-11-03
POL-203022,TG-106441,24171.0,Pending,Condo,2024-08-30
POL-203023,TG-104816,12706.0,Approved, apartment ,2023-12-11
POL-203024,TG-104705,16939.0,Approved,Townhouse,2024-06-03
POL-203025,TG-106295,9001.0,Approved,Townhouse,2025-04-28
POL-203026,TG-105545,22874.0,Denied,Townhouse,2024-06-05
POL-203027,TG-101776,8431.0, approved ,Condo,2024-06-29
POL-203028,TG-108692,20085.0,Approved,Apartment,2024-05-16
POL-203029,TG-106959,10935.0,Approved, apartment ,2024-12-26
POL-203030,TG-103705,8369.0,Approved,Condo,2024-07-30
POL-203031,TG-108933,22432.0,Approved, apartment ,2023-11-03
POL-203032,TG-103309,8408.0,Approved,Condo,2024-05-01
POL-203033,TG-101225,20185.0,Pending, apartment ,2025-04-15
POL-203034,TG-103129,11007.0,Pending,Apartment,2023-01-18
POL-203035,TG-102524,17263.0,Denied,Townhouse,2024-01-13
POL-203036,TG-103806,12228.0,Approved,Apartment,2023-12-06
POL-203037,TG-105990,23714.0, approved ,Apartment,2024-11-20
POL-203038,TG-108813,18627.0,Denied,Condo,2023-04-23
POL-203039,TG-101518,12006.0, approved , apartment ,2024-03-02
POL-203040,TG-103904,17542.0,Approved,Apartment,2024-08-20
POL-203041,TG-103230,8216.0,Approved,Townhouse,2023-11-12
POL-203042,TG-104868,11716.0, approved ,Apartment,2025-03-26
POL-203043,TG-103546,,Denied, apartment ,2025-01-12
POL-203044,TG-106547,23131.0, approved ,Townhouse,2025-06-12
POL-203045,TG-104476,12375.0,Approved, apartment ,2024-12-05
POL-203046,TG-101599,23017.0, approved ,Townhouse,2024-10-06
POL-203047,TG-109667,21934.0,Denied, apartment ,2023-01-28
POL-203048,TG-100797,17614.0,Denied,Apartment,2024-09-03
POL-203049,TG-104291,14416.0,Approved,Townhouse,2024-04-30
POL-203050,TG-105510,18325.0, approved ,Townhouse,2023-09-29
POL-203051,TG-101980,18455.0,Approved,Apartment,2024-11-02
POL-203052,TG-101715,22131.0,Approved,Condo,2025-03-12
POL-203053,TG-103230,22303.0,Pending,Apartment,2025-03-05
POL-203054,TG-108464,21177.0,Approved,Townhouse,2024-08-15
POL-203055,TG-108978,18255.0,Denied, apartment ,2024-08-14
POL-203056,TG-104974,16246.0, approved , apartment ,2023-08-22
POL-203057,TG-102582,7704.0, approved ,Condo,2025-01-08
POL-203058,TG-103194,19122.0,Approved,Townhouse,2023-02-22
POL-203059,TG-106394,21696.0,Denied,Townhouse,2024-08-20
POL-203060,TG-106639,8689.0,Denied,Townhouse,2024-05-06
POL-203061,TG-105538,22666.0, approved , apartment ,2023-06-24
POL-203062,TG-105948,10318.0, approved , apartment ,2024-06-20
POL-203063,TG-105275,,Denied,Apartment,2024-10-06
POL-203064,TG-100441,9965.0,Pending,Condo,2025-01-08
POL-203065,TG-104831,18479.0,Approved,Condo,2024-09-26
POL-203066,TG-108838,22284.0,Denied,Townhouse,2025-03-04
POL-203067,TG-100126,20549.0,Approved,Apartment,2025-05-11
POL-203068,TG-105904,23072.0,Denied, apartment ,2024-01-25
POL-203069,TG-104757,16255.0, approved ,Condo,2023-06-01
POL-203070,TG-103227,12916.0,Denied,Condo,2025-04-21
POL-203071,TG-110040,6421.0,Denied, apartment ,2024-11-28
POL-203072,TG-104609,7826.0,Approved,Townhouse,2023-09-06
POL-203073,TG-105820,17945.0, approved , apartment ,2023-02-02
POL-203074,TG-108724,15615.0, approved , apartment ,2024-08-09
POL-203075,TG-109425,8586.0,Pending,Condo,2024-12-18
POL-203076,TG-105982,21969.0,Pending,Townhouse,2023-04-23
POL-203077,TG-104771,21020.0,Denied,Apartment,2023-07-15
POL-203078,TG-102472,12483.0, approved , apartment ,2023-01-20
POL-203079,TG-109193,19077.0,Approved,Condo,2024-03-27
POL-203080,TG-103316,15193.0,Approved, apartment ,2023-11-18
POL-203081,TG-100530,7637.0,Denied,Townhouse,2024-03-04
POL-203082,TG-105002,16108.0,Pending,Townhouse,2023-06-05
POL-203083,TG-106352,20195.0,Approved,Condo,2024-02-27
POL-203084,TG-103167,5489.0,Approved,Apartment,2024-12-08
POL-203085,TG-102930,8670.0,Approved, apartment ,2023-07-28
POL-203086,TG-107427,19770.0, approved , apartment ,2024-02-25
POL-203087,TG-106845,7128.0,Approved, apartment ,2024-05-28
POL-203088,TG-105050,17518.0,Approved,Townhouse,2025-03-04
POL-203089,TG-101640,11636.0,Denied,Apartment,2024-09-18
POL-203090,TG-106381,7466.0, approved ,Townhouse,2024-04-27
POL-203091,TG-106713,7807.0,Approved,Apartment,2025-06-12
POL-203092,TG-103002,14587.0, approved , apartment ,2025-05-18
POL-203093,TG-108140,14816.0,Denied, apartment ,2025-01-23
POL-203094,TG-101984,12444.0, approved ,Condo,2025-01-14
POL-203095,TG-101979,15408.0,Denied,Condo,2023-03-05
POL-203096,TG-100308,22211.0,Denied,Townhouse,2024-12-23
POL-203097,TG-105711,22913.0,Denied,Apartment,2023-05-22
POL-203098,TG-109324,13760.0,Denied,Townhouse,2024-06-15
POL-203099,TG-104144,21733.0,Denied,Townhouse,2023-08-01
POL-203100,TG-104312,10899.0,Approved,Condo,2024-07-28
POL-203101,TG-106253,19631.0,Pending,Townhouse,2023-11-29
POL-203102,TG-103901,23493.0,Pending,Townhouse,2024-11-09
POL-203103,TG-109409,7572.0,Pending, apartment ,2024-05-04
POL-203104,TG-107407,21375.0,Approved, apartment ,2024-06-22
POL-203105,TG-102579,5066.0,Denied, apartment ,2024-01-21
POL-203106,TG-105904,17257.0,Pending,Condo,2023-11-18
POL-203107,TG-109587,23112.0,Pending, apartment ,2023-06-27
POL-203108,TG-103243,8962.0,Approved, apartment ,2024-04-15
POL-203109,TG-104478,17845.0, approved , apartment ,2024-06-29
POL-203110,TG-107572,13665.0,Pending,Apartment,2023-12-17
POL-203111,TG-108500,13285.0,Denied,Apartment,2024-07-13
POL-203112,TG-107761,15051.0,Pending,Townhouse,2023-12-29
POL-203113,TG-106281,14843.0, approved , apartment ,2024-11-23
POL-203114,TG-101517,23852.0, approved , apartment ,2025-03-01
POL-203115,TG-106405,13505.0,Pending,Townhouse,2025-06-07
POL-203116,TG-103339,20933.0,Denied,Townhouse,2025-01-08
POL-203117,TG-102345,9077.0,Approved, apartment ,2024-11-28
POL-203118,TG-100571,22254.0,Approved,Condo,2024-10-20
POL-203119,TG-102464,22781.0,Denied,Townhouse,2025-04-02
POL-203120,TG-102339,19692.0,Denied,Townhouse,2024-12-10
POL-203121,TG-105364,23077.0, approved , apartment ,2023-09-28
POL-203122,TG-109730,5409.0,Approved,Condo,2024-09-16
POL-203123,TG-103704,15191.0,Approved, apartment ,2024-05-10
POL-203124,TG-106600,11399.0, approved , apartment ,2023-07-16
POL-203125,TG-107746,11250.0,Approved,Apartment,2023-09-10
POL-203126,TG-106973,13972.0,Approved, apartment ,2023-10-13
POL-203127,TG-102221,17696.0,Denied, apartment ,2024-07-25
POL-203128,TG-107432,18749.0, approved , apartment ,2023-11-02
POL-203129,TG-109810,22869.0,Denied,Townhouse,2023-08-19
POL-203130,TG-101457,13384.0,Approved, apartment ,2023-11-01
POL-203131,TG-106197,16856.0,Denied,Townhouse,2025-02-28
POL-203132,TG-101019,14780.0,Denied, apartment ,2023-10-23
POL-203133,TG-109460,12079.0,Approved,Apartment,2024-12-22
POL-203134,TG-102774,24476.0,Pending,Apartment,2023-08-01
POL-203135,TG-102848,24953.0,Pending,Apartment,2024-12-07
POL-203136,TG-102907,23284.0,Pending,Townhouse,2024-12-22
POL-203137,TG-105908,23886.0,Denied,Townhouse,2024-05-15
POL-203138,TG-101561,5062.0,Pending,Townhouse,2023-11-21
POL-203139,TG-101801,6563.0,Approved,Apartment,2024-05-06
POL-203140,TG-103606,10629.0,Pending,Condo,2023-12-24
POL-203141,TG-107746,20586.0,Approved,Condo,2024-07-27
POL-203142,TG-105897,19176.0,Denied,Townhouse,2025-03-25
POL-203143,TG-109959,11011.0,Denied,Apartment,2025-01-08
POL-203144,TG-109243,11776.0,Approved,Apartment,2023-10-08
POL-203145,TG-104202,9265.0,Pending, apartment ,2023-10-22
POL-203146,TG-104685,8671.0,Approved, apartment ,2023-05-05
POL-203147,TG-109913,7537.0,Approved,Apartment,2024-08-10
POL-203148,TG-105157,5931.0, approved ,Condo,2024-11-23
POL-203149,TG-108000,6716.0,Approved,Townhouse,2024-07-10
POL-203150,TG-104609,23607.0, approved ,Townhouse,2024-01-24
POL-203151,TG-103397,8567.0,Approved,Apartment,2024-02-09
POL-203152,TG-100819,9267.0,Pending,Townhouse,2025-04-18
POL-203153,TG-107989,,Approved,Apartment,2023-12-20
POL-203154,TG-108593,14771.0,Approved,Condo,2025-03-02
POL-203155,TG-108085,16654.0,Pending, apartment ,2025-04-03
POL-203156,TG-106830,8876.0,Pending,Townhouse,2023-05-30
POL-203157,TG-106475,18647.0,Approved,Townhouse,2023-10-25
POL-203158,TG-101098,18505.0, approved ,Townhouse,2023-02-13
POL-203159,TG-106600,23518.0, approved ,Condo,2023-10-22
POL-203160,TG-104989,21364.0,Approved,Apartment,2025-01-01
POL-203161,TG-106766,22064.0,Pending,Townhouse,2023-03-22
POL-203162,TG-108053,13099.0,Pending,Condo,2023-12-21
POL-203163,TG-105275,21860.0, approved ,Townhouse,2024-03-28
POL-203164,TG-103878,11919.0,Approved, apartment ,2024-11-02
POL-203165,TG-102706,5618.0,Denied,Apartment,2023-09-20
POL-203166,TG-102880,5554.0,Denied,Condo,2025-02-04
POL-203167,TG-109261,13462.0,Denied,Condo,2024-05-05
POL-203168,TG-108936,20309.0,Denied,Townhouse,2023-08-08
POL-203169,TG-106847,18196.0,Pending,Condo,2023-07-26
POL-203170,TG-106840,9555.0,Denied,Townhouse,2025-04-27
POL-203171,TG-109710,19113.0,Approved,Apartment,2024-07-05
POL-203172,TG-100258,21562.0, approved ,Apartment,2023-10-05
POL-203173,TG-109731,16338.0, approved ,Condo,2024-07-29
POL-203174,TG-107000,8227.0,Pending, apartment ,2024-12-13
POL-203175,TG-102897,15566.0,Pending,Condo,2023-10-06
POL-203176,TG-103068,16382.0,Denied,Apartment,2023-05-21
POL-203177,TG-102561,22698.0,Denied,Apartment,2023-04-22
POL-203178,TG-106409,23707.0,Approved, apartment ,2024-09-22
POL-203179,TG-100939,, approved , apartment ,2025-01-28
POL-203180,TG-100345,,Approved,Apartment,2024-08-23
POL-203181,TG-100500,9793.0, approved ,Townhouse,2023-09-03
POL-203182,TG-102340,13995.0,Pending,Townhouse,2023-09-06
POL-203183,TG-103356,8577.0,Pending,Condo,2023-02-21
POL-203184,TG-100204,9239.0, approved ,Apartment,2024-11-16
POL-203185,TG-106012,5243.0,Approved,Condo,2024-06-27
POL-203186,TG-104411,22812.0,Denied,Townhouse,2023-08-20
POL-203187,TG-107295,13378.0, approved ,Apartment,2024-10-15
POL-203188,TG-103916,11391.0,Denied,Apartment,2023-08-27
POL-203189,TG-103608,11013.0, approved , apartment ,2023-02-23
POL-203190,TG-100228,15348.0, approved ,Condo,2023-04-13
POL-203191,TG-109862,15137.0,Approved,Townhouse,2024-02-28
POL-203192,TG-104448,20707.0,Denied,Townhouse,2023-12-05
POL-203193,TG-107022,23056.0, approved , apartment ,2025-01-04
POL-203194,TG-101038,13880.0,Denied, apartment ,2024-04-28
POL-203195,TG-109090,15149.0,Denied,Apartment,2023-04-13
POL-203196,TG-103254,13298.0,Pending,Condo,2024-11-28
POL-203197,TG-102684,19750.0,Approved,Apartment,2025-02-28
POL-203198,TG-107303,21060.0,Approved, apartment ,2023-05-21
POL-203199,TG-106886,24116.0,Denied,Apartment,2023-01-06
POL-203200,TG-109519,13056.0,Approved,Townhouse,2024-07-17
POL-203201,TG-100606,7477.0,Approved, apartment ,2023-06-11
POL-203202,TG-100603,16758.0,Pending,Townhouse,2024-02-21
POL-203203,TG-106994,17558.0,Approved,Apartment,2024-10-30
POL-203204,TG-106114,20184.0,Approved,Townhouse,2025-06-18
POL-203205,TG-103064,22935.0, approved , apartment ,2024-05-02
POL-203206,TG-106517,23192.0, approved ,Townhouse,2024-05-03
POL-203207,TG-103877,11115.0, approved ,Condo,2024-10-28
POL-203208,TG-104536,13085.0, approved ,Condo,2023-07-24
POL-203209,TG-101662,12618.0,Approved,Condo,2025-02-13
POL-203210,TG-100232,22602.0,Denied,Condo,2023-10-22
POL-203211,TG-107843,12374.0, approved , apartment ,2023-11-25
POL-203212,TG-107477,7079.0, approved , apartment ,2023-10-20
POL-203213,TG-107086,20247.0,Denied,Condo,2024-10-23
POL-203214,TG-104398,7875.0,Denied,Apartment,2023-03-02
POL-203215,TG-103399,24876.0,Denied,Townhouse,2025-02-26
POL-203216,TG-101535,14863.0,Pending,Apartment,2023-04-02
POL-203217,TG-102341,14758.0,Denied,Condo,2024-10-29
POL-203218,TG-101652,21514.0,Approved,Apartment,2024-08-10
POL-203219,TG-104461,22235.0,Approved,Apartment,2023-08-26
POL-203220,TG-107855,11276.0,Pending, apartment ,2024-07-01
POL-203221,,10677.0, approved , apartment ,2025-01-26
POL-203222,TG-100086,10802.0,Denied,Apartment,2025-01-10
POL-203223,TG-107168,8009.0, approved , apartment ,2025-05-20
POL-203224,TG-109429,24378.0,Approved,Condo,2023-02-08
POL-203225,TG-106263,19553.0,Pending,Condo,2023-06-29
POL-203226,TG-104905,11799.0,Pending,Condo,2024-03-03
POL-203227,TG-109410,6789.0, approved , apartment ,2025-05-07
POL-203228,TG-104737,7471.0, approved ,Townhouse,2023-06-30
POL-203229,TG-108038,19972.0,Denied, apartment ,2023-02-07
POL-203230,TG-104479,14648.0,Pending,Townhouse,2025-05-06
POL-203231,TG-108841,19431.0,Approved,Apartment,2024-02-11
POL-203232,TG-101894,6000.0,Pending,Townhouse,2025-03-17
POL-203233,TG-108760,18146.0,Approved,Townhouse,2024-05-22
POL-203234,TG-106284,22196.0, approved ,Condo,2023-07-10
POL-203235,TG-108865,18134.0, approved ,Apartment,2025-02-05
POL-203236,TG-108703,5278.0,Denied,Townhouse,2025-06-12
POL-203237,TG-105167,13147.0,Approved,Townhouse,2023-10-24
POL-203238,TG-103721,24584.0,Denied,Townhouse,2025-06-16
POL-203239,TG-107660,19968.0, approved ,Townhouse,2023-02-08
POL-203240,TG-106134,5092.0, approved ,Apartment,2023-01-10
POL-203241,TG-109355,21405.0,Denied,Apartment,2023-11-02
POL-203242,TG-107404,24996.0,Pending,Townhouse,2024-08-04
POL-203243,TG-106603,22597.0,Denied,Condo,2024-09-09
POL-203244,TG-104181,7186.0,Approved,Condo,2023-04-20
POL-203245,TG-106536,16379.0, approved ,Apartment,2023-12-10
POL-203246,TG-104770,13788.0,Approved, apartment ,2023-10-19
POL-203247,TG-100492,14844.0,Pending,Townhouse,2024-04-10
POL-203248,TG-108471,16116.0, approved ,Condo,2024-10-18
POL-203249,TG-100601,16082.0, approved ,Townhouse,2024-07-10
POL-203250,TG-109709,,Denied,Condo,2024-06-20
POL-203251,TG-108423,23312.0,Denied,Condo,2024-05-20
POL-203252,TG-105549,22411.0,Approved,Apartment,2023-05-18
POL-203253,TG-107964,19475.0,Denied,Condo,2025-05-21
POL-203254,TG-109757,11886.0, approved ,Condo,2024-05-31
POL-203255,TG-108920,7778.0,Denied,Townhouse,2024-04-24
POL-203256,TG-101596,10212.0, approved , apartment ,2023-10-07
POL-203257,TG-102032,10007.0,Denied,Condo,2023-07-17
POL-203258,TG-108990,24381.0,Denied, apartment ,2025-04-08
POL-203259,TG-100239,14542.0, approved ,Townhouse,2023-04-26
POL-203260,TG-109395,20164.0,Approved,Apartment,2023-12-05
POL-203261,TG-100890,13356.0,Approved,Townhouse,2023-06-16
POL-203262,TG-106872,21294.0, approved ,Townhouse,2025-01-18
POL-203263,TG-109388,12325.0,Approved, apartment ,2024-04-14
POL-203264,TG-102070,13035.0,Approved, apartment ,2024-10-25
POL-203265,TG-104957,11573.0,Pending,Condo,2023-09-21
POL-203266,TG-104228,5992.0, approved , apartment ,2025-01-05
POL-203267,TG-109273,10184.0,Denied,Apartment,2023-07-10
POL-203268,TG-101632,18293.0,Denied,Townhouse,2023-01-15
POL-203269,TG-100167,9330.0,Pending, apartment ,2025-01-24
POL-203270,TG-106896,9504.0, approved ,Apartment,2023-12-12
POL-203271,TG-101194,13060.0,Denied,Apartment,2025-03-20
POL-203272,TG-107234,22765.0,Approved,Townhouse,2023-10-30
POL-203273,TG-101770,23319.0,Denied,Condo,2024-08-04
POL-203274,TG-100511,7594.0, approved ,Apartment,2024-11-21
POL-203275,TG-107309,21191.0,Denied, apartment ,2025-02-14
POL-203276,TG-106586,11584.0,Pending,Apartment,2023-07-17
POL-203277,TG-104432,20048.0,Pending, apartment ,2023-06-29
POL-203278,TG-106751,6380.0,Approved, apartment ,2024-09-17
POL-203279,TG-106980,18986.0,Pending,Townhouse,2025-05-26
POL-203280,TG-101804,19006.0,Denied,Apartment,2024-10-16
POL-203281,TG-106113,8907.0,Denied, apartment ,2024-02-20
POL-203282,TG-101241,6284.0,Approved, apartment ,2025-04-26
POL-203283,TG-104663,11683.0,Approved,Townhouse,2024-03-13
POL-203284,TG-103141,11671.0,Approved,Townhouse,2024-06-11
POL-203285,TG-108515,12430.0, approved ,Townhouse,2023-12-02
POL-203286,TG-104561,19244.0, approved , apartment ,2023-03-30
POL-203287,TG-106750,13848.0, approved , apartment ,2024-02-15
POL-203288,TG-106679,18054.0,Pending,Townhouse,2024-11-16
POL-203289,TG-107706,19442.0,Denied, apartment ,2023-04-08
POL-203290,TG-102823,20632.0,Pending,Townhouse,2023-07-09
POL-203291,TG-104569,6269.0,Denied,Townhouse,2023-05-24
POL-203292,TG-100319,23673.0,Pending, apartment ,2024-05-03
POL-203293,TG-105432,19746.0,Approved,Townhouse,2023-11-28
POL-203294,TG-108172,8129.0, approved , apartment ,2023-09-12
POL-203295,TG-101264,9711.0,Denied,Townhouse,2023-01-07
POL-203296,TG-107294,16497.0,Denied,Townhouse,2023-09-25
POL-203297,TG-107091,22343.0,Denied,Condo,2024-01-28
POL-203298,TG-103917,18343.0,Pending,Condo,2023-08-30
POL-203299,TG-109695,24965.0,Pending,Townhouse,2024-04-02
POL-203300,TG-103470,6076.0,Denied,Condo,2025-02-10
POL-203301,TG-105200,10157.0,Approved,Townhouse,2023-10-01
POL-203302,TG-102522,22345.0,Approved,Condo,2023-12-04
POL-203303,TG-106703,20328.0,Approved,Condo,2023-11-06
POL-203304,TG-101561,11180.0, approved ,Apartment,2024-08-19
POL-203305,TG-101253,13597.0,Denied,Townhouse,2025-01-10
POL-203306,TG-101483,23761.0,Approved,Townhouse,2024-08-09
POL-203307,TG-100910,11223.0,Denied, apartment ,2023-01-12
POL-203308,TG-100469,16953.0,Approved, apartment ,2023-09-25
POL-203309,TG-105664,18581.0,Denied, apartment ,2024-10-31
POL-203310,TG-107545,15546.0, approved ,Townhouse,2024-01-04
POL-203311,TG-103439,15170.0,Denied,Townhouse,2024-12-10
POL-203312,TG-101255,19042.0,Approved,Townhouse,2023-08-30
POL-203313,TG-108579,20750.0,Denied,Apartment,2023-03-05
POL-203314,TG-103087,11826.0,Pending,Apartment,2024-11-14
POL-203315,TG-106068,6852.0,Approved, apartment ,2023-05-02
POL-203316,TG-109027,19497.0,Denied,Apartment,2024-04-21
POL-203317,TG-107298,19212.0,Approved,Condo,2023-11-11
POL-203318,TG-103844,23583.0,Denied,Condo,2023-06-13
POL-203319,TG-100270,22625.0, approved , apartment ,2024-02-20
POL-203320,TG-109434,14122.0, approved ,Apartment,2024-12-03
POL-203321,TG-108736,24309.0,Approved,Condo,2024-05-29
POL-203322,TG-108147,5725.0,Approved,Townhouse,2024-12-21
POL-203323,TG-101534,21579.0,Approved,Condo,2025-02-27
POL-203324,TG-104904,16347.0,Denied, apartment ,2023-11-15
POL-203325,TG-110000,5228.0, approved ,Townhouse,2024-12-07
POL-203326,TG-109000,24388.0, approved ,Townhouse,2023-05-01
POL-203327,TG-109529,21325.0,Approved,Condo,2024-10-16
POL-203328,TG-107430,20281.0,Approved, apartment ,2023-10-30
POL-203329,TG-106187,14408.0, approved ,Condo,2024-01-12
POL-203330,TG-109764,8671.0,Denied,Condo,2024-09-21
POL-203331,TG-104011,12747.0,Denied, apartment ,2023-08-15
POL-203332,TG-105863,12363.0,Approved,Apartment,2023-08-13
POL-203333,TG-105924,16091.0,Denied,Apartment,2023-05-17
POL-203334,TG-106158,18037.0,Pending,Condo,2024-05-04
POL-203335,TG-109185,18365.0,Pending,Apartment,2023-06-06
POL-203336,TG-105825,12505.0, approved ,Townhouse,2024-04-10
POL-203337,TG-102555,8006.0,Pending, apartment ,2025-02-04
POL-203338,TG-102154,7148.0, approved ,Apartment,2024-09-12
POL-203339,TG-100613,15429.0,Pending, apartment ,2024-01-18
POL-203340,TG-104449,22181.0,Pending,Apartment,2024-03-01
POL-203341,TG-100354,22826.0,Pending,Condo,2024-12-19
POL-203342,TG-110046,5019.0,Pending,Condo,2024-07-16
POL-203343,TG-106739,12474.0,Pending, apartment ,2024-04-27
POL-203344,TG-109201,14057.0, approved , apartment ,2025-02-14
POL-203345,TG-108080,14013.0,Pending,Townhouse,2024-07-04
POL-203346,TG-104702,15864.0,Pending,Condo,2025-04-01
POL-203347,TG-107888,8287.0,Denied,Condo,2024-11-11
POL-203348,TG-102249,6424.0,Approved,Townhouse,2025-04-25
POL-203349,TG-108996,23529.0, approved ,Townhouse,2023-08-12
POL-203350,TG-109899,22901.0, approved ,Townhouse,2025-02-19
POL-203351,TG-108829,7802.0,Pending,Townhouse,2023-09-11
POL-203352,TG-109025,16059.0, approved ,Apartment,2024-11-27
POL-203353,TG-103899,19306.0, approved , apartment ,2025-02-11
POL-203354,TG-109214,14479.0,Denied,Condo,2024-09-02
POL-203355,TG-108936,15415.0, approved ,Townhouse,2025-06-13
POL-203356,TG-102327,13328.0, approved ,Townhouse,2025-03-17
POL-203357,TG-107708,14557.0,Approved, apartment ,2023-03-25
POL-203358,TG-100087,10645.0,Pending,Townhouse,2024-06-22
POL-203359,TG-101923,12828.0, approved ,Condo,2024-04-02
POL-203360,TG-107733,10286.0,Approved, apartment ,2024-06-24
POL-203361,TG-100240,18749.0,Pending,Apartment,2024-12-21
POL-203362,TG-104686,14910.0, approved ,Townhouse,2024-01-06
POL-203363,TG-104808,10056.0,Denied,Apartment,2023-03-21
POL-203364,TG-109830,12929.0,Denied,Apartment,2024-07-31
POL-203365,TG-108930,24569.0,Pending,Apartment,2023-04-25
POL-203366,TG-106270,22910.0,Approved, apartment ,2023-03-05
POL-203367,TG-106967,20298.0,Pending,Condo,2025-04-28
POL-203368,TG-109304,6750.0, approved ,Apartment,2024-07-14
POL-203369,TG-105314,11321.0,Approved, apartment ,2024-06-01
POL-203370,TG-102318,11387.0,Denied,Condo,2023-07-27
POL-203371,TG-108394,20677.0,Pending, apartment ,2024-08-09
POL-203372,TG-106743,5712.0, approved ,Apartment,2024-07-03
POL-203373,TG-103917,5893.0,Denied, apartment ,2023-06-03
POL-203374,TG-109626,20342.0,Approved,Apartment,2023-06-18
POL-203375,TG-100076,20898.0,Denied,Condo,2023-12-02
POL-203376,TG-106230,13622.0,Pending, apartment ,2025-05-24
POL-203377,TG-104673,5536.0, approved , apartment ,2024-06-16
POL-203378,TG-109964,7200.0,Approved,Townhouse,2024-03-28
POL-203379,TG-107902,15654.0,Denied,Condo,2023-04-30
POL-203380,TG-101356,20702.0,Denied,Apartment,2024-11-27
POL-203381,TG-105903,20149.0,Denied,Apartment,2023-07-30
POL-203382,TG-108513,11249.0,Denied, apartment ,2025-01-04
POL-203383,TG-108435,17065.0,Pending,Condo,2024-08-20
POL-203384,TG-100515,11490.0,Pending, apartment ,2024-05-15
POL-203385,TG-105452,23869.0,Denied, apartment ,2023-04-04
POL-203386,TG-109400,13299.0,Pending, apartment ,2024-06-06
POL-203387,TG-103650,16155.0,Pending,Townhouse,2024-04-01
POL-203388,TG-103138,23887.0, approved ,Townhouse,2025-04-08
POL-203389,TG-100013,24760.0,Denied,Apartment,2023-02-26
POL-203390,TG-105129,,Denied,Condo,2024-04-09
POL-203391,TG-101024,7299.0,Denied,Apartment,2023-05-16
POL-203392,TG-103018,8520.0,Denied,Townhouse,2024-06-09
POL-203393,TG-109032,23299.0,Pending, apartment ,2024-03-01
POL-203394,TG-104520,5064.0, approved , apartment ,2024-04-12
POL-203395,TG-105696,23977.0, approved ,Townhouse,2024-07-31
POL-203396,TG-101447,, approved ,Apartment,2023-03-01
POL-203397,TG-103026,19595.0,Denied,Townhouse,2024-07-26
POL-203398,TG-106444,8022.0,Pending, apartment ,2024-04-18
POL-203399,TG-108328,7364.0, approved ,Apartment,2024-11-19
POL-203400,TG-104324,24598.0,Approved, apartment ,2025-04-06
POL-203401,TG-106085,21311.0,Denied, apartment ,2023-11-12
POL-203402,TG-109423,14015.0,Pending, apartment ,2025-01-10
POL-203403,TG-100556,19329.0,Denied, apartment ,2023-01-23
POL-203404,TG-101618,15169.0,Denied,Apartment,2024-02-10
POL-203405,TG-109959,17005.0, approved , apartment ,2023-09-18
POL-203406,TG-100130,13857.0, approved ,Townhouse,2025-04-16
POL-203407,TG-105260,17915.0,Approved,Condo,2023-01-04
POL-203408,TG-105011,12241.0, approved , apartment ,2025-02-02
POL-203409,TG-101174,19193.0,Approved,Apartment,2023-08-12
POL-203410,TG-102428,22804.0,Approved,Townhouse,2024-08-15
POL-203411,TG-104200,20759.0, approved , apartment ,2023-03-16
POL-203412,TG-103822,6001.0,Pending,Townhouse,2023-02-16
POL-203413,TG-102815,17444.0,Denied,Condo,2024-03-09
POL-203414,TG-108094,20796.0,Pending, apartment ,2023-12-19
POL-203415,TG-101250,7415.0, approved , apartment ,2024-12-18
POL-203416,TG-106661,14183.0,Denied,Townhouse,2023-03-07
POL-203417,TG-107184,12708.0,Pending, apartment ,2024-07-08
POL-203418,TG-103648,8734.0,Pending,Townhouse,2023-03-03
POL-203419,TG-105083,14552.0,Denied,Condo,2023-03-12
POL-203420,TG-108508,19436.0,Denied,Apartment,2024-04-28
POL-203421,TG-106379,23078.0,Approved,Townhouse,2023-02-02
POL-203422,TG-109231,12194.0,Pending,Apartment,2023-10-21
POL-203423,TG-106851,12803.0,Denied,Townhouse,2024-02-23
POL-203424,TG-107106,8401.0,Pending, apartment ,2023-07-04
POL-203425,TG-100534,5919.0,Denied,Condo,2025-02-26
POL-203426,TG-105267,15238.0,Pending,Apartment,2023-05-19
POL-203427,TG-105473,6349.0,Denied,Townhouse,2025-02-23
POL-203428,TG-104130,9764.0, approved , apartment ,2024-10-18
POL-203429,TG-101588,10269.0, approved ,Apartment,2025-01-16
POL-203430,TG-104499,23818.0,Pending,Townhouse,2024-10-23
POL-203431,TG-106409,7038.0,Approved, apartment ,2024-03-06
POL-203432,TG-100069,10264.0,Pending,Condo,2024-01-19
POL-203433,TG-104573,18057.0,Approved,Apartment,2024-01-27
POL-203434,TG-101778,22577.0,Pending,Apartment,2024-04-04
POL-203435,TG-102818,14710.0,Approved,Townhouse,2025-06-09
POL-203436,TG-103373,7373.0, approved ,Townhouse,2024-01-22
POL-203437,TG-109154,9119.0, approved ,Condo,2024-01-20
POL-203438,TG-101871,22111.0, approved ,Townhouse,2023-03-24
POL-203439,TG-101539,21752.0,Approved,Townhouse,2024-11-30
POL-203440,TG-104903,6528.0,Pending, apartment ,2024-11-08
POL-203441,TG-109766,20779.0,Approved, apartment ,2025-06-14
POL-203442,TG-103728,8361.0,Denied,Apartment,2024-07-06
POL-203443,TG-100111,6896.0,Denied, apartment ,2023-05-17
POL-203444,TG-108451,9731.0, approved , apartment ,2024-10-31
POL-203445,TG-101397,20536.0,Approved, apartment ,2025-05-30
POL-203446,TG-104470,17533.0,Denied,Townhouse,2023-12-23
POL-203447,TG-107914,16797.0,Approved,Townhouse,2023-05-02
POL-203448,TG-101224,7606.0,Denied,Apartment,2023-07-02
POL-203449,TG-105322,23266.0,Approved,Townhouse,2024-07-04
POL-203450,TG-109694,9791.0,Denied,Apartment,2024-02-07
POL-203451,TG-102704,20204.0,Approved,Apartment,2024-06-25
POL-203452,TG-106641,17776.0,Approved,Condo,2023-05-11
POL-203453,TG-106847,8413.0,Pending,Townhouse,2025-01-15
POL-203454,TG-104113,14069.0, approved ,Townhouse,2023-08-17
POL-203455,TG-102649,5424.0, approved ,Apartment,2025-05-04
POL-203456,TG-110012,13155.0, approved ,Apartment,2023-01-04
POL-203457,TG-103415,20562.0,Denied,Condo,2025-02-13
POL-203458,TG-103245,14624.0,Pending,Townhouse,2023-01-24
POL-203459,TG-104955,19851.0,Approved,Condo,2023-11-02
POL-203460,TG-101960,20499.0,Approved,Townhouse,2024-04-19
POL-203461,TG-100536,23434.0,Approved, apartment ,2024-11-20
POL-203462,TG-100734,19195.0,Denied,Apartment,2025-01-06
POL-203463,TG-105554,10413.0,Approved,Townhouse,2024-07-11
POL-203464,TG-107272,13757.0, approved ,Condo,2024-03-10
POL-203465,TG-101351,22271.0, approved ,Townhouse,2024-06-28
POL-203466,TG-104890,20416.0, approved , apartment ,2024-01-24
POL-203467,TG-100075,10653.0, approved ,Townhouse,2025-04-23
POL-203468,TG-102014,11141.0,Denied,Condo,2023-08-24
POL-203469,TG-100531,22724.0,Denied, apartment ,2023-09-11
POL-203470,,9512.0, approved ,Condo,2024-04-16
POL-203471,TG-108510,6123.0, approved ,Apartment,2023-12-21
POL-203472,TG-108592,12041.0,Approved, apartment ,2023-06-08
POL-203473,TG-104318,9773.0,Pending,Condo,2023-10-10
POL-203474,TG-106559,5641.0,Denied, apartment ,2023-07-13
POL-203475,TG-109327,16502.0,Denied, apartment ,2025-06-15
POL-203476,TG-107025,12158.0,Approved, apartment ,2025-01-12
POL-203477,TG-106081,18971.0, approved ,Apartment,2025-02-22
POL-203478,TG-106484,23548.0,Pending,Townhouse,2023-04-26
POL-203479,TG-105041,24166.0,Denied,Condo,2023-02-02
POL-203480,TG-101420,19805.0,Denied,Townhouse,2025-04-08
POL-203481,TG-108800,11302.0, approved ,Condo,2024-11-07
POL-203482,TG-101433,17467.0,Denied,Townhouse,2024-03-05
POL-203483,TG-107841,7828.0,Pending, apartment ,2024-09-21
POL-203484,TG-101745,5133.0,Denied, apartment ,2025-02-23
POL-203485,TG-106994,16356.0,Pending,Condo,2023-01-17
POL-203486,TG-105361,18016.0,Denied,Townhouse,2023-09-04
POL-203487,TG-104086,20352.0,Approved, apartment ,2023-07-31
POL-203488,TG-105176,21131.0,Approved, apartment ,2023-03-10
POL-203489,TG-101035,9027.0,Approved,Apartment,2023-04-14
POL-203490,TG-108823,19765.0,Approved,Townhouse,2024-08-31
POL-203491,TG-108023,21201.0,Denied, apartment ,2023-02-04
POL-203492,TG-100448,7230.0, approved ,Apartment,2024-04-02
POL-203493,TG-100520,6669.0,Denied,Condo,2024-09-04
POL-203494,TG-104572,11405.0,Pending,Townhouse,2024-11-19
POL-203495,TG-101489,21408.0,Denied,Townhouse,2024-12-21
POL-203496,TG-102859,20943.0, approved ,Townhouse,2025-06-12
POL-203497,TG-107215,14287.0, approved ,Condo,2023-02-19
POL-203498,TG-109967,20451.0,Pending, apartment ,2023-09-08
POL-203499,TG-100530,15837.0,Approved,Apartment,2025-01-28
POL-203500,TG-103413,17539.0, approved ,Townhouse,2023-02-15
POL-203501,TG-104964,16593.0, approved ,Apartment,2024-02-16
POL-203502,TG-104277,24516.0,Approved,Townhouse,2024-03-25
POL-203503,TG-100840,9783.0,Approved,Apartment,2023-08-28
POL-203504,TG-100910,7573.0,Denied,Condo,2024-07-06
POL-203505,TG-105497,5748.0,Approved,Apartment,2023-08-11
POL-203506,TG-104616,11112.0,Pending,Condo,2025-02-11
POL-203507,TG-108237,7960.0, approved ,Townhouse,2025-06-03
POL-203508,TG-108943,17227.0,Approved, apartment ,2025-03-05
POL-203509,TG-107400,23472.0, approved ,Townhouse,2023-02-27
POL-203510,TG-102422,18914.0,Pending, apartment ,2023-05-24
POL-203511,TG-105302,11342.0,Approved,Townhouse,2024-05-30
POL-203512,TG-103693,9217.0,Approved,Townhouse,2023-10-24
POL-203513,TG-106897,18720.0,Approved,Townhouse,2023-08-28
POL-203514,TG-103982,21747.0,Approved,Apartment,2025-04-15
POL-203515,TG-103623,13432.0,Approved,Townhouse,2025-01-19
POL-203516,TG-106793,23600.0,Denied, apartment ,2024-08-12
POL-203517,TG-100256,17868.0,Pending,Condo,2023-11-23
POL-203518,TG-108647,7988.0,Pending, apartment ,2024-08-14
POL-203519,,23926.0,Denied,Condo,2024-09-04
POL-203520,TG-101087,13808.0,Denied,Condo,2025-03-02
POL-203521,TG-101507,19496.0,Approved,Condo,2024-11-19
POL-203522,TG-102353,9358.0,Approved,Apartment,2025-04-18
POL-203523,TG-102306,9924.0, approved , apartment ,2023-11-25
POL-203524,TG-107922,12997.0,Approved,Apartment,2023-08-31
POL-203525,TG-104549,20433.0,Pending,Condo,2023-11-06
POL-203526,TG-108216,5835.0,Approved,Townhouse,2025-06-16
POL-203527,TG-109914,8923.0,Denied,Apartment,2023-05-27
POL-203528,TG-105834,7635.0, approved ,Townhouse,2024-11-07
POL-203529,TG-106027,24537.0,Approved, apartment ,2024-06-17
POL-203530,TG-101276,8266.0,Denied,Apartment,2023-08-15
POL-203531,TG-107040,15850.0,Approved,Townhouse,2024-02-28
POL-203532,TG-105246,18723.0,Approved,Townhouse,2023-11-04
POL-203533,TG-106468,9922.0,Pending, apartment ,2023-10-09
POL-203534,TG-105878,19108.0,Denied,Townhouse,2023-03-04
POL-203535,TG-106813,13574.0,Denied,Townhouse,2024-07-24
POL-203536,TG-100288,24015.0,Denied,Condo,2024-08-28
POL-203537,TG-106951,10847.0,Pending,Townhouse,2025-06-19
POL-203538,TG-105716,15049.0, approved ,Condo,2025-01-22
POL-203539,TG-101268,18159.0,Approved,Condo,2023-06-29
POL-203540,TG-100664,12755.0,Pending,Condo,2024-10-03
POL-203541,TG-100609,12349.0,Denied,Townhouse,2024-11-26
POL-203542,TG-104875,9078.0, approved ,Condo,2024-03-13
POL-203543,TG-103715,21984.0,Pending,Apartment,2024-07-23
POL-203544,TG-106806,20899.0,Denied,Condo,2024-05-22
POL-203545,TG-101733,19099.0,Pending,Condo,2023-02-18
POL-203546,TG-109197,10569.0, approved ,Condo,2023-12-19
POL-203547,TG-106504,7500.0,Denied,Condo,2024-10-20
POL-203548,TG-107202,22057.0,Approved,Condo,2024-11-18
POL-203549,TG-103571,23996.0,Pending,Condo,2024-01-26
POL-203550,TG-104337,8816.0,Denied, apartment ,2025-03-15
POL-203551,TG-105893,5188.0,Denied, apartment ,2024-06-21
POL-203552,TG-106534,7432.0,Approved,Apartment,2023-11-23
POL-203553,TG-107414,7991.0,Denied, apartment ,2024-12-14
POL-203554,TG-105826,8471.0, approved , apartment ,2024-03-02
POL-203555,TG-101419,18754.0,Denied, apartment ,2024-02-23
POL-203556,TG-100718,11435.0,Denied, apartment ,2023-06-02
POL-203557,TG-101469,11334.0,Denied, apartment ,2023-11-04
POL-203558,TG-102797,24858.0,Denied,Apartment,2024-01-21
POL-203559,TG-105692,12097.0,Pending, apartment ,2023-07-08
POL-203560,TG-106796,17138.0,Pending,Apartment,2025-02-11
POL-203561,TG-108378,8233.0,Pending,Apartment,2024-07-04
POL-203562,TG-108731,24570.0,Pending,Townhouse,2024-04-29
POL-203563,TG-105196,12485.0, approved ,Apartment,2023-09-04
POL-203564,TG-108087,12965.0, approved ,Apartment,2025-05-19
POL-203565,TG-108349,18192.0, approved , apartment ,2023-08-19
POL-203566,TG-108419,21206.0,Pending,Apartment,2023-11-04
POL-203567,TG-106403,24337.0,Pending,Condo,2025-05-28
POL-203568,TG-109228,22026.0, approved ,Apartment,2024-12-25
POL-203569,TG-107883,14131.0,Denied,Apartment,2023-05-28
POL-203570,TG-108576,13207.0,Approved, apartment ,2025-04-05
POL-203571,TG-107728,16813.0, approved ,Townhouse,2024-04-19
POL-203572,TG-100535,15430.0,Approved,Apartment,2023-03-01
POL-203573,TG-101190,19798.0,Approved,Condo,2024-07-29
POL-203574,TG-106057,15632.0,Approved,Townhouse,2024-02-27
POL-203575,TG-108838,20478.0,Denied,Townhouse,2024-03-02
POL-203576,TG-107830,,Denied,Condo,2024-07-24
POL-203577,TG-108980,10318.0,Pending,Condo,2024-06-26
POL-203578,TG-106645,6166.0,Pending,Townhouse,2023-05-18
POL-203579,TG-109258,14056.0,Denied, apartment ,2024-02-02
POL-203580,TG-103259,6559.0,Denied,Condo,2023-09-06
POL-203581,TG-105731,,Pending,Apartment,2023-09-19
POL-203582,TG-105212,7134.0,Approved, apartment ,2023-07-28
POL-203583,TG-103905,17918.0, approved ,Condo,2023-12-05
POL-203584,TG-101667,18165.0,Pending,Townhouse,2024-10-24
POL-203585,TG-101875,22002.0, approved ,Condo,2023-03-22
POL-203586,TG-101955,22967.0,Approved, apartment ,2024-04-05
POL-203587,TG-100312,18784.0,Pending,Apartment,2025-05-17
POL-203588,TG-103929,6732.0,Approved,Townhouse,2024-01-15
POL-203589,TG-106101,19967.0,Pending, apartment ,2023-04-05
POL-203590,TG-104009,24577.0,Approved, apartment ,2024-07-02
POL-203591,TG-106843,21868.0,Approved,Condo,2025-01-11
POL-203592,TG-101181,24009.0,Pending,Condo,2025-04-29
POL-203593,TG-109800,9201.0,Approved, apartment ,2023-07-15
POL-203594,TG-104648,16220.0, approved ,Apartment,2023-02-22
POL-203595,TG-100159,13907.0, approved ,Condo,2023-10-02
POL-203596,TG-104026,12987.0,Denied,Townhouse,2024-01-22
POL-203597,TG-108044,22355.0,Denied, apartment ,2024-11-20
POL-203598,TG-100047,15628.0, approved , apartment ,2024-09-11
POL-203599,TG-105602,6809.0,Denied,Apartment,2024-09-09
POL-203600,TG-107572,11374.0,Denied, apartment ,2023-02-10
POL-203601,TG-108611,8520.0,Denied,Condo,2025-06-13
POL-203602,TG-108002,13629.0,Approved,Condo,2023-03-16
POL-203603,TG-105975,19242.0, approved , apartment ,2023-07-12
POL-203604,TG-105903,22595.0,Pending,Townhouse,2025-04-03
POL-203605,TG-104793,17090.0, approved ,Apartment,2025-02-18
POL-203606,TG-109606,, approved ,Townhouse,2024-08-24
POL-203607,TG-102767,13424.0,Denied,Townhouse,2025-01-11
POL-203608,TG-107679,18560.0,Denied,Condo,2024-11-18
POL-203609,TG-104251,23827.0,Pending,Apartment,2024-07-26
POL-203610,TG-109905,6733.0, approved ,Condo,2023-08-11
POL-203611,TG-108459,17610.0,Approved, apartment ,2024-05-05
POL-203612,TG-100664,6829.0,Approved,Townhouse,2023-08-02
POL-203613,TG-105673,9318.0,Pending,Condo,2025-06-09
POL-203614,TG-100366,13739.0,Pending, apartment ,2023-12-07
POL-203615,TG-109974,8769.0,Approved, apartment ,2023-11-07
POL-203616,TG-109635,14619.0,Approved,Condo,2023-01-16
POL-203617,TG-108901,11822.0,Approved,Condo,2023-08-05
POL-203618,TG-102549,23497.0,Approved, apartment ,2023-07-14
POL-203619,TG-104386,19429.0,Approved,Apartment,2025-01-29
POL-203620,TG-101459,6121.0, approved ,Apartment,2023-05-01
POL-203621,TG-107300,17205.0, approved ,Condo,2025-02-03
POL-203622,TG-102812,12103.0,Approved,Apartment,2025-02-11
POL-203623,TG-103504,19530.0,Approved,Townhouse,2024-05-05
POL-203624,TG-104229,18136.0, approved ,Apartment,2023-09-06
POL-203625,TG-100881,24536.0,Denied,Townhouse,2024-12-13
POL-203626,TG-107229,6892.0, approved ,Townhouse,2024-09-10
POL-203627,TG-101303,17343.0,Approved, apartment ,2024-12-21
POL-203628,TG-106361,5489.0,Pending,Apartment,2023-07-29
POL-203629,TG-107700,8452.0,Approved,Apartment,2024-02-11
POL-203630,TG-105039,8007.0,Denied,Condo,2023-09-03
POL-203631,TG-107227,7231.0,Approved, apartment ,2024-07-19
POL-203632,TG-106353,10496.0,Denied, apartment ,2023-11-26
POL-203633,TG-105008,,Denied,Apartment,2025-03-05
POL-203634,TG-102196,8861.0,Denied,Condo,2023-10-17
POL-203635,TG-105253,24677.0, approved ,Townhouse,2024-01-25
POL-203636,,11054.0, approved ,Apartment,2024-04-22
POL-203637,TG-106290,24672.0,Denied,Condo,2024-06-30
POL-203638,TG-105583,6986.0,Denied,Condo,2024-10-26
POL-203639,TG-104376,20981.0,Approved,Condo,2024-01-03
POL-203640,TG-105035,22234.0,Approved,Condo,2023-11-12
POL-203641,TG-100906,16335.0, approved ,Townhouse,2023-09-25
POL-203642,TG-108779,23505.0, approved , apartment ,2024-01-04
POL-203643,TG-108347,23085.0,Denied, apartment ,2024-06-09
POL-203644,TG-108257,23836.0, approved , apartment ,2024-05-24
POL-203645,TG-107589,16500.0,Denied,Townhouse,2024-04-22
POL-203646,TG-110008,13426.0, approved ,Townhouse,2023-04-11
POL-203647,TG-104346,5496.0,Pending, apartment ,2025-04-02
POL-203648,TG-105117,, approved ,Townhouse,2025-01-09
POL-203649,TG-103067,8937.0, approved ,Townhouse,2024-04-25
POL-203650,TG-108573,9917.0,Denied,Condo,2025-02-18
POL-203651,TG-101975,20695.0,Pending, apartment ,2025-05-09
POL-203652,TG-100819,14825.0,Approved,Apartment,2023-11-24
POL-203653,TG-107468,21226.0, approved ,Condo,2023-07-28
POL-203654,TG-105937,14939.0,Pending,Apartment,2024-01-15
POL-203655,TG-104287,9569.0,Approved,Townhouse,2023-11-17
POL-203656,TG-105367,7754.0,Pending,Apartment,2024-02-28
POL-203657,TG-101747,7032.0,Pending,Apartment,2023-02-16
POL-203658,TG-100766,20673.0,Approved,Townhouse,2024-07-30
POL-203659,TG-105203,11088.0,Approved, apartment ,2025-06-03
POL-203660,TG-100362,11613.0,Denied,Condo,2023-08-15
POL-203661,TG-101964,11786.0,Denied,Apartment,2025-01-29
POL-203662,TG-105540,16596.0,Denied,Townhouse,2023-05-30
POL-203663,TG-109328,10818.0,Pending,Apartment,2023-01-17
POL-203664,TG-101657,16726.0, approved ,Condo,2023-09-25
POL-203665,TG-106755,10163.0, approved ,Condo,2024-07-20
POL-203666,TG-107405,12034.0, approved , apartment ,2024-08-21
POL-203667,TG-104960,6781.0,Approved,Townhouse,2024-08-16
POL-203668,TG-102037,15169.0, approved ,Townhouse,2025-01-07
POL-203669,TG-107710,22531.0,Approved, apartment ,2024-03-03
POL-203670,TG-108805,13781.0,Pending, apartment ,2023-10-30
POL-203671,TG-103228,6711.0,Pending,Condo,2023-06-06
POL-203672,TG-107185,23859.0,Pending,Condo,2023-07-20
POL-203673,TG-101975,12990.0,Denied,Townhouse,2023-12-04
POL-203674,TG-107187,20163.0, approved ,Apartment,2023-08-24
POL-203675,TG-103835,14375.0,Pending, apartment ,2024-01-24
POL-203676,TG-101899,21143.0,Approved,Townhouse,2024-08-06
POL-203677,TG-102631,13094.0,Denied,Townhouse,2025-05-03
POL-203678,TG-102647,13142.0,Denied,Condo,2023-09-09
POL-203679,TG-107993,22905.0, approved ,Townhouse,2024-05-26
POL-203680,TG-104930,11886.0,Pending, apartment ,2024-07-17
POL-203681,TG-109061,13044.0, approved ,Condo,2024-11-01
POL-203682,TG-106986,22189.0,Pending,Apartment,2024-12-02
POL-203683,TG-105161,7790.0, approved ,Condo,2023-12-12
POL-203684,TG-106887,21988.0, approved ,Condo,2023-09-21
POL-203685,TG-106630,19979.0,Denied, apartment ,2025-02-20
POL-203686,TG-101450,12517.0,Denied,Apartment,2025-04-21
POL-203687,TG-102434,8819.0,Pending,Condo,2024-05-15
POL-203688,TG-109668,7719.0,Denied,Condo,2025-01-10
POL-203689,TG-103136,18936.0,Denied,Townhouse,2024-10-19
POL-203690,TG-104593,24065.0,Approved, apartment ,2025-01-27
POL-203691,TG-107030,6024.0,Pending,Townhouse,2024-05-17
POL-203692,TG-103395,12793.0, approved ,Townhouse,2024-04-16
POL-203693,TG-102578,18318.0, approved ,Apartment,2023-06-22
POL-203694,TG-103758,16927.0, approved ,Townhouse,2025-01-20
POL-203695,TG-105267,20392.0,Approved,Townhouse,2025-03-25
POL-203696,TG-106255,14560.0,Denied, apartment ,2023-12-27
POL-203697,TG-109862,19872.0,Denied,Townhouse,2023-06-23
POL-203698,TG-106715,5461.0, approved ,Townhouse,2023-05-24
POL-203699,TG-108947,20975.0, approved ,Condo,2025-01-07
POL-203700,TG-104582,7635.0, approved , apartment ,2024-07-13
POL-203701,TG-102465,13152.0,Approved,Townhouse,2024-05-15
POL-203702,TG-100169,, approved ,Apartment,2023-07-08
POL-203703,TG-101292,5196.0,Denied,Apartment,2024-07-09
POL-203704,TG-104035,5860.0,Approved,Townhouse,2024-10-19
POL-203705,TG-108082,13513.0, approved , apartment ,2023-03-02
POL-203706,TG-100720,14921.0,Denied,Condo,2024-06-20
POL-203707,TG-103899,19897.0,Pending,Apartment,2023-02-04
POL-203708,TG-105464,21395.0,Approved,Townhouse,2025-05-09
POL-203709,TG-104365,,Denied,Apartment,2025-05-17
POL-203710,TG-106148,22721.0,Denied, apartment ,2023-03-18
POL-203711,TG-105894,12732.0,Denied, apartment ,2025-04-17
POL-203712,TG-105344,6200.0,Denied,Condo,2024-11-15
POL-203713,TG-101971,16426.0,Approved,Apartment,2023-02-19
POL-203714,TG-106019,11246.0,Approved,Townhouse,2025-02-21
POL-203715,TG-106835,18546.0,Pending,Apartment,2023-01-07
POL-203716,TG-102231,19256.0,Approved,Townhouse,2024-02-27
POL-203717,TG-106464,16529.0,Approved, apartment ,2023-05-21
POL-203718,TG-103923,20672.0, approved , apartment ,2025-05-12
POL-203719,TG-101514,22342.0,Pending,Condo,2024-10-07
POL-203720,TG-105846,21846.0,Pending,Townhouse,2023-08-25
POL-203721,TG-105963,11206.0, approved ,Apartment,2023-03-11
POL-203722,TG-109228,14160.0, approved , apartment ,2024-12-25
POL-203723,TG-109786,24161.0,Denied,Townhouse,2023-06-04
POL-203724,TG-102360,13737.0,Pending,Condo,2023-01-10
POL-203725,TG-103373,11165.0,Approved,Townhouse,2023-08-12
POL-203726,TG-109524,17625.0,Denied,Townhouse,2024-06-01
POL-203727,TG-105019,13555.0, approved ,Apartment,2024-04-11
POL-203728,TG-105828,6620.0,Denied, apartment ,2024-01-18
POL-203729,TG-100166,23557.0,Approved,Condo,2023-03-03
POL-203730,TG-101043,18525.0,Approved,Townhouse,2024-09-24
POL-203731,TG-102451,18947.0, approved ,Apartment,2024-10-15
POL-203732,TG-108289,19036.0,Denied, apartment ,2024-11-13
POL-203733,TG-108881,6791.0,Denied,Condo,2024-09-23
POL-203734,TG-103869,8682.0,Approved, apartment ,2024-05-09
POL-203735,TG-101761,11488.0,Denied,Townhouse,2024-11-06
POL-203736,TG-107449,14996.0,Denied, apartment ,2024-05-14
POL-203737,TG-107423,22618.0,Approved, apartment ,2023-01-17
POL-203738,TG-104969,6606.0, approved , apartment ,2023-01-07
POL-203739,TG-107363,9970.0,Pending, apartment ,2024-06-28
POL-203740,TG-104201,20959.0,Denied,Condo,2024-07-18
POL-203741,TG-101498,13185.0,Approved,Condo,2024-02-26
POL-203742,TG-101590,13680.0,Approved, apartment ,2023-01-13
POL-203743,TG-103440,9079.0, approved , apartment ,2023-01-18
POL-203744,TG-106443,12486.0,Approved,Townhouse,2024-06-26
POL-203745,TG-104794,7373.0,Denied,Apartment,2025-01-09
POL-203746,TG-109598,11564.0,Denied,Apartment,2023-10-09
POL-203747,TG-103211,6996.0, approved ,Apartment,2024-07-02
POL-203748,TG-108806,13985.0,Pending,Townhouse,2023-10-21
POL-203749,TG-100385,17846.0,Denied,Condo,2023-01-18
POL-203750,TG-106398,22040.0,Approved,Apartment,2024-05-29
POL-203751,TG-102089,15058.0,Approved,Apartment,2025-04-12
POL-203752,TG-109721,15957.0,Approved,Condo,2024-12-15
POL-203753,TG-100161,17214.0, approved ,Townhouse,2024-11-21
POL-203754,TG-103870,8349.0,Approved,Townhouse,2024-03-16
POL-203755,TG-103396,9646.0,Pending,Townhouse,2025-04-05
POL-203756,TG-105413,22246.0, approved ,Townhouse,2023-07-03
POL-203757,TG-108778,20736.0, approved ,Apartment,2023-04-20
POL-203758,TG-108798,21488.0,Pending,Apartment,2023-04-09
POL-203759,TG-102939,12537.0,Approved, apartment ,2024-06-20
POL-203760,TG-108280,18922.0, approved , apartment ,2023-06-02
POL-203761,TG-108579,22250.0, approved ,Condo,2023-09-04
POL-203762,TG-104692,21685.0,Approved,Condo,2023-07-16
POL-203763,TG-101384,13988.0,Denied, apartment ,2024-09-26
POL-203764,TG-109129,15715.0,Denied,Condo,2024-06-23
POL-203765,TG-104786,11803.0, approved ,Apartment,2023-09-16
POL-203766,TG-104720,22732.0,Approved,Townhouse,2025-04-14
POL-203767,TG-104852,13475.0,Denied,Apartment,2023-12-29
POL-203768,TG-105565,10077.0, approved ,Townhouse,2023-10-01
POL-203769,TG-108498,13283.0, approved ,Townhouse,2025-03-25
POL-203770,TG-103636,14369.0, approved ,Condo,2024-02-11
POL-203771,TG-100447,18873.0, approved , apartment ,2023-03-22
POL-203772,TG-103329,11124.0,Pending, apartment ,2024-01-18
POL-203773,TG-104586,10032.0, approved ,Condo,2024-02-20
POL-203774,TG-103641,11004.0,Denied,Townhouse,2024-04-15
POL-203775,TG-108208,22367.0,Denied,Apartment,2024-08-01
POL-203776,TG-104309,6237.0,Pending,Apartment,2023-09-07
POL-203777,TG-104614,17039.0,Pending,Condo,2024-12-14
POL-203778,TG-109585,17566.0,Approved, apartment ,2023-08-20
POL-203779,TG-107056,12755.0, approved ,Condo,2023-11-04
POL-203780,TG-105652,21539.0,Pending,Townhouse,2024-12-01
POL-203781,TG-109694,14878.0, approved , apartment ,2025-04-27
POL-203782,TG-105880,8352.0,Denied, apartment ,2025-05-18
POL-203783,TG-105070,10059.0,Denied,Townhouse,2023-03-24
POL-203784,TG-106719,18928.0,Pending,Townhouse,2024-10-31
POL-203785,TG-104950,10952.0, approved ,Condo,2025-05-28
POL-203786,TG-105812,12000.0,Approved, apartment ,2024-10-27
POL-203787,TG-102541,17650.0,Denied,Townhouse,2025-02-16
POL-203788,TG-108925,12309.0,Denied,Townhouse,2023-02-02
POL-203789,TG-106245,24796.0, approved , apartment ,2023-04-06
POL-203790,TG-105371,8394.0,Approved, apartment ,2024-02-20
POL-203791,TG-101605,19320.0,Approved,Townhouse,2024-01-24
POL-203792,TG-102626,16363.0,Approved,Apartment,2024-01-22
POL-203793,TG-106360,24392.0, approved ,Townhouse,2024-07-19
POL-203794,TG-100206,23192.0,Approved,Condo,2024-05-02
POL-203795,TG-102810,19805.0,Pending,Townhouse,2023-02-27
POL-203796,TG-108724,12334.0,Pending,Apartment,2024-10-14
POL-203797,TG-103141,19899.0,Pending,Townhouse,2023-01-10
POL-203798,TG-101558,19390.0,Approved,Condo,2024-12-20
POL-203799,TG-101464,19026.0,Pending,Condo,2023-06-25
POL-203800,TG-104404,19207.0,Approved,Townhouse,2023-03-26
POL-203801,TG-108957,18586.0, approved ,Condo,2024-05-26
POL-203802,TG-106013,16253.0,Denied,Apartment,2025-05-15
POL-203803,TG-108858,12902.0, approved , apartment ,2024-03-20
POL-203804,TG-108398,13858.0, approved ,Condo,2024-10-22
POL-203805,TG-110008,6894.0,Approved, apartment ,2025-03-14
POL-203806,TG-103754,22421.0,Approved,Condo,2023-12-06
POL-203807,TG-107570,14348.0, approved , apartment ,2024-08-02
POL-203808,TG-107202,20190.0, approved ,Townhouse,2025-05-28
POL-203809,TG-101044,12727.0, approved ,Condo,2023-04-08
POL-203810,TG-109692,10529.0,Pending,Condo,2024-06-24
POL-203811,TG-109050,15195.0,Denied,Apartment,2023-02-13
POL-203812,TG-102343,9649.0,Denied,Apartment,2023-08-24
POL-203813,TG-107241,11502.0, approved ,Townhouse,2023-08-05
POL-203814,TG-103252,11180.0,Pending,Townhouse,2025-06-07
POL-203815,TG-102167,18421.0,Approved, apartment ,2024-12-09
POL-203816,TG-100183,17775.0,Approved,Townhouse,2024-08-03
POL-203817,TG-109895,10019.0,Pending, apartment ,2024-05-01
POL-203818,TG-105580,10544.0,Approved,Apartment,2023-10-05
POL-203819,TG-109626,21189.0,Denied,Apartment,2023-02-17
POL-203820,TG-104719,6092.0,Approved,Apartment,2023-03-18
POL-203821,TG-102361,20475.0,Denied,Condo,2024-12-01
POL-203822,TG-105712,10081.0, approved ,Condo,2023-10-15
POL-203823,TG-106599,16526.0,Denied, apartment ,2024-07-10
POL-203824,TG-108795,19201.0,Denied, apartment ,2024-07-31
POL-203825,TG-104377,15017.0,Denied,Condo,2024-11-04
POL-203826,TG-102835,12234.0,Denied, apartment ,2023-02-03
POL-203827,TG-109357,16718.0,Pending, apartment ,2023-07-03
POL-203828,TG-102801,15395.0,Pending,Apartment,2025-05-20
POL-203829,TG-104729,16308.0,Approved,Condo,2023-11-19
POL-203830,TG-109379,18243.0,Denied,Townhouse,2023-01-17
POL-203831,TG-104251,16790.0,Approved,Apartment,2023-08-01
POL-203832,TG-108711,22846.0,Denied,Condo,2024-08-24
POL-203833,TG-107472,6336.0, approved , apartment ,2023-05-28
POL-203834,TG-103296,12396.0,Denied,Townhouse,2025-02-09
POL-203835,TG-104221,23307.0, approved ,Townhouse,2025-04-20
POL-203836,TG-103032,6276.0,Denied,Apartment,2024-12-30
POL-203837,TG-103446,11899.0,Pending,Condo,2025-04-20
POL-203838,TG-107336,,Pending, apartment ,2024-02-12
POL-203839,TG-108263,23306.0,Denied,Apartment,2023-03-20
POL-203840,TG-100357,15194.0,Approved,Townhouse,2023-11-03
POL-203841,TG-103730,11365.0,Denied,Townhouse,2023-06-16
POL-203842,TG-105647,8061.0,Approved,Townhouse,2024-07-31
POL-203843,TG-107232,14740.0, approved ,Townhouse,2023-09-04
POL-203844,TG-108009,18664.0, approved ,Townhouse,2024-08-03
POL-203845,TG-102324,9931.0, approved ,Condo,2025-05-04
POL-203846,TG-100829,6013.0,Pending,Condo,2025-05-19
POL-203847,TG-104226,15002.0,Pending, apartment ,2024-02-03
POL-203848,TG-103515,24561.0,Denied,Townhouse,2024-11-24
POL-203849,TG-109307,9652.0,Approved, apartment ,2024-07-07
POL-203850,TG-102752,12158.0,Denied, apartment ,2023-12-06
POL-203851,TG-108847,17407.0,Approved,Condo,2024-01-29
POL-203852,TG-109560,21208.0,Pending,Apartment,2025-02-12
POL-203853,TG-106981,14064.0,Pending,Condo,2025-01-27
POL-203854,TG-109649,10959.0,Denied,Apartment,2023-05-24
POL-203855,TG-105576,22523.0,Denied,Apartment,2025-03-20
POL-203856,TG-105009,14837.0, approved ,Apartment,2024-12-06
POL-203857,TG-104305,23749.0,Pending,Apartment,2025-01-11
POL-203858,TG-105860,9050.0, approved ,Condo,2023-03-22
POL-203859,TG-102762,6352.0, approved ,Apartment,2024-05-27
POL-203860,TG-101489,18693.0,Denied,Townhouse,2025-02-02
POL-203861,TG-101824,24345.0,Denied,Condo,2023-12-21
POL-203862,TG-101395,9149.0,Denied,Apartment,2023-02-24
POL-203863,TG-103460,13747.0,Denied, apartment ,2023-04-11
POL-203864,TG-109786,13642.0,Pending,Townhouse,2024-03-23
POL-203865,TG-106403,6370.0,Pending,Condo,2023-08-26
POL-203866,TG-104753,7337.0,Approved, apartment ,2025-05-08
POL-203867,TG-108325,10942.0,Denied,Condo,2023-03-19
POL-203868,TG-103311,9343.0, approved ,Townhouse,2023-12-15
POL-203869,TG-104857,5175.0, approved ,Apartment,2024-09-11
POL-203870,TG-104962,7942.0, approved , apartment ,2025-02-26
POL-203871,TG-109682,24491.0, approved ,Townhouse,2024-09-20
POL-203872,TG-105852,11755.0,Denied,Apartment,2024-09-01
POL-203873,TG-109482,23966.0, approved ,Apartment,2024-02-11
POL-203874,TG-105312,6372.0, approved ,Townhouse,2025-03-03
POL-203875,TG-105941,12660.0,Pending,Apartment,2023-12-01
POL-203876,TG-109442,13414.0,Pending,Apartment,2023-01-31
POL-203877,TG-100632,17711.0,Denied,Condo,2024-10-11
POL-203878,TG-103335,20999.0,Approved,Apartment,2023-10-07
POL-203879,TG-106260,17976.0,Pending,Apartment,2025-03-13
POL-203880,TG-109808,23014.0, approved ,Townhouse,2024-04-06
POL-203881,TG-105876,10072.0,Approved, apartment ,2024-05-17
POL-203882,TG-100859,8204.0, approved ,Condo,2023-08-22
POL-203883,TG-106641,9897.0,Denied,Apartment,2023-12-31
POL-203884,TG-104284,17440.0,Approved,Townhouse,2024-07-20
POL-203885,TG-104402,10975.0,Pending,Apartment,2024-01-20
POL-203886,TG-102253,17455.0,Denied,Condo,2024-03-18
POL-203887,TG-106132,14617.0, approved ,Townhouse,2023-07-10
POL-203888,TG-106903,12518.0,Denied,Condo,2024-11-27
POL-203889,TG-104240,9481.0,Denied, apartment ,2024-08-22
POL-203890,TG-107797,17053.0,Approved, apartment ,2024-11-07
POL-203891,TG-109669,6132.0,Approved, apartment ,2024-01-25
POL-203892,TG-100076,21522.0,Denied,Apartment,2023-03-29
POL-203893,TG-103746,6603.0, approved ,Condo,2025-03-01
POL-203894,TG-109581,16643.0,Pending,Condo,2024-09-25
POL-203895,TG-104250,13759.0,Denied,Townhouse,2023-10-30
POL-203896,TG-104705,11255.0,Approved,Apartment,2025-03-28
POL-203897,TG-106914,8068.0, approved ,Townhouse,2023-09-10
POL-203898,TG-108095,7799.0, approved ,Townhouse,2024-12-31
POL-203899,TG-101734,17399.0,Denied, apartment ,2023-03-17
POL-203900,TG-101825,7614.0,Pending,Apartment,2023-03-26
POL-203901,TG-102708,11669.0,Approved,Apartment,2023-10-02
POL-203902,TG-107427,7014.0,Approved, apartment ,2023-06-07
POL-203903,TG-109667,12673.0,Denied,Condo,2024-01-25
POL-203904,TG-105990,5446.0,Denied,Apartment,2024-12-29
POL-203905,TG-108350,24982.0, approved ,Condo,2025-03-13
POL-203906,TG-108620,7688.0, approved ,Apartment,2024-10-11
POL-203907,TG-108528,22095.0, approved , apartment ,2023-06-07
POL-203908,TG-106067,5884.0,Approved,Condo,2025-01-27
POL-203909,TG-109215,15735.0,Pending, apartment ,2024-02-03
POL-203910,TG-100555,8810.0, approved , apartment ,2023-11-21
POL-203911,TG-109507,13908.0,Denied,Condo,2024-01-05
POL-203912,TG-101556,11223.0, approved ,Condo,2023-04-20
POL-203913,TG-102326,23617.0,Denied,Apartment,2023-04-04
POL-203914,TG-102764,5988.0, approved , apartment ,2023-01-06
POL-203915,TG-103049,20993.0,Approved,Condo,2023-11-12
POL-203916,TG-104804,12600.0,Pending,Townhouse,2024-03-31
POL-203917,TG-106243,23897.0,Approved, apartment ,2024-01-04
POL-203918,TG-101291,23159.0,Pending, apartment ,2025-02-18
POL-203919,TG-102793,6418.0,Approved,Townhouse,2023-10-04
POL-203920,TG-100431,21262.0,Approved,Townhouse,2023-04-15
POL-203921,TG-107841,11731.0, approved ,Condo,2023-05-16
POL-203922,TG-106357,16535.0, approved ,Apartment,2023-03-31
POL-203923,TG-100371,19941.0, approved ,Condo,2023-07-11
POL-203924,TG-100599,5864.0,Pending,Condo,2024-03-17
POL-203925,TG-101158,22595.0,Approved,Apartment,2024-04-04
POL-203926,TG-109005,10409.0,Denied, apartment ,2024-07-24
POL-203927,TG-103202,,Denied,Condo,2024-07-22
POL-203928,TG-108888,12346.0,Denied,Condo,2024-06-08
POL-203929,TG-102416,8948.0,Denied,Townhouse,2024-02-22
POL-203930,TG-107325,8039.0, approved ,Townhouse,2023-04-16
POL-203931,TG-100254,23915.0,Pending,Apartment,2023-01-27
POL-203932,TG-107776,22773.0, approved ,Condo,2023-04-02
POL-203933,TG-101252,19700.0,Approved,Townhouse,2023-12-29
POL-203934,TG-105427,24357.0,Pending,Townhouse,2024-07-21
POL-203935,TG-106116,16261.0,Denied, apartment ,2023-04-06
POL-203936,TG-105971,12630.0, approved ,Townhouse,2024-09-03
POL-203937,TG-109888,21474.0, approved ,Apartment,2024-09-04
POL-203938,TG-105267,7965.0,Approved,Townhouse,2025-03-14
POL-203939,TG-101633,10911.0, approved , apartment ,2023-11-29
POL-203940,TG-105380,15445.0,Approved,Condo,2025-06-03
POL-203941,TG-107807,5400.0,Pending,Condo,2024-01-30
POL-203942,TG-106506,8510.0,Pending,Condo,2023-01-13
POL-203943,TG-106322,21699.0,Pending,Townhouse,2023-10-26
POL-203944,TG-103320,12148.0,Denied,Apartment,2024-02-28
POL-203945,TG-103963,14650.0,Approved,Condo,2024-02-02
POL-203946,TG-107957,14230.0,Pending,Apartment,2025-03-08
POL-203947,TG-102701,20117.0,Pending, apartment ,2023-03-28
POL-203948,TG-109804,8210.0,Pending,Townhouse,2025-01-12
POL-203949,TG-106977,7866.0, approved ,Apartment,2024-07-26
POL-203950,TG-109976,18016.0,Denied,Townhouse,2023-09-06
POL-203951,TG-100716,20860.0,Denied,Apartment,2024-08-08
POL-203952,TG-100313,5910.0,Approved,Apartment,2024-06-17
POL-203953,TG-107901,22227.0, approved ,Townhouse,2023-06-23
POL-203954,TG-100107,10706.0, approved , apartment ,2024-12-02
POL-203955,TG-105540,19922.0,Denied,Apartment,2024-01-25
POL-203956,TG-105517,23802.0,Denied,Condo,2023-06-23
POL-203957,TG-103391,7624.0,Pending, apartment ,2023-05-23
POL-203958,TG-105998,20002.0,Approved,Apartment,2023-10-03
POL-203959,TG-108966,19763.0, approved ,Townhouse,2023-11-05
POL-203960,TG-100516,14339.0,Approved,Apartment,2023-10-02
POL-203961,TG-104320,16827.0,Pending, apartment ,2024-05-19
POL-203962,TG-103320,11200.0,Approved,Condo,2023-05-30
POL-203963,TG-102083,6034.0,Pending, apartment ,2023-03-06
POL-203964,,9681.0, approved , apartment ,2023-06-21
POL-203965,TG-101136,11692.0,Approved, apartment ,2024-03-21
POL-203966,,22351.0, approved ,Apartment,2023-10-10
POL-203967,TG-102680,7703.0,Pending,Apartment,2024-03-07
POL-203968,TG-105603,18892.0,Pending,Apartment,2023-11-03
POL-203969,TG-107421,8903.0,Approved,Townhouse,2024-05-10
POL-203970,TG-108578,16212.0, approved ,Townhouse,2025-03-12
POL-203971,,7188.0,Denied,Townhouse,2023-03-20
POL-203972,TG-100735,13452.0,Pending, apartment ,2024-01-05
POL-203973,TG-107638,14184.0, approved ,Townhouse,2023-09-15
POL-203974,TG-106836,24215.0, approved ,Condo,2023-09-10
POL-203975,TG-108311,20090.0, approved , apartment ,2025-01-08
POL-203976,TG-100748,9069.0,Denied, apartment ,2024-10-02
POL-203977,TG-109427,23203.0,Pending,Apartment,2024-05-22
POL-203978,TG-108952,17495.0,Denied,Condo,2024-08-31
POL-203979,TG-107540,24828.0,Denied,Townhouse,2024-09-23
POL-203980,TG-103061,18279.0,Approved,Condo,2023-07-20
POL-203981,TG-101816,20620.0, approved ,Townhouse,2024-04-13
POL-203982,TG-107487,17748.0,Pending,Apartment,2023-04-20
POL-203983,TG-104412,20381.0,Approved,Townhouse,2023-05-19
POL-203984,TG-108926,16623.0,Pending,Condo,2023-11-08
POL-203985,TG-100183,10724.0, approved ,Townhouse,2023-01-07
POL-203986,TG-106236,23045.0,Pending,Condo,2024-02-10
POL-203987,TG-107522,19073.0,Denied,Townhouse,2023-12-07
POL-203988,TG-106365,23416.0, approved ,Townhouse,2025-05-11
POL-203989,TG-100441,6896.0,Pending,Condo,2024-09-27
POL-203990,TG-103588,20493.0,Approved,Townhouse,2024-01-25
POL-203991,TG-100544,13832.0,Denied,Townhouse,2025-04-03
POL-203992,TG-101804,8943.0,Denied,Condo,2025-06-01
POL-203993,TG-104545,14153.0, approved ,Condo,2023-12-04
POL-203994,TG-101131,12656.0, approved , apartment ,2024-03-26
POL-203995,TG-107657,11072.0,Denied,Townhouse,2023-12-09
POL-203996,TG-107772,11499.0, approved ,Condo,2024-03-16
POL-203997,TG-102652,18604.0,Pending,Condo,2025-04-15
POL-203998,TG-109647,6020.0, approved ,Condo,2025-04-23
POL-203999,TG-101814,18799.0,Denied, apartment ,2025-05-30
POL-204000,TG-103111,20667.0,Pending, apartment ,2024-10-28
POL-204001,TG-109467,10640.0, approved , apartment ,2024-08-31
POL-204002,TG-101652,12714.0,Pending,Townhouse,2023-05-20
POL-204003,,22256.0,Approved,Condo,2023-11-04
POL-204004,TG-105918,12463.0, approved ,Townhouse,2023-11-25
POL-204005,TG-102063,7055.0,Pending,Apartment,2024-09-09
POL-204006,TG-109736,12310.0,Denied, apartment ,2024-12-12
POL-204007,TG-108081,12537.0, approved ,Townhouse,2023-07-25
POL-204008,TG-105166,12254.0,Approved,Apartment,2024-05-05
POL-204009,TG-108263,16504.0,Approved,Apartment,2023-11-18
POL-204010,TG-108007,14330.0,Pending,Apartment,2023-07-01
POL-204011,TG-106601,14572.0,Pending,Townhouse,2024-02-12
POL-204012,TG-108322,14227.0,Pending,Apartment,2023-11-23
POL-204013,TG-109050,12351.0,Pending,Apartment,2023-10-26
POL-204014,TG-103803,22335.0,Pending,Townhouse,2025-01-22
POL-204015,TG-108803,14177.0,Approved,Condo,2024-12-12
POL-204016,TG-109212,7105.0,Pending,Condo,2024-10-10
POL-204017,TG-108975,11027.0, approved ,Townhouse,2024-05-17
POL-204018,TG-101678,14469.0,Pending,Apartment,2024-08-12
POL-204019,TG-108775,7509.0,Approved, apartment ,2025-03-11
POL-204020,TG-100998,17864.0,Denied, apartment ,2023-09-06
POL-204021,TG-103760,17634.0, approved ,Condo,2023-11-30
POL-204022,TG-105070,11049.0,Denied, apartment ,2024-01-21
POL-204023,TG-100443,24655.0, approved ,Townhouse,2023-10-15
POL-204024,TG-100196,,Denied, apartment ,2025-04-16
POL-204025,TG-100069,24646.0,Pending,Apartment,2025-03-15
POL-204026,TG-105302,24264.0,Approved,Apartment,2024-02-07
POL-204027,TG-105764,8677.0,Denied, apartment ,2024-01-09
POL-204028,TG-103352,5088.0, approved ,Condo,2023-04-27
POL-204029,TG-107719,18853.0,Denied,Condo,2024-07-31
POL-204030,TG-108194,16353.0,Denied,Apartment,2023-07-24
POL-204031,TG-103763,13255.0,Pending,Townhouse,2024-08-29
POL-204032,TG-100209,18585.0,Denied,Townhouse,2024-07-12
POL-204033,TG-109279,19473.0,Denied, apartment ,2023-07-04
POL-204034,TG-101138,13966.0, approved ,Apartment,2024-11-29
POL-204035,TG-101975,24017.0, approved ,Condo,2025-02-25
POL-204036,TG-107068,5643.0, approved ,Townhouse,2024-07-17
POL-204037,TG-107738,23185.0, approved ,Townhouse,2023-01-28
POL-204038,TG-106654,21153.0,Pending,Condo,2025-01-14
POL-204039,TG-109982,11888.0, approved ,Condo,2024-04-17
POL-204040,TG-101319,19810.0,Approved, apartment ,2024-12-26
POL-204041,TG-101751,21764.0,Pending,Condo,2023-08-03
POL-204042,TG-106178,21095.0,Pending, apartment ,2024-03-24
POL-204043,TG-102542,23373.0,Denied, apartment ,2025-03-27
POL-204044,TG-104678,18734.0,Approved,Townhouse,2023-10-26
POL-204045,TG-102594,, approved , apartment ,2025-05-01
POL-204046,TG-107625,13598.0,Pending,Apartment,2024-12-10
POL-204047,TG-104836,15974.0, approved , apartment ,2023-03-12
POL-204048,TG-102707,10943.0,Approved,Townhouse,2025-04-18
POL-204049,TG-108235,20012.0,Pending, apartment ,2025-05-18
POL-204050,TG-104008,10252.0,Denied,Townhouse,2025-03-25
POL-204051,TG-107884,11789.0,Denied,Apartment,2025-03-25
POL-204052,TG-101926,9337.0, approved ,Apartment,2024-02-23
POL-204053,TG-100349,5715.0,Pending,Townhouse,2024-11-20
POL-204054,TG-102314,15400.0,Approved,Apartment,2024-05-26
POL-204055,TG-101548,24103.0,Pending,Apartment,2023-05-23
POL-204056,TG-100534,6571.0,Approved, apartment ,2024-10-10
POL-204057,TG-105403,10653.0, approved ,Townhouse,2023-11-07
POL-204058,TG-104496,10597.0,Denied,Condo,2023-09-05
POL-204059,TG-103758,5448.0, approved , apartment ,2023-09-16
POL-204060,TG-106055,16915.0, approved ,Condo,2024-11-05
POL-204061,TG-103667,15165.0,Approved,Condo,2023-06-07
POL-204062,TG-102949,18829.0,Denied,Townhouse,2025-01-02
POL-204063,TG-103481,8323.0,Denied,Townhouse,2024-03-09
POL-204064,TG-101710,14751.0, approved ,Apartment,2025-03-19
POL-204065,TG-106316,19246.0,Pending,Townhouse,2024-01-22
POL-204066,TG-109777,22303.0,Denied,Apartment,2023-03-17
POL-204067,TG-102316,19671.0,Approved,Condo,2024-04-04
POL-204068,TG-107205,17683.0, approved ,Condo,2024-09-04
POL-204069,TG-110008,12272.0, approved , apartment ,2024-05-05
POL-204070,TG-102015,8922.0, approved ,Apartment,2024-08-19
POL-204071,TG-105916,23962.0,Denied,Townhouse,2024-02-15
POL-204072,TG-108829,16190.0,Pending, apartment ,2024-07-01
POL-204073,TG-105922,6283.0,Denied, apartment ,2024-06-02
POL-204074,TG-106811,20181.0,Approved,Townhouse,2025-06-09
POL-204075,TG-100786,15835.0, approved , apartment ,2024-12-09
POL-204076,TG-100432,16583.0, approved ,Condo,2024-03-04
POL-204077,TG-108786,14860.0, approved ,Townhouse,2024-07-10
POL-204078,TG-103655,20782.0,Approved, apartment ,2023-02-07
POL-204079,TG-107437,5381.0, approved , apartment ,2025-03-20
POL-204080,TG-103426,7777.0,Approved,Condo,2024-01-04
POL-204081,TG-109863,13472.0, approved ,Condo,2024-12-19
POL-204082,TG-102175,20431.0, approved , apartment ,2025-04-11
POL-204083,TG-103555,17576.0,Approved,Apartment,2024-07-03
POL-204084,TG-100065,9775.0,Denied, apartment ,2024-08-31
POL-204085,TG-109919,14248.0,Pending, apartment ,2024-10-15
POL-204086,TG-101500,22432.0,Approved,Apartment,2023-03-29
POL-204087,TG-101479,16237.0, approved , apartment ,2023-04-22
POL-204088,TG-107170,17336.0,Pending, apartment ,2025-02-26
POL-204089,TG-101897,9800.0,Pending,Condo,2023-09-12
POL-204090,TG-102314,24237.0,Pending,Condo,2024-11-04
POL-204091,TG-104678,9134.0,Denied,Apartment,2024-11-11
POL-204092,TG-101830,7119.0,Denied, apartment ,2023-12-30
POL-204093,TG-109108,19640.0,Approved,Condo,2023-06-20
POL-204094,TG-104645,20133.0,Approved,Townhouse,2024-10-24
POL-204095,TG-100858,12891.0,Pending,Condo,2024-09-19
POL-204096,TG-109642,22500.0,Pending, apartment ,2023-02-15
POL-204097,TG-100643,5833.0,Denied, apartment ,2024-07-30
POL-204098,TG-108593,8790.0, approved ,Condo,2024-10-22
POL-204099,TG-107553,7525.0,Denied,Townhouse,2024-11-24
POL-204100,TG-104512,7160.0,Approved,Condo,2024-10-24
POL-204101,TG-103392,10563.0,Denied,Condo,2024-02-14
POL-204102,TG-105725,10545.0, approved ,Townhouse,2025-02-09
POL-204103,TG-102666,24461.0, approved ,Townhouse,2023-12-06
POL-204104,TG-107035,16859.0,Denied,Condo,2025-03-26
POL-204105,TG-109278,18635.0, approved ,Townhouse,2024-03-16
POL-204106,TG-108038,14818.0,Approved,Apartment,2023-04-19
POL-204107,TG-106616,22961.0,Pending,Condo,2023-01-11
POL-204108,TG-105977,17548.0,Pending,Condo,2023-04-11
POL-204109,TG-107198,11292.0,Pending,Condo,2023-09-22
POL-204110,TG-108399,7210.0,Denied,Apartment,2023-08-16
POL-204111,TG-109923,22270.0,Pending, apartment ,2024-06-06
POL-204112,TG-100154,19050.0,Approved,Condo,2025-02-03
POL-204113,TG-104408,8423.0,Approved,Townhouse,2024-06-15
POL-204114,TG-101165,13045.0,Pending,Apartment,2024-07-25
POL-204115,TG-105054,6305.0,Approved,Apartment,2024-08-17
POL-204116,TG-105199,5442.0,Pending,Apartment,2024-12-05
POL-204117,TG-107624,24076.0, approved ,Apartment,2024-08-12
POL-204118,TG-100221,15393.0,Denied,Apartment,2023-08-15
POL-204119,TG-107807,9643.0, approved ,Condo,2024-04-01
POL-204120,TG-109608,11662.0,Denied,Townhouse,2024-01-19
POL-204121,TG-106310,9327.0, approved ,Condo,2024-02-05
POL-204122,TG-105466,19938.0, approved ,Apartment,2024-04-19
POL-204123,TG-105638,23837.0, approved ,Apartment,2025-03-01
POL-204124,TG-101592,13967.0, approved ,Townhouse,2024-11-26
POL-204125,TG-106710,13857.0,Pending,Apartment,2024-08-25
POL-204126,TG-101670,6322.0,Pending,Apartment,2024-12-08
POL-204127,TG-103026,19995.0,Denied,Townhouse,2024-05-27
POL-204128,TG-104559,12495.0,Approved,Apartment,2023-06-04
POL-204129,TG-105236,6910.0,Denied,Apartment,2023-12-20
POL-204130,TG-109615,24314.0, approved ,Apartment,2023-01-26
POL-204131,TG-106958,8585.0,Denied, apartment ,2024-05-09
POL-204132,TG-102750,7542.0,Approved,Apartment,2023-04-18
POL-204133,TG-102780,16970.0,Approved,Townhouse,2023-10-30
POL-204134,TG-103174,6320.0,Denied, apartment ,2024-03-01
POL-204135,TG-101172,16058.0,Approved,Condo,2023-03-29
POL-204136,TG-109638,11163.0,Denied, apartment ,2023-04-29
POL-204137,TG-109884,18976.0,Approved,Condo,2025-05-01
POL-204138,TG-101039,7726.0, approved , apartment ,2025-01-17
POL-204139,TG-103500,16085.0,Approved,Townhouse,2023-05-26
POL-204140,TG-105732,23310.0, approved ,Townhouse,2023-12-23
POL-204141,TG-100031,18604.0,Denied,Apartment,2023-11-16
POL-204142,TG-105902,18429.0,Denied,Apartment,2023-12-18
POL-204143,TG-103212,5053.0,Approved,Condo,2024-04-11
POL-204144,TG-102676,19931.0,Denied,Townhouse,2025-03-14
POL-204145,TG-109529,23989.0,Pending,Apartment,2023-07-31
POL-204146,TG-102645,16615.0,Denied,Condo,2024-06-17
POL-204147,TG-106678,19617.0,Approved,Townhouse,2024-05-09
POL-204148,TG-104660,20205.0,Denied,Townhouse,2023-12-23
POL-204149,TG-104897,24103.0,Pending, apartment ,2024-05-02
POL-204150,TG-107724,22161.0,Approved,Condo,2023-04-10
POL-204151,TG-103487,18179.0,Pending,Townhouse,2024-03-24
POL-204152,TG-103941,5009.0, approved , apartment ,2025-01-09
POL-204153,TG-105966,11968.0,Approved, apartment ,2024-12-14
POL-204154,TG-109803,17563.0,Denied,Townhouse,2024-04-08
POL-204155,TG-109314,14623.0, approved ,Townhouse,2023-11-23
POL-204156,TG-104544,11489.0, approved ,Townhouse,2023-03-10
POL-204157,TG-109624,19266.0,Pending,Townhouse,2023-11-04
POL-204158,TG-102825,5989.0,Approved,Apartment,2023-02-15
POL-204159,TG-103360,7709.0,Approved,Apartment,2025-04-09
POL-204160,TG-108760,7092.0,Denied, apartment ,2024-12-28
POL-204161,TG-106782,22629.0,Pending,Apartment,2023-04-28
POL-204162,TG-101643,14979.0,Denied, apartment ,2023-01-24
POL-204163,TG-100647,18784.0, approved ,Townhouse,2025-05-19
POL-204164,TG-100677,19737.0, approved , apartment ,2023-12-18
POL-204165,TG-105659,13163.0, approved ,Condo,2024-10-25
POL-204166,TG-102375,21520.0,Denied,Condo,2023-04-22
POL-204167,TG-100257,5017.0, approved ,Condo,2024-11-24
POL-204168,TG-106936,18462.0,Denied, apartment ,2025-03-30
POL-204169,TG-106563,14355.0,Approved,Condo,2023-06-18
POL-204170,TG-105328,9170.0,Pending,Apartment,2025-01-28
POL-204171,TG-108958,5768.0,Denied, apartment ,2023-09-07
POL-204172,TG-106162,10312.0, approved ,Apartment,2024-06-12
POL-204173,TG-108284,24716.0,Denied, apartment ,2023-06-28
POL-204174,TG-108381,14670.0,Denied,Apartment,2024-07-19
POL-204175,TG-102300,16319.0,Pending,Townhouse,2023-06-13
POL-204176,TG-105586,7257.0,Denied,Townhouse,2023-12-05
POL-204177,TG-106884,11382.0,Pending,Townhouse,2024-07-27
POL-204178,TG-100227,14532.0,Pending,Townhouse,2024-03-12
POL-204179,TG-101674,14603.0,Approved,Townhouse,2024-04-18
POL-204180,TG-100776,19045.0,Approved,Townhouse,2023-08-26
POL-204181,TG-104212,22192.0, approved ,Condo,2025-03-27
POL-204182,TG-109828,24204.0,Approved, apartment ,2024-02-19
POL-204183,TG-104243,14640.0,Pending,Apartment,2024-10-06
POL-204184,TG-104276,24824.0,Pending, apartment ,2023-07-08
POL-204185,TG-104931,16972.0, approved ,Apartment,2023-07-10
POL-204186,TG-100137,9264.0, approved ,Apartment,2024-10-17
POL-204187,TG-109323,14444.0,Approved,Apartment,2024-11-04
POL-204188,TG-100491,, approved ,Apartment,2024-03-18
POL-204189,TG-106465,,Denied,Townhouse,2024-02-10
POL-204190,,8599.0, approved , apartment ,2023-01-30
POL-204191,TG-109654,10328.0,Pending,Townhouse,2025-01-25
POL-204192,TG-101582,18166.0, approved ,Condo,2024-09-20
POL-204193,TG-108257,16833.0,Denied,Townhouse,2023-07-22
POL-204194,TG-103791,11060.0,Denied,Condo,2024-04-05
POL-204195,TG-101390,17150.0,Denied,Apartment,2024-08-29
POL-204196,TG-109672,24490.0,Pending, apartment ,2024-03-15
POL-204197,TG-104525,14892.0,Approved,Apartment,2024-02-03
POL-204198,TG-103292,13751.0,Pending,Apartment,2023-01-05
POL-204199,TG-106982,7993.0,Pending, apartment ,2024-12-22
POL-204200,TG-105020,17413.0,Approved,Townhouse,2023-08-08
POL-204201,TG-109567,18857.0,Approved,Condo,2023-07-30
POL-204202,TG-105881,7045.0,Pending,Apartment,2023-10-13
POL-204203,TG-106734,13346.0,Pending,Condo,2025-02-09
POL-204204,TG-106688,6655.0, approved ,Apartment,2024-12-21
POL-204205,TG-106287,23135.0,Denied,Townhouse,2025-04-08
POL-204206,TG-106536,11548.0,Pending,Apartment,2025-03-26
POL-204207,TG-109835,7884.0,Denied,Townhouse,2023-03-06
POL-204208,TG-104041,6489.0,Approved,Townhouse,2024-08-14
POL-204209,TG-100182,6518.0,Pending,Apartment,2023-04-15
POL-204210,TG-108095,10822.0,Approved,Townhouse,2025-03-29
POL-204211,TG-103758,13364.0, approved ,Condo,2025-06-11
POL-204212,TG-106257,17266.0, approved , apartment ,2024-07-03
POL-204213,TG-105794,11417.0,Denied, apartment ,2023-07-11
POL-204214,TG-103085,16736.0,Denied,Townhouse,2024-01-10
POL-204215,TG-104352,20903.0, approved ,Condo,2023-11-30
POL-204216,TG-100562,6344.0, approved ,Townhouse,2023-07-21
POL-204217,TG-109803,20981.0, approved ,Townhouse,2024-04-13
POL-204218,TG-102549,17809.0,Denied, apartment ,2023-04-27
POL-204219,TG-104264,21125.0,Approved,Townhouse,2023-09-26
POL-204220,TG-109460,17255.0, approved ,Townhouse,2024-11-17
POL-204221,TG-102760,9563.0,Approved,Apartment,2025-06-02
POL-204222,TG-109400,22883.0,Denied, apartment ,2024-05-16
POL-204223,TG-107833,22718.0,Approved,Townhouse,2024-06-24
POL-204224,TG-105262,7447.0,Denied, apartment ,2024-10-16
POL-204225,TG-100254,17413.0,Denied,Townhouse,2023-11-17
POL-204226,TG-101655,12990.0,Pending,Townhouse,2024-09-03
POL-204227,TG-106735,18146.0, approved ,Condo,2024-02-02
POL-204228,TG-103977,19105.0,Approved,Apartment,2024-09-17
POL-204229,TG-106288,15073.0,Denied,Condo,2024-02-06
POL-204230,TG-100103,7009.0,Approved,Apartment,2024-08-24
POL-204231,TG-101801,19437.0,Approved,Apartment,2023-04-27
POL-204232,TG-107598,14411.0, approved ,Condo,2023-12-23
POL-204233,TG-107790,, approved ,Condo,2023-12-27
POL-204234,TG-101980,24379.0,Denied, apartment ,2025-05-15
POL-204235,TG-100903,5888.0,Denied,Condo,2024-04-13
POL-204236,TG-101222,17966.0,Denied,Townhouse,2024-09-24
POL-204237,TG-104449,24357.0,Denied,Apartment,2023-06-26
POL-204238,TG-103520,24164.0,Approved, apartment ,2025-04-13
POL-204239,TG-108239,8821.0,Pending,Condo,2024-11-20
POL-204240,TG-105955,7730.0,Pending, apartment ,2024-12-23
POL-204241,TG-107213,14412.0, approved ,Apartment,2025-03-30
POL-204242,TG-103310,19944.0,Approved,Condo,2023-11-01
POL-204243,TG-109019,19331.0,Denied,Townhouse,2024-09-21
POL-204244,TG-103100,12266.0,Pending,Condo,2024-08-27
POL-204245,TG-105139,16630.0,Pending,Townhouse,2023-03-28
POL-204246,TG-101052,8481.0, approved ,Townhouse,2024-11-19
POL-204247,TG-102063,14249.0,Denied,Condo,2023-05-18
POL-204248,TG-107651,23405.0, approved ,Apartment,2023-11-17
POL-204249,TG-102284,18018.0, approved , apartment ,2023-05-01
POL-204250,TG-103495,,Pending,Apartment,2023-09-02
POL-204251,TG-102040,13229.0,Approved, apartment ,2023-11-09
POL-204252,TG-102391,19984.0,Approved,Townhouse,2023-04-30
POL-204253,TG-102448,15297.0,Approved,Apartment,2023-07-07
POL-204254,TG-105095,19160.0,Denied,Townhouse,2024-01-18
POL-204255,TG-106728,15872.0, approved ,Condo,2024-12-11
POL-204256,TG-106291,24942.0,Approved,Townhouse,2023-05-25
POL-204257,TG-105805,18589.0, approved , apartment ,2024-06-07
POL-204258,TG-104521,7957.0,Denied,Apartment,2024-02-02
POL-204259,TG-105328,15955.0,Approved,Apartment,2024-03-04
POL-204260,TG-104382,23128.0,Pending,Apartment,2024-09-02
POL-204261,TG-103981,21921.0,Approved,Condo,2023-05-22
POL-204262,TG-106156,19425.0,Approved, apartment ,2024-08-11
POL-204263,TG-100348,14366.0, approved ,Apartment,2024-01-28
POL-204264,TG-100992,14166.0,Approved,Condo,2024-03-09
POL-204265,TG-104052,18581.0, approved ,Townhouse,2023-07-10
POL-204266,TG-105566,11506.0,Approved,Condo,2024-05-13
POL-204267,TG-101800,5770.0,Approved,Condo,2024-10-12
POL-204268,TG-107506,5364.0, approved , apartment ,2024-07-04
POL-204269,TG-106466,8752.0,Denied, apartment ,2024-12-11
POL-204270,TG-106687,15549.0,Denied, apartment ,2024-10-22
POL-204271,TG-108704,17804.0,Pending,Condo,2023-06-27
POL-204272,TG-109871,15625.0,Denied,Townhouse,2024-07-22
POL-204273,TG-106501,10770.0,Approved, apartment ,2023-06-20
POL-204274,TG-101132,15775.0, approved ,Townhouse,2024-05-16
POL-204275,TG-104511,13926.0, approved ,Townhouse,2023-10-23
POL-204276,TG-109665,16300.0, approved ,Condo,2023-05-24
POL-204277,TG-102638,7053.0,Denied,Condo,2023-07-11
POL-204278,TG-106391,14447.0,Approved,Condo,2023-11-19
POL-204279,TG-108196,16477.0,Approved,Apartment,2025-05-12
POL-204280,TG-100806,13698.0, approved , apartment ,2024-04-06
POL-204281,TG-103684,11858.0,Approved,Apartment,2024-09-26
POL-204282,TG-105761,24812.0,Pending,Townhouse,2023-02-24
POL-204283,TG-102068,24143.0,Denied, apartment ,2025-06-05
POL-204284,TG-103958,14574.0,Approved,Townhouse,2024-01-03
POL-204285,TG-109174,17666.0, approved , apartment ,2023-01-10
POL-204286,TG-105938,24414.0,Denied,Condo,2024-05-11
POL-204287,TG-101186,13511.0, approved ,Apartment,2023-05-20
POL-204288,TG-104644,22862.0,Approved, apartment ,2023-07-19
POL-204289,TG-100657,20589.0,Approved,Apartment,2025-04-14
POL-204290,TG-109861,12021.0, approved ,Apartment,2024-01-29
POL-204291,TG-108777,6240.0,Denied,Apartment,2024-07-29
POL-204292,TG-102358,11044.0,Approved,Apartment,2024-06-01
POL-204293,TG-100043,18490.0,Pending, apartment ,2024-10-30
POL-204294,TG-105946,8305.0,Denied, apartment ,2024-05-21
POL-204295,TG-101273,, approved , apartment ,2024-02-23
POL-204296,TG-108656,6723.0,Pending,Condo,2024-12-02
POL-204297,TG-103996,22998.0,Approved, apartment ,2024-05-18
POL-204298,TG-109442,5893.0,Approved,Townhouse,2024-03-01
POL-204299,TG-105620,6599.0, approved ,Condo,2024-12-28
POL-204300,TG-104984,, approved ,Apartment,2025-05-10
POL-204301,TG-103209,23740.0, approved , apartment ,2024-03-30
POL-204302,TG-107118,5504.0,Pending,Townhouse,2024-05-15
POL-204303,TG-103034,15410.0,Approved,Apartment,2023-06-21
POL-204304,TG-104421,18710.0,Denied, apartment ,2023-03-26
POL-204305,TG-107409,20522.0,Denied,Townhouse,2024-08-01
POL-204306,TG-107243,9297.0,Pending,Apartment,2023-02-01
POL-204307,TG-101096,15573.0,Denied, apartment ,2025-03-25
POL-204308,TG-109548,18020.0,Approved,Condo,2025-02-18
POL-204309,TG-108977,13850.0,Denied,Apartment,2023-08-14
POL-204310,TG-100124,16071.0,Pending,Townhouse,2023-10-27
POL-204311,TG-107316,16486.0,Pending,Townhouse,2023-02-03
POL-204312,TG-102999,5219.0,Approved, apartment ,2023-10-09
POL-204313,TG-102360,12499.0,Pending,Townhouse,2023-08-19
POL-204314,TG-104912,5873.0,Denied,Apartment,2024-07-04
POL-204315,TG-107803,11891.0,Approved,Apartment,2023-10-23
POL-204316,TG-107813,6663.0, approved ,Condo,2023-06-22
POL-204317,TG-103845,6588.0,Denied,Apartment,2025-03-10
POL-204318,TG-109424,15941.0,Approved, apartment ,2024-04-13
POL-204319,TG-107410,7653.0,Approved,Apartment,2024-08-02
POL-204320,TG-101053,15887.0,Approved,Townhouse,2025-01-30
POL-204321,TG-105430,19494.0,Approved, apartment ,2025-03-02
POL-204322,TG-100010,21897.0,Denied, apartment ,2025-02-23
POL-204323,TG-105656,20624.0,Approved,Townhouse,2024-05-22
POL-204324,TG-103954,19465.0,Approved,Apartment,2024-07-16
POL-204325,TG-109160,7201.0,Approved,Townhouse,2024-06-07
POL-204326,TG-101112,22621.0, approved ,Apartment,2023-04-26
POL-204327,TG-100647,22548.0,Denied,Apartment,2024-08-09
POL-204328,TG-107129,15932.0, approved ,Apartment,2023-04-27
POL-204329,TG-102917,11353.0,Pending,Apartment,2023-10-02
POL-204330,TG-104083,5635.0,Pending,Apartment,2025-03-04
POL-204331,TG-103157,18511.0,Pending,Apartment,2024-07-10
POL-204332,TG-105780,13492.0,Approved, apartment ,2025-04-23
POL-204333,TG-106829,11645.0,Pending,Townhouse,2024-01-11
POL-204334,TG-109123,6065.0,Approved, apartment ,2024-07-09
POL-204335,TG-108329,12468.0,Approved,Condo,2025-04-22
POL-204336,TG-100858,10875.0,Approved,Condo,2025-02-13
POL-204337,TG-106416,15240.0,Denied,Townhouse,2023-02-12
POL-204338,TG-107804,20288.0,Denied, apartment ,2025-02-17
POL-204339,TG-107880,23950.0,Pending,Condo,2025-01-06
POL-204340,TG-105897,6729.0,Pending, apartment ,2024-03-27
POL-204341,TG-108906,6286.0,Pending,Condo,2024-07-13
POL-204342,TG-104814,13708.0,Denied,Apartment,2023-08-12
POL-204343,TG-107105,6018.0,Denied,Townhouse,2024-03-11
POL-204344,TG-110000,17799.0,Denied, apartment ,2023-04-15
POL-204345,TG-101226,13767.0,Denied, apartment ,2025-01-23
POL-204346,TG-109194,14266.0,Denied, apartment ,2025-04-29
POL-204347,TG-103685,16251.0,Pending,Condo,2024-10-31
POL-204348,TG-110015,12854.0,Pending,Townhouse,2025-02-08
POL-204349,TG-103524,9391.0, approved ,Apartment,2023-09-11
POL-204350,TG-105421,, approved ,Condo,2023-11-01
POL-204351,TG-108431,21117.0,Approved,Condo,2025-06-14
POL-204352,TG-101581,22746.0, approved , apartment ,2023-02-03
POL-204353,TG-107025,21859.0,Pending,Condo,2024-04-05
POL-204354,TG-105249,5504.0, approved ,Apartment,2023-09-27
POL-204355,TG-105467,16424.0, approved ,Townhouse,2023-12-23
POL-204356,TG-107800,5262.0,Denied,Condo,2025-06-01
POL-204357,TG-106652,20773.0,Pending,Condo,2025-04-16
POL-204358,TG-105687,5785.0, approved , apartment ,2023-03-31
POL-204359,TG-103120,21139.0, approved ,Condo,2024-03-25
POL-204360,TG-101532,18808.0, approved ,Townhouse,2025-06-05
POL-204361,TG-102397,23125.0,Approved,Apartment,2023-05-01
POL-204362,TG-107834,23688.0,Denied,Condo,2025-03-05
POL-204363,TG-103851,17622.0,Approved,Apartment,2025-04-11
POL-204364,TG-107171,12459.0,Pending,Condo,2023-08-31
POL-204365,TG-104787,7381.0,Pending, apartment ,2023-08-03
POL-204366,TG-104920,18194.0,Denied,Condo,2025-04-10
POL-204367,TG-103830,5948.0,Denied, apartment ,2025-01-25
POL-204368,TG-101329,18071.0,Approved,Townhouse,2024-08-25
POL-204369,TG-104375,5822.0,Denied, apartment ,2024-12-06
POL-204370,TG-108099,21385.0, approved ,Townhouse,2023-12-26
POL-204371,TG-109140,13451.0,Pending,Townhouse,2025-05-31
POL-204372,TG-106928,7340.0, approved ,Apartment,2024-12-28
POL-204373,TG-106709,24575.0,Approved,Condo,2024-09-16
POL-204374,TG-100054,24656.0,Denied, apartment ,2024-10-09
POL-204375,TG-100363,23109.0,Approved,Townhouse,2024-03-14
POL-204376,TG-103005,10997.0,Approved,Condo,2023-06-19
POL-204377,TG-100954,15917.0,Approved,Townhouse,2024-09-22
POL-204378,TG-109163,10683.0,Denied, apartment ,2023-05-23
POL-204379,TG-100901,23278.0,Pending, apartment ,2025-03-14
POL-204380,TG-103487,13221.0,Approved, apartment ,2023-07-31
POL-204381,TG-107809,8966.0, approved ,Condo,2025-04-13
POL-204382,TG-100634,12257.0,Pending,Condo,2023-07-31
POL-204383,TG-108847,22578.0, approved , apartment ,2025-04-04
POL-204384,TG-101388,7589.0, approved , apartment ,2023-03-02
POL-204385,TG-106838,14936.0, approved , apartment ,2024-08-06
POL-204386,,8819.0,Approved,Apartment,2023-12-26
POL-204387,TG-100090,6560.0,Approved,Condo,2024-06-29
POL-204388,TG-104163,17895.0, approved ,Condo,2023-10-15
POL-204389,TG-101179,16511.0,Approved,Condo,2024-09-03
POL-204390,TG-107759,19579.0,Approved,Townhouse,2024-07-05
POL-204391,TG-104361,22483.0, approved ,Condo,2023-06-22
POL-204392,TG-103324,8438.0, approved ,Apartment,2023-11-28
POL-204393,TG-104796,21574.0, approved ,Apartment,2024-12-21
POL-204394,TG-109553,18863.0, approved ,Townhouse,2023-10-27
POL-204395,TG-107906,10427.0,Pending,Condo,2023-10-24
POL-204396,TG-103779,15082.0, approved ,Apartment,2024-08-09
POL-204397,TG-102874,18228.0,Approved,Townhouse,2023-10-01
POL-204398,TG-103235,19021.0,Denied,Townhouse,2025-05-28
POL-204399,TG-106882,22469.0,Approved,Apartment,2024-06-10
POL-204400,TG-108998,10065.0,Denied,Apartment,2024-11-26
POL-204401,TG-109204,18107.0,Pending,Townhouse,2025-04-14
POL-204402,TG-101060,24622.0,Denied,Townhouse,2023-04-08
POL-204403,TG-106100,6899.0, approved , apartment ,2023-05-19
POL-204404,,24333.0,Approved,Apartment,2025-02-07
POL-204405,TG-103874,20572.0,Pending,Townhouse,2025-03-15
POL-204406,TG-105359,22353.0,Denied,Townhouse,2024-02-26
POL-204407,TG-105216,14209.0,Pending,Apartment,2023-03-02
POL-204408,TG-105553,23021.0,Approved,Apartment,2023-10-11
POL-204409,TG-102654,24659.0,Denied, apartment ,2025-06-06
POL-204410,TG-109301,9079.0,Denied,Apartment,2024-11-02
POL-204411,TG-107224,19875.0,Approved, apartment ,2023-05-10
POL-204412,TG-108837,13645.0, approved ,Townhouse,2024-12-19
POL-204413,TG-101218,6529.0, approved ,Condo,2025-06-05
POL-204414,TG-105524,13929.0,Denied,Townhouse,2023-05-16
POL-204415,TG-103470,23313.0,Denied,Townhouse,2023-09-13
POL-204416,TG-109136,20927.0,Denied,Apartment,2023-05-30
POL-204417,TG-105881,5153.0,Approved,Townhouse,2024-12-29
POL-204418,TG-101641,6967.0,Denied,Apartment,2023-11-26
POL-204419,TG-107758,5046.0,Approved,Condo,2025-04-28
POL-204420,TG-107345,10859.0, approved , apartment ,2023-09-11
POL-204421,TG-109646,13295.0,Denied,Apartment,2025-02-18
POL-204422,TG-102756,5233.0,Approved,Apartment,2025-05-13
POL-204423,TG-104648,21549.0,Denied, apartment ,2024-11-23
POL-204424,TG-109299,10492.0,Denied,Apartment,2024-02-07
POL-204425,TG-100277,15172.0,Denied,Apartment,2024-05-16
POL-204426,TG-106392,14400.0,Pending,Apartment,2023-05-26
POL-204427,TG-100602,20137.0,Approved, apartment ,2024-08-14
POL-204428,TG-106604,8956.0,Pending,Condo,2024-10-09
POL-204429,TG-107925,7518.0,Denied, apartment ,2023-10-03
POL-204430,TG-100957,20958.0,Approved, apartment ,2024-10-04
POL-204431,TG-109161,13300.0,Pending, apartment ,2024-02-29
POL-204432,TG-101402,14351.0, approved ,Townhouse,2024-01-20
POL-204433,TG-103674,17616.0,Denied,Townhouse,2024-04-07
POL-204434,TG-102135,12065.0,Denied,Apartment,2023-03-19
POL-204435,TG-106464,16848.0,Denied,Apartment,2024-10-10
POL-204436,TG-108986,7534.0,Pending,Townhouse,2025-03-24
POL-204437,TG-102695,18523.0, approved , apartment ,2025-02-26
POL-204438,TG-101872,,Approved, apartment ,2023-04-06
POL-204439,TG-106120,10581.0, approved ,Condo,2024-02-17
POL-204440,TG-102075,12293.0,Denied,Apartment,2024-06-11
POL-204441,TG-108666,9497.0, approved ,Apartment,2025-02-06
POL-204442,TG-103552,18945.0,Approved,Condo,2023-10-12
POL-204443,,10983.0, approved ,Apartment,2024-12-12
POL-204444,TG-104503,,Denied,Townhouse,2025-06-17
POL-204445,TG-102687,13188.0,Approved,Apartment,2024-01-13
POL-204446,TG-108337,8606.0, approved ,Apartment,2024-04-10
POL-204447,TG-101148,10477.0,Denied,Apartment,2024-05-14
POL-204448,TG-107977,15766.0,Pending,Condo,2023-12-02
POL-204449,TG-104814,8531.0,Denied,Townhouse,2024-08-18
POL-204450,TG-105721,19433.0,Pending, apartment ,2023-01-03
POL-204451,TG-108652,5662.0,Denied,Condo,2025-06-08
POL-204452,TG-106409,8002.0, approved ,Apartment,2025-03-03
POL-204453,TG-109593,20735.0,Approved, apartment ,2025-05-17
POL-204454,TG-100228,19047.0,Denied,Condo,2025-01-20
POL-204455,TG-101387,14837.0, approved , apartment ,2023-04-06
POL-204456,TG-104513,23536.0,Denied,Townhouse,2025-01-18
POL-204457,TG-106641,10433.0, approved ,Apartment,2024-04-14
POL-204458,TG-101452,14881.0,Approved, apartment ,2024-10-12
POL-204459,TG-109330,12088.0,Denied,Condo,2024-11-11
POL-204460,TG-101630,15543.0,Approved, apartment ,2024-12-15
POL-204461,TG-103081,21719.0,Pending,Townhouse,2024-01-02
POL-204462,TG-106348,14375.0,Denied,Apartment,2025-05-20
POL-204463,TG-100210,16834.0,Approved, apartment ,2023-03-06
POL-204464,TG-104464,21179.0,Approved, apartment ,2025-03-25
POL-204465,TG-109998,11037.0,Pending,Apartment,2024-07-01
POL-204466,TG-107234,15327.0,Pending,Apartment,2024-02-12
POL-204467,TG-107171,7780.0,Denied,Condo,2023-08-12
POL-204468,TG-107836,23215.0,Approved,Apartment,2024-03-15
POL-204469,TG-102069,17343.0,Denied, apartment ,2025-04-24
POL-204470,TG-103921,13979.0, approved ,Condo,2023-08-05
POL-204471,TG-107617,13716.0,Denied,Apartment,2024-05-21
POL-204472,TG-108363,5452.0, approved ,Apartment,2023-10-02
POL-204473,TG-104491,21229.0,Pending,Townhouse,2023-11-27
POL-204474,TG-105624,19161.0,Approved,Townhouse,2025-04-28
POL-204475,TG-103432,14711.0, approved ,Townhouse,2023-10-18
POL-204476,TG-101663,7589.0, approved ,Townhouse,2023-12-12
POL-204477,TG-104953,24819.0, approved ,Condo,2024-07-14
POL-204478,TG-107688,10086.0, approved ,Townhouse,2024-08-14
POL-204479,TG-101378,16191.0,Pending, apartment ,2023-05-14
POL-204480,TG-109012,11798.0, approved ,Townhouse,2024-08-02
POL-204481,TG-109653,18010.0, approved ,Townhouse,2025-05-22
POL-204482,TG-108552,21365.0,Approved,Townhouse,2024-05-11
POL-204483,TG-109896,20183.0,Denied,Townhouse,2025-03-18
POL-204484,TG-108797,18701.0,Approved,Townhouse,2023-12-18
POL-204485,TG-103816,13636.0,Pending,Apartment,2024-11-29
POL-204486,TG-107330,11671.0,Pending, apartment ,2025-02-19
POL-204487,TG-106969,10110.0,Approved,Apartment,2023-02-19
POL-204488,TG-106272,,Approved,Townhouse,2023-02-17
POL-204489,TG-102568,9661.0, approved ,Apartment,2023-04-12
POL-204490,TG-106521,11507.0,Approved,Condo,2024-10-03
POL-204491,TG-104400,23112.0,Approved,Apartment,2025-03-13
POL-204492,TG-105443,13644.0,Denied, apartment ,2025-05-06
POL-204493,TG-100429,20243.0,Denied, apartment ,2024-04-15
POL-204494,TG-103671,15223.0,Denied, apartment ,2023-01-17
POL-204495,TG-107588,8109.0,Denied,Apartment,2023-05-08
POL-204496,TG-100363,21915.0,Pending,Condo,2025-05-28
POL-204497,TG-102380,23802.0,Approved,Condo,2023-06-11
POL-204498,TG-101682,8910.0, approved ,Apartment,2024-03-27
POL-204499,TG-104080,22885.0,Approved,Apartment,2024-04-12
POL-204500,TG-100080,15283.0,Denied,Condo,2023-01-01
POL-204501,TG-104883,7559.0,Pending,Apartment,2024-03-14
POL-204502,TG-101446,10682.0,Pending,Townhouse,2023-07-27
POL-204503,TG-109463,7514.0,Pending,Condo,2024-12-06
POL-204504,TG-104551,18170.0,Approved,Townhouse,2023-05-16
POL-204505,TG-101684,23875.0,Approved,Townhouse,2024-10-27
POL-204506,TG-101077,17400.0,Denied,Apartment,2023-11-06
POL-204507,TG-109853,6974.0,Pending,Townhouse,2023-06-12
POL-204508,TG-107049,6088.0,Pending,Condo,2025-06-14
POL-204509,TG-102992,20704.0,Denied,Condo,2025-06-16
POL-204510,TG-108704,15230.0,Approved,Condo,2023-10-08
POL-204511,TG-102079,6890.0,Approved,Apartment,2023-04-06
POL-204512,TG-102007,23011.0,Denied,Condo,2024-11-01
POL-204513,TG-101307,16732.0,Pending,Apartment,2024-01-05
POL-204514,TG-101447,20423.0, approved ,Apartment,2023-09-14
POL-204515,TG-103226,15012.0, approved , apartment ,2023-03-26
POL-204516,TG-109486,10984.0, approved ,Apartment,2024-01-16
POL-204517,TG-102748,8673.0,Denied,Apartment,2024-11-11
POL-204518,TG-105592,22270.0,Pending,Apartment,2024-10-26
POL-204519,TG-100445,16637.0,Pending,Condo,2023-06-19
POL-204520,TG-107933,14091.0, approved ,Condo,2023-02-23
POL-204521,TG-101014,22993.0,Denied,Townhouse,2024-02-10
POL-204522,TG-106377,8347.0,Denied,Townhouse,2024-10-02
POL-204523,TG-107299,24569.0,Pending, apartment ,2023-11-09
POL-204524,TG-102982,19558.0,Pending,Townhouse,2025-01-13
POL-204525,TG-107706,8617.0, approved ,Condo,2024-12-17
POL-204526,TG-102206,17362.0, approved ,Condo,2025-02-12
POL-204527,TG-108754,21666.0,Denied, apartment ,2023-08-28
POL-204528,TG-106250,14094.0,Pending, apartment ,2024-03-15
POL-204529,TG-104009,22166.0,Pending,Townhouse,2024-11-02
POL-204530,TG-102750,8517.0,Pending,Townhouse,2023-04-04
POL-204531,TG-105207,19902.0,Denied,Townhouse,2024-12-21
POL-204532,TG-106608,11730.0,Pending,Apartment,2023-04-08
POL-204533,TG-101382,10633.0,Pending,Townhouse,2023-01-02
POL-204534,TG-103462,,Approved, apartment ,2023-08-07
POL-204535,TG-108885,24688.0, approved ,Apartment,2024-05-03
POL-204536,TG-107930,11764.0,Denied,Apartment,2023-03-21
POL-204537,TG-106112,14398.0,Denied,Apartment,2023-05-16
POL-204538,TG-109671,22512.0,Pending, apartment ,2024-08-30
POL-204539,TG-102409,11337.0,Approved, apartment ,2023-08-20
POL-204540,TG-101436,13213.0,Denied,Condo,2024-06-15
POL-204541,TG-108353,22661.0,Pending,Condo,2024-11-27
POL-204542,TG-109652,18385.0, approved ,Apartment,2024-03-31
POL-204543,TG-102215,24299.0,Pending, apartment ,2023-01-10
POL-204544,TG-103257,23975.0, approved , apartment ,2023-01-09
POL-204545,TG-107763,21972.0,Pending, apartment ,2024-12-13
POL-204546,TG-108165,16649.0,Approved, apartment ,2023-12-18
POL-204547,TG-106812,24945.0,Approved,Townhouse,2025-04-16
POL-204548,TG-105375,21966.0,Approved,Apartment,2023-05-04
POL-204549,TG-102515,17090.0,Denied,Townhouse,2025-05-30
POL-204550,TG-104468,19200.0,Denied,Condo,2024-03-08
POL-204551,TG-104058,13223.0,Denied,Townhouse,2024-12-11
POL-204552,TG-105381,24452.0,Approved,Condo,2023-05-16
POL-204553,TG-109069,23787.0,Denied,Townhouse,2024-05-04
POL-204554,TG-100518,8484.0,Approved,Apartment,2023-03-14
POL-204555,TG-101125,23726.0,Approved,Townhouse,2023-08-23
POL-204556,TG-106051,22577.0,Pending,Townhouse,2024-01-28
POL-204557,TG-100477,23551.0,Pending, apartment ,2023-04-02
POL-204558,TG-108213,11627.0,Pending,Condo,2025-01-18
POL-204559,TG-107465,18850.0,Pending,Townhouse,2025-04-05
POL-204560,TG-107763,8702.0, approved ,Townhouse,2023-04-15
POL-204561,TG-105407,20065.0,Approved, apartment ,2023-04-16
POL-204562,TG-103717,16106.0,Pending,Townhouse,2023-11-17
POL-204563,TG-101643,16995.0,Pending,Townhouse,2024-01-12
POL-204564,TG-107836,22502.0,Approved,Townhouse,2023-11-03
POL-204565,TG-106048,10113.0,Denied,Condo,2023-05-21
POL-204566,TG-105504,8325.0,Denied, apartment ,2024-01-27
POL-204567,TG-105063,22340.0, approved ,Townhouse,2025-03-03
POL-204568,TG-107500,18752.0, approved ,Condo,2025-04-12
POL-204569,TG-103236,21715.0,Denied, apartment ,2025-02-10
POL-204570,TG-108041,23340.0,Denied, apartment ,2025-06-14
POL-204571,TG-103186,6904.0,Denied,Townhouse,2023-05-17
POL-204572,TG-108937,15897.0,Denied,Condo,2024-10-18
POL-204573,,7273.0, approved ,Condo,2024-11-24
POL-204574,TG-102472,5597.0,Approved,Apartment,2023-05-27
POL-204575,TG-101881,23863.0,Pending,Townhouse,2023-03-12
POL-204576,TG-108807,23728.0,Pending,Townhouse,2024-06-27
POL-204577,TG-108361,9002.0,Denied, apartment ,2024-07-30
POL-204578,TG-106743,17705.0, approved ,Apartment,2023-01-09
POL-204579,TG-101154,18516.0,Pending,Townhouse,2024-09-16
POL-204580,TG-100012,15562.0, approved ,Apartment,2024-10-27
POL-204581,TG-108640,5058.0, approved ,Townhouse,2023-06-18
POL-204582,TG-100225,20674.0,Denied, apartment ,2024-03-26
POL-204583,TG-107798,11199.0,Pending,Apartment,2023-12-26
POL-204584,TG-107967,14698.0,Approved,Apartment,2025-01-09
POL-204585,TG-109484,22129.0, approved ,Apartment,2023-08-07
POL-204586,TG-103649,7040.0,Denied,Apartment,2024-10-05
POL-204587,TG-105012,8844.0,Approved, apartment ,2025-02-05
POL-204588,TG-105518,,Pending,Apartment,2023-06-05
POL-204589,TG-102446,21631.0,Approved,Condo,2024-02-26
POL-204590,TG-103436,7710.0,Approved,Apartment,2024-09-22
POL-204591,TG-103336,18931.0, approved ,Townhouse,2024-12-04
POL-204592,TG-102123,18126.0,Denied,Townhouse,2024-03-29
POL-204593,TG-108774,12131.0,Denied, apartment ,2025-05-30
POL-204594,TG-103860,6438.0,Approved,Townhouse,2023-08-11
POL-204595,TG-102952,24304.0,Pending,Condo,2023-03-30
POL-204596,TG-109793,9745.0,Pending,Condo,2023-04-13
POL-204597,TG-105377,14698.0,Pending,Townhouse,2023-05-24
POL-204598,TG-101335,10016.0,Denied, apartment ,2025-02-09
POL-204599,TG-108172,15161.0,Denied,Townhouse,2023-05-07
POL-204600,TG-100884,20365.0,Denied,Townhouse,2024-08-26
POL-204601,TG-107630,16941.0,Denied,Townhouse,2025-01-17
POL-204602,TG-108290,22956.0,Denied,Apartment,2024-01-29
POL-204603,TG-101221,10612.0,Pending,Apartment,2023-12-26
POL-204604,TG-101466,21094.0,Approved, apartment ,2024-03-15
POL-204605,TG-106982,8841.0, approved ,Apartment,2023-11-19
POL-204606,TG-107554,23603.0,Denied,Condo,2025-03-21
POL-204607,TG-103233,14792.0, approved ,Condo,2023-05-24
POL-204608,TG-102524,19040.0, approved ,Apartment,2023-09-11
POL-204609,TG-109874,15343.0, approved , apartment ,2023-10-11
POL-204610,TG-108838,7236.0, approved ,Condo,2024-10-22
POL-204611,TG-105994,5337.0,Pending,Condo,2023-03-28
POL-204612,TG-101418,12775.0,Pending,Apartment,2023-09-12
POL-204613,TG-101854,9056.0, approved , apartment ,2024-07-20
POL-204614,TG-105372,16905.0,Pending,Apartment,2024-09-07
POL-204615,TG-103522,11430.0, approved ,Apartment,2024-09-06
POL-204616,TG-102743,22695.0,Denied,Apartment,2025-01-08
POL-204617,TG-108806,14364.0,Pending,Apartment,2024-09-14
POL-204618,TG-108618,21364.0,Pending, apartment ,2023-10-19
POL-204619,TG-107607,22928.0,Pending, apartment ,2025-03-08
POL-204620,TG-106123,22782.0,Denied,Townhouse,2024-12-08
POL-204621,TG-105932,13975.0, approved ,Apartment,2023-01-28
POL-204622,TG-109087,14486.0,Approved,Apartment,2025-05-18
POL-204623,TG-101723,12063.0,Approved,Apartment,2025-05-17
POL-204624,TG-109376,23739.0,Approved,Apartment,2024-11-05
POL-204625,TG-102075,21622.0,Pending,Apartment,2025-06-15
POL-204626,TG-108806,11351.0,Denied,Apartment,2023-11-05
POL-204627,TG-105235,5938.0,Denied,Apartment,2023-07-30
POL-204628,TG-101759,23969.0,Pending, apartment ,2024-06-14
POL-204629,TG-102559,6314.0,Denied, apartment ,2024-09-13
POL-204630,TG-105410,5665.0,Denied, apartment ,2024-06-05
POL-204631,TG-100041,11371.0,Approved,Townhouse,2023-07-13
POL-204632,TG-102276,23882.0,Pending,Apartment,2025-02-04
POL-204633,TG-101723,23799.0,Pending,Apartment,2024-02-06
POL-204634,TG-101945,14478.0,Approved,Apartment,2023-10-30
POL-204635,TG-100144,19518.0,Approved,Townhouse,2024-10-23
POL-204636,TG-100752,11034.0,Denied, apartment ,2023-02-25
POL-204637,TG-108136,,Denied,Condo,2025-03-13
POL-204638,TG-107046,23390.0,Approved, apartment ,2025-03-23
POL-204639,TG-107232,10509.0,Approved,Apartment,2023-09-03
POL-204640,TG-107295,16847.0,Pending,Townhouse,2024-05-21
POL-204641,TG-105683,18275.0,Pending, apartment ,2024-01-31
POL-204642,TG-104327,11461.0, approved ,Townhouse,2023-04-26
POL-204643,TG-104807,20046.0,Approved, apartment ,2023-09-04
POL-204644,TG-102937,12100.0,Approved,Townhouse,2024-05-26
POL-204645,TG-103255,6881.0,Denied,Condo,2024-10-15
POL-204646,TG-109233,14710.0, approved , apartment ,2024-08-31
POL-204647,TG-106462,20570.0, approved ,Townhouse,2023-03-14
POL-204648,TG-108271,5730.0,Pending, apartment ,2024-06-24
POL-204649,TG-102930,22740.0,Approved,Townhouse,2023-01-13
POL-204650,TG-108121,18524.0,Approved, apartment ,2024-01-05
POL-204651,TG-106367,24582.0, approved ,Townhouse,2023-11-21
POL-204652,TG-101453,15115.0,Pending,Apartment,2023-05-16
POL-204653,TG-108021,22607.0,Approved,Apartment,2024-02-01
POL-204654,TG-100538,22934.0,Pending,Townhouse,2025-05-31
POL-204655,TG-105989,5568.0,Denied,Apartment,2025-05-09
POL-204656,TG-108875,16507.0,Pending, apartment ,2024-08-05
POL-204657,TG-106109,7054.0,Denied, apartment ,2024-03-06
POL-204658,TG-105152,22349.0,Denied, apartment ,2024-01-10
POL-204659,TG-101148,21447.0, approved ,Apartment,2024-07-13
POL-204660,TG-104789,22202.0,Denied, apartment ,2024-11-30
POL-204661,TG-106149,5786.0, approved ,Apartment,2023-06-26
POL-204662,TG-102814,9659.0,Denied,Condo,2025-02-20
POL-204663,TG-106203,10886.0, approved , apartment ,2024-04-27
POL-204664,TG-103517,9922.0, approved ,Townhouse,2025-02-27
POL-204665,TG-108651,10238.0,Pending,Condo,2023-03-16
POL-204666,TG-108485,14606.0,Pending, apartment ,2023-01-18
POL-204667,TG-105518,11884.0, approved ,Townhouse,2024-08-24
POL-204668,TG-101182,8586.0,Denied,Apartment,2023-03-11
POL-204669,TG-107281,13788.0,Approved,Townhouse,2023-01-15
POL-204670,TG-109628,16357.0,Denied,Apartment,2023-09-26
POL-204671,TG-104079,8985.0, approved ,Townhouse,2023-08-09
POL-204672,TG-104938,5441.0,Denied, apartment ,2023-02-10
POL-204673,TG-107165,17111.0,Denied,Townhouse,2023-03-03
POL-204674,TG-106600,12760.0, approved ,Townhouse,2025-03-19
POL-204675,TG-108847,11682.0, approved , apartment ,2024-02-12
POL-204676,,19025.0,Approved,Townhouse,2024-06-02
POL-204677,TG-103928,8645.0,Approved,Apartment,2023-10-21
POL-204678,TG-104657,11862.0,Denied, apartment ,2024-10-05
POL-204679,TG-105823,8849.0, approved ,Condo,2024-12-30
POL-204680,TG-100632,15604.0,Pending, apartment ,2024-05-28
POL-204681,TG-104070,11398.0,Approved,Condo,2025-02-24
POL-204682,TG-106284,7735.0,Approved,Townhouse,2024-03-01
POL-204683,TG-106109,20432.0,Denied,Apartment,2024-03-09
POL-204684,TG-107675,17140.0, approved ,Condo,2024-12-19
POL-204685,TG-102013,15605.0,Pending,Townhouse,2024-02-16
POL-204686,TG-103645,7205.0, approved , apartment ,2023-03-26
POL-204687,TG-109189,21464.0,Pending,Condo,2024-10-17
POL-204688,TG-100208,13245.0, approved , apartment ,2024-07-03
POL-204689,TG-106670,15463.0,Pending,Apartment,2024-07-04
POL-204690,TG-102225,19240.0,Approved,Apartment,2024-09-22
POL-204691,TG-108543,7831.0,Approved, apartment ,2023-06-06
POL-204692,TG-108151,10458.0,Denied,Condo,2023-10-12
POL-204693,TG-105314,6842.0,Denied,Condo,2023-03-27
POL-204694,TG-104467,11147.0,Approved, apartment ,2023-11-14
POL-204695,TG-108876,16908.0,Pending,Townhouse,2023-03-22
POL-204696,TG-109235,18349.0, approved , apartment ,2024-06-07
POL-204697,TG-107444,24335.0,Pending,Townhouse,2023-07-28
POL-204698,TG-107563,19649.0,Approved,Apartment,2025-04-07
POL-204699,TG-102147,10863.0,Approved,Condo,2023-06-09
POL-204700,TG-106507,11039.0,Denied, apartment ,2024-07-03
POL-204701,TG-101620,18342.0,Pending, apartment ,2023-12-01
POL-204702,TG-102450,6786.0,Pending,Apartment,2024-02-05
POL-204703,TG-101380,13188.0, approved ,Apartment,2024-08-23
POL-204704,TG-104353,17692.0, approved , apartment ,2024-10-11
POL-204705,TG-101444,8394.0,Pending,Townhouse,2025-02-20
POL-204706,TG-109084,,Denied,Condo,2025-05-04
POL-204707,TG-105375,,Approved,Townhouse,2024-10-27
POL-204708,TG-104100,8666.0, approved ,Townhouse,2024-11-28
POL-204709,TG-110019,13332.0,Denied, apartment ,2024-10-20
POL-204710,TG-108505,10946.0,Approved,Townhouse,2023-03-09
POL-204711,TG-103535,24648.0,Approved,Townhouse,2023-11-14
POL-204712,TG-100652,9645.0,Denied,Condo,2024-12-16
POL-204713,TG-101372,15888.0,Approved,Apartment,2024-03-23
POL-204714,TG-105777,9564.0,Approved,Condo,2025-01-17
POL-204715,TG-102951,7752.0,Denied,Condo,2025-05-16
POL-204716,TG-109391,16335.0, approved , apartment ,2023-09-02
POL-204717,TG-101132,22945.0,Approved, apartment ,2023-03-01
POL-204718,TG-106270,10211.0,Approved,Apartment,2023-09-08
POL-204719,TG-103122,18403.0,Denied,Condo,2023-03-30
POL-204720,TG-102616,15065.0,Approved,Condo,2024-03-20
POL-204721,TG-107722,16808.0, approved , apartment ,2023-04-29
POL-204722,TG-103113,17124.0, approved ,Townhouse,2024-04-09
POL-204723,TG-101524,16486.0,Pending,Apartment,2024-09-18
POL-204724,TG-106229,,Denied, apartment ,2024-09-15
POL-204725,TG-104456,19325.0, approved ,Apartment,2023-02-26
POL-204726,TG-103050,13506.0,Denied,Apartment,2023-11-13
POL-204727,TG-109441,24154.0,Denied,Apartment,2024-11-13
POL-204728,TG-108886,6285.0, approved ,Townhouse,2025-01-29
POL-204729,TG-106341,11035.0,Denied,Condo,2024-11-04
POL-204730,TG-105802,10749.0,Approved, apartment ,2025-01-28
POL-204731,TG-107995,18596.0,Pending,Apartment,2023-06-29
POL-204732,TG-101704,20540.0,Pending,Condo,2023-05-03
POL-204733,TG-106874,19580.0,Denied, apartment ,2023-01-13
POL-204734,TG-100333,15402.0,Denied,Condo,2024-12-25
POL-204735,TG-104176,18849.0, approved ,Condo,2023-05-21
POL-204736,TG-102243,16542.0, approved ,Condo,2024-12-19
POL-204737,TG-101484,20258.0,Denied,Townhouse,2023-01-12
POL-204738,TG-105301,11063.0,Denied,Apartment,2023-06-17
POL-204739,TG-107040,20510.0, approved ,Apartment,2024-05-23
POL-204740,TG-100232,24762.0,Approved,Condo,2023-12-22
POL-204741,TG-102114,18168.0,Denied,Townhouse,2024-06-19
POL-204742,TG-103886,9458.0,Pending,Condo,2024-06-13
POL-204743,TG-108536,20593.0,Denied,Apartment,2025-03-12
POL-204744,TG-109577,16825.0,Denied,Apartment,2025-04-22
POL-204745,TG-107787,24135.0,Pending,Townhouse,2025-01-08
POL-204746,TG-109274,13274.0, approved ,Apartment,2023-09-23
POL-204747,TG-106528,5620.0,Pending,Apartment,2023-06-20
POL-204748,TG-104365,21041.0,Approved,Condo,2024-01-16
POL-204749,TG-109597,11595.0,Pending, apartment ,2023-05-10
POL-204750,TG-105116,20856.0, approved ,Apartment,2025-02-06
POL-204751,TG-106695,15091.0, approved ,Apartment,2025-03-10
POL-204752,TG-107618,6905.0,Denied,Apartment,2025-06-13
POL-204753,TG-107944,6512.0, approved ,Townhouse,2023-10-03
POL-204754,TG-100836,9894.0,Pending, apartment ,2025-01-20
POL-204755,TG-108600,17581.0,Denied,Condo,2023-05-01
POL-204756,TG-102751,14493.0,Approved,Apartment,2025-02-28
POL-204757,TG-108507,9308.0,Approved,Apartment,2023-01-31
POL-204758,TG-109760,18426.0,Pending,Townhouse,2023-12-10
POL-204759,TG-104356,6186.0,Approved,Townhouse,2025-04-06
POL-204760,TG-103174,8707.0, approved , apartment ,2024-03-15
POL-204761,TG-108010,8420.0,Denied,Townhouse,2023-10-06
POL-204762,TG-106816,17560.0,Approved,Townhouse,2024-06-20
POL-204763,TG-104327,5995.0,Approved,Townhouse,2023-03-07
POL-204764,TG-109610,23495.0,Approved, apartment ,2023-09-27
POL-204765,TG-106011,10627.0,Approved,Townhouse,2024-12-30
POL-204766,TG-109672,14750.0,Denied,Apartment,2024-08-13
POL-204767,TG-105137,17873.0,Denied,Condo,2024-10-04
POL-204768,TG-103723,19948.0,Denied,Condo,2023-03-20
POL-204769,TG-102790,17698.0,Denied,Townhouse,2024-05-23
POL-204770,TG-107254,8237.0,Approved, apartment ,2024-04-11
POL-204771,TG-104913,15553.0,Approved,Condo,2024-06-07
POL-204772,TG-108359,21837.0,Approved,Townhouse,2024-01-04
POL-204773,TG-102508,,Pending,Condo,2023-02-26
POL-204774,TG-100418,9845.0,Approved,Condo,2024-05-26
POL-204775,TG-109656,15367.0,Pending,Apartment,2025-05-29
POL-204776,TG-101719,16357.0, approved ,Apartment,2024-08-03
POL-204777,TG-102146,22153.0,Approved, apartment ,2023-06-20
POL-204778,TG-107254,16256.0,Pending,Apartment,2024-01-12
POL-204779,TG-100526,5445.0,Approved, apartment ,2023-06-11
POL-204780,TG-106279,9796.0,Pending,Townhouse,2023-09-19
POL-204781,TG-102240,24103.0, approved , apartment ,2025-03-02
POL-204782,TG-103494,23949.0, approved ,Apartment,2023-04-16
POL-204783,TG-101376,8897.0,Approved,Condo,2024-08-10
POL-204784,TG-110004,19441.0, approved , apartment ,2024-11-21
POL-204785,TG-108542,24542.0,Denied,Apartment,2025-01-10
POL-204786,TG-101705,9725.0, approved , apartment ,2023-04-29
POL-204787,TG-101680,19108.0, approved , apartment ,2023-08-22
POL-204788,TG-109536,13440.0, approved , apartment ,2025-01-28
POL-204789,TG-106040,5893.0,Approved,Apartment,2024-06-05
POL-204790,TG-105305,24254.0,Denied,Townhouse,2023-01-03
POL-204791,TG-103829,20146.0,Approved,Apartment,2023-02-15
POL-204792,TG-106961,13407.0,Denied,Townhouse,2025-05-29
POL-204793,TG-107443,14909.0,Pending,Condo,2025-06-02
POL-204794,TG-106141,11412.0, approved ,Apartment,2023-01-13
POL-204795,TG-109562,11027.0,Pending,Condo,2023-09-08
POL-204796,TG-106538,12570.0,Denied,Apartment,2023-02-17
POL-204797,TG-105966,9561.0,Denied,Apartment,2024-04-28
POL-204798,TG-109844,16022.0,Pending,Apartment,2024-01-08
POL-204799,TG-106245,24531.0,Denied,Townhouse,2024-01-28
POL-204800,TG-106079,8181.0,Pending,Condo,2023-06-03
POL-204801,TG-106285,23890.0,Pending,Townhouse,2023-07-03
POL-204802,TG-103652,22059.0,Denied,Townhouse,2025-05-28
POL-204803,TG-103273,18434.0,Denied,Apartment,2023-02-06
POL-204804,TG-102125,6310.0, approved ,Condo,2024-07-20
POL-204805,TG-107926,10678.0,Denied,Condo,2025-04-02
POL-204806,TG-102041,8677.0,Pending,Condo,2025-01-01
POL-204807,TG-107393,,Approved, apartment ,2025-01-28
POL-204808,TG-109424,20885.0,Pending,Townhouse,2024-11-02
POL-204809,TG-105659,11842.0,Approved, apartment ,2024-03-05
POL-204810,TG-100037,8094.0,Pending, apartment ,2023-08-18
POL-204811,TG-107518,13518.0, approved ,Apartment,2023-11-26
POL-204812,TG-102547,8015.0,Denied,Apartment,2023-09-12
POL-204813,TG-105691,8523.0,Pending,Apartment,2024-03-02
POL-204814,TG-109966,15951.0, approved ,Condo,2025-01-07
POL-204815,TG-102292,23506.0,Denied,Apartment,2023-11-24
POL-204816,TG-104601,18335.0,Approved, apartment ,2023-10-05
POL-204817,TG-105400,20824.0,Denied,Apartment,2025-04-25
POL-204818,TG-102354,18073.0,Denied,Apartment,2023-03-21
POL-204819,TG-105774,14364.0,Denied,Apartment,2024-08-08
POL-204820,TG-108958,6964.0,Pending,Condo,2024-01-17
POL-204821,TG-102492,10200.0,Denied,Condo,2023-05-03
POL-204822,TG-102912,17692.0,Pending, apartment ,2024-05-29
POL-204823,TG-109236,18014.0, approved ,Condo,2024-11-20
POL-204824,TG-109276,9267.0,Approved,Apartment,2023-02-23
POL-204825,TG-104631,24273.0,Pending,Apartment,2023-07-03
POL-204826,TG-100216,20197.0,Approved, apartment ,2023-08-17
POL-204827,TG-107202,23723.0,Denied,Townhouse,2025-04-03
POL-204828,TG-104374,24359.0, approved ,Townhouse,2024-06-12
POL-204829,TG-109411,19490.0,Denied,Condo,2023-02-17
POL-204830,TG-108175,13695.0,Approved,Townhouse,2024-02-15
POL-204831,TG-107222,16584.0, approved ,Townhouse,2023-03-12
POL-204832,TG-106295,17496.0,Pending,Townhouse,2025-06-17
POL-204833,TG-101753,8272.0,Denied,Apartment,2024-04-21
POL-204834,TG-102364,23641.0, approved ,Condo,2025-06-05
POL-204835,TG-102776,11493.0,Pending, apartment ,2023-10-17
POL-204836,TG-103653,23378.0,Pending,Apartment,2025-03-03
POL-204837,TG-100891,16767.0,Pending,Condo,2025-05-15
POL-204838,TG-104707,18545.0, approved ,Condo,2023-11-15
POL-204839,TG-102273,13166.0, approved ,Condo,2023-12-02
POL-204840,TG-101895,9046.0,Approved, apartment ,2023-03-30
POL-204841,TG-109986,18375.0,Approved, apartment ,2024-07-20
POL-204842,TG-109231,23787.0,Pending,Apartment,2024-04-12
POL-204843,TG-109200,23315.0,Approved,Apartment,2023-01-09
POL-204844,TG-101172,19574.0,Pending, apartment ,2024-01-13
POL-204845,TG-102690,14177.0,Pending,Apartment,2023-07-25
POL-204846,TG-107789,16184.0, approved ,Townhouse,2023-10-26
POL-204847,TG-101513,20365.0,Denied,Apartment,2024-07-31
POL-204848,TG-100632,13641.0, approved ,Townhouse,2025-03-14
POL-204849,TG-109619,6727.0,Approved,Townhouse,2023-11-08
POL-204850,TG-102465,16670.0,Approved,Condo,2025-01-27
POL-204851,TG-104269,10379.0,Pending,Townhouse,2024-09-29
POL-204852,TG-109159,7917.0,Pending,Townhouse,2023-09-06
POL-204853,TG-102163,15729.0,Approved, apartment ,2024-04-20
POL-204854,TG-108347,21072.0,Denied,Townhouse,2024-01-13
POL-204855,TG-100292,17306.0,Approved, apartment ,2024-08-28
POL-204856,TG-106972,12936.0,Pending, apartment ,2024-05-20
POL-204857,TG-101176,8700.0, approved ,Townhouse,2025-03-02
POL-204858,TG-106859,24014.0,Denied,Condo,2025-03-05
POL-204859,TG-103987,18553.0, approved ,Townhouse,2023-07-20
POL-204860,TG-108182,6348.0, approved ,Townhouse,2025-01-20
POL-204861,TG-109632,24590.0, approved ,Apartment,2024-07-13
POL-204862,TG-100356,18317.0,Approved,Condo,2025-02-17
POL-204863,TG-108486,23923.0, approved ,Townhouse,2025-03-26
POL-204864,TG-102443,22414.0, approved , apartment ,2023-09-09
POL-204865,TG-104301,11749.0,Pending,Apartment,2023-06-04
POL-204866,TG-103069,20791.0, approved ,Condo,2023-01-07
POL-204867,TG-107409,20904.0, approved ,Apartment,2024-02-24
POL-204868,TG-106033,17473.0,Pending,Townhouse,2023-01-25
POL-204869,TG-105321,11719.0,Denied,Apartment,2023-08-27
POL-204870,TG-104880,22923.0,Denied,Condo,2024-07-08
POL-204871,TG-102111,11651.0,Pending,Townhouse,2023-12-21
POL-204872,TG-105531,14124.0,Approved,Condo,2024-10-13
POL-204873,TG-108676,5068.0,Approved,Townhouse,2025-05-09
POL-204874,TG-105920,6822.0,Denied,Townhouse,2024-12-11
POL-204875,TG-105844,8879.0,Denied,Townhouse,2025-06-17
POL-204876,TG-103178,13620.0, approved ,Condo,2023-01-10
POL-204877,TG-100320,19293.0, approved ,Apartment,2023-12-10
POL-204878,TG-105359,15024.0,Approved, apartment ,2023-01-02
POL-204879,TG-105785,16719.0,Approved, apartment ,2025-02-16
POL-204880,TG-104072,15399.0, approved ,Condo,2024-11-04
POL-204881,TG-109157,8407.0,Pending,Apartment,2024-01-21
POL-204882,TG-102850,14613.0, approved ,Townhouse,2025-05-19
POL-204883,TG-107857,13623.0,Pending,Townhouse,2025-01-25
POL-204884,TG-105476,23019.0,Approved,Townhouse,2025-01-14
POL-204885,TG-102210,23501.0, approved , apartment ,2023-11-11
POL-204886,TG-106410,7058.0,Pending,Apartment,2023-04-17
POL-204887,TG-102713,16536.0,Pending,Apartment,2023-07-30
POL-204888,TG-101801,15654.0,Approved,Condo,2024-06-26
POL-204889,TG-105549,24104.0, approved ,Condo,2023-09-01
POL-204890,TG-108338,5513.0, approved ,Townhouse,2024-03-05
POL-204891,TG-106819,5741.0,Approved,Apartment,2024-05-18
POL-204892,TG-109972,21932.0,Pending,Apartment,2023-03-03
POL-204893,TG-100873,7945.0,Pending,Condo,2023-05-26
POL-204894,TG-101143,7266.0,Denied,Apartment,2024-12-29
POL-204895,TG-108465,21908.0,Pending, apartment ,2023-10-14
POL-204896,TG-101840,23051.0,Approved,Apartment,2023-04-06
POL-204897,TG-107428,21754.0,Pending,Townhouse,2023-02-14
POL-204898,TG-101690,22959.0, approved ,Condo,2023-08-26
POL-204899,TG-109970,10648.0,Denied,Condo,2025-05-15
POL-204900,TG-104732,17582.0,Denied,Townhouse,2024-06-16
POL-204901,TG-100360,14942.0,Approved,Condo,2024-02-27
POL-204902,TG-107950,24366.0, approved ,Townhouse,2024-12-18
POL-204903,TG-108531,8171.0,Denied,Townhouse,2024-01-17
POL-204904,TG-101061,16491.0,Approved,Condo,2024-04-14
POL-204905,TG-101526,24050.0,Approved,Condo,2025-02-04
POL-204906,TG-101899,6348.0, approved ,Townhouse,2023-03-28
POL-204907,TG-106438,24064.0,Pending, apartment ,2024-08-17
POL-204908,TG-109589,12965.0, approved , apartment ,2023-04-08
POL-204909,TG-101005,23246.0,Denied,Condo,2024-06-01
POL-204910,TG-109584,24261.0,Denied,Townhouse,2023-05-17
POL-204911,TG-109778,11076.0,Pending,Apartment,2024-10-14
POL-204912,TG-108997,12425.0,Approved, apartment ,2025-04-19
POL-204913,TG-102138,18927.0,Pending,Condo,2024-02-08
POL-204914,TG-106562,8369.0,Denied,Townhouse,2023-03-18
POL-204915,TG-107263,12772.0,Denied,Townhouse,2024-08-29
POL-204916,TG-109224,10293.0,Denied,Apartment,2024-08-04
POL-204917,TG-100683,13824.0,Pending,Townhouse,2023-03-05
POL-204918,TG-100007,6930.0,Pending,Townhouse,2024-03-21
POL-204919,TG-109799,15054.0, approved ,Condo,2024-11-09
POL-204920,TG-102072,5146.0,Approved,Apartment,2023-05-14
POL-204921,TG-108095,20928.0,Pending,Townhouse,2023-08-31
POL-204922,TG-103593,20935.0,Denied, apartment ,2023-10-26
POL-204923,TG-102927,19245.0, approved , apartment ,2023-09-25
POL-204924,TG-106636,7566.0,Approved, apartment ,2025-05-21
POL-204925,TG-107637,10365.0, approved ,Apartment,2023-11-19
POL-204926,TG-106142,14379.0,Approved,Condo,2025-03-31
POL-204927,TG-104988,24469.0,Pending,Apartment,2024-02-07
POL-204928,TG-108074,7647.0,Pending, apartment ,2024-12-18
POL-204929,TG-100751,6903.0,Approved,Townhouse,2025-05-01
POL-204930,TG-109512,21550.0,Approved, apartment ,2025-01-23
POL-204931,TG-101423,,Denied,Townhouse,2023-12-01
POL-204932,TG-103224,5921.0,Approved,Apartment,2023-11-22
POL-204933,TG-103613,14457.0,Approved,Townhouse,2024-04-08
POL-204934,TG-106091,6784.0,Pending,Apartment,2023-10-06
POL-204935,TG-106824,18000.0,Approved, apartment ,2023-08-28
POL-204936,TG-106894,16579.0,Denied,Condo,2023-03-18
POL-204937,TG-104540,15375.0,Pending,Condo,2023-07-27
POL-204938,TG-106192,23213.0,Pending,Apartment,2023-05-20
POL-204939,TG-108025,19762.0,Pending,Condo,2025-03-09
POL-204940,TG-103403,7652.0,Pending, apartment ,2025-02-27
POL-204941,TG-102345,11613.0,Pending, apartment ,2024-08-21
POL-204942,TG-104728,20957.0,Denied, apartment ,2023-04-22
POL-204943,TG-104158,17192.0,Pending,Townhouse,2023-06-09
POL-204944,TG-103422,23792.0,Pending, apartment ,2023-04-19
POL-204945,TG-105541,15270.0,Denied,Townhouse,2023-06-18
POL-204946,,11862.0, approved ,Condo,2024-04-05
POL-204947,TG-104608,13480.0,Approved,Apartment,2024-04-22
POL-204948,TG-101370,24525.0,Denied,Condo,2023-11-18
POL-204949,TG-108873,5853.0,Denied, apartment ,2024-02-21
POL-204950,TG-104611,13849.0,Denied,Apartment,2023-05-04
POL-204951,TG-101693,21631.0, approved ,Condo,2024-07-02
POL-204952,TG-107675,13667.0, approved ,Condo,2024-01-02
POL-204953,TG-109599,6361.0,Denied,Apartment,2025-02-27
POL-204954,TG-109252,12173.0,Denied,Condo,2023-08-01
POL-204955,TG-103942,22910.0,Pending,Townhouse,2024-04-07
POL-204956,TG-109562,6241.0, approved ,Townhouse,2023-11-12
POL-204957,TG-100264,18358.0,Pending,Townhouse,2024-04-19
POL-204958,TG-105852,6566.0, approved , apartment ,2023-09-29
POL-204959,TG-100748,23272.0, approved , apartment ,2025-05-22
POL-204960,TG-109229,16484.0, approved ,Condo,2023-05-03
POL-204961,TG-107563,18626.0,Pending,Condo,2023-04-03
POL-204962,TG-108263,5086.0,Approved, apartment ,2023-06-11
POL-204963,TG-106469,23583.0,Denied,Condo,2025-04-06
POL-204964,TG-104027,24332.0, approved ,Condo,2024-12-03
POL-204965,TG-107638,12370.0,Approved,Condo,2023-11-08
POL-204966,TG-103966,11648.0,Pending,Apartment,2025-04-26
POL-204967,TG-103318,10770.0,Pending,Townhouse,2024-12-22
POL-204968,TG-102896,22740.0, approved ,Apartment,2024-12-14
POL-204969,TG-108000,,Denied, apartment ,2024-09-09
POL-204970,,8890.0,Pending, apartment ,2023-02-11
POL-204971,TG-105104,19436.0,Denied,Townhouse,2023-08-09
POL-204972,TG-108054,17895.0, approved ,Apartment,2025-05-05
POL-204973,TG-102096,22079.0,Denied,Apartment,2025-05-27
POL-204974,TG-107757,,Denied,Townhouse,2023-12-02
POL-204975,TG-100911,13577.0,Pending, apartment ,2023-06-01
POL-204976,TG-104730,22736.0,Denied, apartment ,2023-04-04
POL-204977,TG-101004,11647.0,Approved,Condo,2024-12-29
POL-204978,TG-107215,13551.0,Denied, apartment ,2023-09-12
POL-204979,TG-106572,12276.0,Denied,Townhouse,2023-12-31
POL-204980,TG-102457,7232.0, approved , apartment ,2024-02-10
POL-204981,TG-106710,16916.0,Denied,Townhouse,2024-06-09
POL-204982,TG-103168,8308.0,Pending,Condo,2023-02-20
POL-204983,TG-102571,22240.0, approved ,Apartment,2024-11-24
POL-204984,TG-101726,5900.0,Approved,Condo,2023-11-03
POL-204985,,23925.0,Approved,Townhouse,2023-09-24
POL-204986,TG-101666,8720.0,Denied,Apartment,2025-04-19
POL-204987,TG-108963,20408.0,Denied,Condo,2023-06-28
POL-204988,TG-105390,16922.0,Denied,Condo,2023-02-01
POL-204989,TG-107387,14220.0,Approved,Apartment,2024-02-19
POL-204990,TG-100558,5898.0,Approved,Townhouse,2025-05-25
POL-204991,TG-102893,15026.0,Pending,Townhouse,2024-04-08
POL-204992,TG-104136,9179.0, approved ,Apartment,2024-07-23
POL-204993,TG-101989,5916.0,Pending,Apartment,2025-02-05
POL-204994,TG-100220,11034.0, approved ,Townhouse,2024-07-17
POL-204995,TG-101423,14549.0,Approved,Townhouse,2023-09-13
POL-204996,TG-109441,16585.0,Approved,Apartment,2023-04-07
POL-204997,TG-108785,16999.0,Denied,Condo,2024-04-18
POL-204998,TG-102600,15660.0,Approved, apartment ,2023-04-15
POL-204999,TG-106574,6388.0,Denied,Apartment,2025-04-03
POL-205000,TG-108109,21295.0,Denied, apartment ,2025-03-23
POL-205001,TG-108009,17586.0,Approved,Condo,2023-05-24
POL-205002,TG-100230,11126.0,Pending,Condo,2023-05-05
POL-205003,TG-109123,7980.0,Pending,Townhouse,2023-01-13
POL-205004,TG-109742,6868.0,Denied,Townhouse,2023-03-05
POL-205005,TG-105363,14619.0, approved ,Condo,2025-04-30
POL-205006,TG-107068,10691.0, approved , apartment ,2025-03-10
POL-205007,TG-107481,23009.0, approved ,Apartment,2023-08-16
POL-205008,TG-100732,21164.0,Approved,Apartment,2023-05-14
POL-205009,TG-101813,22472.0,Pending,Apartment,2023-07-22
POL-205010,TG-104406,15281.0,Denied, apartment ,2025-04-23
POL-205011,TG-105701,16343.0,Denied,Townhouse,2024-02-15
POL-205012,TG-104795,6914.0,Approved,Condo,2024-01-17
POL-205013,TG-107909,19305.0, approved ,Condo,2024-12-03
POL-205014,TG-101663,12464.0, approved , apartment ,2024-10-07
POL-205015,TG-102564,14879.0,Approved,Apartment,2024-10-22
POL-205016,TG-102699,17324.0,Approved, apartment ,2023-03-28
POL-205017,TG-103530,12417.0,Denied, apartment ,2024-08-19
POL-205018,TG-102775,14258.0,Pending,Apartment,2024-08-23
POL-205019,TG-104392,17530.0,Pending,Condo,2023-09-23
POL-205020,TG-109950,24320.0,Pending,Apartment,2025-04-12
POL-205021,TG-101287,6159.0, approved ,Townhouse,2023-03-18
POL-205022,TG-108321,,Denied,Condo,2023-01-23
POL-205023,TG-104700,9431.0,Denied,Townhouse,2023-03-08
POL-205024,TG-103001,21368.0,Approved, apartment ,2023-07-22
POL-205025,TG-104132,21106.0,Approved,Townhouse,2024-10-23
POL-205026,TG-109935,12802.0,Denied,Townhouse,2024-03-30
POL-205027,TG-108232,10128.0,Denied,Condo,2025-04-08
POL-205028,TG-109251,21104.0,Approved, apartment ,2023-05-12
POL-205029,TG-103277,8878.0,Pending, apartment ,2023-04-05
POL-205030,TG-109291,22280.0, approved ,Apartment,2025-05-17
POL-205031,TG-107030,13879.0,Pending,Townhouse,2025-04-29
POL-205032,TG-104698,6454.0,Pending,Townhouse,2025-04-08
POL-205033,TG-102834,16438.0, approved , apartment ,2023-12-06
POL-205034,TG-100309,10822.0,Approved,Townhouse,2023-05-06
POL-205035,TG-104428,11393.0, approved , apartment ,2023-02-13
POL-205036,TG-102972,22162.0,Pending,Townhouse,2024-04-17
POL-205037,TG-108178,19512.0,Denied, apartment ,2023-02-21
POL-205038,TG-104284,19376.0,Denied,Apartment,2023-06-22
POL-205039,TG-100695,14314.0,Approved,Condo,2024-08-10
POL-205040,TG-108313,11479.0, approved ,Apartment,2024-03-19
POL-205041,TG-109165,18553.0,Pending,Townhouse,2025-04-21
POL-205042,TG-104742,14231.0,Denied, apartment ,2025-01-11
POL-205043,TG-102672,,Approved,Apartment,2024-02-09
POL-205044,TG-103988,5352.0,Pending,Townhouse,2024-05-23
POL-205045,TG-106795,,Denied,Townhouse,2023-01-31
POL-205046,TG-100734,8380.0,Pending,Condo,2024-01-27
POL-205047,TG-103462,22367.0,Approved, apartment ,2024-11-30
POL-205048,TG-105548,5000.0,Denied,Condo,2024-03-12
POL-205049,TG-101954,20004.0,Approved, apartment ,2023-06-26
POL-205050,TG-106697,5397.0,Denied,Townhouse,2023-12-29
POL-205051,TG-105921,19079.0,Denied,Condo,2023-08-08
POL-205052,TG-101973,21023.0,Denied,Townhouse,2023-07-11
POL-205053,TG-108165,21478.0,Pending, apartment ,2023-10-09
POL-205054,TG-103151,22052.0,Approved,Apartment,2023-10-14
POL-205055,TG-106431,20752.0,Approved, apartment ,2024-04-01
POL-205056,TG-107118,11819.0,Pending,Townhouse,2023-06-02
POL-205057,TG-100011,11730.0,Approved, apartment ,2023-02-05
POL-205058,TG-109228,22807.0,Pending, apartment ,2024-09-20
POL-205059,TG-104462,8848.0,Denied,Apartment,2024-09-26
POL-205060,TG-106607,15420.0,Pending,Townhouse,2024-09-23
POL-205061,TG-104396,5609.0, approved , apartment ,2023-09-09
POL-205062,TG-107800,11730.0,Pending,Condo,2024-10-24
POL-205063,TG-107638,17754.0,Pending,Apartment,2023-10-30
POL-205064,TG-104200,17999.0, approved ,Apartment,2024-05-25
POL-205065,TG-108160,,Denied,Condo,2024-02-26
POL-205066,TG-103653,8450.0,Denied,Townhouse,2024-07-17
POL-205067,TG-102077,6903.0,Pending, apartment ,2024-05-05
POL-205068,TG-105762,12158.0,Denied,Condo,2023-03-04
POL-205069,TG-102669,16219.0, approved ,Townhouse,2023-03-31
POL-205070,TG-103425,19120.0,Denied,Apartment,2023-10-14
POL-205071,TG-100579,17298.0,Denied,Condo,2024-01-28
POL-205072,TG-105116,5140.0,Denied, apartment ,2023-05-21
POL-205073,TG-108454,8280.0,Pending,Townhouse,2024-03-05
POL-205074,TG-104177,16050.0,Denied,Apartment,2023-07-24
POL-205075,TG-102858,8505.0, approved , apartment ,2024-10-20
POL-205076,TG-102018,15123.0,Approved,Apartment,2025-03-27
POL-205077,TG-105953,18128.0,Approved,Condo,2024-06-22
POL-205078,TG-108237,10846.0,Pending,Apartment,2023-09-13
POL-205079,TG-106724,23726.0,Denied,Townhouse,2024-10-07
POL-205080,TG-103714,22544.0,Denied, apartment ,2025-04-01
POL-205081,TG-100930,9824.0,Approved,Townhouse,2024-07-10
POL-205082,TG-105490,13571.0, approved , apartment ,2025-03-24
POL-205083,TG-109974,23062.0,Denied,Condo,2023-01-20
POL-205084,TG-100247,15754.0,Pending, apartment ,2024-01-27
POL-205085,TG-109547,12673.0, approved ,Condo,2025-03-11
POL-205086,TG-101218,22928.0,Approved, apartment ,2024-12-31
POL-205087,TG-101738,12456.0,Pending, apartment ,2024-01-03
POL-205088,TG-109861,12991.0,Approved,Apartment,2024-05-06
POL-205089,TG-101787,6989.0,Pending,Apartment,2024-07-11
POL-205090,TG-103213,21463.0,Pending, apartment ,2025-03-11
POL-205091,TG-101519,15685.0,Denied, apartment ,2024-05-11
POL-205092,TG-107638,10007.0,Denied, apartment ,2023-12-19
POL-205093,TG-108425,11156.0,Denied,Townhouse,2024-08-02
POL-205094,TG-105891,20210.0,Denied,Townhouse,2024-05-29
POL-205095,TG-108562,7121.0,Denied,Apartment,2023-11-26
POL-205096,TG-107558,23953.0,Approved,Condo,2024-02-02
POL-205097,TG-105658,23995.0,Pending, apartment ,2023-10-04
POL-205098,TG-101730,15095.0,Pending,Apartment,2023-07-04
POL-205099,TG-108834,14933.0,Denied,Condo,2023-01-27
POL-205100,TG-100031,8168.0, approved ,Apartment,2023-11-23
POL-205101,TG-103503,16116.0,Pending,Townhouse,2024-09-03
POL-205102,TG-109706,16432.0,Pending,Townhouse,2023-08-13
POL-205103,TG-102441,15139.0,Denied, apartment ,2023-01-31
POL-205104,TG-108958,19805.0,Pending,Apartment,2025-04-10
POL-205105,TG-107549,13142.0, approved , apartment ,2025-03-08
POL-205106,TG-108725,10264.0,Pending,Condo,2023-10-15
POL-205107,TG-107539,15316.0,Pending,Condo,2023-03-01
POL-205108,TG-106591,7125.0,Pending, apartment ,2025-04-08
POL-205109,TG-106045,10992.0,Pending,Townhouse,2024-04-28
POL-205110,TG-101448,22114.0,Denied,Townhouse,2024-06-26
POL-205111,TG-103494,8105.0, approved , apartment ,2024-01-02
POL-205112,TG-108265,23644.0,Denied,Townhouse,2025-02-24
POL-205113,TG-109083,11399.0,Pending,Townhouse,2024-08-21
POL-205114,TG-108918,11150.0,Denied,Apartment,2023-08-27
POL-205115,TG-102564,18602.0, approved ,Apartment,2023-06-13
POL-205116,TG-105072,20730.0,Denied,Townhouse,2023-04-13
POL-205117,TG-102397,22646.0, approved ,Condo,2023-09-11
POL-205118,TG-103457,17224.0,Denied,Condo,2024-11-03
POL-205119,TG-100230,22641.0,Denied,Apartment,2023-09-04
POL-205120,TG-101410,24028.0, approved , apartment ,2023-09-30
POL-205121,TG-102083,17436.0, approved , apartment ,2024-06-30
POL-205122,TG-101016,22656.0,Denied, apartment ,2025-04-15
POL-205123,TG-106221,15257.0,Pending,Townhouse,2025-03-21
POL-205124,TG-101460,17518.0, approved ,Townhouse,2025-01-24
POL-205125,TG-109661,8684.0, approved , apartment ,2023-02-27
POL-205126,TG-107928,24261.0, approved , apartment ,2025-02-21
POL-205127,TG-105621,10150.0, approved ,Townhouse,2023-08-13
POL-205128,TG-106475,24759.0,Denied,Condo,2024-08-12
POL-205129,TG-108370,8407.0,Denied,Condo,2025-05-16
POL-205130,TG-108249,18062.0,Approved,Townhouse,2025-03-27
POL-205131,TG-105958,12783.0,Denied,Townhouse,2024-02-02
POL-205132,TG-108083,20135.0,Pending,Condo,2023-12-30
POL-205133,TG-104316,21390.0,Denied, apartment ,2025-05-09
POL-205134,TG-101143,10671.0,Approved,Townhouse,2025-05-15
POL-205135,TG-104267,7932.0, approved ,Apartment,2023-06-27
POL-205136,TG-104014,16124.0,Pending,Apartment,2023-06-30
POL-205137,TG-102308,18881.0,Denied,Townhouse,2023-08-31
POL-205138,TG-102787,6484.0,Approved,Condo,2024-08-29
POL-205139,TG-106624,23944.0,Approved,Apartment,2023-11-22
POL-205140,TG-102380,19263.0,Denied,Condo,2025-04-05
POL-205141,TG-101508,7496.0,Denied,Condo,2025-01-25
POL-205142,TG-103866,20925.0,Denied, apartment ,2024-12-15
POL-205143,TG-101713,14205.0,Approved,Townhouse,2024-01-03
POL-205144,TG-100961,14822.0, approved ,Condo,2024-08-28
POL-205145,TG-109080,19496.0, approved ,Condo,2023-01-29
POL-205146,TG-101646,14371.0,Pending,Apartment,2024-12-21
POL-205147,TG-105324,16697.0,Denied, apartment ,2024-12-18
POL-205148,TG-102981,20477.0,Denied,Condo,2023-12-27
POL-205149,TG-101719,7486.0, approved ,Townhouse,2024-08-04
POL-205150,TG-102494,16557.0,Denied,Condo,2024-07-31
POL-205151,TG-100453,18442.0,Pending,Townhouse,2023-05-26
POL-205152,TG-105442,11868.0, approved ,Apartment,2024-07-30
POL-205153,TG-103634,6418.0,Denied,Condo,2023-07-12
POL-205154,TG-102362,21230.0,Approved,Condo,2025-05-06
POL-205155,TG-107482,11765.0,Approved,Condo,2025-04-09
POL-205156,TG-109983,20924.0,Pending,Apartment,2024-05-19
POL-205157,TG-107363,8802.0, approved ,Condo,2024-07-09
POL-205158,TG-105883,9898.0,Pending,Apartment,2023-11-13
POL-205159,TG-108694,20700.0,Denied,Condo,2023-06-29
POL-205160,TG-100831,15742.0, approved ,Apartment,2024-05-17
POL-205161,TG-104743,24463.0,Denied,Townhouse,2023-02-08
POL-205162,TG-109648,16423.0,Denied,Apartment,2023-04-03
POL-205163,TG-108459,12958.0,Approved, apartment ,2023-02-27
POL-205164,TG-100091,18045.0,Approved,Apartment,2023-08-27
POL-205165,TG-101732,19729.0,Pending,Townhouse,2024-09-08
POL-205166,TG-101904,23232.0,Approved,Townhouse,2023-08-13
POL-205167,TG-102284,7808.0,Denied, apartment ,2023-01-21
POL-205168,TG-107119,15741.0,Pending,Townhouse,2024-06-23
POL-205169,TG-102421,19998.0,Pending,Apartment,2024-05-04
POL-205170,TG-108466,10030.0,Denied, apartment ,2023-01-01
POL-205171,TG-100519,6773.0,Denied,Apartment,2023-12-06
POL-205172,TG-109829,5554.0, approved ,Townhouse,2024-09-20
POL-205173,TG-109233,7242.0,Denied,Condo,2023-07-26
POL-205174,TG-103114,18488.0,Denied, apartment ,2025-04-05
POL-205175,TG-100409,15155.0,Approved,Apartment,2023-05-14
POL-205176,TG-101998,22674.0,Approved,Apartment,2023-12-15
POL-205177,TG-101037,22810.0,Approved,Apartment,2025-01-04
POL-205178,TG-101916,20107.0,Approved, apartment ,2023-07-01
POL-205179,TG-105464,16487.0,Approved, apartment ,2025-04-01
POL-205180,TG-101793,14324.0, approved , apartment ,2025-05-14
POL-205181,TG-105807,17067.0,Denied,Condo,2025-06-08
POL-205182,TG-104293,13754.0, approved , apartment ,2023-11-28
POL-205183,TG-101736,5764.0, approved , apartment ,2023-03-02
POL-205184,TG-109577,5049.0,Pending, apartment ,2023-01-23
POL-205185,TG-104089,5822.0,Denied,Condo,2023-06-01
POL-205186,TG-109930,12392.0,Approved,Apartment,2024-08-23
POL-205187,TG-103953,19021.0,Approved, apartment ,2024-12-22
POL-205188,TG-105126,22770.0,Pending,Condo,2023-05-26
POL-205189,TG-101247,20616.0,Pending,Condo,2025-03-03
POL-205190,TG-106631,7658.0,Denied,Apartment,2023-04-24
POL-205191,TG-108615,22996.0,Denied,Condo,2025-05-16
POL-205192,TG-101946,7632.0,Pending,Townhouse,2024-06-22
POL-205193,TG-106092,11857.0, approved ,Apartment,2025-05-31
POL-205194,TG-104865,24173.0,Approved,Apartment,2024-01-09
POL-205195,TG-104236,19820.0, approved ,Condo,2023-03-16
POL-205196,TG-102435,23967.0,Denied,Condo,2024-01-18
POL-205197,TG-106723,22252.0, approved , apartment ,2024-12-22
POL-205198,TG-101305,9925.0, approved , apartment ,2024-11-09
POL-205199,TG-110003,22748.0,Denied,Apartment,2024-02-10
POL-205200,TG-107517,21160.0,Denied, apartment ,2024-08-23
POL-205201,TG-105018,7581.0, approved ,Townhouse,2023-04-14
POL-205202,TG-107955,15650.0, approved ,Townhouse,2023-12-11
POL-205203,TG-105327,15614.0, approved ,Condo,2023-11-06
POL-205204,TG-108392,20092.0,Denied,Townhouse,2023-11-27
POL-205205,TG-104782,8218.0,Denied,Townhouse,2023-05-20
POL-205206,TG-106419,18066.0,Approved,Townhouse,2023-06-11
POL-205207,TG-100956,7989.0,Pending,Apartment,2025-01-19
POL-205208,TG-109311,15648.0,Pending,Townhouse,2024-03-23
POL-205209,TG-101352,7774.0,Pending,Townhouse,2025-03-21
POL-205210,TG-108914,24378.0,Denied,Condo,2024-10-16
POL-205211,TG-102215,22214.0,Approved, apartment ,2024-05-13
POL-205212,TG-103299,6956.0,Denied, apartment ,2024-10-26
POL-205213,TG-107777,9245.0, approved ,Townhouse,2023-11-21
POL-205214,TG-109013,9629.0,Denied, apartment ,2023-06-28
POL-205215,TG-101505,21642.0,Denied,Apartment,2024-12-25
POL-205216,TG-103478,20050.0, approved ,Townhouse,2024-07-29
POL-205217,TG-106592,21151.0,Denied,Apartment,2024-12-11
POL-205218,TG-105539,8288.0,Pending, apartment ,2024-09-20
POL-205219,TG-105846,23924.0,Pending,Condo,2025-03-16
POL-205220,TG-101855,23226.0, approved ,Condo,2024-01-01
POL-205221,TG-100348,20131.0,Pending,Townhouse,2023-08-17
POL-205222,TG-108406,24110.0,Approved,Apartment,2024-11-12
POL-205223,TG-100686,18641.0,Approved,Townhouse,2024-08-26
POL-205224,TG-105462,13958.0,Denied, apartment ,2025-04-14
POL-205225,TG-109385,16619.0,Denied, apartment ,2023-06-29
POL-205226,TG-100346,9567.0,Pending,Apartment,2024-01-23
POL-205227,TG-106758,22043.0, approved ,Townhouse,2023-11-11
POL-205228,TG-108922,5750.0, approved ,Condo,2025-01-21
POL-205229,TG-103734,9320.0,Denied,Condo,2024-12-06
POL-205230,TG-105548,10027.0,Pending,Apartment,2023-10-29
POL-205231,TG-109590,16928.0,Approved, apartment ,2023-05-11
POL-205232,TG-103795,18036.0, approved , apartment ,2023-07-01
POL-205233,TG-103447,19005.0, approved , apartment ,2025-01-16
POL-205234,TG-108223,13965.0,Pending,Apartment,2023-01-02
POL-205235,TG-107846,6503.0,Approved,Townhouse,2024-12-19
POL-205236,TG-103509,24009.0, approved ,Townhouse,2024-08-09
POL-205237,TG-102111,9279.0,Denied,Townhouse,2024-02-05
POL-205238,TG-103828,19849.0,Pending, apartment ,2025-05-21
POL-205239,TG-100593,10193.0,Approved,Apartment,2025-02-28
POL-205240,TG-106533,12152.0,Denied,Apartment,2024-08-04
POL-205241,TG-109201,14518.0,Approved,Condo,2023-02-03
POL-205242,TG-100885,9409.0,Approved, apartment ,2023-07-06
POL-205243,TG-100577,15359.0,Approved,Condo,2024-09-08
POL-205244,TG-102925,19354.0,Denied, apartment ,2023-11-22
POL-205245,TG-104030,16906.0,Denied,Townhouse,2025-04-08
POL-205246,TG-101193,6489.0,Approved,Townhouse,2024-09-18
POL-205247,TG-107372,7945.0, approved ,Townhouse,2023-08-15
POL-205248,TG-105989,,Pending, apartment ,2024-10-16
POL-205249,TG-109671,23534.0,Denied, apartment ,2024-08-02
POL-205250,TG-102649,19793.0,Denied,Condo,2023-04-17
POL-205251,TG-104285,19803.0,Approved,Townhouse,2024-05-23
POL-205252,TG-104553,19040.0,Denied,Condo,2023-05-25
POL-205253,TG-104552,5781.0,Approved,Townhouse,2023-12-06
POL-205254,TG-106107,8913.0,Denied,Apartment,2025-02-02
POL-205255,TG-103718,23573.0,Approved,Condo,2023-03-21
POL-205256,TG-105120,9256.0,Denied,Townhouse,2023-09-01
POL-205257,TG-109072,14335.0,Approved,Condo,2023-12-22
POL-205258,TG-103210,9882.0,Approved,Townhouse,2023-11-24
POL-205259,TG-102287,17773.0,Pending,Townhouse,2023-06-21
POL-205260,TG-105615,13501.0, approved ,Condo,2024-10-13
POL-205261,TG-109466,15910.0,Pending, apartment ,2023-04-01
POL-205262,TG-106254,14716.0,Pending, apartment ,2025-04-21
POL-205263,TG-106142,13863.0,Pending,Townhouse,2024-12-26
POL-205264,TG-102010,11446.0,Denied,Townhouse,2024-11-17
POL-205265,TG-106946,10042.0, approved ,Apartment,2024-10-16
POL-205266,TG-109838,24409.0,Approved,Apartment,2025-01-16
POL-205267,TG-106670,18513.0,Approved,Condo,2023-12-10
POL-205268,TG-101918,23192.0,Approved,Townhouse,2024-04-02
POL-205269,TG-103085,21179.0,Pending,Townhouse,2023-01-12
POL-205270,TG-109965,11560.0,Denied,Apartment,2023-09-29
POL-205271,TG-102934,23565.0, approved ,Townhouse,2023-08-03
POL-205272,TG-101403,10555.0, approved ,Townhouse,2023-09-13
POL-205273,TG-109367,12207.0, approved ,Condo,2024-12-10
POL-205274,TG-105409,8504.0,Denied,Apartment,2023-03-11
POL-205275,TG-107839,7419.0,Denied,Apartment,2023-12-25
POL-205276,TG-103419,10624.0,Pending,Condo,2023-09-20
POL-205277,TG-101039,10027.0, approved ,Townhouse,2025-03-16
POL-205278,TG-104310,7799.0,Approved,Condo,2023-04-21
POL-205279,TG-106943,13850.0,Denied, apartment ,2025-01-07
POL-205280,TG-102507,24965.0, approved ,Condo,2023-01-02
POL-205281,TG-100168,11691.0, approved ,Apartment,2023-02-19
POL-205282,TG-104916,7688.0,Pending,Townhouse,2024-01-31
POL-205283,TG-102804,11442.0,Approved, apartment ,2024-03-24
POL-205284,TG-107082,5664.0,Approved, apartment ,2025-01-20
POL-205285,TG-101853,23763.0, approved ,Apartment,2024-03-05
POL-205286,TG-104860,6948.0,Denied,Condo,2023-06-20
POL-205287,TG-100093,19554.0,Denied,Condo,2024-02-28
POL-205288,TG-105560,7137.0,Approved, apartment ,2024-05-19
POL-205289,,19663.0,Denied,Condo,2024-01-23
POL-205290,TG-100194,23071.0, approved ,Condo,2023-12-26
POL-205291,TG-108630,6299.0,Approved,Townhouse,2024-07-13
POL-205292,TG-100670,23240.0,Pending, apartment ,2024-01-20
POL-205293,TG-109653,16351.0,Denied,Apartment,2023-04-14
POL-205294,TG-105794,19569.0,Denied,Apartment,2025-04-28
POL-205295,TG-103221,23711.0,Denied,Condo,2024-05-05
POL-205296,TG-104494,5982.0, approved , apartment ,2025-03-18
POL-205297,TG-107495,23364.0,Denied, apartment ,2025-06-03
POL-205298,TG-102737,9345.0,Pending,Townhouse,2024-08-14
POL-205299,TG-109968,8809.0,Denied,Apartment,2024-10-28
POL-205300,TG-101449,19953.0,Pending,Condo,2025-02-15
POL-205301,TG-103959,24643.0,Denied, apartment ,2024-12-04
POL-205302,TG-100944,22666.0,Approved,Apartment,2023-08-19
POL-205303,TG-100736,15080.0, approved ,Townhouse,2023-06-16
POL-205304,TG-106470,18004.0, approved ,Townhouse,2024-04-07
POL-205305,TG-106883,15248.0, approved , apartment ,2023-03-17
POL-205306,TG-108673,7378.0,Approved,Condo,2025-03-29
POL-205307,TG-105247,10028.0,Pending,Condo,2025-05-16
POL-205308,TG-107594,6356.0, approved , apartment ,2023-02-04
POL-205309,TG-108850,24105.0,Pending,Apartment,2023-10-29
POL-205310,TG-106367,22088.0,Denied, apartment ,2023-01-21
POL-205311,TG-102929,15548.0,Denied,Condo,2023-11-23
POL-205312,TG-109974,6092.0,Pending,Apartment,2023-09-25
POL-205313,TG-107641,23023.0,Approved, apartment ,2023-04-18
POL-205314,TG-105896,11674.0,Pending,Apartment,2023-03-17
POL-205315,TG-103179,11612.0,Denied,Townhouse,2023-12-17
POL-205316,TG-107365,23143.0,Approved,Apartment,2023-06-24
POL-205317,TG-100416,17931.0, approved ,Townhouse,2024-01-20
POL-205318,TG-106993,5447.0,Denied,Apartment,2023-06-14
POL-205319,TG-103158,16507.0, approved ,Townhouse,2025-01-19
POL-205320,TG-109786,24521.0,Pending,Condo,2023-03-18
POL-205321,TG-102374,12738.0,Approved,Townhouse,2024-07-14
POL-205322,TG-103725,7371.0,Approved,Condo,2023-04-06
POL-205323,TG-106605,8990.0,Approved, apartment ,2023-12-13
POL-205324,TG-101076,18518.0,Denied, apartment ,2024-08-31
POL-205325,TG-101279,7466.0,Pending,Condo,2024-09-20
POL-205326,TG-102643,12147.0,Approved,Townhouse,2024-05-09
POL-205327,TG-109116,9149.0,Denied,Townhouse,2024-12-22
POL-205328,TG-109350,6884.0,Pending,Condo,2023-02-01
POL-205329,TG-104330,5946.0,Pending,Townhouse,2024-03-17
POL-205330,TG-108029,6047.0, approved ,Apartment,2024-10-31
POL-205331,TG-100601,23717.0,Approved,Apartment,2023-06-18
POL-205332,TG-104804,16602.0, approved ,Townhouse,2024-09-13
POL-205333,TG-105976,10058.0, approved ,Apartment,2024-03-20
POL-205334,TG-104701,23803.0,Approved,Apartment,2023-06-10
POL-205335,TG-102209,15529.0,Pending,Condo,2023-02-24
POL-205336,TG-103602,24204.0, approved ,Apartment,2023-04-14
POL-205337,TG-107431,9782.0, approved , apartment ,2023-12-06
POL-205338,TG-102013,8636.0,Denied,Townhouse,2023-07-30
POL-205339,TG-109174,8921.0,Pending, apartment ,2023-07-14
POL-205340,TG-104907,19935.0,Denied,Condo,2024-02-24
POL-205341,TG-101131,13542.0, approved ,Condo,2024-12-14
POL-205342,TG-105171,8331.0,Pending, apartment ,2024-07-21
POL-205343,TG-101389,12229.0,Pending,Condo,2025-01-09
POL-205344,TG-108143,6990.0, approved , apartment ,2025-01-17
POL-205345,TG-102567,21949.0,Denied, apartment ,2024-07-07
POL-205346,TG-104492,8574.0, approved , apartment ,2023-09-29
POL-205347,TG-102985,13797.0,Pending, apartment ,2024-11-07
POL-205348,TG-102835,9983.0, approved ,Condo,2023-10-16
POL-205349,TG-109378,19198.0,Pending,Condo,2023-11-01
POL-205350,TG-103905,5199.0,Pending,Condo,2023-09-01
POL-205351,TG-105091,21306.0,Approved,Townhouse,2023-04-09
POL-205352,TG-106960,13479.0,Denied,Apartment,2023-02-20
POL-205353,TG-104289,11181.0,Pending,Apartment,2024-02-07
POL-205354,TG-101732,21765.0,Denied, apartment ,2024-08-08
POL-205355,TG-100472,20340.0,Approved,Apartment,2024-07-16
POL-205356,TG-107552,,Denied, apartment ,2025-05-10
POL-205357,TG-106322,17440.0,Approved,Condo,2024-05-17
POL-205358,TG-105461,5309.0, approved , apartment ,2023-06-07
POL-205359,TG-107366,14383.0,Pending,Townhouse,2023-02-25
POL-205360,TG-101019,5330.0,Pending,Condo,2024-01-05
POL-205361,TG-106102,21601.0,Denied,Townhouse,2023-01-04
POL-205362,TG-101374,17168.0,Approved,Apartment,2024-03-13
POL-205363,TG-106618,15903.0,Denied,Apartment,2023-03-31
POL-205364,TG-106933,9363.0,Approved,Townhouse,2023-10-29
POL-205365,TG-106320,22638.0, approved ,Condo,2025-04-23
POL-205366,TG-108812,18096.0,Pending,Condo,2024-11-08
POL-205367,TG-102477,5479.0,Pending, apartment ,2024-10-02
POL-205368,TG-107139,12528.0, approved ,Apartment,2024-09-06
POL-205369,TG-106288,23544.0,Approved,Townhouse,2024-05-06
POL-205370,TG-100875,18163.0,Approved,Apartment,2023-07-24
POL-205371,TG-102653,22174.0,Approved,Townhouse,2023-04-10
POL-205372,TG-105563,17879.0,Pending,Townhouse,2023-01-27
POL-205373,TG-101671,24825.0,Approved,Condo,2023-07-31
POL-205374,TG-108239,12483.0, approved , apartment ,2023-06-24
POL-205375,TG-102804,16841.0,Approved, apartment ,2024-10-15
POL-205376,TG-102861,9320.0,Denied, apartment ,2023-10-26
POL-205377,TG-102876,20541.0,Approved,Apartment,2023-03-25
POL-205378,TG-105509,5812.0, approved , apartment ,2024-04-29
POL-205379,TG-100412,16319.0,Pending,Apartment,2025-05-14
POL-205380,TG-102110,14709.0,Approved,Townhouse,2023-04-29
POL-205381,TG-104829,15111.0,Denied,Condo,2023-11-12
POL-205382,TG-107725,17942.0,Denied,Apartment,2025-03-14
POL-205383,TG-108609,18458.0, approved ,Apartment,2024-02-12
POL-205384,TG-102387,8419.0,Approved,Apartment,2024-04-27
POL-205385,TG-106030,14498.0,Approved, apartment ,2024-05-15
POL-205386,TG-108057,14687.0,Approved,Apartment,2024-11-07
POL-205387,TG-105356,6252.0,Denied,Townhouse,2023-09-29
POL-205388,TG-100279,5441.0,Pending,Apartment,2023-04-04
POL-205389,TG-102897,15217.0,Approved, apartment ,2024-10-19
POL-205390,TG-101705,21738.0,Denied,Apartment,2024-07-11
POL-205391,TG-108962,20677.0,Pending, apartment ,2024-02-01
POL-205392,TG-104823,21434.0, approved , apartment ,2023-07-09
POL-205393,TG-104352,7901.0, approved ,Townhouse,2024-01-15
POL-205394,TG-104476,20270.0,Denied,Condo,2024-01-26
POL-205395,TG-105346,21639.0,Denied,Apartment,2024-01-14
POL-205396,TG-107695,,Approved,Apartment,2023-07-11
POL-205397,TG-105320,14683.0, approved ,Townhouse,2024-04-01
POL-205398,TG-100773,5595.0,Approved, apartment ,2023-02-15
POL-205399,TG-107965,23229.0,Approved,Condo,2023-09-27
POL-205400,TG-101516,22298.0, approved ,Apartment,2024-03-26
POL-205401,TG-109066,11595.0, approved ,Condo,2024-04-21
POL-205402,TG-102732,14211.0, approved ,Apartment,2023-09-27
POL-205403,TG-106243,18078.0,Pending,Condo,2023-08-20
POL-205404,TG-109048,23492.0,Approved,Townhouse,2025-05-07
POL-205405,TG-108371,21384.0,Approved,Condo,2023-10-03
POL-205406,TG-104214,11786.0, approved ,Townhouse,2024-07-31
POL-205407,TG-107747,8759.0, approved , apartment ,2023-03-05
POL-205408,TG-102132,9678.0, approved ,Condo,2023-06-04
POL-205409,TG-106894,5495.0, approved ,Apartment,2025-02-09
POL-205410,TG-100487,22919.0, approved ,Townhouse,2024-12-14
POL-205411,TG-100147,8307.0,Pending,Condo,2024-11-14
POL-205412,TG-105547,13457.0,Denied, apartment ,2023-04-10
POL-205413,TG-106048,23365.0,Approved,Condo,2023-03-29
POL-205414,TG-108410,21100.0,Denied,Apartment,2024-11-15
POL-205415,TG-109530,12976.0,Pending, apartment ,2023-12-19
POL-205416,TG-108918,9906.0,Approved, apartment ,2025-04-07
POL-205417,TG-103308,8270.0, approved , apartment ,2024-07-08
POL-205418,TG-105168,13392.0,Pending,Townhouse,2024-02-28
POL-205419,TG-109742,,Pending,Condo,2025-02-13
POL-205420,TG-106121,12900.0, approved ,Townhouse,2024-08-26
POL-205421,TG-104994,20288.0, approved ,Townhouse,2023-08-21
POL-205422,TG-107618,21548.0,Denied,Apartment,2024-07-20
POL-205423,TG-103413,16384.0,Approved,Apartment,2023-03-04
POL-205424,TG-100138,19621.0,Pending,Condo,2025-05-10
POL-205425,TG-100950,24824.0, approved ,Condo,2024-02-01
POL-205426,TG-105639,7581.0,Pending, apartment ,2025-04-18
POL-205427,TG-106180,19505.0,Approved,Townhouse,2024-06-19
POL-205428,TG-103327,9239.0, approved , apartment ,2024-03-04
POL-205429,TG-108109,12234.0, approved ,Townhouse,2024-07-02
POL-205430,TG-102762,6453.0,Approved, apartment ,2024-12-04
POL-205431,TG-102081,13167.0, approved ,Apartment,2025-06-06
POL-205432,TG-103249,22680.0,Approved, apartment ,2024-05-01
POL-205433,TG-101070,8831.0, approved , apartment ,2024-08-09
POL-205434,TG-103543,20434.0,Approved,Townhouse,2023-08-30
POL-205435,TG-107042,9571.0,Pending,Apartment,2024-05-02
POL-205436,TG-109117,16122.0,Approved,Townhouse,2023-11-03
POL-205437,TG-109792,10739.0,Denied,Townhouse,2023-03-22
POL-205438,TG-110001,12005.0,Pending,Townhouse,2024-02-09
POL-205439,TG-106884,13933.0,Pending,Condo,2025-05-24
POL-205440,TG-107603,18189.0, approved ,Apartment,2025-01-01
POL-205441,TG-105058,18584.0, approved ,Apartment,2023-02-05
POL-205442,TG-101495,17222.0,Denied,Apartment,2024-05-29
POL-205443,TG-102072,8488.0,Pending,Apartment,2024-08-07
POL-205444,TG-106329,16371.0, approved ,Townhouse,2024-06-13
POL-205445,TG-104309,7838.0,Denied, apartment ,2025-03-30
POL-205446,TG-109288,12167.0,Approved,Apartment,2024-08-08
POL-205447,TG-107221,20882.0,Approved,Apartment,2024-11-24
POL-205448,TG-108847,13899.0,Denied, apartment ,2024-09-27
POL-205449,TG-105736,19748.0,Approved,Townhouse,2023-05-31
POL-205450,TG-108875,5904.0,Approved, apartment ,2023-05-04
POL-205451,TG-106662,22533.0,Pending,Apartment,2025-02-14
POL-205452,TG-101178,8985.0,Pending,Apartment,2024-04-04
POL-205453,TG-104156,24512.0,Approved,Condo,2023-06-27
POL-205454,TG-102749,17485.0,Approved, apartment ,2023-06-21
POL-205455,TG-104364,23138.0,Denied,Apartment,2023-08-05
POL-205456,TG-104306,17837.0,Pending,Apartment,2025-04-07
POL-205457,TG-107184,5520.0,Denied, apartment ,2023-07-17
POL-205458,TG-107056,24008.0,Pending,Apartment,2023-05-10
POL-205459,TG-104350,15204.0,Denied,Townhouse,2023-02-13
POL-205460,TG-105647,8063.0, approved , apartment ,2024-03-09
POL-205461,TG-105117,13022.0,Denied,Apartment,2023-03-22
POL-205462,TG-108972,19111.0, approved ,Apartment,2024-11-30
POL-205463,TG-108388,19127.0,Approved,Condo,2024-03-21
POL-205464,TG-109234,20031.0,Pending, apartment ,2023-07-26
POL-205465,TG-105724,10230.0,Pending,Condo,2025-04-22
POL-205466,TG-101781,9303.0, approved , apartment ,2024-10-04
POL-205467,TG-108311,17410.0,Pending,Apartment,2023-06-01
POL-205468,TG-102613,14765.0, approved ,Apartment,2025-05-04
POL-205469,TG-108644,12476.0, approved ,Condo,2024-09-01
POL-205470,TG-100989,20832.0,Denied,Townhouse,2023-09-22
POL-205471,TG-101948,22850.0,Denied,Townhouse,2023-11-24
POL-205472,TG-108313,19910.0,Denied,Apartment,2025-01-14
POL-205473,TG-102804,7479.0,Denied,Townhouse,2025-04-06
POL-205474,TG-100303,6024.0, approved ,Apartment,2023-03-10
POL-205475,TG-109987,17202.0,Pending,Condo,2023-03-31
POL-205476,TG-101802,19176.0, approved ,Townhouse,2024-02-02
POL-205477,TG-100269,13329.0,Pending,Condo,2024-07-23
POL-205478,TG-101391,8077.0,Approved,Apartment,2024-02-11
POL-205479,TG-101123,14704.0,Pending,Apartment,2024-07-19
POL-205480,TG-106327,8223.0,Approved,Condo,2023-11-30
POL-205481,TG-106220,23373.0,Approved,Condo,2025-05-27
POL-205482,TG-106879,10280.0,Denied, apartment ,2023-10-10
POL-205483,TG-104273,23958.0,Pending,Townhouse,2024-06-16
POL-205484,TG-108381,20397.0, approved ,Townhouse,2024-04-14
POL-205485,TG-101288,24939.0,Denied,Condo,2025-06-13
POL-205486,TG-102994,,Approved, apartment ,2023-01-13
POL-205487,TG-102933,13561.0,Pending, apartment ,2025-03-16
POL-205488,TG-105072,10641.0, approved ,Condo,2024-12-18
POL-205489,TG-105374,6681.0,Approved,Condo,2024-09-30
POL-205490,TG-105836,12193.0, approved ,Apartment,2024-08-24
POL-205491,TG-107287,20107.0,Approved,Condo,2024-06-19
POL-205492,TG-106557,18992.0,Pending, apartment ,2025-03-11
POL-205493,TG-108842,8271.0,Pending,Condo,2024-03-05
POL-205494,TG-104994,19168.0,Denied,Townhouse,2023-04-26
POL-205495,TG-106837,16908.0,Denied, apartment ,2024-02-29
POL-205496,TG-105808,14731.0, approved ,Townhouse,2023-06-03
POL-205497,TG-105174,24306.0,Pending,Townhouse,2023-06-01
POL-205498,TG-108021,9103.0,Denied,Condo,2024-08-03
POL-205499,TG-105950,24457.0,Approved, apartment ,2024-08-25
POL-205500,TG-103956,24229.0,Denied,Condo,2024-08-19
POL-205501,TG-102632,22905.0,Approved,Condo,2025-02-15
POL-205502,TG-107768,20147.0, approved ,Condo,2023-04-13
POL-205503,TG-105271,14472.0,Denied,Condo,2023-04-19
POL-205504,TG-101067,10917.0,Approved,Condo,2024-07-30
POL-205505,TG-102813,16503.0, approved ,Condo,2025-03-09
POL-205506,TG-105812,7623.0,Denied,Townhouse,2023-04-14
POL-205507,TG-107360,6505.0, approved ,Condo,2025-03-15
POL-205508,TG-108772,22977.0,Approved, apartment ,2023-10-20
POL-205509,TG-104886,9544.0,Pending,Townhouse,2025-06-07
POL-205510,TG-106441,16865.0,Denied,Apartment,2024-07-02
POL-205511,TG-100270,24133.0,Approved,Townhouse,2023-12-19
POL-205512,TG-109409,19951.0, approved ,Townhouse,2025-06-17
POL-205513,TG-108305,5577.0, approved ,Townhouse,2024-02-25
POL-205514,TG-105777,6930.0,Pending,Apartment,2023-09-28
POL-205515,TG-102254,5620.0, approved ,Townhouse,2024-01-28
POL-205516,TG-110042,18160.0,Pending,Condo,2024-11-01
POL-205517,TG-101866,12420.0, approved ,Townhouse,2024-05-12
POL-205518,TG-109705,21436.0,Approved,Apartment,2024-08-08
POL-205519,TG-101086,21602.0,Pending,Condo,2024-09-15
POL-205520,TG-102441,14686.0,Pending,Condo,2024-04-29
POL-205521,TG-107307,16127.0,Approved, apartment ,2023-02-08
POL-205522,TG-106870,16040.0,Denied,Townhouse,2023-06-26
POL-205523,TG-106234,8075.0,Denied,Condo,2023-10-10
POL-205524,TG-100768,7733.0,Pending, apartment ,2024-02-17
POL-205525,TG-104704,16258.0,Approved,Condo,2023-05-28
POL-205526,TG-104710,18606.0,Denied, apartment ,2024-09-25
POL-205527,TG-109622,22886.0,Denied,Townhouse,2024-09-15
POL-205528,TG-107178,13930.0, approved ,Apartment,2024-11-28
POL-205529,TG-105424,18890.0,Denied, apartment ,2024-12-11
POL-205530,TG-100835,19516.0,Approved, apartment ,2024-02-16
POL-205531,TG-106346,13434.0,Approved,Condo,2023-02-09
POL-205532,TG-101455,8673.0,Approved, apartment ,2024-02-10
POL-205533,TG-100904,7851.0, approved , apartment ,2025-06-19
POL-205534,TG-100782,10972.0,Pending,Apartment,2023-12-06
POL-205535,TG-100616,14903.0,Approved,Apartment,2024-12-08
POL-205536,TG-109930,7672.0, approved , apartment ,2023-09-01
POL-205537,TG-105230,15822.0,Pending,Condo,2023-02-20
POL-205538,TG-100761,21324.0,Approved, apartment ,2025-02-02
POL-205539,TG-105142,21158.0,Pending,Apartment,2024-05-01
POL-205540,TG-104616,9846.0,Approved,Condo,2023-10-03
POL-205541,TG-103717,15881.0,Denied,Townhouse,2024-01-17
POL-205542,TG-101803,8985.0, approved ,Condo,2023-01-21
POL-205543,TG-108043,5183.0,Approved,Condo,2023-12-12
POL-205544,TG-107661,8209.0,Denied,Townhouse,2025-04-17
POL-205545,TG-103470,18377.0,Approved, apartment ,2025-03-23
POL-205546,TG-108448,8081.0,Denied, apartment ,2023-11-07
POL-205547,TG-109868,14914.0, approved ,Apartment,2023-11-15
POL-205548,TG-106368,9939.0,Approved,Condo,2023-10-15
POL-205549,TG-108778,7152.0,Approved,Apartment,2025-05-13
POL-205550,TG-103389,15032.0, approved ,Apartment,2024-05-18
POL-205551,TG-102255,24547.0,Pending,Townhouse,2025-05-28
POL-205552,TG-107924,,Pending, apartment ,2024-12-13
POL-205553,TG-105250,22833.0, approved ,Apartment,2024-12-02
POL-205554,TG-101039,14924.0,Pending,Condo,2023-04-11
POL-205555,TG-105279,18128.0,Denied,Condo,2025-06-08
POL-205556,TG-107641,14853.0, approved ,Apartment,2023-08-22
POL-205557,TG-101370,6508.0,Denied, apartment ,2023-05-18
POL-205558,TG-107016,22653.0,Approved,Condo,2023-11-04
POL-205559,,5630.0,Pending,Townhouse,2025-01-31
POL-205560,TG-108459,24196.0,Pending,Condo,2024-03-29
POL-205561,TG-100418,12070.0,Pending,Apartment,2025-03-03
POL-205562,TG-101170,14470.0,Denied,Condo,2025-04-25
POL-205563,TG-104752,8446.0, approved ,Condo,2023-11-25
POL-205564,TG-106910,19952.0,Approved,Townhouse,2023-10-03
POL-205565,TG-104607,20410.0,Approved, apartment ,2025-01-16
POL-205566,TG-109608,21410.0,Approved, apartment ,2024-03-02
POL-205567,TG-109901,15132.0,Approved, apartment ,2024-09-11
POL-205568,TG-109934,6637.0,Approved,Apartment,2024-10-23
POL-205569,TG-106028,19659.0,Approved,Townhouse,2023-04-02
POL-205570,TG-100738,10230.0, approved ,Apartment,2023-07-12
POL-205571,TG-100185,13716.0, approved ,Apartment,2024-03-28
POL-205572,TG-107411,19578.0,Pending, apartment ,2023-08-05
POL-205573,TG-107158,19750.0,Denied,Condo,2025-04-23
POL-205574,TG-103298,16757.0,Pending,Apartment,2024-02-21
POL-205575,TG-104702,12227.0,Pending,Apartment,2025-01-28
POL-205576,TG-105182,17174.0,Denied,Townhouse,2024-05-11
POL-205577,TG-107377,22511.0, approved , apartment ,2025-02-16
POL-205578,TG-104331,24696.0, approved ,Condo,2024-06-12
POL-205579,TG-101809,23715.0,Approved,Townhouse,2025-06-07
POL-205580,TG-107039,19781.0,Approved,Condo,2024-01-18
POL-205581,TG-108557,20053.0,Denied, apartment ,2025-04-20
POL-205582,TG-104431,9036.0,Denied,Townhouse,2023-02-27
POL-205583,TG-107766,16281.0,Pending,Townhouse,2024-06-11
POL-205584,TG-105534,6745.0,Pending,Condo,2025-03-21
POL-205585,TG-100242,19738.0,Denied,Condo,2023-06-12
POL-205586,TG-104532,21242.0,Denied, apartment ,2023-03-09
POL-205587,TG-107905,15191.0,Denied, apartment ,2023-11-15
POL-205588,TG-107723,11397.0,Approved,Condo,2024-12-27
POL-205589,TG-102608,5654.0,Approved, apartment ,2024-06-02
POL-205590,TG-108271,24383.0,Denied,Townhouse,2024-02-18
POL-205591,TG-103699,18226.0, approved ,Apartment,2023-05-19
POL-205592,TG-102648,20452.0,Approved,Apartment,2025-03-10
POL-205593,TG-101444,14848.0,Approved,Townhouse,2025-05-21
POL-205594,TG-106831,21959.0, approved ,Townhouse,2024-06-20
POL-205595,TG-105458,22248.0,Denied, apartment ,2025-06-19
POL-205596,TG-109460,9260.0, approved ,Condo,2024-08-05
POL-205597,TG-105758,19734.0,Denied,Condo,2023-01-30
POL-205598,TG-104981,23972.0,Approved, apartment ,2023-06-27
POL-205599,TG-108954,12334.0, approved , apartment ,2023-07-17
POL-205600,TG-102673,21087.0, approved , apartment ,2025-06-15
POL-205601,TG-105732,14202.0,Denied,Condo,2025-05-02
POL-205602,TG-105818,,Pending, apartment ,2023-07-25
POL-205603,TG-108806,,Denied,Townhouse,2025-05-07
POL-205604,TG-100142,14727.0,Approved,Condo,2023-03-01
POL-205605,TG-107351,15013.0,Pending,Apartment,2023-09-13
POL-205606,TG-100590,19011.0,Denied,Condo,2023-02-03
POL-205607,TG-101595,14774.0,Denied,Condo,2024-04-12
POL-205608,TG-108466,16600.0,Pending, apartment ,2023-02-21
POL-205609,TG-100668,23103.0,Approved,Condo,2024-01-05
POL-205610,TG-106845,14180.0,Approved,Townhouse,2024-12-22
POL-205611,TG-101784,12576.0,Approved,Apartment,2023-07-23
POL-205612,TG-106880,16693.0,Pending,Condo,2023-10-08
POL-205613,TG-100893,22045.0, approved ,Condo,2024-01-13
POL-205614,TG-106994,6907.0,Denied, apartment ,2025-04-23
POL-205615,TG-100291,21803.0,Pending,Apartment,2024-04-20
POL-205616,TG-109185,18685.0,Pending,Condo,2024-06-01
POL-205617,TG-107727,8332.0,Approved,Condo,2024-02-11
POL-205618,TG-102502,19790.0,Denied,Townhouse,2024-10-12
POL-205619,TG-104449,10914.0,Pending,Townhouse,2023-05-07
POL-205620,TG-104793,21875.0,Denied,Townhouse,2024-11-28
POL-205621,,12995.0,Pending, apartment ,2023-02-01
POL-205622,TG-100294,15829.0,Approved,Townhouse,2023-09-05
POL-205623,TG-104717,18771.0, approved ,Townhouse,2024-01-17
POL-205624,TG-104437,6102.0,Pending,Townhouse,2024-05-15
POL-205625,TG-102472,7478.0, approved , apartment ,2024-08-31
POL-205626,TG-103889,24890.0, approved , apartment ,2024-04-01
POL-205627,TG-109658,13170.0,Approved,Apartment,2023-07-01
POL-205628,TG-104839,19106.0, approved ,Condo,2025-06-10
POL-205629,TG-102484,21241.0, approved , apartment ,2024-04-30
POL-205630,TG-101470,8622.0,Denied,Apartment,2024-08-23
POL-205631,TG-109713,20672.0,Denied,Apartment,2024-07-18
POL-205632,TG-109428,24060.0, approved ,Apartment,2023-12-25
POL-205633,TG-104924,18745.0,Pending,Apartment,2023-12-19
POL-205634,TG-108648,20574.0,Denied,Townhouse,2023-06-17
POL-205635,TG-102851,12575.0, approved ,Condo,2025-05-07
POL-205636,TG-108588,12223.0,Pending,Townhouse,2023-09-22
POL-205637,TG-105549,15308.0, approved ,Townhouse,2025-02-05
POL-205638,TG-103446,10220.0,Approved, apartment ,2025-04-30
POL-205639,TG-107776,21546.0, approved ,Condo,2024-12-06
POL-205640,TG-102649,19589.0,Pending,Townhouse,2023-04-03
POL-205641,TG-107680,22688.0, approved ,Apartment,2023-10-19
POL-205642,TG-103771,17726.0,Approved,Apartment,2023-01-29
POL-205643,TG-105633,10657.0,Pending, apartment ,2024-01-31
POL-205644,TG-108483,8323.0, approved ,Townhouse,2023-02-20
POL-205645,TG-105597,14317.0,Approved,Condo,2023-06-16
POL-205646,TG-108783,15926.0,Pending,Apartment,2025-05-24
POL-205647,TG-105768,22918.0, approved ,Townhouse,2024-08-08
POL-205648,TG-108974,23805.0,Denied,Apartment,2025-03-09
POL-205649,TG-105286,23305.0, approved ,Condo,2023-08-08
POL-205650,,17109.0,Approved, apartment ,2025-05-27
POL-205651,TG-109658,6683.0,Denied,Apartment,2023-08-15
POL-205652,TG-104686,20605.0,Approved,Condo,2024-10-24
POL-205653,TG-100259,8858.0, approved ,Apartment,2023-08-19
POL-205654,TG-106888,19388.0, approved , apartment ,2024-11-24
POL-205655,TG-103567,18915.0,Pending,Apartment,2023-07-31
POL-205656,TG-100991,17140.0,Pending,Apartment,2023-10-03
POL-205657,TG-101045,19198.0, approved ,Townhouse,2024-10-29
POL-205658,TG-108384,8381.0,Approved,Townhouse,2024-02-24
POL-205659,TG-109269,23212.0,Denied,Townhouse,2024-06-09
POL-205660,TG-104610,15168.0,Approved,Apartment,2023-01-21
POL-205661,TG-103551,19199.0, approved ,Condo,2025-06-04
POL-205662,TG-102016,12694.0,Approved,Condo,2025-03-10
POL-205663,TG-104619,20331.0,Pending, apartment ,2025-02-24
POL-205664,TG-101659,21857.0,Approved,Townhouse,2024-11-29
POL-205665,TG-100007,5883.0,Denied,Townhouse,2023-01-10
POL-205666,TG-104995,24766.0,Approved,Apartment,2024-04-30
POL-205667,TG-104800,12581.0,Pending, apartment ,2023-05-16
POL-205668,TG-102949,,Approved,Apartment,2024-10-24
POL-205669,TG-100957,, approved ,Condo,2023-06-27
POL-205670,TG-102343,16939.0,Approved,Townhouse,2024-09-07
POL-205671,TG-108738,20004.0, approved ,Apartment,2025-03-31
POL-205672,TG-101918,9319.0,Approved, apartment ,2023-01-09
POL-205673,TG-102865,13386.0,Approved,Apartment,2023-08-18
POL-205674,TG-103495,18921.0,Denied,Apartment,2023-09-16
POL-205675,TG-107946,20454.0,Approved,Townhouse,2024-09-14
POL-205676,TG-102369,10102.0, approved ,Apartment,2025-04-04
POL-205677,TG-101041,15964.0,Pending,Condo,2023-11-09
POL-205678,TG-106725,19443.0,Pending,Townhouse,2024-12-30
POL-205679,TG-104129,13878.0,Approved,Condo,2024-12-27
POL-205680,TG-109227,7569.0,Pending,Townhouse,2024-10-20
POL-205681,TG-100276,13865.0,Approved,Apartment,2023-10-09
POL-205682,TG-106203,9108.0,Approved,Apartment,2024-03-09
POL-205683,TG-107641,7299.0,Denied,Condo,2024-01-21
POL-205684,TG-106783,6119.0,Pending,Apartment,2025-05-22
POL-205685,TG-103599,6016.0,Approved,Townhouse,2023-12-24
POL-205686,TG-105838,7854.0,Denied, apartment ,2024-04-15
POL-205687,TG-105910,23616.0,Approved,Apartment,2023-09-16
POL-205688,TG-102452,21286.0, approved ,Apartment,2023-08-12
POL-205689,TG-102063,24118.0, approved ,Townhouse,2024-04-22
POL-205690,TG-106154,24254.0,Pending, apartment ,2023-11-06
POL-205691,TG-109427,24855.0,Pending, apartment ,2024-11-24
POL-205692,TG-110004,15652.0,Denied,Apartment,2024-06-17
POL-205693,TG-100399,16275.0,Denied,Townhouse,2025-04-24
POL-205694,TG-101994,17676.0,Pending, apartment ,2024-09-30
POL-205695,TG-104416,16958.0,Approved,Townhouse,2024-02-11
POL-205696,TG-107283,5107.0, approved ,Apartment,2024-08-21
POL-205697,TG-106019,16337.0,Approved,Apartment,2023-04-15
POL-205698,TG-103363,21818.0,Pending, apartment ,2023-01-08
POL-205699,TG-101623,14163.0, approved ,Apartment,2024-06-07
POL-205700,TG-101165,24355.0,Approved,Condo,2024-11-09
POL-205701,TG-100479,5384.0,Denied, apartment ,2025-05-13
POL-205702,TG-102507,8757.0,Approved, apartment ,2025-05-09
POL-205703,TG-101118,21681.0,Approved, apartment ,2024-01-19
POL-205704,TG-106366,8417.0,Pending,Townhouse,2024-07-28
POL-205705,TG-104131,24896.0,Pending,Townhouse,2024-10-24
POL-205706,TG-107842,16701.0,Approved, apartment ,2024-08-31
POL-205707,TG-100975,6186.0, approved ,Condo,2024-09-15
POL-205708,TG-106656,14128.0,Denied,Condo,2023-10-17
POL-205709,TG-104590,24698.0,Pending,Condo,2023-11-02
POL-205710,TG-107399,19611.0,Approved, apartment ,2024-12-01
POL-205711,TG-109011,18576.0, approved ,Apartment,2023-04-21
POL-205712,TG-101354,24914.0,Denied,Townhouse,2024-05-08
POL-205713,TG-109202,6766.0,Approved,Townhouse,2023-03-07
POL-205714,TG-104170,20220.0,Approved,Apartment,2023-12-11
POL-205715,TG-103972,5055.0,Denied,Condo,2023-10-11
POL-205716,TG-100124,8933.0,Pending,Condo,2024-10-17
POL-205717,TG-103147,9611.0, approved ,Condo,2023-11-29
POL-205718,TG-108621,17292.0,Approved,Condo,2025-06-01
POL-205719,TG-100204,12666.0, approved ,Condo,2023-10-11
POL-205720,TG-104290,5463.0,Pending, apartment ,2023-09-25
POL-205721,TG-107585,18807.0,Approved,Apartment,2024-11-02
POL-205722,TG-100275,13374.0,Denied,Condo,2024-12-29
POL-205723,TG-101702,11135.0,Denied,Apartment,2024-10-29
POL-205724,TG-103635,23383.0,Approved, apartment ,2023-11-02
POL-205725,TG-103633,11731.0,Pending,Townhouse,2023-07-12
POL-205726,TG-100040,20088.0,Pending,Apartment,2023-06-03
POL-205727,TG-106960,9359.0,Pending,Apartment,2024-06-13
POL-205728,TG-100070,24521.0,Pending,Apartment,2025-02-22
POL-205729,TG-100302,, approved , apartment ,2023-09-04
POL-205730,TG-107992,9146.0,Approved,Condo,2023-02-28
POL-205731,TG-100557,11956.0,Approved,Condo,2025-04-04
POL-205732,TG-102088,23556.0,Denied,Condo,2025-05-27
POL-205733,TG-104300,12925.0, approved ,Townhouse,2025-04-01
POL-205734,TG-109628,10554.0,Approved,Apartment,2025-04-09
POL-205735,TG-103752,20488.0,Approved,Townhouse,2024-09-06
POL-205736,TG-103924,20858.0, approved ,Townhouse,2024-02-18
POL-205737,TG-105378,17371.0,Approved,Apartment,2024-11-07
POL-205738,TG-100029,18339.0,Approved,Condo,2023-11-24
POL-205739,TG-104198,20778.0,Approved,Apartment,2024-11-28
POL-205740,TG-101877,17475.0,Pending,Apartment,2023-05-24
POL-205741,TG-106659,15161.0,Approved,Condo,2025-01-08
POL-205742,TG-102503,23038.0, approved ,Townhouse,2023-01-27
POL-205743,TG-108594,9967.0, approved ,Condo,2024-11-02
POL-205744,TG-102644,20559.0,Pending,Condo,2024-05-24
POL-205745,TG-101037,13948.0,Denied,Condo,2023-10-30
POL-205746,TG-104306,18865.0,Denied, apartment ,2023-09-23
POL-205747,TG-104474,7332.0, approved ,Apartment,2024-03-04
POL-205748,TG-106139,11187.0,Pending,Condo,2024-02-19
POL-205749,TG-108583,21455.0, approved ,Townhouse,2024-02-02
POL-205750,TG-107206,19143.0,Approved,Apartment,2025-01-24
POL-205751,TG-109338,20607.0,Pending,Condo,2023-02-06
POL-205752,TG-102793,20483.0,Approved, apartment ,2024-08-20
POL-205753,TG-109039,19315.0,Denied,Apartment,2024-12-26
POL-205754,TG-104948,22622.0, approved , apartment ,2024-08-08
POL-205755,TG-102286,15862.0,Denied,Apartment,2025-04-15
POL-205756,TG-105016,19563.0,Approved,Apartment,2023-07-14
POL-205757,TG-109687,21023.0,Denied,Apartment,2023-12-18
POL-205758,TG-102542,24410.0,Denied, apartment ,2025-01-13
POL-205759,TG-107055,11574.0,Approved,Condo,2024-12-31
POL-205760,TG-101712,11261.0, approved , apartment ,2023-08-16
POL-205761,TG-104680,23174.0, approved ,Apartment,2024-12-03
POL-205762,TG-102021,23530.0,Approved,Townhouse,2024-07-01
POL-205763,TG-106447,19570.0,Pending, apartment ,2024-10-15
POL-205764,TG-107740,11506.0,Denied,Condo,2025-03-14
POL-205765,TG-101397,24549.0,Pending,Condo,2024-05-02
POL-205766,TG-105675,20272.0,Approved,Townhouse,2024-11-18
POL-205767,TG-102839,8942.0,Pending, apartment ,2024-01-03
POL-205768,TG-107200,12706.0,Denied,Townhouse,2024-06-03
POL-205769,TG-105769,15777.0,Denied,Condo,2023-11-04
POL-205770,TG-104853,13058.0,Pending,Apartment,2025-05-15
POL-205771,TG-102974,, approved , apartment ,2023-06-24
POL-205772,TG-107427,6649.0,Denied, apartment ,2025-05-10
POL-205773,TG-106819,22481.0,Approved,Apartment,2024-11-04
POL-205774,TG-100521,22263.0,Denied,Townhouse,2025-06-16
POL-205775,TG-100724,23183.0,Approved,Condo,2024-07-25
POL-205776,TG-102725,13637.0,Pending,Townhouse,2023-07-05
POL-205777,TG-103045,18170.0,Denied,Townhouse,2023-10-28
POL-205778,TG-104269,10543.0,Denied,Condo,2023-04-10
POL-205779,TG-109244,14960.0,Pending,Apartment,2024-04-27
POL-205780,TG-109828,7450.0, approved ,Townhouse,2023-05-12
POL-205781,TG-101842,24941.0,Pending,Condo,2025-01-28
POL-205782,TG-106331,7707.0,Approved,Apartment,2023-09-22
POL-205783,TG-100132,20225.0,Denied,Condo,2025-01-12
POL-205784,TG-107170,6448.0,Denied,Townhouse,2025-04-07
POL-205785,TG-100881,16720.0, approved , apartment ,2024-07-26
POL-205786,TG-109565,17031.0,Approved,Condo,2025-02-20
POL-205787,TG-105639,21909.0,Denied,Condo,2023-07-07
POL-205788,TG-103179,18022.0,Pending,Apartment,2024-11-27
POL-205789,TG-104044,21810.0, approved ,Condo,2023-12-10
POL-205790,TG-102421,6114.0,Approved,Apartment,2024-11-01
POL-205791,TG-106405,13108.0,Pending, apartment ,2023-04-02
POL-205792,TG-101097,12286.0,Denied,Apartment,2023-08-16
POL-205793,TG-101332,13900.0,Approved,Condo,2023-12-30
POL-205794,TG-105957,14502.0,Denied,Condo,2023-08-17
POL-205795,TG-100894,5721.0,Denied,Condo,2025-02-01
POL-205796,TG-109497,16297.0,Denied, apartment ,2025-06-11
POL-205797,TG-105019,14909.0,Pending,Apartment,2023-11-11
POL-205798,TG-109163,23507.0,Approved, apartment ,2024-03-06
POL-205799,TG-104148,12934.0,Pending,Townhouse,2025-03-18
POL-205800,TG-107740,23599.0, approved ,Townhouse,2023-12-06
POL-205801,TG-101959,9871.0, approved ,Townhouse,2024-01-16
POL-205802,TG-106851,10145.0,Denied,Apartment,2023-09-24
POL-205803,TG-103543,17122.0,Denied,Apartment,2024-08-22
POL-205804,TG-109740,14972.0,Pending,Townhouse,2023-10-29
POL-205805,TG-109922,13654.0,Approved,Condo,2024-04-19
POL-205806,TG-103060,22033.0, approved ,Apartment,2025-05-21
POL-205807,TG-108922,12653.0,Pending,Townhouse,2023-05-01
POL-205808,TG-109702,11497.0,Denied,Apartment,2024-04-26
POL-205809,TG-100684,16658.0, approved ,Condo,2023-02-24
POL-205810,TG-104942,16481.0,Pending,Condo,2025-06-06
POL-205811,TG-107162,13584.0, approved ,Apartment,2024-10-11
POL-205812,TG-106678,18970.0,Pending, apartment ,2024-08-20
POL-205813,TG-109766,9494.0,Approved, apartment ,2024-08-17
POL-205814,TG-100608,12111.0,Approved,Townhouse,2024-09-27
POL-205815,TG-108468,11331.0, approved , apartment ,2023-03-14
POL-205816,TG-101165,23493.0,Denied,Apartment,2024-04-28
POL-205817,TG-105900,18698.0, approved , apartment ,2023-07-19
POL-205818,TG-108427,7349.0, approved ,Apartment,2024-05-27
POL-205819,TG-107563,8849.0,Approved,Condo,2023-05-03
POL-205820,TG-109022,16187.0,Pending,Condo,2025-06-07
POL-205821,TG-109545,10337.0,Pending,Townhouse,2024-11-28
POL-205822,TG-101813,6147.0,Denied, apartment ,2024-01-26
POL-205823,TG-108622,10509.0,Pending,Condo,2024-06-26
POL-205824,TG-103164,20032.0, approved ,Townhouse,2023-11-02
POL-205825,TG-103193,12921.0,Approved,Townhouse,2024-02-28
POL-205826,TG-106342,8670.0, approved , apartment ,2023-02-25
POL-205827,TG-102289,11227.0,Denied, apartment ,2025-06-10
POL-205828,TG-105922,20784.0,Approved,Apartment,2025-05-24
POL-205829,TG-105212,20684.0, approved ,Condo,2023-06-04
POL-205830,TG-106223,,Approved, apartment ,2023-05-21
POL-205831,TG-100327,11936.0,Denied,Apartment,2023-07-25
POL-205832,TG-102994,23641.0,Pending,Apartment,2023-12-17
POL-205833,TG-105562,18852.0,Pending,Apartment,2024-02-24
POL-205834,TG-104040,,Approved, apartment ,2024-08-06
POL-205835,TG-108211,10438.0,Denied,Condo,2024-04-13
POL-205836,TG-106777,15540.0,Denied, apartment ,2023-05-27
POL-205837,TG-103356,13973.0,Pending,Townhouse,2023-11-20
POL-205838,TG-100865,13576.0,Approved,Townhouse,2025-06-02
POL-205839,TG-101371,11533.0,Pending,Apartment,2025-01-02
POL-205840,TG-100801,7175.0,Denied,Condo,2023-07-04
POL-205841,TG-100336,5439.0, approved , apartment ,2025-03-08
POL-205842,TG-103587,13015.0,Denied, apartment ,2023-03-24
POL-205843,TG-103123,19415.0, approved ,Condo,2024-05-14
POL-205844,TG-106241,,Approved, apartment ,2023-12-07
POL-205845,TG-109245,14177.0, approved ,Condo,2024-10-08
POL-205846,TG-109535,10690.0,Pending,Townhouse,2023-07-01
POL-205847,TG-109893,13707.0,Approved, apartment ,2023-11-17
POL-205848,TG-105917,20276.0,Denied,Condo,2024-10-11
POL-205849,TG-102782,15865.0,Pending, apartment ,2023-03-01
POL-205850,TG-107466,5839.0,Pending,Apartment,2023-01-05
POL-205851,TG-103423,15123.0,Denied,Townhouse,2024-04-07
POL-205852,TG-109708,11548.0,Approved,Townhouse,2023-10-08
POL-205853,TG-107377,12634.0,Pending,Apartment,2023-08-03
POL-205854,TG-109639,, approved ,Condo,2025-02-18
POL-205855,TG-106989,15429.0,Approved,Townhouse,2025-03-03
POL-205856,TG-106258,10945.0, approved ,Apartment,2023-06-22
POL-205857,TG-102044,8257.0,Approved,Apartment,2024-08-13
POL-205858,TG-107973,18515.0, approved ,Condo,2025-02-21
POL-205859,TG-106032,22248.0,Approved,Townhouse,2023-06-12
POL-205860,TG-104274,15365.0,Pending,Apartment,2024-05-16
POL-205861,TG-108602,8474.0,Pending,Townhouse,2025-03-15
POL-205862,TG-105540,22449.0,Denied,Apartment,2025-02-20
POL-205863,TG-107193,9914.0, approved , apartment ,2025-03-09
POL-205864,TG-106861,19446.0,Pending,Townhouse,2023-04-01
POL-205865,TG-103671,14968.0,Pending,Apartment,2023-05-13
POL-205866,TG-100832,19837.0,Denied,Apartment,2024-09-21
POL-205867,TG-107997,17283.0,Pending,Apartment,2024-03-20
POL-205868,TG-105545,19553.0,Pending,Condo,2024-10-10
POL-205869,TG-100095,,Pending,Townhouse,2024-03-15
POL-205870,TG-105950,7152.0,Denied, apartment ,2024-02-18
POL-205871,TG-108650,9837.0,Denied,Townhouse,2024-03-15
POL-205872,TG-106457,17362.0, approved ,Townhouse,2024-05-03
POL-205873,TG-104351,13116.0, approved ,Apartment,2024-01-28
POL-205874,TG-103664,11958.0, approved ,Condo,2023-01-05
POL-205875,TG-103394,24370.0, approved , apartment ,2023-02-08
POL-205876,TG-102916,23779.0, approved , apartment ,2024-06-30
POL-205877,TG-101170,24541.0,Pending,Townhouse,2023-07-24
POL-205878,TG-108554,8958.0, approved , apartment ,2025-01-18
POL-205879,TG-104980,10279.0,Pending, apartment ,2024-01-18
POL-205880,TG-102400,24202.0,Approved,Townhouse,2023-01-15
POL-205881,TG-102544,9809.0,Approved,Townhouse,2023-11-26
POL-205882,,20095.0,Approved,Condo,2025-02-14
POL-205883,TG-102670,16073.0,Denied,Townhouse,2025-05-03
POL-205884,TG-108324,6237.0,Approved,Townhouse,2024-06-27
POL-205885,TG-107361,8523.0,Denied,Apartment,2023-07-15
POL-205886,TG-103592,7431.0,Approved, apartment ,2023-01-19
POL-205887,TG-108360,23684.0,Pending,Apartment,2024-11-23
POL-205888,TG-108819,8485.0, approved ,Condo,2023-01-05
POL-205889,TG-104691,21938.0, approved ,Townhouse,2024-10-03
POL-205890,TG-106008,7130.0,Denied,Condo,2025-01-21
POL-205891,TG-107488,22331.0,Pending, apartment ,2023-09-12
POL-205892,TG-106031,20631.0,Denied,Apartment,2023-08-20
POL-205893,TG-107222,24505.0,Approved, apartment ,2024-12-11
POL-205894,TG-102981,23600.0, approved ,Apartment,2025-06-17
POL-205895,TG-100554,11010.0, approved , apartment ,2023-12-19
POL-205896,TG-104148,21960.0,Approved,Condo,2023-11-16
POL-205897,TG-106972,16129.0, approved ,Apartment,2023-05-13
POL-205898,TG-105079,22473.0,Pending,Townhouse,2023-04-16
POL-205899,TG-104933,12280.0,Pending, apartment ,2024-01-28
POL-205900,TG-100429,10278.0,Denied, apartment ,2024-05-30
POL-205901,TG-102440,9753.0, approved ,Condo,2024-08-25
POL-205902,TG-107106,15093.0,Approved,Townhouse,2023-11-10
POL-205903,TG-108035,21746.0,Pending,Townhouse,2023-06-21
POL-205904,TG-108470,9871.0,Denied, apartment ,2023-03-08
POL-205905,TG-102846,6888.0,Pending,Condo,2025-04-23
POL-205906,TG-108423,17347.0, approved ,Apartment,2023-02-16
POL-205907,TG-101314,11735.0, approved ,Townhouse,2023-11-02
POL-205908,TG-109263,11894.0,Pending,Apartment,2023-10-25
POL-205909,TG-103604,11894.0, approved ,Townhouse,2024-04-11
POL-205910,TG-103827,22624.0, approved ,Condo,2025-01-15
POL-205911,TG-106437,9338.0,Denied, apartment ,2024-06-16
POL-205912,TG-108929,6099.0,Denied, apartment ,2024-09-02
POL-205913,TG-103139,18251.0, approved ,Townhouse,2024-06-20
POL-205914,TG-107752,5960.0,Approved, apartment ,2023-12-12
POL-205915,TG-102702,5418.0,Pending,Apartment,2024-03-20
POL-205916,TG-110048,15723.0,Approved,Condo,2024-12-04
POL-205917,TG-109737,19572.0,Denied,Apartment,2023-05-18
POL-205918,TG-107774,6618.0,Denied,Townhouse,2023-12-17
POL-205919,TG-106051,24991.0,Denied,Townhouse,2024-05-16
POL-205920,TG-107649,8964.0,Approved,Apartment,2024-01-03
POL-205921,TG-104601,13627.0,Denied, apartment ,2025-02-07
POL-205922,TG-100805,13231.0,Approved, apartment ,2023-07-12
POL-205923,TG-101360,6787.0, approved , apartment ,2023-06-18
POL-205924,TG-104291,6641.0,Denied,Townhouse,2025-04-11
POL-205925,TG-109834,12531.0,Approved,Apartment,2024-02-18
POL-205926,TG-109508,11381.0, approved , apartment ,2023-01-20
POL-205927,TG-105393,24322.0,Pending,Townhouse,2023-08-22
POL-205928,TG-107412,19753.0,Approved,Apartment,2023-08-18
POL-205929,TG-105159,7688.0,Approved,Apartment,2025-01-14
POL-205930,TG-108198,11166.0,Approved,Condo,2023-05-15
POL-205931,TG-105579,14984.0,Denied,Townhouse,2023-08-05
POL-205932,TG-109508,10996.0,Approved, apartment ,2025-01-21
POL-205933,TG-101287,14390.0,Pending,Condo,2023-01-23
POL-205934,TG-105833,6563.0,Approved, apartment ,2024-08-26
POL-205935,TG-109891,21863.0,Approved,Townhouse,2024-05-31
POL-205936,TG-107494,24065.0,Denied, apartment ,2023-06-23
POL-205937,TG-107515,6890.0,Pending,Townhouse,2023-05-07
POL-205938,TG-104264,23884.0,Denied,Townhouse,2024-01-11
POL-205939,TG-100448,15191.0,Pending,Townhouse,2024-12-29
POL-205940,TG-101589,24950.0,Pending,Condo,2024-10-28
POL-205941,TG-107388,19995.0,Pending, apartment ,2025-03-22
POL-205942,TG-109429,23611.0,Pending, apartment ,2023-02-08
POL-205943,TG-102421,23960.0,Pending,Condo,2024-01-20
POL-205944,TG-108341,16967.0,Pending,Apartment,2025-06-16
POL-205945,TG-106574,24588.0,Denied,Townhouse,2024-10-17
POL-205946,TG-103799,19011.0,Pending, apartment ,2023-09-19
POL-205947,TG-110003,11328.0,Pending,Apartment,2025-02-28
POL-205948,TG-108733,20251.0,Pending,Apartment,2024-07-01
POL-205949,TG-104294,19020.0,Approved,Condo,2024-09-30
POL-205950,TG-102690,14183.0,Denied,Apartment,2023-02-19
POL-205951,TG-105445,9056.0,Approved,Apartment,2024-08-31
POL-205952,TG-105199,14633.0,Denied,Apartment,2023-02-19
POL-205953,TG-102822,13753.0,Approved,Apartment,2024-11-08
POL-205954,TG-100028,17745.0, approved ,Apartment,2023-04-21
POL-205955,TG-100438,13081.0,Denied, apartment ,2024-10-31
POL-205956,TG-104609,13204.0,Approved, apartment ,2025-05-06
POL-205957,TG-106525,23837.0,Denied,Apartment,2023-01-21
POL-205958,TG-100409,5646.0,Pending,Townhouse,2023-02-19
POL-205959,,16486.0,Pending,Townhouse,2024-12-07
POL-205960,TG-103954,23079.0,Approved,Townhouse,2023-04-29
POL-205961,TG-105349,22089.0,Approved,Apartment,2024-03-02
POL-205962,TG-108168,19122.0,Denied,Condo,2024-03-30
POL-205963,TG-107598,16843.0,Pending, apartment ,2024-01-25
POL-205964,TG-103789,20101.0,Approved,Apartment,2023-05-07
POL-205965,TG-106737,19638.0, approved ,Apartment,2024-07-14
POL-205966,TG-103969,20175.0, approved , apartment ,2023-09-16
POL-205967,TG-103679,19540.0,Denied,Townhouse,2024-04-30
POL-205968,TG-103161,19015.0,Pending,Condo,2024-12-19
POL-205969,TG-102590,22821.0, approved ,Condo,2023-06-06
POL-205970,TG-105871,9149.0, approved ,Condo,2023-07-30
POL-205971,TG-104926,12919.0,Pending, apartment ,2024-12-12
POL-205972,TG-102227,13492.0,Pending,Condo,2024-12-03
POL-205973,TG-105167,9575.0,Approved, apartment ,2024-10-07
POL-205974,TG-106274,16650.0,Denied,Apartment,2023-01-10
POL-205975,TG-103314,17224.0,Pending, apartment ,2023-11-05
POL-205976,TG-100397,8416.0,Denied, apartment ,2024-03-06
POL-205977,TG-103925,23334.0,Denied,Apartment,2024-11-08
POL-205978,TG-101049,16242.0, approved ,Townhouse,2023-04-14
POL-205979,TG-103362,22626.0,Denied, apartment ,2024-11-09
POL-205980,TG-109430,21711.0,Denied,Apartment,2024-06-16
POL-205981,TG-108707,9536.0,Denied,Condo,2023-10-04
POL-205982,TG-100793,19290.0, approved ,Condo,2024-09-29
POL-205983,TG-106836,23193.0,Pending, apartment ,2024-09-12
POL-205984,TG-106896,14078.0, approved ,Apartment,2024-12-18
POL-205985,TG-103417,17066.0,Pending,Apartment,2023-05-21
POL-205986,TG-107901,22994.0, approved ,Condo,2024-03-04
POL-205987,TG-103186,14124.0, approved , apartment ,2025-04-30
POL-205988,TG-106239,17491.0,Pending,Apartment,2023-04-18
POL-205989,TG-104237,18583.0,Approved,Townhouse,2024-06-07
POL-205990,TG-108372,23748.0,Approved,Condo,2025-01-06
POL-205991,TG-106074,13263.0,Approved,Condo,2024-09-24
POL-205992,TG-105060,,Pending,Condo,2023-05-01
POL-205993,TG-109373,15565.0, approved ,Condo,2023-10-17
POL-205994,TG-105584,15310.0, approved ,Apartment,2023-04-27
POL-205995,TG-102693,5042.0,Approved,Condo,2025-03-14
POL-205996,TG-109988,23752.0,Approved,Apartment,2023-04-19
POL-205997,TG-108744,12067.0,Denied,Apartment,2024-05-24
POL-205998,TG-107420,11976.0,Approved,Condo,2023-07-23
POL-205999,TG-103171,5161.0,Denied, apartment ,2024-09-15
POL-206000,TG-108494,10655.0,Pending, apartment ,2023-07-24
POL-206001,TG-101302,20331.0,Denied, apartment ,2025-03-07
POL-206002,TG-102545,23027.0, approved ,Townhouse,2023-09-27
POL-206003,TG-109445,20207.0,Denied,Apartment,2025-05-01
POL-206004,TG-104276,,Denied,Apartment,2024-06-19
POL-206005,TG-106823,12588.0,Denied,Apartment,2023-07-26
POL-206006,TG-104459,23387.0,Approved, apartment ,2024-01-02
POL-206007,TG-109039,9894.0,Approved,Condo,2024-12-21
POL-206008,TG-106157,13130.0, approved , apartment ,2024-02-24
POL-206009,TG-103395,9524.0, approved , apartment ,2023-10-30
POL-206010,TG-102798,13865.0,Approved,Townhouse,2023-06-14
POL-206011,TG-105200,20996.0,Denied, apartment ,2023-02-10
POL-206012,TG-109602,23930.0,Pending, apartment ,2024-07-15
POL-206013,TG-101445,8845.0,Pending, apartment ,2024-05-23
POL-206014,TG-102444,16703.0,Approved,Apartment,2023-08-01
POL-206015,TG-109654,11498.0,Pending,Apartment,2024-12-05
POL-206016,TG-101793,15186.0,Approved,Apartment,2024-05-07
POL-206017,TG-107533,10565.0,Denied,Townhouse,2023-12-05
POL-206018,TG-100348,9332.0,Denied,Apartment,2023-08-29
POL-206019,TG-100716,7779.0,Denied,Townhouse,2023-01-03
POL-206020,TG-100816,10077.0,Approved,Apartment,2023-01-14
POL-206021,TG-100906,6461.0,Pending,Townhouse,2024-11-18
POL-206022,TG-106449,20908.0,Denied,Townhouse,2023-04-02
POL-206023,TG-108744,10137.0,Approved,Apartment,2023-04-24
POL-206024,TG-104680,19327.0,Approved,Townhouse,2025-05-05
POL-206025,TG-109219,22130.0,Pending, apartment ,2024-08-10
POL-206026,TG-109934,7244.0,Denied, apartment ,2024-11-16
POL-206027,TG-104126,22791.0,Approved, apartment ,2024-05-20
POL-206028,TG-104619,8595.0,Approved,Condo,2023-06-02
POL-206029,TG-101391,11073.0,Approved,Townhouse,2023-04-03
POL-206030,TG-102731,9369.0,Pending,Townhouse,2025-03-09
POL-206031,TG-109174,12194.0,Approved,Townhouse,2024-06-07
POL-206032,TG-100842,14975.0,Denied,Townhouse,2023-03-18
POL-206033,TG-103107,15458.0, approved ,Townhouse,2025-01-10
POL-206034,TG-106680,19284.0,Pending, apartment ,2025-01-10
POL-206035,TG-102886,19360.0,Pending,Townhouse,2023-04-14
POL-206036,TG-105937,6272.0,Pending,Townhouse,2023-09-20
POL-206037,TG-100839,6452.0,Denied,Condo,2024-10-21
POL-206038,TG-104472,21192.0,Approved, apartment ,2023-08-25
POL-206039,TG-100547,16761.0, approved , apartment ,2024-04-12
POL-206040,TG-101637,17980.0,Approved, apartment ,2023-10-31
POL-206041,TG-101154,18772.0,Pending, apartment ,2023-09-28
POL-206042,TG-104173,18500.0,Approved,Condo,2024-04-20
POL-206043,TG-107706,15401.0,Pending, apartment ,2023-02-21
POL-206044,TG-100483,8214.0, approved , apartment ,2023-04-13
POL-206045,TG-109049,9549.0, approved , apartment ,2025-04-12
POL-206046,TG-100420,19161.0,Denied,Townhouse,2023-06-28
POL-206047,TG-101067,8739.0,Pending,Condo,2025-06-14
POL-206048,TG-103143,16754.0,Denied,Condo,2023-02-10
POL-206049,TG-107783,10047.0,Pending,Townhouse,2025-05-22
POL-206050,TG-100691,16927.0,Approved,Townhouse,2023-10-25
POL-206051,TG-106634,21651.0,Pending,Townhouse,2024-01-04
POL-206052,TG-103826,15391.0,Denied,Townhouse,2025-03-31
POL-206053,TG-106899,14856.0,Approved,Apartment,2024-11-24
POL-206054,TG-109940,19183.0,Approved, apartment ,2023-11-17
POL-206055,TG-100669,7041.0, approved ,Apartment,2024-03-12
POL-206056,TG-108833,16399.0,Pending,Condo,2025-01-26
POL-206057,TG-104824,12760.0,Pending,Apartment,2023-04-29
POL-206058,TG-107772,22352.0, approved ,Condo,2023-04-08
POL-206059,TG-100388,20475.0,Approved,Townhouse,2025-05-21
POL-206060,TG-108000,14146.0, approved ,Townhouse,2025-02-15
POL-206061,TG-104841,9210.0,Pending,Condo,2023-02-16
POL-206062,TG-101816,22773.0,Pending,Apartment,2023-01-10
POL-206063,TG-105130,20464.0,Pending,Townhouse,2025-05-22
POL-206064,TG-107648,17833.0,Pending,Townhouse,2023-05-22
POL-206065,TG-102796,17435.0,Pending,Townhouse,2024-11-10
POL-206066,TG-102066,6647.0,Approved,Townhouse,2024-10-24
POL-206067,TG-103078,6224.0,Pending,Apartment,2023-06-24
POL-206068,TG-103964,17965.0,Pending,Townhouse,2023-12-03
POL-206069,TG-100854,6944.0,Denied,Condo,2024-01-02
POL-206070,TG-108195,7016.0,Approved,Townhouse,2024-03-24
POL-206071,TG-101151,13717.0,Denied, apartment ,2024-09-28
POL-206072,TG-100040,15777.0,Denied,Townhouse,2023-10-02
POL-206073,TG-106732,19008.0,Approved,Townhouse,2025-06-18
POL-206074,TG-103802,14340.0,Pending,Apartment,2025-01-20
POL-206075,TG-109150,14178.0,Approved,Townhouse,2023-04-06
POL-206076,TG-106938,7201.0,Approved, apartment ,2024-01-17
POL-206077,TG-109686,19221.0, approved , apartment ,2025-04-14
POL-206078,TG-102733,21577.0, approved ,Townhouse,2023-12-17
POL-206079,TG-105497,13255.0,Denied,Townhouse,2023-07-07
POL-206080,TG-104909,19233.0,Approved,Condo,2023-04-27
POL-206081,TG-107646,12841.0,Approved,Townhouse,2024-02-15
POL-206082,TG-108788,19739.0, approved ,Townhouse,2024-02-14
POL-206083,TG-108152,21488.0,Approved,Apartment,2024-04-12
POL-206084,TG-101066,20591.0,Approved,Townhouse,2023-10-06
POL-206085,TG-108911,24125.0,Denied, apartment ,2025-05-05
POL-206086,TG-101073,17930.0,Pending, apartment ,2024-01-30
POL-206087,TG-106374,12096.0,Approved,Apartment,2024-12-07
POL-206088,TG-103348,8171.0,Pending,Condo,2025-05-21
POL-206089,TG-105616,14114.0,Approved, apartment ,2024-05-04
POL-206090,TG-101663,12539.0, approved ,Townhouse,2025-03-30
POL-206091,TG-109504,17088.0, approved ,Apartment,2024-03-07
POL-206092,TG-108221,22906.0,Denied,Condo,2024-10-26
POL-206093,TG-109085,13265.0,Approved, apartment ,2025-03-27
POL-206094,TG-103968,13145.0, approved ,Condo,2023-06-20
POL-206095,TG-105828,17662.0, approved ,Townhouse,2023-04-26
POL-206096,TG-107200,17064.0,Pending, apartment ,2023-05-16
POL-206097,TG-106392,12897.0,Denied,Townhouse,2024-12-13
POL-206098,TG-104308,24174.0, approved ,Condo,2025-01-13
POL-206099,TG-103160,16768.0,Pending,Townhouse,2023-03-02
POL-206100,TG-101169,8457.0,Pending,Apartment,2025-05-14
POL-206101,TG-103979,10785.0, approved ,Townhouse,2023-06-13
POL-206102,TG-108674,5497.0,Pending, apartment ,2023-04-17
POL-206103,TG-106591,20387.0, approved ,Apartment,2024-03-02
POL-206104,TG-109500,17674.0,Approved,Apartment,2024-08-27
POL-206105,TG-107885,7228.0,Pending,Apartment,2024-05-09
POL-206106,TG-106401,22980.0,Approved,Condo,2025-04-01
POL-206107,TG-106473,,Approved, apartment ,2024-08-05
POL-206108,TG-100291,13058.0,Pending, apartment ,2024-11-25
POL-206109,TG-102321,15844.0,Denied,Apartment,2024-03-24
POL-206110,TG-102828,17077.0,Denied,Townhouse,2023-07-05
POL-206111,TG-103020,5798.0,Approved, apartment ,2024-09-17
POL-206112,TG-109191,10390.0,Approved,Apartment,2024-01-24
POL-206113,TG-102738,10513.0,Denied,Townhouse,2025-03-08
POL-206114,TG-103172,21490.0,Pending,Condo,2024-01-03
POL-206115,TG-103003,,Denied,Condo,2024-09-18
POL-206116,TG-104489,,Denied,Apartment,2023-01-30
POL-206117,,11241.0, approved ,Townhouse,2025-06-02
POL-206118,TG-105251,11247.0,Denied, apartment ,2024-12-01
POL-206119,TG-106269,7232.0, approved ,Apartment,2025-05-08
POL-206120,,9040.0,Approved, apartment ,2025-01-14
POL-206121,TG-107104,13717.0,Denied,Apartment,2023-05-14
POL-206122,TG-107236,19434.0, approved , apartment ,2024-05-09
POL-206123,TG-100452,21911.0,Pending,Townhouse,2024-05-14
POL-206124,TG-103118,17495.0,Pending, apartment ,2023-04-26
POL-206125,TG-102330,6394.0,Denied,Condo,2024-02-26
POL-206126,,8736.0,Approved, apartment ,2024-03-27
POL-206127,TG-108774,6642.0, approved ,Apartment,2023-02-17
POL-206128,TG-108508,,Approved,Apartment,2023-03-06
POL-206129,TG-106999,22537.0,Pending,Apartment,2023-09-25
POL-206130,TG-108534,15500.0,Approved, apartment ,2024-11-01
POL-206131,TG-100455,13146.0,Pending,Apartment,2023-11-18
POL-206132,TG-104443,13424.0, approved , apartment ,2023-01-13
POL-206133,TG-109408,13923.0,Approved,Apartment,2024-12-22
POL-206134,TG-109994,10355.0, approved ,Condo,2025-06-08
POL-206135,TG-103365,15860.0,Denied,Apartment,2024-11-25
POL-206136,TG-100863,15369.0,Pending,Townhouse,2024-06-21
POL-206137,TG-101790,18408.0,Pending,Townhouse,2025-02-24
POL-206138,TG-108446,8476.0,Pending, apartment ,2025-01-31
POL-206139,TG-106236,10034.0,Pending,Townhouse,2024-08-13
POL-206140,TG-105982,12207.0,Approved, apartment ,2025-01-11
POL-206141,TG-108762,17240.0,Pending,Apartment,2024-08-01
POL-206142,TG-102655,20947.0,Pending,Condo,2023-08-18
POL-206143,TG-109054,14896.0,Pending,Condo,2024-11-16
POL-206144,TG-102838,14438.0,Approved,Condo,2025-06-13
POL-206145,TG-102925,13216.0,Pending,Townhouse,2023-12-13
POL-206146,TG-102132,20443.0,Approved,Townhouse,2024-06-15
POL-206147,TG-107020,24326.0,Denied,Apartment,2024-06-19
POL-206148,TG-100915,8895.0,Pending,Townhouse,2024-12-05
POL-206149,TG-100379,21555.0,Denied,Townhouse,2024-12-18
POL-206150,TG-103758,12062.0, approved , apartment ,2024-09-25
POL-206151,TG-108396,12802.0,Pending, apartment ,2023-04-08
POL-206152,TG-101926,9239.0,Denied,Townhouse,2024-03-19
POL-206153,TG-106071,13386.0,Pending, apartment ,2024-11-08
POL-206154,TG-107795,18296.0,Denied,Condo,2025-01-14
POL-206155,TG-103252,21522.0,Approved,Apartment,2023-09-12
POL-206156,TG-108628,21258.0,Pending, apartment ,2024-05-08
POL-206157,TG-103408,8734.0,Pending,Apartment,2023-12-21
POL-206158,TG-104670,23022.0,Pending,Condo,2024-11-10
POL-206159,TG-102205,20440.0,Pending,Townhouse,2024-11-23
POL-206160,TG-100195,16737.0, approved ,Condo,2024-10-18
POL-206161,TG-108177,5231.0,Approved,Apartment,2024-01-30
POL-206162,TG-106798,11553.0,Denied,Townhouse,2023-06-02
POL-206163,TG-107637,6595.0,Pending, apartment ,2025-05-09
POL-206164,TG-102723,9447.0,Denied,Condo,2025-04-26
POL-206165,TG-105628,20548.0,Denied,Apartment,2024-07-25
POL-206166,TG-102911,12122.0,Pending,Apartment,2024-09-19
POL-206167,TG-107183,,Approved,Condo,2023-02-25
POL-206168,TG-103913,13830.0,Pending,Townhouse,2023-01-12
POL-206169,TG-104842,16172.0, approved ,Townhouse,2024-10-20
POL-206170,TG-103071,12969.0,Pending, apartment ,2023-06-10
POL-206171,TG-102437,16420.0, approved ,Condo,2024-06-01
POL-206172,TG-109455,11946.0,Pending, apartment ,2025-05-19
POL-206173,,11504.0,Pending,Townhouse,2024-04-25
POL-206174,TG-104217,12767.0, approved , apartment ,2025-05-22
POL-206175,TG-105331,15671.0,Denied,Apartment,2024-05-22
POL-206176,TG-107146,23238.0,Approved,Townhouse,2025-06-09
POL-206177,TG-101947,16630.0,Denied,Townhouse,2023-06-19
POL-206178,TG-108443,11000.0,Denied,Townhouse,2023-03-18
POL-206179,TG-101255,6149.0, approved , apartment ,2025-02-08
POL-206180,,19532.0, approved ,Apartment,2024-05-18
POL-206181,TG-100658,16466.0, approved , apartment ,2023-11-25
POL-206182,TG-100244,15355.0,Denied, apartment ,2023-09-04
POL-206183,TG-103119,5711.0, approved ,Condo,2023-12-05
POL-206184,TG-101221,12100.0,Pending,Townhouse,2023-10-12
POL-206185,TG-105261,8611.0,Approved,Apartment,2023-02-21
POL-206186,TG-105197,20451.0,Denied,Apartment,2024-06-03
POL-206187,TG-101373,8916.0, approved ,Apartment,2023-08-17
POL-206188,TG-101191,8512.0,Denied,Apartment,2024-07-17
POL-206189,TG-108861,19341.0,Pending,Apartment,2024-10-20
POL-206190,TG-103146,6283.0,Approved, apartment ,2024-01-23
POL-206191,TG-106733,17659.0, approved ,Apartment,2024-02-17
POL-206192,TG-109090,9583.0, approved , apartment ,2025-04-16
POL-206193,TG-102460,20528.0, approved ,Condo,2023-08-29
POL-206194,TG-100047,9975.0,Pending,Condo,2023-03-22
POL-206195,TG-107405,22482.0,Pending, apartment ,2024-04-15
POL-206196,TG-100688,9159.0,Denied,Apartment,2024-03-30
POL-206197,TG-103972,18501.0, approved ,Townhouse,2025-03-31
POL-206198,TG-108958,21765.0, approved ,Apartment,2024-08-09
POL-206199,TG-103204,6035.0, approved ,Apartment,2024-04-03
POL-206200,TG-109413,12394.0,Denied,Apartment,2023-04-01
POL-206201,TG-105646,17805.0, approved , apartment ,2025-05-27
POL-206202,TG-103642,20297.0,Pending, apartment ,2024-05-25
POL-206203,TG-108281,19137.0,Approved,Apartment,2024-04-02
POL-206204,TG-103956,10139.0,Approved,Townhouse,2023-11-20
POL-206205,TG-100620,15089.0, approved , apartment ,2023-05-02
POL-206206,TG-103604,12691.0,Pending,Condo,2024-05-24
POL-206207,TG-108532,12983.0,Pending,Apartment,2025-02-02
POL-206208,TG-101544,7918.0,Denied,Condo,2024-10-31
POL-206209,TG-108622,8454.0,Approved,Condo,2023-01-19
POL-206210,TG-109640,11192.0, approved ,Condo,2023-04-16
POL-206211,TG-109783,13941.0, approved , apartment ,2024-02-18
POL-206212,TG-105551,22574.0,Approved, apartment ,2024-02-27
POL-206213,TG-100317,18306.0,Approved, apartment ,2023-02-06
POL-206214,TG-103156,24386.0,Approved,Condo,2024-07-24
POL-206215,TG-100705,17866.0,Approved,Townhouse,2024-07-16
POL-206216,TG-100617,21110.0, approved ,Condo,2023-01-01
POL-206217,TG-102919,23977.0,Pending, apartment ,2025-04-25
POL-206218,TG-100655,22045.0,Approved, apartment ,2023-04-04
POL-206219,TG-108866,20411.0,Pending, apartment ,2025-03-21
POL-206220,TG-108880,11110.0,Pending, apartment ,2024-09-10
POL-206221,TG-104683,14482.0, approved , apartment ,2024-09-25
POL-206222,TG-100534,22089.0,Pending,Apartment,2024-10-14
POL-206223,TG-105353,7747.0,Approved,Apartment,2023-11-08
POL-206224,TG-109317,22687.0,Pending,Condo,2024-06-04
POL-206225,TG-109744,16782.0,Approved,Apartment,2024-07-29
POL-206226,TG-101899,21947.0,Denied, apartment ,2023-07-31
POL-206227,TG-107264,18655.0,Approved,Apartment,2024-11-01
POL-206228,TG-101199,20858.0, approved ,Condo,2024-11-18
POL-206229,TG-103887,14779.0,Pending,Condo,2024-04-12
POL-206230,TG-100303,19318.0,Pending,Townhouse,2023-12-16
POL-206231,TG-107856,19800.0,Denied,Apartment,2024-01-08
POL-206232,TG-107996,12199.0,Denied,Condo,2025-04-25
POL-206233,TG-101694,13619.0,Approved,Townhouse,2023-02-25
POL-206234,TG-103906,23738.0,Approved,Townhouse,2025-04-16
POL-206235,TG-100677,22326.0,Approved, apartment ,2023-08-17
POL-206236,TG-108436,16872.0, approved ,Townhouse,2025-05-14
POL-206237,TG-104638,5983.0,Denied, apartment ,2024-04-10
POL-206238,TG-102745,13949.0,Approved,Apartment,2023-12-06
POL-206239,TG-107861,24574.0,Denied,Apartment,2024-07-27
POL-206240,TG-101040,14253.0,Denied,Condo,2025-02-24
POL-206241,TG-104364,5752.0,Pending,Condo,2024-09-26
POL-206242,TG-109456,9259.0,Denied,Condo,2024-09-06
POL-206243,TG-103028,14240.0,Denied,Apartment,2024-04-29
POL-206244,TG-102222,8045.0,Denied,Condo,2025-01-03
POL-206245,TG-106661,9682.0, approved ,Apartment,2024-11-03
POL-206246,TG-106153,13220.0,Approved,Apartment,2024-01-08
POL-206247,TG-108761,5739.0,Denied,Apartment,2025-01-03
POL-206248,TG-102599,5026.0, approved ,Apartment,2024-04-08
POL-206249,TG-108846,24270.0,Denied,Townhouse,2023-04-27
POL-206250,TG-108083,8592.0,Denied,Apartment,2023-04-10
POL-206251,TG-108831,14838.0,Pending,Condo,2025-02-16
POL-206252,TG-107945,19253.0,Approved,Townhouse,2024-11-05
POL-206253,TG-101400,21786.0, approved ,Townhouse,2023-08-16
POL-206254,TG-100342,18819.0,Approved,Condo,2023-01-03
POL-206255,TG-106384,14486.0,Denied, apartment ,2023-12-16
POL-206256,TG-108754,20617.0,Approved,Condo,2023-12-30
POL-206257,TG-101595,8888.0,Approved, apartment ,2025-04-29
POL-206258,TG-105115,13077.0, approved , apartment ,2024-10-10
POL-206259,TG-102428,12646.0,Pending, apartment ,2025-03-30
POL-206260,TG-101246,13212.0,Pending, apartment ,2023-10-26
POL-206261,TG-100623,10670.0,Approved,Apartment,2024-07-14
POL-206262,TG-102843,23752.0,Pending, apartment ,2024-06-18
POL-206263,TG-103215,11801.0, approved ,Apartment,2024-01-18
POL-206264,TG-109389,10482.0,Approved,Condo,2024-12-19
POL-206265,TG-107022,22966.0,Denied, apartment ,2023-04-19
POL-206266,TG-106622,6602.0,Approved,Condo,2023-02-16
POL-206267,TG-102057,17864.0,Pending,Apartment,2023-06-18
POL-206268,TG-101958,14346.0,Pending,Apartment,2024-05-19
POL-206269,TG-109449,16278.0,Pending,Condo,2023-05-24
POL-206270,TG-105485,21932.0,Denied,Condo,2025-04-21
POL-206271,TG-101712,22371.0, approved , apartment ,2025-01-04
POL-206272,TG-106142,20474.0,Approved,Apartment,2025-01-30
POL-206273,TG-109064,23703.0,Denied,Condo,2025-01-08
POL-206274,TG-100660,8986.0,Approved,Condo,2024-02-24
POL-206275,TG-103983,6239.0,Pending,Apartment,2023-04-20
POL-206276,TG-103224,13211.0,Pending,Townhouse,2023-09-18
POL-206277,TG-108614,10782.0,Approved,Condo,2024-09-17
POL-206278,TG-109377,6395.0,Approved,Apartment,2023-07-20
POL-206279,TG-102375,10502.0, approved ,Apartment,2023-07-12
POL-206280,TG-102096,10230.0,Approved,Apartment,2023-05-04
POL-206281,TG-103659,6418.0,Approved,Condo,2025-05-22
POL-206282,TG-100571,14916.0,Pending,Apartment,2024-02-07
POL-206283,TG-106816,5784.0,Approved, apartment ,2023-08-09
POL-206284,TG-108953,22680.0,Approved,Condo,2024-04-13
POL-206285,TG-102847,12525.0, approved ,Apartment,2025-04-24
POL-206286,TG-101462,20146.0, approved ,Townhouse,2025-03-11
POL-206287,TG-101308,6945.0,Pending,Townhouse,2023-07-15
POL-206288,TG-103994,10271.0, approved ,Condo,2025-01-03
POL-206289,TG-104733,17016.0,Pending, apartment ,2023-12-13
POL-206290,TG-103925,21471.0,Pending,Condo,2023-04-21
POL-206291,TG-106854,8312.0,Pending, apartment ,2025-02-14
POL-206292,TG-106620,23893.0,Approved,Apartment,2024-02-29
POL-206293,TG-100871,21697.0,Denied,Condo,2023-02-17
POL-206294,TG-106285,12291.0,Pending,Apartment,2024-10-10
POL-206295,TG-104603,19165.0,Approved,Apartment,2025-05-07
POL-206296,TG-108065,5381.0, approved ,Townhouse,2024-11-19
POL-206297,TG-100006,8327.0, approved ,Townhouse,2024-08-25
POL-206298,TG-109376,17785.0,Denied,Apartment,2023-05-07
POL-206299,TG-107111,7131.0, approved ,Condo,2025-03-01
POL-206300,TG-102088,7689.0,Approved, apartment ,2024-04-06
POL-206301,TG-106138,24671.0, approved ,Apartment,2024-04-13
POL-206302,TG-103612,10839.0,Denied,Condo,2024-11-05
POL-206303,TG-101068,20807.0,Pending, apartment ,2024-08-26
POL-206304,TG-100884,12809.0, approved ,Apartment,2024-05-31
POL-206305,TG-106277,6786.0,Approved, apartment ,2023-05-18
POL-206306,TG-104530,6775.0,Pending,Apartment,2024-05-25
POL-206307,TG-106379,13195.0,Approved,Apartment,2023-01-05
POL-206308,TG-103534,16030.0,Denied,Townhouse,2024-06-27
POL-206309,TG-103085,23637.0,Pending,Townhouse,2025-01-23
POL-206310,TG-102842,8145.0,Pending,Townhouse,2023-02-19
POL-206311,TG-109410,19814.0,Denied, apartment ,2024-07-20
POL-206312,TG-105226,6818.0,Denied,Apartment,2024-03-19
POL-206313,TG-105799,9564.0,Approved,Apartment,2025-05-08
POL-206314,TG-107696,14990.0,Denied,Townhouse,2024-08-22
POL-206315,TG-100634,16302.0, approved ,Apartment,2024-05-09
POL-206316,TG-103593,18509.0, approved ,Condo,2024-06-04
POL-206317,TG-108574,7850.0,Denied,Apartment,2025-03-10
POL-206318,TG-101466,14615.0,Approved,Townhouse,2023-07-01
POL-206319,TG-110000,9761.0, approved ,Apartment,2024-12-09
POL-206320,TG-106925,23755.0,Pending,Apartment,2024-08-15
POL-206321,TG-100040,22340.0,Approved,Condo,2023-06-27
POL-206322,TG-109479,9456.0,Pending,Apartment,2025-01-18
POL-206323,TG-102418,10017.0,Denied,Condo,2025-04-14
POL-206324,TG-100462,23730.0,Approved,Townhouse,2023-05-12
POL-206325,TG-103461,13308.0,Approved,Condo,2023-04-17
POL-206326,TG-101841,22265.0, approved ,Apartment,2024-02-01
POL-206327,TG-108543,23375.0, approved ,Condo,2024-11-04
POL-206328,TG-103626,22931.0, approved ,Townhouse,2024-09-06
POL-206329,TG-102170,11074.0,Approved,Townhouse,2024-09-12
POL-206330,TG-100339,14897.0, approved ,Condo,2023-11-26
POL-206331,TG-108745,5655.0,Denied,Townhouse,2024-05-31
POL-206332,TG-110028,21034.0,Denied, apartment ,2024-01-29
POL-206333,TG-100550,22530.0,Denied,Condo,2024-03-04
POL-206334,TG-101087,14158.0,Denied,Condo,2024-09-15
POL-206335,TG-104049,7527.0,Approved,Townhouse,2024-12-10
POL-206336,TG-105308,16601.0,Pending,Condo,2025-02-19
POL-206337,TG-103393,8752.0,Pending,Apartment,2023-09-12
POL-206338,TG-104354,22653.0,Pending, apartment ,2023-10-08
POL-206339,TG-102696,14866.0,Approved, apartment ,2024-02-12
POL-206340,TG-100554,24831.0,Pending,Condo,2023-12-18
POL-206341,TG-107638,12942.0,Denied,Townhouse,2023-10-29
POL-206342,TG-100446,23559.0,Approved,Condo,2024-04-08
POL-206343,TG-102668,21110.0,Pending, apartment ,2025-04-04
POL-206344,TG-102953,18165.0,Approved,Apartment,2023-05-17
POL-206345,TG-108548,6808.0,Pending,Townhouse,2023-05-22
POL-206346,TG-103415,17529.0,Approved,Condo,2024-02-27
POL-206347,TG-106175,8130.0, approved , apartment ,2024-09-08
POL-206348,TG-109283,19372.0,Denied, apartment ,2024-12-17
POL-206349,TG-101126,19005.0, approved , apartment ,2025-02-05
POL-206350,TG-106790,5483.0,Pending,Condo,2024-06-08
POL-206351,TG-103244,11254.0,Approved,Apartment,2023-11-03
POL-206352,TG-107981,12929.0, approved ,Townhouse,2025-05-13
POL-206353,TG-100827,7571.0, approved ,Townhouse,2024-12-19
POL-206354,TG-102460,10896.0,Denied, apartment ,2024-07-14
POL-206355,TG-101087,7538.0, approved , apartment ,2025-05-31
POL-206356,TG-104969,8047.0,Denied,Apartment,2023-11-18
POL-206357,TG-104187,7847.0,Denied,Condo,2024-12-29
POL-206358,TG-108003,9334.0,Approved,Condo,2025-01-24
POL-206359,TG-100445,11072.0, approved ,Apartment,2024-07-20
POL-206360,TG-103065,17759.0, approved ,Condo,2024-10-09
POL-206361,TG-108221,5160.0,Approved,Condo,2023-08-11
POL-206362,TG-100680,24851.0, approved ,Condo,2023-07-25
POL-206363,TG-102581,21359.0,Denied, apartment ,2023-08-03
POL-206364,TG-105192,7460.0,Approved,Condo,2024-10-01
POL-206365,TG-104104,7580.0, approved ,Townhouse,2025-01-01
POL-206366,TG-102191,10178.0, approved ,Townhouse,2023-10-25
POL-206367,TG-105013,19199.0,Denied,Apartment,2024-12-04
POL-206368,TG-100749,22171.0,Pending,Apartment,2023-12-20
POL-206369,TG-104213,19295.0, approved ,Condo,2024-11-19
POL-206370,TG-109907,19378.0,Denied,Townhouse,2023-05-16
POL-206371,TG-106284,21615.0,Approved,Townhouse,2024-12-28
POL-206372,TG-108060,19653.0, approved , apartment ,2024-10-27
POL-206373,TG-100496,18057.0, approved ,Townhouse,2023-07-02
POL-206374,TG-105247,13009.0,Approved,Townhouse,2024-05-30
POL-206375,TG-105030,15013.0,Pending, apartment ,2024-07-09
POL-206376,TG-106649,5996.0,Approved,Townhouse,2024-12-11
POL-206377,TG-102776,11658.0,Approved, apartment ,2024-10-14
POL-206378,TG-105113,17898.0,Denied,Condo,2023-11-27
POL-206379,TG-101455,16904.0, approved ,Condo,2024-12-28
POL-206380,TG-103121,14955.0,Denied,Condo,2023-04-29
POL-206381,TG-100290,19987.0, approved ,Apartment,2025-02-18
POL-206382,TG-102913,19136.0,Approved, apartment ,2023-12-27
POL-206383,TG-108657,8989.0,Denied,Condo,2024-07-29
POL-206384,TG-108222,20698.0,Denied,Townhouse,2024-05-06
POL-206385,TG-102107,11506.0, approved ,Townhouse,2024-08-19
POL-206386,TG-100783,10030.0,Pending,Apartment,2024-08-07
POL-206387,TG-105938,7899.0,Approved,Townhouse,2024-11-14
POL-206388,TG-103949,7669.0,Approved, apartment ,2024-12-28
POL-206389,TG-103894,9078.0, approved ,Townhouse,2024-03-03
POL-206390,TG-105116,7467.0,Pending,Apartment,2024-11-21
POL-206391,TG-103096,17633.0,Denied,Condo,2025-02-04
POL-206392,TG-108219,15711.0,Approved, apartment ,2025-05-11
POL-206393,TG-101943,9029.0, approved ,Condo,2024-06-30
POL-206394,TG-103681,21185.0, approved ,Townhouse,2023-10-20
POL-206395,TG-102324,24001.0,Pending,Apartment,2025-06-17
POL-206396,TG-107154,18479.0,Pending,Condo,2025-05-17
POL-206397,TG-105172,7427.0,Approved,Condo,2024-03-08
POL-206398,TG-105624,5098.0,Denied, apartment ,2025-04-07
POL-206399,TG-100143,17606.0,Denied,Condo,2023-01-14
POL-206400,TG-103314,9961.0,Approved,Apartment,2024-06-19
POL-206401,TG-104109,17807.0,Denied,Condo,2023-04-20
POL-206402,TG-103918,24757.0,Pending,Apartment,2023-01-26
POL-206403,TG-109173,18713.0, approved ,Townhouse,2024-01-26
POL-206404,TG-101833,10526.0,Pending,Apartment,2023-05-29
POL-206405,TG-108701,22444.0,Approved,Condo,2023-02-24
POL-206406,TG-103925,10849.0,Approved,Townhouse,2024-11-17
POL-206407,TG-101218,13409.0,Approved,Townhouse,2023-02-27
POL-206408,TG-105440,20026.0, approved ,Apartment,2023-07-24
POL-206409,TG-103116,14506.0,Approved, apartment ,2023-10-01
POL-206410,TG-101138,17051.0, approved ,Apartment,2025-02-07
POL-206411,TG-107810,13766.0,Pending,Condo,2025-03-15
POL-206412,TG-107086,12756.0, approved ,Apartment,2023-06-14
POL-206413,TG-106864,13545.0, approved , apartment ,2023-10-21
POL-206414,TG-102016,18068.0, approved ,Townhouse,2024-11-30
POL-206415,TG-104812,20859.0,Approved,Townhouse,2023-09-14
POL-206416,TG-104668,9059.0,Denied,Condo,2023-05-30
POL-206417,TG-106583,23517.0, approved ,Condo,2025-05-09
POL-206418,TG-109991,13615.0, approved ,Townhouse,2023-03-05
POL-206419,TG-106200,10061.0, approved ,Condo,2024-12-08
POL-206420,TG-105017,5999.0,Denied,Townhouse,2025-03-14
POL-206421,TG-104165,8997.0,Approved, apartment ,2023-10-30
POL-206422,TG-109291,23134.0,Approved,Condo,2023-07-28
POL-206423,TG-108540,16042.0,Denied,Apartment,2025-02-10
POL-206424,TG-108851,24807.0,Approved, apartment ,2024-07-08
POL-206425,TG-100396,6206.0,Approved,Townhouse,2023-02-03
POL-206426,TG-103244,14540.0,Denied,Condo,2024-01-03
POL-206427,TG-104468,23178.0, approved , apartment ,2025-04-13
POL-206428,TG-100401,5169.0,Denied,Apartment,2024-04-08
POL-206429,TG-101491,7418.0,Pending,Apartment,2023-04-15
POL-206430,TG-108480,11350.0,Denied,Townhouse,2024-09-22
POL-206431,TG-105743,14409.0,Pending, apartment ,2025-06-07
POL-206432,TG-107115,10814.0, approved ,Apartment,2024-11-22
POL-206433,TG-105185,16294.0, approved ,Apartment,2025-01-27
POL-206434,TG-109726,6696.0, approved ,Apartment,2024-07-29
POL-206435,TG-107793,9749.0, approved , apartment ,2025-06-04
POL-206436,TG-108810,17276.0,Approved, apartment ,2023-08-18
POL-206437,TG-106442,15461.0,Pending,Townhouse,2025-01-30
POL-206438,TG-108932,12265.0,Pending,Townhouse,2024-10-24
POL-206439,TG-103210,9334.0,Approved, apartment ,2024-07-28
POL-206440,TG-108656,14776.0,Denied, apartment ,2024-02-03
POL-206441,TG-109835,23575.0,Approved,Condo,2023-09-01
POL-206442,TG-101781,12658.0,Pending, apartment ,2024-06-07
POL-206443,TG-107211,10536.0,Denied,Apartment,2025-03-14
POL-206444,TG-101093,,Denied,Townhouse,2025-03-26
POL-206445,TG-106527,19253.0,Pending,Apartment,2025-03-28
POL-206446,TG-102171,9121.0,Pending, apartment ,2024-12-13
POL-206447,TG-109674,19624.0,Pending,Townhouse,2023-10-22
POL-206448,TG-100204,20702.0,Approved,Townhouse,2024-12-10
POL-206449,TG-108723,5212.0, approved ,Condo,2024-11-11
POL-206450,TG-106498,12462.0,Denied,Condo,2023-02-18
POL-206451,TG-101011,11602.0,Pending,Apartment,2024-01-26
POL-206452,TG-105106,17752.0,Denied, apartment ,2024-02-01
POL-206453,TG-104750,5880.0,Denied, apartment ,2024-03-02
POL-206454,TG-108452,17841.0,Approved,Condo,2025-03-18
POL-206455,TG-100424,7176.0,Denied,Condo,2024-12-02
POL-206456,TG-103668,11084.0,Approved,Townhouse,2023-11-17
POL-206457,TG-102096,24935.0, approved , apartment ,2024-07-19
POL-206458,TG-104333,9817.0,Denied, apartment ,2023-02-25
POL-206459,TG-108548,19445.0,Denied,Townhouse,2023-01-14
POL-206460,TG-108515,17725.0,Pending,Condo,2025-01-31
POL-206461,TG-108470,10228.0,Denied,Townhouse,2023-09-15
POL-206462,TG-104911,24431.0,Approved,Condo,2023-07-27
POL-206463,TG-109793,13211.0,Pending,Apartment,2024-09-27
POL-206464,TG-106543,16137.0, approved ,Condo,2025-06-08
POL-206465,TG-107649,5647.0,Pending, apartment ,2025-03-10
POL-206466,TG-101866,11977.0,Approved,Condo,2025-05-31
POL-206467,TG-104822,23684.0, approved ,Apartment,2025-06-10
POL-206468,TG-109138,9215.0, approved ,Apartment,2024-03-29
POL-206469,TG-104786,13393.0, approved ,Apartment,2025-04-29
POL-206470,TG-108172,19786.0,Pending,Apartment,2023-08-19
POL-206471,TG-105686,19447.0,Approved, apartment ,2024-10-10
POL-206472,TG-100884,12887.0,Approved,Townhouse,2024-12-22
POL-206473,TG-101382,17111.0,Approved,Townhouse,2024-12-27
POL-206474,TG-105292,18121.0,Pending,Townhouse,2024-10-25
POL-206475,TG-101619,9111.0,Pending, apartment ,2024-01-12
POL-206476,TG-100624,16506.0,Approved,Townhouse,2025-02-12
POL-206477,TG-107390,5438.0,Pending,Condo,2024-08-25
POL-206478,TG-106713,18703.0,Pending, apartment ,2024-07-13
POL-206479,TG-100321,5622.0,Denied, apartment ,2025-01-26
POL-206480,TG-100312,24134.0,Denied,Townhouse,2024-09-09
POL-206481,TG-109132,21154.0,Approved,Townhouse,2023-07-21
POL-206482,TG-102293,21820.0, approved ,Condo,2025-03-05
POL-206483,TG-108940,22236.0,Pending,Condo,2025-01-12
POL-206484,TG-109316,13973.0, approved ,Condo,2023-07-18
POL-206485,TG-104629,22650.0,Approved,Apartment,2023-10-29
POL-206486,TG-101817,13305.0, approved ,Townhouse,2024-04-04
POL-206487,TG-106405,13818.0,Pending,Condo,2023-07-01
POL-206488,TG-103621,24268.0, approved , apartment ,2024-11-30
POL-206489,TG-101368,14687.0, approved ,Apartment,2023-03-18
POL-206490,TG-107672,20965.0,Denied,Townhouse,2023-07-11
POL-206491,TG-102067,21611.0,Approved, apartment ,2023-06-27
POL-206492,TG-105792,5852.0,Approved,Condo,2025-01-22
POL-206493,TG-106395,15205.0,Denied,Apartment,2024-06-10
POL-206494,TG-100751,13983.0,Approved,Apartment,2023-05-03
POL-206495,TG-107024,7134.0,Denied,Townhouse,2024-01-22
POL-206496,TG-103269,18087.0,Pending,Townhouse,2023-02-11
POL-206497,TG-108831,24673.0,Pending,Townhouse,2024-03-14
POL-206498,TG-109131,15935.0,Denied,Apartment,2023-10-13
POL-206499,TG-107668,17563.0,Pending,Condo,2024-07-23
POL-206500,TG-107279,19920.0,Pending,Condo,2023-09-28
POL-206501,TG-108728,13622.0,Denied,Apartment,2023-05-14
POL-206502,TG-104336,7287.0,Approved,Townhouse,2023-06-14
POL-206503,TG-104494,22459.0,Denied,Townhouse,2024-08-21
POL-206504,TG-107781,15289.0,Denied, apartment ,2025-05-16
POL-206505,TG-108953,16861.0,Pending,Townhouse,2023-09-19
POL-206506,TG-108680,19397.0, approved , apartment ,2023-01-06
POL-206507,TG-101751,13001.0, approved , apartment ,2023-12-05
POL-206508,,9158.0,Denied,Apartment,2024-04-22
POL-206509,TG-106628,20182.0,Approved, apartment ,2024-12-27
POL-206510,TG-109550,14584.0,Pending,Condo,2023-06-08
POL-206511,TG-101817,23824.0, approved ,Apartment,2023-02-10
POL-206512,TG-107106,23848.0, approved ,Apartment,2023-06-07
POL-206513,TG-106053,21300.0,Denied,Townhouse,2023-11-27
POL-206514,TG-109815,14859.0,Approved,Condo,2024-09-03
POL-206515,TG-100506,22530.0,Approved, apartment ,2023-02-22
POL-206516,TG-109759,11848.0,Denied,Apartment,2025-03-03
POL-206517,TG-100345,8976.0,Approved,Condo,2024-10-02
POL-206518,TG-102607,15439.0,Approved,Townhouse,2024-09-22
POL-206519,TG-101306,13807.0,Approved,Condo,2025-05-13
POL-206520,TG-103147,13521.0, approved ,Townhouse,2024-11-08
POL-206521,TG-102662,7936.0,Pending, apartment ,2023-11-05
POL-206522,TG-102742,13393.0, approved ,Apartment,2024-05-17
POL-206523,TG-102885,7922.0,Pending,Apartment,2025-03-19
POL-206524,TG-102155,7525.0, approved ,Townhouse,2024-08-09
POL-206525,TG-101932,15999.0,Approved,Condo,2024-07-17
POL-206526,TG-106321,17158.0,Denied,Condo,2024-01-02
POL-206527,TG-104764,10632.0,Pending,Condo,2023-03-16
POL-206528,TG-103366,9975.0,Denied,Condo,2025-03-13
POL-206529,TG-105990,19223.0, approved , apartment ,2024-12-25
POL-206530,TG-109858,18125.0, approved ,Townhouse,2023-11-22
POL-206531,TG-101361,21752.0,Pending,Condo,2024-06-22
POL-206532,TG-104399,21976.0,Denied,Apartment,2023-08-14
POL-206533,TG-102729,19654.0,Approved,Apartment,2023-07-08
POL-206534,TG-100430,6072.0,Approved, apartment ,2024-06-17
POL-206535,,12498.0,Approved,Apartment,2023-03-11
POL-206536,TG-109882,11203.0, approved ,Condo,2025-03-16
POL-206537,TG-101141,5588.0, approved ,Condo,2024-06-01
POL-206538,TG-100104,5643.0, approved ,Apartment,2023-06-13
POL-206539,TG-105829,19515.0,Approved, apartment ,2024-03-01
POL-206540,,17879.0,Pending,Condo,2024-07-10
POL-206541,TG-101524,6333.0, approved ,Townhouse,2024-07-03
POL-206542,TG-109588,24617.0,Pending, apartment ,2024-02-18
POL-206543,TG-106729,7813.0,Pending, apartment ,2023-04-05
POL-206544,TG-107040,8941.0,Approved,Condo,2023-12-24
POL-206545,TG-107042,11230.0, approved ,Condo,2023-08-15
POL-206546,TG-104971,18997.0,Pending,Condo,2023-08-07
POL-206547,TG-103033,9741.0,Approved,Apartment,2024-11-10
POL-206548,TG-100212,17414.0,Denied,Townhouse,2023-12-06
POL-206549,TG-109069,22344.0, approved ,Townhouse,2023-12-06
POL-206550,TG-105279,12913.0,Approved, apartment ,2024-01-05
POL-206551,TG-109008,22913.0,Pending,Apartment,2023-10-28
POL-206552,TG-108787,24445.0, approved ,Apartment,2023-08-12
POL-206553,TG-102671,6580.0,Approved,Townhouse,2025-02-09
POL-206554,TG-101476,17366.0,Denied,Condo,2024-09-25
POL-206555,TG-106559,6021.0, approved ,Apartment,2024-06-27
POL-206556,TG-103192,18000.0,Denied,Apartment,2024-05-01
POL-206557,TG-106126,16344.0,Pending, apartment ,2024-07-28
POL-206558,TG-105467,10686.0, approved ,Townhouse,2025-04-23
POL-206559,TG-100075,17353.0,Denied,Townhouse,2025-02-09
POL-206560,TG-105829,6797.0,Pending,Apartment,2024-10-26
POL-206561,TG-100217,17438.0,Pending,Apartment,2023-01-10
POL-206562,TG-109680,12217.0,Approved, apartment ,2023-04-28
POL-206563,TG-104899,21972.0,Approved,Townhouse,2024-11-15
POL-206564,TG-101929,24296.0,Pending,Condo,2023-12-21
POL-206565,TG-100335,9489.0,Pending, apartment ,2024-04-01
POL-206566,TG-108415,24688.0,Denied,Townhouse,2023-09-04
POL-206567,TG-106779,14213.0,Denied,Condo,2024-10-19
POL-206568,TG-108589,9940.0,Denied,Townhouse,2024-09-20
POL-206569,TG-103442,13644.0,Pending,Apartment,2024-09-28
POL-206570,TG-105199,9968.0,Approved, apartment ,2023-09-07
POL-206571,TG-108544,11539.0,Denied,Apartment,2023-02-10
POL-206572,TG-105595,11742.0,Denied,Apartment,2024-11-29
POL-206573,TG-109905,10226.0,Denied,Condo,2023-11-25
POL-206574,TG-105249,16868.0, approved ,Condo,2024-01-26
POL-206575,TG-103755,17823.0,Pending,Townhouse,2025-03-26
POL-206576,TG-108254,5269.0,Denied,Condo,2023-04-27
POL-206577,TG-103438,15280.0,Approved,Townhouse,2024-01-31
POL-206578,TG-105284,15785.0,Denied,Apartment,2023-09-20
POL-206579,TG-107190,21451.0, approved ,Apartment,2024-07-07
POL-206580,TG-107520,18513.0,Pending,Apartment,2025-01-11
POL-206581,TG-109391,11846.0,Approved,Apartment,2023-10-17
POL-206582,TG-101568,17061.0, approved , apartment ,2023-01-26
POL-206583,TG-103816,21796.0,Approved,Apartment,2024-06-13
POL-206584,TG-108833,23399.0,Approved,Condo,2025-04-21
POL-206585,TG-102390,17585.0,Approved,Condo,2025-02-27
POL-206586,TG-101906,5759.0,Pending,Apartment,2024-01-19
POL-206587,TG-108153,23779.0,Pending,Condo,2024-06-10
POL-206588,TG-108321,13542.0,Denied, apartment ,2025-04-02
POL-206589,TG-109153,9252.0,Approved,Apartment,2024-06-04
POL-206590,TG-108265,21598.0,Pending,Apartment,2024-04-01
POL-206591,TG-107067,23641.0,Approved,Townhouse,2024-05-13
POL-206592,TG-107182,20910.0,Approved,Condo,2023-02-14
POL-206593,TG-100593,9236.0, approved ,Condo,2023-10-31
POL-206594,TG-108678,18712.0,Approved,Condo,2024-10-29
POL-206595,TG-109690,24335.0,Approved,Apartment,2023-07-17
POL-206596,TG-101124,9396.0, approved ,Condo,2023-11-25
POL-206597,TG-102867,18712.0,Pending,Townhouse,2024-06-10
POL-206598,TG-108043,23890.0,Pending,Apartment,2023-03-26
POL-206599,TG-102507,5786.0, approved , apartment ,2023-04-09
POL-206600,TG-104126,14189.0,Denied,Townhouse,2023-06-21
POL-206601,TG-102120,24249.0,Approved,Condo,2025-03-02
POL-206602,TG-108749,17364.0,Denied,Apartment,2024-07-04
POL-206603,TG-103367,18793.0,Pending,Apartment,2024-06-30
POL-206604,TG-107866,20253.0,Approved,Condo,2023-01-08
POL-206605,TG-102650,10539.0, approved ,Apartment,2024-10-03
POL-206606,TG-108719,13926.0,Denied,Apartment,2023-03-09
POL-206607,TG-107553,5030.0,Pending, apartment ,2023-08-04
POL-206608,TG-104816,6825.0,Pending, apartment ,2024-11-17
POL-206609,TG-108156,11677.0,Denied,Condo,2024-10-06
POL-206610,TG-101598,12601.0,Denied, apartment ,2025-03-03
POL-206611,TG-109343,23659.0,Denied, apartment ,2023-08-07
POL-206612,TG-101378,12495.0, approved , apartment ,2025-06-04
POL-206613,TG-101178,14207.0,Denied, apartment ,2024-12-02
POL-206614,TG-105773,12573.0,Pending,Apartment,2024-03-10
POL-206615,TG-100852,8202.0,Approved, apartment ,2025-05-05
POL-206616,TG-104788,16905.0,Approved,Townhouse,2023-04-17
POL-206617,TG-102041,17287.0, approved ,Condo,2023-07-30
POL-206618,TG-108656,24200.0,Denied, apartment ,2024-07-04
POL-206619,TG-104038,16388.0,Approved,Townhouse,2025-04-28
POL-206620,TG-108158,22460.0,Pending,Apartment,2024-12-20
POL-206621,TG-109383,24384.0,Denied,Townhouse,2025-06-18
POL-206622,TG-104577,19927.0,Denied, apartment ,2025-01-29
POL-206623,TG-102839,21550.0,Approved,Condo,2025-03-04
POL-206624,TG-104400,11911.0, approved ,Apartment,2024-03-21
POL-206625,TG-100780,9224.0,Pending, apartment ,2024-10-24
POL-206626,TG-100604,18111.0,Approved,Condo,2025-04-16
POL-206627,TG-100074,13749.0,Approved,Condo,2023-03-15
POL-206628,TG-101865,5343.0, approved ,Condo,2025-02-03
POL-206629,TG-107964,16853.0,Denied,Townhouse,2024-12-03
POL-206630,TG-102283,11678.0, approved , apartment ,2023-06-07
POL-206631,TG-103284,7607.0, approved ,Apartment,2023-01-25
POL-206632,TG-102343,12357.0, approved ,Apartment,2024-04-15
POL-206633,TG-100856,13327.0,Approved, apartment ,2025-01-04
POL-206634,TG-108398,24972.0,Pending,Townhouse,2023-12-06
POL-206635,TG-105964,11437.0,Approved, apartment ,2023-02-08
POL-206636,TG-105656,23679.0, approved , apartment ,2023-03-31
POL-206637,TG-106555,17128.0, approved , apartment ,2023-03-17
POL-206638,TG-107247,14347.0, approved ,Townhouse,2023-02-25
POL-206639,TG-102886,14382.0,Denied,Townhouse,2023-07-02
POL-206640,TG-102744,16527.0,Denied, apartment ,2025-03-24
POL-206641,TG-101477,24548.0,Denied,Townhouse,2023-09-15
POL-206642,TG-102190,11492.0,Pending, apartment ,2024-07-25
POL-206643,TG-103810,19591.0,Approved, apartment ,2023-03-14
POL-206644,TG-109473,18221.0,Approved,Condo,2024-08-11
POL-206645,TG-102955,18789.0,Approved, apartment ,2025-04-21
POL-206646,TG-105709,16895.0, approved , apartment ,2023-08-22
POL-206647,TG-101138,9462.0,Approved,Townhouse,2023-09-22
POL-206648,TG-109457,13075.0, approved , apartment ,2024-02-22
POL-206649,TG-106971,6223.0,Pending,Condo,2024-02-02
POL-206650,TG-101601,19906.0,Denied,Condo,2024-04-06
POL-206651,TG-102474,11510.0, approved , apartment ,2024-10-07
POL-206652,TG-102459,16538.0,Approved,Apartment,2024-02-19
POL-206653,TG-105538,20682.0,Approved,Apartment,2024-03-19
POL-206654,TG-103087,7326.0,Approved, apartment ,2023-11-20
POL-206655,TG-100293,22137.0,Pending,Condo,2023-01-18
POL-206656,TG-100610,10869.0,Approved,Townhouse,2024-02-03
POL-206657,TG-108621,12835.0, approved , apartment ,2024-11-20
POL-206658,TG-100939,6841.0, approved ,Townhouse,2023-05-02
POL-206659,TG-103757,7519.0,Denied, apartment ,2024-07-01
POL-206660,TG-102023,6264.0,Pending,Condo,2023-01-07
POL-206661,TG-107923,23637.0, approved ,Townhouse,2024-10-18
POL-206662,TG-102294,18035.0, approved , apartment ,2025-01-07
POL-206663,TG-110048,18627.0,Approved, apartment ,2024-09-25
POL-206664,TG-101820,24623.0,Denied,Townhouse,2023-03-06
POL-206665,TG-101025,19734.0, approved , apartment ,2025-02-13
POL-206666,TG-109022,10314.0,Pending,Apartment,2025-02-02
POL-206667,TG-102640,21958.0,Denied,Townhouse,2024-08-22
POL-206668,TG-104849,8450.0,Approved,Condo,2023-02-16
POL-206669,TG-101393,10046.0, approved ,Apartment,2024-12-18
POL-206670,TG-105719,15919.0, approved ,Townhouse,2025-05-18
POL-206671,TG-104497,22480.0,Denied,Townhouse,2023-03-16
POL-206672,TG-102311,6900.0,Approved, apartment ,2024-01-02
POL-206673,TG-108731,14018.0, approved ,Townhouse,2024-05-29
POL-206674,TG-107043,22133.0,Approved,Apartment,2023-04-19
POL-206675,TG-109297,5341.0,Pending, apartment ,2023-10-24
POL-206676,TG-100959,8649.0, approved ,Apartment,2025-03-16
POL-206677,TG-106894,23238.0,Approved,Townhouse,2024-12-03
POL-206678,TG-108056,7604.0, approved ,Apartment,2023-11-05
POL-206679,TG-105447,8705.0,Pending, apartment ,2024-09-13
POL-206680,TG-104972,12968.0,Approved,Condo,2023-03-30
POL-206681,TG-108144,8402.0,Approved,Townhouse,2023-10-16
POL-206682,TG-107114,13695.0,Denied, apartment ,2025-02-22
POL-206683,TG-105310,18337.0,Pending,Condo,2024-03-24
POL-206684,TG-104731,5527.0,Pending, apartment ,2024-01-26
POL-206685,TG-103055,13663.0,Denied,Apartment,2024-02-09
POL-206686,TG-102850,21004.0,Denied, apartment ,2025-04-21
POL-206687,TG-100691,17444.0,Approved,Condo,2024-11-07
POL-206688,TG-109105,18199.0,Denied,Townhouse,2023-02-01
POL-206689,TG-100275,9223.0,Denied,Townhouse,2024-04-30
POL-206690,TG-102746,7773.0,Denied,Apartment,2023-06-10
POL-206691,TG-103737,8624.0,Approved,Apartment,2024-06-30
POL-206692,TG-100268,21683.0,Pending, apartment ,2023-08-14
POL-206693,TG-100916,15785.0,Approved,Townhouse,2023-05-20
POL-206694,TG-103431,15514.0, approved ,Apartment,2025-02-03
POL-206695,TG-105108,19672.0,Approved,Townhouse,2024-02-05
POL-206696,TG-108035,11228.0, approved , apartment ,2025-03-26
POL-206697,TG-104278,, approved ,Apartment,2025-03-27
POL-206698,TG-104393,13494.0,Denied,Condo,2025-05-19
POL-206699,TG-103938,7899.0,Approved,Condo,2024-07-12
POL-206700,TG-103862,23725.0,Denied,Townhouse,2023-10-30
POL-206701,TG-105829,8650.0,Approved,Townhouse,2024-10-11
POL-206702,TG-102987,10961.0,Denied,Condo,2023-05-28
POL-206703,TG-105657,19751.0,Denied,Apartment,2023-11-02
POL-206704,TG-107616,21769.0,Pending, apartment ,2024-11-24
POL-206705,TG-101842,18365.0,Pending,Condo,2025-03-25
POL-206706,TG-106810,16101.0,Pending,Townhouse,2025-06-06
POL-206707,TG-108868,21195.0,Approved,Townhouse,2025-01-16
POL-206708,TG-105885,20972.0,Approved,Condo,2024-10-25
POL-206709,TG-103136,18256.0,Pending,Townhouse,2024-01-18
POL-206710,TG-105051,5446.0,Pending,Apartment,2023-01-12
POL-206711,TG-103695,18910.0,Denied,Townhouse,2024-07-20
POL-206712,TG-107117,13159.0,Pending,Condo,2025-06-14
POL-206713,TG-102867,12956.0,Denied,Apartment,2024-07-22
POL-206714,TG-100868,23144.0,Denied, apartment ,2023-05-25
POL-206715,TG-102719,16693.0,Approved, apartment ,2023-05-07
POL-206716,TG-108927,11072.0,Approved,Apartment,2023-02-12
POL-206717,TG-107378,7650.0,Approved,Apartment,2023-01-06
POL-206718,TG-100967,16243.0,Approved,Apartment,2024-08-09
POL-206719,TG-109122,22682.0,Approved, apartment ,2024-09-02
POL-206720,TG-103213,17420.0,Approved, apartment ,2024-02-08
POL-206721,TG-105306,24143.0,Approved, apartment ,2024-07-04
POL-206722,TG-107300,6974.0,Denied,Condo,2024-07-14
POL-206723,TG-102079,17132.0,Pending,Townhouse,2023-03-29
POL-206724,TG-109109,,Approved,Condo,2023-11-09
POL-206725,TG-105012,12849.0,Pending, apartment ,2023-08-04
POL-206726,TG-109760,13607.0,Pending,Townhouse,2025-02-05
POL-206727,TG-105582,11531.0, approved ,Condo,2025-01-29
POL-206728,TG-103214,10826.0,Approved,Apartment,2025-01-13
POL-206729,TG-101757,15845.0,Denied,Condo,2023-12-19
POL-206730,TG-101720,19582.0,Pending, apartment ,2023-08-05
POL-206731,TG-101335,14613.0,Approved,Apartment,2024-02-27
POL-206732,TG-102024,13184.0,Denied,Townhouse,2024-10-23
POL-206733,TG-108253,13988.0, approved , apartment ,2025-05-21
POL-206734,TG-107953,23575.0,Approved,Condo,2024-06-08
POL-206735,TG-105480,23800.0,Approved,Apartment,2023-05-26
POL-206736,TG-101351,9971.0,Pending,Apartment,2023-06-14
POL-206737,TG-100082,17849.0, approved ,Townhouse,2023-07-08
POL-206738,TG-102701,11640.0,Approved,Apartment,2023-08-15
POL-206739,TG-103259,17675.0,Approved,Condo,2024-09-23
POL-206740,TG-103134,17728.0,Denied,Apartment,2025-05-04
POL-206741,TG-109280,20498.0,Pending, apartment ,2023-09-16
POL-206742,TG-105791,15167.0,Pending,Apartment,2023-07-18
POL-206743,TG-108721,11940.0,Approved,Townhouse,2023-04-28
POL-206744,TG-103089,6481.0,Approved,Condo,2023-07-05
POL-206745,TG-100936,9389.0,Pending,Condo,2024-11-18
POL-206746,TG-107018,8109.0,Approved, apartment ,2025-03-29
POL-206747,TG-103704,20963.0, approved ,Condo,2024-08-03
POL-206748,TG-104677,6122.0,Approved,Townhouse,2025-05-22
POL-206749,TG-104274,11240.0,Approved,Townhouse,2023-02-25
POL-206750,TG-109436,11878.0,Pending, apartment ,2025-05-21
POL-206751,TG-103619,7927.0,Pending,Condo,2025-02-08
POL-206752,TG-100121,11197.0, approved ,Townhouse,2024-07-16
POL-206753,TG-104708,5998.0, approved ,Apartment,2024-04-17
POL-206754,TG-100394,19967.0,Denied, apartment ,2024-10-22
POL-206755,TG-102931,5468.0,Denied,Apartment,2024-07-16
POL-206756,TG-107653,20850.0, approved , apartment ,2023-03-16
POL-206757,TG-100505,13600.0,Approved,Apartment,2023-10-25
POL-206758,TG-105800,24945.0, approved ,Townhouse,2024-11-18
POL-206759,TG-103772,23952.0,Denied,Condo,2023-03-10
POL-206760,TG-100496,9500.0, approved ,Condo,2023-09-14
POL-206761,TG-105004,5822.0,Approved,Townhouse,2023-04-11
POL-206762,TG-108944,12233.0,Denied,Condo,2023-07-22
POL-206763,TG-105766,8428.0,Approved,Condo,2025-01-13
POL-206764,TG-107538,9165.0,Approved,Apartment,2024-08-17
POL-206765,TG-107417,15515.0,Pending,Condo,2024-05-13
POL-206766,TG-101471,16853.0,Pending,Condo,2023-12-05
POL-206767,TG-101138,7434.0,Denied,Townhouse,2024-01-01
POL-206768,TG-106956,20720.0,Approved,Condo,2023-05-12
POL-206769,TG-109300,19069.0,Approved,Apartment,2024-11-18
POL-206770,TG-101392,18224.0, approved ,Apartment,2024-11-02
POL-206771,TG-103807,10272.0,Pending,Condo,2023-08-29
POL-206772,TG-106915,17338.0,Approved,Apartment,2023-04-13
POL-206773,TG-105326,24148.0,Pending,Townhouse,2023-10-19
POL-206774,TG-101911,11299.0,Denied,Condo,2024-09-26
POL-206775,TG-107846,6722.0, approved ,Townhouse,2023-03-13
POL-206776,TG-109128,13515.0,Pending, apartment ,2023-07-18
POL-206777,TG-100552,19821.0,Approved,Condo,2023-11-22
POL-206778,TG-108165,16865.0,Pending,Apartment,2024-05-12
POL-206779,TG-102984,8372.0, approved ,Townhouse,2024-04-06
POL-206780,TG-109898,18596.0,Pending,Townhouse,2023-12-03
POL-206781,TG-100447,9763.0,Pending,Apartment,2024-09-23
POL-206782,TG-103205,22420.0, approved , apartment ,2024-11-06
POL-206783,TG-103905,19828.0, approved ,Apartment,2023-11-10
POL-206784,TG-100894,21352.0, approved , apartment ,2024-12-11
POL-206785,TG-108818,11084.0, approved , apartment ,2024-08-21
POL-206786,TG-101950,5013.0,Pending,Townhouse,2023-06-06
POL-206787,TG-100858,12107.0,Approved,Apartment,2024-08-02
POL-206788,TG-109992,8265.0,Pending,Townhouse,2024-08-03
POL-206789,TG-102062,8828.0,Approved,Apartment,2024-01-09
POL-206790,TG-105782,13525.0,Denied,Condo,2025-04-07
POL-206791,TG-107481,11402.0, approved ,Townhouse,2023-11-20
POL-206792,TG-108703,16692.0, approved ,Condo,2024-03-14
POL-206793,TG-109410,13974.0,Pending,Townhouse,2023-06-22
POL-206794,TG-101121,21563.0,Approved,Condo,2023-01-05
POL-206795,TG-103666,14155.0, approved ,Apartment,2023-11-17
POL-206796,TG-105801,15827.0,Denied,Townhouse,2023-09-10
POL-206797,TG-104859,18328.0, approved ,Apartment,2025-03-15
POL-206798,TG-104838,6808.0,Denied,Condo,2023-08-15
POL-206799,TG-107039,10893.0, approved , apartment ,2024-12-30
POL-206800,TG-101494,, approved ,Townhouse,2025-01-27
POL-206801,TG-104995,9011.0,Pending,Townhouse,2024-10-18
POL-206802,TG-109193,9482.0,Approved,Condo,2024-03-22
POL-206803,TG-109416,19335.0,Pending,Townhouse,2023-10-11
POL-206804,TG-106090,20923.0,Approved, apartment ,2025-05-10
POL-206805,TG-102112,21260.0, approved , apartment ,2024-01-04
POL-206806,TG-104861,19094.0,Pending,Townhouse,2023-05-18
POL-206807,TG-107022,14108.0,Pending, apartment ,2024-11-26
POL-206808,TG-103550,8439.0,Approved,Condo,2025-01-20
POL-206809,TG-101037,, approved ,Townhouse,2023-12-06
POL-206810,TG-109563,16271.0, approved ,Townhouse,2025-06-17
POL-206811,TG-106254,9579.0, approved , apartment ,2024-05-06
POL-206812,TG-107639,12812.0, approved , apartment ,2024-04-18
POL-206813,TG-107707,20705.0, approved ,Apartment,2024-04-01
POL-206814,TG-100826,12880.0,Pending,Townhouse,2024-01-03
POL-206815,TG-103551,13022.0,Pending,Condo,2025-03-04
POL-206816,TG-101168,24014.0,Pending, apartment ,2023-11-09
POL-206817,TG-101399,8553.0,Approved,Condo,2024-05-13
POL-206818,TG-103449,5727.0,Denied,Apartment,2024-07-18
POL-206819,TG-105565,6718.0,Pending,Apartment,2023-04-22
POL-206820,TG-101497,24126.0, approved ,Townhouse,2023-06-29
POL-206821,TG-105233,22940.0,Denied,Apartment,2024-10-23
POL-206822,TG-101694,14633.0,Pending, apartment ,2024-09-13
POL-206823,TG-106363,22099.0, approved ,Apartment,2023-03-25
POL-206824,TG-105084,8456.0,Pending,Apartment,2025-05-11
POL-206825,TG-108372,6910.0,Pending,Townhouse,2023-10-15
POL-206826,TG-102851,14352.0, approved ,Condo,2025-05-29
POL-206827,TG-101919,13745.0,Denied,Condo,2025-04-26
POL-206828,TG-108345,18397.0,Pending, apartment ,2023-05-24
POL-206829,TG-102075,21037.0,Pending, apartment ,2024-07-05
POL-206830,TG-107787,11144.0,Approved,Apartment,2023-07-21
POL-206831,TG-103455,19409.0,Denied, apartment ,2023-09-27
POL-206832,TG-103605,13796.0,Approved, apartment ,2025-01-21
POL-206833,TG-102993,13557.0,Denied,Apartment,2024-10-03
POL-206834,TG-107970,20949.0,Denied,Condo,2023-03-20
POL-206835,TG-105457,14868.0, approved ,Apartment,2025-01-14
POL-206836,TG-109588,6433.0, approved , apartment ,2023-03-19
POL-206837,TG-102116,11467.0,Denied, apartment ,2023-01-20
POL-206838,TG-103324,6400.0,Approved, apartment ,2025-05-19
POL-206839,TG-102263,15747.0,Denied,Condo,2024-06-03
POL-206840,TG-103514,13963.0,Pending, apartment ,2024-10-08
POL-206841,TG-103244,8500.0,Denied,Apartment,2023-02-01
POL-206842,TG-107979,15237.0,Denied, apartment ,2025-04-12
POL-206843,TG-102840,23184.0,Denied,Townhouse,2024-08-18
POL-206844,TG-106671,10196.0,Pending,Townhouse,2024-08-15
POL-206845,TG-102683,5119.0,Pending,Townhouse,2024-02-19
POL-206846,TG-102741,14129.0,Denied,Condo,2025-02-26
POL-206847,TG-103980,16508.0,Denied,Townhouse,2024-08-27
POL-206848,TG-107158,19033.0,Pending,Townhouse,2023-08-06
POL-206849,TG-101018,,Pending,Townhouse,2023-02-07
POL-206850,TG-103234,11815.0,Denied, apartment ,2024-07-18
POL-206851,TG-106141,13700.0,Pending,Apartment,2023-09-24
POL-206852,TG-109763,12514.0,Approved,Apartment,2024-07-10
POL-206853,TG-103933,19669.0,Pending,Apartment,2024-07-06
POL-206854,TG-101372,19600.0, approved ,Apartment,2024-04-28
POL-206855,TG-107048,23698.0,Pending,Apartment,2024-10-31
POL-206856,TG-107369,,Approved,Apartment,2025-03-04
POL-206857,TG-103591,14425.0, approved ,Apartment,2023-06-02
POL-206858,TG-103834,15599.0,Pending,Townhouse,2024-01-10
POL-206859,TG-100631,6286.0,Approved,Townhouse,2024-02-06
POL-206860,TG-109530,5672.0,Approved, apartment ,2023-08-17
POL-206861,TG-104336,11906.0,Pending,Apartment,2025-03-01
POL-206862,TG-103755,20580.0,Denied, apartment ,2024-08-26
POL-206863,TG-104907,16267.0,Approved,Condo,2025-01-20
POL-206864,TG-100801,20952.0,Approved, apartment ,2025-05-27
POL-206865,TG-106964,11635.0,Denied,Apartment,2023-10-25
POL-206866,TG-104866,21155.0,Pending,Townhouse,2023-05-18
POL-206867,TG-106742,22764.0,Denied,Townhouse,2024-04-20
POL-206868,TG-103259,13065.0,Denied,Condo,2024-05-28
POL-206869,TG-103170,22097.0,Approved, apartment ,2024-06-06
POL-206870,TG-102431,10924.0,Denied,Townhouse,2023-04-03
POL-206871,TG-108454,9306.0,Denied, apartment ,2024-02-11
POL-206872,TG-107356,20338.0,Denied,Condo,2024-01-08
POL-206873,TG-101604,15229.0,Pending,Townhouse,2024-05-29
POL-206874,TG-103248,24955.0,Denied,Condo,2023-01-11
POL-206875,TG-102539,16577.0,Pending,Townhouse,2024-11-09
POL-206876,TG-101645,11643.0,Pending,Apartment,2023-09-02
POL-206877,TG-101804,13688.0,Denied, apartment ,2025-05-18
POL-206878,TG-102594,12022.0,Pending,Condo,2025-04-05
POL-206879,TG-102657,14699.0,Pending,Townhouse,2024-09-20
POL-206880,TG-105026,9833.0,Denied,Apartment,2024-12-01
POL-206881,TG-108932,8326.0, approved ,Townhouse,2023-06-19
POL-206882,TG-103993,5650.0,Pending,Townhouse,2025-02-14
POL-206883,TG-100233,11924.0,Denied,Apartment,2024-06-10
POL-206884,TG-107302,9304.0,Approved,Condo,2023-05-24
POL-206885,TG-106115,19098.0, approved , apartment ,2024-04-01
POL-206886,TG-101318,13767.0,Approved, apartment ,2023-06-13
POL-206887,TG-109556,24327.0,Denied,Apartment,2023-07-03
POL-206888,TG-101742,10628.0,Pending,Apartment,2024-08-02
POL-206889,TG-106648,23940.0, approved , apartment ,2024-08-02
POL-206890,TG-107052,24067.0,Approved,Townhouse,2024-11-06
POL-206891,TG-100979,17234.0, approved , apartment ,2025-06-12
POL-206892,TG-103169,5161.0,Denied,Condo,2023-05-30
POL-206893,TG-104953,22444.0,Denied, apartment ,2025-01-23
POL-206894,TG-106403,20375.0,Approved, apartment ,2025-01-19
POL-206895,TG-101889,13146.0,Approved,Townhouse,2024-05-10
POL-206896,TG-104626,16444.0,Approved, apartment ,2024-01-03
POL-206897,TG-107288,20682.0,Pending,Apartment,2023-02-11
POL-206898,TG-106116,12425.0,Denied,Townhouse,2023-08-13
POL-206899,,7797.0,Pending, apartment ,2025-02-18
POL-206900,TG-100758,17010.0,Denied,Townhouse,2024-05-14
POL-206901,TG-108234,6803.0,Approved,Townhouse,2023-08-26
POL-206902,TG-106207,23833.0, approved , apartment ,2023-03-06
POL-206903,TG-104861,23815.0,Pending,Apartment,2023-09-28
POL-206904,TG-108961,14647.0, approved ,Apartment,2024-01-14
POL-206905,TG-110005,10052.0, approved , apartment ,2023-08-28
POL-206906,TG-102891,, approved ,Townhouse,2023-02-13
POL-206907,TG-110005,8443.0,Pending,Condo,2024-11-15
POL-206908,TG-102771,7354.0,Denied, apartment ,2023-07-31
POL-206909,TG-109026,9600.0,Approved,Condo,2024-06-14
POL-206910,TG-103342,7640.0,Approved,Apartment,2025-03-21
POL-206911,TG-108234,10134.0,Approved,Apartment,2024-01-05
POL-206912,TG-108047,8113.0, approved ,Apartment,2024-02-02
POL-206913,TG-109289,12744.0, approved ,Condo,2024-04-25
POL-206914,TG-106678,11415.0, approved ,Condo,2024-04-10
POL-206915,TG-105941,18923.0,Pending,Condo,2023-02-17
POL-206916,TG-105734,20474.0, approved ,Apartment,2023-02-10
POL-206917,TG-109789,6024.0, approved , apartment ,2024-10-26
POL-206918,TG-106717,10169.0,Pending,Condo,2023-11-28
POL-206919,TG-104031,9592.0,Approved,Apartment,2023-04-16
POL-206920,TG-103401,21091.0,Pending,Townhouse,2024-12-21
POL-206921,TG-108628,13465.0,Approved,Townhouse,2024-06-17
POL-206922,TG-107810,10551.0,Denied, apartment ,2024-10-10
POL-206923,TG-105515,19379.0,Denied,Townhouse,2025-04-29
POL-206924,TG-103707,18200.0, approved ,Townhouse,2023-10-08
POL-206925,TG-100536,7854.0,Pending,Condo,2025-05-04
POL-206926,TG-108152,21676.0,Denied,Condo,2025-01-29
POL-206927,TG-102994,19174.0,Denied,Apartment,2023-09-27
POL-206928,TG-105108,17328.0,Denied,Condo,2024-08-15
POL-206929,TG-109383,14270.0,Denied,Apartment,2024-07-11
POL-206930,TG-102836,8167.0, approved , apartment ,2024-08-06
POL-206931,TG-100582,5367.0, approved ,Condo,2023-06-28
POL-206932,TG-104939,22568.0,Pending,Townhouse,2024-01-21
POL-206933,TG-107151,8917.0,Denied,Condo,2024-10-31
POL-206934,TG-102409,23999.0,Denied, apartment ,2024-01-23
POL-206935,TG-107906,16704.0,Approved, apartment ,2024-01-10
POL-206936,TG-109041,,Denied,Condo,2024-08-24
POL-206937,TG-105329,16868.0,Approved,Apartment,2024-10-31
POL-206938,TG-100394,15200.0, approved ,Apartment,2025-05-05
POL-206939,TG-105882,24266.0, approved ,Townhouse,2023-03-21
POL-206940,TG-107032,24858.0,Denied,Condo,2024-06-13
POL-206941,TG-103680,13848.0,Denied,Condo,2023-09-15
POL-206942,TG-106062,8195.0,Approved,Condo,2024-01-21
POL-206943,TG-107596,5900.0, approved ,Townhouse,2023-08-17
POL-206944,TG-108928,10087.0, approved ,Townhouse,2024-06-12
POL-206945,TG-106094,23900.0, approved , apartment ,2024-02-20
POL-206946,TG-103285,5495.0, approved ,Townhouse,2023-12-28
POL-206947,TG-106330,10727.0, approved ,Townhouse,2025-04-16
POL-206948,TG-104565,19378.0, approved , apartment ,2025-06-07
POL-206949,TG-100613,16366.0,Denied,Condo,2023-12-20
POL-206950,TG-108541,18637.0,Approved,Townhouse,2024-05-13
POL-206951,TG-102295,22882.0,Pending,Townhouse,2025-03-22
POL-206952,TG-100956,24873.0,Pending,Apartment,2024-05-08
POL-206953,TG-103445,20207.0,Pending,Apartment,2024-09-10
POL-206954,TG-103576,11663.0,Pending,Townhouse,2023-01-07
POL-206955,TG-104084,21915.0, approved ,Townhouse,2024-05-28
POL-206956,TG-103565,5953.0,Denied,Apartment,2023-05-23
POL-206957,TG-100991,23981.0, approved ,Apartment,2024-03-26
POL-206958,TG-101424,10778.0,Pending, apartment ,2023-06-19
POL-206959,TG-108412,20736.0, approved ,Condo,2023-08-24
POL-206960,TG-101514,23621.0,Approved,Apartment,2023-03-20
POL-206961,TG-109811,5347.0,Denied,Condo,2024-06-10
POL-206962,TG-106760,9259.0,Approved,Townhouse,2024-10-20
POL-206963,TG-100211,7580.0,Pending,Condo,2023-10-15
POL-206964,TG-101287,21321.0,Approved,Townhouse,2023-08-05
POL-206965,TG-100144,21216.0,Pending,Townhouse,2023-06-03
POL-206966,TG-100607,21169.0,Denied,Townhouse,2023-07-11
POL-206967,TG-107637,22635.0,Approved,Apartment,2023-06-11
POL-206968,TG-104634,12013.0,Pending,Apartment,2024-01-06
POL-206969,TG-105177,16496.0,Pending, apartment ,2024-09-08
POL-206970,TG-109316,17889.0,Denied,Condo,2025-01-04
POL-206971,TG-100946,20500.0,Pending, apartment ,2025-04-16
POL-206972,TG-102734,7211.0,Pending, apartment ,2023-05-02
POL-206973,TG-109272,19931.0,Approved,Townhouse,2024-11-07
POL-206974,TG-106961,6492.0,Pending,Condo,2023-08-24
POL-206975,TG-102393,18224.0,Approved,Apartment,2024-02-29
POL-206976,TG-101758,10703.0,Pending,Apartment,2025-04-10
POL-206977,TG-106423,5254.0, approved ,Condo,2023-12-05
POL-206978,TG-107358,9645.0,Approved,Townhouse,2025-01-07
POL-206979,TG-103565,6622.0,Pending,Condo,2023-04-27
POL-206980,TG-100461,6502.0,Pending,Apartment,2024-05-08
POL-206981,TG-102454,13589.0,Approved, apartment ,2024-11-22
POL-206982,TG-107943,16507.0, approved ,Apartment,2024-05-05
POL-206983,TG-107163,7759.0,Pending,Townhouse,2024-05-05
POL-206984,TG-102297,10822.0,Approved,Townhouse,2023-08-04
POL-206985,TG-106170,16406.0, approved ,Townhouse,2024-08-27
POL-206986,TG-100848,23105.0, approved ,Townhouse,2023-06-15
POL-206987,TG-108218,7454.0,Approved,Apartment,2024-10-24
POL-206988,TG-102393,21596.0,Denied,Apartment,2025-05-03
POL-206989,TG-105488,16465.0,Pending,Townhouse,2024-02-25
POL-206990,TG-106036,23197.0,Denied, apartment ,2023-01-23
POL-206991,TG-105165,17956.0,Denied,Apartment,2023-09-07
POL-206992,TG-101455,9016.0,Pending, apartment ,2023-02-14
POL-206993,TG-104931,10264.0, approved ,Apartment,2023-05-11
POL-206994,TG-103981,19235.0,Denied,Townhouse,2024-08-10
POL-206995,TG-106380,24478.0, approved , apartment ,2024-08-29
POL-206996,TG-106842,23859.0,Pending,Condo,2023-06-14
POL-206997,TG-109786,7816.0,Denied,Condo,2023-05-18
POL-206998,TG-108580,20145.0,Pending,Apartment,2024-10-06
POL-206999,TG-107162,9673.0,Pending,Townhouse,2024-06-08
POL-207000,TG-105151,23704.0, approved ,Townhouse,2023-02-10
POL-207001,TG-106991,24553.0,Approved,Townhouse,2024-08-09
POL-207002,TG-103675,20116.0, approved ,Townhouse,2023-05-31
POL-207003,TG-101601,7950.0,Denied,Apartment,2023-02-27
POL-207004,TG-102338,20195.0, approved ,Condo,2023-06-20
POL-207005,TG-100775,21966.0,Pending, apartment ,2023-09-22
POL-207006,TG-104664,19024.0,Approved,Townhouse,2023-07-04
POL-207007,TG-105118,10949.0,Denied,Condo,2024-06-13
POL-207008,TG-100675,19888.0,Approved,Townhouse,2024-02-20
POL-207009,TG-104760,9011.0, approved ,Townhouse,2024-09-05
POL-207010,TG-102750,17295.0,Pending,Condo,2024-07-31
POL-207011,TG-105873,12430.0, approved ,Condo,2024-10-14
POL-207012,TG-102623,13005.0,Approved, apartment ,2023-01-20
POL-207013,TG-102265,22235.0,Pending,Apartment,2025-06-18
POL-207014,TG-103748,8485.0,Denied,Townhouse,2025-01-06
POL-207015,TG-101108,7013.0,Pending, apartment ,2025-01-15
POL-207016,TG-104996,14439.0,Approved,Condo,2024-11-08
POL-207017,TG-106807,7398.0,Denied,Apartment,2025-04-21
POL-207018,TG-108137,23833.0,Approved,Townhouse,2023-10-18
POL-207019,TG-105825,6563.0, approved ,Apartment,2023-03-29
POL-207020,TG-107385,14805.0, approved , apartment ,2023-08-10
POL-207021,TG-103272,10487.0,Approved,Townhouse,2024-04-04
POL-207022,TG-104852,13391.0, approved , apartment ,2024-09-13
POL-207023,TG-106644,18263.0,Approved,Condo,2024-04-27
POL-207024,TG-105219,7873.0,Approved,Apartment,2025-06-07
POL-207025,TG-103640,13128.0,Denied, apartment ,2024-05-08
POL-207026,TG-108519,24076.0,Denied,Townhouse,2023-06-24
POL-207027,TG-106658,19006.0,Approved,Apartment,2023-08-13
POL-207028,TG-102224,23244.0,Approved,Townhouse,2025-04-30
POL-207029,TG-106234,21571.0, approved ,Townhouse,2024-02-25
POL-207030,TG-109103,13337.0,Pending, apartment ,2024-09-07
POL-207031,TG-108942,12619.0,Pending,Townhouse,2023-05-27
POL-207032,TG-108061,7804.0,Denied,Townhouse,2025-03-24
POL-207033,TG-104982,15332.0,Denied,Apartment,2024-08-19
POL-207034,TG-105528,12894.0,Pending, apartment ,2025-04-20
POL-207035,TG-104009,20343.0, approved , apartment ,2025-02-24
POL-207036,TG-106699,10951.0,Approved, apartment ,2023-07-06
POL-207037,TG-103235,23289.0, approved ,Townhouse,2024-09-30
POL-207038,TG-103422,23588.0,Approved, apartment ,2024-11-06
POL-207039,TG-100277,7816.0, approved , apartment ,2024-06-07
POL-207040,TG-108580,, approved ,Apartment,2023-09-28
POL-207041,TG-107660,17074.0,Approved, apartment ,2023-06-21
POL-207042,,20712.0,Approved,Condo,2025-01-11
POL-207043,TG-107535,9520.0, approved ,Condo,2024-12-03
POL-207044,TG-100470,8953.0,Denied,Townhouse,2023-12-17
POL-207045,TG-108508,23527.0, approved , apartment ,2024-04-09
POL-207046,TG-102389,19609.0,Pending,Apartment,2024-09-02
POL-207047,TG-107480,12431.0,Denied,Townhouse,2024-08-27
POL-207048,TG-103934,11652.0,Approved,Apartment,2023-03-12
POL-207049,TG-105268,6868.0,Approved,Townhouse,2023-08-24
POL-207050,TG-103771,10781.0,Denied,Townhouse,2024-01-23
POL-207051,TG-106716,,Denied,Townhouse,2024-01-30
POL-207052,TG-108522,13671.0,Approved,Condo,2023-05-16
POL-207053,TG-106923,9415.0, approved ,Apartment,2023-04-22
POL-207054,TG-102601,22598.0,Approved,Townhouse,2023-01-17
POL-207055,TG-100639,18341.0,Approved,Apartment,2023-07-27
POL-207056,TG-107855,19019.0,Approved,Condo,2024-06-19
POL-207057,TG-102246,5291.0, approved ,Townhouse,2025-05-30
POL-207058,TG-105854,16154.0,Denied,Apartment,2024-05-31
POL-207059,TG-105322,9238.0,Denied,Townhouse,2024-12-01
POL-207060,TG-104288,19539.0,Denied, apartment ,2024-03-05
POL-207061,TG-101741,14347.0,Denied,Apartment,2025-04-26
POL-207062,TG-107139,6010.0, approved ,Townhouse,2023-06-03
POL-207063,TG-103882,14291.0,Approved,Condo,2024-09-12
POL-207064,TG-104420,14599.0,Approved, apartment ,2023-04-09
POL-207065,TG-102599,23728.0, approved , apartment ,2023-07-01
POL-207066,TG-103140,10976.0,Pending, apartment ,2024-05-02
POL-207067,TG-106821,18031.0,Approved, apartment ,2024-09-21
POL-207068,TG-104165,14641.0,Denied,Condo,2024-09-06
POL-207069,TG-105456,19313.0,Denied,Condo,2023-02-09
POL-207070,TG-104228,7476.0,Approved,Townhouse,2025-06-17
POL-207071,TG-108931,10710.0,Denied,Condo,2025-03-13
POL-207072,TG-109531,21714.0, approved ,Condo,2024-06-28
POL-207073,TG-108941,19833.0,Approved,Apartment,2024-05-30
POL-207074,TG-104955,8369.0,Pending,Apartment,2025-02-09
POL-207075,TG-100511,13882.0,Pending,Condo,2023-05-01
POL-207076,TG-102123,19060.0,Approved, apartment ,2023-04-06
POL-207077,TG-104135,19009.0,Pending,Condo,2024-05-08
POL-207078,TG-102327,18045.0, approved ,Townhouse,2024-11-06
POL-207079,TG-100633,6476.0,Pending,Condo,2023-05-14
POL-207080,TG-102797,21700.0,Pending,Condo,2024-09-09
POL-207081,TG-106482,7702.0,Pending,Apartment,2024-07-06
POL-207082,TG-102513,6814.0,Approved,Apartment,2025-04-27
POL-207083,TG-102318,24267.0,Pending,Condo,2023-01-02
POL-207084,TG-107145,9054.0,Approved, apartment ,2025-03-04
POL-207085,TG-109839,17926.0,Denied,Condo,2024-11-25
POL-207086,TG-105313,13411.0,Approved,Townhouse,2024-10-26
POL-207087,TG-101384,19446.0, approved , apartment ,2024-03-17
POL-207088,TG-103130,9266.0,Approved, apartment ,2024-06-18
POL-207089,TG-107750,15316.0,Pending,Condo,2024-03-06
POL-207090,TG-109624,,Approved, apartment ,2024-01-15
POL-207091,TG-103504,5265.0,Approved, apartment ,2025-06-14
POL-207092,TG-105131,9138.0,Pending,Apartment,2023-02-14
POL-207093,TG-105112,11584.0,Denied, apartment ,2024-12-15
POL-207094,TG-103095,23240.0,Approved, apartment ,2024-06-26
POL-207095,TG-100931,12739.0,Denied,Condo,2024-03-15
POL-207096,TG-105532,23533.0,Approved,Townhouse,2023-08-23
POL-207097,TG-105629,22788.0, approved ,Apartment,2025-04-01
POL-207098,TG-101624,22051.0,Denied,Townhouse,2024-05-08
POL-207099,TG-109966,22261.0,Pending,Condo,2025-03-19
POL-207100,TG-101831,9699.0,Approved, apartment ,2025-02-26
POL-207101,TG-101948,6580.0,Pending,Townhouse,2024-01-26
POL-207102,TG-104061,7280.0, approved , apartment ,2023-12-25
POL-207103,TG-107048,10107.0, approved , apartment ,2024-08-26
POL-207104,TG-108013,10340.0,Denied, apartment ,2025-04-03
POL-207105,TG-107322,6280.0,Pending,Apartment,2025-01-29
POL-207106,TG-109270,6692.0,Denied,Townhouse,2025-02-18
POL-207107,TG-105850,18316.0,Denied,Condo,2025-05-07
POL-207108,TG-101447,12928.0, approved ,Condo,2024-12-14
POL-207109,TG-109304,21633.0,Approved,Condo,2024-08-12
POL-207110,TG-100711,16334.0,Approved,Townhouse,2023-04-11
POL-207111,TG-104508,10701.0,Approved, apartment ,2024-03-11
POL-207112,TG-103003,11810.0,Approved,Condo,2023-05-18
POL-207113,TG-101765,6694.0,Approved,Condo,2023-09-18
POL-207114,TG-104002,14590.0,Pending, apartment ,2024-05-03
POL-207115,TG-105805,14065.0,Pending, apartment ,2025-02-23
POL-207116,TG-100684,16956.0,Pending,Apartment,2023-08-27
POL-207117,TG-108742,16121.0,Approved, apartment ,2025-05-29
POL-207118,TG-101390,11793.0,Approved, apartment ,2023-03-27
POL-207119,TG-100856,10387.0,Denied,Apartment,2023-10-18
POL-207120,TG-100086,7113.0,Pending,Apartment,2024-09-04
POL-207121,TG-102045,18428.0,Denied,Townhouse,2025-06-16
POL-207122,TG-109703,16453.0,Approved,Condo,2024-07-10
POL-207123,TG-103229,17458.0, approved ,Condo,2024-02-23
POL-207124,TG-107932,15774.0,Pending,Condo,2023-09-21
POL-207125,TG-100832,22289.0,Pending,Apartment,2023-07-13
POL-207126,TG-103033,24344.0,Approved,Apartment,2023-01-06
POL-207127,TG-105587,9016.0,Denied,Apartment,2024-12-27
POL-207128,TG-107892,19521.0,Pending,Townhouse,2025-01-31
POL-207129,TG-110038,24760.0,Pending,Apartment,2025-03-19
POL-207130,TG-109658,7313.0,Approved, apartment ,2023-01-08
POL-207131,TG-107157,9803.0,Denied, apartment ,2024-08-14
POL-207132,TG-105164,8940.0,Approved,Condo,2024-06-19
POL-207133,TG-102899,21956.0,Pending,Apartment,2023-05-01
POL-207134,TG-103062,18452.0, approved ,Townhouse,2024-06-16
POL-207135,TG-105442,20451.0,Approved, apartment ,2023-01-08
POL-207136,TG-106140,19942.0,Pending,Townhouse,2024-01-20
POL-207137,TG-107696,5208.0,Approved, apartment ,2024-11-01
POL-207138,TG-106140,16252.0,Approved, apartment ,2023-07-30
POL-207139,TG-105321,13098.0,Approved,Apartment,2024-12-05
POL-207140,TG-108342,7947.0,Pending, apartment ,2025-04-03
POL-207141,TG-105511,24940.0, approved , apartment ,2023-11-20
POL-207142,TG-106592,12136.0,Denied,Condo,2024-02-23
POL-207143,TG-108565,23757.0,Approved, apartment ,2024-01-06
POL-207144,TG-106203,15924.0,Approved,Apartment,2023-04-20
POL-207145,TG-103715,16902.0,Pending,Apartment,2023-06-08
POL-207146,TG-108347,18425.0,Pending,Townhouse,2024-03-12
POL-207147,TG-100537,21039.0,Pending,Townhouse,2024-10-29
POL-207148,TG-105927,11858.0,Pending, apartment ,2024-08-22
POL-207149,TG-102421,13329.0,Approved,Apartment,2023-09-17
POL-207150,TG-109618,21978.0, approved ,Apartment,2023-09-25
POL-207151,TG-100604,15561.0, approved ,Apartment,2025-05-25
POL-207152,TG-103588,7812.0,Approved,Condo,2024-07-02
POL-207153,TG-100400,19750.0, approved , apartment ,2024-03-09
POL-207154,TG-109125,23471.0, approved ,Townhouse,2024-08-01
POL-207155,TG-106632,11720.0,Approved,Condo,2024-01-10
POL-207156,TG-100679,23804.0, approved , apartment ,2024-09-18
POL-207157,TG-107942,12342.0,Approved, apartment ,2023-10-10
POL-207158,TG-107834,18806.0,Pending, apartment ,2024-11-27
POL-207159,TG-100865,13408.0,Approved, apartment ,2024-02-11
POL-207160,TG-104633,8706.0,Pending,Townhouse,2025-02-12
POL-207161,TG-102501,21390.0, approved ,Townhouse,2023-07-28
POL-207162,TG-101566,9112.0,Pending,Apartment,2024-02-28
POL-207163,TG-109227,13663.0, approved ,Townhouse,2024-07-19
POL-207164,TG-102958,10631.0,Pending,Townhouse,2025-03-13
POL-207165,TG-105945,16365.0,Denied,Apartment,2024-07-24
POL-207166,TG-104992,18200.0,Approved,Townhouse,2024-05-09
POL-207167,TG-102493,14020.0,Pending,Apartment,2023-07-03
POL-207168,TG-109252,,Pending,Townhouse,2024-01-15
POL-207169,TG-101797,21712.0,Pending,Apartment,2024-07-26
POL-207170,TG-101559,19722.0,Denied,Townhouse,2024-07-22
POL-207171,TG-105166,24628.0,Pending,Apartment,2024-05-10
POL-207172,TG-103007,22082.0, approved ,Apartment,2023-09-17
POL-207173,TG-107289,21313.0,Approved,Apartment,2023-11-11
POL-207174,TG-109707,12917.0,Pending,Townhouse,2024-08-14
POL-207175,TG-107672,16295.0, approved ,Apartment,2023-12-19
POL-207176,TG-100082,10442.0,Pending,Townhouse,2025-03-03
POL-207177,TG-102897,23439.0,Pending,Condo,2024-12-23
POL-207178,TG-104325,10917.0, approved ,Apartment,2024-02-12
POL-207179,TG-105199,15466.0,Denied,Apartment,2025-01-23
POL-207180,TG-103082,13410.0, approved ,Condo,2023-05-22
POL-207181,TG-106915,12606.0, approved ,Apartment,2025-05-25
POL-207182,TG-104687,7103.0, approved ,Townhouse,2025-06-03
POL-207183,TG-101097,23079.0,Denied, apartment ,2024-11-06
POL-207184,TG-102777,17098.0,Pending, apartment ,2023-05-02
POL-207185,TG-100620,16843.0, approved ,Apartment,2025-02-04
POL-207186,TG-107651,13556.0,Pending,Apartment,2023-08-24
POL-207187,TG-108358,9620.0,Denied,Apartment,2024-04-02
POL-207188,TG-103923,14814.0,Pending,Townhouse,2025-03-12
POL-207189,TG-102128,21194.0,Denied, apartment ,2024-12-17
POL-207190,TG-102157,7942.0, approved ,Apartment,2023-06-15
POL-207191,TG-108622,9887.0,Denied,Townhouse,2023-04-13
POL-207192,TG-102075,6803.0,Pending,Condo,2023-08-08
POL-207193,TG-104992,20624.0,Pending,Apartment,2024-06-04
POL-207194,TG-105667,9176.0,Pending,Apartment,2024-02-15
POL-207195,TG-104056,13991.0,Denied,Apartment,2025-03-15
POL-207196,TG-103424,20428.0,Approved,Townhouse,2023-12-13
POL-207197,TG-102609,15218.0, approved ,Condo,2025-03-31
POL-207198,TG-105460,23417.0,Pending, apartment ,2024-07-17
POL-207199,TG-104829,6143.0,Denied, apartment ,2024-09-20
POL-207200,TG-102380,8302.0,Pending, apartment ,2024-12-14
POL-207201,TG-104006,15676.0,Denied,Condo,2024-12-01
POL-207202,TG-100689,18723.0,Denied, apartment ,2024-12-24
POL-207203,TG-107318,9487.0,Denied,Apartment,2023-02-23
POL-207204,TG-108884,17038.0, approved ,Apartment,2023-06-14
POL-207205,TG-109093,12831.0,Pending,Condo,2024-02-03
POL-207206,TG-107890,19255.0, approved ,Apartment,2024-10-13
POL-207207,TG-101673,, approved , apartment ,2023-01-06
POL-207208,TG-104117,6287.0, approved ,Condo,2025-04-03
POL-207209,TG-108001,18484.0,Approved,Condo,2023-04-04
POL-207210,TG-106569,18096.0,Pending,Townhouse,2025-04-23
POL-207211,TG-101113,16374.0,Approved,Apartment,2023-05-29
POL-207212,TG-101444,18705.0, approved ,Apartment,2024-04-27
POL-207213,TG-104693,17066.0,Approved,Apartment,2024-09-06
POL-207214,TG-108626,6033.0, approved ,Townhouse,2024-03-21
POL-207215,TG-108540,,Approved,Townhouse,2023-04-01
POL-207216,TG-106546,14387.0,Denied, apartment ,2023-03-07
POL-207217,TG-101795,7699.0,Denied,Townhouse,2023-09-27
POL-207218,TG-105575,20511.0, approved ,Townhouse,2023-08-16
POL-207219,TG-101306,22365.0,Denied, apartment ,2024-01-15
POL-207220,,24693.0,Denied,Condo,2023-03-23
POL-207221,TG-106752,12105.0,Denied,Townhouse,2024-09-15
POL-207222,TG-103260,,Denied,Townhouse,2023-02-08
POL-207223,TG-106211,6537.0,Pending,Condo,2025-01-11
POL-207224,TG-106169,11056.0,Approved, apartment ,2024-01-29
POL-207225,TG-108268,9805.0, approved ,Condo,2024-02-15
POL-207226,TG-106346,24752.0,Approved,Apartment,2024-09-20
POL-207227,TG-109510,13190.0,Approved,Apartment,2024-11-02
POL-207228,TG-102081,14079.0,Denied,Apartment,2024-06-17
POL-207229,TG-108826,15560.0,Denied, apartment ,2023-10-21
POL-207230,TG-108276,11286.0,Denied,Condo,2024-12-29
POL-207231,TG-108168,11449.0,Approved, apartment ,2024-09-03
POL-207232,TG-102241,13933.0,Denied,Apartment,2023-02-28
POL-207233,TG-104448,12913.0,Approved,Condo,2025-03-03
POL-207234,TG-101932,19737.0, approved ,Condo,2025-04-19
POL-207235,TG-106991,8440.0,Pending,Condo,2023-06-29
POL-207236,TG-108485,5187.0, approved ,Condo,2024-10-17
POL-207237,TG-100769,18540.0, approved , apartment ,2024-05-21
POL-207238,TG-102944,24785.0,Denied,Apartment,2024-03-25
POL-207239,TG-108210,5849.0,Approved, apartment ,2023-01-11
POL-207240,TG-103804,8644.0,Denied, apartment ,2023-07-26
POL-207241,TG-102371,11713.0,Denied,Apartment,2025-05-20
POL-207242,TG-100946,11900.0,Pending, apartment ,2024-11-03
POL-207243,TG-100688,21054.0,Denied,Townhouse,2025-04-03
POL-207244,TG-103713,12315.0,Approved,Townhouse,2024-06-14
POL-207245,TG-103296,16251.0,Denied,Townhouse,2023-10-20
POL-207246,TG-106559,19896.0,Approved,Apartment,2023-07-19
POL-207247,TG-109397,12952.0, approved , apartment ,2023-02-04
POL-207248,TG-102124,18393.0, approved ,Condo,2025-03-13
POL-207249,TG-107106,6299.0,Pending,Apartment,2024-09-05
POL-207250,TG-107644,20426.0, approved ,Condo,2024-06-06
POL-207251,TG-103525,13055.0,Approved,Condo,2024-06-12
POL-207252,TG-109485,10083.0, approved ,Condo,2024-12-16
POL-207253,TG-108830,5464.0,Pending,Townhouse,2023-08-26
POL-207254,TG-101099,18270.0, approved , apartment ,2024-09-21
POL-207255,TG-107539,13994.0, approved ,Condo,2023-06-23
POL-207256,TG-107993,9322.0, approved ,Condo,2024-11-21
POL-207257,TG-103035,16551.0,Pending,Condo,2023-02-06
POL-207258,TG-103971,9824.0,Approved,Townhouse,2024-01-04
POL-207259,TG-101863,24571.0, approved ,Condo,2023-09-02
POL-207260,TG-101118,9156.0,Pending,Townhouse,2024-11-01
POL-207261,TG-103295,18230.0,Denied,Condo,2023-01-01
POL-207262,TG-105891,12121.0, approved ,Apartment,2023-06-11
POL-207263,TG-102587,18674.0,Approved,Apartment,2023-03-30
POL-207264,TG-109350,16529.0, approved , apartment ,2023-10-10
POL-207265,TG-102696,15514.0,Pending, apartment ,2025-03-09
POL-207266,TG-109012,11983.0,Approved, apartment ,2024-02-14
POL-207267,TG-106368,15159.0, approved ,Townhouse,2023-12-28
POL-207268,TG-108083,5327.0, approved ,Condo,2024-11-16
POL-207269,TG-101679,6339.0, approved ,Apartment,2024-02-09
POL-207270,TG-106274,24152.0,Approved,Condo,2024-02-20
POL-207271,TG-108965,5389.0,Approved,Condo,2024-08-23
POL-207272,TG-102149,12031.0,Approved, apartment ,2023-07-25
POL-207273,TG-109073,9800.0,Denied,Apartment,2024-06-14
POL-207274,TG-101333,15020.0,Pending,Townhouse,2023-01-16
POL-207275,TG-107629,13625.0, approved ,Apartment,2025-01-24
POL-207276,TG-105401,8333.0, approved ,Condo,2024-12-21
POL-207277,TG-101057,21438.0, approved ,Condo,2023-03-12
POL-207278,TG-100264,23389.0,Denied, apartment ,2023-04-03
POL-207279,TG-101911,24301.0, approved ,Condo,2024-07-16
POL-207280,TG-106838,17512.0,Approved,Apartment,2023-10-19
POL-207281,,5682.0, approved ,Apartment,2025-01-13
POL-207282,TG-101318,11386.0,Pending,Apartment,2025-04-29
POL-207283,TG-105125,18440.0, approved ,Apartment,2024-07-26
POL-207284,TG-101302,17751.0,Approved,Townhouse,2024-08-19
POL-207285,TG-100648,20022.0,Pending,Condo,2023-12-23
POL-207286,TG-101784,17195.0,Denied, apartment ,2023-12-22
POL-207287,TG-106921,5061.0,Denied,Townhouse,2025-04-15
POL-207288,TG-102829,6540.0,Approved,Apartment,2023-10-11
POL-207289,TG-108976,8375.0, approved , apartment ,2023-08-20
POL-207290,TG-102572,15650.0,Denied,Apartment,2024-09-12
POL-207291,TG-105690,24025.0,Approved, apartment ,2023-07-19
POL-207292,TG-106336,13523.0,Pending, apartment ,2024-04-10
POL-207293,TG-105157,23874.0,Denied,Apartment,2024-02-18
POL-207294,TG-102704,20849.0,Pending,Apartment,2024-08-11
POL-207295,TG-105773,16008.0, approved ,Condo,2023-01-05
POL-207296,TG-109133,5675.0, approved ,Condo,2023-09-25
POL-207297,TG-102630,17274.0,Pending,Townhouse,2023-06-29
POL-207298,TG-107162,5789.0,Approved,Apartment,2024-02-21
POL-207299,TG-108267,7730.0,Denied,Apartment,2024-06-02
POL-207300,TG-100022,18675.0,Denied, apartment ,2023-04-20
POL-207301,,13068.0,Approved,Townhouse,2024-07-26
POL-207302,TG-104842,8405.0,Pending,Townhouse,2023-03-16
POL-207303,TG-109465,20823.0,Denied,Apartment,2024-05-30
POL-207304,TG-102981,15622.0, approved , apartment ,2023-10-29
POL-207305,TG-104629,15507.0,Approved,Townhouse,2023-12-15
POL-207306,TG-108704,11566.0, approved ,Condo,2023-04-30
POL-207307,TG-101147,19547.0,Pending,Condo,2025-04-02
POL-207308,TG-103556,23740.0,Denied,Apartment,2024-06-09
POL-207309,TG-103171,7321.0,Approved,Apartment,2023-09-21
POL-207310,TG-107136,19020.0, approved ,Apartment,2025-06-16
POL-207311,TG-107532,14897.0,Denied, apartment ,2024-07-04
POL-207312,TG-100688,12731.0, approved ,Apartment,2025-04-12
POL-207313,TG-102783,21128.0, approved ,Townhouse,2025-03-23
POL-207314,TG-105138,22868.0,Approved,Townhouse,2024-08-11
POL-207315,TG-102324,21378.0,Pending,Condo,2023-09-14
POL-207316,TG-101691,23552.0, approved , apartment ,2024-12-11
POL-207317,TG-105087,23925.0,Pending,Condo,2024-03-29
POL-207318,TG-100857,22966.0,Approved,Condo,2024-01-22
POL-207319,TG-106930,23072.0,Pending,Condo,2024-07-30
POL-207320,TG-106404,13633.0, approved , apartment ,2024-05-10
POL-207321,TG-108715,15577.0, approved ,Condo,2025-02-27
POL-207322,TG-104944,17255.0, approved , apartment ,2023-09-07
POL-207323,TG-102058,19079.0, approved ,Condo,2025-02-14
POL-207324,TG-109310,11695.0,Denied,Condo,2023-12-14
POL-207325,TG-110024,11234.0,Denied,Townhouse,2025-03-05
POL-207326,TG-106201,,Approved,Condo,2024-04-14
POL-207327,TG-108303,6776.0, approved ,Townhouse,2024-11-28
POL-207328,TG-106567,16531.0,Denied, apartment ,2024-04-16
POL-207329,TG-108085,6971.0, approved ,Townhouse,2024-08-23
POL-207330,TG-103337,22068.0,Denied,Condo,2025-06-01
POL-207331,TG-100934,23024.0,Denied,Townhouse,2023-01-29
POL-207332,TG-109394,22006.0,Approved,Apartment,2024-05-08
POL-207333,TG-104652,13466.0, approved , apartment ,2023-04-30
POL-207334,TG-107030,21089.0, approved ,Condo,2023-09-22
POL-207335,TG-102629,8413.0, approved ,Apartment,2023-03-11
POL-207336,TG-100458,24236.0,Approved,Apartment,2024-01-27
POL-207337,TG-100040,15560.0, approved , apartment ,2024-10-10
POL-207338,TG-108388,15169.0,Pending,Townhouse,2025-03-18
POL-207339,TG-101471,9834.0,Pending,Condo,2023-08-14
POL-207340,TG-105603,16881.0,Approved, apartment ,2024-11-24
POL-207341,TG-104931,8467.0,Pending,Apartment,2024-12-19
POL-207342,TG-108750,16672.0, approved , apartment ,2023-08-24
POL-207343,TG-107414,21583.0,Denied,Condo,2025-03-30
POL-207344,TG-107964,5334.0,Approved, apartment ,2023-11-20
POL-207345,TG-104887,24175.0,Pending,Condo,2024-02-27
POL-207346,TG-102132,7093.0, approved ,Apartment,2023-12-28
POL-207347,TG-101593,18999.0, approved ,Apartment,2024-06-12
POL-207348,TG-104890,18757.0,Pending, apartment ,2024-07-02
POL-207349,TG-100329,8183.0, approved ,Condo,2023-01-10
POL-207350,TG-109386,10280.0,Approved,Condo,2024-12-18
POL-207351,TG-107880,10865.0,Approved,Condo,2025-05-02
POL-207352,TG-106633,13609.0,Pending, apartment ,2023-09-27
POL-207353,TG-107042,23214.0, approved ,Townhouse,2023-09-12
POL-207354,TG-101200,,Approved,Townhouse,2023-10-22
POL-207355,TG-100389,6463.0,Approved,Condo,2023-04-06
POL-207356,TG-102008,24318.0,Pending,Condo,2024-02-13
POL-207357,TG-108774,20640.0,Approved,Apartment,2024-11-20
POL-207358,TG-108018,10614.0, approved ,Apartment,2025-02-05
POL-207359,TG-103677,18732.0,Approved,Townhouse,2025-04-20
POL-207360,TG-100341,21422.0,Approved,Townhouse,2023-12-17
POL-207361,TG-103275,22101.0, approved ,Apartment,2023-03-19
POL-207362,TG-102625,17612.0,Pending,Townhouse,2024-07-21
POL-207363,TG-106876,7953.0,Pending,Condo,2023-07-02
POL-207364,TG-109544,16781.0,Pending, apartment ,2024-05-02
POL-207365,TG-102281,20209.0,Approved,Townhouse,2023-11-18
POL-207366,TG-105404,17658.0,Pending,Townhouse,2023-12-29
POL-207367,TG-103258,12833.0, approved ,Condo,2023-08-12
POL-207368,TG-109052,13509.0, approved , apartment ,2024-08-10
POL-207369,TG-109361,23283.0, approved ,Condo,2023-10-03
POL-207370,TG-102415,16926.0, approved ,Condo,2023-07-07
POL-207371,TG-100852,7648.0,Pending,Apartment,2025-02-03
POL-207372,TG-102267,20017.0,Approved,Condo,2024-11-30
POL-207373,TG-105931,17490.0,Pending,Apartment,2023-07-14
POL-207374,TG-102934,10789.0,Pending,Townhouse,2024-05-25
POL-207375,TG-104852,23111.0,Denied,Townhouse,2025-01-24
POL-207376,TG-100642,8450.0,Pending, apartment ,2023-07-24
POL-207377,TG-104604,21784.0,Approved,Townhouse,2023-08-29
POL-207378,TG-101141,10637.0,Pending,Condo,2025-01-23
POL-207379,TG-108347,6418.0,Pending,Townhouse,2023-09-05
POL-207380,TG-108021,14984.0, approved ,Apartment,2025-06-12
POL-207381,TG-107594,7380.0,Denied,Townhouse,2023-09-29
POL-207382,TG-105226,19666.0,Approved,Townhouse,2023-07-31
POL-207383,TG-109632,15719.0,Approved,Apartment,2023-08-23
POL-207384,TG-103953,8650.0,Approved,Apartment,2023-07-27
POL-207385,TG-106796,7127.0,Pending,Apartment,2025-05-04
POL-207386,TG-106952,16546.0,Approved,Apartment,2023-09-13
POL-207387,TG-100504,9865.0,Denied,Apartment,2025-05-06
POL-207388,TG-105560,22199.0,Denied,Townhouse,2024-09-25
POL-207389,TG-107404,15776.0,Pending,Condo,2023-12-31
POL-207390,TG-109860,24875.0, approved ,Condo,2023-06-09
POL-207391,TG-106151,6234.0, approved , apartment ,2025-03-08
POL-207392,TG-105057,, approved , apartment ,2023-04-20
POL-207393,TG-108491,20974.0, approved , apartment ,2023-05-03
POL-207394,TG-103498,23599.0,Pending,Condo,2023-03-22
POL-207395,TG-105992,24979.0,Pending,Apartment,2024-11-23
POL-207396,TG-106162,7204.0,Pending,Townhouse,2024-11-10
POL-207397,TG-103261,23552.0, approved ,Apartment,2024-05-19
POL-207398,TG-105712,, approved ,Condo,2024-09-20
POL-207399,TG-104440,8658.0,Approved, apartment ,2023-01-07
POL-207400,TG-100644,22188.0, approved , apartment ,2025-02-21
POL-207401,TG-103699,9334.0,Pending, apartment ,2025-05-27
POL-207402,TG-108528,5217.0,Approved,Townhouse,2024-07-08
POL-207403,TG-107306,17865.0, approved ,Condo,2023-02-13
POL-207404,TG-103129,16971.0,Denied,Townhouse,2025-05-18
POL-207405,TG-102959,17130.0,Pending, apartment ,2024-05-08
POL-207406,TG-101103,16759.0,Approved,Townhouse,2024-01-16
POL-207407,TG-106085,11119.0,Approved,Condo,2024-09-27
POL-207408,TG-109974,23909.0, approved ,Apartment,2023-11-19
POL-207409,TG-100593,23308.0,Approved, apartment ,2024-05-19
POL-207410,TG-105749,12668.0,Approved,Apartment,2024-08-11
POL-207411,TG-108977,24891.0,Denied,Condo,2025-06-08
POL-207412,TG-106259,18822.0, approved ,Condo,2023-10-09
POL-207413,TG-101645,24977.0,Approved,Townhouse,2024-05-17
POL-207414,TG-100646,20087.0, approved ,Condo,2023-07-07
POL-207415,TG-100202,6598.0,Pending,Townhouse,2025-02-21
POL-207416,TG-103374,13266.0,Approved,Townhouse,2024-06-07
POL-207417,TG-108846,8728.0,Denied,Townhouse,2023-10-14
POL-207418,TG-107012,13256.0,Pending,Townhouse,2024-02-12
POL-207419,TG-105693,9407.0,Denied,Condo,2023-08-16
POL-207420,TG-101101,17280.0,Denied,Apartment,2025-02-07
POL-207421,TG-104771,11627.0,Approved,Condo,2024-08-13
POL-207422,TG-107824,5563.0,Pending,Condo,2023-05-12
POL-207423,TG-108471,21444.0,Approved,Apartment,2023-02-25
POL-207424,TG-101178,23036.0,Pending,Apartment,2024-06-22
POL-207425,TG-109878,16741.0,Pending,Apartment,2025-03-29
POL-207426,TG-106470,18500.0,Denied,Townhouse,2024-03-09
POL-207427,TG-104220,11016.0,Denied,Townhouse,2024-05-04
POL-207428,TG-106528,19924.0,Denied,Apartment,2024-07-07
POL-207429,TG-107998,5033.0,Pending,Townhouse,2023-02-03
POL-207430,TG-108569,9714.0,Pending,Townhouse,2024-05-29
POL-207431,TG-109009,16274.0,Pending,Condo,2023-12-22
POL-207432,TG-103710,18658.0,Approved,Apartment,2024-02-08
POL-207433,TG-107411,12004.0,Pending,Apartment,2025-05-31
POL-207434,TG-106014,16260.0, approved ,Townhouse,2024-12-03
POL-207435,TG-105229,10784.0,Denied, apartment ,2025-03-05
POL-207436,TG-104049,11918.0,Denied,Townhouse,2023-06-28
POL-207437,TG-104919,22748.0, approved , apartment ,2024-04-13
POL-207438,TG-108150,5665.0,Denied,Apartment,2023-05-04
POL-207439,TG-108851,15577.0, approved ,Apartment,2024-12-16
POL-207440,TG-106869,20383.0,Pending,Apartment,2024-06-14
POL-207441,TG-109995,8593.0,Denied,Apartment,2024-04-16
POL-207442,TG-109068,6502.0,Approved,Apartment,2023-11-20
POL-207443,TG-101250,8210.0, approved ,Apartment,2024-12-06
POL-207444,TG-108921,24129.0,Denied,Condo,2023-01-09
POL-207445,TG-101293,14724.0, approved ,Condo,2023-01-13
POL-207446,TG-106379,11047.0,Pending,Apartment,2024-11-21
POL-207447,TG-105219,21404.0,Denied,Townhouse,2023-08-04
POL-207448,TG-109803,19194.0,Approved,Townhouse,2024-01-24
POL-207449,TG-107934,18785.0,Pending, apartment ,2024-08-17
POL-207450,TG-100352,24975.0, approved ,Apartment,2023-04-14
POL-207451,TG-100636,16349.0,Denied,Condo,2023-11-30
POL-207452,TG-105064,6352.0, approved ,Condo,2024-01-06
POL-207453,TG-106877,9588.0,Approved,Townhouse,2024-09-19
POL-207454,TG-108782,21900.0,Pending,Townhouse,2025-06-01
POL-207455,TG-106572,16703.0,Pending,Apartment,2023-09-23
POL-207456,TG-100948,13178.0, approved ,Townhouse,2023-07-11
POL-207457,TG-106419,16134.0, approved ,Townhouse,2024-07-15
POL-207458,TG-102873,6677.0,Denied,Townhouse,2023-09-27
POL-207459,TG-101870,7092.0,Denied,Apartment,2023-08-31
POL-207460,TG-105845,18106.0,Denied, apartment ,2023-10-03
POL-207461,TG-107391,12750.0,Denied,Apartment,2024-04-27
POL-207462,TG-102629,9714.0,Denied, apartment ,2024-09-19
POL-207463,TG-103429,11100.0,Approved,Apartment,2023-12-18
POL-207464,TG-102698,16448.0,Denied, apartment ,2024-01-10
POL-207465,TG-100877,13555.0,Pending,Condo,2023-07-08
POL-207466,TG-109884,19538.0,Pending,Condo,2024-05-25
POL-207467,TG-104106,19708.0,Pending,Townhouse,2024-03-10
POL-207468,TG-104964,11629.0, approved ,Condo,2023-08-04
POL-207469,TG-103835,21299.0,Pending,Condo,2024-03-05
POL-207470,TG-103766,13618.0, approved ,Townhouse,2024-12-18
POL-207471,TG-101642,20064.0,Denied,Townhouse,2025-02-09
POL-207472,TG-107135,9279.0,Denied, apartment ,2024-01-17
POL-207473,TG-104531,24555.0,Approved,Apartment,2024-01-09
POL-207474,TG-103306,12862.0,Approved,Condo,2025-05-24
POL-207475,TG-101853,21228.0,Approved,Apartment,2024-02-15
POL-207476,TG-107377,6949.0,Approved, apartment ,2023-10-14
POL-207477,TG-106032,14128.0,Approved,Apartment,2024-04-06
POL-207478,TG-106140,24923.0,Pending, apartment ,2023-07-04
POL-207479,TG-101405,22419.0,Denied,Condo,2024-08-08
POL-207480,TG-109959,22445.0, approved ,Apartment,2023-05-15
POL-207481,TG-101510,23228.0, approved ,Townhouse,2024-08-12
POL-207482,TG-109961,15774.0,Pending,Townhouse,2024-12-03
POL-207483,TG-100986,15195.0,Approved,Condo,2023-08-23
POL-207484,TG-101823,15218.0,Denied,Apartment,2025-04-13
POL-207485,TG-109094,15357.0,Approved,Condo,2023-04-13
POL-207486,TG-101877,16074.0,Approved,Condo,2025-01-08
POL-207487,TG-106321,17042.0,Denied, apartment ,2023-10-04
POL-207488,TG-101111,16852.0, approved ,Condo,2025-04-03
POL-207489,TG-108496,12326.0,Denied,Condo,2023-08-30
POL-207490,TG-107824,8243.0,Pending,Apartment,2024-07-22
POL-207491,TG-103526,14624.0,Pending,Condo,2024-03-18
POL-207492,TG-106639,9329.0,Denied, apartment ,2025-05-26
POL-207493,TG-109680,24830.0,Approved,Townhouse,2024-01-26
POL-207494,TG-102323,12050.0, approved ,Apartment,2023-07-20
POL-207495,TG-103546,19817.0,Denied, apartment ,2023-05-30
POL-207496,TG-103372,20344.0,Pending, apartment ,2025-03-30
POL-207497,TG-100457,17076.0,Denied,Apartment,2025-01-26
POL-207498,TG-100965,24609.0,Approved,Condo,2023-06-03
POL-207499,TG-105039,23739.0,Approved, apartment ,2024-04-29
POL-207500,TG-105112,8121.0,Pending, apartment ,2025-04-05
POL-207501,TG-101341,7839.0,Denied,Townhouse,2023-01-10
POL-207502,TG-104203,21751.0,Pending,Condo,2023-06-30
POL-207503,TG-102386,22631.0,Denied,Apartment,2024-03-07
POL-207504,TG-105202,11481.0,Pending,Condo,2024-05-26
POL-207505,TG-101442,16289.0,Approved,Condo,2023-05-18
POL-207506,TG-106555,20144.0,Approved, apartment ,2025-05-19
POL-207507,TG-109477,5655.0,Denied,Condo,2024-10-07
POL-207508,TG-104913,9914.0,Denied,Condo,2024-06-13
POL-207509,TG-100888,24193.0,Pending, apartment ,2024-06-30
POL-207510,TG-107137,9558.0, approved ,Townhouse,2025-01-07
POL-207511,TG-100060,11901.0, approved , apartment ,2023-11-20
POL-207512,TG-104657,5295.0,Pending,Condo,2025-03-15
POL-207513,TG-106219,23575.0,Pending,Apartment,2024-05-13
POL-207514,TG-107395,18259.0,Pending, apartment ,2023-11-04
POL-207515,TG-107874,9258.0, approved ,Apartment,2023-09-14
POL-207516,TG-108035,20641.0,Pending,Condo,2024-07-29
POL-207517,TG-101254,5328.0,Approved,Condo,2025-05-29
POL-207518,TG-100335,12354.0,Approved, apartment ,2024-08-04
POL-207519,TG-106581,12758.0,Approved,Townhouse,2023-02-18
POL-207520,TG-103138,23818.0,Pending,Condo,2024-02-12
POL-207521,TG-102517,6447.0,Pending, apartment ,2023-04-12
POL-207522,TG-108618,9790.0,Approved,Townhouse,2024-12-08
POL-207523,TG-100141,17719.0,Approved,Condo,2023-06-17
POL-207524,TG-103456,20324.0,Pending,Apartment,2023-03-03
POL-207525,TG-104881,8821.0,Pending,Condo,2023-08-09
POL-207526,TG-109486,18766.0, approved ,Apartment,2025-04-13
POL-207527,TG-107283,10044.0,Approved,Townhouse,2023-09-18
POL-207528,TG-101292,16719.0, approved , apartment ,2024-05-02
POL-207529,TG-104631,6783.0, approved ,Townhouse,2025-05-09
POL-207530,TG-105537,24107.0,Approved,Apartment,2024-10-06
POL-207531,TG-106168,11179.0,Pending,Condo,2023-04-09
POL-207532,TG-105535,24173.0, approved ,Condo,2024-04-05
POL-207533,TG-105184,24179.0,Denied,Apartment,2025-02-01
POL-207534,TG-105141,23470.0,Pending,Townhouse,2023-12-09
POL-207535,,10578.0, approved ,Apartment,2023-09-24
POL-207536,TG-107808,15040.0,Denied,Apartment,2024-01-05
POL-207537,TG-106786,5163.0,Pending,Apartment,2024-01-04
POL-207538,TG-104323,10233.0,Denied,Townhouse,2024-07-27
POL-207539,TG-105884,23022.0,Approved,Apartment,2024-07-24
POL-207540,TG-102811,7830.0, approved ,Apartment,2025-04-09
POL-207541,TG-106658,8885.0,Denied,Townhouse,2023-09-21
POL-207542,TG-104322,21316.0,Approved,Townhouse,2023-12-19
POL-207543,TG-109651,10654.0, approved ,Condo,2023-01-21
POL-207544,TG-103618,,Approved,Townhouse,2024-02-26
POL-207545,TG-106261,24591.0, approved ,Townhouse,2023-05-05
POL-207546,TG-103505,13430.0,Denied,Condo,2023-12-26
POL-207547,TG-107371,8361.0,Approved,Apartment,2025-06-07
POL-207548,TG-101392,5339.0,Pending,Apartment,2024-11-26
POL-207549,TG-102013,9970.0, approved ,Townhouse,2024-09-12
POL-207550,TG-105654,10516.0, approved ,Condo,2023-07-23
POL-207551,TG-103664,18798.0,Approved,Apartment,2024-08-13
POL-207552,TG-100064,9115.0,Denied,Apartment,2024-08-12
POL-207553,TG-106864,10511.0,Approved,Townhouse,2024-10-27
POL-207554,TG-103957,6861.0, approved ,Condo,2024-10-26
POL-207555,TG-107161,14880.0, approved , apartment ,2024-07-05
POL-207556,TG-103180,13077.0,Pending, apartment ,2023-06-28
POL-207557,TG-104922,7490.0, approved ,Apartment,2025-03-10
POL-207558,TG-104350,17431.0,Denied,Condo,2023-10-19
POL-207559,TG-106562,9965.0, approved , apartment ,2023-12-30
POL-207560,TG-102110,12912.0,Approved,Townhouse,2023-11-29
POL-207561,TG-106801,14971.0,Pending,Apartment,2024-11-20
POL-207562,TG-101070,16813.0,Approved,Apartment,2024-06-06
POL-207563,,16488.0, approved ,Condo,2024-05-14
POL-207564,TG-108570,15383.0, approved ,Condo,2025-03-04
POL-207565,TG-109221,19686.0,Approved,Condo,2025-01-24
POL-207566,TG-108724,15988.0, approved ,Townhouse,2024-04-02
POL-207567,TG-101838,18464.0,Denied, apartment ,2023-03-22
POL-207568,TG-103485,21205.0,Denied,Apartment,2024-01-26
POL-207569,TG-107932,16571.0,Approved,Condo,2024-09-20
POL-207570,TG-100532,23221.0,Approved,Townhouse,2023-10-21
POL-207571,TG-102670,15696.0,Approved,Apartment,2024-04-19
POL-207572,TG-103441,9366.0,Pending,Townhouse,2024-10-08
POL-207573,TG-106316,11452.0,Denied,Condo,2023-05-29
POL-207574,TG-102656,12990.0,Approved,Condo,2025-06-08
POL-207575,TG-102993,24443.0,Denied,Townhouse,2023-06-21
POL-207576,TG-101099,15500.0,Approved, apartment ,2024-10-17
POL-207577,TG-102007,9605.0, approved , apartment ,2025-04-07
POL-207578,TG-106713,19860.0, approved , apartment ,2023-12-12
POL-207579,TG-103374,17610.0,Pending,Condo,2024-03-07
POL-207580,TG-106948,12776.0, approved ,Townhouse,2024-10-08
POL-207581,TG-108373,15258.0, approved , apartment ,2024-09-19
POL-207582,TG-104386,6438.0,Pending,Townhouse,2024-08-08
POL-207583,TG-106662,16060.0,Approved,Townhouse,2024-02-19
POL-207584,TG-103878,7625.0, approved , apartment ,2025-05-19
POL-207585,TG-108917,10327.0,Pending,Apartment,2023-03-15
POL-207586,TG-103872,10489.0,Approved, apartment ,2023-03-23
POL-207587,TG-102250,6284.0,Approved,Apartment,2023-06-15
POL-207588,TG-103689,24869.0, approved ,Condo,2023-12-18
POL-207589,TG-109307,17336.0, approved , apartment ,2023-08-22
POL-207590,TG-101309,15344.0,Denied, apartment ,2023-11-18
POL-207591,TG-104073,19128.0,Denied, apartment ,2023-11-21
POL-207592,TG-102416,24355.0, approved ,Townhouse,2024-10-30
POL-207593,TG-101347,14783.0,Denied,Townhouse,2023-10-26
POL-207594,TG-104664,12681.0,Approved, apartment ,2024-12-28
POL-207595,TG-100428,22567.0,Denied, apartment ,2023-10-01
POL-207596,TG-103063,13715.0,Approved,Apartment,2024-09-11
POL-207597,TG-101251,18862.0,Denied,Townhouse,2024-10-22
POL-207598,TG-103857,19898.0,Approved, apartment ,2024-02-09
POL-207599,TG-105680,11789.0,Approved,Apartment,2023-10-05
POL-207600,TG-102734,20374.0,Approved,Apartment,2024-03-31
POL-207601,TG-108825,8295.0,Pending,Apartment,2025-03-10
POL-207602,TG-106276,6838.0,Pending, apartment ,2025-06-02
POL-207603,TG-108808,7318.0,Approved,Townhouse,2024-01-07
POL-207604,TG-103517,21352.0, approved ,Apartment,2025-02-04
POL-207605,TG-104563,10222.0, approved , apartment ,2024-08-24
POL-207606,,5878.0, approved , apartment ,2024-06-17
POL-207607,TG-107521,13034.0, approved ,Apartment,2024-04-06
POL-207608,TG-101629,21868.0,Approved, apartment ,2024-02-28
POL-207609,TG-108169,23057.0,Denied,Apartment,2023-06-21
POL-207610,TG-103922,19163.0,Denied,Condo,2023-07-08
POL-207611,TG-104664,16422.0, approved ,Apartment,2025-05-24
POL-207612,TG-102464,19750.0,Pending,Apartment,2023-01-24
POL-207613,TG-102529,16667.0, approved , apartment ,2023-05-09
POL-207614,TG-100151,11511.0, approved ,Apartment,2025-01-15
POL-207615,TG-102015,11472.0,Approved,Condo,2023-08-29
POL-207616,TG-104899,8066.0, approved ,Apartment,2024-11-08
POL-207617,TG-100368,5460.0, approved ,Condo,2023-09-15
POL-207618,TG-101310,14124.0,Pending,Condo,2025-01-31
POL-207619,TG-105890,8961.0,Approved,Apartment,2024-12-18
POL-207620,TG-106283,13855.0,Pending, apartment ,2025-02-06
POL-207621,TG-101189,23164.0, approved ,Apartment,2023-03-23
POL-207622,TG-106317,12256.0,Approved,Townhouse,2023-08-04
POL-207623,TG-101885,23746.0,Denied, apartment ,2023-06-20
POL-207624,TG-109703,11109.0,Denied,Condo,2024-02-11
POL-207625,TG-109524,5471.0,Approved,Townhouse,2023-04-16
POL-207626,TG-102337,11300.0, approved ,Condo,2023-04-08
POL-207627,TG-105973,13521.0,Approved,Condo,2023-03-07
POL-207628,TG-100887,17237.0,Pending,Townhouse,2025-06-18
POL-207629,TG-108648,5085.0, approved , apartment ,2024-04-29
POL-207630,TG-105146,18740.0,Pending, apartment ,2024-07-15
POL-207631,TG-104463,19965.0,Approved,Apartment,2023-02-25
POL-207632,TG-103601,16202.0,Denied,Townhouse,2023-01-27
POL-207633,TG-109902,12961.0,Approved,Townhouse,2025-02-28
POL-207634,TG-106088,11558.0,Approved,Condo,2024-02-11
POL-207635,TG-106927,23380.0, approved ,Apartment,2024-06-20
POL-207636,TG-104122,9145.0,Denied, apartment ,2025-02-22
POL-207637,TG-107155,13351.0,Denied,Condo,2023-03-27
POL-207638,TG-102153,17575.0,Pending,Apartment,2023-04-17
POL-207639,TG-100154,8594.0,Pending, apartment ,2023-09-26
POL-207640,TG-104842,23443.0, approved ,Condo,2024-09-24
POL-207641,TG-103194,10652.0,Denied,Apartment,2023-06-09
POL-207642,TG-108965,14492.0,Approved,Apartment,2023-03-28
POL-207643,TG-102041,24081.0,Denied,Apartment,2024-11-01
POL-207644,TG-104178,6160.0,Denied,Apartment,2024-02-04
POL-207645,TG-109865,21159.0, approved ,Townhouse,2023-11-13
POL-207646,TG-107287,18012.0,Approved,Apartment,2023-08-23
POL-207647,TG-104268,11961.0,Approved,Apartment,2023-09-11
POL-207648,TG-108990,11596.0, approved , apartment ,2025-01-25
POL-207649,TG-104826,19724.0,Denied,Apartment,2023-10-18
POL-207650,TG-103495,15061.0,Approved, apartment ,2024-03-29
POL-207651,TG-104098,20208.0,Pending,Townhouse,2024-10-03
POL-207652,TG-103246,19101.0,Denied, apartment ,2023-05-10
POL-207653,TG-104699,9064.0, approved , apartment ,2023-05-15
POL-207654,TG-107575,22628.0,Pending,Apartment,2024-06-23
POL-207655,TG-101674,12118.0,Approved,Townhouse,2025-05-08
POL-207656,TG-100202,21091.0,Pending, apartment ,2023-06-24
POL-207657,TG-103314,15513.0,Pending, apartment ,2023-01-30
POL-207658,TG-102590,23439.0,Pending,Condo,2023-02-05
POL-207659,TG-109518,13096.0,Denied,Apartment,2024-11-10
POL-207660,TG-103754,21236.0,Denied,Townhouse,2024-01-01
POL-207661,TG-100778,16918.0, approved ,Apartment,2025-05-31
POL-207662,TG-101591,11306.0,Approved,Condo,2023-11-30
POL-207663,TG-108965,13689.0,Approved,Townhouse,2025-06-03
POL-207664,TG-107296,17071.0, approved ,Condo,2024-05-02
POL-207665,TG-101025,20528.0,Pending,Townhouse,2024-04-23
POL-207666,TG-109891,6256.0,Denied,Condo,2025-06-10
POL-207667,TG-109551,20882.0,Pending,Townhouse,2024-07-07
POL-207668,TG-108673,13178.0, approved , apartment ,2023-10-06
POL-207669,TG-103776,19588.0,Denied, apartment ,2024-07-15
POL-207670,TG-109852,17438.0,Denied,Condo,2024-03-31
POL-207671,TG-106782,9269.0,Approved,Apartment,2023-05-19
POL-207672,TG-106620,24199.0,Denied,Apartment,2024-12-15
POL-207673,TG-103177,22520.0, approved , apartment ,2024-07-06
POL-207674,TG-107496,11251.0,Denied, apartment ,2023-07-01
POL-207675,TG-108967,17793.0,Approved,Townhouse,2024-08-28
POL-207676,TG-109435,6057.0,Approved,Apartment,2024-09-03
POL-207677,TG-106018,9013.0,Approved,Condo,2024-04-12
POL-207678,TG-107087,18958.0,Approved,Apartment,2024-10-08
POL-207679,TG-100169,6316.0, approved ,Townhouse,2025-02-05
POL-207680,TG-102476,17051.0, approved ,Townhouse,2024-10-13
POL-207681,TG-107514,16746.0,Denied,Condo,2025-06-17
POL-207682,TG-109761,12904.0,Denied,Condo,2024-07-31
POL-207683,TG-100106,12878.0,Denied, apartment ,2024-03-21
POL-207684,TG-106175,15463.0,Denied,Townhouse,2024-06-20
POL-207685,TG-102364,21388.0,Pending,Townhouse,2024-10-17
POL-207686,TG-104316,16064.0,Denied, apartment ,2024-10-16
POL-207687,TG-105069,7677.0,Denied,Townhouse,2024-06-30
POL-207688,TG-105069,7613.0,Pending,Townhouse,2023-11-14
POL-207689,TG-102144,24713.0,Pending,Apartment,2023-12-22
POL-207690,TG-108941,14143.0,Pending, apartment ,2024-05-08
POL-207691,TG-108151,17515.0,Pending,Condo,2024-07-06
POL-207692,TG-109149,17549.0,Pending, apartment ,2023-08-21
POL-207693,TG-104386,16079.0,Denied, apartment ,2025-04-04
POL-207694,TG-100909,12375.0,Approved,Townhouse,2023-04-02
POL-207695,TG-109068,15599.0,Denied, apartment ,2024-03-28
POL-207696,TG-101016,7479.0,Denied,Condo,2023-11-12
POL-207697,TG-103823,11887.0,Approved, apartment ,2024-01-10
POL-207698,TG-106439,6994.0,Denied, apartment ,2024-02-27
POL-207699,TG-100590,11588.0,Denied,Townhouse,2023-09-24
POL-207700,TG-101277,19474.0,Approved,Townhouse,2023-06-09
POL-207701,TG-108795,13937.0,Denied, apartment ,2023-11-07
POL-207702,TG-105185,11778.0,Approved,Townhouse,2023-01-11
POL-207703,TG-103496,12777.0,Denied,Townhouse,2023-01-01
POL-207704,TG-100314,14343.0,Pending,Apartment,2024-06-19
POL-207705,TG-106370,,Approved,Condo,2025-04-14
POL-207706,TG-103743,8955.0,Denied,Apartment,2025-02-15
POL-207707,TG-102850,23439.0,Pending,Townhouse,2025-05-18
POL-207708,TG-109285,19985.0, approved , apartment ,2023-05-20
POL-207709,TG-107555,21479.0, approved ,Apartment,2023-12-19
POL-207710,TG-103421,22910.0,Denied,Townhouse,2023-10-21
POL-207711,TG-102801,9637.0,Denied,Apartment,2024-04-25
POL-207712,TG-107508,15926.0,Denied,Condo,2024-07-01
POL-207713,TG-104117,14528.0, approved ,Townhouse,2023-01-09
POL-207714,TG-101677,20784.0,Approved, apartment ,2024-12-05
POL-207715,TG-105832,11858.0,Pending,Condo,2024-05-18
POL-207716,TG-105152,12127.0, approved ,Townhouse,2025-02-12
POL-207717,TG-105007,10940.0,Pending,Townhouse,2024-05-03
POL-207718,TG-106161,11114.0,Denied,Apartment,2023-11-03
POL-207719,TG-107823,17583.0, approved ,Townhouse,2023-01-10
POL-207720,TG-109245,15487.0,Approved,Apartment,2025-02-23
POL-207721,TG-104471,20604.0, approved , apartment ,2024-03-16
POL-207722,TG-103691,22523.0,Pending,Apartment,2025-03-28
POL-207723,TG-108205,9193.0,Pending,Townhouse,2023-10-27
POL-207724,TG-101124,19424.0,Approved,Apartment,2024-09-03
POL-207725,TG-108413,5752.0, approved , apartment ,2023-08-25
POL-207726,TG-106356,10858.0, approved , apartment ,2025-03-26
POL-207727,TG-100254,5405.0,Pending,Apartment,2023-01-08
POL-207728,TG-106789,11166.0,Denied,Apartment,2024-07-15
POL-207729,TG-103991,22353.0, approved ,Townhouse,2024-01-18
POL-207730,TG-102572,12106.0,Denied,Condo,2023-07-13
POL-207731,TG-104595,13714.0,Approved,Condo,2024-02-26
POL-207732,TG-100493,22211.0,Pending, apartment ,2024-07-28
POL-207733,TG-109596,16535.0, approved , apartment ,2024-03-23
POL-207734,TG-100080,15393.0,Pending,Apartment,2024-02-09
POL-207735,TG-108137,10019.0,Denied,Apartment,2023-09-13
POL-207736,TG-101228,11501.0, approved ,Townhouse,2023-06-17
POL-207737,TG-103562,9846.0, approved , apartment ,2025-01-02
POL-207738,TG-108416,24753.0,Pending,Townhouse,2025-01-24
POL-207739,TG-107780,21711.0,Pending,Condo,2024-10-23
POL-207740,TG-100836,20101.0,Pending,Apartment,2024-02-04
POL-207741,TG-106624,16566.0,Approved,Condo,2025-04-28
POL-207742,TG-103169,16545.0,Approved, apartment ,2024-01-23
POL-207743,TG-101778,17174.0,Approved,Townhouse,2023-08-14
POL-207744,TG-103284,5768.0,Pending, apartment ,2023-09-27
POL-207745,TG-105325,6131.0, approved ,Apartment,2023-03-23
POL-207746,TG-106746,,Pending,Townhouse,2024-03-08
POL-207747,TG-102470,9519.0,Pending,Apartment,2024-10-02
POL-207748,TG-104837,24145.0,Approved, apartment ,2023-09-03
POL-207749,TG-100431,24035.0, approved , apartment ,2024-06-13
POL-207750,TG-108987,19755.0,Pending, apartment ,2025-02-21
POL-207751,TG-102828,6425.0,Pending,Apartment,2025-03-30
POL-207752,TG-103938,6383.0,Denied,Condo,2024-09-19
POL-207753,TG-109847,6410.0,Denied, apartment ,2025-04-06
POL-207754,TG-105122,24114.0,Denied,Condo,2024-12-11
POL-207755,TG-100750,13493.0,Pending,Apartment,2024-12-02
POL-207756,TG-102688,6743.0,Denied, apartment ,2023-10-06
POL-207757,TG-104147,20411.0,Approved, apartment ,2023-10-19
POL-207758,TG-102569,19926.0,Denied, apartment ,2024-10-26
POL-207759,TG-104359,7059.0,Denied,Condo,2025-01-30
POL-207760,TG-106713,19360.0,Denied,Apartment,2024-06-28
POL-207761,TG-108880,22894.0,Approved,Condo,2025-04-08
POL-207762,TG-102337,13852.0, approved , apartment ,2023-10-03
POL-207763,TG-107147,17542.0,Approved, apartment ,2024-02-27
POL-207764,TG-103316,15187.0,Denied,Apartment,2023-07-12
POL-207765,TG-108094,18261.0,Approved,Condo,2025-05-23
POL-207766,TG-106885,6306.0, approved ,Condo,2023-03-12
POL-207767,TG-109122,8508.0,Pending,Condo,2023-07-06
POL-207768,TG-100460,11897.0, approved , apartment ,2023-05-20
POL-207769,TG-105234,7551.0, approved ,Condo,2023-10-24
POL-207770,TG-105757,9554.0,Approved,Townhouse,2023-04-24
POL-207771,TG-106850,13014.0,Denied, apartment ,2024-10-14
POL-207772,TG-102818,22188.0,Approved,Condo,2024-04-11
POL-207773,TG-102222,19561.0,Denied, apartment ,2024-09-24
POL-207774,TG-101651,11005.0,Denied,Townhouse,2024-04-08
POL-207775,TG-102586,12483.0, approved ,Condo,2023-10-06
POL-207776,TG-101417,6824.0, approved ,Townhouse,2024-12-18
POL-207777,TG-109755,15917.0,Approved,Townhouse,2024-09-29
POL-207778,TG-106083,14900.0,Pending, apartment ,2024-05-18
POL-207779,TG-108321,14739.0,Pending,Townhouse,2023-07-12
POL-207780,TG-107353,24267.0, approved ,Condo,2023-11-25
POL-207781,TG-100068,9489.0, approved ,Townhouse,2023-01-20
POL-207782,TG-106261,20921.0,Approved,Condo,2023-06-05
POL-207783,TG-103079,15648.0, approved ,Apartment,2023-02-20
POL-207784,TG-109203,17639.0, approved ,Townhouse,2024-07-01
POL-207785,TG-109103,18621.0,Denied,Apartment,2023-01-23
POL-207786,TG-100467,9751.0,Denied,Townhouse,2023-07-10
POL-207787,TG-108845,17530.0,Pending, apartment ,2023-04-15
POL-207788,TG-105339,19683.0,Approved,Apartment,2023-10-16
POL-207789,TG-102429,16196.0,Approved,Townhouse,2023-10-03
POL-207790,TG-107968,6474.0,Denied,Apartment,2023-05-09
POL-207791,TG-109258,15661.0,Denied,Condo,2025-01-02
POL-207792,TG-106957,18631.0,Pending,Condo,2024-03-24
POL-207793,TG-105294,5810.0,Approved,Condo,2025-01-14
POL-207794,TG-105742,24199.0,Denied,Townhouse,2023-01-09
POL-207795,TG-107511,15961.0, approved ,Townhouse,2023-08-27
POL-207796,TG-100257,8195.0,Pending,Townhouse,2023-04-03
POL-207797,TG-106376,14613.0,Denied,Condo,2023-06-04
POL-207798,TG-109668,9159.0, approved ,Apartment,2023-01-16
POL-207799,TG-105946,16198.0, approved ,Townhouse,2024-05-20
POL-207800,TG-108127,12620.0, approved , apartment ,2023-08-11
POL-207801,TG-103513,15288.0, approved , apartment ,2023-12-17
POL-207802,TG-100913,14671.0, approved ,Condo,2024-03-06
POL-207803,TG-107844,15744.0,Approved,Townhouse,2023-11-16
POL-207804,TG-108476,16601.0,Pending,Townhouse,2025-03-15
POL-207805,TG-103388,7966.0,Denied, apartment ,2025-03-29
POL-207806,TG-109075,6439.0,Pending,Condo,2024-05-25
POL-207807,TG-104720,10618.0,Denied,Apartment,2024-01-16
POL-207808,TG-108143,12938.0,Pending,Apartment,2024-04-19
POL-207809,TG-102124,18569.0,Pending,Townhouse,2024-12-14
POL-207810,TG-103219,17503.0,Pending,Condo,2025-03-21
POL-207811,TG-104930,7311.0,Approved,Condo,2023-02-02
POL-207812,TG-107525,13292.0,Approved,Apartment,2023-12-05
POL-207813,TG-105222,9224.0,Approved, apartment ,2023-03-24
POL-207814,TG-106541,17589.0,Pending,Townhouse,2025-05-13
POL-207815,TG-100336,19595.0, approved ,Apartment,2025-02-07
POL-207816,TG-100465,19919.0,Approved,Condo,2023-05-30
POL-207817,TG-101035,19040.0, approved ,Condo,2023-02-27
POL-207818,TG-108091,16023.0,Pending,Condo,2023-09-30
POL-207819,TG-100716,5030.0,Approved,Apartment,2025-03-05
POL-207820,TG-103979,17420.0, approved , apartment ,2024-02-06
POL-207821,TG-109016,19988.0, approved ,Townhouse,2023-03-15
POL-207822,TG-108317,22543.0, approved ,Apartment,2024-07-10
POL-207823,TG-100643,24338.0, approved , apartment ,2024-04-26
POL-207824,TG-104051,23464.0,Pending, apartment ,2023-07-05
POL-207825,TG-104280,24075.0, approved ,Townhouse,2023-07-16
POL-207826,TG-109520,7546.0,Denied, apartment ,2025-05-11
POL-207827,TG-107724,21877.0, approved ,Apartment,2023-09-14
POL-207828,TG-108750,16195.0,Approved, apartment ,2025-04-16
POL-207829,TG-102918,12917.0,Denied,Apartment,2024-01-26
POL-207830,TG-103483,10350.0, approved ,Condo,2025-04-28
POL-207831,TG-108203,7922.0,Approved,Apartment,2023-01-13
POL-207832,TG-101964,9688.0,Denied, apartment ,2023-05-05
POL-207833,TG-106670,14311.0, approved ,Condo,2025-02-25
POL-207834,TG-106502,23969.0,Approved,Townhouse,2025-01-01
POL-207835,TG-100065,10006.0,Denied, apartment ,2023-09-12
POL-207836,TG-100590,5415.0,Approved,Townhouse,2024-01-30
POL-207837,TG-106775,20995.0, approved ,Condo,2025-02-28
POL-207838,TG-106481,6501.0, approved ,Apartment,2024-03-29
POL-207839,TG-108412,14872.0, approved , apartment ,2023-09-11
POL-207840,TG-109120,17112.0,Pending, apartment ,2025-01-25
POL-207841,TG-101884,12886.0, approved ,Apartment,2023-02-04
POL-207842,TG-109722,9877.0,Approved, apartment ,2023-07-23
POL-207843,TG-109124,9364.0,Approved,Townhouse,2024-04-16
POL-207844,TG-105529,20941.0,Pending,Condo,2025-01-22
POL-207845,TG-103897,21302.0,Denied, apartment ,2025-02-28
POL-207846,TG-101288,6023.0,Approved,Townhouse,2023-04-07
POL-207847,TG-102368,13924.0,Approved,Townhouse,2024-06-17
POL-207848,TG-108264,5042.0,Pending, apartment ,2024-11-12
POL-207849,TG-107661,17768.0,Denied, apartment ,2023-08-02
POL-207850,TG-103482,21377.0,Pending,Condo,2024-04-29
POL-207851,TG-108397,20152.0,Denied,Apartment,2024-02-03
POL-207852,TG-101506,8036.0, approved ,Condo,2024-11-28
POL-207853,TG-101821,21641.0,Denied,Condo,2023-11-16
POL-207854,TG-105329,15205.0,Denied,Apartment,2023-11-27
POL-207855,TG-108464,9542.0, approved ,Apartment,2023-06-12
POL-207856,TG-100360,8965.0,Approved,Townhouse,2024-10-06
POL-207857,TG-107632,17866.0,Approved,Townhouse,2025-01-15
POL-207858,TG-102647,22615.0,Approved,Apartment,2023-02-13
POL-207859,TG-106948,12049.0,Pending,Apartment,2025-02-01
POL-207860,TG-103426,9494.0,Approved,Townhouse,2024-07-16
POL-207861,TG-100603,,Pending,Apartment,2024-06-17
POL-207862,TG-103469,16380.0, approved ,Condo,2023-05-06
POL-207863,TG-104643,20014.0,Denied, apartment ,2023-09-17
POL-207864,TG-108354,24506.0, approved , apartment ,2024-05-07
POL-207865,TG-107089,17174.0,Pending,Apartment,2024-10-15
POL-207866,TG-101669,14562.0,Denied,Apartment,2023-11-02
POL-207867,TG-104820,10523.0, approved , apartment ,2023-07-23
POL-207868,TG-103803,8654.0,Pending, apartment ,2024-01-05
POL-207869,TG-103336,19169.0,Denied,Condo,2023-02-23
POL-207870,TG-104108,16966.0,Approved,Apartment,2025-06-03
POL-207871,TG-105711,10466.0,Pending,Apartment,2024-11-13
POL-207872,TG-103310,6972.0,Approved, apartment ,2023-08-12
POL-207873,TG-104974,15381.0,Pending,Townhouse,2023-04-26
POL-207874,TG-106121,5652.0, approved ,Apartment,2023-08-30
POL-207875,TG-105744,19413.0,Approved,Townhouse,2024-10-10
POL-207876,TG-103606,8283.0,Denied,Condo,2024-03-20
POL-207877,TG-106623,23470.0,Denied,Townhouse,2023-11-29
POL-207878,TG-105869,20681.0, approved , apartment ,2023-01-16
POL-207879,TG-106688,6871.0,Pending, apartment ,2023-06-21
POL-207880,TG-105941,18521.0,Approved,Condo,2025-03-24
POL-207881,TG-100596,6440.0,Pending,Condo,2023-10-10
POL-207882,TG-107491,20662.0, approved ,Apartment,2024-08-21
POL-207883,TG-109276,21092.0,Approved,Townhouse,2023-05-03
POL-207884,TG-102530,13953.0,Denied,Townhouse,2024-02-10
POL-207885,TG-107987,12896.0,Pending,Condo,2025-03-19
POL-207886,TG-108650,22929.0,Approved,Condo,2023-09-06
POL-207887,TG-108232,22228.0,Pending,Condo,2023-01-10
POL-207888,TG-107317,7050.0,Approved,Apartment,2023-02-13
POL-207889,TG-102601,13891.0,Approved,Condo,2024-08-18
POL-207890,TG-105177,16350.0, approved , apartment ,2025-03-13
POL-207891,TG-109011,24353.0,Pending,Condo,2024-12-08
POL-207892,TG-103124,8280.0, approved ,Townhouse,2024-05-01
POL-207893,TG-108381,9316.0, approved ,Apartment,2024-12-05
POL-207894,TG-105667,17447.0,Approved, apartment ,2024-09-02
POL-207895,TG-102995,13063.0,Pending,Townhouse,2023-06-08
POL-207896,TG-102856,14505.0,Approved,Townhouse,2024-01-16
POL-207897,TG-105284,22254.0,Approved,Apartment,2025-02-28
POL-207898,TG-102962,5990.0,Denied,Apartment,2023-04-02
POL-207899,TG-105609,7548.0, approved , apartment ,2023-09-12
POL-207900,TG-101910,10707.0,Denied,Condo,2023-06-11
POL-207901,TG-105143,24540.0,Pending,Townhouse,2024-05-26
POL-207902,TG-108510,5661.0,Approved,Apartment,2023-04-04
POL-207903,TG-104579,9565.0,Pending,Condo,2024-12-03
POL-207904,TG-104662,19836.0,Denied,Townhouse,2024-09-25
POL-207905,TG-107802,17161.0,Denied,Townhouse,2023-12-13
POL-207906,TG-102876,22606.0,Denied,Townhouse,2025-02-16
POL-207907,TG-106548,6336.0,Denied,Condo,2024-10-02
POL-207908,TG-108444,18088.0,Approved,Condo,2023-03-03
POL-207909,TG-100004,24376.0,Denied, apartment ,2023-03-03
POL-207910,TG-106623,8867.0, approved ,Townhouse,2023-12-31
POL-207911,TG-108591,18053.0, approved , apartment ,2024-10-22
POL-207912,TG-100858,22598.0, approved ,Townhouse,2023-06-07
POL-207913,TG-102699,12262.0,Denied, apartment ,2024-12-19
POL-207914,TG-105312,22955.0,Denied,Apartment,2024-07-03
POL-207915,TG-104216,14333.0, approved ,Apartment,2025-03-21
POL-207916,TG-100225,6953.0, approved ,Condo,2023-04-20
POL-207917,TG-103180,8079.0, approved ,Townhouse,2023-05-09
POL-207918,TG-105473,14896.0,Denied,Apartment,2024-05-14
POL-207919,TG-104269,13302.0,Denied,Townhouse,2023-08-27
POL-207920,TG-101775,5882.0,Approved,Apartment,2023-11-21
POL-207921,TG-100927,24701.0,Pending,Townhouse,2024-07-25
POL-207922,TG-105564,13341.0, approved ,Townhouse,2025-03-18
POL-207923,TG-100412,17885.0,Pending, apartment ,2024-10-22
POL-207924,TG-103631,22169.0,Approved,Apartment,2025-02-13
POL-207925,TG-103666,21364.0,Pending,Condo,2023-12-22
POL-207926,TG-103396,7154.0,Denied,Townhouse,2025-04-04
POL-207927,TG-103060,24991.0,Denied,Townhouse,2024-03-25
POL-207928,TG-107238,14442.0,Approved,Apartment,2025-01-20
POL-207929,TG-103789,6368.0, approved ,Condo,2023-07-17
POL-207930,TG-106106,14811.0, approved ,Apartment,2023-01-22
POL-207931,TG-109599,16302.0,Denied,Condo,2024-12-06
POL-207932,TG-107531,21472.0, approved ,Condo,2024-01-22
POL-207933,TG-108601,23620.0,Denied,Townhouse,2024-01-02
POL-207934,TG-108006,,Approved,Apartment,2025-01-11
POL-207935,TG-106420,23269.0, approved ,Apartment,2023-05-18
POL-207936,TG-103031,13747.0,Approved, apartment ,2023-09-14
POL-207937,TG-105328,21615.0,Approved,Condo,2023-02-10
POL-207938,TG-100126,9891.0, approved ,Condo,2024-05-11
POL-207939,TG-108507,7333.0,Approved, apartment ,2024-12-24
POL-207940,TG-105886,16314.0,Approved,Apartment,2024-03-24
POL-207941,TG-101148,20136.0, approved ,Townhouse,2024-07-26
POL-207942,TG-102248,10915.0,Denied,Condo,2023-10-29
POL-207943,TG-106647,13676.0,Denied,Townhouse,2024-07-09
POL-207944,TG-105070,23317.0,Pending,Condo,2024-12-14
POL-207945,TG-103438,12108.0,Pending,Condo,2024-05-16
POL-207946,TG-100855,17002.0,Approved,Townhouse,2023-07-14
POL-207947,TG-101886,24253.0,Denied,Condo,2024-08-03
POL-207948,TG-104203,5176.0,Approved,Townhouse,2023-07-11
POL-207949,TG-105767,24439.0, approved ,Townhouse,2024-07-10
POL-207950,TG-101278,18935.0,Pending,Townhouse,2023-12-23
POL-207951,TG-109224,10035.0,Denied,Apartment,2023-11-28
POL-207952,TG-109744,5827.0,Approved, apartment ,2025-01-19
POL-207953,TG-109721,21946.0, approved ,Apartment,2024-04-24
POL-207954,TG-106799,11114.0,Approved,Condo,2023-10-09
POL-207955,TG-108242,18093.0, approved , apartment ,2025-06-07
POL-207956,TG-109036,9464.0,Approved,Townhouse,2025-05-01
POL-207957,TG-100523,14314.0,Pending,Townhouse,2024-09-05
POL-207958,TG-100882,21127.0,Denied,Townhouse,2025-05-31
POL-207959,TG-105314,24178.0,Denied,Apartment,2024-07-21
POL-207960,TG-101764,11206.0,Denied,Townhouse,2023-06-14
POL-207961,TG-106007,21031.0,Denied,Apartment,2023-03-12
POL-207962,TG-102956,16668.0,Denied,Apartment,2024-06-27
POL-207963,TG-101014,14812.0,Pending,Townhouse,2023-06-08
POL-207964,TG-108972,5889.0, approved , apartment ,2024-04-05
POL-207965,TG-100155,5227.0,Denied,Apartment,2023-10-30
POL-207966,TG-105547,21398.0,Approved,Apartment,2025-04-19
POL-207967,TG-100446,14884.0,Approved,Condo,2023-09-27
POL-207968,TG-105572,6117.0, approved ,Apartment,2024-07-08
POL-207969,TG-107571,18043.0,Denied,Condo,2024-01-11
POL-207970,TG-103419,12570.0,Denied,Townhouse,2024-04-09
POL-207971,TG-105676,10920.0, approved ,Condo,2023-01-01
POL-207972,TG-109596,14594.0,Pending,Condo,2025-03-05
POL-207973,TG-101720,16077.0, approved ,Apartment,2024-10-15
POL-207974,TG-108022,13878.0,Pending,Apartment,2024-06-02
POL-207975,TG-102689,14142.0,Denied,Condo,2024-01-24
POL-207976,TG-104126,5529.0,Pending,Condo,2025-01-21
POL-207977,TG-106993,8526.0,Pending,Condo,2023-07-09
POL-207978,TG-106638,22499.0,Pending, apartment ,2023-01-20
POL-207979,TG-103798,23874.0,Approved,Apartment,2024-09-26
POL-207980,TG-102072,13166.0,Approved,Townhouse,2025-05-27
POL-207981,TG-107140,16553.0,Denied,Apartment,2024-01-08
POL-207982,TG-103106,14666.0,Denied,Condo,2025-03-05
POL-207983,TG-106254,11129.0, approved ,Apartment,2024-09-27
POL-207984,TG-109941,8046.0, approved , apartment ,2023-09-02
POL-207985,TG-107496,10026.0,Denied,Townhouse,2023-11-25
POL-207986,TG-102220,9916.0,Approved,Townhouse,2025-01-08
POL-207987,TG-100534,8072.0,Denied,Condo,2023-03-06
POL-207988,TG-103657,6421.0,Pending,Condo,2024-11-05
POL-207989,TG-100783,22138.0,Approved,Apartment,2024-07-05
POL-207990,TG-106147,16368.0,Approved,Apartment,2025-04-18
POL-207991,TG-107518,12411.0, approved ,Apartment,2024-02-01
POL-207992,TG-103651,24673.0,Approved,Apartment,2023-07-14
POL-207993,TG-100625,13597.0, approved ,Apartment,2024-06-20
POL-207994,TG-106964,20714.0,Pending, apartment ,2024-11-30
POL-207995,TG-100397,16501.0,Approved, apartment ,2024-05-24
POL-207996,TG-102690,7447.0,Pending,Apartment,2025-02-23
POL-207997,TG-107149,22598.0, approved ,Apartment,2024-07-18
POL-207998,TG-105809,16525.0,Pending,Condo,2023-06-07
POL-207999,TG-107955,18446.0,Pending, apartment ,2024-09-19
POL-208000,TG-109398,19302.0,Denied,Townhouse,2023-10-17
POL-208001,TG-101747,21272.0,Pending,Condo,2023-11-27
POL-208002,TG-104114,18135.0,Pending, apartment ,2024-02-24
POL-208003,TG-104468,19001.0, approved ,Condo,2024-10-18
POL-208004,TG-106011,11057.0, approved ,Condo,2023-11-26
POL-208005,TG-108126,13871.0,Approved, apartment ,2023-04-24
POL-208006,TG-108052,10773.0,Denied, apartment ,2023-04-09
POL-208007,TG-108302,18768.0,Denied, apartment ,2024-06-19
POL-208008,TG-100865,8571.0, approved ,Townhouse,2024-11-05
POL-208009,TG-107963,12815.0, approved ,Townhouse,2023-03-10
POL-208010,TG-102351,7394.0,Denied, apartment ,2023-02-14
POL-208011,TG-107476,9211.0,Denied, apartment ,2025-05-05
POL-208012,TG-109911,7041.0,Pending,Townhouse,2023-05-13
POL-208013,TG-105631,17090.0,Approved,Townhouse,2023-07-02
POL-208014,TG-106576,22255.0,Pending, apartment ,2025-06-13
POL-208015,TG-106133,23391.0,Denied,Apartment,2023-02-02
POL-208016,TG-108050,16847.0, approved ,Townhouse,2023-07-26
POL-208017,TG-100156,11334.0, approved ,Condo,2023-04-20
POL-208018,TG-109780,9430.0,Denied,Condo,2024-05-12
POL-208019,TG-110009,19684.0, approved ,Townhouse,2023-07-16
POL-208020,TG-101732,19810.0,Approved, apartment ,2023-04-12
POL-208021,TG-107105,15170.0,Approved,Townhouse,2023-02-02
POL-208022,TG-107698,23925.0,Pending,Townhouse,2024-08-07
POL-208023,TG-100474,22992.0,Pending, apartment ,2024-10-19
POL-208024,TG-103193,6697.0, approved ,Townhouse,2025-05-06
POL-208025,TG-109690,12328.0, approved ,Townhouse,2024-02-02
POL-208026,TG-103545,11249.0,Pending,Townhouse,2024-11-04
POL-208027,TG-107908,7637.0,Denied,Apartment,2024-05-16
POL-208028,TG-103769,21761.0,Pending,Apartment,2024-06-22
POL-208029,TG-109108,22886.0,Denied, apartment ,2024-09-30
POL-208030,TG-103069,18363.0,Approved,Townhouse,2024-12-19
POL-208031,TG-101636,7298.0, approved ,Townhouse,2024-08-27
POL-208032,TG-101447,22266.0,Pending, apartment ,2023-09-20
POL-208033,TG-102629,12230.0,Pending,Condo,2023-02-20
POL-208034,TG-107617,10112.0,Denied,Apartment,2024-01-11
POL-208035,TG-104152,13282.0, approved ,Townhouse,2023-08-15
POL-208036,TG-102693,13145.0, approved ,Condo,2024-09-12
POL-208037,TG-104470,9642.0,Pending,Condo,2025-01-05
POL-208038,TG-109914,7322.0,Denied,Townhouse,2023-03-14
POL-208039,TG-103878,12418.0,Denied,Condo,2023-01-14
POL-208040,TG-105578,20489.0,Approved,Condo,2023-08-02
POL-208041,TG-101604,9525.0,Pending,Apartment,2024-11-02
POL-208042,TG-103401,16807.0, approved ,Townhouse,2024-05-18
POL-208043,TG-100563,,Denied,Apartment,2025-05-02
POL-208044,TG-103654,23248.0, approved , apartment ,2023-03-23
POL-208045,TG-102414,15035.0,Pending,Apartment,2024-04-24
POL-208046,TG-109801,11926.0,Approved,Townhouse,2025-03-31
POL-208047,TG-100184,,Pending,Condo,2024-10-16
POL-208048,TG-103718,24947.0,Denied,Condo,2023-03-04
POL-208049,TG-107971,16992.0, approved ,Condo,2024-01-05
POL-208050,TG-107134,24693.0, approved ,Apartment,2024-07-25
POL-208051,TG-103377,16687.0,Pending, apartment ,2025-01-31
POL-208052,TG-108487,6513.0,Denied,Condo,2024-03-01
POL-208053,TG-107113,18890.0,Denied,Apartment,2025-04-21
POL-208054,TG-104135,6467.0, approved ,Apartment,2024-01-13
POL-208055,TG-106962,6730.0,Approved,Townhouse,2025-03-24
POL-208056,TG-104697,11182.0,Pending,Condo,2024-12-26
POL-208057,TG-107126,23397.0, approved ,Townhouse,2023-03-01
POL-208058,TG-104347,17866.0,Pending,Townhouse,2025-04-23
POL-208059,TG-105526,22689.0, approved , apartment ,2024-09-23
POL-208060,TG-103664,5457.0,Denied,Townhouse,2023-09-30
POL-208061,TG-101192,20684.0,Approved,Townhouse,2024-06-25
POL-208062,TG-100184,13973.0,Denied,Apartment,2023-02-11
POL-208063,TG-102142,24592.0,Approved,Condo,2025-01-21
POL-208064,TG-104402,21101.0,Pending,Apartment,2023-03-14
POL-208065,TG-104678,18954.0,Denied,Townhouse,2025-05-04
POL-208066,TG-105652,23122.0,Denied,Apartment,2023-11-08
POL-208067,TG-102105,18762.0, approved ,Townhouse,2023-03-21
POL-208068,TG-105750,15341.0, approved , apartment ,2023-08-10
POL-208069,TG-107465,22583.0,Denied,Condo,2024-06-15
POL-208070,TG-108489,6829.0, approved , apartment ,2023-04-10
POL-208071,TG-109051,17712.0,Pending,Townhouse,2023-04-14
POL-208072,TG-100935,23986.0,Pending,Apartment,2025-01-12
POL-208073,TG-107578,6900.0,Approved,Apartment,2023-08-25
POL-208074,TG-108893,6997.0,Approved, apartment ,2024-06-28
POL-208075,TG-102828,21173.0, approved ,Condo,2024-01-30
POL-208076,TG-103241,24433.0, approved , apartment ,2023-07-14
POL-208077,TG-103649,9111.0,Pending,Condo,2023-07-17
POL-208078,TG-105842,20000.0, approved ,Condo,2024-06-22
POL-208079,TG-108752,20659.0,Denied,Apartment,2024-11-03
POL-208080,TG-108142,20481.0,Pending,Apartment,2023-09-12
POL-208081,TG-105466,16647.0,Approved,Apartment,2024-08-06
POL-208082,TG-101675,10146.0,Pending,Townhouse,2024-10-02
POL-208083,TG-101269,19293.0, approved ,Apartment,2023-07-03
POL-208084,TG-102087,6079.0, approved ,Apartment,2024-07-25
POL-208085,TG-105577,13890.0,Approved,Condo,2025-02-06
POL-208086,TG-104987,17242.0,Pending,Townhouse,2024-07-25
POL-208087,TG-100507,17111.0,Approved,Apartment,2024-03-01
POL-208088,TG-109847,20943.0,Pending,Condo,2025-02-03
POL-208089,TG-104095,8165.0,Pending,Townhouse,2023-04-19
POL-208090,TG-104227,8511.0, approved ,Townhouse,2025-02-23
POL-208091,TG-102268,23354.0,Pending,Condo,2024-10-15
POL-208092,TG-105515,7844.0,Pending,Condo,2024-08-13
POL-208093,TG-101301,22293.0,Denied,Townhouse,2024-01-02
POL-208094,TG-105489,5739.0, approved ,Apartment,2024-11-21
POL-208095,TG-101607,5867.0,Pending,Condo,2024-04-14
POL-208096,TG-105340,18451.0,Pending,Condo,2024-12-20
POL-208097,TG-104166,14996.0, approved ,Condo,2024-11-12
POL-208098,TG-104625,16403.0,Denied,Condo,2024-03-13
POL-208099,TG-106745,24209.0,Approved, apartment ,2023-04-17
POL-208100,TG-102107,6195.0,Pending,Condo,2023-06-20
POL-208101,TG-100444,14914.0,Pending, apartment ,2025-03-22
POL-208102,TG-100739,23823.0,Pending,Townhouse,2023-07-04
POL-208103,TG-100542,21023.0,Approved, apartment ,2024-07-17
POL-208104,TG-105232,18988.0,Approved,Townhouse,2024-02-16
POL-208105,TG-106883,5682.0, approved , apartment ,2024-05-31
POL-208106,TG-104558,5856.0,Approved, apartment ,2023-12-12
POL-208107,TG-105429,,Approved,Apartment,2024-11-04
POL-208108,TG-101191,14794.0, approved ,Townhouse,2023-06-11
POL-208109,TG-105042,5423.0,Pending,Condo,2024-06-30
POL-208110,TG-107915,8145.0,Approved, apartment ,2024-09-06
POL-208111,TG-100201,19830.0, approved ,Condo,2024-03-29
POL-208112,TG-109671,14005.0, approved ,Apartment,2023-12-27
POL-208113,TG-103672,8538.0,Approved,Apartment,2023-11-19
POL-208114,TG-106625,15331.0,Approved, apartment ,2024-07-17
POL-208115,TG-109750,12569.0,Pending,Townhouse,2023-11-29
POL-208116,TG-107215,16335.0,Denied,Condo,2025-05-15
POL-208117,TG-105523,, approved , apartment ,2024-01-16
POL-208118,TG-105206,5231.0,Pending,Condo,2024-02-27
POL-208119,TG-109046,7183.0, approved ,Townhouse,2025-02-21
POL-208120,TG-108820,21570.0,Denied,Condo,2024-10-10
POL-208121,TG-101315,15275.0, approved ,Apartment,2024-03-16
POL-208122,TG-105420,19356.0,Denied,Apartment,2025-04-25
POL-208123,TG-109557,19594.0,Denied, apartment ,2025-01-13
POL-208124,TG-102390,17887.0,Denied,Apartment,2023-11-28
POL-208125,TG-105161,11866.0,Approved,Townhouse,2024-09-15
POL-208126,TG-100840,9662.0,Approved,Condo,2023-09-04
POL-208127,TG-104516,19613.0, approved ,Condo,2024-07-30
POL-208128,TG-101188,16888.0, approved ,Condo,2024-07-12
POL-208129,TG-106045,16774.0, approved ,Condo,2023-08-08
POL-208130,TG-105314,21204.0, approved ,Townhouse,2024-01-20
POL-208131,TG-103360,13587.0,Denied,Townhouse,2025-02-23
POL-208132,TG-109969,23887.0,Approved,Townhouse,2024-07-17
POL-208133,TG-108495,22928.0,Pending, apartment ,2025-02-01
POL-208134,TG-109190,17883.0,Pending,Townhouse,2023-09-18
POL-208135,TG-101103,20299.0,Approved, apartment ,2024-01-04
POL-208136,TG-107835,22943.0,Pending, apartment ,2024-04-08
POL-208137,TG-109235,12551.0,Denied,Apartment,2024-04-03
POL-208138,TG-108265,12596.0,Denied,Apartment,2024-02-11
POL-208139,TG-105915,6285.0, approved ,Townhouse,2023-01-01
POL-208140,TG-105484,6983.0,Approved,Condo,2025-01-13
POL-208141,TG-107779,23717.0, approved ,Apartment,2023-02-05
POL-208142,TG-100007,20770.0,Denied,Apartment,2023-10-19
POL-208143,TG-105222,17513.0,Denied,Townhouse,2024-09-02
POL-208144,TG-104951,21057.0, approved ,Apartment,2023-01-17
POL-208145,TG-106544,6801.0,Approved,Apartment,2024-06-14
POL-208146,TG-107995,13648.0,Approved,Condo,2023-05-19
POL-208147,TG-101420,19919.0,Denied, apartment ,2023-11-06
POL-208148,TG-101256,24017.0,Pending, apartment ,2023-01-07
POL-208149,TG-102974,19010.0,Approved,Apartment,2023-11-04
POL-208150,TG-107701,10073.0,Approved,Condo,2023-08-16
POL-208151,TG-101806,13232.0,Approved,Apartment,2023-08-08
POL-208152,TG-101761,16353.0,Approved, apartment ,2025-05-26
POL-208153,TG-100046,14130.0, approved ,Condo,2023-11-19
POL-208154,TG-104605,11541.0,Pending,Apartment,2023-01-23
POL-208155,TG-103107,9508.0,Pending, apartment ,2025-03-01
POL-208156,TG-102911,22916.0, approved ,Townhouse,2025-04-21
POL-208157,TG-101278,16464.0,Approved,Apartment,2024-12-07
POL-208158,TG-102840,24236.0,Approved,Townhouse,2025-04-22
POL-208159,TG-103124,,Denied,Condo,2023-10-10
POL-208160,TG-101109,12281.0,Approved,Apartment,2024-07-20
POL-208161,TG-104290,7041.0,Approved,Condo,2024-06-07
POL-208162,TG-107027,7197.0,Denied,Townhouse,2024-07-23
POL-208163,TG-107196,6623.0,Pending,Condo,2024-08-07
POL-208164,TG-109896,10240.0, approved , apartment ,2024-08-08
POL-208165,TG-104675,6246.0, approved ,Apartment,2023-06-08
POL-208166,TG-102001,20502.0, approved , apartment ,2023-04-07
POL-208167,TG-100167,15428.0,Denied,Condo,2023-02-08
POL-208168,TG-103476,23822.0, approved , apartment ,2024-04-16
POL-208169,TG-103444,6131.0,Approved, apartment ,2023-12-31
POL-208170,TG-103827,15409.0,Pending,Condo,2023-06-09
POL-208171,TG-108707,15977.0,Approved, apartment ,2023-05-22
POL-208172,TG-102107,20384.0, approved ,Townhouse,2023-09-29
POL-208173,TG-102811,17152.0,Pending, apartment ,2024-01-11
POL-208174,TG-108642,16267.0,Denied,Condo,2024-08-19
POL-208175,TG-104764,15622.0,Denied,Condo,2023-09-13
POL-208176,TG-101637,21614.0, approved , apartment ,2023-08-27
POL-208177,TG-109620,6549.0,Approved,Townhouse,2023-09-20
POL-208178,TG-106437,21162.0,Approved, apartment ,2025-04-10
POL-208179,TG-104301,10452.0,Denied, apartment ,2023-11-04
POL-208180,TG-102091,8321.0, approved ,Townhouse,2023-04-05
POL-208181,TG-109430,22530.0,Approved,Apartment,2024-08-07
POL-208182,TG-103890,16889.0,Pending, apartment ,2024-02-14
POL-208183,TG-105188,16425.0,Denied,Condo,2024-08-05
POL-208184,TG-100781,21537.0,Denied,Condo,2023-08-11
POL-208185,TG-107566,17010.0, approved ,Apartment,2025-01-21
POL-208186,TG-107291,16238.0,Denied, apartment ,2023-03-21
POL-208187,TG-108202,13503.0,Denied,Townhouse,2025-01-10
POL-208188,TG-106876,11595.0, approved ,Townhouse,2023-11-29
POL-208189,TG-105703,15107.0, approved ,Condo,2025-03-22
POL-208190,TG-103441,19583.0,Pending,Condo,2024-05-09
POL-208191,TG-103476,6410.0, approved , apartment ,2023-06-27
POL-208192,TG-103726,12303.0,Denied, apartment ,2024-05-14
POL-208193,TG-106112,10035.0,Approved, apartment ,2025-04-25
POL-208194,TG-107406,24289.0, approved ,Apartment,2024-12-07
POL-208195,TG-103814,16517.0,Pending, apartment ,2024-12-20
POL-208196,TG-101816,13836.0,Pending,Townhouse,2024-08-13
POL-208197,TG-103952,11329.0,Pending, apartment ,2025-04-19
POL-208198,TG-108109,22357.0,Approved,Condo,2023-04-08
POL-208199,TG-103920,12422.0,Approved, apartment ,2024-09-01
POL-208200,TG-108191,12916.0,Approved,Townhouse,2024-10-19
POL-208201,TG-103965,7141.0,Denied,Townhouse,2023-11-04
POL-208202,TG-104446,5019.0, approved , apartment ,2023-02-08
POL-208203,TG-100126,6312.0,Pending,Condo,2025-01-18
POL-208204,TG-104529,12628.0,Approved,Townhouse,2025-04-07
POL-208205,TG-103313,13778.0,Pending,Townhouse,2024-08-13
POL-208206,TG-104791,14625.0,Denied,Townhouse,2024-01-26
POL-208207,TG-101536,10209.0,Pending,Townhouse,2023-03-22
POL-208208,TG-106408,7818.0,Pending,Apartment,2025-03-09
POL-208209,TG-109519,9992.0,Denied,Apartment,2023-02-27
POL-208210,TG-104825,22140.0,Pending, apartment ,2025-02-28
POL-208211,TG-109913,7576.0,Approved,Apartment,2023-12-09
POL-208212,TG-105164,,Approved,Condo,2023-12-23
POL-208213,TG-102321,14830.0,Approved,Condo,2025-06-19
POL-208214,TG-102754,17537.0, approved ,Townhouse,2025-04-16
POL-208215,TG-100162,20991.0,Pending,Apartment,2024-03-20
POL-208216,,19952.0,Denied, apartment ,2024-03-02
POL-208217,TG-103480,13317.0,Denied, apartment ,2025-06-07
POL-208218,TG-107308,17598.0, approved ,Townhouse,2023-05-04
POL-208219,TG-104664,12793.0, approved , apartment ,2025-06-09
POL-208220,TG-104924,,Approved,Condo,2025-02-27
POL-208221,TG-104437,12921.0,Denied,Apartment,2023-08-21
POL-208222,TG-104305,15468.0, approved ,Condo,2025-02-04
POL-208223,,13388.0, approved ,Condo,2024-10-30
POL-208224,TG-102616,16102.0,Approved,Apartment,2025-05-19
POL-208225,TG-103498,15088.0,Pending,Apartment,2024-09-08
POL-208226,TG-106768,23224.0,Pending, apartment ,2023-01-12
POL-208227,TG-109902,14534.0,Pending, apartment ,2024-10-11
POL-208228,TG-100297,24684.0,Pending, apartment ,2025-03-07
POL-208229,TG-101411,5290.0, approved ,Apartment,2024-10-09
POL-208230,TG-108600,19354.0,Denied, apartment ,2024-01-27
POL-208231,TG-102849,6716.0,Pending,Townhouse,2023-02-25
POL-208232,TG-101591,15459.0, approved ,Condo,2023-11-09
POL-208233,TG-107661,16747.0,Approved, apartment ,2024-06-20
POL-208234,TG-108260,14073.0,Approved,Townhouse,2023-02-12
POL-208235,TG-102603,24442.0, approved ,Townhouse,2023-11-23
POL-208236,TG-108134,14602.0,Denied,Apartment,2024-07-06
POL-208237,TG-102139,5263.0,Approved,Townhouse,2024-08-01
POL-208238,TG-109033,16303.0,Approved,Condo,2023-06-03
POL-208239,TG-100157,13221.0,Denied, apartment ,2023-12-01
POL-208240,TG-105499,19859.0,Denied,Condo,2024-05-29
POL-208241,TG-105314,14392.0,Denied, apartment ,2024-12-15
POL-208242,TG-106427,13819.0,Denied,Apartment,2023-08-15
POL-208243,TG-102662,15512.0, approved , apartment ,2023-06-06
POL-208244,TG-107023,13827.0,Denied,Condo,2023-02-21
POL-208245,TG-109940,16286.0,Approved,Condo,2024-11-20
POL-208246,TG-103284,21038.0,Denied,Apartment,2025-01-19
POL-208247,TG-101194,17414.0,Pending,Condo,2024-02-07
POL-208248,TG-104909,7330.0,Denied, apartment ,2024-04-01
POL-208249,TG-105076,24128.0,Denied,Apartment,2025-02-09
POL-208250,TG-109626,13210.0,Pending, apartment ,2024-09-01
POL-208251,TG-109052,18483.0, approved ,Townhouse,2024-08-12
POL-208252,TG-101034,7169.0,Pending,Condo,2024-05-31
POL-208253,TG-100326,20681.0,Pending, apartment ,2023-04-03
POL-208254,TG-105352,11431.0, approved ,Apartment,2023-08-16
POL-208255,TG-106722,9896.0,Pending,Condo,2024-03-18
POL-208256,TG-105536,20530.0, approved ,Condo,2023-10-24
POL-208257,TG-100814,9348.0,Denied,Apartment,2025-03-16
POL-208258,TG-100111,8815.0,Pending,Apartment,2024-02-08
POL-208259,TG-102728,11669.0, approved , apartment ,2023-06-01
POL-208260,TG-105384,11072.0,Approved, apartment ,2023-05-16
POL-208261,TG-104747,24129.0,Approved,Condo,2023-12-11
POL-208262,TG-105259,5957.0,Denied,Apartment,2023-03-26
POL-208263,TG-109825,24751.0,Pending,Townhouse,2024-05-02
POL-208264,TG-102738,21174.0, approved ,Townhouse,2024-08-08
POL-208265,TG-108161,19163.0,Pending,Apartment,2025-02-02
POL-208266,TG-102845,12019.0,Approved, apartment ,2023-02-20
POL-208267,TG-108616,24501.0,Pending, apartment ,2024-07-15
POL-208268,TG-108066,6139.0,Pending,Townhouse,2024-02-13
POL-208269,TG-104022,11684.0, approved ,Townhouse,2023-09-26
POL-208270,TG-103961,7480.0, approved ,Apartment,2023-03-29
POL-208271,TG-110034,13244.0,Approved,Townhouse,2024-02-13
POL-208272,TG-102406,9744.0,Pending,Townhouse,2024-05-28
POL-208273,TG-100489,5840.0,Approved,Condo,2024-03-20
POL-208274,TG-104400,11521.0, approved ,Townhouse,2025-03-03
POL-208275,TG-109288,19097.0, approved , apartment ,2024-12-15
POL-208276,TG-109433,15662.0,Denied, apartment ,2023-05-14
POL-208277,TG-105054,6648.0,Pending, apartment ,2025-02-19
POL-208278,TG-102674,9664.0,Denied,Townhouse,2023-05-19
POL-208279,TG-108869,9952.0, approved , apartment ,2024-05-07
POL-208280,TG-106560,6908.0,Approved,Apartment,2024-07-26
POL-208281,TG-103725,18184.0,Denied,Condo,2023-07-22
POL-208282,TG-100521,21493.0,Approved, apartment ,2024-05-14
POL-208283,TG-103755,19972.0,Denied,Condo,2024-02-09
POL-208284,TG-106015,11615.0, approved ,Apartment,2024-10-29
POL-208285,TG-109624,7634.0, approved ,Condo,2024-08-08
POL-208286,TG-102515,9453.0,Denied, apartment ,2023-07-20
POL-208287,TG-108778,15848.0,Pending,Townhouse,2024-07-28
POL-208288,TG-108242,20609.0,Approved,Townhouse,2024-09-22
POL-208289,TG-104385,22232.0, approved ,Townhouse,2025-01-23
POL-208290,TG-108259,14318.0,Pending,Condo,2024-06-20
POL-208291,TG-106200,16645.0,Approved, apartment ,2023-09-10
POL-208292,TG-105987,18006.0,Denied, apartment ,2023-09-06
POL-208293,TG-103252,20945.0,Denied, apartment ,2023-03-15
POL-208294,TG-103891,8941.0,Approved, apartment ,2023-09-30
POL-208295,TG-102971,8150.0, approved , apartment ,2025-03-06
POL-208296,TG-100329,12465.0,Approved, apartment ,2024-03-16
POL-208297,TG-106447,17841.0,Approved,Apartment,2023-11-28
POL-208298,TG-107880,6884.0,Approved,Apartment,2024-12-02
POL-208299,TG-109605,10439.0,Pending, apartment ,2024-08-12
POL-208300,TG-104388,24534.0,Approved,Condo,2023-04-02
POL-208301,TG-107996,8554.0,Approved,Condo,2023-04-26
POL-208302,TG-104323,20300.0, approved ,Apartment,2024-11-18
POL-208303,TG-101192,19866.0,Approved,Townhouse,2024-02-28
POL-208304,TG-105555,24085.0,Denied, apartment ,2024-03-09
POL-208305,TG-105921,22934.0, approved , apartment ,2024-01-10
POL-208306,TG-103336,5722.0,Pending,Condo,2023-12-23
POL-208307,TG-108232,20066.0, approved ,Townhouse,2023-07-15
POL-208308,TG-107909,20887.0, approved ,Apartment,2023-11-25
POL-208309,TG-103437,11966.0,Denied,Apartment,2023-12-19
POL-208310,TG-109919,20102.0,Approved, apartment ,2024-08-31
POL-208311,TG-106777,7070.0, approved ,Apartment,2024-11-02
POL-208312,TG-105259,16939.0, approved ,Condo,2023-01-25
POL-208313,TG-108854,6836.0,Pending,Condo,2025-02-27
POL-208314,TG-108805,19167.0,Denied,Apartment,2023-11-09
POL-208315,TG-109637,23520.0, approved , apartment ,2023-06-23
POL-208316,TG-109082,12407.0,Pending,Condo,2023-12-25
POL-208317,TG-109987,14451.0, approved ,Townhouse,2024-09-23
POL-208318,TG-105546,6030.0,Denied,Apartment,2025-04-21
POL-208319,TG-106489,7756.0,Approved,Apartment,2025-04-02
POL-208320,TG-106332,9456.0,Approved,Apartment,2024-03-28
POL-208321,TG-108223,14943.0, approved ,Apartment,2024-09-30
POL-208322,TG-103227,22491.0,Approved, apartment ,2023-05-30
POL-208323,TG-107296,7260.0, approved ,Townhouse,2024-03-27
POL-208324,TG-101287,16977.0, approved , apartment ,2023-02-15
POL-208325,TG-109238,22878.0,Pending,Condo,2025-04-17
POL-208326,TG-104738,11900.0,Approved,Apartment,2023-08-28
POL-208327,TG-104651,18345.0,Approved,Apartment,2023-07-24
POL-208328,TG-104789,5590.0, approved ,Apartment,2024-12-02
POL-208329,TG-106661,6800.0, approved ,Apartment,2024-01-18
POL-208330,TG-100325,8418.0,Denied, apartment ,2023-06-09
POL-208331,TG-103504,15559.0, approved , apartment ,2025-02-14
POL-208332,TG-105625,11408.0,Approved,Condo,2025-01-15
POL-208333,TG-109788,23680.0,Pending,Condo,2025-05-23
POL-208334,TG-105800,6841.0, approved ,Townhouse,2023-03-29
POL-208335,TG-109682,12930.0,Pending, apartment ,2023-04-26
POL-208336,TG-101356,19636.0, approved ,Townhouse,2025-01-27
POL-208337,TG-106052,12950.0, approved , apartment ,2023-02-25
POL-208338,TG-109256,5497.0, approved ,Condo,2023-09-06
POL-208339,TG-105467,18736.0, approved ,Condo,2024-09-27
POL-208340,TG-109641,10697.0, approved ,Apartment,2023-06-01
POL-208341,TG-109507,22014.0, approved ,Condo,2025-06-08
POL-208342,TG-101606,16257.0,Denied,Condo,2025-05-02
POL-208343,TG-103538,14834.0,Approved,Condo,2025-04-19
POL-208344,TG-106000,7015.0,Denied, apartment ,2023-10-22
POL-208345,TG-110009,19963.0,Approved,Townhouse,2023-01-15
POL-208346,TG-102214,12706.0,Denied,Apartment,2023-12-18
POL-208347,TG-105742,8263.0,Denied, apartment ,2024-12-11
POL-208348,TG-110043,9600.0,Approved,Townhouse,2025-04-03
POL-208349,TG-109499,17599.0, approved ,Townhouse,2023-04-24
POL-208350,TG-102219,22734.0,Denied,Apartment,2023-11-09
POL-208351,TG-107468,18223.0, approved , apartment ,2024-04-05
POL-208352,TG-109489,19099.0, approved ,Townhouse,2024-04-27
POL-208353,TG-109413,17164.0,Approved, apartment ,2023-01-24
POL-208354,TG-109669,6489.0, approved ,Apartment,2023-12-06
POL-208355,TG-108322,9785.0,Denied,Townhouse,2023-08-03
POL-208356,TG-103590,6222.0, approved ,Condo,2025-01-27
POL-208357,TG-107147,15327.0,Denied, apartment ,2024-07-04
POL-208358,TG-108145,11587.0,Pending, apartment ,2023-08-05
POL-208359,TG-101088,6365.0,Pending,Condo,2023-07-28
POL-208360,TG-100666,21282.0,Pending,Condo,2024-07-13
POL-208361,TG-109294,24845.0,Denied,Apartment,2024-06-19
POL-208362,TG-102090,13319.0,Approved, apartment ,2025-02-07
POL-208363,TG-106807,13327.0,Denied,Townhouse,2023-09-22
POL-208364,TG-102077,9351.0,Pending,Condo,2024-07-15
POL-208365,TG-105547,12374.0,Denied,Apartment,2024-05-09
POL-208366,TG-106865,11178.0,Approved,Apartment,2024-09-29
POL-208367,TG-100612,11860.0,Denied,Townhouse,2025-01-17
POL-208368,TG-106994,16356.0, approved ,Apartment,2023-05-25
POL-208369,TG-107927,9994.0,Denied,Apartment,2024-12-12
POL-208370,TG-104950,, approved ,Townhouse,2024-12-16
POL-208371,TG-102693,12706.0,Denied,Apartment,2024-11-15
POL-208372,TG-104401,11652.0,Approved,Apartment,2023-01-19
POL-208373,TG-104381,19711.0,Approved,Townhouse,2024-01-21
POL-208374,TG-100887,21095.0,Pending, apartment ,2024-08-19
POL-208375,TG-108009,22648.0,Approved,Condo,2024-11-10
POL-208376,TG-102333,23870.0,Denied, apartment ,2024-06-23
POL-208377,TG-100768,22200.0, approved ,Townhouse,2023-02-14
POL-208378,TG-101436,8569.0,Approved,Townhouse,2023-09-19
POL-208379,TG-103806,12834.0,Pending,Condo,2023-06-24
POL-208380,TG-103216,21843.0,Approved, apartment ,2023-03-03
POL-208381,TG-106217,24447.0,Pending,Townhouse,2023-10-18
POL-208382,TG-107529,19251.0, approved ,Condo,2023-07-25
POL-208383,TG-101241,,Approved,Apartment,2025-03-19
POL-208384,TG-106220,6830.0,Denied,Townhouse,2024-12-14
POL-208385,TG-102419,23436.0,Denied,Condo,2024-09-24
POL-208386,TG-100333,6657.0,Denied,Condo,2023-10-05
POL-208387,TG-105325,17458.0,Approved,Condo,2023-02-24
POL-208388,TG-105991,22464.0, approved ,Townhouse,2024-04-21
POL-208389,TG-102820,8168.0,Denied, apartment ,2024-11-01
POL-208390,TG-101983,13979.0,Denied, apartment ,2023-01-09
POL-208391,TG-107543,6711.0,Approved,Townhouse,2023-03-10
POL-208392,TG-109527,19001.0,Pending,Townhouse,2024-02-02
POL-208393,TG-106912,13705.0,Pending, apartment ,2024-11-07
POL-208394,TG-101798,23571.0,Denied,Condo,2023-10-05
POL-208395,TG-109995,20729.0,Denied,Apartment,2024-11-09
POL-208396,TG-101759,5422.0, approved ,Townhouse,2025-05-22
POL-208397,TG-104640,12614.0,Pending, apartment ,2024-11-06
POL-208398,TG-103715,11134.0,Denied,Townhouse,2024-01-04
POL-208399,TG-106448,5016.0, approved ,Apartment,2025-06-04
POL-208400,TG-104550,11917.0,Pending, apartment ,2023-04-21
POL-208401,TG-104369,18732.0,Denied,Townhouse,2023-01-20
POL-208402,TG-103130,22238.0, approved ,Apartment,2023-10-27
POL-208403,TG-103708,15447.0,Denied, apartment ,2025-06-07
POL-208404,TG-105526,19058.0,Denied, apartment ,2024-10-26
POL-208405,TG-104579,7329.0,Approved,Townhouse,2024-01-31
POL-208406,TG-104034,16695.0,Pending,Townhouse,2023-08-25
POL-208407,TG-108244,14838.0, approved ,Apartment,2024-01-25
POL-208408,TG-107031,8367.0,Approved,Condo,2024-06-04
POL-208409,TG-100829,23078.0,Denied,Townhouse,2024-12-27
POL-208410,TG-104376,10057.0,Pending,Apartment,2023-04-12
POL-208411,TG-102738,18890.0,Approved,Condo,2023-11-20
POL-208412,TG-108573,21215.0,Pending,Apartment,2024-05-11
POL-208413,TG-103834,12770.0, approved , apartment ,2025-06-06
POL-208414,TG-103426,10755.0, approved , apartment ,2024-09-03
POL-208415,TG-108591,15148.0,Denied,Condo,2024-06-28
POL-208416,TG-100955,14973.0,Denied, apartment ,2023-04-01
POL-208417,TG-109418,21739.0,Denied,Apartment,2023-07-10
POL-208418,TG-101675,7960.0,Approved, apartment ,2023-07-23
POL-208419,TG-105218,18291.0,Denied,Townhouse,2024-05-27
POL-208420,TG-100196,17010.0,Denied,Townhouse,2024-04-13
POL-208421,TG-105943,7684.0,Pending,Condo,2024-07-28
POL-208422,TG-109381,8549.0,Denied, apartment ,2024-12-30
POL-208423,TG-103605,8139.0, approved , apartment ,2023-01-23
POL-208424,TG-105109,12784.0, approved ,Apartment,2023-02-10
POL-208425,TG-105652,20418.0,Approved,Townhouse,2023-09-11
POL-208426,TG-105235,9305.0, approved ,Apartment,2024-06-26
POL-208427,TG-107261,19119.0,Pending,Apartment,2023-11-09
POL-208428,TG-105805,14208.0,Denied,Condo,2023-12-08
POL-208429,TG-105454,7187.0, approved ,Apartment,2024-05-16
POL-208430,TG-107569,19494.0,Approved,Townhouse,2024-02-07
POL-208431,TG-109514,16363.0,Pending,Condo,2025-02-01
POL-208432,TG-101226,17528.0, approved ,Condo,2023-06-10
POL-208433,TG-108774,5524.0, approved , apartment ,2023-01-19
POL-208434,TG-106113,14706.0,Denied,Apartment,2023-12-22
POL-208435,TG-102719,12056.0, approved , apartment ,2024-12-01
POL-208436,TG-107372,16551.0, approved ,Condo,2023-12-27
POL-208437,TG-106007,14700.0,Approved,Townhouse,2023-12-30
POL-208438,TG-105498,12957.0,Pending,Townhouse,2024-10-02
POL-208439,TG-109896,9727.0,Denied,Apartment,2023-11-06
POL-208440,TG-102229,9717.0,Approved, apartment ,2023-08-30
POL-208441,TG-105665,16618.0,Denied,Apartment,2024-05-28
POL-208442,TG-108532,19641.0,Pending, apartment ,2023-10-10
POL-208443,TG-105009,10357.0,Denied, apartment ,2025-04-11
POL-208444,TG-107699,12573.0,Approved,Apartment,2023-03-05
POL-208445,TG-101355,7654.0, approved ,Townhouse,2024-10-02
POL-208446,TG-105460,5321.0, approved ,Townhouse,2023-09-21
POL-208447,TG-101416,11583.0, approved ,Condo,2025-06-18
POL-208448,TG-100942,23517.0,Denied,Condo,2024-02-01
POL-208449,TG-103194,21189.0,Approved, apartment ,2025-04-14
POL-208450,TG-101162,24959.0, approved , apartment ,2023-01-31
POL-208451,TG-105236,10188.0,Pending,Condo,2024-07-22
POL-208452,TG-109354,22562.0, approved ,Apartment,2023-10-14
POL-208453,TG-106373,5463.0, approved , apartment ,2023-08-19
POL-208454,TG-107451,9077.0,Denied, apartment ,2023-06-05
POL-208455,TG-103536,24529.0,Denied,Condo,2023-12-16
POL-208456,TG-100112,19992.0, approved ,Condo,2024-02-07
POL-208457,TG-106036,19954.0,Approved,Townhouse,2024-11-03
POL-208458,TG-106178,5954.0,Pending, apartment ,2023-05-21
POL-208459,TG-105386,17366.0,Denied, apartment ,2023-03-31
POL-208460,TG-104383,,Approved,Condo,2025-01-17
POL-208461,TG-100614,18410.0, approved ,Apartment,2024-01-27
POL-208462,TG-109113,16845.0,Approved, apartment ,2024-06-17
POL-208463,TG-104497,5965.0,Approved,Apartment,2024-11-25
POL-208464,TG-108168,13287.0,Denied,Apartment,2024-09-19
POL-208465,TG-109931,13404.0,Pending,Condo,2025-06-12
POL-208466,TG-103817,17052.0,Pending,Condo,2024-10-02
POL-208467,TG-109306,10277.0,Denied,Condo,2024-12-03
POL-208468,TG-103444,12058.0,Pending,Apartment,2023-08-21
POL-208469,TG-109038,11522.0,Denied,Condo,2024-03-03
POL-208470,TG-102858,24642.0,Approved,Townhouse,2023-09-04
POL-208471,TG-108858,12470.0, approved ,Apartment,2024-08-09
POL-208472,TG-104218,7816.0,Approved, apartment ,2023-06-06
POL-208473,TG-101023,14395.0,Denied,Apartment,2024-03-12
POL-208474,TG-107499,6211.0,Denied,Condo,2023-11-16
POL-208475,TG-100501,15875.0,Approved,Condo,2024-09-11
POL-208476,TG-100830,5073.0,Approved, apartment ,2023-12-04
POL-208477,TG-104274,13662.0, approved ,Condo,2024-04-04
POL-208478,TG-100732,15355.0,Approved, apartment ,2024-07-09
POL-208479,TG-107789,23379.0,Pending,Condo,2023-05-15
POL-208480,TG-107600,9047.0,Pending, apartment ,2023-07-31
POL-208481,TG-101864,5438.0, approved ,Townhouse,2024-10-30
POL-208482,TG-101294,19594.0,Denied,Condo,2023-05-22
POL-208483,TG-102596,20733.0,Denied,Townhouse,2024-08-17
POL-208484,TG-107014,22813.0,Denied,Townhouse,2024-07-08
POL-208485,TG-108084,23504.0,Approved, apartment ,2024-12-01
POL-208486,TG-106577,11420.0,Denied, apartment ,2025-03-30
POL-208487,TG-104810,10540.0,Approved,Condo,2023-07-27
POL-208488,TG-108879,5160.0, approved ,Townhouse,2025-06-02
POL-208489,TG-103693,17032.0,Denied,Townhouse,2023-05-22
POL-208490,TG-102627,22017.0,Approved,Townhouse,2023-11-13
POL-208491,TG-102287,20724.0,Pending,Condo,2024-12-06
POL-208492,TG-100649,15566.0,Approved,Townhouse,2024-12-23
POL-208493,TG-108819,24403.0,Approved,Condo,2024-06-20
POL-208494,TG-105898,22567.0,Pending,Apartment,2023-05-19
POL-208495,TG-105252,21819.0, approved ,Apartment,2024-03-16
POL-208496,TG-107573,23972.0,Denied,Apartment,2025-02-27
POL-208497,TG-108616,9909.0,Pending,Apartment,2023-05-29
POL-208498,TG-107865,14682.0,Approved,Apartment,2024-11-02
POL-208499,TG-101071,24392.0,Denied, apartment ,2024-08-01
POL-208500,TG-103015,17827.0,Denied, apartment ,2023-06-11
POL-208501,TG-103832,19225.0,Denied,Condo,2023-11-22
POL-208502,TG-102360,12447.0,Approved,Condo,2023-03-11
POL-208503,TG-103495,20282.0, approved ,Condo,2024-07-24
POL-208504,TG-106881,10906.0,Denied,Townhouse,2024-06-29
POL-208505,TG-102299,5670.0, approved ,Apartment,2025-01-06
POL-208506,TG-105053,22246.0,Denied,Apartment,2023-05-02
POL-208507,TG-103739,23517.0,Pending, apartment ,2023-07-08
POL-208508,TG-102345,18468.0,Pending, apartment ,2023-11-22
POL-208509,TG-104429,19611.0,Denied,Condo,2025-05-09
POL-208510,TG-108004,23881.0,Denied,Condo,2025-06-19
POL-208511,TG-105282,9781.0, approved ,Apartment,2023-05-30
POL-208512,TG-108545,15886.0,Pending,Condo,2025-01-14
POL-208513,TG-105432,24855.0,Pending, apartment ,2023-01-31
POL-208514,TG-100035,, approved ,Apartment,2025-02-22
POL-208515,TG-101805,6235.0,Denied, apartment ,2023-11-23
POL-208516,TG-107666,22795.0,Approved, apartment ,2024-02-28
POL-208517,TG-108946,23702.0,Approved,Townhouse,2024-02-26
POL-208518,TG-100080,, approved , apartment ,2023-11-07
POL-208519,TG-100329,16549.0,Pending, apartment ,2024-03-29
POL-208520,TG-106303,13998.0,Approved,Townhouse,2025-02-02
POL-208521,TG-103479,13298.0,Approved,Townhouse,2025-04-21
POL-208522,TG-100806,9109.0, approved ,Townhouse,2024-10-14
POL-208523,TG-103326,8781.0,Approved, apartment ,2025-01-26
POL-208524,TG-104749,15837.0, approved , apartment ,2023-10-08
POL-208525,TG-102446,18073.0,Approved,Apartment,2023-06-05
POL-208526,TG-104094,24757.0, approved ,Condo,2025-03-08
POL-208527,TG-107691,18646.0, approved ,Apartment,2023-07-12
POL-208528,TG-105372,14547.0,Approved,Apartment,2023-04-20
POL-208529,TG-107950,11618.0,Denied,Condo,2023-05-15
POL-208530,TG-100389,17476.0,Denied,Apartment,2023-07-09
POL-208531,TG-105820,10322.0,Approved,Apartment,2023-01-27
POL-208532,TG-101287,16102.0,Pending,Townhouse,2025-02-19
POL-208533,TG-103985,23840.0,Approved,Apartment,2024-09-18
POL-208534,TG-103735,15738.0,Pending, apartment ,2024-09-23
POL-208535,TG-101498,11608.0,Approved,Townhouse,2023-10-01
POL-208536,TG-103031,11726.0,Denied,Apartment,2024-09-12
POL-208537,TG-105783,15015.0,Denied, apartment ,2024-08-03
POL-208538,TG-107863,23863.0, approved ,Condo,2024-09-19
POL-208539,TG-107468,11250.0,Pending, apartment ,2023-08-25
POL-208540,TG-103979,13226.0,Pending,Apartment,2024-09-02
POL-208541,TG-101242,5497.0, approved ,Condo,2023-08-26
POL-208542,TG-103484,8046.0,Pending,Townhouse,2023-08-25
POL-208543,TG-106523,14037.0,Approved,Townhouse,2024-12-04
POL-208544,TG-109216,18575.0,Approved,Townhouse,2023-01-27
POL-208545,TG-108843,9885.0,Pending,Apartment,2024-01-03
POL-208546,TG-106723,17576.0,Pending,Condo,2023-03-23
POL-208547,TG-102630,13948.0,Pending, apartment ,2024-12-05
POL-208548,TG-109452,24712.0,Denied,Townhouse,2025-03-09
POL-208549,TG-103759,15843.0, approved ,Condo,2024-05-03
POL-208550,TG-105774,13258.0, approved ,Townhouse,2023-05-18
POL-208551,TG-104761,23288.0,Approved,Apartment,2024-05-29
POL-208552,TG-100408,16343.0,Pending, apartment ,2025-05-16
POL-208553,TG-108056,22841.0,Denied,Apartment,2024-09-11
POL-208554,TG-103753,21509.0, approved , apartment ,2024-04-25
POL-208555,TG-103608,11635.0,Pending,Apartment,2024-12-30
POL-208556,TG-100784,18321.0,Denied,Apartment,2024-10-27
POL-208557,TG-105049,7432.0,Pending,Apartment,2024-01-18
POL-208558,TG-107951,19598.0, approved ,Townhouse,2023-07-08
POL-208559,TG-106117,20725.0,Denied,Apartment,2025-05-22
POL-208560,TG-104484,5957.0,Denied, apartment ,2024-02-01
POL-208561,TG-102456,6715.0,Denied, apartment ,2024-05-18
POL-208562,TG-104480,17088.0,Approved, apartment ,2024-04-30
POL-208563,TG-105053,10464.0,Approved,Apartment,2023-05-21
POL-208564,TG-102039,23948.0,Denied,Townhouse,2023-06-17
POL-208565,TG-101997,12878.0, approved ,Apartment,2023-07-17
POL-208566,TG-103758,10194.0, approved ,Condo,2023-08-20
POL-208567,TG-104923,9646.0, approved ,Apartment,2023-02-03
POL-208568,TG-103114,5079.0,Approved,Townhouse,2024-02-23
POL-208569,TG-100644,13552.0, approved ,Townhouse,2025-02-21
POL-208570,TG-109049,8782.0,Pending, apartment ,2023-01-16
POL-208571,TG-103774,9617.0,Approved, apartment ,2023-10-04
POL-208572,TG-109985,5890.0,Pending,Townhouse,2024-02-27
POL-208573,TG-105221,9433.0,Denied,Condo,2023-08-16
POL-208574,TG-102562,11685.0, approved ,Apartment,2025-01-30
POL-208575,TG-105120,22004.0,Pending, apartment ,2024-11-18
POL-208576,TG-102017,22984.0,Pending, apartment ,2023-07-27
POL-208577,TG-101162,13686.0,Pending,Apartment,2025-02-14
POL-208578,TG-108957,16790.0,Approved,Condo,2023-07-29
POL-208579,TG-103186,13024.0, approved , apartment ,2023-03-09
POL-208580,TG-103012,15267.0,Pending,Condo,2023-07-01
POL-208581,TG-100860,8424.0, approved , apartment ,2024-03-25
POL-208582,TG-107184,10880.0,Pending,Condo,2025-06-06
POL-208583,TG-100413,14998.0,Approved, apartment ,2024-09-23
POL-208584,TG-104940,12800.0,Denied,Apartment,2024-05-16
POL-208585,TG-109324,, approved ,Condo,2024-12-05
POL-208586,TG-100648,15527.0, approved ,Condo,2023-11-29
POL-208587,TG-107924,7765.0,Pending,Apartment,2025-06-06
POL-208588,TG-108391,13012.0, approved , apartment ,2024-04-13
POL-208589,TG-100431,23644.0,Pending,Apartment,2023-09-10
POL-208590,TG-109043,19734.0,Approved, apartment ,2024-03-13
POL-208591,TG-109524,9823.0,Denied, apartment ,2024-02-19
POL-208592,TG-105312,9926.0,Pending,Apartment,2025-03-05
POL-208593,TG-109967,17685.0, approved ,Condo,2023-02-12
POL-208594,TG-102309,15369.0,Denied,Apartment,2024-09-14
POL-208595,TG-108874,20367.0, approved ,Apartment,2025-01-22
POL-208596,TG-107738,13211.0,Pending,Condo,2025-04-24
POL-208597,TG-102684,16819.0,Denied,Condo,2024-01-25
POL-208598,TG-109565,12482.0,Pending,Townhouse,2025-01-07
POL-208599,TG-103168,15484.0, approved ,Condo,2023-11-17
POL-208600,TG-101724,10843.0,Approved,Apartment,2024-02-08
POL-208601,TG-105230,11932.0,Approved,Condo,2024-09-18
POL-208602,TG-106502,24587.0,Approved,Townhouse,2025-01-30
POL-208603,TG-109408,15468.0, approved ,Apartment,2024-08-08
POL-208604,,5666.0, approved , apartment ,2024-08-31
POL-208605,TG-104375,24055.0,Approved, apartment ,2024-07-03
POL-208606,TG-105233,9830.0,Denied,Townhouse,2024-06-21
POL-208607,TG-104898,5252.0,Denied,Condo,2024-10-18
POL-208608,TG-109240,6347.0, approved ,Condo,2025-06-15
POL-208609,TG-108462,5971.0,Denied,Condo,2024-12-22
POL-208610,TG-100398,19414.0,Denied, apartment ,2025-03-16
POL-208611,TG-101531,15713.0,Approved,Apartment,2023-02-09
POL-208612,TG-106927,9992.0,Pending, apartment ,2024-06-17
POL-208613,TG-107549,22708.0,Denied, apartment ,2023-04-22
POL-208614,TG-106583,20633.0,Pending,Condo,2024-04-07
POL-208615,TG-108918,23248.0,Approved,Apartment,2024-04-12
POL-208616,TG-100192,6329.0,Denied,Apartment,2025-04-26
POL-208617,TG-109401,16553.0,Denied,Apartment,2025-06-17
POL-208618,TG-105899,17341.0,Denied, apartment ,2023-02-13
POL-208619,TG-108886,6205.0,Pending,Apartment,2025-06-17
POL-208620,TG-103697,8485.0,Approved, apartment ,2023-09-09
POL-208621,TG-106786,6076.0,Pending,Condo,2024-06-15
POL-208622,TG-102412,8223.0, approved ,Townhouse,2024-07-04
POL-208623,TG-101612,24761.0,Approved, apartment ,2024-02-10
POL-208624,TG-103649,10948.0,Pending, apartment ,2025-01-22
POL-208625,TG-103840,11233.0, approved ,Condo,2023-02-10
POL-208626,TG-103564,7037.0,Denied,Townhouse,2024-07-25
POL-208627,TG-107488,6522.0,Denied,Townhouse,2024-02-01
POL-208628,TG-100798,20956.0,Denied, apartment ,2024-06-12
POL-208629,TG-105755,24917.0,Denied,Condo,2025-02-22
POL-208630,TG-105855,22393.0,Approved,Townhouse,2024-10-07
POL-208631,TG-106783,18298.0,Pending,Apartment,2023-02-20
POL-208632,TG-102065,14249.0,Approved,Condo,2023-07-14
POL-208633,TG-102221,23570.0,Pending,Condo,2023-10-26
POL-208634,TG-109753,17204.0,Approved,Apartment,2024-03-26
POL-208635,TG-101704,11567.0,Denied,Apartment,2024-02-12
POL-208636,TG-107747,7994.0,Denied,Apartment,2023-11-08
POL-208637,TG-101197,14314.0,Denied, apartment ,2025-03-03
POL-208638,TG-109689,19454.0,Pending, apartment ,2025-04-27
POL-208639,TG-101536,9029.0, approved , apartment ,2023-10-20
POL-208640,TG-106622,12822.0,Approved,Condo,2024-04-17
POL-208641,TG-106573,16301.0,Approved, apartment ,2023-06-20
POL-208642,TG-108706,9968.0,Denied, apartment ,2024-03-08
POL-208643,TG-101493,15033.0,Denied, apartment ,2023-10-29
POL-208644,TG-104965,19989.0, approved ,Condo,2024-09-19
POL-208645,TG-109318,14326.0,Pending, apartment ,2023-02-25
POL-208646,TG-106073,13819.0,Approved,Townhouse,2024-12-07
POL-208647,TG-101656,23316.0,Pending,Townhouse,2024-06-13
POL-208648,TG-102638,17309.0, approved , apartment ,2023-05-26
POL-208649,TG-100844,14016.0,Denied,Townhouse,2024-04-19
POL-208650,TG-109595,18096.0,Pending,Condo,2025-04-29
POL-208651,TG-102116,20268.0,Approved,Townhouse,2024-10-23
POL-208652,TG-101451,6896.0, approved , apartment ,2024-04-07
POL-208653,TG-105343,9296.0,Pending,Apartment,2023-04-03
POL-208654,TG-108698,12910.0,Pending,Condo,2025-01-09
POL-208655,TG-100878,10603.0, approved ,Townhouse,2024-05-27
POL-208656,TG-102292,24460.0,Pending, apartment ,2023-04-26
POL-208657,TG-102999,20902.0,Pending,Condo,2023-07-04
POL-208658,TG-100974,15040.0,Pending, apartment ,2025-03-08
POL-208659,TG-106567,20246.0,Denied, apartment ,2024-08-22
POL-208660,TG-109785,15329.0, approved ,Townhouse,2024-12-13
POL-208661,TG-108744,23600.0, approved ,Condo,2024-07-13
POL-208662,TG-102701,22108.0,Approved,Apartment,2023-05-19
POL-208663,TG-101512,18515.0, approved ,Apartment,2024-02-07
POL-208664,TG-108234,16702.0,Denied,Condo,2024-02-28
POL-208665,TG-108294,16489.0,Denied,Condo,2023-11-28
POL-208666,TG-101418,21681.0,Pending,Apartment,2024-04-06
POL-208667,TG-103157,21726.0,Approved, apartment ,2023-01-26
POL-208668,TG-108529,23311.0,Approved,Condo,2023-07-03
POL-208669,TG-104141,20461.0, approved ,Apartment,2024-04-09
POL-208670,TG-106764,16858.0,Denied,Townhouse,2024-08-27
POL-208671,TG-100664,13178.0, approved ,Townhouse,2024-12-30
POL-208672,TG-104504,19306.0,Denied,Apartment,2023-07-26
POL-208673,TG-107862,16764.0,Approved,Apartment,2024-04-10
POL-208674,,9253.0,Pending,Apartment,2023-04-03
POL-208675,TG-109385,8692.0,Denied, apartment ,2023-09-14
POL-208676,TG-108203,8923.0,Denied, apartment ,2023-11-28
POL-208677,TG-106070,24803.0, approved , apartment ,2024-12-09
POL-208678,TG-106698,16337.0,Approved,Apartment,2024-10-26
POL-208679,TG-109765,19616.0, approved ,Apartment,2024-12-29
POL-208680,TG-106660,6344.0,Pending,Condo,2025-03-26
POL-208681,TG-104917,5524.0, approved , apartment ,2023-06-17
POL-208682,TG-105904,23776.0,Pending, apartment ,2025-01-05
POL-208683,TG-109616,,Pending,Apartment,2025-01-20
POL-208684,TG-109716,21933.0,Pending, apartment ,2023-05-07
POL-208685,TG-102847,17083.0,Pending,Condo,2023-04-04
POL-208686,TG-109533,24454.0, approved ,Townhouse,2023-04-27
POL-208687,TG-107713,23540.0,Approved,Townhouse,2024-12-24
POL-208688,TG-105818,6058.0,Denied,Townhouse,2024-04-05
POL-208689,TG-105865,19363.0, approved ,Condo,2024-10-11
POL-208690,TG-101092,10764.0,Denied,Apartment,2024-01-07
POL-208691,TG-105721,13915.0,Pending,Apartment,2023-03-29
POL-208692,TG-109091,18589.0,Approved,Townhouse,2024-06-20
POL-208693,TG-109324,5178.0,Denied,Townhouse,2024-12-25
POL-208694,TG-101747,12510.0,Approved,Townhouse,2024-01-29
POL-208695,TG-107134,9299.0, approved ,Townhouse,2025-01-14
POL-208696,TG-101017,15080.0,Pending, apartment ,2025-03-21
POL-208697,TG-105447,13821.0, approved , apartment ,2024-06-07
POL-208698,TG-103397,24611.0,Pending, apartment ,2024-09-18
POL-208699,TG-103434,7499.0,Denied, apartment ,2023-06-13
POL-208700,TG-105336,7478.0,Pending,Condo,2024-01-23
POL-208701,TG-104493,23287.0, approved ,Apartment,2024-07-17
POL-208702,TG-106118,19566.0,Pending,Condo,2024-01-25
POL-208703,TG-108379,20611.0, approved ,Townhouse,2023-02-14
POL-208704,TG-104558,12239.0,Approved,Apartment,2025-02-25
POL-208705,TG-108920,11389.0, approved , apartment ,2023-06-24
POL-208706,TG-104492,24988.0,Denied,Townhouse,2023-12-10
POL-208707,TG-108221,13495.0, approved ,Townhouse,2024-08-02
POL-208708,TG-106353,11577.0, approved , apartment ,2025-06-11
POL-208709,TG-103601,20152.0,Pending,Apartment,2024-11-06
POL-208710,TG-104952,15699.0, approved ,Townhouse,2025-06-02
POL-208711,TG-103115,6213.0,Approved, apartment ,2023-06-03
POL-208712,TG-109784,10703.0,Denied,Townhouse,2023-06-16
POL-208713,TG-106839,, approved ,Apartment,2025-06-08
POL-208714,TG-102950,10608.0, approved ,Condo,2023-05-29
POL-208715,TG-108050,16592.0,Pending,Apartment,2023-07-03
POL-208716,TG-101246,10288.0,Denied,Townhouse,2025-02-26
POL-208717,TG-104552,12804.0,Pending,Condo,2024-12-30
POL-208718,TG-100448,13231.0,Pending,Apartment,2023-02-22
POL-208719,TG-102066,20417.0,Pending,Townhouse,2024-03-05
POL-208720,TG-103167,16521.0,Approved,Townhouse,2023-11-12
POL-208721,TG-109855,5894.0,Approved,Condo,2023-11-13
POL-208722,TG-103758,13302.0,Approved, apartment ,2025-01-17
POL-208723,TG-101356,14332.0,Pending,Condo,2025-02-26
POL-208724,TG-101391,24151.0, approved ,Condo,2024-04-01
POL-208725,TG-105007,5602.0, approved , apartment ,2023-10-23
POL-208726,TG-102592,15528.0,Pending, apartment ,2024-10-03
POL-208727,TG-101634,21325.0,Denied,Condo,2023-07-05
POL-208728,TG-107044,18789.0, approved , apartment ,2023-05-01
POL-208729,TG-105771,16161.0,Approved, apartment ,2023-05-15
POL-208730,TG-103912,7509.0,Pending,Apartment,2023-07-27
POL-208731,TG-107872,19558.0,Denied, apartment ,2023-01-04
POL-208732,TG-109152,17815.0, approved ,Apartment,2024-09-29
POL-208733,TG-107470,9116.0,Approved,Townhouse,2025-02-22
POL-208734,TG-105510,22338.0, approved , apartment ,2023-09-17
POL-208735,TG-102070,8206.0,Pending, apartment ,2023-01-13
POL-208736,TG-106928,6745.0,Approved,Apartment,2024-04-14
POL-208737,TG-102621,21896.0,Denied, apartment ,2024-05-24
POL-208738,TG-100870,9314.0,Pending,Apartment,2025-05-25
POL-208739,TG-101007,8847.0, approved ,Townhouse,2024-05-25
POL-208740,TG-102229,22243.0, approved , apartment ,2024-07-10
POL-208741,TG-100030,7917.0,Denied, apartment ,2025-04-06
POL-208742,TG-107594,18185.0,Denied,Condo,2023-01-06
POL-208743,TG-104105,8347.0,Pending,Townhouse,2024-09-14
POL-208744,TG-110032,22101.0,Denied,Apartment,2024-05-20
POL-208745,TG-106777,,Pending, apartment ,2023-09-01
POL-208746,TG-106795,19878.0,Denied, apartment ,2023-08-11
POL-208747,TG-102811,11594.0,Denied, apartment ,2024-08-25
POL-208748,TG-105924,13007.0,Denied, apartment ,2024-11-06
POL-208749,TG-106688,17249.0,Denied,Townhouse,2024-05-02
POL-208750,TG-107852,21228.0, approved ,Townhouse,2024-04-09
POL-208751,TG-106635,15446.0,Pending,Condo,2024-02-24
POL-208752,TG-108779,5244.0, approved , apartment ,2024-03-28
POL-208753,TG-104762,16755.0, approved ,Townhouse,2023-03-23
POL-208754,TG-101642,23803.0,Pending,Condo,2024-09-07
POL-208755,TG-109658,17130.0,Pending,Condo,2024-09-06
POL-208756,TG-102530,10111.0,Denied,Townhouse,2023-01-07
POL-208757,TG-100096,17403.0, approved ,Townhouse,2023-09-08
POL-208758,TG-104982,14182.0,Denied,Townhouse,2024-07-14
POL-208759,TG-108209,11148.0,Approved,Townhouse,2023-10-12
POL-208760,TG-100975,18057.0,Approved, apartment ,2024-09-26
POL-208761,TG-102752,17197.0,Approved, apartment ,2024-10-05
POL-208762,TG-103406,8108.0,Approved,Condo,2024-07-24
POL-208763,TG-103773,20497.0,Pending,Townhouse,2025-04-19
POL-208764,TG-101621,5730.0,Denied, apartment ,2025-04-25
POL-208765,TG-104668,8578.0,Approved,Condo,2023-08-01
POL-208766,TG-107987,11242.0,Pending,Townhouse,2023-02-20
POL-208767,TG-104576,11295.0, approved , apartment ,2023-07-09
POL-208768,TG-106075,6047.0,Denied, apartment ,2023-06-01
POL-208769,TG-108087,11494.0,Pending, apartment ,2023-02-26
POL-208770,TG-109790,10379.0,Approved, apartment ,2024-10-30
POL-208771,TG-106843,15279.0,Denied,Townhouse,2023-12-24
POL-208772,TG-108969,6891.0,Approved,Condo,2023-02-07
POL-208773,TG-105421,22523.0,Denied,Condo,2023-05-29
POL-208774,TG-106083,8955.0,Approved,Condo,2025-05-24
POL-208775,TG-102674,9741.0, approved , apartment ,2023-02-03
POL-208776,TG-104357,6562.0, approved ,Condo,2024-11-14
POL-208777,TG-109672,9885.0,Denied,Townhouse,2024-08-14
POL-208778,TG-100333,5432.0, approved ,Townhouse,2025-05-08
POL-208779,TG-109082,16795.0,Approved, apartment ,2024-09-09
POL-208780,TG-106779,7434.0, approved , apartment ,2023-11-02
POL-208781,TG-109716,21511.0,Approved,Townhouse,2023-12-06
POL-208782,TG-107505,11088.0, approved ,Townhouse,2023-03-31
POL-208783,TG-109250,21361.0,Denied,Townhouse,2023-02-20
POL-208784,TG-107651,5968.0,Approved,Condo,2023-04-22
POL-208785,TG-101568,20128.0,Pending,Condo,2024-03-02
POL-208786,TG-106878,17058.0,Denied,Apartment,2023-07-02
POL-208787,TG-102942,13922.0,Approved,Apartment,2023-06-15
POL-208788,TG-107726,22793.0,Denied,Apartment,2024-11-19
POL-208789,TG-101645,13725.0,Pending, apartment ,2023-10-19
POL-208790,TG-106595,17865.0, approved ,Apartment,2024-09-17
POL-208791,TG-109208,5303.0,Pending,Condo,2024-11-07
POL-208792,TG-101665,7228.0, approved ,Condo,2024-12-09
POL-208793,TG-108024,11262.0, approved ,Apartment,2024-12-17
POL-208794,TG-103571,12093.0,Pending,Condo,2024-09-01
POL-208795,TG-102030,17263.0,Pending, apartment ,2024-08-09
POL-208796,TG-105476,5932.0,Pending,Apartment,2025-03-17
POL-208797,TG-105884,18613.0,Pending,Condo,2024-07-29
POL-208798,TG-100661,12694.0,Approved,Townhouse,2023-07-01
POL-208799,TG-102928,23148.0,Pending,Apartment,2024-04-11
POL-208800,TG-107588,17716.0,Denied,Condo,2025-02-06
POL-208801,TG-109344,21936.0, approved ,Townhouse,2024-08-15
POL-208802,TG-103055,9802.0, approved ,Apartment,2024-01-04
POL-208803,TG-104813,21830.0,Denied, apartment ,2023-02-06
POL-208804,TG-107558,20201.0,Pending,Apartment,2023-04-06
POL-208805,TG-104418,20188.0, approved ,Apartment,2025-02-25
POL-208806,TG-109974,21524.0,Approved,Townhouse,2023-11-03
POL-208807,TG-107540,24032.0,Approved,Apartment,2023-11-27
POL-208808,TG-105724,5828.0, approved ,Condo,2024-01-13
POL-208809,TG-101292,19071.0, approved ,Condo,2024-01-24
POL-208810,TG-108180,5898.0, approved ,Apartment,2025-04-19
POL-208811,TG-105606,12042.0,Denied,Condo,2023-03-11
POL-208812,TG-103315,20916.0,Approved,Apartment,2025-02-15
POL-208813,TG-101144,12661.0,Pending, apartment ,2024-03-13
POL-208814,TG-104434,24103.0,Denied,Condo,2025-05-13
POL-208815,TG-108619,14695.0,Approved, apartment ,2024-07-17
POL-208816,TG-103793,11955.0,Pending,Townhouse,2023-03-08
POL-208817,TG-104782,18670.0,Pending,Apartment,2023-10-27
POL-208818,TG-109378,23724.0, approved , apartment ,2024-04-27
POL-208819,TG-101588,7146.0, approved , apartment ,2023-05-18
POL-208820,TG-109097,11426.0,Denied,Townhouse,2023-05-05
POL-208821,TG-107014,22047.0,Approved,Townhouse,2024-12-12
POL-208822,TG-108960,7487.0,Pending, apartment ,2025-05-30
POL-208823,TG-104740,11051.0,Denied,Townhouse,2023-10-09
POL-208824,TG-106815,8042.0,Denied,Apartment,2023-12-04
POL-208825,TG-107532,19469.0,Denied,Townhouse,2024-06-23
POL-208826,TG-105470,17493.0,Denied,Townhouse,2024-02-28
POL-208827,TG-105787,8004.0,Pending, apartment ,2024-06-21
POL-208828,TG-100326,11889.0,Approved,Condo,2023-08-03
POL-208829,TG-108307,13235.0,Denied,Apartment,2024-12-13
POL-208830,TG-102795,22021.0, approved , apartment ,2023-08-03
POL-208831,TG-104426,24842.0,Pending,Townhouse,2024-09-18
POL-208832,TG-102258,20654.0,Pending,Apartment,2023-03-01
POL-208833,TG-108879,14634.0, approved , apartment ,2023-04-22
POL-208834,TG-107126,22601.0, approved , apartment ,2024-08-08
POL-208835,TG-107877,18650.0,Pending,Townhouse,2025-01-17
POL-208836,TG-109648,12401.0, approved ,Condo,2024-10-06
POL-208837,TG-100288,16408.0,Approved,Condo,2024-06-25
POL-208838,TG-105142,6160.0,Approved,Townhouse,2023-03-31
POL-208839,TG-102908,14762.0,Approved,Condo,2024-05-10
POL-208840,TG-108807,20112.0,Approved, apartment ,2025-01-11
POL-208841,TG-107133,7882.0,Approved, apartment ,2024-12-06
POL-208842,TG-106781,19036.0, approved ,Apartment,2024-09-11
POL-208843,TG-103909,10560.0, approved , apartment ,2025-03-18
POL-208844,TG-109616,5219.0,Denied, apartment ,2024-12-24
POL-208845,TG-102177,22376.0,Approved,Condo,2023-10-22
POL-208846,TG-103748,13106.0, approved ,Townhouse,2024-03-13
POL-208847,TG-106999,21612.0,Denied,Townhouse,2024-09-15
POL-208848,TG-103139,,Denied,Apartment,2025-05-18
POL-208849,TG-107668,21883.0, approved ,Apartment,2023-11-21
POL-208850,TG-104636,5738.0,Pending,Condo,2023-09-23
POL-208851,TG-109069,19400.0, approved ,Townhouse,2024-06-22
POL-208852,TG-107641,10824.0,Denied, apartment ,2024-08-11
POL-208853,TG-106875,5726.0, approved ,Apartment,2024-09-30
POL-208854,TG-106302,22572.0,Denied,Townhouse,2023-12-29
POL-208855,TG-100724,5259.0,Approved,Townhouse,2023-05-13
POL-208856,TG-108095,21649.0,Approved,Condo,2024-09-21
POL-208857,TG-101859,5794.0,Approved,Condo,2024-07-30
POL-208858,TG-103257,21494.0, approved , apartment ,2024-05-23
POL-208859,TG-106165,15497.0,Approved,Apartment,2024-06-16
POL-208860,TG-104869,23998.0,Approved,Condo,2025-01-16
POL-208861,TG-109800,15819.0,Denied,Townhouse,2024-10-09
POL-208862,TG-109025,5423.0,Pending, apartment ,2024-05-24
POL-208863,TG-102618,8936.0, approved ,Apartment,2024-05-19
POL-208864,TG-100687,24944.0,Approved, apartment ,2025-04-07
POL-208865,TG-101385,7695.0, approved , apartment ,2023-07-04
POL-208866,TG-100354,7318.0,Approved, apartment ,2024-09-16
POL-208867,TG-101765,8132.0, approved ,Condo,2023-08-27
POL-208868,TG-107060,10254.0,Approved,Apartment,2024-12-26
POL-208869,TG-107717,17668.0,Denied,Townhouse,2023-10-25
POL-208870,TG-104811,15717.0,Denied, apartment ,2023-07-18
POL-208871,TG-102410,24308.0,Pending, apartment ,2023-01-02
POL-208872,TG-102562,7711.0,Approved, apartment ,2023-05-02
POL-208873,TG-102799,21403.0,Denied,Condo,2023-01-25
POL-208874,TG-106427,23049.0,Approved,Condo,2024-04-21
POL-208875,TG-107484,6100.0,Denied,Condo,2024-10-02
POL-208876,TG-109526,7068.0,Denied,Apartment,2025-03-26
POL-208877,TG-104074,22410.0,Approved,Apartment,2023-05-01
POL-208878,TG-100072,5692.0,Denied, apartment ,2025-01-25
POL-208879,TG-103587,22020.0, approved , apartment ,2025-05-18
POL-208880,TG-106490,23996.0, approved , apartment ,2023-08-01
POL-208881,TG-104994,7485.0,Approved,Condo,2025-03-29
POL-208882,TG-104936,24527.0,Pending, apartment ,2024-09-22
POL-208883,TG-104850,18261.0, approved ,Townhouse,2024-02-29
POL-208884,TG-106318,12127.0,Approved, apartment ,2024-02-28
POL-208885,TG-109821,17252.0,Approved,Condo,2023-02-16
POL-208886,TG-106306,22177.0,Pending,Apartment,2023-12-08
POL-208887,TG-106624,5417.0,Pending,Townhouse,2023-12-25
POL-208888,TG-105518,10572.0, approved ,Condo,2024-07-27
POL-208889,TG-103037,6761.0, approved ,Apartment,2025-04-05
POL-208890,TG-109651,11860.0,Approved,Apartment,2024-10-14
POL-208891,TG-105990,13196.0, approved , apartment ,2023-08-06
POL-208892,TG-107070,8540.0, approved ,Townhouse,2023-01-12
POL-208893,TG-101785,17762.0, approved , apartment ,2024-10-17
POL-208894,TG-108518,,Denied, apartment ,2023-07-26
POL-208895,TG-102620,19703.0,Approved, apartment ,2024-12-07
POL-208896,TG-109912,12732.0,Pending,Condo,2023-10-16
POL-208897,TG-108547,8335.0, approved ,Condo,2023-09-18
POL-208898,TG-103848,10189.0,Approved,Condo,2025-03-20
POL-208899,TG-108793,16870.0,Pending, apartment ,2023-03-11
POL-208900,TG-108115,20172.0,Denied, apartment ,2023-11-12
POL-208901,TG-106665,17139.0,Approved, apartment ,2023-11-04
POL-208902,TG-102590,19465.0, approved ,Condo,2024-06-02
POL-208903,TG-100105,17544.0,Denied,Condo,2024-07-17
POL-208904,TG-107310,23972.0,Pending, apartment ,2023-11-28
POL-208905,TG-106928,13278.0,Approved,Apartment,2025-02-24
POL-208906,TG-102842,,Pending,Apartment,2023-01-07
POL-208907,TG-103253,9842.0,Pending,Apartment,2023-04-27
POL-208908,TG-106844,15129.0, approved ,Condo,2024-12-03
POL-208909,TG-104596,17152.0, approved ,Condo,2023-12-08
POL-208910,TG-101095,5995.0,Approved,Townhouse,2023-12-16
POL-208911,TG-101713,7055.0, approved ,Apartment,2024-02-10
POL-208912,TG-101883,23453.0,Denied, apartment ,2025-01-11
POL-208913,TG-106173,18084.0,Approved,Condo,2024-08-05
POL-208914,TG-102556,8721.0, approved , apartment ,2024-09-22
POL-208915,TG-106108,12151.0,Pending,Townhouse,2023-01-30
POL-208916,TG-108715,17686.0, approved , apartment ,2025-05-02
POL-208917,TG-100594,8963.0, approved ,Townhouse,2023-06-29
POL-208918,TG-100437,7680.0, approved ,Townhouse,2023-07-18
POL-208919,TG-101581,10657.0,Approved,Condo,2023-12-05
POL-208920,TG-100843,18451.0, approved ,Apartment,2025-05-03
POL-208921,TG-108791,17306.0,Pending, apartment ,2023-12-13
POL-208922,TG-108344,5048.0,Approved,Condo,2024-11-19
POL-208923,TG-106841,18550.0,Denied,Condo,2024-05-05
POL-208924,TG-108955,14959.0,Approved,Apartment,2024-04-30
POL-208925,TG-100695,21786.0,Denied,Apartment,2025-03-27
POL-208926,TG-105659,11135.0,Denied,Townhouse,2023-02-06
POL-208927,TG-100432,22114.0,Approved,Condo,2024-10-23
POL-208928,TG-102263,16542.0, approved ,Apartment,2023-05-20
POL-208929,TG-101366,9663.0,Pending,Apartment,2024-05-08
POL-208930,TG-101088,20038.0,Denied, apartment ,2023-06-09
POL-208931,TG-104301,17020.0,Denied,Townhouse,2024-10-04
POL-208932,TG-102144,19271.0,Approved, apartment ,2024-04-16
POL-208933,TG-105220,23321.0, approved ,Condo,2025-06-04
POL-208934,TG-102337,22250.0,Denied,Apartment,2024-07-03
POL-208935,TG-100918,21305.0,Pending,Condo,2023-12-10
POL-208936,TG-105978,14868.0,Denied, apartment ,2024-04-18
POL-208937,TG-102261,16073.0, approved ,Apartment,2025-03-13
POL-208938,TG-108997,19243.0,Pending,Condo,2025-04-13
POL-208939,TG-100077,7453.0,Approved,Townhouse,2024-02-28
POL-208940,TG-107637,8710.0, approved ,Townhouse,2025-01-30
POL-208941,TG-102092,15374.0,Approved,Apartment,2023-02-27
POL-208942,TG-106024,9847.0,Denied,Apartment,2025-05-05
POL-208943,TG-109304,20987.0,Denied,Condo,2024-06-17
POL-208944,TG-102689,7700.0,Denied,Apartment,2023-11-03
POL-208945,TG-100520,16140.0,Approved,Townhouse,2024-08-01
POL-208946,TG-109137,20442.0,Approved,Townhouse,2025-01-12
POL-208947,TG-106572,12942.0,Pending,Apartment,2024-11-25
POL-208948,TG-100546,23297.0,Pending,Apartment,2023-11-20
POL-208949,TG-103963,12012.0,Denied,Townhouse,2024-07-22
POL-208950,TG-108159,21776.0,Approved,Apartment,2024-07-02
POL-208951,TG-109789,8264.0,Denied,Condo,2023-01-20
POL-208952,TG-107260,14027.0, approved , apartment ,2023-08-02
POL-208953,TG-100978,5465.0,Approved,Townhouse,2024-08-14
POL-208954,TG-100964,18766.0,Denied,Townhouse,2024-12-02
POL-208955,TG-103152,6746.0,Approved,Apartment,2023-12-06
POL-208956,TG-105473,19515.0,Pending, apartment ,2025-03-29
POL-208957,TG-109173,10078.0, approved , apartment ,2025-03-25
POL-208958,TG-107793,7075.0,Denied,Apartment,2023-12-29
POL-208959,TG-108497,7012.0,Pending,Apartment,2023-03-09
POL-208960,TG-108995,23949.0,Denied, apartment ,2023-06-02
POL-208961,TG-108614,23799.0,Denied,Townhouse,2023-10-15
POL-208962,TG-108656,23989.0, approved , apartment ,2025-05-10
POL-208963,TG-105274,16267.0, approved ,Townhouse,2023-02-01
POL-208964,TG-103125,23774.0, approved ,Apartment,2023-12-14
POL-208965,TG-102049,8485.0, approved , apartment ,2024-01-20
POL-208966,TG-107237,16065.0,Denied,Condo,2024-10-03
POL-208967,TG-102307,7621.0, approved ,Apartment,2024-07-01
POL-208968,TG-105726,13757.0,Denied,Condo,2025-05-12
POL-208969,TG-106319,8863.0,Approved,Condo,2023-06-19
POL-208970,TG-105560,24530.0,Approved,Apartment,2024-08-07
POL-208971,TG-105440,6437.0, approved ,Condo,2024-09-12
POL-208972,TG-103563,10754.0, approved ,Townhouse,2024-02-03
POL-208973,TG-105237,8801.0,Approved,Apartment,2023-07-11
POL-208974,TG-101861,16599.0,Pending,Apartment,2024-09-01
POL-208975,TG-102721,7488.0,Approved, apartment ,2023-04-30
POL-208976,TG-107076,23612.0, approved , apartment ,2025-06-04
POL-208977,TG-101487,17925.0,Pending, apartment ,2025-03-12
POL-208978,TG-102742,11355.0,Pending,Condo,2025-02-08
POL-208979,TG-106495,19054.0,Approved,Apartment,2023-11-12
POL-208980,TG-104419,9205.0,Denied, apartment ,2024-12-23
POL-208981,TG-104010,22792.0,Pending,Condo,2025-05-28
POL-208982,TG-100843,23698.0, approved ,Townhouse,2023-11-19
POL-208983,TG-105513,19995.0, approved , apartment ,2024-12-27
POL-208984,TG-109665,24275.0, approved , apartment ,2023-02-02
POL-208985,TG-100343,24131.0,Denied, apartment ,2023-10-06
POL-208986,TG-103343,12039.0, approved , apartment ,2024-02-28
POL-208987,TG-105922,14038.0,Denied,Townhouse,2023-03-30
POL-208988,TG-101063,9279.0,Pending,Apartment,2024-05-23
POL-208989,TG-103536,5970.0,Denied, apartment ,2025-06-17
POL-208990,TG-102286,8714.0,Approved,Apartment,2023-09-01
POL-208991,TG-104956,14601.0,Denied,Townhouse,2024-01-16
POL-208992,TG-105665,7911.0,Approved,Condo,2024-04-07
POL-208993,TG-102685,24542.0,Pending,Apartment,2025-04-29
POL-208994,TG-103753,15228.0,Denied,Apartment,2023-11-06
POL-208995,TG-100990,6036.0,Pending,Apartment,2023-08-10
POL-208996,TG-108437,18312.0,Approved,Apartment,2024-06-21
POL-208997,TG-104603,9484.0,Pending, apartment ,2023-11-06
POL-208998,TG-106608,19442.0, approved ,Condo,2023-06-29
POL-208999,TG-100958,11284.0, approved , apartment ,2023-04-25
POL-209000,TG-104234,13164.0,Approved,Townhouse,2024-01-19
POL-209001,TG-100534,16015.0, approved ,Condo,2025-03-14
POL-209002,TG-103772,18616.0,Approved, apartment ,2023-02-08
POL-209003,TG-101013,9783.0, approved ,Townhouse,2025-03-07
POL-209004,TG-100435,15023.0,Denied,Townhouse,2023-07-26
POL-209005,TG-103388,23091.0,Pending,Townhouse,2023-04-05
POL-209006,TG-109476,6076.0,Approved,Townhouse,2024-03-30
POL-209007,TG-101040,24539.0,Denied,Condo,2024-06-02
POL-209008,TG-108790,23500.0, approved , apartment ,2023-01-26
POL-209009,TG-106237,24398.0,Denied,Condo,2025-03-29
POL-209010,TG-100655,24229.0,Pending,Townhouse,2024-05-09
POL-209011,TG-109579,5134.0,Denied, apartment ,2024-05-27
POL-209012,TG-109267,19410.0,Pending,Condo,2023-06-07
POL-209013,TG-109647,23170.0,Approved,Condo,2023-07-14
POL-209014,TG-104018,13394.0,Approved, apartment ,2023-12-15
POL-209015,TG-103500,10843.0,Pending,Townhouse,2024-05-10
POL-209016,TG-101006,9384.0, approved ,Apartment,2025-01-20
POL-209017,TG-108935,20182.0,Denied,Townhouse,2025-06-13
POL-209018,TG-107644,5835.0,Approved, apartment ,2024-06-20
POL-209019,TG-107607,, approved ,Condo,2023-11-14
POL-209020,TG-107682,16778.0,Pending,Apartment,2025-03-05
POL-209021,TG-108873,23454.0,Approved,Apartment,2023-12-02
POL-209022,TG-100212,20762.0,Pending,Condo,2023-05-27
POL-209023,TG-102014,21665.0, approved ,Condo,2025-02-26
POL-209024,TG-104458,13529.0, approved ,Townhouse,2025-06-11
POL-209025,TG-102004,23559.0,Approved,Townhouse,2023-04-11
POL-209026,TG-106299,5939.0,Denied,Apartment,2025-04-21
POL-209027,TG-105691,5815.0, approved , apartment ,2024-06-12
POL-209028,TG-109430,10479.0, approved ,Townhouse,2024-11-23
POL-209029,TG-103038,12587.0, approved ,Apartment,2023-05-16
POL-209030,TG-100558,7824.0,Pending,Apartment,2023-07-30
POL-209031,TG-109596,7442.0, approved ,Townhouse,2025-01-11
POL-209032,TG-104416,10288.0, approved ,Condo,2023-02-07
POL-209033,TG-109660,21471.0,Approved, apartment ,2024-04-15
POL-209034,TG-106092,14247.0,Pending, apartment ,2024-02-01
POL-209035,TG-106698,23279.0,Approved,Condo,2024-12-31
POL-209036,TG-103238,9780.0, approved ,Condo,2025-06-04
POL-209037,TG-101236,17192.0,Pending,Apartment,2024-06-18
POL-209038,TG-100073,15433.0,Denied,Townhouse,2023-04-29
POL-209039,TG-100904,11861.0,Denied,Apartment,2023-01-05
POL-209040,TG-109602,7880.0,Approved,Townhouse,2023-11-15
POL-209041,TG-101692,13479.0,Approved,Condo,2023-02-15
POL-209042,TG-103925,20940.0, approved ,Apartment,2024-12-04
POL-209043,TG-103301,8836.0,Approved, apartment ,2025-05-18
POL-209044,TG-108233,7483.0,Pending,Apartment,2024-08-31
POL-209045,TG-105930,18378.0, approved ,Condo,2025-06-11
POL-209046,TG-106135,9600.0, approved ,Apartment,2023-03-31
POL-209047,TG-102804,9064.0, approved ,Apartment,2023-12-08
POL-209048,TG-101175,15587.0,Denied,Townhouse,2024-04-23
POL-209049,TG-103074,8412.0,Pending,Apartment,2023-02-17
POL-209050,TG-107431,11757.0,Approved, apartment ,2023-04-16
POL-209051,TG-109260,16767.0,Approved,Townhouse,2024-06-17
POL-209052,TG-100665,5593.0,Pending,Townhouse,2025-02-23
POL-209053,TG-101758,7219.0,Approved, apartment ,2024-11-05
POL-209054,TG-103360,18321.0,Approved,Condo,2025-02-02
POL-209055,TG-102426,7806.0,Denied,Townhouse,2023-11-16
POL-209056,TG-109551,6568.0,Denied,Townhouse,2023-01-24
POL-209057,TG-106832,5782.0,Approved,Apartment,2024-08-14
POL-209058,TG-105710,15236.0, approved ,Apartment,2025-02-15
POL-209059,TG-102328,6201.0,Denied,Condo,2023-11-16
POL-209060,TG-100973,6656.0,Pending,Townhouse,2024-10-16
POL-209061,TG-100712,24041.0, approved , apartment ,2023-08-03
POL-209062,TG-103030,21669.0,Approved,Condo,2023-11-25
POL-209063,TG-102203,14994.0,Pending,Condo,2023-07-25
POL-209064,TG-102828,17360.0,Pending, apartment ,2023-07-17
POL-209065,TG-110047,16307.0, approved ,Condo,2023-10-21
POL-209066,TG-107021,17461.0,Approved,Townhouse,2023-10-11
POL-209067,TG-108817,19032.0, approved ,Apartment,2024-06-29
POL-209068,TG-102180,23878.0,Pending,Apartment,2023-11-23
POL-209069,TG-105190,15265.0,Approved,Townhouse,2025-03-02
POL-209070,TG-100885,6306.0,Pending, apartment ,2024-03-27
POL-209071,TG-109651,23726.0,Approved,Townhouse,2024-11-18
POL-209072,TG-105659,21772.0,Denied, apartment ,2023-05-01
POL-209073,TG-105655,22892.0, approved , apartment ,2023-10-07
POL-209074,TG-108188,12382.0, approved ,Apartment,2023-06-02
POL-209075,TG-109676,10883.0, approved ,Condo,2023-06-11
POL-209076,TG-109392,23141.0,Pending, apartment ,2023-10-08
POL-209077,TG-100481,21896.0, approved , apartment ,2023-04-28
POL-209078,TG-104062,22459.0,Approved,Condo,2023-01-16
POL-209079,TG-107582,9871.0, approved , apartment ,2024-09-29
POL-209080,TG-105997,14125.0,Approved, apartment ,2024-07-27
POL-209081,TG-104609,5314.0,Denied,Apartment,2024-06-10
POL-209082,TG-109785,5489.0,Pending,Apartment,2023-04-15
POL-209083,TG-104052,20740.0,Denied,Townhouse,2023-07-31
POL-209084,TG-104350,11407.0,Pending, apartment ,2024-07-09
POL-209085,TG-100550,21417.0,Pending,Townhouse,2023-12-25
POL-209086,TG-103602,24241.0,Denied,Apartment,2024-07-16
POL-209087,TG-104424,24573.0,Denied, apartment ,2023-11-23
POL-209088,TG-101139,18023.0,Pending,Condo,2023-10-05
POL-209089,TG-106275,17228.0,Pending,Apartment,2023-05-25
POL-209090,TG-102323,19938.0,Pending,Apartment,2024-12-22
POL-209091,TG-101154,24980.0,Denied, apartment ,2025-04-03
POL-209092,TG-103656,9457.0, approved , apartment ,2023-10-18
POL-209093,TG-104698,12862.0,Denied,Condo,2024-08-10
POL-209094,TG-102109,14867.0,Approved, apartment ,2023-09-08
POL-209095,TG-104804,11089.0,Denied, apartment ,2023-06-25
POL-209096,TG-102194,20104.0, approved ,Townhouse,2023-03-14
POL-209097,TG-100783,8668.0,Approved,Apartment,2023-11-15
POL-209098,TG-101172,11266.0, approved ,Townhouse,2024-09-19
POL-209099,TG-108993,21262.0,Approved,Condo,2023-12-13
POL-209100,TG-101220,10373.0,Denied, apartment ,2024-07-07
POL-209101,TG-100463,19272.0, approved ,Townhouse,2024-03-30
POL-209102,TG-100577,11924.0, approved ,Townhouse,2023-02-21
POL-209103,TG-108671,19648.0,Pending, apartment ,2023-05-14
POL-209104,TG-103661,14435.0, approved ,Condo,2023-01-30
POL-209105,TG-100443,7281.0, approved , apartment ,2024-04-27
POL-209106,TG-107363,6810.0,Denied,Condo,2024-11-22
POL-209107,TG-102477,22951.0,Denied,Apartment,2023-02-21
POL-209108,TG-107350,22033.0,Approved,Apartment,2023-04-19
POL-209109,TG-108184,20731.0,Approved,Townhouse,2024-01-28
POL-209110,TG-102045,18474.0,Denied,Condo,2023-02-25
POL-209111,TG-107253,18035.0, approved ,Apartment,2023-03-30
POL-209112,TG-106065,15041.0,Pending,Condo,2024-03-12
POL-209113,TG-100074,24887.0,Pending,Apartment,2024-02-06
POL-209114,TG-108970,5431.0,Denied, apartment ,2023-07-03
POL-209115,TG-103193,13726.0, approved ,Condo,2024-12-22
POL-209116,TG-104102,23073.0,Pending, apartment ,2024-09-02
POL-209117,TG-105454,19646.0,Pending,Apartment,2024-08-29
POL-209118,TG-109939,14204.0,Approved,Condo,2024-10-06
POL-209119,TG-102959,5761.0,Denied,Townhouse,2025-05-06
POL-209120,TG-108988,7993.0, approved ,Townhouse,2024-12-07
POL-209121,TG-102308,13373.0,Pending,Apartment,2024-12-17
POL-209122,TG-106463,9422.0,Denied, apartment ,2024-04-01
POL-209123,TG-103470,5758.0,Approved,Townhouse,2024-09-23
POL-209124,TG-106533,23069.0,Denied,Townhouse,2023-12-31
POL-209125,TG-106960,15316.0,Pending, apartment ,2023-11-16
POL-209126,TG-103286,21741.0, approved ,Apartment,2023-12-07
POL-209127,TG-104530,21559.0,Approved,Townhouse,2025-04-17
POL-209128,TG-107977,6210.0,Denied,Condo,2023-07-22
POL-209129,TG-106142,22350.0,Approved,Townhouse,2024-12-31
POL-209130,TG-109719,12099.0, approved , apartment ,2025-02-15
POL-209131,,24930.0,Approved, apartment ,2024-11-17
POL-209132,TG-103420,7832.0, approved ,Apartment,2025-04-08
POL-209133,TG-100832,22773.0,Denied, apartment ,2024-06-30
POL-209134,TG-103844,18094.0,Denied,Apartment,2023-03-22
POL-209135,TG-108648,8394.0,Approved,Condo,2025-02-12
POL-209136,TG-109184,17151.0,Pending,Apartment,2025-02-21
POL-209137,TG-102053,12847.0,Pending,Condo,2024-04-21
POL-209138,TG-101624,13120.0,Approved, apartment ,2024-08-04
POL-209139,TG-109275,6679.0,Approved,Townhouse,2023-05-15
POL-209140,TG-108713,13316.0, approved , apartment ,2023-04-06
POL-209141,TG-106236,17346.0, approved ,Townhouse,2025-04-12
POL-209142,TG-100325,21596.0,Approved,Condo,2025-04-01
POL-209143,TG-106404,6412.0,Denied,Townhouse,2024-12-16
POL-209144,TG-103590,14981.0, approved ,Townhouse,2024-04-24
POL-209145,TG-104796,13173.0, approved ,Apartment,2023-04-10
POL-209146,TG-102318,19474.0,Pending, apartment ,2024-04-11
POL-209147,TG-104581,7147.0,Denied,Townhouse,2023-11-14
POL-209148,TG-102233,18522.0,Denied,Townhouse,2024-12-01
POL-209149,TG-107984,18734.0,Approved,Townhouse,2024-10-21
POL-209150,TG-101526,14579.0,Pending, apartment ,2024-12-28
POL-209151,TG-100458,14388.0,Approved,Apartment,2025-02-23
POL-209152,TG-108490,9945.0,Pending, apartment ,2024-04-21
POL-209153,TG-103892,19115.0, approved , apartment ,2024-04-26
POL-209154,TG-109450,21297.0,Denied,Apartment,2023-08-26
POL-209155,TG-105303,13023.0,Denied,Townhouse,2023-08-18
POL-209156,TG-100589,7687.0,Approved, apartment ,2023-05-28
POL-209157,TG-103706,8848.0,Pending, apartment ,2025-05-31
POL-209158,TG-101100,11772.0,Approved, apartment ,2024-09-23
POL-209159,TG-102788,18134.0,Denied,Apartment,2023-09-22
POL-209160,TG-101830,12637.0,Approved,Apartment,2024-01-08
POL-209161,TG-104143,10857.0,Denied,Condo,2024-02-06
POL-209162,TG-107301,22210.0,Denied,Townhouse,2023-07-07
POL-209163,TG-100405,15505.0, approved ,Apartment,2024-12-17
POL-209164,TG-106230,11017.0, approved ,Townhouse,2024-11-12
POL-209165,TG-101635,17585.0,Pending,Condo,2023-12-05
POL-209166,TG-100744,22254.0,Approved,Condo,2025-03-18
POL-209167,TG-104344,22513.0, approved ,Apartment,2025-05-31
POL-209168,TG-100044,12558.0, approved , apartment ,2023-11-29
POL-209169,TG-103554,15376.0, approved ,Condo,2024-04-09
POL-209170,TG-103705,17457.0,Approved,Condo,2024-05-14
POL-209171,TG-108835,9377.0,Denied,Condo,2023-01-31
POL-209172,TG-109710,11779.0,Denied,Condo,2023-03-08
POL-209173,TG-107619,20446.0,Approved,Condo,2024-05-01
POL-209174,TG-106112,5258.0,Pending,Apartment,2023-04-26
POL-209175,TG-104586,22901.0,Pending, apartment ,2023-12-26
POL-209176,TG-109422,16146.0,Denied,Condo,2024-05-05
POL-209177,TG-107769,14015.0,Pending, apartment ,2024-04-17
POL-209178,TG-108614,18909.0,Denied,Condo,2025-05-16
POL-209179,TG-110000,22597.0, approved ,Apartment,2023-06-24
POL-209180,TG-104701,21551.0,Denied, apartment ,2023-10-17
POL-209181,TG-104732,13653.0,Pending,Apartment,2025-02-25
POL-209182,TG-109995,21876.0, approved ,Townhouse,2023-12-23
POL-209183,TG-109477,7959.0,Denied,Townhouse,2024-09-10
POL-209184,TG-102460,23427.0,Pending, apartment ,2024-08-11
POL-209185,TG-105005,6377.0,Pending,Apartment,2023-05-11
POL-209186,TG-103840,7100.0,Pending, apartment ,2024-06-04
POL-209187,TG-106566,18895.0,Approved,Townhouse,2023-04-16
POL-209188,TG-107941,6857.0,Pending,Apartment,2024-02-20
POL-209189,TG-107278,11794.0,Approved, apartment ,2025-04-17
POL-209190,TG-102475,5104.0,Approved, apartment ,2025-01-01
POL-209191,TG-104446,16771.0, approved ,Condo,2025-03-26
POL-209192,TG-104051,15088.0,Approved,Apartment,2023-04-20
POL-209193,TG-103839,21368.0,Approved, apartment ,2023-11-30
POL-209194,TG-104496,8439.0,Pending,Apartment,2024-07-23
POL-209195,TG-109504,23006.0,Approved,Townhouse,2024-10-27
POL-209196,TG-108873,22984.0,Approved, apartment ,2023-03-14
POL-209197,TG-103990,19921.0,Denied, apartment ,2025-03-22
POL-209198,TG-104677,16218.0, approved ,Townhouse,2023-11-06
POL-209199,TG-101329,9892.0,Denied, apartment ,2024-06-29
POL-209200,TG-105861,19158.0,Approved,Condo,2024-04-17
POL-209201,TG-107171,11651.0,Approved, apartment ,2024-02-15
POL-209202,TG-100888,8670.0,Pending,Townhouse,2024-08-27
POL-209203,TG-104069,23951.0,Pending,Apartment,2024-02-28
POL-209204,TG-102638,21343.0, approved ,Condo,2023-09-02
POL-209205,TG-100701,12013.0,Denied, apartment ,2024-09-27
POL-209206,TG-106970,12293.0,Pending, apartment ,2023-09-07
POL-209207,TG-105268,13971.0,Denied, apartment ,2024-07-15
POL-209208,TG-105879,18952.0, approved ,Condo,2023-06-12
POL-209209,TG-106415,24971.0,Pending, apartment ,2024-05-08
POL-209210,TG-107493,18533.0,Pending,Apartment,2024-01-29
POL-209211,TG-102956,15465.0,Approved,Condo,2023-03-09
POL-209212,TG-106791,24643.0,Denied, apartment ,2023-12-15
POL-209213,TG-105600,9192.0,Pending,Condo,2023-08-02
POL-209214,TG-104994,21043.0,Pending,Apartment,2025-04-13
POL-209215,TG-102070,,Denied,Apartment,2024-12-11
POL-209216,TG-105372,,Pending, apartment ,2024-08-28
POL-209217,TG-103987,5372.0,Denied,Condo,2024-03-17
POL-209218,TG-104893,10237.0,Approved,Apartment,2025-03-14
POL-209219,TG-103821,15270.0,Denied, apartment ,2024-03-21
POL-209220,TG-100714,16211.0,Denied,Townhouse,2024-08-03
POL-209221,TG-109107,11369.0,Approved,Townhouse,2025-03-17
POL-209222,TG-105377,16371.0, approved , apartment ,2023-12-17
POL-209223,TG-107265,14423.0,Denied,Townhouse,2024-07-11
POL-209224,TG-106800,14567.0,Denied,Condo,2024-12-11
POL-209225,TG-107950,16619.0,Pending, apartment ,2023-08-30
POL-209226,TG-103520,21977.0, approved ,Apartment,2023-06-27
POL-209227,TG-109198,10027.0, approved ,Condo,2024-11-09
POL-209228,TG-103268,7252.0, approved ,Apartment,2024-11-16
POL-209229,TG-100865,16170.0,Denied,Apartment,2023-03-21
POL-209230,TG-103268,13346.0,Pending,Condo,2025-01-27
POL-209231,TG-108300,13069.0,Pending,Townhouse,2024-12-29
POL-209232,TG-102503,8833.0, approved ,Condo,2024-08-10
POL-209233,TG-109514,11719.0,Approved,Condo,2025-05-06
POL-209234,TG-107051,14724.0, approved , apartment ,2024-05-13
POL-209235,TG-102019,12339.0,Pending,Condo,2023-04-28
POL-209236,TG-103563,17358.0,Denied,Townhouse,2024-08-29
POL-209237,TG-104818,10199.0, approved ,Condo,2024-09-02
POL-209238,TG-109493,22450.0,Approved,Townhouse,2024-04-19
POL-209239,TG-104827,24000.0,Approved,Townhouse,2023-11-30
POL-209240,TG-101373,10720.0,Denied,Condo,2024-07-22
POL-209241,TG-100965,20961.0,Approved,Townhouse,2023-04-10
POL-209242,TG-102280,19199.0,Approved,Townhouse,2025-04-21
POL-209243,TG-106547,, approved ,Townhouse,2024-03-31
POL-209244,TG-102715,,Denied,Apartment,2023-06-30
POL-209245,TG-105445,24442.0,Denied, apartment ,2023-11-12
POL-209246,TG-102556,16483.0,Pending,Townhouse,2024-02-20
POL-209247,TG-100971,19530.0,Denied,Condo,2023-03-13
POL-209248,TG-107120,22277.0,Pending,Apartment,2024-09-04
POL-209249,TG-105895,13760.0,Denied,Townhouse,2023-04-22
POL-209250,TG-109274,23787.0,Denied, apartment ,2024-12-02
POL-209251,TG-106772,6374.0,Approved, apartment ,2025-04-13
POL-209252,TG-100810,22415.0, approved ,Condo,2024-09-02
POL-209253,TG-104027,5815.0,Denied,Townhouse,2025-02-28
POL-209254,TG-104179,5703.0,Approved,Condo,2025-04-19
POL-209255,TG-107745,24526.0,Denied, apartment ,2024-01-24
POL-209256,TG-102885,,Denied,Townhouse,2023-12-02
POL-209257,TG-108424,16698.0,Denied,Townhouse,2024-05-21
POL-209258,TG-105139,5490.0,Approved,Condo,2024-10-22
POL-209259,TG-108648,20443.0,Pending,Apartment,2024-11-07
POL-209260,TG-109666,15942.0,Approved,Condo,2023-03-04
POL-209261,TG-108037,23442.0,Pending, apartment ,2023-04-03
POL-209262,TG-109745,8129.0,Approved,Apartment,2023-08-11
POL-209263,TG-107051,6400.0, approved , apartment ,2025-04-16
POL-209264,TG-103703,13907.0,Denied,Townhouse,2023-05-23
POL-209265,TG-103922,17393.0,Approved,Townhouse,2024-08-17
POL-209266,TG-100352,6641.0,Pending,Townhouse,2025-02-12
POL-209267,TG-102336,10639.0,Denied,Townhouse,2024-10-13
POL-209268,TG-103717,18013.0,Pending, apartment ,2025-04-09
POL-209269,TG-102232,5211.0,Pending, apartment ,2023-01-01
POL-209270,TG-106783,20152.0,Denied,Apartment,2025-02-14
POL-209271,TG-104744,10421.0,Approved,Apartment,2023-05-31
POL-209272,TG-101417,19557.0,Denied,Townhouse,2024-11-07
POL-209273,TG-105547,, approved ,Townhouse,2023-06-02
POL-209274,TG-107322,17929.0,Pending, apartment ,2024-04-08
POL-209275,TG-108784,19745.0,Pending,Condo,2024-06-28
POL-209276,TG-100179,23390.0,Approved,Condo,2023-10-26
POL-209277,TG-107349,6060.0,Pending, apartment ,2024-02-04
POL-209278,TG-100140,18531.0, approved ,Apartment,2024-09-22
POL-209279,TG-107326,9729.0,Approved, apartment ,2024-08-14
POL-209280,TG-100976,23630.0,Pending,Apartment,2024-04-02
POL-209281,TG-108946,6850.0,Pending, apartment ,2023-07-20
POL-209282,TG-102250,19096.0,Denied,Condo,2023-07-30
POL-209283,TG-105018,9222.0, approved ,Condo,2024-11-28
POL-209284,TG-102572,19145.0,Approved,Condo,2025-06-17
POL-209285,TG-109721,15251.0, approved ,Townhouse,2023-11-21
POL-209286,TG-106570,17959.0,Pending,Townhouse,2023-11-03
POL-209287,TG-108435,9157.0,Denied,Condo,2024-08-06
POL-209288,TG-109063,13207.0,Pending, apartment ,2025-03-24
POL-209289,TG-107030,23163.0, approved ,Townhouse,2024-11-26
POL-209290,TG-102773,13068.0,Approved,Townhouse,2023-11-08
POL-209291,TG-102008,20127.0,Approved, apartment ,2024-03-21
POL-209292,TG-104114,11388.0,Denied, apartment ,2025-01-05
POL-209293,TG-107378,14136.0,Approved,Condo,2023-12-19
POL-209294,TG-109154,7751.0, approved , apartment ,2023-04-02
POL-209295,TG-100658,18869.0,Approved,Townhouse,2024-08-19
POL-209296,TG-105132,17585.0,Pending,Condo,2023-01-09
POL-209297,TG-106752,10110.0,Pending,Townhouse,2024-09-18
POL-209298,TG-104439,17375.0, approved ,Condo,2024-06-06
POL-209299,TG-105680,13269.0,Denied, apartment ,2024-02-18
POL-209300,TG-108129,21619.0, approved ,Apartment,2025-05-17
POL-209301,TG-109298,21985.0,Approved,Apartment,2023-05-11
POL-209302,TG-104646,16289.0, approved ,Townhouse,2025-05-22
POL-209303,TG-102737,23521.0,Approved,Apartment,2023-10-29
POL-209304,TG-107873,8423.0, approved ,Condo,2023-03-05
POL-209305,TG-104784,20567.0,Denied,Apartment,2024-01-14
POL-209306,,6703.0, approved , apartment ,2024-07-16
POL-209307,TG-104489,6107.0,Pending,Condo,2023-02-24
POL-209308,,21048.0,Approved,Condo,2023-01-01
POL-209309,TG-107518,6391.0,Approved,Apartment,2024-12-21
POL-209310,TG-108061,13765.0, approved ,Condo,2024-07-27
POL-209311,TG-106924,5348.0, approved , apartment ,2025-04-20
POL-209312,TG-106366,,Pending,Condo,2024-01-03
POL-209313,TG-106684,6050.0,Pending,Apartment,2023-04-23
POL-209314,TG-105159,24028.0,Denied, apartment ,2025-05-31
POL-209315,TG-103464,9582.0, approved ,Condo,2023-10-16
POL-209316,TG-100222,22892.0,Pending,Townhouse,2025-06-05
POL-209317,TG-103484,8359.0,Approved,Townhouse,2023-02-01
POL-209318,TG-108528,17668.0,Denied, apartment ,2023-08-29
POL-209319,TG-104048,23711.0,Pending,Condo,2024-03-18
POL-209320,TG-105490,20892.0,Denied,Townhouse,2024-12-20
POL-209321,TG-101218,19878.0, approved ,Apartment,2024-08-27
POL-209322,TG-103833,10638.0,Pending, apartment ,2024-02-08
POL-209323,TG-107780,14824.0, approved ,Apartment,2024-10-02
POL-209324,TG-104564,18712.0,Approved,Condo,2023-11-22
POL-209325,TG-105433,5442.0,Approved,Condo,2024-12-29
POL-209326,TG-101879,16316.0, approved , apartment ,2024-01-27
POL-209327,TG-105690,13056.0, approved ,Townhouse,2024-02-20
POL-209328,TG-104751,18120.0,Denied, apartment ,2024-01-26
POL-209329,TG-109085,21979.0,Denied,Townhouse,2024-03-21
POL-209330,TG-105737,5724.0,Denied, apartment ,2024-07-12
POL-209331,TG-104667,9334.0,Denied,Condo,2023-08-05
POL-209332,TG-108383,7668.0, approved ,Townhouse,2024-11-09
POL-209333,TG-106432,12549.0,Pending,Apartment,2023-06-27
POL-209334,TG-108050,24749.0,Denied,Townhouse,2024-05-01
POL-209335,TG-107829,11519.0,Pending,Apartment,2023-05-23
POL-209336,TG-104960,20615.0, approved ,Apartment,2023-07-12
POL-209337,TG-100772,23136.0,Denied,Apartment,2024-07-22
POL-209338,TG-108844,18727.0,Pending,Condo,2024-01-29
POL-209339,TG-109949,12756.0,Pending,Townhouse,2025-05-13
POL-209340,TG-108845,20183.0,Denied, apartment ,2024-01-04
POL-209341,TG-102206,17014.0, approved ,Condo,2025-05-10
POL-209342,TG-106915,13952.0,Denied,Condo,2024-03-03
POL-209343,TG-101583,19478.0,Pending,Condo,2023-06-07
POL-209344,TG-108254,17256.0,Pending,Apartment,2023-10-23
POL-209345,TG-104557,, approved ,Apartment,2025-06-12
POL-209346,TG-103106,24095.0,Approved,Apartment,2024-11-17
POL-209347,TG-106497,9700.0,Pending, apartment ,2023-05-09
POL-209348,TG-109357,7847.0,Denied,Apartment,2023-05-18
POL-209349,TG-102636,22003.0,Approved,Townhouse,2023-01-12
POL-209350,TG-101460,13463.0, approved ,Apartment,2023-03-15
POL-209351,TG-101138,14770.0,Pending, apartment ,2024-10-25
POL-209352,TG-106682,19694.0,Approved, apartment ,2023-01-17
POL-209353,TG-107265,10885.0,Denied, apartment ,2023-05-28
POL-209354,TG-109725,12700.0,Denied,Townhouse,2025-01-08
POL-209355,TG-104564,22824.0,Pending,Condo,2024-05-13
POL-209356,TG-109991,19778.0,Denied, apartment ,2024-11-04
POL-209357,TG-105904,21026.0,Approved, apartment ,2024-03-23
POL-209358,TG-103001,23036.0, approved ,Condo,2023-05-20
POL-209359,TG-100061,21416.0,Approved, apartment ,2023-03-28
POL-209360,TG-107928,23679.0,Pending, apartment ,2023-05-21
POL-209361,TG-107213,14905.0,Pending,Condo,2024-10-19
POL-209362,TG-102173,5415.0,Denied, apartment ,2025-04-05
POL-209363,TG-100997,14371.0,Approved, apartment ,2024-03-01
POL-209364,TG-102754,9336.0,Approved,Townhouse,2025-05-30
POL-209365,TG-100824,13933.0, approved ,Apartment,2024-04-11
POL-209366,TG-100355,8353.0, approved ,Condo,2025-03-18
POL-209367,TG-107523,19511.0,Pending,Townhouse,2024-12-13
POL-209368,TG-109137,11318.0,Denied, apartment ,2024-09-10
POL-209369,TG-101090,15814.0,Pending,Townhouse,2024-03-11
POL-209370,TG-108630,23734.0,Approved,Apartment,2024-09-30
POL-209371,TG-102901,12749.0,Denied, apartment ,2023-07-04
POL-209372,TG-109286,24041.0,Approved, apartment ,2024-04-10
POL-209373,TG-107519,5402.0,Denied,Apartment,2024-06-05
POL-209374,TG-104405,24280.0,Approved,Townhouse,2024-03-10
POL-209375,TG-106305,15359.0,Pending,Condo,2024-07-19
POL-209376,TG-105350,22894.0,Denied,Condo,2025-04-19
POL-209377,TG-109971,21301.0,Pending, apartment ,2024-04-05
POL-209378,TG-108602,17234.0, approved ,Townhouse,2024-01-29
POL-209379,TG-105206,13911.0,Denied, apartment ,2023-12-30
POL-209380,TG-106543,7101.0, approved ,Condo,2023-08-20
POL-209381,TG-107548,17125.0, approved ,Townhouse,2023-07-10
POL-209382,TG-100510,18687.0,Pending, apartment ,2024-03-10
POL-209383,TG-101531,23487.0, approved , apartment ,2024-09-11
POL-209384,TG-108728,22835.0, approved ,Apartment,2023-01-08
POL-209385,TG-108899,7027.0,Pending,Apartment,2024-08-14
POL-209386,TG-107370,16596.0,Denied,Condo,2024-05-25
POL-209387,TG-107751,14238.0,Pending, apartment ,2025-05-17
POL-209388,TG-106586,9393.0, approved ,Townhouse,2025-01-18
POL-209389,TG-108032,13097.0,Denied,Townhouse,2023-08-31
POL-209390,TG-106972,12906.0,Approved,Condo,2024-12-30
POL-209391,TG-109611,6013.0, approved ,Apartment,2024-05-28
POL-209392,TG-106718,23346.0,Denied,Townhouse,2023-10-03
POL-209393,,13037.0,Approved,Townhouse,2024-02-25
POL-209394,TG-104631,24737.0,Approved,Condo,2024-07-13
POL-209395,TG-104029,9097.0, approved ,Apartment,2024-08-13
POL-209396,TG-107180,12692.0,Denied,Apartment,2024-01-11
POL-209397,TG-106848,5386.0,Approved,Townhouse,2023-02-04
POL-209398,TG-105490,18414.0,Pending,Apartment,2023-02-08
POL-209399,TG-108033,16235.0,Approved, apartment ,2024-08-04
POL-209400,TG-102156,18707.0,Denied,Condo,2024-05-09
POL-209401,TG-109006,24829.0,Pending,Condo,2024-12-22
POL-209402,TG-106506,9773.0, approved ,Apartment,2024-01-13
POL-209403,TG-104596,11603.0,Pending,Condo,2023-04-26
POL-209404,TG-100135,21433.0,Denied, apartment ,2024-08-17
POL-209405,TG-101074,10825.0,Denied, apartment ,2024-05-08
POL-209406,TG-104459,11153.0,Approved,Apartment,2024-12-08
POL-209407,TG-108272,15092.0,Pending,Apartment,2023-03-23
POL-209408,TG-108362,23693.0,Approved,Townhouse,2023-05-26
POL-209409,TG-105845,8382.0,Denied,Townhouse,2025-01-17
POL-209410,TG-105419,15153.0,Approved, apartment ,2025-01-18
POL-209411,TG-109664,23990.0,Pending,Condo,2024-06-23
POL-209412,TG-100688,19554.0, approved ,Townhouse,2025-05-29
POL-209413,TG-101318,21091.0, approved ,Townhouse,2025-02-07
POL-209414,TG-104299,20241.0,Approved,Townhouse,2025-03-08
POL-209415,TG-100335,17878.0, approved , apartment ,2023-10-14
POL-209416,TG-108939,14770.0,Denied,Apartment,2024-04-21
POL-209417,TG-105682,6291.0,Denied,Townhouse,2024-06-13
POL-209418,TG-104942,10075.0, approved , apartment ,2023-03-22
POL-209419,TG-110029,15367.0,Denied,Townhouse,2024-06-19
POL-209420,TG-104999,14279.0,Approved,Condo,2024-09-16
POL-209421,TG-101413,8453.0, approved ,Apartment,2023-04-01
POL-209422,TG-105237,20055.0,Approved, apartment ,2023-09-09
POL-209423,TG-106245,8283.0,Approved,Apartment,2024-04-28
POL-209424,TG-106404,6713.0, approved ,Condo,2024-10-07
POL-209425,TG-102381,13469.0, approved ,Townhouse,2025-01-29
POL-209426,TG-102883,14946.0,Denied,Condo,2024-11-10
POL-209427,TG-104482,13890.0,Denied, apartment ,2024-11-15
POL-209428,TG-102847,5196.0, approved ,Condo,2023-03-21
POL-209429,TG-101138,8297.0,Pending,Townhouse,2024-12-01
POL-209430,TG-103901,16925.0,Denied,Townhouse,2024-10-10
POL-209431,TG-109687,14666.0,Approved,Condo,2024-07-06
POL-209432,TG-107984,16974.0,Pending,Condo,2025-03-28
POL-209433,TG-102187,22904.0,Approved,Apartment,2024-08-16
POL-209434,TG-108792,10390.0,Denied, apartment ,2023-11-16
POL-209435,TG-108657,6094.0,Pending,Townhouse,2024-09-19
POL-209436,TG-105724,21514.0,Approved,Condo,2023-02-24
POL-209437,TG-108494,11533.0,Denied,Condo,2023-12-18
POL-209438,TG-108084,19256.0, approved ,Condo,2024-07-01
POL-209439,TG-106834,17736.0, approved ,Apartment,2025-03-08
POL-209440,TG-101588,22136.0, approved ,Townhouse,2023-01-12
POL-209441,TG-108955,22077.0, approved ,Apartment,2024-04-25
POL-209442,TG-101510,22518.0,Approved, apartment ,2024-04-09
POL-209443,TG-105437,14816.0, approved ,Townhouse,2024-06-08
POL-209444,TG-103612,12822.0,Approved,Apartment,2024-04-25
POL-209445,TG-103004,16336.0,Approved,Condo,2024-08-10
POL-209446,TG-100685,11134.0,Pending,Condo,2025-01-21
POL-209447,TG-106564,24257.0,Approved,Townhouse,2023-12-06
POL-209448,TG-104069,6579.0,Pending, apartment ,2024-03-07
POL-209449,TG-106301,14912.0,Approved, apartment ,2023-12-28
POL-209450,TG-106932,17180.0,Approved,Condo,2025-03-28
POL-209451,TG-100333,7971.0,Pending, apartment ,2023-10-29
POL-209452,TG-105772,20110.0,Denied,Townhouse,2023-10-24
POL-209453,TG-106754,24618.0, approved , apartment ,2023-06-21
POL-209454,TG-100274,17112.0, approved ,Condo,2023-02-06
POL-209455,TG-106147,15226.0,Pending,Condo,2024-12-12
POL-209456,TG-105357,14815.0,Approved,Apartment,2024-09-03
POL-209457,TG-105268,18811.0,Denied,Townhouse,2025-02-06
POL-209458,TG-105225,9565.0,Approved,Apartment,2023-11-08
POL-209459,TG-104652,8279.0,Pending,Townhouse,2025-01-14
POL-209460,TG-108751,8684.0,Denied, apartment ,2025-03-14
POL-209461,TG-106547,14093.0,Pending,Condo,2024-07-31
POL-209462,TG-108369,20883.0, approved , apartment ,2023-09-24
POL-209463,TG-103176,19863.0,Pending,Apartment,2023-03-04
POL-209464,TG-103261,14720.0,Approved,Apartment,2024-10-06
POL-209465,TG-101422,10473.0,Approved,Condo,2024-04-29
POL-209466,TG-100036,10732.0, approved ,Townhouse,2024-08-15
POL-209467,TG-100195,14913.0,Pending, apartment ,2023-06-23
POL-209468,TG-107033,17762.0,Approved,Townhouse,2024-08-09
POL-209469,TG-101317,8972.0,Pending, apartment ,2023-02-22
POL-209470,TG-104688,5501.0,Pending,Townhouse,2024-11-03
POL-209471,TG-108636,24026.0,Denied, apartment ,2023-10-26
POL-209472,TG-101372,19244.0,Denied, apartment ,2025-04-08
POL-209473,TG-106373,7282.0,Pending,Townhouse,2025-01-25
POL-209474,TG-102830,17234.0,Denied,Apartment,2024-10-01
POL-209475,TG-107964,20111.0,Pending,Townhouse,2023-01-28
POL-209476,TG-109514,23319.0,Denied,Apartment,2023-10-21
POL-209477,TG-109973,13458.0,Denied, apartment ,2024-05-11
POL-209478,TG-103614,13000.0,Pending,Townhouse,2023-03-26
POL-209479,TG-108532,23734.0,Denied, apartment ,2023-05-10
POL-209480,TG-107180,10712.0,Approved,Condo,2024-06-01
POL-209481,TG-109330,13047.0,Pending, apartment ,2023-03-20
POL-209482,TG-108453,12216.0,Approved,Apartment,2025-05-21
POL-209483,TG-104821,19488.0,Denied,Apartment,2025-03-13
POL-209484,TG-104686,13246.0,Pending,Townhouse,2023-10-12
POL-209485,TG-105162,21754.0, approved , apartment ,2023-09-16
POL-209486,TG-108273,24562.0,Approved,Apartment,2023-05-16
POL-209487,TG-104574,17953.0,Approved,Apartment,2024-09-22
POL-209488,TG-104530,22057.0,Denied, apartment ,2023-10-15
POL-209489,TG-106218,21149.0,Pending, apartment ,2023-10-09
POL-209490,TG-106568,5085.0, approved ,Apartment,2025-05-28
POL-209491,TG-101128,7847.0, approved ,Apartment,2023-09-21
POL-209492,TG-102061,9293.0,Pending,Townhouse,2023-01-15
POL-209493,TG-102540,14857.0,Pending, apartment ,2025-01-29
POL-209494,TG-106969,5838.0,Pending, apartment ,2023-04-25
POL-209495,TG-106570,5906.0,Denied,Condo,2024-09-10
POL-209496,TG-100182,20887.0,Denied,Condo,2023-06-28
POL-209497,TG-108484,13242.0,Denied, apartment ,2024-08-28
POL-209498,TG-101185,17454.0,Denied,Townhouse,2025-01-26
POL-209499,TG-105037,6210.0,Denied,Apartment,2023-06-04
POL-209500,TG-105039,,Pending,Apartment,2024-11-05
POL-209501,TG-106163,22228.0,Pending, apartment ,2024-04-02
POL-209502,TG-107162,11889.0,Pending,Townhouse,2024-01-14
POL-209503,TG-106215,20435.0,Pending, apartment ,2025-04-07
POL-209504,TG-106890,12671.0, approved ,Townhouse,2023-06-29
POL-209505,TG-101983,14596.0,Pending, apartment ,2023-09-25
POL-209506,TG-101686,13229.0, approved , apartment ,2025-03-12
POL-209507,TG-100562,9205.0,Pending,Townhouse,2024-12-18
POL-209508,TG-106498,14674.0,Approved,Apartment,2023-08-30
POL-209509,TG-104018,6494.0,Pending,Townhouse,2024-05-11
POL-209510,TG-108710,16626.0,Approved,Condo,2023-07-05
POL-209511,TG-109235,10867.0,Pending,Townhouse,2025-03-29
POL-209512,TG-105369,13441.0,Approved, apartment ,2024-06-24
POL-209513,TG-108377,23903.0,Pending,Townhouse,2025-06-01
POL-209514,TG-105464,12144.0, approved ,Townhouse,2023-02-03
POL-209515,TG-102252,5831.0,Approved, apartment ,2023-12-18
POL-209516,TG-101443,20844.0,Approved,Apartment,2023-03-28
POL-209517,TG-106587,23773.0,Denied,Apartment,2023-05-29
POL-209518,TG-108147,20819.0,Denied,Apartment,2024-09-01
POL-209519,TG-104509,10954.0,Denied, apartment ,2025-04-21
POL-209520,TG-106269,13543.0,Denied,Condo,2023-06-07
POL-209521,TG-102778,,Approved,Townhouse,2025-05-07
POL-209522,TG-110022,21323.0,Denied,Townhouse,2024-05-22
POL-209523,TG-103698,14004.0,Approved, apartment ,2025-02-09
POL-209524,TG-107233,24208.0, approved ,Condo,2024-02-27
POL-209525,TG-106483,6592.0,Pending,Condo,2025-02-27
POL-209526,TG-102415,5592.0,Pending,Townhouse,2024-01-28
POL-209527,TG-105624,21351.0, approved ,Condo,2023-09-01
POL-209528,TG-109799,23318.0,Approved,Apartment,2024-11-07
POL-209529,TG-108113,14448.0,Denied, apartment ,2024-03-26
POL-209530,,19157.0,Pending,Apartment,2025-01-13
POL-209531,TG-105711,10983.0,Pending, apartment ,2024-10-14
POL-209532,TG-104036,11233.0,Denied, apartment ,2023-06-21
POL-209533,TG-107202,23925.0,Approved,Townhouse,2023-08-04
POL-209534,TG-102121,,Approved,Townhouse,2024-08-14
POL-209535,TG-100940,24403.0,Denied, apartment ,2025-01-21
POL-209536,TG-108729,,Approved,Apartment,2025-05-12
POL-209537,TG-108688,16097.0,Approved,Townhouse,2023-12-20
POL-209538,TG-101382,23774.0, approved ,Condo,2023-02-25
POL-209539,TG-100358,8980.0, approved , apartment ,2024-10-19
POL-209540,TG-103842,19645.0, approved ,Townhouse,2023-09-28
POL-209541,TG-103757,6896.0, approved ,Condo,2025-02-12
POL-209542,TG-102429,10586.0,Pending,Apartment,2025-04-19
POL-209543,TG-108102,22013.0,Denied, apartment ,2023-04-29
POL-209544,TG-105691,11381.0, approved ,Condo,2023-02-23
POL-209545,TG-102390,9312.0, approved , apartment ,2023-06-21
POL-209546,TG-102194,15722.0,Denied,Apartment,2024-04-20
POL-209547,TG-105897,21383.0,Pending,Condo,2024-02-13
POL-209548,TG-100608,11868.0,Pending,Condo,2024-05-02
POL-209549,TG-106566,13133.0,Denied,Townhouse,2023-11-05
POL-209550,TG-109292,10911.0,Approved,Condo,2024-05-02
POL-209551,TG-108522,8227.0,Approved, apartment ,2025-02-03
POL-209552,TG-103626,13905.0,Denied,Apartment,2025-02-09
POL-209553,TG-106108,7003.0,Denied,Townhouse,2024-06-29
POL-209554,TG-105217,18231.0,Pending,Apartment,2023-08-28
POL-209555,TG-108740,20971.0, approved , apartment ,2024-01-24
POL-209556,TG-109172,9115.0,Pending,Condo,2024-11-30
POL-209557,TG-108679,8443.0, approved ,Townhouse,2024-12-23
POL-209558,TG-102225,20414.0,Approved,Townhouse,2024-02-04
POL-209559,TG-106032,9633.0,Pending, apartment ,2024-04-30
POL-209560,TG-102198,5028.0,Pending,Apartment,2023-09-26
POL-209561,TG-104357,13823.0, approved ,Townhouse,2023-05-29
POL-209562,TG-107642,12701.0,Pending,Townhouse,2024-06-27
POL-209563,TG-106306,17691.0,Pending,Condo,2025-06-10
POL-209564,TG-101912,12647.0,Denied, apartment ,2024-03-21
POL-209565,TG-103364,9636.0, approved ,Townhouse,2023-01-13
POL-209566,TG-107984,21508.0,Denied,Apartment,2023-10-23
POL-209567,TG-101666,7872.0,Pending,Townhouse,2025-03-27
POL-209568,TG-102288,5609.0,Pending, apartment ,2024-04-04
POL-209569,TG-105288,14931.0,Approved, apartment ,2024-01-27
POL-209570,TG-102102,24282.0, approved ,Condo,2024-11-25
POL-209571,TG-109280,23559.0,Pending,Townhouse,2023-11-20
POL-209572,TG-100571,23687.0,Pending,Apartment,2024-06-26
POL-209573,TG-101706,17902.0,Approved,Condo,2024-11-30
POL-209574,TG-103080,17798.0,Pending,Townhouse,2023-02-12
POL-209575,TG-102906,17885.0, approved , apartment ,2023-04-10
POL-209576,TG-102489,16529.0,Pending, apartment ,2024-06-28
POL-209577,TG-100911,5887.0,Denied,Condo,2024-10-14
POL-209578,TG-104549,22489.0, approved ,Apartment,2023-12-29
POL-209579,TG-101016,11596.0, approved ,Condo,2025-05-14
POL-209580,TG-104718,14728.0,Pending,Condo,2024-03-18
POL-209581,TG-102676,7777.0,Approved, apartment ,2024-09-17
POL-209582,TG-102015,17120.0,Denied,Condo,2024-10-29
POL-209583,TG-104773,22521.0,Denied,Condo,2025-05-28
POL-209584,TG-103677,6740.0,Denied, apartment ,2023-10-07
POL-209585,TG-104192,14446.0,Approved,Apartment,2023-12-10
POL-209586,TG-104509,24750.0,Approved,Condo,2023-10-04
POL-209587,TG-100726,23815.0,Denied,Apartment,2023-10-01
POL-209588,TG-107669,8475.0, approved ,Condo,2025-04-01
POL-209589,TG-109309,16653.0,Approved, apartment ,2023-04-11
POL-209590,TG-104982,16153.0,Pending,Townhouse,2023-09-19
POL-209591,TG-104609,, approved ,Townhouse,2024-11-01
POL-209592,TG-101481,12605.0,Pending,Townhouse,2024-08-21
POL-209593,TG-101800,13320.0,Approved,Apartment,2024-02-05
POL-209594,TG-107418,8322.0,Denied,Condo,2024-04-17
POL-209595,TG-108971,15517.0,Denied, apartment ,2025-03-02
POL-209596,TG-100929,5788.0, approved ,Apartment,2024-11-22
POL-209597,TG-106834,10907.0,Pending,Apartment,2025-02-06
POL-209598,TG-100637,24524.0,Pending,Condo,2023-09-05
POL-209599,TG-107193,14266.0,Denied,Townhouse,2025-01-21
POL-209600,TG-102500,10146.0,Pending,Townhouse,2024-11-19
POL-209601,TG-104144,24946.0,Denied, apartment ,2024-08-25
POL-209602,TG-102644,5501.0,Pending,Townhouse,2025-02-27
POL-209603,TG-103803,14824.0, approved ,Townhouse,2023-07-19
POL-209604,TG-107946,16797.0,Denied, apartment ,2024-06-16
POL-209605,TG-108809,10739.0,Pending,Condo,2023-12-12
POL-209606,TG-109613,15536.0, approved , apartment ,2024-11-24
POL-209607,TG-103371,11948.0,Pending,Condo,2024-12-07
POL-209608,TG-105230,24220.0, approved ,Townhouse,2023-07-04
POL-209609,TG-105323,18061.0, approved ,Apartment,2023-11-17
POL-209610,TG-105657,21897.0, approved ,Condo,2024-07-14
POL-209611,TG-103312,21846.0,Approved,Apartment,2023-01-11
POL-209612,TG-102504,17554.0,Approved, apartment ,2024-11-19
POL-209613,TG-103202,20641.0, approved ,Condo,2023-01-09
POL-209614,TG-102007,22750.0, approved ,Condo,2025-05-01
POL-209615,TG-108488,24591.0,Denied,Townhouse,2023-03-11
POL-209616,TG-104114,11074.0,Pending,Condo,2023-01-13
POL-209617,TG-109590,15195.0,Denied,Townhouse,2024-02-26
POL-209618,TG-104662,14697.0,Pending,Apartment,2023-04-11
POL-209619,TG-102405,8415.0,Denied,Apartment,2024-06-21
POL-209620,TG-101537,21308.0, approved ,Apartment,2023-04-17
POL-209621,TG-108987,10416.0,Denied,Condo,2024-12-02
POL-209622,TG-100681,19940.0,Denied,Townhouse,2024-04-01
POL-209623,TG-107616,5541.0, approved ,Condo,2023-12-26
POL-209624,TG-107964,20694.0,Pending,Condo,2023-08-13
POL-209625,TG-103670,12505.0,Denied,Condo,2025-01-12
POL-209626,TG-102715,12320.0,Denied, apartment ,2023-10-18
POL-209627,TG-107593,15734.0,Approved,Townhouse,2023-09-15
POL-209628,TG-100889,5699.0,Pending,Townhouse,2023-07-17
POL-209629,TG-104994,13586.0,Approved, apartment ,2023-02-04
POL-209630,TG-107021,22074.0, approved ,Condo,2023-01-25
POL-209631,TG-105426,13173.0,Approved,Apartment,2024-09-26
POL-209632,TG-106267,21629.0,Approved,Townhouse,2023-04-05
POL-209633,TG-109362,24566.0,Denied,Apartment,2023-02-28
POL-209634,TG-101878,23729.0,Denied, apartment ,2024-08-31
POL-209635,TG-100040,7135.0, approved ,Condo,2024-11-03
POL-209636,TG-100911,12890.0,Pending,Condo,2025-05-05
POL-209637,TG-108059,13366.0,Pending,Apartment,2023-08-11
POL-209638,TG-107488,12793.0,Pending, apartment ,2024-09-05
POL-209639,TG-106326,18862.0, approved ,Apartment,2024-10-15
POL-209640,TG-107187,20743.0,Pending,Condo,2023-05-05
POL-209641,TG-105747,6705.0, approved ,Apartment,2024-12-26
POL-209642,TG-100548,15028.0,Pending, apartment ,2023-05-03
POL-209643,TG-106481,9885.0, approved , apartment ,2023-03-30
POL-209644,TG-104373,8259.0,Approved,Condo,2025-05-26
POL-209645,TG-103883,16802.0,Pending,Condo,2024-09-11
POL-209646,TG-105483,18363.0,Pending,Condo,2023-05-14
POL-209647,TG-106526,24140.0, approved ,Townhouse,2024-01-20
POL-209648,TG-100870,11026.0,Denied,Townhouse,2024-11-03
POL-209649,TG-108007,8717.0,Denied,Apartment,2025-02-21
POL-209650,TG-101581,6959.0, approved ,Condo,2024-10-25
POL-209651,TG-100281,17662.0, approved ,Condo,2024-08-02
POL-209652,TG-101718,13465.0,Approved,Apartment,2025-04-02
POL-209653,TG-105796,24425.0,Denied,Townhouse,2023-07-09
POL-209654,TG-103630,24281.0,Denied, apartment ,2023-04-24
POL-209655,TG-106191,22665.0, approved ,Apartment,2024-12-13
POL-209656,TG-104515,21396.0,Denied, apartment ,2023-07-08
POL-209657,TG-102574,,Approved, apartment ,2023-09-17
POL-209658,TG-100902,17221.0,Approved,Townhouse,2023-10-29
POL-209659,TG-100670,20308.0,Approved, apartment ,2024-04-23
POL-209660,TG-109230,20150.0,Denied,Townhouse,2024-11-07
POL-209661,TG-100945,13665.0,Denied,Apartment,2023-03-19
POL-209662,TG-109395,7367.0, approved ,Apartment,2024-10-16
POL-209663,TG-104023,6931.0,Approved,Townhouse,2024-04-09
POL-209664,TG-105291,5395.0, approved , apartment ,2023-10-11
POL-209665,TG-106998,22003.0,Pending,Condo,2025-02-26
POL-209666,TG-104034,20766.0,Approved, apartment ,2024-03-13
POL-209667,TG-109810,21791.0,Approved,Apartment,2024-12-09
POL-209668,TG-103885,21942.0,Approved, apartment ,2024-11-14
POL-209669,TG-104393,13743.0, approved , apartment ,2025-02-27
POL-209670,TG-109951,24010.0,Approved,Condo,2025-02-27
POL-209671,TG-104198,,Approved,Condo,2023-11-28
POL-209672,TG-105149,24422.0, approved , apartment ,2023-09-21
POL-209673,TG-104631,11253.0,Approved, apartment ,2023-06-15
POL-209674,TG-100612,13312.0,Approved, apartment ,2025-03-10
POL-209675,TG-100299,15079.0,Denied, apartment ,2023-03-17
POL-209676,TG-101168,11715.0, approved ,Apartment,2023-10-11
POL-209677,TG-101224,16707.0, approved ,Townhouse,2025-03-06
POL-209678,TG-105528,8321.0,Approved,Townhouse,2023-03-05
POL-209679,TG-102131,11761.0,Approved,Apartment,2024-01-27
POL-209680,TG-101581,13999.0,Approved,Apartment,2024-02-02
POL-209681,TG-103632,5587.0,Pending,Condo,2023-12-07
POL-209682,TG-106002,20838.0,Denied, apartment ,2023-03-03
POL-209683,TG-103610,19115.0,Pending,Condo,2023-09-22
POL-209684,TG-102333,17440.0,Approved,Apartment,2025-04-12
POL-209685,TG-103575,12609.0, approved ,Condo,2023-09-29
POL-209686,TG-106480,23045.0,Approved,Condo,2023-07-02
POL-209687,TG-106086,10133.0, approved , apartment ,2024-03-27
POL-209688,TG-100046,18830.0,Denied,Condo,2023-03-13
POL-209689,TG-106634,22372.0,Approved,Apartment,2024-05-18
POL-209690,TG-106535,5673.0,Denied,Townhouse,2023-07-25
POL-209691,TG-104726,19310.0,Pending, apartment ,2024-09-16
POL-209692,TG-109012,23506.0,Pending,Condo,2024-02-07
POL-209693,TG-106798,17235.0, approved , apartment ,2023-07-02
POL-209694,TG-101462,20485.0,Pending,Townhouse,2024-10-22
POL-209695,TG-103980,19673.0,Pending,Condo,2024-05-18
POL-209696,TG-109206,9020.0,Approved,Apartment,2023-04-22
POL-209697,TG-104184,10308.0, approved ,Townhouse,2023-05-28
POL-209698,TG-107278,6366.0,Denied,Apartment,2024-07-07
POL-209699,TG-108276,14137.0, approved , apartment ,2025-02-26
POL-209700,TG-105639,20306.0, approved ,Apartment,2024-03-17
POL-209701,TG-107440,24346.0,Denied,Townhouse,2023-08-12
POL-209702,TG-108803,8240.0,Pending,Apartment,2024-09-20
POL-209703,TG-106433,14400.0,Denied, apartment ,2024-10-20
POL-209704,TG-109207,10406.0, approved ,Townhouse,2023-04-19
POL-209705,TG-105483,24728.0,Pending,Townhouse,2024-03-28
POL-209706,TG-107983,6377.0,Denied,Apartment,2025-01-02
POL-209707,TG-107803,15506.0,Denied,Apartment,2023-09-23
POL-209708,TG-108585,10331.0,Pending,Apartment,2023-04-16
POL-209709,TG-103294,22465.0,Approved,Apartment,2023-02-05
POL-209710,TG-105837,16591.0, approved ,Condo,2023-03-16
POL-209711,TG-103556,16507.0,Denied,Condo,2023-03-14
POL-209712,TG-103474,9600.0,Approved,Condo,2024-08-08
POL-209713,TG-107575,8939.0,Pending, apartment ,2025-01-15
POL-209714,TG-108106,17835.0,Approved,Townhouse,2023-09-14
POL-209715,TG-107560,18610.0,Approved, apartment ,2025-03-06
POL-209716,TG-103420,9605.0,Approved,Townhouse,2024-04-01
POL-209717,TG-100815,10907.0,Approved,Condo,2023-01-20
POL-209718,TG-105792,24697.0, approved ,Townhouse,2024-05-24
POL-209719,TG-100474,23870.0,Denied,Apartment,2023-06-02
POL-209720,TG-100859,15265.0,Pending,Townhouse,2024-10-30
POL-209721,TG-105665,21049.0,Denied,Apartment,2024-10-17
POL-209722,TG-106307,8657.0,Approved,Condo,2023-01-01
POL-209723,TG-101055,12767.0,Approved,Apartment,2023-02-08
POL-209724,TG-102129,,Approved,Condo,2024-11-11
POL-209725,TG-103551,19563.0, approved ,Condo,2024-02-04
POL-209726,TG-105079,24423.0, approved , apartment ,2023-09-30
POL-209727,TG-104522,24004.0,Pending,Townhouse,2023-06-05
POL-209728,TG-105253,13792.0, approved ,Apartment,2024-12-17
POL-209729,TG-109011,10134.0,Pending,Condo,2023-12-04
POL-209730,,18158.0,Denied, apartment ,2024-02-05
POL-209731,TG-104990,24124.0,Pending,Apartment,2024-08-11
POL-209732,TG-104441,14633.0,Approved,Condo,2023-01-04
POL-209733,TG-105709,17523.0,Approved,Townhouse,2024-06-11
POL-209734,TG-108039,,Approved,Apartment,2024-12-25
POL-209735,TG-102603,21881.0,Approved,Townhouse,2025-02-28
POL-209736,TG-105190,14086.0,Approved,Townhouse,2024-05-17
POL-209737,TG-109538,22645.0,Pending,Condo,2024-05-04
POL-209738,TG-108851,23404.0,Denied, apartment ,2024-03-22
POL-209739,TG-102456,6643.0, approved ,Apartment,2024-02-18
POL-209740,TG-101245,5249.0,Pending,Townhouse,2025-05-14
POL-209741,TG-107327,20470.0,Approved,Apartment,2025-01-15
POL-209742,TG-102886,22320.0,Pending,Condo,2025-03-10
POL-209743,TG-104659,18356.0,Denied,Apartment,2025-04-11
POL-209744,TG-102864,14601.0,Denied, apartment ,2025-03-15
POL-209745,TG-100278,20408.0,Pending,Condo,2023-03-13
POL-209746,TG-105643,20973.0,Approved,Condo,2024-07-07
POL-209747,TG-105571,9584.0,Approved,Apartment,2023-08-20
POL-209748,TG-109554,20269.0, approved ,Condo,2023-01-04
POL-209749,TG-108128,20958.0,Pending,Condo,2024-01-29
POL-209750,TG-108414,6130.0,Denied,Condo,2024-12-06
POL-209751,TG-105290,22516.0, approved ,Townhouse,2025-04-17
POL-209752,TG-101226,6669.0,Denied,Townhouse,2025-03-09
POL-209753,TG-108898,24125.0,Pending,Apartment,2024-05-08
POL-209754,TG-100977,5427.0, approved ,Townhouse,2023-05-05
POL-209755,TG-106202,7106.0,Denied, apartment ,2024-08-03
POL-209756,TG-108399,9592.0,Pending,Condo,2024-07-02
POL-209757,TG-107423,14050.0,Pending,Townhouse,2024-01-03
POL-209758,TG-108047,21594.0,Pending,Townhouse,2023-12-08
POL-209759,TG-101306,12425.0, approved ,Apartment,2024-11-29
POL-209760,TG-102605,6043.0, approved ,Condo,2023-11-07
POL-209761,TG-103211,13364.0,Denied,Apartment,2024-02-15
POL-209762,TG-108630,11333.0,Pending,Condo,2023-02-26
POL-209763,TG-104793,17988.0, approved , apartment ,2024-10-09
POL-209764,TG-105991,13800.0,Approved,Apartment,2024-10-24
POL-209765,TG-100301,21488.0,Denied,Condo,2023-04-03
POL-209766,TG-105540,17855.0, approved ,Townhouse,2024-01-10
POL-209767,TG-107104,8595.0, approved ,Condo,2024-07-01
POL-209768,TG-101362,,Denied,Apartment,2025-05-23
POL-209769,TG-106719,8125.0,Approved, apartment ,2023-12-15
POL-209770,TG-108264,23452.0,Pending,Townhouse,2023-03-24
POL-209771,TG-108725,6005.0,Approved,Apartment,2025-05-11
POL-209772,TG-102036,24131.0, approved ,Condo,2024-04-15
POL-209773,,18007.0,Denied, apartment ,2025-02-17
POL-209774,TG-104488,18626.0,Approved, apartment ,2025-02-23
POL-209775,TG-106050,20210.0,Approved,Apartment,2023-10-24
POL-209776,TG-107604,14305.0,Denied, apartment ,2024-10-25
POL-209777,TG-107213,8042.0, approved ,Townhouse,2023-07-27
POL-209778,TG-106317,21662.0,Pending,Apartment,2023-06-30
POL-209779,TG-101352,, approved ,Condo,2024-07-21
POL-209780,TG-100599,13304.0,Pending, apartment ,2023-02-10
POL-209781,TG-103346,23040.0,Pending, apartment ,2024-01-29
POL-209782,TG-106010,11161.0,Approved,Apartment,2024-11-07
POL-209783,TG-105174,16561.0,Approved,Townhouse,2023-07-15
POL-209784,TG-107632,23132.0,Denied,Townhouse,2023-11-03
POL-209785,TG-106013,9217.0, approved ,Condo,2024-12-13
POL-209786,TG-105197,15415.0,Approved,Townhouse,2024-02-04
POL-209787,TG-106464,7781.0,Denied, apartment ,2023-04-20
POL-209788,TG-105754,5738.0, approved , apartment ,2024-10-07
POL-209789,TG-109454,22716.0,Approved,Condo,2024-12-06
POL-209790,TG-108887,20911.0, approved , apartment ,2024-01-03
POL-209791,TG-100849,10141.0,Approved,Condo,2024-05-13
POL-209792,TG-108023,5229.0,Approved,Apartment,2023-03-28
POL-209793,TG-108849,21972.0, approved ,Condo,2024-10-09
POL-209794,TG-109572,13527.0,Denied, apartment ,2024-03-24
POL-209795,TG-106949,10708.0,Denied,Apartment,2025-01-22
POL-209796,TG-102753,11728.0,Approved,Townhouse,2023-07-14
POL-209797,TG-105639,21786.0, approved ,Townhouse,2023-05-24
POL-209798,TG-103522,19833.0,Denied,Apartment,2023-02-06
POL-209799,TG-103008,,Pending,Condo,2023-07-17
POL-209800,TG-101632,24786.0,Approved,Apartment,2023-01-26
POL-209801,TG-101102,7346.0,Approved,Apartment,2025-01-07
POL-209802,TG-104040,,Pending,Townhouse,2024-08-30
POL-209803,TG-106127,, approved ,Apartment,2023-09-02
POL-209804,TG-106980,10279.0,Denied, apartment ,2024-05-15
POL-209805,TG-100755,15514.0, approved ,Apartment,2024-02-03
POL-209806,TG-107977,10382.0,Approved, apartment ,2023-03-06
POL-209807,,16398.0,Approved, apartment ,2025-03-22
POL-209808,TG-104342,16431.0,Pending,Condo,2024-07-07
POL-209809,TG-108894,5334.0,Approved, apartment ,2024-10-20
POL-209810,TG-104888,16158.0, approved ,Apartment,2023-11-12
POL-209811,TG-106034,13184.0,Approved,Townhouse,2024-05-26
POL-209812,TG-101436,20559.0,Approved,Townhouse,2024-06-30
POL-209813,TG-109294,8784.0,Denied,Townhouse,2025-05-04
POL-209814,TG-106009,16876.0,Approved,Condo,2025-04-11
POL-209815,TG-109945,22370.0,Denied,Apartment,2024-04-05
POL-209816,TG-104095,7803.0,Approved,Townhouse,2023-01-17
POL-209817,TG-100669,7837.0,Approved,Condo,2023-02-07
POL-209818,TG-101104,11547.0,Approved,Apartment,2023-12-14
POL-209819,TG-108048,13340.0,Denied,Condo,2023-02-27
POL-209820,TG-109292,12693.0,Pending,Townhouse,2023-12-12
POL-209821,TG-108134,8540.0,Approved,Condo,2025-03-17
POL-209822,TG-104687,15773.0,Approved,Condo,2025-01-08
POL-209823,TG-108068,,Approved,Apartment,2023-02-13
POL-209824,TG-106992,24852.0,Pending,Townhouse,2024-02-20
POL-209825,TG-102752,22146.0,Approved, apartment ,2023-05-02
POL-209826,TG-100712,21085.0,Approved, apartment ,2023-08-05
POL-209827,TG-103825,11346.0, approved , apartment ,2025-04-06
POL-209828,TG-104172,5892.0,Denied,Apartment,2024-10-31
POL-209829,TG-107003,6291.0,Denied,Apartment,2024-11-14
POL-209830,TG-107750,9127.0, approved ,Apartment,2024-06-19
POL-209831,TG-106596,6270.0,Pending,Condo,2024-04-14
POL-209832,TG-101335,20504.0,Denied,Townhouse,2024-11-25
POL-209833,TG-104551,16516.0,Denied, apartment ,2025-06-10
POL-209834,TG-103872,7145.0, approved ,Apartment,2025-06-14
POL-209835,TG-103421,7135.0,Approved,Apartment,2024-07-03
POL-209836,TG-104503,22851.0, approved ,Condo,2023-06-02
POL-209837,TG-109046,5123.0, approved ,Townhouse,2025-01-28
POL-209838,TG-100532,20678.0,Approved,Condo,2024-08-16
POL-209839,TG-103404,15709.0,Pending, apartment ,2023-08-27
POL-209840,TG-101393,23710.0,Denied,Apartment,2023-03-15
POL-209841,TG-107336,11099.0,Denied,Condo,2023-02-07
POL-209842,TG-107922,14291.0,Approved,Apartment,2025-01-23
POL-209843,TG-104087,15576.0,Denied, apartment ,2023-05-25
POL-209844,TG-106445,15876.0,Pending, apartment ,2024-05-15
POL-209845,TG-109494,18850.0,Denied,Condo,2024-10-31
POL-209846,TG-103605,8559.0,Denied, apartment ,2023-01-20
POL-209847,TG-102145,24244.0,Pending,Condo,2024-04-27
POL-209848,TG-100903,18312.0,Approved,Apartment,2024-09-25
POL-209849,TG-105931,23980.0,Denied,Townhouse,2023-02-16
POL-209850,TG-102078,8189.0,Pending,Condo,2023-09-06
POL-209851,TG-106448,13106.0,Pending,Apartment,2024-12-19
POL-209852,TG-103557,14518.0,Denied,Condo,2024-10-26
POL-209853,TG-109822,13970.0,Pending, apartment ,2023-05-14
POL-209854,TG-101587,21305.0,Approved,Townhouse,2023-01-15
POL-209855,TG-104930,19168.0,Approved,Townhouse,2023-06-26
POL-209856,TG-106680,5595.0, approved , apartment ,2024-10-09
POL-209857,TG-103660,20878.0,Denied,Apartment,2023-02-21
POL-209858,TG-105711,21277.0, approved ,Condo,2023-11-11
POL-209859,TG-103115,21216.0,Approved,Condo,2025-04-20
POL-209860,TG-107573,8598.0,Approved, apartment ,2025-03-23
POL-209861,TG-108565,23551.0,Pending,Condo,2023-04-10
POL-209862,TG-102066,12433.0, approved , apartment ,2024-04-12
POL-209863,TG-108892,5130.0,Pending,Condo,2024-09-17
POL-209864,TG-108411,12978.0,Pending, apartment ,2023-06-24
POL-209865,TG-107572,16424.0,Approved,Apartment,2025-05-05
POL-209866,TG-100296,24835.0,Pending,Apartment,2024-08-28
POL-209867,TG-109469,21150.0,Approved,Apartment,2023-03-07
POL-209868,TG-106647,24754.0,Approved,Condo,2025-04-17
POL-209869,TG-106313,12945.0,Pending,Apartment,2025-04-17
POL-209870,TG-107804,23848.0,Approved, apartment ,2023-04-19
POL-209871,TG-107797,14458.0,Denied,Condo,2023-04-27
POL-209872,TG-108454,21244.0,Pending,Condo,2024-05-24
POL-209873,TG-103417,7842.0,Denied,Condo,2024-09-01
POL-209874,TG-103512,13155.0,Approved,Townhouse,2025-03-29
POL-209875,TG-107609,24902.0,Pending,Townhouse,2024-09-22
POL-209876,TG-103600,22250.0,Approved, apartment ,2023-08-14
POL-209877,TG-104793,15519.0,Pending,Condo,2023-03-06
POL-209878,TG-102879,6033.0,Pending, apartment ,2025-04-03
POL-209879,TG-102317,10171.0,Denied,Condo,2023-07-27
POL-209880,TG-106275,15514.0,Approved,Condo,2024-03-12
POL-209881,TG-103279,16633.0,Denied,Townhouse,2023-12-12
POL-209882,TG-103859,9169.0,Denied,Townhouse,2025-04-10
POL-209883,TG-105024,9655.0, approved , apartment ,2025-05-05
POL-209884,TG-107728,21453.0,Denied,Condo,2025-01-25
POL-209885,TG-100849,21109.0, approved ,Townhouse,2024-11-25
POL-209886,TG-103124,16950.0,Denied,Apartment,2024-02-16
POL-209887,TG-109720,5519.0,Denied,Apartment,2023-11-29
POL-209888,TG-108676,11103.0,Approved,Condo,2023-05-04
POL-209889,TG-100112,10849.0,Approved,Apartment,2024-12-01
POL-209890,TG-107364,17914.0,Denied,Apartment,2024-08-12
POL-209891,TG-103433,23293.0,Approved,Townhouse,2024-07-12
POL-209892,TG-104281,14639.0, approved ,Apartment,2023-05-21
POL-209893,TG-102851,24387.0, approved ,Condo,2023-11-26
POL-209894,TG-105566,5884.0,Pending,Townhouse,2025-05-06
POL-209895,TG-109842,21512.0,Approved,Condo,2025-03-23
POL-209896,TG-107592,12674.0,Pending, apartment ,2023-08-07
POL-209897,TG-102847,11917.0, approved , apartment ,2025-02-21
POL-209898,TG-108832,8230.0,Approved,Apartment,2023-02-16
POL-209899,TG-105781,14007.0,Denied, apartment ,2024-08-30
POL-209900,TG-104556,16319.0,Pending,Apartment,2023-06-27
POL-209901,TG-109390,23096.0,Approved,Condo,2023-12-10
POL-209902,TG-103919,11535.0,Approved,Condo,2023-03-06
POL-209903,TG-101053,18158.0, approved , apartment ,2023-05-04
POL-209904,TG-109561,15198.0,Denied,Apartment,2023-10-08
POL-209905,TG-104818,20980.0,Approved,Condo,2023-05-25
POL-209906,TG-104232,24849.0,Approved,Apartment,2025-02-14
POL-209907,TG-102144,15781.0,Approved,Apartment,2024-03-01
POL-209908,TG-102809,9198.0,Approved, apartment ,2023-06-22
POL-209909,TG-108920,15025.0,Pending,Condo,2024-12-14
POL-209910,TG-107967,24207.0, approved ,Condo,2024-01-14
POL-209911,TG-106358,18181.0,Denied,Apartment,2024-07-20
POL-209912,TG-104107,12760.0,Denied,Condo,2023-06-18
POL-209913,TG-109637,,Pending,Apartment,2024-03-25
POL-209914,TG-101311,16569.0, approved , apartment ,2023-09-07
POL-209915,TG-105727,21262.0, approved , apartment ,2024-08-18
POL-209916,TG-100166,12008.0,Denied, apartment ,2023-02-11
POL-209917,TG-104450,5134.0,Approved,Townhouse,2023-05-17
POL-209918,TG-107940,5351.0,Approved,Apartment,2023-04-13
POL-209919,TG-103283,20603.0,Approved, apartment ,2025-03-21
POL-209920,TG-105840,11492.0, approved , apartment ,2025-05-17
POL-209921,TG-101942,10533.0,Pending,Apartment,2024-10-09
POL-209922,TG-101528,16383.0,Approved,Condo,2024-09-19
POL-209923,TG-107963,,Approved,Apartment,2024-01-21
POL-209924,TG-103199,18877.0, approved ,Apartment,2025-03-07
POL-209925,TG-107720,21677.0,Denied, apartment ,2023-06-11
POL-209926,TG-108480,16502.0, approved ,Apartment,2023-01-17
POL-209927,TG-108644,19074.0,Approved,Condo,2025-06-19
POL-209928,TG-104217,10349.0, approved , apartment ,2024-05-13
POL-209929,TG-100727,23205.0,Pending,Townhouse,2023-03-24
POL-209930,TG-104050,14489.0,Pending, apartment ,2023-01-07
POL-209931,TG-107717,14021.0, approved ,Apartment,2023-01-08
POL-209932,TG-100363,19620.0,Denied,Condo,2023-07-03
POL-209933,TG-103783,10680.0,Pending,Condo,2023-04-02
POL-209934,TG-101509,20788.0,Pending, apartment ,2024-12-24
POL-209935,TG-101073,5946.0,Pending,Condo,2024-10-29
POL-209936,TG-108771,15387.0,Pending,Apartment,2024-08-30
POL-209937,TG-101752,13238.0, approved ,Condo,2023-10-18
POL-209938,TG-106790,16346.0, approved ,Apartment,2024-03-02
POL-209939,TG-100446,7117.0,Pending,Townhouse,2024-12-11
POL-209940,TG-102809,16576.0,Pending,Townhouse,2025-04-06
POL-209941,TG-106318,6494.0,Denied,Apartment,2025-03-22
POL-209942,TG-100540,19235.0,Approved, apartment ,2025-03-02
POL-209943,TG-100444,9864.0,Pending,Apartment,2024-05-02
POL-209944,TG-107270,21758.0,Pending,Apartment,2024-12-09
POL-209945,TG-105972,12478.0,Denied, apartment ,2023-05-10
POL-209946,TG-109940,18041.0, approved , apartment ,2023-07-31
POL-209947,TG-108557,22285.0,Denied,Apartment,2023-05-27
POL-209948,TG-103032,22342.0,Pending, apartment ,2024-10-17
POL-209949,TG-109118,20209.0,Denied,Apartment,2023-10-05
POL-209950,TG-107770,20287.0,Pending,Apartment,2024-06-19
POL-209951,TG-106176,9071.0,Approved,Apartment,2024-04-06
POL-209952,TG-100934,,Approved,Condo,2024-02-26
POL-209953,TG-105409,5175.0,Approved,Condo,2023-09-02
POL-209954,TG-102206,6940.0, approved ,Apartment,2023-06-28
POL-209955,TG-108623,13271.0,Pending,Apartment,2024-09-17
POL-209956,TG-102788,6455.0,Pending,Condo,2024-12-09
POL-209957,TG-101305,23220.0, approved , apartment ,2023-02-08
POL-209958,TG-102739,23860.0,Pending, apartment ,2024-09-02
POL-209959,TG-101139,,Approved,Condo,2023-07-04
POL-209960,TG-101971,12977.0,Denied, apartment ,2025-01-04
POL-209961,TG-108892,18784.0,Denied,Apartment,2024-05-26
POL-209962,TG-101352,7495.0,Denied,Condo,2024-09-18
POL-209963,TG-105669,13670.0,Denied, apartment ,2023-04-01
POL-209964,TG-107116,8190.0, approved ,Condo,2024-10-04
POL-209965,TG-103085,9275.0,Pending,Condo,2025-04-26
POL-209966,TG-103282,9453.0,Denied, apartment ,2025-03-12
POL-209967,TG-101844,6394.0, approved ,Apartment,2023-11-05
POL-209968,TG-107917,11578.0,Approved,Townhouse,2023-12-23
POL-209969,TG-104295,24761.0, approved ,Apartment,2024-03-04
POL-209970,TG-103518,11498.0, approved ,Apartment,2023-01-05
POL-209971,TG-103699,20163.0,Pending,Apartment,2024-07-25
POL-209972,TG-109745,7357.0,Approved,Townhouse,2023-08-30
POL-209973,TG-105047,13328.0,Pending,Apartment,2023-07-16
POL-209974,TG-104313,15870.0,Approved, apartment ,2023-05-01
POL-209975,TG-101919,12806.0, approved , apartment ,2024-06-26
POL-209976,TG-103094,9893.0, approved ,Townhouse,2023-04-08
POL-209977,TG-102529,23224.0, approved ,Apartment,2024-09-25
POL-209978,TG-102828,6072.0,Approved,Apartment,2024-01-06
POL-209979,TG-100231,5061.0,Approved,Townhouse,2025-06-02
POL-209980,TG-101933,9881.0, approved ,Apartment,2025-02-18
POL-209981,TG-107740,6637.0,Pending, apartment ,2024-07-06
POL-209982,TG-107397,15197.0, approved ,Apartment,2024-06-03
POL-209983,TG-104186,9662.0,Denied,Apartment,2023-08-13
POL-209984,TG-103669,13018.0, approved , apartment ,2024-04-20
POL-209985,TG-104776,14615.0,Denied,Apartment,2025-02-27
POL-209986,TG-102039,17265.0, approved , apartment ,2024-10-03
POL-209987,TG-108187,9016.0,Denied, apartment ,2024-11-06
POL-209988,TG-104245,5637.0,Denied, apartment ,2023-08-02
POL-209989,TG-102124,8519.0,Pending,Condo,2023-10-11
POL-209990,TG-100859,17984.0, approved ,Condo,2023-02-24
POL-209991,TG-106924,14283.0,Pending, apartment ,2023-07-18
POL-209992,TG-100085,24086.0,Pending,Townhouse,2023-04-26
POL-209993,TG-104781,24723.0, approved , apartment ,2025-03-26
POL-209994,TG-107002,20439.0,Denied,Townhouse,2023-06-02
POL-209995,TG-109309,16327.0,Pending,Condo,2024-12-02
POL-209996,TG-104094,8036.0,Pending,Apartment,2025-05-14
POL-209997,TG-104146,5984.0,Pending,Apartment,2024-04-30
POL-209998,TG-105745,23674.0, approved ,Apartment,2024-05-24
POL-209999,TG-104785,20052.0,Approved,Apartment,2023-06-30
POL-210000,TG-100159,23835.0,Pending, apartment ,2023-06-13
POL-210001,TG-100878,12030.0,Denied,Townhouse,2024-11-17
POL-210002,TG-101962,,Approved,Condo,2023-02-14
POL-210003,TG-107270,7450.0,Approved,Condo,2023-02-25
POL-210004,TG-101364,13401.0, approved ,Apartment,2024-10-22
POL-210005,TG-101367,7224.0,Approved,Condo,2024-01-08
POL-210006,TG-104771,6820.0,Pending, apartment ,2023-10-19
POL-210007,TG-103779,10403.0,Pending,Apartment,2023-08-03
POL-210008,TG-107019,19471.0,Pending,Apartment,2024-03-21
POL-210009,TG-105891,22831.0, approved ,Apartment,2023-09-15
POL-210010,TG-101609,16618.0,Denied,Townhouse,2023-12-09
POL-210011,TG-108203,12848.0, approved ,Condo,2024-09-23
POL-210012,TG-104432,22112.0,Denied,Apartment,2025-04-04
POL-210013,TG-109255,12635.0,Denied,Townhouse,2025-02-15
POL-210014,TG-108026,23459.0,Approved,Apartment,2024-04-09
POL-210015,TG-101527,12448.0, approved ,Condo,2023-02-14
POL-210016,TG-103351,15679.0, approved ,Townhouse,2023-04-17
POL-210017,TG-109553,10945.0,Denied,Apartment,2025-01-28
POL-210018,TG-105950,5219.0,Approved, apartment ,2023-02-23
POL-210019,TG-103634,12029.0,Pending, apartment ,2024-07-04
POL-210020,TG-102105,18285.0,Pending,Townhouse,2023-06-30
POL-210021,TG-102722,22484.0,Approved, apartment ,2023-06-11
POL-210022,TG-107363,23653.0, approved ,Townhouse,2025-03-15
POL-210023,TG-104321,17871.0, approved ,Apartment,2023-01-30
POL-210024,TG-100726,18634.0,Pending, apartment ,2024-05-11
POL-210025,TG-103657,22878.0,Pending,Townhouse,2024-06-11
POL-210026,TG-107224,8465.0,Pending,Condo,2023-04-29
POL-210027,TG-104827,16525.0,Pending,Townhouse,2023-03-14
POL-210028,TG-101803,18650.0,Pending,Townhouse,2023-08-29
POL-210029,TG-109488,12205.0,Denied,Condo,2025-01-08
POL-210030,TG-107425,9569.0,Pending,Condo,2024-03-31
POL-210031,TG-105324,12770.0, approved ,Apartment,2024-08-29
POL-210032,TG-104620,20507.0,Pending,Condo,2024-08-16
POL-210033,TG-106303,18293.0,Approved,Townhouse,2023-11-30
POL-210034,TG-106312,12557.0,Approved,Condo,2024-03-05
POL-210035,TG-103258,9688.0,Approved,Apartment,2023-07-23
POL-210036,TG-106400,23546.0,Pending,Townhouse,2025-02-04
POL-210037,TG-106958,22935.0,Denied,Townhouse,2024-11-24
POL-210038,TG-102252,16416.0, approved , apartment ,2023-11-30
POL-210039,TG-109960,11578.0,Approved, apartment ,2023-08-24
POL-210040,TG-105474,12237.0,Approved,Townhouse,2025-03-08
POL-210041,TG-106787,22375.0, approved ,Townhouse,2023-04-23
POL-210042,TG-108879,12094.0,Pending,Apartment,2023-11-30
POL-210043,TG-103861,23099.0,Denied,Townhouse,2023-08-22
POL-210044,TG-105581,13464.0,Denied,Townhouse,2023-04-11
POL-210045,TG-105452,7562.0,Pending, apartment ,2023-08-31
POL-210046,TG-106017,10473.0,Denied,Condo,2025-01-25
POL-210047,TG-106070,16676.0,Approved,Apartment,2024-02-27
POL-210048,TG-108392,6015.0,Denied,Apartment,2025-06-09
POL-210049,TG-104367,8331.0,Approved, apartment ,2023-07-24
POL-210050,TG-106539,15067.0,Denied, apartment ,2024-01-20
POL-210051,TG-100695,15315.0, approved ,Condo,2023-08-14
POL-210052,TG-106124,15594.0,Approved,Apartment,2023-03-17
POL-210053,TG-108288,19153.0,Approved,Condo,2024-04-27
POL-210054,TG-103045,23453.0, approved , apartment ,2024-08-22
POL-210055,TG-108788,19824.0,Approved,Condo,2024-05-11
POL-210056,TG-105514,24991.0,Pending,Apartment,2023-02-25
POL-210057,TG-109432,18834.0,Pending,Townhouse,2024-03-22
POL-210058,TG-106391,15195.0,Denied,Condo,2023-05-29
POL-210059,TG-102625,6736.0,Denied,Townhouse,2023-08-10
POL-210060,TG-101464,9133.0,Denied,Condo,2024-09-16
POL-210061,TG-105577,20323.0,Approved, apartment ,2024-04-10
POL-210062,TG-104595,21984.0,Approved, apartment ,2023-07-02
POL-210063,TG-100502,22843.0,Denied,Condo,2024-02-01
POL-210064,TG-104199,12045.0, approved ,Condo,2024-01-18
POL-210065,TG-109309,11715.0, approved ,Townhouse,2023-05-20
POL-210066,TG-100558,18114.0,Approved,Apartment,2024-04-13
POL-210067,TG-104943,17180.0,Approved, apartment ,2025-01-07
POL-210068,TG-102050,9334.0,Approved, apartment ,2023-07-18
POL-210069,TG-104236,19056.0, approved ,Apartment,2024-10-09
POL-210070,TG-106737,24447.0,Pending,Apartment,2024-01-03
POL-210071,TG-105247,19858.0,Denied,Townhouse,2023-10-04
POL-210072,TG-100808,20248.0, approved ,Apartment,2023-07-27
POL-210073,TG-102422,23482.0,Denied,Townhouse,2023-12-10
POL-210074,TG-109640,12871.0,Pending,Townhouse,2023-05-11
POL-210075,TG-106150,19805.0,Denied,Condo,2023-02-02
POL-210076,TG-104126,9820.0,Approved, apartment ,2024-12-09
POL-210077,,14420.0,Approved,Townhouse,2024-08-05
POL-210078,TG-106162,12989.0,Denied,Condo,2023-03-03
POL-210079,TG-100046,7822.0,Denied,Condo,2023-10-15
POL-210080,TG-103214,8551.0,Approved, apartment ,2023-05-20
POL-210081,TG-104551,20884.0,Approved,Condo,2023-04-24
POL-210082,TG-100623,13799.0,Denied, apartment ,2025-05-22
POL-210083,TG-106689,22784.0,Denied,Townhouse,2024-04-21
POL-210084,TG-109684,5551.0,Approved,Townhouse,2024-04-14
POL-210085,TG-100284,24995.0,Pending, apartment ,2024-03-04
POL-210086,TG-100371,8152.0, approved ,Townhouse,2023-06-25
POL-210087,TG-101541,7855.0,Pending, apartment ,2025-02-17
POL-210088,TG-106122,5826.0,Approved,Condo,2023-12-18
POL-210089,TG-107315,5305.0, approved ,Apartment,2023-08-14
POL-210090,TG-106126,14870.0, approved ,Condo,2023-10-30
POL-210091,TG-105458,8939.0, approved , apartment ,2024-09-10
POL-210092,TG-100720,5393.0,Approved,Condo,2023-06-10
POL-210093,TG-107347,11291.0,Approved,Apartment,2025-03-19
POL-210094,TG-101892,14570.0, approved , apartment ,2025-03-24
POL-210095,TG-105069,22119.0, approved ,Townhouse,2024-10-15
POL-210096,TG-106709,11714.0, approved ,Condo,2024-09-18
POL-210097,TG-109462,, approved ,Apartment,2023-06-24
POL-210098,TG-105706,18067.0, approved ,Apartment,2024-08-14
POL-210099,TG-102552,11189.0,Pending,Apartment,2024-07-20
POL-210100,TG-105676,11022.0,Pending,Townhouse,2025-05-25
POL-210101,TG-105490,12697.0,Pending,Townhouse,2023-08-24
POL-210102,TG-105560,20515.0,Pending,Apartment,2023-03-30
POL-210103,TG-104032,17652.0, approved ,Apartment,2024-02-26
POL-210104,TG-100844,11753.0,Denied,Townhouse,2025-05-27
POL-210105,TG-100414,10707.0,Pending, apartment ,2024-06-18
POL-210106,TG-110014,15059.0,Approved,Townhouse,2024-05-15
POL-210107,TG-101183,6038.0, approved ,Condo,2025-06-01
POL-210108,TG-103495,19261.0,Pending,Townhouse,2023-08-10
POL-210109,TG-102406,18223.0, approved , apartment ,2024-08-28
POL-210110,TG-105894,10138.0, approved , apartment ,2024-04-29
POL-210111,TG-101965,,Approved, apartment ,2025-05-07
POL-210112,TG-102480,19772.0, approved , apartment ,2024-04-18
POL-210113,TG-107985,5649.0,Approved,Townhouse,2023-10-13
POL-210114,TG-107792,10831.0,Pending, apartment ,2023-01-15
POL-210115,TG-101968,14109.0, approved ,Townhouse,2025-01-17
POL-210116,TG-106735,16796.0, approved , apartment ,2024-03-14
POL-210117,TG-109792,23067.0,Approved, apartment ,2025-01-23
POL-210118,TG-100853,12876.0,Approved,Townhouse,2025-06-12
POL-210119,TG-101309,11144.0,Pending,Condo,2023-09-10
POL-210120,TG-109031,10240.0,Denied, apartment ,2023-09-11
POL-210121,TG-108683,16384.0, approved ,Condo,2023-12-02
POL-210122,TG-108130,18466.0,Pending,Apartment,2024-03-20
POL-210123,TG-108472,16555.0,Denied, apartment ,2024-08-16
POL-210124,TG-103451,15784.0,Pending, apartment ,2023-08-16
POL-210125,TG-101351,24545.0,Denied, apartment ,2024-08-28
POL-210126,TG-109854,15430.0,Approved,Apartment,2023-06-02
POL-210127,TG-106588,17429.0,Denied,Condo,2024-08-10
POL-210128,TG-106821,19805.0,Denied, apartment ,2023-01-06
POL-210129,TG-102600,13043.0, approved ,Townhouse,2024-03-03
POL-210130,TG-106958,11815.0, approved ,Apartment,2023-02-15
POL-210131,TG-105078,12178.0,Approved,Condo,2023-02-11
POL-210132,TG-107747,21869.0, approved ,Condo,2024-04-26
POL-210133,TG-103233,8420.0, approved ,Apartment,2025-01-21
POL-210134,TG-106663,8965.0,Pending, apartment ,2025-02-26
POL-210135,TG-106410,12026.0, approved , apartment ,2024-05-31
POL-210136,TG-106614,11259.0,Denied,Apartment,2023-02-04
POL-210137,TG-104854,17864.0,Pending,Apartment,2024-03-11
POL-210138,TG-105186,18488.0,Denied,Apartment,2024-06-27
POL-210139,TG-106861,22126.0,Approved, apartment ,2024-02-08
POL-210140,TG-105979,18395.0,Pending,Apartment,2024-05-05
POL-210141,TG-103594,5605.0,Denied,Apartment,2025-04-09
POL-210142,TG-107709,16169.0,Denied,Condo,2025-03-28
POL-210143,TG-109452,16836.0,Pending,Townhouse,2024-12-14
POL-210144,TG-106785,12351.0,Pending,Apartment,2025-04-21
POL-210145,TG-109467,5422.0, approved ,Townhouse,2023-04-11
POL-210146,TG-106295,23353.0,Approved,Condo,2024-04-08
POL-210147,TG-107373,13683.0,Approved,Apartment,2024-05-22
POL-210148,TG-100641,17918.0, approved ,Townhouse,2023-09-04
POL-210149,TG-103522,19109.0,Pending, apartment ,2023-03-27
POL-210150,TG-106041,5111.0,Approved,Townhouse,2024-07-25
POL-210151,TG-106300,5034.0, approved ,Apartment,2025-02-10
POL-210152,TG-101395,19644.0, approved , apartment ,2023-01-13
POL-210153,TG-107473,10431.0,Denied,Condo,2024-12-10
POL-210154,TG-110043,18340.0,Approved,Townhouse,2025-01-19
POL-210155,TG-101347,8392.0, approved ,Apartment,2024-02-21
POL-210156,TG-106478,5372.0,Pending,Apartment,2023-08-12
POL-210157,TG-105270,13127.0,Denied, apartment ,2023-05-16
POL-210158,TG-103179,24981.0,Approved,Townhouse,2024-01-03
POL-210159,TG-105607,23953.0,Denied, apartment ,2023-10-30
POL-210160,TG-107806,22152.0,Approved, apartment ,2023-09-02
POL-210161,TG-105720,24406.0,Approved, apartment ,2024-10-25
POL-210162,TG-105167,21782.0,Pending,Apartment,2023-04-03
POL-210163,TG-104366,19249.0, approved , apartment ,2023-01-17
POL-210164,TG-102553,15592.0,Denied,Apartment,2024-05-06
POL-210165,TG-103052,7885.0,Approved,Townhouse,2024-11-16
POL-210166,TG-101082,22645.0,Denied,Townhouse,2023-11-09
POL-210167,TG-107115,17317.0,Pending, apartment ,2023-06-15
POL-210168,TG-103919,14333.0,Pending,Condo,2024-12-21
POL-210169,TG-100409,22947.0,Denied,Townhouse,2024-04-15
POL-210170,TG-108519,23537.0,Pending,Townhouse,2025-05-28
POL-210171,TG-101178,8358.0,Denied, apartment ,2024-08-07
POL-210172,TG-107386,7272.0,Pending,Condo,2025-02-04
POL-210173,TG-103698,7004.0, approved ,Condo,2024-08-20
POL-210174,TG-109853,15033.0,Approved, apartment ,2023-01-25
POL-210175,TG-107082,20446.0,Approved, apartment ,2024-04-10
POL-210176,TG-103496,8419.0,Denied,Townhouse,2024-04-19
POL-210177,TG-103772,7768.0,Approved,Townhouse,2025-03-01
POL-210178,TG-100748,23445.0,Denied,Condo,2023-05-22
POL-210179,TG-106431,10583.0, approved ,Townhouse,2025-06-14
POL-210180,TG-105341,8842.0, approved ,Condo,2024-12-21
POL-210181,TG-100250,6220.0, approved , apartment ,2024-02-20
POL-210182,TG-105308,13030.0, approved , apartment ,2023-07-09
POL-210183,TG-104240,7550.0,Pending,Condo,2025-03-19
POL-210184,TG-103720,7371.0,Denied,Condo,2025-06-11
POL-210185,TG-106584,11774.0, approved , apartment ,2024-01-15
POL-210186,TG-104977,19274.0, approved ,Condo,2024-10-03
POL-210187,TG-103359,15555.0,Denied,Apartment,2024-04-20
POL-210188,TG-103025,15982.0, approved ,Apartment,2024-12-21
POL-210189,TG-105764,,Pending, apartment ,2024-10-10
POL-210190,TG-105414,24017.0,Denied,Apartment,2023-01-02
POL-210191,TG-108846,16702.0, approved ,Condo,2025-05-31
POL-210192,TG-104532,20044.0,Approved,Condo,2024-10-04
POL-210193,TG-109146,17877.0,Approved,Condo,2023-03-14
POL-210194,TG-104994,20990.0,Denied,Apartment,2024-01-30
POL-210195,TG-100056,12169.0,Approved,Apartment,2024-12-08
POL-210196,TG-105938,5078.0, approved , apartment ,2023-12-07
POL-210197,TG-108953,6155.0, approved ,Apartment,2024-06-27
POL-210198,TG-107946,13776.0,Denied,Apartment,2023-02-03
POL-210199,TG-108600,8203.0, approved ,Apartment,2023-10-31
