app_id,property_id,app_date,employment_status,income,credit_score,previously_evicted,has_cosigner,approval_status,premium,monthly_rent,tenants,notes
0000140,00357,06/14/2020,Retired,129141,,No,no,Denied,5846.4,6090,3,"Renewal case."
0000339,01135,02-24-2024,Retired,227525,,No,true,approved,2572.8,2680,5,
0000664,00438,02/25/2022,Full-Time,163743,745,No,true,Approved,2805.6,3340,4,"Applicant provided pay stubs."
0001365,00557,24/04/2022,Contract,70375,687,No,No,Pending,2134.2,3557,4,"Referred by agent."
0002528,00038,"February 16, 2021",Retired,142283,,Yes,TRUE,Pending,4979.52,5187,5,"Referred by agent."
0005110,00483,2020-03-28,Self-Employed,168958,676,No,,Approved,1337.28,1592,2,"Co-signer pending review."
0008277,00386,2024-01-29,Student,98060,833,No,yes,Approved,1518,2300,2,"Flagged for manual review."
0008386,01432,09/18/2020,Unemployed,124900000,698,No,No,"Under Review",5827.2,6070,4,.
0009442,01532,03/05/2023,Full-Time,44834,656,No,No,Denied,2118.48,2716,4,"docs expired"
0010126,00207,"November 19, 2021",Retired,205761,662,No,yes,Pending,3986.4,6644,5,n/a
0012726,01738,12-25-2024,Part-Time,213156,N/A,No,No,Pending,1776.6,2115,3,"docs expired"
0013509,00200,30/11/2021,Full-Time,205434,,Yes,Y,approved,1840.74,2789,1,"Referred by agent."
0014294,00030,02/13/2023,Unemployed,231909,809,No,no,Approved,2976.96,3101,4,"Missing bank statements."
0014569,00304,04/29/2024,Unemployed,183128,798,Yes,No,Denied,1251,2085,1,"docs expired"
0014590,00071,2022-03-05,Full-Time,135994,448,No,,Pending,2827.5,3625,3,N/A
0016578,00941,2020-10-31,Full-Time,212683,654,Yes,No,Approved,2230.02,2859,3,n/a
0017022,01471,07-14-2020,Part-Time,75089,,No,no,Approved,3880.8,4620,3,"Applicant provided pay stubs."
0020568,01143,13/04/2022,Retired,242708,497,No,no,Denied,2398.08,2498,1,"Missing bank statements."
0022043,01082,04/17/2021,Part-Time,167814,722,No,no,denied,913.44,1384,3,"Flagged for manual review."
0022113,01614,"October 27, 2022",Full-Time,161093,779,No,1,Pending,6505.8,7745,1,"Co-signer pending review."
0022530,00105,27/12/2022,Unemployed,243086,811,No,N,Withdrawn,4456.92,5714,1,N/A
0022927,00858,2021-07-14,Unemployed,6344,657,No,FALSE,denied,4003.74,5133,2,"Missing bank statements."
0023053,00587,02/17/2024,Part-Time,97725,447.0,No,1,Pending,5443.2,5670,5,"Co-signer pending review."
0023531,00623,,Unemployed,59619,770,No,false,Approved,7350.72,7657,2,"Applicant follow-up needed"
0025929,01112,"December 31, 2024",Student,18094,,No,No,Pending,1285.68,1948,3,"Renewal case."
0027031,01424,2023-06-17,Student,117184,842,Yes,0,Pending,1940.64,2488,5,N/A
0028523,00863,,Contract,129953,729,No,false,Approved,828.96,1256,2,
0029155,00117,12/05/2021,Student,67801,726,No,yes,Denied,1776.06,2691,5,"Flagged for manual review."
0029469,01502,04-05-2020,Retired,205970,717,No,No,Approved,1761,2935,1,N/A
0031153,01426,2023-12-11,Retired,239937,552,No,0,Approved,6846.72,7132,5,"Missing bank statements."
0032569,00960,26/06/2021,Unemployed,135402,659,No,N,Denied,1281.06,1941,2,
0033505,01374,08/03/2022,Student,123900000,718,Yes,No,Denied,2250.6,3751,5,"Renewal case."
0039831,00786,"April 30, 2024",PT,182546,,No,,Withdrawn,1992.48,2372,4,n/a
0040594,01486,07/05/2022,Part-Time,196804,831,No,false,Pending,3932.16,4096,2,"Co-signer pending review."
0040885,00542,11-16-2024,Retired,79240,730,Yes,true,Pending,1566.6,1865,3,"Missing bank statements."
0042664,00690,2020-12-12,Unemployed,73906,632,No,No,Withdrawn,1048.32,1344,2,"Missing bank statements."
0042801,01301,06/21/2022,Student,88287,587.0,No,TRUE,Denied,1393.92,2112,5,
0042852,00635,07-09-2023,Student,184446,679,No,0,Approved,4816.32,5017,2,.
0045209,01679,04-20-2020,Student,155017,628,Yes,FALSE,Withdrawn,3724.56,4434,4,
0045214,00745,2022-09-30,Unemployed,184947,773,No,yes,Approved,3454.44,5234,3,"Referred by agent."
0047538,00138,07/03/2020,Student,222971,759.0,No,no,Approved,2119.68,2208,2,"Applicant provided pay stubs."
0048883,00151,2020-07-15,Full-Time,196831,840,No,FALSE,Approved,2521.86,0,3,"Applicant provided pay stubs."
0049499,00431,"November 03, 2023",Self-Employed,88403,358,No,No,Approved,2804.1,3595,1,"Applicant follow-up needed"
0050504,00478,10/09/2024,Contract,48496,N/A,No,TRUE,"Under Review",2903.04,3024,1,
0050983,01624,"May 13, 2024","Self Employed",69518,584,No,FALSE,Approved,2680.26,4061,3,n/a
0053482,01052,04/17/2020,Full-Time,161542,633,Yes,,Approved,2710.5,0,3,N/A
0056224,01335,06-10-2023,Student,155101,685,No,FALSE,Pending,6277.32,7473,5,"Applicant follow-up needed"
0058428,00177,05/09/2023,Retired,220104,779,No,no,Withdrawn,1509.12,1572,1,
0058625,00835,06-25-2022,Part-Time,128630,591,No,1,Denied,2509.08,2987,2,.
0060529,01755,02-04-2023,Part-Time,41338,834,Yes,FALSE,Approved,1681.2,2802,5,
0064113,00317,11/22/2022,Self-Employed,62462,693,No,1,Denied,2854.08,2973,1,
0065031,00566,28/08/2021,Unemployed,115814,654,No,false,Approved,1177.8,1510,2,n/a
0066941,00395,08/23/2021,Contract,190401,733,No,Yes,Denied,2486.4,4144,5,"Flagged for manual review."
0068766,01461,05-29-2022,Retired,41771,705.0,Yes,,Approved,3621.12,3772,1,"Applicant provided pay stubs."
0070981,00212,07/23/2023,Retired,269787,617,No,Y,"Under Review",1713.6,1785,4,
0071141,01637,2020-09-05,Unemployed,242263,693,Yes,FALSE,Approved,2810.4,4684,1,
0071283,00571,13/08/2022,Retired,31211,725,No,,Denied,1703.46,2581,2,
0071327,01218,02/21/2020,Contract,229294,782,No,false,Approved,4985.64,7554,4,.
0071917,01380,2023-08-23,Self-Employed,169250,808,No,yes,Approved,8010.24,8344,1,
0071995,00478,10/18/2021,Self-Employed,249012,611,No,0,Approved,1814.4,3024,4,N/A
0072021,00122,2023-10-26,Student,66703,662,No,Yes,Approved,1247.4,1485,2,"Referred by agent."
0072452,00843,"August 20, 2021",Full-Time,96593,697,Yes,TRUE,Withdrawn,1117.74,1433,5,N/A
0077457,01135,01/04/2020,Retired,158915,696,No,FALSE,Approved,2251.2,2680,5,
0077536,01622,01/27/2024,Retired,98912,478,No,TRUE,Approved,1770.78,2683,3,"Applicant provided pay stubs."
0077608,00938,2022-11-06,Retired,157949,788,No,Y,Approved,3348,5580,2,"Renewal case."
0078835,00135,2022-07-06,Part-Time,38929,731,Yes,true,Withdrawn,1298.64,1546,2,"Missing bank statements."
0078900,01277,01/11/2022,Part-Time,132759,624,No,N,Pending,1163.52,1212,3,
0079698,01626,,Part-Time,129683,808,Yes,1,Approved,3760.68,4477,3,"Co-signer pending review."
0080054,01108,"January 02, 2023",Retired,67982,630.0,No,N,Approved,1906.8,2270,5,"Renewal case."
0084952,00183,09/16/2024,Full-Time,126775,732,No,No,pending,6460.44,7691,2,"income verified via Plaid"
0085446,01300,2023-12-12,Unemployed,225455,646,No,Y,"Under Review",3037.44,3616,5,"Flagged for manual review."
0085917,01054,18/04/2023,Student,88348,656,No,N,Pending,2042.88,2128,5,"Referred by agent."
0086395,00805,10/21/2022,Full-Time,179372,367,No,TRUE,Approved,1257.3,1905,4,n/a
0086589,00384,08/06/2021,Student,31675,760,Yes,Yes,Pending,4969.38,6371,5,.
0088929,01531,"February 08, 2020",Full-Time,208788,618,No,TRUE,Approved,1610.7,2065,2,n/a
0089319,00329,"June 26, 2022",Contract,153876,733,Yes,false,Approved,1874.4,2840,3,"docs expired"
0091589,01600,12/11/2021,Unemployed,163765,,No,yes,Pending,1850.94,2373,2,"Referred by agent."
0093901,00506,12/09/2023,Part-Time,45964,608,No,no,Approved,1315.08,1686,3,"Renewal case."
0097465,00493,07/09/2021,Self-Employed,154533,537,Yes,yes,Pending,6987.12,8318,3,
0098074,00160,21/04/2023,Self-Employed,40504,781,No,no,Denied,894.6,1065,3,"Applicant provided pay stubs."
0098331,00599,2022-05-19,Retired,286252,672,No,false,Approved,923.34,1399,2,"Referred by agent."
0098763,01094,08/22/2020,Part-Time,85053,711,No,0,Denied,1433.88,1707,2,"Applicant provided pay stubs."
0099221,01237,03-24-2021,Full-Time,164591,814,No,,Approved,932.88,1196,4,N/A
0099521,01451,2021-08-06,Retired,164566,681,No,yes,Denied,3500.28,4167,1,"Applicant provided pay stubs."
0101283,01067,04/19/2022,Contract,123836,691,Yes,1,Denied,1911.36,2896,3,n/a
0102129,00020,12-04-2022,Full-Time,39954,605,No,yes,Denied,4233.6,5040,4,"Referred by agent."
0102888,01448,01-17-2024,Self-Employed,21282,709,Yes,,Denied,1903.44,2884,5,"Renewal case."
0103039,00145,2021-03-21,Unemployed,184496,830,Yes,false,Approved,520.8,868,4,.
0104681,00031,03-18-2021,Part-Time,59925,,No,TRUE,"Under Review",3008.88,3582,1,"docs expired"
0108314,01242,31/10/2024,Student,253626,825,No,Y,Denied,3026.52,3603,3,"Missing bank statements."
0110697,01725,09-10-2021,Self-Employed,254073,799,No,yes,Approved,8069.76,8406,3,"Renewal case."
0111153,00043,2024-08-05,Self-Employed,63750,609,No,yes,Approved,2569.32,3294,1,N/A
0112052,01495,2021-09-19,Self-Employed,87224,633,No,Y,Approved,4537.26,5817,5,"Applicant provided pay stubs."
0113063,00004,22/12/2024,Self-Employed,51665,,No,FALSE,"Under Review",1454.04,1731,5,n/a
0113191,01565,07/04/2022,Retired,197044,,No,false,Approved,3370.08,4012,2,"Missing bank statements."
0113530,01024,2024-11-29,Full-Time,222537,653,Yes,FALSE,Approved,953.04,1444,2,"Applicant provided pay stubs."
0113555,00011,31/01/2020,Self-Employed,21950,835,No,TRUE,"Under Review",3956.7,5995,4,
0117487,01229,12-25-2022,Retired,234431,832,No,0,Pending,6237,9450,2,
0118720,01048,"August 02, 2021",Self-Employed,318849,778,No,No,Denied,4804.8,8008,3,"docs expired"
0120737,00193,01/04/2022,Full-Time,169945,811,No,1,"under review",1707.42,2189,3,"Flagged for manual review."
0125960,00650,09/03/2020,Full-Time,136835,725,No,0,Denied,1384.5,1775,2,"Missing bank statements."
0126094,01447,22/07/2023,Contract,197756,778,No,Y,Approved,1154.88,1203,4,"Renewal case."
0126356,01400,15/05/2020,Contract,118769,745,No,No,Withdrawn,3766.56,4484,3,"Applicant provided pay stubs."
0126975,00572,2021-07-29,Self-Employed,213192,580,No,FALSE,"Under Review",1014,1300,3,"Flagged for manual review."
0126996,00187,,Student,137349,631,No,yes,Approved,3682.56,3836,1,"docs expired"
0128305,01368,,Full-Time,207100000,733,No,FALSE,Denied,2045.34,3099,4,n/a
0129108,00109,19/03/2020,Retired,81159,655,No,Yes,"Under Review",1184.04,1794,4,"Flagged for manual review."
0129591,01115,14/07/2021,Student,227905,651,No,false,Pending,3333.96,3969,4,N/A
0131131,01321,04-09-2024,Retired,239168,509,No,Y,Approved,2275.56,2709,3,"Flagged for manual review."
0131136,00229,06-03-2023,Full-Time,93093,401,No,No,Denied,1559.58,2363,1,"Flagged for manual review."
0132652,00218,"July 30, 2021",Contract,28471,809,No,true,Denied,2470.38,3743,2,N/A
0132917,00092,"September 18, 2020",Part-Time,67954,484,Yes,1,Approved,2086.92,3162,5,.
0133333,01253,"June 13, 2023",Self-Employed,141726,387,No,No,Approved,3552.12,5382,1,"Referred by agent."
0133448,00047,"April 23, 2022",Retired,145598,758,No,1,Pending,5220.48,5438,3,"Applicant provided pay stubs."
0133824,01788,2023-01-30,Student,101900000,661,No,N,Approved,2413.32,2873,3,"docs expired"
0135331,01373,"May 06, 2024",Part-Time,62578,701,No,FALSE,Denied,712.92,914,1,"income verified via Plaid"
0135394,00544,"February 06, 2022",Unemployed,141288,621,Yes,yes,Withdrawn,1678.2,2797,5,N/A
0136068,01487,04/14/2023,Student,228101,783,No,Yes,Denied,2588.04,3081,2,
0139268,01606,"September 26, 2022",Part-Time,291216,779,No,yes,Denied,3695.16,4399,4,"Applicant follow-up needed"
0139886,00294,"May 06, 2020",Retired,175300000,414,No,Y,"Under Review",3264,3400,1,"Co-signer pending review."
0140721,00487,2023-04-11,Student,27828,743,Yes,1,Approved,2027.76,2414,1,"Missing bank statements."
0141484,01630,26/10/2020,Student,150789,722,Yes,yes,Approved,884.52,1134,2,"Missing bank statements."
0142441,00044,08-14-2022,Unemployed,65221,,No,false,Approved,6562.92,7813,4,"Applicant provided pay stubs."
0146250,01722,01-28-2024,Part-Time,204012,595,No,false,Approved,1010.4,1684,3,
0147567,01330,"May 18, 2021",Full-Time,218954,661,No,Y,Approved,759,1265,2,"docs expired"
0147598,00116,2021-03-25,Unemployed,37154,686,No,N,Approved,3159.24,3761,1,
0149225,00626,19/11/2024,Retired,100080,726,No,true,Approved,1911.36,1991,1,n/a
0149420,01395,10-19-2024,Contract,142175,687,No,yes,Approved,2294.16,3476,5,N/A
0150507,01507,03/16/2021,Unemployed,278141,790,No,Y,Denied,2498.16,2974,3,N/A
0151498,00501,2021-02-27,Contract,46250,712,No,yes,Approved,969.54,1469,2,
0152406,00669,07/22/2023,Retired,236654,660,No,true,Pending,530.64,804,5,n/a
0152599,00827,2024-06-13,Contract,70668,794,No,FALSE,Withdrawn,2832.72,4292,2,"docs expired"
0157105,00411,07/05/2022,Full-Time,214343,719,No,Yes,Approved,979.2,1020,5,"income verified via Plaid"
0157323,00908,2021-07-22,Full-Time,125073,716,No,No,Approved,4617.6,4810,2,"Applicant follow-up needed"
0157703,00930,26/08/2024,Unemployed,206267,613,No,0,Approved,2563.08,3286,4,n/a
0157864,01791,2024-04-20,Part-Time,181970,714,No,Yes,Approved,3003,3575,1,"Referred by agent."
0159508,00549,2023-03-15,Full-Time,170052,770,Yes,false,Approved,1958.88,2968,3,"docs expired"
0160038,00934,"December 03, 2020",Part-Time,179512,685,No,Y,Approved,1213.08,1838,1,"Missing bank statements."
0160793,00503,12/15/2020,FT,129847,675,No,false,Denied,3263.52,4184,4,"Referred by agent."
0169687,00118,,Retired,46981,586,No,1,Pending,4216.8,7028,3,.
0169720,01071,04/13/2023,Self-Employed,223541,787,No,Yes,Approved,3295.68,3433,5,"docs expired"
0170238,00413,19/03/2022,Part-Time,191032,692,No,true,Approved,6230.4,6490,3,"Missing bank statements."
0170623,00840,01-30-2022,Unemployed,165418,377,No,no,Denied,2169.18,2781,1,"Referred by agent."
0172144,00760,2023-05-21,Contract,98418,700,No,true,Denied,1201.86,1821,1,
0175215,01385,04/12/2024,Retired,155826,347,Yes,0,Approved,865.2,0,1,.
0175514,00690,01-10-2021,Contract,137620,594,No,yes,Approved,1290.24,1344,3,N/A
0180649,00074,08-24-2023,Self-Employed,77600000,798,No,1,Denied,9555.84,9954,1,"Co-signer pending review."
0183217,01188,10/04/2022,Part-Time,209218,662,Yes,0,Approved,7519.2,12532,5,"Applicant follow-up needed"
0185677,00755,2021-06-04,Unemployed,268437,644,No,No,withdrawn,3675.6,6126,2,"Applicant follow-up needed"
0186316,00389,,Unemployed,19113,797,No,Y,"Under Review",4840.08,5762,3,.
0186324,01713,06-03-2022,Retired,92115,,No,FALSE,Approved,5485.92,8312,1,"docs expired"
0186643,01345,08-11-2022,Student,137004,693,Yes,no,denied,3549.84,4226,1,
0189700,00933,2023-07-20,Full-Time,223286,570,No,No,Approved,1033.2,0,1,"Flagged for manual review."
0191503,01434,"November 01, 2024",Full-Time,83961,317,No,false,Approved,6736.32,7017,3,"Flagged for manual review."
0192095,01597,01/19/2022,Unemployed,160716,781,No,Yes,Denied,1317.36,0,4,
0194002,01512,01/25/2020,Student,119230,470,No,Yes,Denied,2441.88,2907,1,
0197710,00890,2020-05-13,Part-Time,190231,508,Yes,TRUE,Pending,7708.14,11679,4,.
0200029,00588,"August 03, 2022",Student,56100,647,No,FALSE,Pending,1862.4,1940,5,"Renewal case."
0202117,01171,12-07-2021,PT,170559,539,No,,Approved,1850.52,2203,5,n/a
0203006,00985,07-28-2024,Student,187424,,No,FALSE,Approved,1455.72,1733,2,N/A
0203441,01294,"May 16, 2022",Unemployed,102257,623,No,TRUE,Denied,1883.28,2242,3,"Applicant follow-up needed"
0204376,01611,10/05/2023,Part-Time,180679,,No,N,Approved,4625.04,5506,1,"docs expired"
0204793,00373,09/01/2024,Retired,132365,,Yes,,Denied,4920,8200,5,"docs expired"
0204948,00782,2021-02-19,Retired,101280,826,No,no,Approved,2185.92,3312,1,"Referred by agent."
0205143,00669,05/05/2020,Student,188629,605,Yes,FALSE,Approved,771.84,804,1,"Flagged for manual review."
0205513,01004,05/31/2022,Student,82900000,,No,Y,Pending,5247.36,5466,3,N/A
0205792,00879,30/01/2023,Part-Time,126864,713,Yes,No,Denied,532.2,887,2,"Missing bank statements."
0207068,01250,09-05-2022,Unemployed,204948,815,No,no,Withdrawn,3649.92,3802,1,"Applicant provided pay stubs."
0207263,01612,30/07/2021,Retired,215022,807,No,true,pending,2043.84,2129,5,n/a
0212326,00919,,Retired,233799,,No,Yes,Denied,773.64,921,2,"Applicant follow-up needed"
0212669,00635,08-15-2020,Retired,91293,825,No,TRUE,Approved,4214.28,5017,4,"Missing bank statements."
0214269,00848,01/31/2023,Full-Time,177616,824,No,,Approved,4599.66,5897,5,
0215127,01284,01/28/2020,Contract,33538,746,No,yes,Denied,4358.64,5588,1,n/a
0219335,00038,2022-03-25,Retired,154696,829,No,false,Approved,4979.52,5187,1,"Renewal case."
0221359,01788,07/04/2023,Full-Time,194479,804,Yes,Yes,Approved,2413.32,2873,3,"Renewal case."
0221969,00043,10-23-2021,Full-Time,25380,678,No,Y,Pending,1976.4,3294,4,"income verified via Plaid"
0223016,01291,09-29-2020,Student,74488,736,No,yes,Approved,1584.6,2641,4,"Missing bank statements."
0225310,00255,11-06-2023,Retired,62774,606,No,Yes,Approved,3070.2,3655,5,"Renewal case."
0227834,01753,11-15-2022,Self-Employed,212336,630,Yes,Y,Approved,2368.32,2467,1,"Co-signer pending review."
0228132,01284,28/07/2020,Retired,118348,714,No,false,Denied,5364.48,5588,1,"Renewal case."
0229894,01687,27/09/2020,Contract,183647,793,No,Y,Denied,2169,3615,1,"Applicant provided pay stubs."
0230456,00290,"October 22, 2024",Part-Time,183195,844,Yes,No,Denied,1294.8,1660,2,"Missing bank statements."
0231389,00737,"February 21, 2020",Retired,175859,720,No,,Approved,2811.6,4260,1,"Referred by agent."
0231613,01369,2023-12-26,Part-Time,152615,,No,No,"Under Review",1002.6,1671,2,.
0233008,00543,27/06/2020,Unemployed,25291,642,Yes,TRUE,Denied,1492.8,2488,3,"Flagged for manual review."
0234490,00634,2023-02-01,"Self Employed",90908,672,No,TRUE,Approved,1204.56,1434,1,n/a
0235005,01586,06/02/2021,Student,206049,740,No,,Pending,3695.34,5599,4,n/a
0237584,00333,03/12/2021,Unemployed,58707,,Yes,0,Denied,831,1385,2,
0237842,00170,23/02/2024,Contract,180039,807,No,No,Denied,4109.76,4281,5,
0238008,00644,02-10-2020,Full-Time,9272,397,Yes,FALSE,Approved,3450.24,3594,4,"Applicant provided pay stubs."
0238340,00749,08-30-2024,Unemployed,103912,524,No,N,Denied,2650.56,2761,5,"Flagged for manual review."
0238672,01766,07/09/2021,Unemployed,49567,686,No,1,Approved,4246.2,5055,1,
0240192,00221,15/02/2023,FT,91533,581,Yes,true,Approved,2997.12,3122,4,"Referred by agent."
0243152,01578,"December 27, 2020",Unemployed,119685,816,No,Yes,denied,5772.48,6872,2,N/A
0245293,00804,09-24-2023,Retired,90190,797,Yes,yes,Withdrawn,1894.2,3157,3,"Referred by agent."
0245728,00161,06/17/2023,Part-Time,205277,495,No,TRUE,Denied,2403.6,4006,2,n/a
0246025,00200,04/26/2024,Unemployed,224514,,No,no,Denied,2342.76,2789,4,"income verified via Plaid"
0246932,00963,01/07/2023,Part-Time,78716,798,No,Yes,Approved,572.22,867,3,
0247453,00510,"January 18, 2024",Unemployed,44144,762,No,No,Denied,1168.8,1948,4,"Applicant follow-up needed"
0247865,00312,2024-06-26,Self-Employed,221474,N/A,No,true,Pending,4027.2,4195,2,"income verified via Plaid"
0249173,01690,12/14/2023,Unemployed,169258,784,No,TRUE,Approved,1349.4,2249,5,"docs expired"
0249994,01712,27/10/2023,Self-Employed,30860,693,No,no,Pending,1038.6,1731,5,.
0250164,01021,"January 22, 2022",Full-Time,156700000,691,No,TRUE,Approved,1992.54,3019,4,"Applicant provided pay stubs."
0251694,01054,"April 27, 2020",Retired,120540,406,No,FALSE,Approved,1659.84,2128,1,"Applicant provided pay stubs."
0252094,01298,"October 07, 2024",Student,76932,772,No,Y,Approved,884.4,1340,5,.
0253498,01354,"December 22, 2022",Self-Employed,91915,357,No,No,Approved,1742.16,2074,2,N/A
0255712,00208,2023-09-10,Student,78063,698,No,Yes,Denied,511.8,853,1,"Missing bank statements."
0256787,00514,"November 09, 2021",Part-Time,149344,,No,no,Withdrawn,721.5,925,4,N/A
0258034,00153,30/04/2023,Retired,98135,701,No,N,Pending,2938.98,4453,3,N/A
0258195,01266,06-13-2023,Self-Employed,42903,772,Yes,1,Approved,1062.72,1107,1,"Referred by agent."
0258323,01258,11/04/2020,Contract,212085,693,No,No,Denied,1644.48,1713,2,N/A
0258711,01558,2023-01-23,Unemployed,115730,683,No,N,Approved,5439.84,6476,1,"income verified via Plaid"
0262313,01539,2023-07-07,Student,125977,N/A,No,,Pending,5910.96,8956,3,n/a
0262363,01182,"August 22, 2021",Part-Time,225082,749,Yes,false,Denied,3230.04,4894,5,"Renewal case."
0262735,00478,2023-06-28,Contract,246624,693,No,no,Denied,1814.4,3024,5,
0263955,00023,22/11/2024,Unemployed,180743,743,Yes,no,Approved,3488.64,3634,2,"income verified via Plaid"
0264931,01432,"February 13, 2021",Student,73026,303,No,Yes,"under review",4734.6,6070,5,"Applicant follow-up needed"
0268250,00499,"May 24, 2024",Contract,235520,823,Yes,yes,Denied,2050.8,3418,4,.
0268839,01766,08-29-2023,Contract,8224,,No,yes,Withdrawn,3033,5055,2,"Referred by agent."
0269168,00115,08/15/2024,Self-Employed,199273,588,Yes,N,Approved,4587.84,4779,2,"docs expired"
0272816,01304,2024-07-16,Full-Time,226472,796,No,No,Approved,7522.68,11398,5,N/A
0272865,00813,09-28-2023,Retired,80098,613,Yes,yes,denied,1809.6,2320,4,
0275265,00594,12-15-2023,Self-Employed,37781,524,No,1,"Under Review",1803.6,3006,3,n/a
0275595,00996,2022-12-01,Retired,201691,824,No,FALSE,Approved,5286.96,6294,2,N/A
0276409,01117,02/27/2022,Retired,27368,701,No,Yes,"Under Review",3110.4,3240,3,.
0278318,01472,12/19/2021,Contract,120755,606,Yes,yes,Approved,5756.52,6853,5,"Missing bank statements."
0278901,01255,,Contract,114422,,No,false,Approved,5635.5,7225,1,N/A
0281782,01422,01-23-2020,Unemployed,182240,671,No,false,Approved,2176.32,2267,1,"Missing bank statements."
0282101,01310,23/04/2024,Unemployed,184488,686,No,,Denied,2971.8,3810,3,.
0285699,01033,04/20/2021,Unemployed,56122,690,No,false,Approved,2732.16,2846,5,"Renewal case."
0285858,00953,08/18/2022,Full-Time,55729,768.0,No,FALSE,Withdrawn,2818.2,4270,1,"Missing bank statements."
0286087,00851,05/10/2023,Unemployed,173978,776,Yes,no,Denied,1533.48,1966,4,"income verified via Plaid"
0286096,00834,09-11-2023,Part-Time,107164,751,No,1,Approved,982.8,1260,5,n/a
0286739,00322,14/01/2024,Student,88367,782,No,Yes,Denied,3458.28,4117,4,"Applicant follow-up needed"
0288981,01364,06/06/2021,Unemployed,7838,766,Yes,N,Approved,4536.84,5401,1,n/a
0289080,00617,11/06/2022,Part-Time,83159,619.0,No,FALSE,Approved,1960.8,3268,4,"Renewal case."
0289530,00497,31/07/2022,Unemployed,180367,694,No,N,Denied,2233.44,3384,1,
0289739,00234,2024-03-22,Self-Employed,60772,593,No,N,Approved,2517.24,3814,5,"Missing bank statements."
0291638,00759,01/01/2021,Contract,316338,790,Yes,TRUE,Denied,4716.6,7861,4,"Referred by agent."
0292528,00229,2020-04-26,Contract,164893,740,No,N,Denied,1559.58,2363,5,"Co-signer pending review."
0297383,00935,27/02/2024,Self-Employed,176507,391,No,true,Denied,2325.84,3524,1,"Missing bank statements."
0297733,00863,08/14/2020,Unemployed,153995,,No,,Denied,1205.76,1256,3,n/a
0299364,00483,14/12/2024,Full-Time,172850,679,No,true,Denied,1528.32,1592,2,
0300771,01155,"January 14, 2023",Retired,46810,637,Yes,TRUE,Pending,1850.88,1928,2,"Flagged for manual review."
0300779,01315,07/22/2024,Student,133042,N/A,No,No,Pending,670.8,1118,2,"Co-signer pending review."
0301694,00898,08-09-2023,Full-Time,237949,829,No,FALSE,Approved,1209,2015,3,"Renewal case."
0302965,01789,07/16/2023,Full-Time,44713,,No,,Approved,2348.58,3011,3,"Renewal case."
0303769,00493,12-24-2020,Unemployed,179711,778,Yes,true,Approved,6987.12,8318,1,"Flagged for manual review."
0304245,01424,2022-07-30,Student,159174,767,No,true,"Under Review",1940.64,2488,3,"Flagged for manual review."
0305750,00777,04/05/2020,Part-Time,117523,607,No,0,Approved,1860.3,2385,4,"Applicant follow-up needed"
0305930,01245,2022-01-09,Self-Employed,185247,737,No,false,Pending,2088.24,3164,5,"Applicant provided pay stubs."
0306014,00690,2024-07-14,Unemployed,203962,N/A,No,1,Pending,887.04,1344,4,N/A
0308382,01558,10-17-2023,Unemployed,204870,729,No,N,Approved,4274.16,6476,1,
0309024,01718,29/05/2022,Unemployed,158015,,No,No,"Under Review",1702.08,1773,3,.
0309428,00453,11-25-2022,Unemployed,188825,801,No,0,Pending,1313.4,1990,5,
0310242,00050,19/05/2023,Unemployed,81538,814,No,no,Denied,4929.12,5868,1,"Missing bank statements."
0310716,01785,04/05/2023,Retired,105506,,No,true,Approved,4646.04,5531,2,
0312203,01084,"July 21, 2022",Unemployed,194248,784,No,No,Denied,1682.52,2003,2,"Flagged for manual review."
0313244,00185,"July 04, 2022",Unemployed,76047,806,No,TRUE,Approved,3555.24,4558,5,"Applicant follow-up needed"
0315567,00802,2020-06-26,Self-Employed,174747,688,Yes,no,Approved,2784.96,2901,1,.
0315753,00819,,Part-Time,4551,,No,No,Denied,4232.64,4409,4,"Missing bank statements."
0316339,01322,07/07/2020,Part-Time,59890,366,No,no,Pending,2881.32,3694,2,
0317030,00836,11/12/2020,Student,223899,777,No,TRUE,Pending,2920.5,4425,1,"Applicant provided pay stubs."
0320659,00058,2023-12-05,Full-Time,206900000,N/A,No,true,Approved,1064.58,0,4,"Missing bank statements."
0320823,00935,"September 03, 2023",Full-Time,88468,784,No,,Withdrawn,1671.6,2786,2,.
0321959,01561,06/25/2022,Full-Time,226668,703.0,Yes,false,Denied,2524.08,3236,5,"Applicant provided pay stubs."
0323342,01705,11/17/2023,Unemployed,119633,709,No,true,Pending,2477.16,2949,3,"Applicant follow-up needed"
0323390,01089,12-28-2024,Full-Time,251166,581,No,Yes,"Under Review",1840.44,2191,1,"Referred by agent."
0323395,01636,05/03/2023,Full-Time,218891,844,No,,Approved,11028.48,0,3,"Referred by agent."
0324271,00935,"January 22, 2020",Contract,230210,793,No,true,Withdrawn,2744.82,3519,4,"Missing bank statements."
0325774,01529,"March 31, 2021",Retired,160516,774,No,no,Approved,3550.56,4552,5,n/a
0326496,00728,24/05/2024,Full-Time,80668,624,Yes,yes,Approved,1353,2050,3,"docs expired"
0327247,00450,"June 22, 2020",Full-Time,47956,714,Yes,N,Approved,1341.6,0,2,"Referred by agent."
0328439,01297,08/01/2022,Retired,52063,781,No,FALSE,Approved,1014,1300,3,"income verified via Plaid"
0330969,00030,2020-02-04,Contract,63115,637,Yes,TRUE,Approved,2604.84,3101,4,N/A
0331714,00980,26/11/2024,Retired,170891,720,No,FALSE,"Under Review",1092.96,1656,1,"docs expired"
0331731,01176,,Full-Time,68033,,Yes,,Approved,1193.28,1808,4,"income verified via Plaid"
0333994,01327,2023-01-29,Self-Employed,15605,347,No,Yes,Denied,1935,3225,5,n/a
0334707,00851,"December 17, 2024",Full-Time,77918,749,No,,Approved,1887.36,1966,2,"income verified via Plaid"
0334724,01131,02/25/2020,Self-Employed,20049,587,Yes,No,Approved,1604.16,1671,1,n/a
0336165,00925,2023-04-29,Contract,153347,,No,FALSE,Approved,1831.5,2775,5,"Flagged for manual review."
0336594,00772,"April 19, 2022",Unemployed,160270,712,No,1,Withdrawn,1692.24,2564,1,"Flagged for manual review."
0337603,00185,04-05-2022,Part-Time,308384,624,Yes,TRUE,Pending,3008.28,4558,4,
0337667,00980,"May 11, 2020",Full-Time,186121,497,Yes,1,Pending,1092.96,1656,2,"Applicant follow-up needed"
0341377,01754,25/07/2021,Unemployed,224117,330,No,Yes,Approved,2872.8,4788,4,"Referred by agent."
0342604,01266,06-16-2023,Full-Time,134650,549,No,FALSE,Approved,863.46,1107,3,"Flagged for manual review."
0343425,00857,"December 13, 2021",Student,216361,660,Yes,yes,Approved,935.4,1559,2,N/A
0346782,00518,01-21-2023,Part-Time,178400000,818,No,No,Approved,2947.56,4466,3,"income verified via Plaid"
0348951,00347,,Self-Employed,191220,723,No,N,"Under Review",2519.16,2999,5,.
0350465,00655,30/12/2024,Unemployed,95124,,No,true,Approved,2540.34,3849,2,"Flagged for manual review."
0351224,01187,30/11/2024,Full-Time,278427,805,Yes,false,Denied,2285.64,2721,3,"Flagged for manual review."
0351584,01737,,Full-Time,45478,757,No,true,"Under Review",703.2,1172,5,"Applicant provided pay stubs."
0353082,01706,2024-05-31,Student,43763,664,No,N,Approved,6136.26,7867,5,N/A
0354367,00501,2023-05-17,Retired,69296,353,No,1,Approved,969.54,1469,5,"Renewal case."
0354655,00797,03/12/2021,Part-Time,162097,714,No,1,approved,4159.68,0,4,"Co-signer pending review."
0356158,00946,09/02/2024,Part-Time,163326,401,No,,Denied,7455.36,7766,2,"Flagged for manual review."
0356704,00276,23/11/2022,Retired,89707,417,No,TRUE,Pending,648.96,832,1,"Applicant provided pay stubs."
0357150,00483,2022-09-03,Full-Time,88579,740.0,Yes,true,Approved,955.2,1592,5,"Referred by agent."
0357440,01073,12/22/2023,Unemployed,198656,680,No,yes,Approved,1271.04,1324,2,"income verified via Plaid"
0357856,01307,2021-03-24,Contract,243594,463,No,1,Approved,813.12,1232,1,.
0361077,00405,2020-11-08,Student,215852,728,Yes,no,Approved,2051.52,2137,3,"docs expired"
0361202,01257,19/10/2024,Contract,96544,755,Yes,Y,Denied,791.7,1015,1,
0365086,00286,06/19/2020,Self-Employed,107654,,No,true,Denied,9918.72,10332,4,"Flagged for manual review."
0366555,01406,"September 11, 2020",Contract,64180,830,No,,Withdrawn,3489.6,3635,2,"Referred by agent."
0369234,00213,04/05/2023,Self-Employed,260386,810,No,No,Approved,4474.08,5736,4,"Missing bank statements."
0369689,00716,"October 02, 2022",Student,185538,773,No,TRUE,Pending,1738.8,2898,3,
0369702,00146,05/23/2022,Full-Time,211118,770,Yes,,Approved,1463.22,2217,4,"Applicant provided pay stubs."
0370286,01629,,Contract,119437,747,No,0,Approved,1609.92,2064,3,"Missing bank statements."
0373672,00491,"July 19, 2023",Retired,211144,765,Yes,,Approved,1570.2,2617,2,.
0375483,01796,29/04/2023,Unemployed,81178,790,Yes,yes,Approved,2809.8,3345,4,N/A
0379514,01338,13/12/2023,Full-Time,94202,733,Yes,FALSE,Denied,3279.6,5466,2,"docs expired"
0381496,01660,10-08-2023,Retired,101496,639,No,N,Denied,966.9,1465,2,
0387277,01179,26/12/2022,Part-Time,243209,693,Yes,N,"Under Review",6191.04,6449,2,"Flagged for manual review."
0387557,01612,,Self-Employed,142863,692,No,true,Approved,1405.14,2129,4,N/A
0389097,00502,10-22-2021,Retired,62218,,No,FALSE,Approved,3103.8,5173,4,n/a
0389122,01651,2024-10-12,Full-Time,171589,844,Yes,0,Approved,2325.96,2982,4,"Flagged for manual review."
0389686,00428,2024-10-24,Contract,140855,798,No,N,Approved,852.54,1093,5,"docs expired"
0389990,01097,2022-02-21,Retired,141960,518,No,N,Withdrawn,1453.44,1514,2,"Renewal case."
0390525,01356,04/19/2022,Self-Employed,37617,762,No,0,Approved,3324.42,5037,3,
0392182,01275,03-30-2023,Retired,317738,834,No,no,Approved,3153.6,3285,2,"Renewal case."
0394342,01769,18/03/2023,Full-Time,154173,614,No,,Pending,5800.86,7437,2,
0396194,01555,08/14/2022,Self-Employed,39854,647,No,0,"Under Review",772.2,990,2,.
0396359,00758,"February 25, 2023",Student,245806,333,No,N,Approved,1383.36,2096,2,.
0398362,01384,2020-03-03,Self-Employed,145219,703,No,FALSE,"Under Review",2758.86,3537,1,"Applicant follow-up needed"
0400692,01139,2020-11-02,Retired,196488,791,No,,Pending,4050.6,6751,2,
0401091,01597,07-10-2020,Retired,25163,580,No,no,Approved,1317.36,1996,4,"Referred by agent."
0403674,00845,05/02/2021,Contract,157450,367,No,yes,Withdrawn,5021.52,5978,1,"Co-signer pending review."
0403909,00509,2023-11-22,"Self Employed",39699,839,No,1,Denied,1434.24,1494,2,N/A
0405975,00628,2020-08-23,Student,168631,633,No,,Denied,4302.72,4482,3,"Renewal case."
0406340,00774,05/28/2020,Part-Time,91443,778,Yes,0,"Under Review",3072.42,3939,2,"income verified via Plaid"
0409446,00798,,Part-Time,58689,670,No,Y,Approved,2875.86,3687,5,"income verified via Plaid"
0410745,01448,02/24/2022,Self-Employed,36259,662,No,no,Approved,2422.56,2884,1,"Missing bank statements."
0411283,01249,09-01-2022,"Self Employed",245016,836,No,TRUE,Denied,3152.16,4776,2,"income verified via Plaid"
0411712,00942,12/09/2021,Part-Time,215368,783.0,Yes,Yes,Withdrawn,1263.6,2106,3,N/A
0412946,01419,"January 12, 2021",Self-Employed,147730,671,No,false,Denied,2964.36,3529,4,.
0414358,00295,2023-05-25,Part-Time,248774,587.0,No,TRUE,Denied,4067.7,5215,4,"Referred by agent."
0415822,00490,03/05/2020,Self-Employed,46595,686,No,N,Approved,3524.4,5874,5,.
0419745,01538,,Retired,234031,,Yes,Yes,Withdrawn,1444.8,1720,3,n/a
0421186,00447,05/08/2023,Retired,245688,803,No,,Approved,3751.8,4810,2,N/A
0421317,00943,30/10/2021,Self-Employed,21034,632,Yes,true,Denied,1805.76,1881,5,"Flagged for manual review."
0423645,01030,09/02/2024,Full-Time,19215,,No,no,Approved,1424.64,1484,2,"Missing bank statements."
0424390,01188,28/07/2021,Full-Time,197900000,692,No,Yes,"Under Review",9774.96,12532,5,"Flagged for manual review."
0424667,00662,27/10/2022,Self-Employed,19111,346,No,N,Denied,1003.86,1521,2,
0424679,01608,2024-01-25,Full-Time,66152,718,No,yes,Pending,2242.5,2875,1,"income verified via Plaid"
0424743,00803,2022-09-02,Contract,95531,683,No,Yes,Approved,8073.6,8410,1,"Applicant provided pay stubs."
0425534,01095,04/02/2020,Full-Time,55077,650,Yes,true,Withdrawn,1458.24,1519,3,"Missing bank statements."
0425664,00867,,Unemployed,5030,620,No,TRUE,Approved,2909.76,3464,3,"income verified via Plaid"
0427707,00834,12-14-2020,Contract,203708,,No,TRUE,Approved,1058.4,1260,4,"Renewal case."
0428510,01766,2022-12-11,Part-Time,174035,768,No,yes,Denied,4246.2,5055,1,"Renewal case."
0428781,00841,28/06/2020,Unemployed,238104,,Yes,No,Denied,1976.04,2994,1,n/a
0429638,01565,2020-09-08,Part-Time,152322,785,No,Yes,Approved,3370.08,4012,5,n/a
0430185,00748,2022-01-06,Part-Time,180780,761,No,1,Pending,2442,3700,5,"Flagged for manual review."
0431535,01320,03-20-2023,Retired,105176,653,No,Yes,Denied,3361.2,5602,4,"Co-signer pending review."
0433422,00538,2022-11-13,Full-Time,162899,632,No,true,Approved,2897.16,3449,1,"Applicant follow-up needed"
0433801,01499,"September 19, 2022",Student,48051,,No,false,Approved,2052,3420,4,"Missing bank statements."
0434594,01637,03/01/2021,Self-Employed,113165,684,No,FALSE,Approved,3934.56,4684,1,
0435672,01609,07/09/2020,Full-Time,284157,788,No,yes,Pending,3796.32,5752,5,"Co-signer pending review."
0436809,01666,07-01-2022,Part-Time,46802,607.0,No,Yes,Pending,1011.66,1297,1,"Applicant follow-up needed"
0438917,01587,01-14-2024,PT,187886,331,No,Yes,Approved,2265.6,3776,3,.
0439516,01133,2021-04-20,Full-Time,245187,728,No,TRUE,Approved,1032,1075,3,"Flagged for manual review."
0440077,01746,"September 12, 2021",Student,120641,672,No,Y,Pending,2659.2,2770,1,"Applicant provided pay stubs."
0440243,01061,10-27-2020,Contract,117201,787,No,1,Denied,2056.8,3428,5,
0441284,00244,28/11/2022,Self-Employed,251891,663,No,N,Approved,1104,1840,5,
0443410,00934,2022-06-26,Full-Time,89022,727,No,yes,"Under Review",1213.08,1838,5,"Co-signer pending review."
0444953,00356,07-19-2021,Full-Time,104129,N/A,Yes,,Pending,4292.4,7154,4,"Missing bank statements."
0447276,00122,09-17-2023,Unemployed,321800,,No,TRUE,Approved,891,1485,2,"Applicant follow-up needed"
0447337,00751,12/07/2022,Retired,170864,849,No,N,Approved,1781.64,2121,2,"income verified via Plaid"
0447441,01191,2020-02-03,Part-Time,68621,732,No,FALSE,Denied,752.4,0,4,"docs expired"
0447716,00931,,Self-Employed,259946,627,No,yes,Approved,6371.52,6637,3,
0448434,01126,"April 20, 2023",Retired,11004,702,No,Yes,Denied,2720.76,3239,1,"Flagged for manual review."
0448542,01256,2023-04-10,Retired,193965,672,No,0,Pending,2401.2,0,1,"Flagged for manual review."
0450253,01237,24/06/2024,Student,222577,796,No,yes,Approved,1004.64,1196,4,"docs expired"
0450892,01781,"August 09, 2024",Full-Time,240752,599,No,,Denied,1548.36,2346,1,n/a
0452080,01339,10/04/2022,Student,19621,730,Yes,TRUE,Approved,1011.36,1204,3,
0454675,01091,06-18-2020,Full-Time,160493,317,No,no,Approved,1483.2,2472,4,N/A
0454963,00469,06/12/2021,Contract,179334,849,No,1,Approved,4565.4,5435,5,
0456218,01592,2023-01-18,Part-Time,31251,,No,true,Approved,2776.02,3559,3,N/A
0458935,01115,02/09/2022,Unemployed,141273,611.0,No,Yes,Pending,2619.54,3969,4,"Missing bank statements."
0459748,01685,02-17-2023,Self-Employed,40016,,No,,Approved,4208.64,4384,4,"Flagged for manual review."
0460227,00179,28/09/2023,Contract,192816,713,No,,Approved,2538,4230,3,"Renewal case."
0462443,01574,"December 31, 2020",Contract,242263,689,Yes,FALSE,Pending,1201.92,1252,5,N/A
0462541,01173,05/11/2021,Self-Employed,111043,696,No,,Pending,2410.56,2511,4,"Applicant follow-up needed"
0462660,00381,2020-11-04,Contract,29397,,No,FALSE,"Under Review",3076.8,5128,3,"Renewal case."
0465724,00091,12/13/2021,Contract,166416,N/A,No,no,Denied,989.52,0,4,"Applicant follow-up needed"
0468614,00113,21/06/2024,Self-Employed,207687,627,Yes,1,Pending,1884.12,2243,1,N/A
0468979,01315,"February 24, 2024",Self-Employed,187599,776,No,Y,Denied,872.04,1118,2,"Co-signer pending review."
0469287,00067,"June 24, 2021",Full-Time,92134,715,Yes,TRUE,Approved,3693.36,5596,2,n/a
0469855,01644,2024-03-14,Retired,136752,776,No,N,Approved,1423.8,2373,2,"Applicant follow-up needed"
0471392,00885,2021-07-27,Full-Time,64610,737,No,TRUE,Approved,1230.9,1865,1,"docs expired"
0471633,00774,"April 07, 2022",Self-Employed,168551,741,No,no,Pending,3308.76,3939,3,n/a
0474975,00477,31/07/2022,Unemployed,205704,723.0,Yes,Yes,Approved,1109.76,1156,3,n/a
0478787,00112,12/10/2021,Contract,62501,745,No,yes,Approved,3068.34,4649,2,"Missing bank statements."
0480403,01023,2023-07-28,Contract,140881,680,Yes,true,Approved,885.36,1054,2,"Applicant provided pay stubs."
0481012,00954,"October 02, 2021",Full-Time,102067,774,No,Y,Approved,4654.26,5967,4,
0481592,00728,03/24/2024,Contract,7068,694,Yes,FALSE,Approved,1968,2050,3,"Missing bank statements."
0482146,00719,24/09/2020,Full-Time,209645,697,No,No,Withdrawn,4767,7945,3,"Flagged for manual review."
0482881,01788,05-30-2023,Student,198496,764,Yes,0,Approved,2413.32,2873,1,"docs expired"
0483057,01675,02/27/2022,Full-Time,176135,714,No,Yes,Pending,1310.76,1986,1,"Flagged for manual review."
0483450,00969,2023-10-27,Contract,174901,648,Yes,,Approved,1268.4,1510,5,"Flagged for manual review."
0484892,01768,11-07-2021,Retired,108800000,775,No,N,Approved,3791.76,4514,2,n/a
0487024,00710,"April 11, 2020",Full-Time,176614,812.0,Yes,Y,Denied,1297.92,1352,4,"income verified via Plaid"
0487452,01774,09-16-2021,Self-Employed,212465,793,No,No,Approved,909,1515,3,"Co-signer pending review."
0489021,00042,13/07/2023,Part-Time,164072,791,Yes,yes,Denied,4198.2,6997,2,"income verified via Plaid"
0489617,01162,02-27-2024,Student,167390,,No,0,Approved,2184.84,2601,4,.
0489869,01423,,Retired,100899,680,No,FALSE,Approved,5153.28,5368,3,"income verified via Plaid"
0491514,01184,04-27-2020,Student,212461,481,No,no,Approved,6088.68,7806,4,"Applicant follow-up needed"
0492197,00013,2021-09-21,Contract,247835,611,No,TRUE,Denied,2726.1,3495,5,"Applicant follow-up needed"
0492404,00489,,Part-Time,48456,683,No,1,Approved,1730.4,2060,4,n/a
0493812,01688,30/08/2024,Full-Time,212116,746,No,No,"Under Review",1971.42,2987,5,n/a
0495646,00705,2024-07-03,Full-Time,75187,615,No,Yes,Denied,2045.34,3099,4,"Missing bank statements."
0497187,00003,05/29/2024,Part-Time,139122,830,No,No,"Under Review",1197.84,1426,1,"Flagged for manual review."
0500217,01703,07-29-2020,Self-Employed,54704,663,No,1,Pending,9728.16,12472,2,N/A
0500606,00395,21/12/2024,Self-Employed,92161,385,No,TRUE,Denied,2735.04,4144,5,"docs expired"
0500658,00163,"May 04, 2020",Self-Employed,110675,837,No,no,Approved,3305.28,5008,3,"docs expired"
0500990,01189,10/02/2021,Contract,67102,626,No,false,Pending,3337.62,4279,2,
0501668,01743,05/10/2024,Contract,88231,683,No,No,Approved,1062.72,1107,3,"Applicant provided pay stubs."
0502054,00739,11/29/2023,Retired,32119,,Yes,true,Approved,2468.7,3165,3,"Missing bank statements."
0503569,01189,2022-03-12,Unemployed,206787,750,No,false,Denied,2567.4,4279,3,.
0504915,01332,03/05/2022,Contract,131255,757,No,0,Denied,2754.18,3531,5,"Missing bank statements."
0505558,01587,25/08/2024,Contract,146769,,No,no,Denied,2265.6,3776,1,"Referred by agent."
0505885,01726,08/11/2024,Part-Time,20069,782,Yes,no,Approved,2142,3570,1,"Referred by agent."
0506137,01230,11-22-2022,Self-Employed,234342,793,Yes,false,Approved,2177.28,2592,2,"docs expired"
0506341,01256,,Full-Time,108286,681,No,N,denied,3841.92,4002,3,
0506999,00507,03-08-2021,Student,163758,421,No,yes,"Under Review",680.94,873,1,.
0507043,01687,"February 17, 2024",Full-Time,95924,791,No,0,Approved,3036.6,3615,2,"income verified via Plaid"
0509012,01114,06/20/2022,Retired,227641,762,No,Yes,Pending,1861.2,3102,4,"Renewal case."
0511121,00658,05-11-2020,Self-Employed,218084,743,No,,Pending,2648.88,3396,2,"Renewal case."
0511261,00105,18/09/2024,Unemployed,149578,737,No,false,Denied,4456.92,5714,4,
0511564,00470,2024-07-07,Full-Time,288263,838,No,TRUE,Approved,4856.28,0,5,"docs expired"
0514226,01116,02/15/2022,Full-Time,114231,774,Yes,TRUE,"Under Review",4373.04,5206,1,n/a
0514536,00635,"December 20, 2023",Unemployed,130925,792,No,yes,"Under Review",3311.22,5017,4,n/a
0514592,00025,2021-06-05,Full-Time,20426,774,No,no,Approved,7318.08,7623,4,
0516065,01076,11-23-2020,Student,26023,716,No,false,Approved,2484.72,2958,4,"Applicant provided pay stubs."
0516182,00588,2024-12-01,Contract,205298,768,No,Yes,Approved,1862.4,1940,3,n/a
0517120,01261,04/26/2023,Part-Time,193029,740,No,Yes,Approved,1038.18,1573,1,N/A
0517144,00495,"June 11, 2021",Unemployed,39670,701,No,false,"Under Review",1598.4,1665,2,"Missing bank statements."
0519514,01193,09/09/2021,Student,15604,769,No,N,Pending,4093.32,4873,3,"Missing bank statements."
0522992,00663,20/02/2024,Unemployed,178985,535,Yes,0,"Under Review",1679.7,2545,3,"Renewal case."
0524170,01412,31/12/2020,Student,169704,703,No,No,Pending,1516.8,1580,2,"income verified via Plaid"
0524748,00073,09/02/2022,Part-Time,226211,663,No,Y,Approved,3187.08,4086,1,N/A
0524988,01137,10-30-2024,Part-Time,274515,794.0,No,Yes,Denied,789,1315,1,"Applicant follow-up needed"
0525069,00414,2020-12-10,Part-Time,239780,510,Yes,true,Pending,2018.4,3364,4,"docs expired"
0525619,00579,07-05-2020,Contract,95018,608,No,No,"Under Review",4918.2,5855,3,"Renewal case."
0527109,01387,"August 11, 2020",Retired,234414,586,No,FALSE,"Under Review",1669.98,2141,3,"Missing bank statements."
0527125,01426,03/24/2022,Student,91395,769,No,1,Denied,4279.2,7132,2,"Applicant provided pay stubs."
0528819,00308,25/08/2024,Self-Employed,227905,778,No,true,Approved,2894.1,4385,5,"income verified via Plaid"
0530388,00316,,Student,33136,819,No,No,Approved,2156.28,2567,1,
0531250,01733,02/06/2023,Unemployed,90104,794,No,,Pending,6395.4,10659,5,N/A
0533516,00156,25/01/2022,Self-Employed,132102,,Yes,true,Approved,3343.86,4287,5,"Flagged for manual review."
0533614,00617,"February 28, 2024",Self-Employed,88055,733,No,1,denied,2156.88,3268,1,n/a
0535525,00029,07/15/2020,Student,276594,606,No,false,"Under Review",2286.18,2931,5,
0535614,00336,"January 21, 2022",Self-Employed,183771,690.0,No,,Denied,1407.78,2133,1,n/a
0535716,00960,"June 22, 2024",Self-Employed,288401,641,Yes,false,"Under Review",1164.6,1941,3,.
0537751,00994,2020-02-29,Self-Employed,221899,817,No,TRUE,Approved,1632,1700,3,"Renewal case."
0538926,01764,"February 26, 2021",FT,226943,444,No,N,Approved,3289.2,5482,5,"Flagged for manual review."
0546767,00634,"May 28, 2021",Contract,218772,754.0,No,FALSE,Approved,1376.64,1434,4,
0546882,00610,"October 23, 2023",Self-Employed,158315,504,No,true,Approved,1298.4,2164,5,
0547218,00466,"September 02, 2021",Full-Time,118414,486,No,FALSE,Approved,2835,3375,2,n/a
0549484,00348,"February 03, 2020",Unemployed,129988,819,No,1,Pending,6892.08,8836,4,
0549894,00896,07-14-2021,Student,24805,641,No,Y,Pending,5644.86,7237,5,"Missing bank statements."
0556441,01698,07/16/2023,Part-Time,75531,673,No,No,Approved,1889.58,2863,1,
0556736,01422,04/09/2024,Unemployed,61414,,No,Yes,Denied,1904.28,2267,1,"Applicant follow-up needed"
0556990,01216,11-05-2020,Student,197813,795,No,1,Denied,1414.38,2143,1,"docs expired"
0558059,01606,2023-04-05,Retired,62081,424,No,FALSE,Withdrawn,2639.4,4399,4,"Co-signer pending review."
0558477,00168,05/29/2023,Contract,156262,,No,Y,Denied,1416.24,1686,4,
0559734,00644,"July 01, 2021",PT,161723,712,Yes,1,Approved,2803.32,3594,4,"Applicant follow-up needed"
0559859,00304,2020-06-29,Full-Time,98816,,No,FALSE,Approved,1376.1,2085,1,"Co-signer pending review."
0562357,00586,"July 26, 2021",Retired,27693,818,No,false,"Under Review",1471.68,1533,4,"Applicant provided pay stubs."
0562371,00517,08/09/2021,Retired,144242,729,No,,Denied,3165,5275,4,"Missing bank statements."
0563597,01136,"April 17, 2023",Self-Employed,20829,788,Yes,no,Approved,3505.32,4173,1,N/A
0564549,00740,,Full-Time,36175,N/A,No,,Pending,1777.38,2693,2,
0565813,00699,02/22/2024,Self-Employed,201956,N/A,No,,Approved,2600.4,3940,2,"Applicant provided pay stubs."
0566851,00414,"April 07, 2024",Self-Employed,189540,594,Yes,yes,Approved,2623.92,3364,1,"Renewal case."
0567505,00119,11-30-2022,Full-Time,131026,759,No,Yes,Approved,3161.4,4790,5,"Renewal case."
0567604,00369,01-31-2021,Part-Time,117083,699,No,No,Denied,1358.28,1617,1,N/A
0567925,01668,05-01-2023,Part-Time,246496,799,No,no,Approved,5005.56,5959,5,N/A
0571471,01091,30/01/2021,Self-Employed,58930,794,No,true,Pending,1483.2,2472,2,"Flagged for manual review."
0576753,00463,07-10-2021,Full-Time,38463,834.0,No,1,Approved,3456,3600,5,"Applicant provided pay stubs."
0577095,00221,10-05-2022,Student,183641,752.0,No,false,Denied,2622.48,3122,2,"Referred by agent."
0577199,00978,07-28-2021,Part-Time,151575,694,No,1,Approved,1211.52,1262,5,"Flagged for manual review."
0577749,00415,"April 18, 2024",Contract,193639,785,No,FALSE,Pending,854.28,1017,4,"Missing bank statements."
0581268,01491,14/04/2022,Student,204393,768,No,Yes,Withdrawn,1147.8,1913,3,"Renewal case."
0584552,00798,"February 01, 2024",Part-Time,25273,777,No,false,Approved,1887,3145,3,
0584610,01493,"December 08, 2023",Retired,211016,303,No,yes,Approved,2821.44,2939,1,"Co-signer pending review."
0586108,01538,"January 31, 2020",Self-Employed,46351,,No,true,Pending,1135.2,1720,1,"Applicant follow-up needed"
0588558,00465,15/09/2024,Self-Employed,103777,,No,,Approved,1476.54,1893,3,"Missing bank statements."
0588775,01371,"November 17, 2020","Self Employed",176103,653,No,0,Approved,3318,3950,4,"income verified via Plaid"
0590144,00173,04/18/2020,Full-Time,135518,807,No,false,Approved,2128.62,2729,3,
0590951,00207,2022-01-16,Part-Time,55289,801,No,Y,Denied,5580.96,6644,1,"Applicant provided pay stubs."
0591998,00565,2020-05-09,Part-Time,102124,698,No,FALSE,Withdrawn,1486.08,1548,5,
0594081,00102,2022-03-20,Self-Employed,60747,837,No,,Approved,1909.38,2893,5,"Flagged for manual review."
0594320,01524,"January 23, 2023",Self-Employed,200253,752,No,true,Denied,1680,2800,5,"Referred by agent."
0594400,00887,27/05/2023,Retired,172397,718,Yes,N,Approved,3043.8,5073,1,"Applicant provided pay stubs."
0598953,01025,"May 05, 2020",Part-Time,133613,N/A,No,FALSE,Approved,2778,4630,5,"Renewal case."
0601873,01502,08/06/2021,Unemployed,102126,734,No,FALSE,Denied,2465.4,2935,1,
0602927,00144,"June 23, 2020",Self-Employed,221764,708,No,no,"Under Review",5592.72,6658,1,"Flagged for manual review."
0603863,00709,12-16-2020,Self-Employed,19806,688,No,yes,Approved,1809.6,1885,3,.
0604199,01370,"May 17, 2020",Student,248670,701,No,Y,Withdrawn,1236.48,1472,3,
0604458,00725,03/27/2022,Part-Time,193343,502,No,No,Pending,934.8,1558,4,"Flagged for manual review."
0606036,01080,10/05/2022,Full-Time,95073,675,No,No,Pending,2410.2,4017,5,"Applicant provided pay stubs."
0607670,00944,28/12/2023,Student,81177,653,Yes,Y,Denied,1331.4,1585,2,N/A
0612109,00843,2021-05-20,Full-Time,222275,793,No,true,Denied,859.8,1433,1,"Missing bank statements."
0613827,00846,04/06/2020,Contract,49192,597,Yes,0,Pending,1541.4,1835,2,"Co-signer pending review."
0614025,01130,"December 21, 2020",Full-Time,191205,,No,false,Denied,3369.6,5616,5,"Renewal case."
0615362,01570,2024-10-28,Part-Time,151959,666,No,N,Pending,1084.38,1643,1,"Applicant provided pay stubs."
0619588,00701,09/07/2024,Full-Time,183961,782,No,yes,"Under Review",1277.76,1331,5,"docs expired"
0621461,01226,02/06/2024,Unemployed,77889,500,No,yes,Denied,3095.4,5159,3,"Co-signer pending review."
0621487,00486,07/04/2023,Self-Employed,76557,705,No,yes,Pending,2152.08,2562,5,"docs expired"
0621660,01568,10-20-2020,Retired,64402,721,No,false,Withdrawn,3272.4,5454,1,"Flagged for manual review."
0621844,00672,25/07/2021,Contract,82200000,701,No,N,Pending,2143.2,3572,4,"Applicant provided pay stubs."
0622759,01293,"February 08, 2023",Full-Time,219643,466,No,1,Denied,1481.04,2244,4,"income verified via Plaid"
0625475,01056,2021-11-18,Unemployed,223737,674,No,N,"Under Review",896.22,1149,5,n/a
0626131,01705,"August 12, 2020",Retired,140968,748,No,yes,Denied,1946.34,2949,4,n/a
0626767,00804,,"Self Employed",31306,687,Yes,N,"under review",2083.62,3157,1,.
0628701,01698,08/02/2024,Self-Employed,78831,670,No,No,Pending,2233.14,2863,2,"Flagged for manual review."
0629052,00330,01-17-2023,Contract,46914,743,Yes,1,Denied,1872,1950,5,"Applicant follow-up needed"
0630882,00372,2023-09-24,Unemployed,155041,634,No,0,Approved,1607.04,1674,3,"Flagged for manual review."
0632435,00971,10-02-2021,Self-Employed,20478,846,Yes,N,Approved,2133.12,2222,5,"Co-signer pending review."
0633187,00771,09/05/2023,Full-Time,144737,781,No,no,Approved,1733.4,2889,5,N/A
0633278,00637,09/09/2024,Full-Time,20855,730,No,no,Approved,2541.24,3258,1,"docs expired"
0634961,01496,07-28-2022,Full-Time,81762,705,No,TRUE,Approved,4898.04,5831,2,"Renewal case."
0637043,01320,"July 14, 2023",Contract,135740,,No,no,Approved,4705.68,5602,2,"Flagged for manual review."
0637117,00753,2022-05-15,Retired,61151,608,Yes,Y,Denied,2276.4,2710,3,
0637274,01318,"October 06, 2021",Self-Employed,89762,729,No,Y,Denied,2099.4,3499,1,.
0639751,01719,"February 17, 2023",Part-Time,43524,,No,No,Pending,2354.82,3019,1,"Applicant follow-up needed"
0641462,00176,2022-11-11,Student,238183,806,No,0,Approved,6789.72,8083,5,
0643071,01536,01-13-2021,"Self Employed",188203,748,No,N,"Under Review",3832.92,4563,5,"Applicant follow-up needed"
0643374,01405,,Unemployed,236858,835,No,TRUE,Approved,2377.8,3963,2,"income verified via Plaid"
0647367,01182,12-24-2021,Retired,100070,536,No,false,pending,2936.4,4894,5,"Co-signer pending review."
0648773,01418,26/01/2023,Full-Time,130496,787,No,yes,Approved,3060.48,3188,2,"Renewal case."
0650549,00934,2024-12-31,Retired,119650,782,Yes,yes,Pending,1213.08,1838,4,N/A
0652132,00742,"April 28, 2024",FT,83257,816,No,0,Withdrawn,4666.74,5983,3,"Applicant provided pay stubs."
0652443,01568,21/10/2022,Unemployed,111894,736,No,false,Approved,3599.64,5454,4,"Applicant provided pay stubs."
0654553,01226,14/08/2021,Student,64765,765,No,true,Denied,4333.56,5159,1,"Renewal case."
0655627,00009,"December 16, 2021",Part-Time,63790,N/A,No,TRUE,Denied,1575.36,1641,1,"Applicant follow-up needed"
0657003,01255,,Part-Time,106379,755,No,No,Withdrawn,4335,7225,5,n/a
0657070,00605,12-12-2021,Retired,235796,692,No,Y,Approved,1388.4,2314,4,"docs expired"
0657096,00681,07/05/2022,Self-Employed,295900000,503,Yes,Y,Approved,3936.24,0,2,n/a
0657398,01188,06-08-2021,Part-Time,28949,825,Yes,true,Approved,8271.12,12532,3,
0660146,00408,11/11/2021,Retired,16023,711,No,false,denied,4767.18,7223,2,
0661966,01053,01/07/2024,PT,210806,818,No,false,Denied,1640.4,2734,1,"Co-signer pending review."
0662877,01667,11-24-2024,Student,214501,626,No,true,Approved,2886.6,4811,3,n/a
0663119,00149,10/01/2024,Self-Employed,221275,672,Yes,yes,Approved,1031.4,1719,4,.
0668846,00408,"July 04, 2023",PT,95922,391,No,false,Pending,6934.08,7223,1,"income verified via Plaid"
0669691,00015,12/21/2021,Unemployed,255457,421,No,Yes,Denied,2135.04,2224,4,"Applicant provided pay stubs."
0671942,00509,"April 30, 2024",Unemployed,152743,732,Yes,no,Denied,3647.04,3799,5,"docs expired"
0672003,01111,08/01/2022,Unemployed,31123,,Yes,N,Pending,2649.66,3397,2,"Co-signer pending review."
0673545,00277,09-24-2021,Retired,18426,,No,N,Approved,4063.8,5210,1,"Renewal case."
0673979,00067,04/17/2020,Part-Time,208470,740,Yes,true,Approved,4364.88,5596,1,"income verified via Plaid"
0674345,00006,04-29-2022,Part-Time,142349,630,No,No,Approved,2282.28,3458,1,"Co-signer pending review."
0675017,01074,"August 28, 2022",Student,14974,N/A,No,Y,Approved,3834.48,4916,2,
0675032,01258,17/01/2024,Contract,100453,786,No,N,Pending,1130.58,1713,2,"Co-signer pending review."
0675695,00611,06/03/2021,Contract,178091,768,No,N,Approved,2465.4,4109,5,"docs expired"
0675865,00415,"May 10, 2020",Contract,249656,627,No,1,Withdrawn,976.32,1017,3,"Referred by agent."
0677027,00356,18/07/2023,Part-Time,58235,669,Yes,0,Denied,6009.36,7154,5,"Flagged for manual review."
0677091,01730,2022-03-03,Contract,152545,829,No,TRUE,Approved,3775.8,4495,1,.
0678317,00044,2020-11-10,Retired,96302,625,No,no,Approved,6562.92,7813,3,"income verified via Plaid"
0678402,00667,,Retired,54366,759,No,1,Pending,1974.96,2532,5,n/a
0679258,01350,2021-09-04,Unemployed,219108,646,No,yes,Approved,3464.76,4442,1,
0679277,01655,,Unemployed,74065,633,No,yes,Approved,5913.96,7582,5,"Flagged for manual review."
0680038,00331,2022-10-22,Unemployed,161025,754,Yes,TRUE,Approved,1764.48,1838,1,n/a
0681789,00612,31/08/2022,Contract,134539,,No,No,Approved,4708.8,7848,3,"docs expired"
0681871,00523,,Part-Time,52428,727,No,,Approved,2767.8,3295,3,"Applicant provided pay stubs."
0682241,00060,"April 11, 2021",Full-Time,200433,701,No,TRUE,Denied,766.92,1162,2,"Renewal case."
0682245,01549,08/24/2023,Contract,58090,580,No,FALSE,Approved,1441.44,1848,2,"Applicant follow-up needed"
0685167,01742,10/19/2024,Retired,19472,687,No,No,"Under Review",4241.28,4418,2,"Applicant provided pay stubs."
0686386,01426,2021-10-15,Contract,99860,806,No,no,Denied,6846.72,7132,5,
0687147,01666,,Unemployed,130739,,No,true,Approved,1245.12,1297,4,"Missing bank statements."
0688668,00107,"May 03, 2024",Student,25420,400,Yes,Y,Approved,1991.4,3319,3,"Co-signer pending review."
0689078,00627,05/09/2020,Full-Time,40946,835,No,N,Approved,2708.4,4514,5,"docs expired"
0690795,00715,09/26/2023,Part-Time,248415,790,No,TRUE,Denied,1903.68,1983,5,"Missing bank statements."
0692921,00574,2024-12-06,Retired,223429,809,No,yes,"Under Review",5350.02,6859,1,"Applicant follow-up needed"
0693160,00290,10/16/2024,Self-Employed,119640,691,No,TRUE,Approved,1394.4,1660,3,
0696908,00603,25/08/2023,Self-Employed,82253,,No,no,Approved,797.28,1208,4,n/a
0697848,00165,10/11/2024,Retired,238085,728,No,Y,"Under Review",1387.2,2312,5,"Flagged for manual review."
0700436,01750,02/07/2022,Full-Time,214536,814,No,N,Denied,5596.8,9328,3,"Co-signer pending review."
0700722,00931,11-06-2022,Full-Time,164156,787,No,0,Approved,5575.08,6637,3,"Referred by agent."
0705047,00812,19/09/2023,Contract,239751,,No,false,Denied,2861.76,2981,5,"Applicant follow-up needed"
0705428,00074,"September 16, 2023",Student,115597,698,No,yes,Pending,9555.84,9954,5,n/a
0707647,00289,"January 28, 2022",Full-Time,144086,705,No,No,approved,2845.08,3387,2,
0708862,00195,11/17/2021,Unemployed,157180,764,No,TRUE,Approved,3570.6,5410,3,"Applicant provided pay stubs."
0709792,00959,12/20/2022,Student,166897,705,No,No,Denied,5669.76,5906,5,
0710492,00041,07-19-2020,Full-Time,120201,589,No,No,Approved,750.6,1251,2,"Flagged for manual review."
0711204,01340,01/02/2024,Self-Employed,38912,638,No,false,Withdrawn,999.6,1666,4,"Applicant provided pay stubs."
0711751,00134,06-15-2021,Contract,98022,N/A,No,No,Approved,2438.7,3695,2,"Applicant provided pay stubs."
0711990,01142,"March 23, 2021",Full-Time,121119,806,Yes,no,Approved,3949.92,5064,3,N/A
0715257,01797,01/08/2021,Retired,30846,553,Yes,Y,Denied,840.96,876,5,n/a
0716248,00286,"August 19, 2023",Student,246534,702,No,Y,Denied,9918.72,10332,5,"Renewal case."
0716945,00566,09-16-2021,Retired,210200000,655,Yes,,Withdrawn,1449.6,1510,2,
0717474,00901,2023-01-12,Contract,62131,,No,Y,Approved,4693.92,5588,1,"Referred by agent."
0719200,00753,03-14-2024,Retired,118575,793,Yes,N,Denied,2601.6,2710,5,"income verified via Plaid"
0719722,01074,2024-10-28,Self-Employed,141987,623,No,N,Denied,2949.6,4916,1,"Applicant provided pay stubs."
0720099,00461,10-13-2024,Student,88544,615,No,Y,Pending,1679.16,1999,2,N/A
0721063,00888,12/08/2021,"Self Employed",242022,775,No,No,Denied,3447.18,5223,5,
0721512,01644,03-05-2020,Unemployed,224377,,No,FALSE,Approved,1993.32,0,3,N/A
0721556,01325,02/01/2023,Part-Time,217908,837,Yes,FALSE,Approved,2735.4,4559,5,N/A
0721937,00722,10-03-2021,Part-Time,200866,N/A,Yes,FALSE,"Under Review",6539.52,8384,4,"Missing bank statements."
0723560,01220,"October 13, 2024",Unemployed,129814,652,No,Yes,Denied,7512.96,0,3,"income verified via Plaid"
0724220,00463,08/06/2022,Self-Employed,238324,622,No,No,approved,2808,3600,2,"Missing bank statements."
0724714,01635,30/05/2023,Contract,233568,N/A,No,false,"Under Review",3644.94,4673,2,"Flagged for manual review."
0726706,01679,"July 13, 2021",Self-Employed,133522,835,No,No,Approved,2926.44,4434,4,"Applicant follow-up needed"
0728797,01514,08/05/2021,Self-Employed,248900,727,No,no,Denied,1933.44,2014,4,
0732820,01679,27/04/2020,Student,152113,749,No,FALSE,Denied,4256.64,4434,1,"Missing bank statements."
0735453,01044,02-09-2021,Self-Employed,123196,587,No,TRUE,Approved,6220.5,7975,3,.
0735955,00950,04-18-2022,Contract,86263,472,No,false,Denied,3972.48,4138,1,"Renewal case."
0736130,01647,01/27/2020,Student,94289,575,No,false,Approved,5656.56,7252,3,"Missing bank statements."
0739025,01018,12-28-2020,Student,163246,315,No,false,Denied,5060.88,7668,5,
0739219,01499,2022-10-06,Part-Time,173956,729,No,yes,Pending,1240.2,1590,2,"docs expired"
0739680,00920,05-28-2024,Full-Time,8278,,No,false,"Under Review",2880.36,3429,2,"Missing bank statements."
0739818,00920,2020-10-01,Full-Time,26865,835,No,Y,Denied,2263.14,3429,3,"Applicant provided pay stubs."
0740125,01379,2024-08-03,Self-Employed,89268,678,No,Yes,Pending,3821.4,5790,1,"Applicant provided pay stubs."
0743333,00549,"August 28, 2020",Unemployed,66163,374,Yes,Y,Approved,2315.04,2968,3,"Flagged for manual review."
0743360,01628,03-09-2023,Part-Time,29970,815,No,false,Approved,4589.52,5884,5,"income verified via Plaid"
0743784,00049,,Part-Time,246303,606,No,no,Denied,3568.32,3717,2,"Referred by agent."
0744027,00663,01/12/2021,Student,33525,772,No,yes,Denied,1527,2545,2,"income verified via Plaid"
0747348,00296,2023-05-20,Contract,33397,785,Yes,no,Approved,626.4,1044,1,"Co-signer pending review."
0748316,01733,02-11-2024,Retired,245632,819,Yes,Y,Approved,7034.94,10659,5,
0748984,01309,"July 19, 2023",Part-Time,204679,599,No,yes,Denied,1120.56,1334,4,N/A
0749139,01018,"February 14, 2024",Retired,118825,639,Yes,true,Withdrawn,4600.8,7668,3,"Flagged for manual review."
0750559,01430,17/03/2020,Self-Employed,57678,803,No,Yes,Approved,1027.8,1713,5,n/a
0753284,01664,06/04/2022,Unemployed,143957,690,No,,Denied,2670.72,3424,2,"Renewal case."
0753351,00195,09-09-2022,Retired,219207,627,No,FALSE,Denied,4219.8,5410,4,
0754906,01767,09-25-2020,Unemployed,114960,678,No,yes,Pending,3382.68,4027,5,
0755518,00520,"September 04, 2021",Self-Employed,83804,588,No,no,Withdrawn,4618.56,4811,4,"Co-signer pending review."
0757410,00830,2023-06-22,Full-Time,227503,681,No,FALSE,Approved,2148.6,3581,1,"Missing bank statements."
0758106,00590,,Self-Employed,77816,823,No,TRUE,Denied,10007.76,0,2,.
0758902,00807,21/09/2021,Retired,216541,772,No,false,Approved,1089.6,1816,5,
0759050,01409,2020-07-21,Self-Employed,60290,722,Yes,N,Approved,3155.52,3287,3,n/a
0761371,00809,"August 28, 2023",Contract,93953,762,No,true,Denied,1387.2,1445,1,.
0763672,00265,26/12/2022,Full-Time,128164,773,No,,"Under Review",1237.86,1587,4,N/A
0764743,00570,02/22/2021,Part-Time,316161,782,No,0,Withdrawn,4819.08,5737,3,"Missing bank statements."
0765911,00779,02/25/2023,Full-Time,175221,696,Yes,Yes,Approved,6808.2,8105,2,"Missing bank statements."
0767453,00672,12-18-2024,Unemployed,139285,736,No,FALSE,Approved,2357.52,3572,4,"Missing bank statements."
0770415,01095,25/10/2024,Full-Time,126164,770,Yes,FALSE,Pending,1184.82,1519,1,"Applicant provided pay stubs."
0770735,01091,08/30/2021,Unemployed,126186,801,No,Y,Denied,2373.12,2472,3,"Referred by agent."
0771161,01769,"August 29, 2021",Full-Time,109038,675,No,true,"Under Review",4462.2,7437,5,"income verified via Plaid"
0771539,00454,01/20/2020,Full-Time,157278,841,No,false,"Under Review",2157.12,2568,3,n/a
0772410,01070,"February 23, 2020",Student,18264,717,No,,Denied,774.48,922,3,"Applicant provided pay stubs."
0774461,01706,11/01/2020,Self-Employed,187684,455,No,,Pending,6608.28,7867,1,"Applicant follow-up needed"
0775724,00407,08/18/2021,Part-Time,9715,840,Yes,TRUE,Approved,844.2,1407,2,"Flagged for manual review."
0776505,01529,,Contract,32693,664,Yes,yes,Approved,4369.92,4552,3,"income verified via Plaid"
0779096,01445,14/09/2021,"Self Employed",144257,682,Yes,0,Pending,6513,8350,5,"Renewal case."
0779484,00776,"January 19, 2021",Self-Employed,154211,848,No,Yes,Approved,1359.6,2060,5,
0779564,00581,2023-12-29,Part-Time,70802,,No,no,Approved,3680.88,4382,1,"Applicant follow-up needed"
0780352,00702,2023-01-16,Self-Employed,26812,,Yes,Yes,Pending,740.4,1234,2,
0781124,01433,01-28-2022,Student,306079,812,No,TRUE,Pending,4271.4,7119,1,"income verified via Plaid"
0783846,00628,2021-11-07,Contract,99386,724.0,Yes,no,pending,3764.88,4482,1,"docs expired"
0784578,01176,10/05/2024,Unemployed,136134,728,No,Yes,Denied,1084.8,1808,1,"income verified via Plaid"
0785456,00015,,Full-Time,176802,698,No,no,Pending,1334.4,2224,1,N/A
0786191,01226,09/21/2022,Self-Employed,46602,587,No,1,Denied,4024.02,5159,2,"Missing bank statements."
0786617,01587,24/06/2024,Retired,237297,699,No,Y,denied,2945.28,3776,5,"Co-signer pending review."
0787261,00862,05-22-2022,Full-Time,191140,652,No,N,Approved,2363.46,3581,5,N/A
0787281,00814,2022-08-25,Full-Time,95264,691,Yes,FALSE,Withdrawn,6336.6,10561,3,"Renewal case."
0787300,00147,29/12/2023,Retired,233240,731,No,TRUE,Pending,2271.72,3442,5,"Applicant follow-up needed"
0787472,00304,04-21-2023,Retired,191700000,642,No,TRUE,Denied,1376.1,2085,3,"docs expired"
0789488,00509,,Part-Time,220376,603,Yes,1,Approved,2010.6,3351,3,n/a
0795296,01596,10-23-2022,Unemployed,100696,823,No,yes,Approved,5245.68,7948,2,"Applicant provided pay stubs."
0795563,00174,"January 16, 2020",Student,160554,821,No,,Approved,2323.2,2420,2,"income verified via Plaid"
0797291,00076,03-31-2023,Full-Time,211275,,No,Yes,Approved,1615.32,1923,3,N/A
0797996,00680,2023-08-31,FT,216067,764,No,Y,Denied,679.2,1132,5,"Applicant follow-up needed"
0799249,00157,02-24-2023,Unemployed,312050,,No,false,"Under Review",6640.8,11068,4,"docs expired"
0800732,01011,12/23/2020,PT,88649,773,No,no,Pending,4427.64,5271,3,N/A
0803723,01431,"November 25, 2020",Part-Time,4383,489,No,1,Pending,5454.6,0,5,"Co-signer pending review."
0804857,00663,2024-10-27,Contract,129892,757.0,No,0,Denied,2443.2,2545,1,"Applicant provided pay stubs."
0804924,01264,06-03-2022,Student,46927,677,No,1,Pending,2051.28,3108,1,n/a
0806192,00200,2024-03-19,Student,190099,769,No,yes,Pending,2677.44,2789,3,"Flagged for manual review."
0806564,01677,02/24/2021,Contract,101880,694,No,no,Approved,519.6,866,2,.
0808998,01670,11/25/2024,Full-Time,279821,557,No,true,"Under Review",5765.76,6006,1,"Renewal case."
0809646,01029,2024-03-29,Student,160505,,No,Y,"Under Review",1374.78,2083,1,n/a
0811816,00016,08/06/2023,Full-Time,59855,666,No,1,Approved,1400.52,2122,3,n/a
0811948,00280,25/05/2022,Full-Time,101381,841,No,No,Denied,1092,1400,3,"Referred by agent."
0812572,01595,12/29/2024,Full-Time,78830,,Yes,false,Pending,1550.4,2584,2,
0818270,01229,29/04/2023,Full-Time,144504,760,No,Yes,Approved,7371,9450,5,"Referred by agent."
0818369,01115,08-19-2022,Contract,225833,412,Yes,no,Pending,2619.54,3969,1,
0819155,00160,2021-07-31,FT,106795,,No,N,Withdrawn,1022.4,1065,1,
0820905,00990,03/08/2020,Unemployed,71080,689,No,FALSE,Denied,2431.68,2533,4,"Referred by agent."
0821189,01263,01/26/2024,Retired,18022,696,Yes,true,Denied,2845.44,2964,3,"Applicant follow-up needed"
0821319,01540,13/02/2021,Unemployed,241514,,No,1,"Under Review",2156.88,3268,5,"docs expired"
0821877,00071,12/06/2020,Self-Employed,270045,711,No,yes,denied,3480,3625,4,N/A
0822384,01192,03-27-2020,Self-Employed,161135,648,Yes,yes,"Under Review",5125.2,8542,1,"Applicant follow-up needed"
0822409,01120,"August 25, 2022",Full-Time,184922,,No,N,Approved,953.94,1223,2,"income verified via Plaid"
0822711,00896,"October 26, 2023",Self-Employed,55513,781,No,N,"under review",6079.08,7237,5,"Co-signer pending review."
0823259,00448,03-29-2023,Student,234680,681,No,TRUE,Approved,1390.62,2107,3,"docs expired"
0824401,00993,14/11/2021,Student,41860,703,Yes,No,Pending,680.46,1031,2,"income verified via Plaid"
0826692,01263,"September 04, 2020",Retired,59127,722,No,1,Approved,2845.44,2964,2,N/A
0828843,01516,"March 27, 2023",Self-Employed,72922,789,Yes,Yes,Denied,1491,2485,1,.
0828999,01373,"April 17, 2024",Contract,122397,632,No,true,Approved,712.92,914,4,N/A
0829380,00496,02/18/2022,Student,167182,734,No,0,Approved,2236.26,2867,5,"Flagged for manual review."
0830463,00612,12-09-2024,Part-Time,142563,,No,Y,Approved,5179.68,7848,5,"income verified via Plaid"
0830610,01430,06-20-2023,Self-Employed,322117,436,Yes,N,Withdrawn,1644.48,1713,4,"Renewal case."
0831162,01714,2022-11-20,Student,217070,677,No,yes,Withdrawn,2187.9,0,5,"Flagged for manual review."
0831396,00375,2024-09-23,Part-Time,24512,N/A,No,true,Approved,2637.12,2747,3,
0831707,01717,2021-10-21,Part-Time,126808,478,No,yes,"Under Review",2760.78,4183,5,"Renewal case."
0832392,01292,01/06/2021,Unemployed,132343,585,No,No,Approved,10170.24,10594,4,"Flagged for manual review."
0833861,01291,27/06/2021,Self-Employed,139464,775,No,0,Denied,2535.36,2641,2,
0834943,01569,"February 20, 2023",Part-Time,58500000,698,No,true,"Under Review",1173.9,1505,1,"Missing bank statements."
0835672,00721,2022-08-04,Contract,92895,632,No,Yes,Approved,2479.2,0,4,"docs expired"
0836341,00879,,Part-Time,248795,757,Yes,0,Pending,532.2,0,3,
0838228,01777,12/06/2024,Contract,110400000,797,No,no,Approved,1348.8,0,3,"Renewal case."
0840648,01003,2020-06-17,Unemployed,296472,586,No,false,Approved,6814.08,8736,1,
0841361,01055,14/04/2024,Student,79894,710,Yes,TRUE,Approved,3890.7,5895,5,"Co-signer pending review."
0845168,01747,23/01/2020,Retired,20578,790,No,FALSE,Approved,3888.72,5892,4,.
0846059,00470,"April 11, 2023",Contract,229582,,No,No,approved,4109.16,6226,3,
0848711,00596,"July 29, 2021",Part-Time,306218,784,No,Y,Approved,2415.6,3660,3,N/A
0849099,00147,2024-08-01,Part-Time,93905,712,No,true,approved,3304.32,3442,4,"Renewal case."
0849632,00772,02/11/2020,Part-Time,60067,642,No,No,Pending,1999.92,2564,5,"Applicant provided pay stubs."
0849754,00110,01-06-2024,Full-Time,185873,621,No,true,Pending,1769.4,2949,5,"Applicant follow-up needed"
0850266,00923,"June 20, 2020",Unemployed,192672,831,Yes,true,Withdrawn,3485.76,3631,1,"Flagged for manual review."
0851089,00517,04/29/2020,Unemployed,202102,,No,,Withdrawn,4114.5,5275,1,n/a
0851840,00669,"December 16, 2023",Self-Employed,193829,807,No,Yes,Approved,675.36,804,5,N/A
0852422,00948,01/12/2023,Student,65076,813,No,yes,Approved,4513.32,5373,4,"Renewal case."
0852671,00898,29/08/2021,Full-Time,141251,707,No,yes,Pending,1934.4,2015,1,N/A
0853688,00055,01/09/2020,Student,85728,,No,yes,Pending,1520.4,1810,3,
0854251,00079,2020-06-30,Contract,118976,682,No,no,Withdrawn,2693.76,2806,4,"Flagged for manual review."
0854332,01001,08/13/2020,PT,155363,587,No,false,"Under Review",2002.56,2086,5,"Co-signer pending review."
0856658,00021,16/07/2021,Contract,54023,543,No,false,Pending,750.96,894,1,N/A
0857753,00341,06-08-2021,Student,51289,763.0,No,false,Denied,1776.84,2278,3,"Flagged for manual review."
0858853,01664,11-15-2020,Self-Employed,73243,663,No,FALSE,Denied,1921.08,2287,4,"Missing bank statements."
0858954,00540,"July 13, 2021",Full-Time,37849,479,Yes,Yes,Approved,1535.82,2327,3,"docs expired"
0859724,00153,07/18/2024,Retired,63130,797,No,no,Pending,2671.8,4453,5,
0862202,01748,"June 24, 2021",Retired,116337,601,No,N,Denied,1265.88,1507,3,"income verified via Plaid"
0862963,01620,04/11/2020,Unemployed,220334,,No,Yes,Approved,3224.1,4885,2,"Missing bank statements."
0864146,00648,"December 02, 2021",Unemployed,215278,,No,No,Approved,1462.2,2437,5,
0865808,00642,04/28/2023,Retired,49621,662,No,,Approved,662.22,849,2,
0868478,01792,04-13-2022,Contract,125929,717,No,0,Pending,4828.32,5748,3,
0868597,00670,"February 20, 2021",Part-Time,39778,,No,TRUE,Denied,2472,0,2,"docs expired"
0870762,00784,03/08/2023,Retired,145000000,783,No,no,Approved,1940.64,2488,3,"Referred by agent."
0873075,01462,02/01/2023,Full-Time,152428,585,No,FALSE,Denied,1019.7,1545,3,"Missing bank statements."
0873104,01719,07-16-2024,Unemployed,71774,,No,1,Approved,2898.24,3019,4,"Applicant provided pay stubs."
0874532,01463,08-07-2021,"Self Employed",109340,641,No,No,Denied,2316.6,3510,5,.
0875126,00319,28/08/2020,Self-Employed,20266,,No,1,Approved,1867.14,2829,2,N/A
0876434,00818,05-06-2022,Contract,106771,811,No,No,Denied,2419.2,4032,5,n/a
0876594,00652,10-21-2023,Contract,108733,659,No,true,"Under Review",3177.72,3783,4,
0876774,00569,"December 01, 2024",FT,108638,606,Yes,FALSE,Denied,6309.42,8089,2,"Flagged for manual review."
0877229,01788,01/13/2024,Full-Time,117206,749,No,Yes,Approved,2758.08,2873,3,"income verified via Plaid"
0877791,00813,2021-03-02,Contract,153383,626,No,no,"Under Review",1809.6,2320,3,"Referred by agent."
0883412,00088,"July 28, 2022",Unemployed,131666,647,No,Yes,denied,1293.6,1960,4,n/a
0883422,00424,12/10/2022,Unemployed,22367,755,Yes,true,"Under Review",1074.06,1377,3,n/a
0883663,00879,2022-07-14,Student,45453,727,No,No,"Under Review",532.2,887,5,"Renewal case."
0885935,00976,09/04/2020,Self-Employed,103200000,675,No,false,Approved,1502.76,1789,1,"Renewal case."
0886410,01458,"July 25, 2024",Retired,25110,719,No,true,Denied,2987.16,4526,2,"income verified via Plaid"
0887055,00912,15/04/2023,Contract,276044,715,No,Y,Approved,1873.8,3123,5,"Applicant provided pay stubs."
0889244,00441,2022-03-31,Unemployed,188652,672,No,Y,Approved,3701.94,5609,5,"Co-signer pending review."
0890279,00664,04/22/2024,Contract,21400000,,No,true,Approved,587.4,890,4,
0890933,00902,22/09/2021,Self-Employed,158218,439,No,1,Pending,2607.54,3343,5,"Referred by agent."
0891369,01559,"April 11, 2024",Full-Time,24503,794,No,0,Approved,1361.64,1621,3,"Applicant follow-up needed"
0891633,00105,06-06-2021,Unemployed,32623,590,No,no,Pending,3771.24,5714,1,.
0892984,01371,2023-03-13,Retired,194483,770,Yes,0,Approved,2370,3950,1,"Missing bank statements."
0894034,01360,10-20-2024,Unemployed,194321,762,No,Y,Approved,1438.08,1498,3,
0895107,00980,2022-06-23,Full-Time,220252,,Yes,,Denied,1092.96,1656,1,"Co-signer pending review."
0896642,00497,,Unemployed,178293,817,No,N,Approved,2233.44,3384,2,"Flagged for manual review."
0898565,00648,2021-10-06,Self-Employed,195979,N/A,Yes,No,Pending,2047.08,2437,1,"Referred by agent."
0899049,01742,08-31-2023,Unemployed,244653,457,No,TRUE,Approved,3711.12,4418,3,"Renewal case."
0899477,00904,,Contract,42518,681,No,TRUE,Denied,2446.62,3707,2,"docs expired"
0902287,01650,,Full-Time,210878,820,No,1,Pending,2469.48,3166,5,N/A
0905587,01198,2023-11-18,Unemployed,76477,662,No,true,Pending,6158.88,7896,2,"Applicant follow-up needed"
0905949,01714,2020-03-12,Retired,68472,658,No,,"Under Review",2692.8,2805,2,.
0907530,00929,06-11-2020,FT,262317,771,No,0,Withdrawn,3641.82,4669,3,"Missing bank statements."
0907754,00542,05-19-2022,Retired,113192,459,No,TRUE,Pending,1230.9,1865,1,"Missing bank statements."
0908223,01233,09/04/2022,Full-Time,74090,622,Yes,0,Approved,2569.92,0,3,"Missing bank statements."
0908912,01202,"March 29, 2020",Unemployed,173221,419,No,true,Pending,1710.06,2591,3,
0909188,00448,12/02/2022,Full-Time,125803,426,No,no,Approved,1390.62,2107,3,
0911681,01741,2021-10-06,Student,141234,709,No,N,"Under Review",3503.94,5309,4,"Referred by agent."
0911975,00898,2020-08-22,Full-Time,178693,694,No,N,Denied,1209,2015,5,n/a
0911980,01090,03/18/2023,Student,11448,,Yes,,Withdrawn,5252.16,5471,4,n/a
0912398,00183,03/28/2020,Full-Time,108954,724,No,TRUE,Approved,5998.98,7691,3,"docs expired"
0912507,01185,"March 14, 2023",Contract,121426,,No,yes,Denied,1583.4,2030,5,"Co-signer pending review."
0912800,00568,05-21-2022,Part-Time,220584,608,No,no,Denied,1696.8,2828,5,"Co-signer pending review."
0913550,01108,12-19-2022,FT,191390,600,No,Yes,Denied,1770.6,2270,4,n/a
0916713,00674,2020-12-07,Contract,114093,735,No,FALSE,approved,4298.88,4478,3,"Referred by agent."
0917273,01519,03-20-2021,Part-Time,210411,695,Yes,No,Pending,1924.8,2005,5,"Applicant follow-up needed"
0919582,01564,01-25-2021,Unemployed,111528,772,No,N,Pending,3573.12,3722,1,
0920903,00216,2023-11-22,Retired,158588,444,No,false,"Under Review",1113.42,1687,3,"Referred by agent."
0921350,00018,2022-08-28,Unemployed,103610,780,No,true,Approved,2562.24,2669,5,"docs expired"
0921765,01116,04/01/2021,Student,25876,747,No,TRUE,Approved,4373.04,5206,1,"Applicant follow-up needed"
0922450,01160,15/09/2023,Student,28467,760,No,true,Denied,2154.6,3591,5,"Renewal case."
0922894,01379,03/09/2020,"Self Employed",141171,770,No,true,Approved,4863.6,5790,4,
0924327,00577,"May 19, 2024",Contract,98453,627,No,No,Approved,1542.84,1978,5,"Missing bank statements."
0925712,00733,31/07/2021,Self-Employed,125419,633,Yes,Yes,Pending,1507.2,1570,1,"Missing bank statements."
0927305,00760,,Self-Employed,204040,739,No,yes,Approved,1092.6,1821,2,
0928937,01065,2022-06-24,Full-Time,234399,,Yes,no,Pending,1627.2,2712,1,"Flagged for manual review."
0929380,01120,2022-02-03,Self-Employed,209291,,No,FALSE,Denied,953.94,1223,3,"docs expired"
0929670,01076,01-19-2021,Self-Employed,186025,754,No,Yes,Approved,1774.8,2958,5,N/A
0930166,01548,03/09/2020,Student,142246,731,No,N,Denied,5574.66,7147,2,"Renewal case."
0931825,00596,,Part-Time,145212,627,No,yes,Approved,2854.8,3660,2,
0933806,00077,"November 21, 2021",Retired,62546,769,No,,Denied,1652.16,1721,2,"Referred by agent."
0936135,00581,11/26/2022,Part-Time,164601,775,Yes,No,Approved,3417.96,4382,4,n/a
0937277,00567,01-30-2022,Student,47048,725,No,yes,Approved,1706.88,1778,1,"Applicant provided pay stubs."
0937629,00625,"March 28, 2024",Contract,266930,314,No,,Approved,1552.2,2587,2,N/A
0939069,01564,,Student,179404,842,No,1,Denied,2903.16,3722,2,"Applicant follow-up needed"
0939299,01455,2021-10-23,Student,101401,794,No,false,Approved,6557.46,8407,4,"Co-signer pending review."
0940016,00333,"October 03, 2022",Retired,238226,,No,TRUE,Approved,1163.4,1385,5,.
0940070,01051,"July 16, 2020",Unemployed,155945,552,No,Yes,Denied,1304.4,2174,5,N/A
0940524,00181,2020-09-10,Self-Employed,32897,513,No,1,approved,765.24,911,4,
0941555,00909,19/05/2024,Student,273950,729,No,false,Approved,738.6,1231,3,
0943313,01702,2024-05-20,Student,75092,772,No,TRUE,approved,1486.98,2253,2,N/A
0943624,01096,2024-03-27,Self-Employed,222081,711,No,Yes,Denied,2432.64,2534,4,"Missing bank statements."
0945347,00615,11/27/2022,Student,181487,,No,,"Under Review",3948.12,5982,4,"Referred by agent."
0945933,01319,"March 09, 2020",Self-Employed,127626,781,Yes,true,Approved,1766.16,2676,5,"income verified via Plaid"
0946389,01037,21/12/2022,Contract,145865,626,No,N,Approved,2443.74,3133,4,n/a
0946875,00554,"October 21, 2020",Unemployed,80411,727,Yes,Y,Denied,4921.8,6310,5,"docs expired"
0947395,01113,09/03/2024,Full-Time,157969,830,No,yes,"Under Review",1002.6,1671,5,
0947740,01650,"January 14, 2020",Retired,248558,691.0,No,No,Denied,2469.48,3166,1,n/a
0948086,01270,11-01-2022,Student,212111,789,No,true,approved,5114.88,5328,2,"Co-signer pending review."
0948197,00536,"December 14, 2022",Retired,32135,708,No,Y,Pending,1087.68,1648,2,"docs expired"
0949126,00903,04-21-2020,Full-Time,52040,621,Yes,yes,Approved,2919.84,4424,3,"income verified via Plaid"
0949692,00997,19/08/2023,Unemployed,186556,731,No,FALSE,Approved,2981.88,4518,5,.
0950110,00215,09-18-2021,Contract,39859,417,No,Yes,Denied,850.56,886,1,"Applicant follow-up needed"
0951495,00838,10-26-2022,Part-Time,10574,N/A,No,Yes,Approved,5878.08,6123,5,"Applicant follow-up needed"
0952113,01302,22/07/2020,Student,17908,586,No,no,Approved,1711.08,2037,5,"Applicant provided pay stubs."
0953880,00488,14/07/2023,Self-Employed,234718,676,No,N,Approved,1739.4,2899,2,"Renewal case."
0954263,00112,11-10-2024,Part-Time,185943,411,No,,Withdrawn,3068.34,4649,3,"income verified via Plaid"
0955098,00867,08/28/2023,Self-Employed,115203,,No,true,Approved,2909.76,3464,5,"Missing bank statements."
0956913,00446,"January 24, 2021",Contract,175802,762,No,N,Approved,2453.88,3146,1,"income verified via Plaid"
0957074,00562,01-07-2021,Part-Time,139539,,No,true,Approved,940.8,1568,3,
0958067,00319,08/09/2023,Full-Time,112858,778,No,true,Withdrawn,2376.36,2829,5,"Applicant provided pay stubs."
0958068,01202,"January 05, 2022",Self-Employed,79954,759,Yes,no,Denied,2487.36,2591,2,"docs expired"
0958786,00793,08/23/2021,Self-Employed,224338,660,Yes,Yes,Pending,7218.9,9255,2,"Referred by agent."
0961130,00585,,Unemployed,186866,592,No,FALSE,Pending,4309.14,6529,5,N/A
0964103,01654,07-10-2023,Part-Time,56907,652,No,,Withdrawn,2073.6,3456,2,.
0965766,00227,24/11/2024,Student,147613,740,No,1,approved,1245.12,1297,4,n/a
0968562,00474,"November 16, 2020",Part-Time,228613,789,No,yes,Approved,1680,1750,5,"income verified via Plaid"
0969393,01442,,Unemployed,103891,671,Yes,FALSE,Denied,1780.68,2698,3,"Referred by agent."
0969631,00372,09-14-2023,Student,55452,696,No,1,Approved,1406.16,1674,5,
0970614,00604,"March 05, 2022",Unemployed,72991,834,Yes,FALSE,Approved,2097,3495,4,"income verified via Plaid"
0972623,01135,"September 11, 2023",Contract,77442,580,Yes,TRUE,Approved,1768.8,2680,1,.
0972759,01677,05/05/2022,Contract,32604,714.0,No,0,Approved,727.44,866,5,"Referred by agent."
0973401,01256,2022-11-25,Retired,164991,840,No,true,Denied,3121.56,4002,1,N/A
0975391,00982,01/01/2021,Contract,54151,737,No,TRUE,Approved,1516.02,2297,5,
0975636,01338,2022-01-11,Retired,227200000,603,No,Yes,Approved,4591.44,5466,3,
0976232,00747,"May 14, 2023",Contract,205230,731,No,N,Denied,2036.58,2611,3,"Applicant follow-up needed"
0976238,00831,10/06/2023,Contract,90672,604,No,,Approved,1338,2230,5,n/a
0979755,01295,11-11-2024,Retired,40944,668,No,,"Under Review",4772.46,7231,5,
0981289,01611,2020-05-17,Full-Time,206762,632,No,0,Denied,3303.6,5506,5,
0985402,00182,19/10/2022,Contract,38975,741,Yes,0,Denied,1337.28,1393,5,N/A
0986006,00672,01/20/2021,Student,104664,834,No,,approved,2357.52,3572,1,.
0986387,01731,2020-09-30,Part-Time,188901,690,No,no,Withdrawn,2818.86,4271,4,"Referred by agent."
0987328,01231,29/11/2020,Part-Time,155557,,No,TRUE,Approved,3245.76,3381,2,n/a
0987380,01657,03-18-2024,Full-Time,230794,673.0,Yes,TRUE,Approved,8407.68,8758,5,"Co-signer pending review."
0988638,00226,"March 11, 2021",Retired,309671,,No,FALSE,approved,1019.7,1545,1,
0989372,00315,10-21-2021,Full-Time,163534,690,No,Yes,Pending,656.7,995,3,"Referred by agent."
0992337,00343,07/11/2020,Unemployed,121331,649,No,TRUE,Withdrawn,2063.88,2646,1,n/a
0992629,00583,"April 27, 2020",Self-Employed,19801,730,No,No,Approved,2738.58,3511,5,"docs expired"
0994929,00116,06-07-2023,Retired,150424,832,No,,Approved,2482.26,3761,1,
0995046,00667,04/12/2021,Student,228454,669,No,1,Approved,1519.2,0,4,N/A
0995246,00017,04-19-2024,Part-Time,187191,,No,FALSE,Withdrawn,2659.44,3166,4,"income verified via Plaid"
0997415,01620,15/02/2021,Full-Time,177632,727,Yes,Y,Withdrawn,4689.6,4885,5,"income verified via Plaid"
1000080,00791,26/01/2020,Full-Time,121914,607,No,true,Approved,4176.96,4351,3,N/A
1000609,01522,05-18-2024,Retired,137162,819,No,0,Pending,3249.96,3869,2,N/A
1000831,00694,03/07/2020,Contract,166862,N/A,No,Yes,Approved,727.8,1213,2,"Missing bank statements."
1000891,00404,"January 25, 2021",Student,209173,645,No,No,Approved,7343.04,7649,1,"Applicant follow-up needed"
1002590,00453,24/01/2021,Contract,161011,825,No,No,Denied,1552.2,1990,3,"Applicant follow-up needed"
1003390,01608,2022-01-27,Student,19387,674,No,TRUE,Approved,2760,2875,1,"Co-signer pending review."
1003732,00494,12/06/2023,Self-Employed,237573,681.0,No,Y,Denied,3579,5965,2,"Co-signer pending review."
1004655,00624,2021-03-25,Part-Time,54994,712,Yes,FALSE,Withdrawn,3280.2,3905,2,.
1005659,00347,2022-11-24,Contract,159096,636,No,0,Approved,2879.04,2999,3,n/a
1005704,00415,06/22/2023,Part-Time,25981,805,Yes,FALSE,Denied,671.22,1017,3,N/A
1006387,00288,05-26-2021,Full-Time,24708,680,Yes,no,Approved,3251.04,4168,1,.
1007654,01044,2022-08-02,"Self Employed",73791,675,Yes,0,"Under Review",7656,7975,1,"Flagged for manual review."
1008616,00678,2024-03-21,Self-Employed,144291,675,No,no,Denied,782.34,0,4,n/a
1009713,01796,"August 02, 2022",Part-Time,67715,670,No,false,Denied,2609.1,3345,2,"Co-signer pending review."
1011367,00665,04/05/2020,Student,146577,489,No,TRUE,Approved,3918.72,4082,4,
1012739,00035,15/12/2023,Unemployed,190333,748,Yes,yes,Approved,1838.4,1915,1,"Missing bank statements."
1013513,01261,01/30/2020,Self-Employed,135028,785,No,0,Approved,1510.08,1573,2,.
1013628,00087,18/06/2022,Unemployed,58602,770,No,Yes,Approved,5593.92,5827,1,"income verified via Plaid"
1014506,00851,01/09/2023,Contract,95540,832,No,TRUE,Approved,1887.36,1966,1,.
1015060,01771,"June 08, 2020",Retired,174503,748,Yes,yes,Approved,2844.6,4310,5,"Renewal case."
1017623,01465,19/01/2024,Self-Employed,211585,813,No,0,Approved,2251.2,2680,2,
1018887,01240,05-29-2022,Part-Time,153698,753,No,No,Approved,3028.2,5047,4,"Co-signer pending review."
1021190,00213,03/06/2024,Part-Time,246773,501,Yes,Y,Approved,4474.08,5736,1,"Co-signer pending review."
1021834,00121,09/19/2023,Self-Employed,178286,591,No,false,Approved,1631.04,1699,4,
1022681,00273,,Full-Time,31833,716,No,N,Denied,2862,4770,3,"Co-signer pending review."
1024616,00083,08/10/2024,Retired,223414,747,No,no,Approved,2189.88,3318,5,n/a
1027073,00168,02/03/2021,Full-Time,170339,641,No,,Approved,1011.6,1686,5,
1027209,00594,05-29-2022,Student,118368,681,Yes,,denied,822.36,1246,2,"Flagged for manual review."
1031661,01787,07/28/2020,Unemployed,200323,623.0,No,true,Pending,3229.44,3364,5,N/A
1033358,00233,2021-11-23,Full-Time,135674,,No,No,Approved,2512.44,2991,3,N/A
1033710,00096,09-06-2022,Retired,159904,,No,Y,Approved,3038.28,3617,2,"Missing bank statements."
1034646,00627,"September 22, 2020",Unemployed,141307,617,No,TRUE,Approved,2708.4,4514,4,
1034977,00105,05/18/2023,Student,61801,787,No,false,Approved,4456.92,5714,5,"Applicant provided pay stubs."
1035869,00209,2022-11-08,Part-Time,84733,776,No,no,Approved,2670,4450,2,"Renewal case."
1036698,01061,2024-07-23,Unemployed,237435,310,No,true,approved,3290.88,3428,5,"docs expired"
1040628,00669,07-03-2020,Part-Time,47044,671,No,FALSE,Approved,627.12,804,4,"Applicant follow-up needed"
1041837,00439,05/18/2022,Student,31954,765,No,No,Approved,1631.28,1942,1,"Renewal case."
1043582,01179,13/02/2022,Part-Time,79583,659,No,Yes,Approved,5417.16,6449,3,
1044415,00510,"August 31, 2020",Contract,136504,722,No,N,Approved,1870.08,1948,2,N/A
1044451,00178,05/08/2021,Student,151126,,No,true,Approved,2964.36,3529,5,"docs expired"
1047774,00767,2024-11-16,Retired,65447,682,No,,Denied,1686.3,2555,4,"income verified via Plaid"
1048459,00943,2024-04-13,Part-Time,226412,826,No,Yes,Withdrawn,1128.6,1881,4,"income verified via Plaid"
1055926,01458,15/03/2021,Self-Employed,130552,707,No,no,Pending,2987.16,4526,3,N/A
1056326,00189,13/09/2021,Contract,98442,,Yes,yes,Pending,2713.2,3230,5,
1058930,01554,"March 12, 2023",Self-Employed,145819,779,No,FALSE,Approved,742.2,1237,3,
1059760,00751,07/03/2024,Full-Time,228100000,847,No,yes,Denied,2036.16,2121,2,"Applicant follow-up needed"
1060304,00210,,Student,247559,714,No,yes,Denied,1364.4,2274,5,
1060553,01638,22/03/2024,Contract,29573,401,No,N,denied,8847.72,10533,2,"docs expired"
1060584,01568,2024-12-19,Unemployed,179816,479,Yes,Y,Denied,3599.64,5454,2,"Renewal case."
1062509,01594,17/05/2021,Self-Employed,155945,800,No,FALSE,Denied,3637.8,6063,4,"Renewal case."
1063172,00876,18/10/2023,Student,41690,701,No,Y,Pending,3882.48,4622,3,
1064201,01181,"February 02, 2022",Student,222859,719,Yes,,Approved,3252.48,3872,4,.
1064714,00228,23/11/2020,Part-Time,243800000,760,No,Y,Approved,1111.32,1323,3,n/a
1066500,00206,"August 26, 2022",Full-Time,176733,694,No,TRUE,Approved,2373.36,3596,5,.
1066825,01189,"September 03, 2023",Part-Time,222916,335,No,No,"Under Review",3594.36,4279,4,"income verified via Plaid"
1068154,00230,11/23/2020,Unemployed,117584,612,No,FALSE,Approved,1626.24,1936,3,"Co-signer pending review."
1068164,01669,"February 29, 2024",Unemployed,129859,732,No,1,Approved,1307.04,1556,1,"Co-signer pending review."
1069063,00797,"August 26, 2020",Part-Time,150142,722,No,N,Approved,3379.74,4333,5,N/A
1071302,00870,08-22-2020,"Self Employed",176800,686,No,FALSE,Approved,1198.2,1997,2,"Applicant follow-up needed"
1078065,00322,28/08/2021,Unemployed,47560,789,No,no,Withdrawn,3952.32,4117,5,N/A
1078301,00802,21/09/2022,Full-Time,222145,677,Yes,No,Approved,1651.98,2503,4,"Referred by agent."
1078401,01776,,Self-Employed,169876,819,No,no,Approved,3663.36,3816,1,
1078460,00563,05/18/2020,Part-Time,176258,770,No,TRUE,Pending,4599,5475,1,"Flagged for manual review."
1079409,00254,01/12/2022,Part-Time,19056,373,No,N,Denied,1321.2,2202,4,"income verified via Plaid"
1080764,01504,05/03/2021,Retired,29753,846,Yes,Y,Approved,6640.2,7905,4,"docs expired"
1082261,01538,"April 22, 2024",Student,285489,,No,0,Approved,1444.8,1720,4,"Applicant follow-up needed"
1083666,01279,"January 10, 2023",FT,166364,761,No,yes,Approved,3125.76,4736,5,n/a
1091282,01176,30/09/2022,Retired,198849,728,No,N,Denied,1410.24,1808,5,"Co-signer pending review."
1095035,01287,"February 02, 2022",Contract,172126,N/A,No,No,"Under Review",6330.24,6594,4,"Co-signer pending review."
1095665,00840,2023-12-05,Part-Time,137068,521,No,Y,"Under Review",2336.04,2781,4,"docs expired"
1096088,01016,25/12/2020,Part-Time,169318,N/A,No,No,Approved,4284.6,7141,3,"Applicant follow-up needed"
1096566,01698,12/02/2023,Contract,152238,702,No,,"Under Review",1889.58,2863,1,
1096834,00962,27/07/2021,Contract,181401,730,No,no,Approved,981.96,1169,4,"docs expired"
1096973,00820,11/04/2021,Full-Time,184122,645,Yes,,Approved,3969.84,4726,5,.
1097030,00073,12-22-2022,Full-Time,245195,680,No,N,Pending,2451.6,4086,2,N/A
1098187,00606,2024-07-03,Unemployed,97075,733.0,Yes,Y,Approved,1684.02,2159,3,"Applicant provided pay stubs."
1098413,01372,15/09/2024,Retired,186541,765,Yes,Yes,Approved,683.76,814,4,.
1098436,01074,01-03-2024,Full-Time,110137,358,No,yes,Approved,3834.48,4916,2,"Referred by agent."
1103102,01739,11-07-2020,Student,245340,435,No,Y,Withdrawn,3377.88,5118,2,"Co-signer pending review."
1103533,01545,"January 17, 2022",Contract,186900000,712,No,FALSE,Denied,1087.2,1812,4,"Applicant provided pay stubs."
1103900,00864,06/18/2021,Student,123102,734,No,no,Pending,7061.04,8406,1,"income verified via Plaid"
1106937,01128,2022-07-26,Self-Employed,135714,681,No,TRUE,Approved,4642.56,0,2,"Flagged for manual review."
1106952,01036,05/11/2023,Part-Time,115459,732,No,No,Withdrawn,2752.68,3277,4,
1107669,00089,"June 07, 2020","Self Employed",168567,810,No,Yes,Denied,3073.92,3202,2,"Flagged for manual review."
1111179,01750,06-18-2021,Self-Employed,43608,651,No,FALSE,Pending,6156.48,9328,1,"Flagged for manual review."
1111525,01611,10/21/2022,Full-Time,60818,673.0,No,Y,Pending,4294.68,5506,4,"Referred by agent."
1112185,01474,12-16-2024,Unemployed,89911,785,No,TRUE,"Under Review",4375.68,4558,4,"Missing bank statements."
1112438,00586,10-12-2022,Full-Time,57021,N/A,Yes,0,Approved,1287.72,1533,4,"Flagged for manual review."
1112621,00086,"April 08, 2022",Student,193734,691,No,Y,Approved,4961.4,8269,4,n/a
1117164,00120,2024-04-23,Unemployed,216232,773,No,false,Approved,3319.2,5532,5,"Co-signer pending review."
1118962,01557,04/07/2023,Unemployed,186147,729,No,TRUE,Approved,2546.88,2653,2,"Flagged for manual review."
1119181,00308,"February 18, 2023",Student,188599,760,No,yes,Denied,4209.6,4385,3,"Applicant provided pay stubs."
1119731,01512,04/09/2023,Full-Time,261725,767,No,yes,Approved,2441.88,2907,3,"Flagged for manual review."
1121180,00878,2024-07-09,Contract,38978,635,No,1,Approved,1030.92,1562,4,N/A
1122491,00553,02/09/2023,Contract,205365,740,No,TRUE,Pending,3242.58,4913,2,"Applicant provided pay stubs."
1123783,01411,20/09/2023,Part-Time,245831,832,No,true,Approved,1451.58,1861,4,"Flagged for manual review."
1125149,01672,08/24/2022,Part-Time,170070,727,No,No,Denied,2632.56,3134,5,"Applicant follow-up needed"
1125614,00600,09/17/2023,Part-Time,221002,745,No,1,Pending,806.4,840,2,"Missing bank statements."
1125633,01457,2023-01-02,Self-Employed,218684,,No,true,Approved,5361.18,8123,2,"Applicant provided pay stubs."
1126324,01415,2023-04-23,Retired,30512,595,Yes,true,Pending,2425.5,3675,1,"Renewal case."
1128046,01397,"July 26, 2022",Full-Time,38801,588,Yes,true,Approved,2877.84,3426,3,"Applicant follow-up needed"
1130917,00169,11/28/2024,Self-Employed,227015,711,Yes,FALSE,Pending,2692.8,4080,5,
1131133,00314,"April 21, 2023",Self-Employed,217662,N/A,No,FALSE,Approved,1543.92,1838,2,"docs expired"
1131976,00919,2022-10-13,Student,80019,588,No,false,Pending,884.16,921,5,"docs expired"
1133207,00505,10-23-2024,Retired,298857,701,No,Y,"Under Review",5731.2,9552,2,"Co-signer pending review."
1133238,00515,"October 13, 2024",Self-Employed,231978,779,No,true,Approved,5619.6,6690,1,
1133268,01155,02/19/2021,Student,19672,739.0,No,FALSE,Approved,1156.8,1928,4,N/A
1133634,00899,2023-11-01,Unemployed,214291,761,Yes,no,Approved,1308.84,1678,2,"income verified via Plaid"
1133946,00206,2023-04-22,Retired,65487,589,No,Yes,Pending,2373.36,3596,5,"Flagged for manual review."
1135434,00380,2020-05-02,FT,96967,681,No,no,Approved,4063.8,5210,5,"Flagged for manual review."
1135453,01782,"April 15, 2024",Student,18504,683,No,true,Pending,5687.04,5924,2,"Flagged for manual review."
1136386,00678,2021-08-31,Unemployed,217648,613,Yes,Y,Denied,601.8,1003,5,"Missing bank statements."
1137389,00420,2022-04-21,Unemployed,59897,661,No,FALSE,"Under Review",5429.76,5656,5,"income verified via Plaid"
1139140,01735,10-28-2020,Contract,139151,474,Yes,Y,Approved,1857.24,2211,3,"Missing bank statements."
1139298,00186,06-23-2020,Full-Time,26205,794,No,,Approved,2821.26,3617,5,"Missing bank statements."
1140760,01259,11/16/2021,Student,284427,751,No,true,Approved,7094.4,11824,5,N/A
1141229,00821,"July 31, 2023",Unemployed,201300,660,No,true,Denied,1969.5,2525,3,"docs expired"
1143015,00046,10/09/2020,Contract,65970,523,No,Yes,Denied,1808.82,2319,1,.
1144042,01024,"December 06, 2022",Self-Employed,122574,848,No,false,Approved,866.4,1444,5,
1144180,00960,2023-07-25,Part-Time,282270,,Yes,No,Denied,1863.36,1941,1,N/A
1144421,01184,10-28-2023,Retired,259624,672,No,false,"Under Review",5151.96,7806,4,"Flagged for manual review."
1144965,00499,"January 18, 2022",Part-Time,232733,722,No,TRUE,Pending,2050.8,3418,2,"Flagged for manual review."
1146928,00367,2023-11-05,Part-Time,109605,722.0,No,FALSE,Denied,1702.68,2027,1,"income verified via Plaid"
1148427,00899,23/02/2023,Unemployed,140255,831,No,Y,Approved,1006.8,1678,1,n/a
1148764,00971,10/21/2021,Self-Employed,146397,438,No,false,Pending,1466.52,2222,5,n/a
1149460,01349,01-24-2023,Retired,35423,525,No,no,Approved,1253.76,1306,4,"income verified via Plaid"
1150186,01108,11-12-2024,Unemployed,151620,765,No,true,Approved,1906.8,2270,5,"Missing bank statements."
1150338,00443,01/05/2021,Retired,245951,,No,TRUE,Approved,4551.36,4741,5,N/A
1151632,01607,09/06/2020,Contract,2539,725,No,Y,Approved,4017.6,4185,5,"Referred by agent."
1153814,00121,"January 24, 2021",Part-Time,187329,334,No,yes,Approved,1121.34,1699,2,"docs expired"
1154507,01221,"April 27, 2020",Part-Time,258212,731,No,Yes,Denied,5055.96,6019,5,"Renewal case."
1156751,01535,2020-02-03,Student,213385,773,Yes,N,Denied,4606.08,4798,5,"Applicant follow-up needed"
1158472,00661,,Part-Time,213023,823,No,FALSE,Denied,4883.76,5814,3,"Referred by agent."
1160594,00955,"June 02, 2023",Part-Time,168352,779,No,true,Pending,1539.6,2566,2,"Renewal case."
1162743,01432,01/08/2020,Student,53947,709,Yes,N,Approved,5827.2,6070,1,n/a
1165359,00980,06-13-2023,Retired,34434,532,No,true,Denied,1291.68,1656,3,
1165919,01177,2023-09-19,Unemployed,35091,777,No,N,Approved,2838,4730,5,"Co-signer pending review."
1167452,01541,12/15/2023,Student,249708,,Yes,true,Denied,5569.2,6630,4,"Renewal case."
1168728,00550,"July 21, 2020",Unemployed,216602,766,No,Yes,Approved,1843.92,2364,5,
1169765,00957,2024-08-11,Self-Employed,35842,685,No,0,Approved,1345.2,2242,5,"Missing bank statements."
1170268,00387,03/08/2023,Full-Time,177125,716,Yes,No,Approved,2453.88,3718,3,
1170659,00518,2023-05-01,Unemployed,96900,728,No,false,Pending,2679.6,4466,5,"Renewal case."
1170962,00924,12-21-2024,Unemployed,131140,756,No,No,Pending,919.8,1095,1,
1171097,00107,"September 16, 2020",Unemployed,125714,702,Yes,0,Denied,2588.82,3319,3,"Flagged for manual review."
1171930,01544,,Contract,253269,612,Yes,false,Withdrawn,2443.56,2909,1,"docs expired"
1173758,00841,22/10/2021,Unemployed,206302,771,No,true,Approved,1976.04,2994,5,"docs expired"
1177352,01441,06/11/2021,Contract,37624,,No,yes,Denied,3209.64,3821,5,"Applicant follow-up needed"
1178402,00865,22/09/2020,Retired,44306,706,No,N,Approved,1361.28,1418,3,
1178765,01168,"February 16, 2020",Part-Time,173012,645,No,0,"Under Review",3151.5,4775,5,N/A
1179021,01637,02/26/2021,Student,149340,646,No,N,Denied,3091.44,4684,1,"Applicant follow-up needed"
1179603,00684,02/26/2021,Contract,204636,651,No,true,Approved,804.6,1341,2,"Co-signer pending review."
1179799,01679,02/05/2020,Unemployed,191528,832,No,FALSE,Approved,2926.44,4434,3,"income verified via Plaid"
1181477,00231,16/06/2021,Full-Time,167875,385,No,No,Approved,4374.6,7291,1,.
1182565,00601,04/01/2023,Full-Time,152886,792,Yes,0,Pending,1112.1,1685,5,"income verified via Plaid"
1183070,00868,04/16/2023,Part-Time,261599,671,No,yes,Approved,2913.12,3468,5,N/A
1183292,01510,2023-10-27,Contract,141044,744,No,false,Denied,1273.14,1929,4,"income verified via Plaid"
1183806,01516,2020-11-27,Full-Time,139716,,No,TRUE,Approved,1640.1,2485,4,n/a
1183881,00117,04/07/2023,Part-Time,78740,477,No,Yes,Pending,2098.98,2691,2,.
1184894,00338,"May 11, 2022",Contract,244190,710,No,FALSE,Approved,3587.64,4271,3,"Referred by agent."
1185499,00634,15/03/2022,Unemployed,71652,332,No,yes,Withdrawn,1376.64,1434,1,"income verified via Plaid"
1185741,00535,07-26-2024,Unemployed,75016,741,No,Y,"Under Review",1144.32,1192,5,.
1186814,00882,"March 25, 2022",Contract,302757,765,Yes,Y,Withdrawn,4798.08,5712,5,"docs expired"
1187021,00720,27/09/2021,Student,154436,592,No,,Approved,3599.4,5999,1,N/A
1187528,01150,2022-11-29,Unemployed,28447,718,No,N,Denied,9863.88,12646,3,"Missing bank statements."
1187986,01374,"September 02, 2020",Full-Time,14125,635,No,1,"Under Review",3150.84,3751,2,"Referred by agent."
1188078,00636,21/12/2023,Part-Time,200750,752,No,N,Approved,799.68,833,1,"Flagged for manual review."
1189500,00546,04/30/2023,Full-Time,137394,632,Yes,0,Approved,1516.02,2297,4,"Flagged for manual review."
1189770,01056,09/04/2023,Full-Time,86394,842,No,1,Pending,758.34,1149,1,n/a
1190111,00146,,Student,30490,596,No,Yes,Denied,1463.22,2217,2,"Applicant provided pay stubs."
1190542,01709,10/13/2020,Retired,167592,845,No,N,Denied,1267.2,1320,3,"Referred by agent."
1192810,01457,06-15-2024,Contract,26166,733,No,FALSE,Denied,5361.18,8123,5,"Referred by agent."
1195878,00052,2021-04-07,Part-Time,238833,687,Yes,no,Approved,2615.58,3963,2,"Referred by agent."
1196260,00441,2020-05-06,Retired,19222,793,No,false,"Under Review",3701.94,5609,3,"Renewal case."
1196557,01528,09/13/2022,Part-Time,47058,644,No,yes,Denied,4276.8,4455,4,N/A
1196558,01045,2024-05-03,Contract,43874,774,No,true,Denied,2728.2,4547,3,"Flagged for manual review."
1200211,00658,"April 08, 2020",Retired,194457,,No,,Approved,2648.88,3396,5,"Co-signer pending review."
1200837,00477,"August 18, 2021",Full-Time,23100000,614,No,TRUE,Approved,1109.76,1156,4,.
1201186,00791,2024-11-07,Contract,198525,617,No,yes,Pending,3393.78,4351,1,N/A
1201721,00608,17/11/2024,Self-Employed,207365,848,Yes,,Withdrawn,3668.28,4367,3,N/A
1203130,00889,02-21-2021,Part-Time,173440,N/A,No,FALSE,Denied,3771.6,4490,5,"Applicant follow-up needed"
1207176,01748,,Retired,92604,718,No,1,Approved,1265.88,1507,5,
1208104,00050,11-25-2024,Part-Time,50495,833,No,true,Pending,4577.04,5868,2,.
1209153,00784,11/12/2022,Part-Time,108907,N/A,No,TRUE,Denied,1940.64,2488,1,
1212754,00215,02-05-2021,Self-Employed,148635,606,No,N,Approved,744.24,886,4,"Flagged for manual review."
1214132,00389,2020-12-09,Full-Time,71015,,No,N,Approved,4840.08,0,1,"docs expired"
1214397,01268,"September 17, 2021",Self-Employed,31516,826,No,,"Under Review",4529.4,7549,4,"income verified via Plaid"
1215273,01641,,Retired,276530,768,No,No,"Under Review",3647.4,6079,2,n/a
1215674,01099,06/30/2021,Retired,52706,,No,,approved,1678.2,2797,2,"Applicant follow-up needed"
1216933,01585,04-02-2021,Student,220285,642.0,Yes,Yes,Approved,1279.74,1939,3,
1218794,01261,06-07-2023,Full-Time,126612,622,No,TRUE,Approved,1510.08,1573,4,.
1219303,01756,11/25/2020,Full-Time,218570,810,Yes,FALSE,denied,9447.48,11247,2,
1219921,00209,"August 04, 2024",Full-Time,26161,,No,No,Approved,3738,4450,2,"Missing bank statements."
1221357,00825,"May 21, 2021",Part-Time,103415,472,No,FALSE,Approved,1657.5,2125,1,
1222114,00372,07-18-2023,Student,247878,712,No,Y,Pending,1305.72,1674,4,N/A
1222999,00421,10/03/2022,Self-Employed,18695,368,Yes,Y,Pending,1904.28,2267,3,"Applicant follow-up needed"
1224417,01669,13/12/2024,Student,239673,703,No,0,"Under Review",1213.68,1556,5,"Applicant follow-up needed"
1225096,00895,2022-08-09,Contract,114904,,No,true,Approved,1891.5,2425,3,n/a
1225543,01169,10/15/2023,Unemployed,201473,835,No,FALSE,Denied,2184.6,3641,4,"Referred by agent."
1226328,00830,2020-03-09,PT,82872,774,No,no,Denied,2363.46,3581,1,"Renewal case."
1227814,00102,2024-04-30,Part-Time,80357,,Yes,true,Approved,2430.12,2893,4,
1228254,00036,02-14-2024,Contract,109758,791,Yes,,Denied,2102.4,0,2,n/a
1229953,01407,09/16/2021,Full-Time,60122,827,Yes,FALSE,Withdrawn,2652.48,0,5,"docs expired"
1230000,01167,2021-11-08,Part-Time,257784,682,No,1,Approved,4148.76,0,1,"Flagged for manual review."
1237354,00132,11-04-2024,Self-Employed,31165,318,No,No,Denied,1535.52,1828,4,"Missing bank statements."
1239290,00994,2022-09-13,Retired,20397,744,No,Yes,Pending,1020,1700,4,"docs expired"
1240588,01194,"January 31, 2022",Retired,54037,782,No,,Approved,1756.2,2927,4,N/A
1240783,00971,07-25-2021,Contract,232685,602,No,false,Approved,1733.16,2222,2,"Flagged for manual review."
1240863,00845,10-13-2023,Part-Time,106119,639,Yes,no,Approved,3945.48,5978,4,"Applicant provided pay stubs."
1241612,01615,01/22/2024,Contract,70028,629,No,true,Approved,1018.92,1213,4,"Applicant follow-up needed"
1242190,01358,"March 10, 2022",Contract,132946,764,No,N,pending,3785.28,3943,1,n/a
1243089,01480,03-06-2022,Full-Time,120148,749,No,1,Approved,1034.22,1567,2,"Missing bank statements."
1243472,00840,2020-08-27,FT,20976,624,No,yes,Approved,2336.04,2781,5,"Missing bank statements."
1243477,01510,12-09-2024,Full-Time,120768,763,Yes,1,Approved,1273.14,1929,5,N/A
1244994,01726,09/09/2023,Self-Employed,58445,637,No,1,"Under Review",2142,3570,5,"Missing bank statements."
1249687,00332,06/11/2020,Retired,194900000,709,No,true,Pending,1380.6,2301,2,"Flagged for manual review."
1249951,01602,"April 10, 2020",Contract,102800000,742,No,N,Denied,1540.5,1975,5,.
1250752,01283,12-06-2021,Full-Time,170353,798,Yes,Yes,Approved,8275.02,10609,2,"Applicant follow-up needed"
1251713,00322,22/03/2024,Full-Time,45325,730,No,FALSE,Denied,2717.22,0,3,.
1255191,01122,03-03-2022,Self-Employed,163818,472,No,N,Pending,1831.5,2775,2,.
1255523,01239,06-02-2022,Part-Time,241043,788,No,TRUE,Withdrawn,973.44,1014,3,"Renewal case."
1258632,00497,,Contract,232760,,Yes,Yes,Denied,3248.64,3384,3,"Missing bank statements."
1258871,00654,"September 06, 2021",Part-Time,79777,721,Yes,false,Approved,2968.32,3092,4,
1259344,01478,"May 24, 2022",Full-Time,153900000,820,No,N,Approved,998.4,1040,3,"Applicant provided pay stubs."
1259621,01674,24/11/2023,Full-Time,198968,582,No,No,Approved,1449.6,1510,3,
1260906,00224,"October 09, 2020",Retired,247429,747,Yes,Yes,Approved,4814.7,7295,3,"docs expired"
1263993,01042,2023-07-25,Part-Time,50938,590,No,No,Approved,1824.42,2339,1,n/a
1264290,01494,18/06/2024,Retired,84720,486,Yes,yes,Approved,2517,4195,4,"Applicant follow-up needed"
1265659,00246,12-08-2024,Full-Time,93814,824,No,TRUE,"Under Review",4375.56,5209,1,n/a
1265856,01137,04-18-2022,Retired,78652,609,No,,Pending,1104.6,1315,3,"docs expired"
1267617,00412,2020-08-03,Self-Employed,172330,694,Yes,no,Approved,1591.92,2412,1,
1270110,00373,,Student,137659,822,No,,Approved,5412,8200,5,"Co-signer pending review."
1272152,00950,19/01/2023,Contract,178251,752,No,,Approved,2731.08,4138,4,"Applicant provided pay stubs."
1272538,00945,"January 27, 2024",Unemployed,71939,668,No,N,Denied,3411.84,3554,3,
1276905,00875,2023-12-18,Part-Time,201155,683,Yes,,approved,3273,5455,1,n/a
1276914,01359,06/09/2023,Contract,142311,756,No,no,Approved,2449.26,3711,2,"Co-signer pending review."
1278638,00129,08/27/2020,Retired,75711,818,No,0,Pending,1119.3,1435,3,"Referred by agent."
1281864,01361,21/03/2021,Contract,19399,561,No,No,Approved,1532.16,1824,1,n/a
1283958,00477,05-16-2023,Full-Time,74302,814,Yes,0,Approved,693.6,1156,4,"Referred by agent."
1285165,00693,,Contract,45500000,732,No,No,Approved,3013.92,3588,1,"income verified via Plaid"
1285199,00838,08/06/2021,Unemployed,102586,789,No,TRUE,Pending,3673.8,6123,2,"Missing bank statements."
1288252,01387,"July 10, 2020",Retired,132765,678,No,true,Approved,1413.06,2141,1,
1288889,00050,01/25/2020,Self-Employed,140753,659,No,TRUE,Pending,3872.88,5868,4,
1290032,01259,2023-12-29,Retired,161947,,No,true,Withdrawn,11351.04,11824,4,n/a
1291983,01289,07-26-2022,Unemployed,285608,727,No,yes,Denied,1521,2535,4,"income verified via Plaid"
1292305,01018,11/22/2022,Contract,265846,802,No,TRUE,denied,5060.88,7668,1,"Applicant provided pay stubs."
1292334,00193,2022-02-03,Self-Employed,57282,779,Yes,1,Withdrawn,1313.4,2189,4,"Referred by agent."
1292619,00203,06-17-2021,Student,192543,684,No,TRUE,Approved,1847.16,2199,1,"Renewal case."
1293608,01142,08-20-2023,Contract,135018,612,Yes,0,Approved,4861.44,5064,3,"income verified via Plaid"
1296123,00505,"August 18, 2020",Contract,196869,693.0,No,Yes,Approved,9169.92,9552,1,n/a
1303727,00418,"July 31, 2020",Self-Employed,248312,569,No,TRUE,Denied,2691,3450,1,N/A
1304173,00650,,Self-Employed,73169,800,No,FALSE,Denied,1171.5,1775,5,"Applicant provided pay stubs."
1304798,01065,2023-03-10,Self-Employed,174495,730,No,Y,Approved,1762.56,1836,4,"docs expired"
1306133,00204,2023-04-04,Full-Time,82600000,818,Yes,TRUE,Approved,892.32,1352,1,N/A
1306217,01018,06/17/2021,Retired,175635,580,No,TRUE,Denied,4600.8,7668,1,.
1306728,00370,"August 26, 2024",Contract,98531,724,Yes,0,Approved,4347.84,4529,4,"Co-signer pending review."
1311336,00876,07/24/2023,Unemployed,227024,739,Yes,0,"Under Review",2773.2,4622,1,"Referred by agent."
1311512,00175,19/12/2024,Unemployed,193052,726,No,,Approved,3985.2,6642,3,n/a
1314388,01021,2024-01-05,Part-Time,168987,656,No,TRUE,Pending,2354.82,3019,5,"Applicant follow-up needed"
1315692,01534,,Unemployed,115284,,No,no,Withdrawn,1495.68,1558,4,"Applicant provided pay stubs."
1316306,01318,2023-02-27,Self-Employed,138150,635,No,no,Pending,2309.34,3499,2,"Co-signer pending review."
1317439,00823,12-05-2021,Self-Employed,228023,696,No,yes,Withdrawn,5256.42,0,3,"Renewal case."
1320159,01705,22/12/2022,Self-Employed,51953,745,No,yes,Withdrawn,2300.22,2949,3,n/a
1321498,00012,"June 19, 2021",Unemployed,135998,672,Yes,yes,Denied,1766.4,1840,2,"income verified via Plaid"
1323617,01280,12-18-2022,Unemployed,142857,762.0,No,Yes,Denied,1104,1840,5,"Co-signer pending review."
1324015,00221,2024-12-15,Part-Time,105329,773,Yes,no,"Under Review",2435.16,3122,1,"Co-signer pending review."
1325022,01667,05/06/2024,Self-Employed,245968,837,Yes,true,Approved,4041.24,4811,5,"Flagged for manual review."
1325734,00512,12/01/2023,Contract,70488,621,No,No,Denied,7903.68,8233,4,n/a
1327558,01578,07-16-2022,Self-Employed,69912,767,No,,"Under Review",5772.48,6872,4,"Applicant follow-up needed"
1327635,00765,06/06/2020,Full-Time,114942,757,No,no,Approved,3472.92,5262,1,N/A
1328779,00707,06-24-2021,Unemployed,30588,588,No,no,Denied,2990.4,4984,1,N/A
1333167,00812,"August 24, 2023",Contract,27972,644.0,Yes,No,Pending,1788.6,2981,5,.
1333778,00414,2024-02-16,Contract,68515,849,No,,Denied,2018.4,3364,2,"Missing bank statements."
1333817,01250,06/22/2022,"Self Employed",117010,,No,true,Pending,2965.56,3802,2,"Referred by agent."
1336220,00893,04/07/2020,Full-Time,101515,643,Yes,TRUE,Denied,3053.7,3915,1,"Co-signer pending review."
1336381,01646,"December 28, 2023",Student,29129,747,No,Y,Pending,4216.8,7028,4,"Renewal case."
1337418,01384,01/04/2023,Self-Employed,112081,684,Yes,Y,Pending,2334.42,3537,1,"Renewal case."
1337699,00013,05-18-2024,Unemployed,118185,758,No,false,Withdrawn,2306.7,3495,3,"Co-signer pending review."
1339938,00017,24/11/2020,Retired,56204,313,No,FALSE,Pending,2469.48,3166,2,
1340013,01542,2024-02-05,Unemployed,237755,627,No,no,Approved,549.78,833,2,"Applicant follow-up needed"
1340614,00868,2021-11-19,Contract,27331,710,No,false,Denied,3329.28,3468,1,"Co-signer pending review."
1341372,00911,2020-04-15,Student,215699,758,Yes,FALSE,denied,4841.28,5043,1,"Co-signer pending review."
1342969,00859,2021-10-23,Full-Time,192470,769,No,0,Approved,3437.28,5208,4,"Applicant follow-up needed"
1346546,00851,2023-06-07,Part-Time,230545,505,No,yes,Approved,1533.48,1966,1,"Applicant follow-up needed"
1346790,00347,07/19/2022,Retired,172746,849,No,Y,Approved,1979.34,2999,4,
1350123,00736,02/18/2022,Self-Employed,64492,704,No,yes,Approved,3036.48,3163,1,
1351816,00327,2020-09-02,Unemployed,16185,636,Yes,true,Denied,3147,5245,2,N/A
1355856,00458,19/07/2024,Contract,184315,766.0,Yes,TRUE,Approved,2857.92,2977,3,
1356632,00242,2020-06-07,Contract,293792,779.0,No,no,Denied,2073.96,2469,1,
1357131,01688,27/08/2021,Student,6926,715,No,0,Approved,1792.2,2987,5,"Renewal case."
1358283,00690,02/08/2023,Student,20181,737,No,true,Withdrawn,1048.32,1344,1,N/A
1358978,00954,30/08/2023,Self-Employed,129873,792,No,no,Denied,3580.2,5967,1,"Applicant provided pay stubs."
1359055,00125,"November 14, 2021",Self-Employed,96450,683,No,false,Denied,3672.48,4372,4,"income verified via Plaid"
1360196,00036,,Contract,80414,747,No,yes,Denied,2252.16,2346,2,"Referred by agent."
1360329,01088,07/04/2020,Contract,63848,744,Yes,TRUE,Denied,4657.38,5971,3,"Missing bank statements."
1361465,01119,"May 14, 2023",Retired,241169,784,No,TRUE,Denied,3144.96,3276,5,"income verified via Plaid"
1362076,00590,06-30-2022,Student,89468,651,No,FALSE,"Under Review",10007.76,11914,2,"Co-signer pending review."
1363683,01213,06/24/2023,Self-Employed,73926,580,No,no,Approved,2939.4,4899,5,"Referred by agent."
1364576,01474,25/05/2020,Part-Time,284563,694,Yes,TRUE,Pending,3555.24,4558,3,.
1366063,01007,27/11/2020,Student,170900,684,No,N,Approved,1452.36,1862,2,"Flagged for manual review."
1369326,00648,12/20/2024,Full-Time,223285,583,No,no,Approved,1608.42,0,5,"Applicant provided pay stubs."
1369948,00703,02/26/2021,Part-Time,207630,666,No,Yes,Denied,929.04,1106,5,"Applicant follow-up needed"
1370773,01245,"May 04, 2023",Full-Time,135681,,Yes,N,Denied,2088.24,3164,1,n/a
1371662,01685,2024-02-27,Contract,163376,774,No,TRUE,Approved,2630.4,4384,1,"Applicant provided pay stubs."
1371848,00564,09/07/2020,Contract,182033,801,No,N,Approved,4980.48,5188,3,"Renewal case."
1373285,00923,2022-04-17,Part-Time,135970,,No,true,"Under Review",2396.46,3631,1,.
1374842,00395,08/05/2023,Unemployed,79079,780,No,No,Approved,2486.4,4144,2,n/a
1381343,01512,06/17/2020,Full-Time,100522,527,No,true,Denied,2441.88,2907,5,"Applicant provided pay stubs."
1381755,00252,02/13/2024,Full-Time,265928,796,No,true,Approved,1089,1650,5,"Flagged for manual review."
1381965,00702,2020-12-06,FT,45724,698,No,true,Denied,1036.56,1234,5,"Renewal case."
1383577,00680,24/05/2022,Student,180931,640,No,,Pending,950.88,1132,2,"income verified via Plaid"
1383736,01410,01-27-2024,Student,219558,608,No,No,Withdrawn,3389.1,4345,4,N/A
1385269,00299,05-21-2022,Contract,42711,434,No,N,Approved,2956.8,4480,5,"docs expired"
1390735,01437,2024-11-29,Full-Time,298821,N/A,No,no,Approved,3875.04,4968,4,
1393536,01659,03-28-2024,Contract,144421,674,No,TRUE,approved,2287.74,2933,3,
1393706,01651,08/03/2023,Student,71675,687,No,No,Approved,1968.12,2982,3,"Applicant follow-up needed"
1394070,01551,,Student,123323,674,No,Y,Denied,2056.86,2637,1,"Applicant follow-up needed"
1394208,01547,03/19/2023,Student,232588,758,No,Yes,Approved,3628.8,3780,2,"income verified via Plaid"
1396897,00086,"November 26, 2020",Self-Employed,161877,730.0,No,false,Approved,4961.4,8269,4,.
1397074,01688,06/20/2021,Student,221413,716,No,1,Pending,2867.52,2987,5,
1398458,01421,03-13-2024,Student,304115,634,Yes,1,Approved,2304.72,3492,5,"Renewal case."
1400056,00419,08/15/2020,Self-Employed,198300000,752,No,false,"Under Review",1154.4,1924,4,"Missing bank statements."
1402893,01028,2022-01-30,Full-Time,219357,762,No,false,Pending,1311.18,1681,2,"Renewal case."
1406724,00596,2023-04-05,Retired,262467,365,No,FALSE,Denied,2854.8,3660,4,n/a
1407333,01619,"January 03, 2020",Retired,47324,692,No,No,Approved,1839.36,1916,3,"income verified via Plaid"
1408395,00924,2022-11-07,Retired,92700000,833,Yes,TRUE,"Under Review",1051.2,1095,2,n/a
1410394,00359,03/28/2024,Part-Time,57768,747,No,no,Denied,1958.04,2331,2,"docs expired"
1410448,00002,07-26-2021,Self-Employed,35179,,Yes,0,"Under Review",2588.04,3081,3,"Applicant follow-up needed"
1411111,00500,"April 17, 2022",Self-Employed,156435,,No,0,Approved,933.6,1556,5,"Renewal case."
1413927,01256,2023-11-05,Full-Time,6567,776,Yes,0,Approved,3121.56,4002,2,"Applicant provided pay stubs."
1413956,01407,2023-10-07,Retired,34593,347,No,TRUE,Pending,2155.14,2763,2,N/A
1414229,00190,02-23-2024,Part-Time,21143,583,Yes,yes,Pending,4449.9,0,5,"Flagged for manual review."
1417229,01363,"February 09, 2020",Unemployed,231888,829,Yes,false,Denied,1500.24,1786,3,"Applicant follow-up needed"
1417457,00051,2020-07-03,Full-Time,223290,787,No,TRUE,Withdrawn,1647.36,2496,3,"Applicant follow-up needed"
1419638,01501,30/01/2024,Student,96159,473,No,,Denied,976.56,1252,1,"Flagged for manual review."
1420433,01229,18/01/2023,Retired,299916,709,Yes,no,Denied,6237,9450,2,"Missing bank statements."
1421031,01423,,Unemployed,80242,580,Yes,Y,Denied,4509.12,5368,1,"Missing bank statements."
1421154,00916,01/26/2024,Retired,146317,686,Yes,0,Denied,1648.92,2114,2,"Missing bank statements."
1421324,00727,"September 25, 2023",Student,176465,788,No,,Approved,2252.4,3754,1,"Renewal case."
1421337,01652,11-25-2024,Retired,101848,,Yes,No,Denied,1212.12,1554,5,
1425475,00702,04/17/2021,Full-Time,177191,773,No,0,Pending,740.4,1234,2,"Renewal case."
1425917,00618,2022-11-25,Self-Employed,24762,N/A,No,TRUE,Approved,3618.6,6031,4,
1426083,00841,"October 11, 2021",Retired,44264,,Yes,false,"Under Review",2335.32,2994,2,"Renewal case."
1426142,00173,"April 16, 2022",Student,19660,818,No,Yes,Approved,2128.62,2729,2,"Renewal case."
1429156,01047,2024-09-21,Retired,50824,708,No,1,Approved,1236.18,1873,4,
1432121,01543,"December 12, 2024",Unemployed,166287,794,No,No,Approved,588.06,891,5,"Referred by agent."
1432287,00338,"October 19, 2024",Self-Employed,177658,320,Yes,true,Pending,2818.86,4271,1,n/a
1433872,01176,"June 28, 2020",Self-Employed,141126,710,No,yes,Withdrawn,1518.72,1808,2,"Applicant follow-up needed"
1437097,01009,10/08/2021,Student,194473,839,No,no,Approved,2437.68,2902,4,"Referred by agent."
1438918,00133,02/24/2022,Part-Time,79978,718,No,No,Approved,3067.2,3195,2,"Referred by agent."
1439322,00431,2022-08-18,Self-Employed,144725,686,No,Yes,Denied,3019.8,3595,1,"docs expired"
1441459,00337,05-26-2024,Self-Employed,13509,806,No,Y,Approved,3193.68,3802,2,"Missing bank statements."
1441550,01467,10-25-2024,Contract,38084,663,Yes,N,Denied,1393.86,1787,4,N/A
1441633,00946,"June 22, 2021",Contract,214123,561,No,FALSE,Denied,5125.56,7766,3,N/A
1442198,00885,2022-07-05,Full-Time,164758,844,No,FALSE,Approved,1454.7,1865,2,"docs expired"
1445737,01021,24/10/2022,Unemployed,186807,683,Yes,0,Denied,1992.54,3019,4,"Applicant provided pay stubs."
1449184,01291,12-14-2022,Unemployed,210570,714,No,N,Pending,1584.6,2641,2,"Co-signer pending review."
1449910,01600,19/12/2022,Unemployed,139143,600,No,No,Pending,2278.08,2373,3,"Co-signer pending review."
1454099,00587,04-09-2022,Full-Time,37371,584.0,No,false,Approved,5443.2,5670,1,
1454379,00426,11/20/2021,Student,201912,423,No,FALSE,Denied,3597,5450,1,"Co-signer pending review."
1454605,00814,2020-07-12,Retired,307997,610,No,false,Denied,8871.24,0,2,N/A
1454745,01447,12/09/2021,Part-Time,128219,601,No,Y,Approved,721.8,1203,5,
1454878,00374,07/09/2020,Self-Employed,254280,586,No,0,Approved,1475.1,2235,3,"Missing bank statements."
1455321,01592,"June 15, 2021",Part-Time,182886,708,No,1,Denied,2989.56,3559,3,"Applicant follow-up needed"
1455668,00805,2021-08-22,Student,244807,701,Yes,1,Approved,1600.2,1905,3,.
1456185,01296,2020-02-08,PT,211991,617,No,Y,Withdrawn,1197,1995,4,"Referred by agent."
1456340,01435,02/08/2020,Student,242941,,No,FALSE,Approved,3482.88,3628,5,n/a
1456921,00865,"January 10, 2023",Self-Employed,186474,703,No,0,"Under Review",850.8,1418,1,.
1457303,01648,28/09/2022,Student,130665,N/A,No,FALSE,Approved,3406.26,4367,1,N/A
1458719,01488,"April 10, 2023",Retired,168716,787,No,Yes,Denied,5110.38,7743,2,"Applicant follow-up needed"
1458758,01390,08-17-2020,Contract,260183,587,No,TRUE,Approved,1491.6,2260,5,"income verified via Plaid"
1459768,00368,"October 16, 2022",Retired,125937,,No,FALSE,Denied,976.8,1628,1,"docs expired"
1460849,00835,"May 07, 2021",Full-Time,36569,,Yes,,Denied,2329.86,2987,3,"Flagged for manual review."
1463188,00137,08/10/2022,Student,175140,728,No,Y,Approved,1314.72,1992,5,"Co-signer pending review."
1467817,01641,23/05/2022,Self-Employed,73186,659,No,0,Approved,4741.62,6079,3,
1468234,01227,12-17-2022,Self-Employed,91745,604,No,0,Pending,1485,2250,5,"Applicant provided pay stubs."
1469576,00211,01/16/2020,Part-Time,126247,424,No,No,Approved,939.84,1424,3,"Missing bank statements."
1469822,00984,"September 02, 2023",Unemployed,73834,614,No,true,Approved,1218.24,1269,2,.
1471582,01231,2021-10-13,Full-Time,115115,673,No,false,Denied,2028.6,3381,4,.
1473236,01791,07/11/2024,Retired,37901,559,No,true,Pending,3432,3575,4,"Co-signer pending review."
1473299,00303,2020-08-03,Part-Time,75632,598,No,true,Denied,3143.4,5239,5,"Co-signer pending review."
1474914,01737,08-02-2021,Contract,6318,743,No,No,"under review",1125.12,0,2,"income verified via Plaid"
1475656,00934,04/02/2024,Full-Time,146112,694,No,no,Approved,1543.92,1838,4,"Flagged for manual review."
1476651,00970,"May 31, 2021",Contract,207947,646,No,true,Approved,2135.64,2738,2,"Referred by agent."
1481405,00589,03/05/2023,Retired,78115,764,No,TRUE,Approved,2210.88,2632,1,n/a
1481937,00228,,Retired,214466,,Yes,,Denied,873.18,1323,2,
1483317,01157,03/03/2024,Unemployed,249036,800,No,no,Approved,3727.8,6213,5,"Referred by agent."
1484943,00955,"February 25, 2024",Unemployed,77262,693,No,yes,"Under Review",2155.44,2566,2,"Co-signer pending review."
1486383,01130,02-29-2024,Contract,185208,343,No,N,Approved,3369.6,5616,5,n/a
1486530,00612,"July 14, 2024",Retired,243785,768,No,1,Approved,4708.8,7848,4,
1489550,01010,"August 16, 2022",Part-Time,169930,529,No,no,Denied,726,1100,5,"Applicant follow-up needed"
1494765,01386,08-07-2023,Self-Employed,211848,838,No,true,Approved,3002.16,3574,2,.
1496024,01693,2023-02-02,Self-Employed,119009,388,No,N,Pending,1084.2,1807,4,"income verified via Plaid"
1496522,00910,2021-07-04,Self-Employed,143195,585,No,no,Approved,1614.36,2446,4,"Referred by agent."
1500803,00024,10-22-2021,Student,245707,685,Yes,yes,Approved,2493.12,2968,5,"Renewal case."
1503941,01194,08-26-2020,Part-Time,33503,734,Yes,yes,Approved,2458.68,2927,1,
1504152,00740,,"Self Employed",116483,810,No,,Approved,2585.28,2693,1,"docs expired"
1504431,00173,05/19/2021,Self-Employed,226424,811.0,No,1,Pending,2128.62,2729,1,"Renewal case."
1505272,00940,07/08/2022,Unemployed,72851,678,No,no,Approved,3766.62,5707,4,
1505456,00861,06/20/2020,Part-Time,209375,748,No,N,Withdrawn,1849.8,3083,1,"Flagged for manual review."
1507123,01633,27/12/2023,Full-Time,134283,711,No,false,Approved,1821.6,2760,1,
1512010,00165,"August 08, 2022",Retired,61349,783,No,TRUE,Denied,1387.2,2312,2,"Missing bank statements."
1512276,00908,06-27-2021,Unemployed,98707,,Yes,Yes,Pending,4040.4,4810,5,
1513103,00336,02/02/2020,Full-Time,206593,729,Yes,Y,Pending,1663.74,2133,2,.
1514063,00404,05/25/2024,Self-Employed,19985,798,No,,Approved,5966.22,7649,5,"Co-signer pending review."
1514838,00539,02-12-2024,Contract,235383,654,No,0,Denied,3538.86,4537,4,.
1515584,01692,01-03-2024,Part-Time,307984,677,No,N,Withdrawn,3597.36,4612,5,"Co-signer pending review."
1517068,01329,09/24/2022,Student,94589,623,No,FALSE,Approved,2835.3,3635,2,"docs expired"
1517785,01125,04-27-2023,Contract,124150,742,No,FALSE,Denied,1491,1775,2,
1517853,00859,2024-07-30,Part-Time,82842,587,No,0,Approved,3124.8,5208,2,"Applicant provided pay stubs."
1518263,01408,21/07/2024,Self-Employed,69598,,No,0,"Under Review",2054.58,0,3,"docs expired"
1522337,00026,28/04/2020,Part-Time,221631,N/A,No,Y,Approved,1000.56,1516,5,"Flagged for manual review."
1522400,00047,"December 19, 2024",Student,106399,667.0,Yes,FALSE,"Under Review",4241.64,5438,2,.
1524404,01436,05/05/2022,Retired,46349,,No,false,Denied,4885.44,5816,1,N/A
1526213,01632,01-14-2023,Unemployed,180748,,No,Y,Approved,3559.38,5393,4,n/a
1526936,00479,09/20/2024,FT,224791,650,No,TRUE,Denied,4128,6880,4,"Applicant follow-up needed"
1527507,00473,"June 16, 2023",Retired,40858,601,No,Yes,Pending,3367.56,4009,2,"Flagged for manual review."
1528048,00812,2021-06-12,Retired,127300000,790,No,false,Approved,2504.04,2981,1,.
1529390,00888,15/06/2022,Full-Time,214053,674,No,0,Withdrawn,3447.18,5223,2,
1530909,01453,"September 19, 2020",Unemployed,237100000,798,No,true,Approved,2877.12,0,1,"Applicant provided pay stubs."
1532063,00286,04/18/2020,Retired,71259,490.0,No,TRUE,Approved,8678.88,10332,2,"Referred by agent."
1533632,00567,04-27-2024,Student,235078,,No,true,Denied,1173.48,1778,4,"income verified via Plaid"
1533855,01729,09-25-2023,Self-Employed,91727,799,Yes,No,Approved,497.4,829,2,"Renewal case."
1534524,00374,01-08-2021,Retired,109161,693,No,yes,Approved,1877.4,2235,4,"docs expired"
1535615,01541,"July 17, 2020",Self-Employed,31142,634,No,true,"Under Review",5569.2,6630,5,.
1537924,01693,"December 03, 2021",Full-Time,120157,N/A,No,false,Approved,1517.88,1807,3,
1538668,00289,2020-07-29,Retired,92081,774,No,N,Approved,2032.2,3387,4,n/a
1539098,00453,"July 03, 2024",Part-Time,59831,784,No,0,Approved,1313.4,1990,4,"Missing bank statements."
1539665,01741,"May 18, 2022",Full-Time,118411,,No,no,Pending,4141.02,5309,5,"Referred by agent."
1539762,00861,05/23/2020,Student,82194,672,Yes,Yes,Approved,1849.8,3083,5,"Renewal case."
1541076,01286,10/30/2022,Full-Time,48662,,No,TRUE,Denied,1485.66,2251,1,"Renewal case."
1541645,00015,16/03/2022,Student,76870,670,No,Y,Approved,2135.04,2224,5,"Co-signer pending review."
1543265,00011,01/03/2022,Full-Time,174385,822,No,true,Pending,3597,5995,1,"Flagged for manual review."
1545899,01684,"June 26, 2022",Contract,21425,793,No,Yes,Denied,1819.8,3033,2,N/A
1546217,00022,12/01/2021,Student,45689,444.0,No,false,Withdrawn,1513.98,1941,2,"Renewal case."
1546447,00199,07/30/2024,Contract,170703,829,No,TRUE,denied,1110.6,1851,3,"income verified via Plaid"
1549103,01258,12/01/2020,Unemployed,25000000,681,No,no,Denied,1644.48,1713,1,.
1553482,01107,27/09/2023,Retired,111345,814,No,Y,Denied,2483.52,3184,3,"Referred by agent."
1553772,01741,"December 18, 2022",Full-Time,209162,724,No,true,Denied,3185.4,5309,3,"Flagged for manual review."
1557077,01159,05/23/2020,Unemployed,62491,713,No,FALSE,Denied,1944.6,3241,1,"docs expired"
1558025,01211,02-20-2021,Student,118243,739,No,Yes,Pending,1359.54,1743,3,"docs expired"
1558860,00803,05/08/2020,Self-Employed,168869,835,No,0,Denied,8073.6,8410,4,"Renewal case."
1559962,00981,27/05/2024,Full-Time,107619,586,No,,withdrawn,544.5,825,3,"Flagged for manual review."
1561042,00097,"November 15, 2020",Retired,90760,696,No,N,Denied,1558.08,1623,5,"Flagged for manual review."
1564220,01489,10/22/2024,Self-Employed,222643,733,No,1,Denied,859.32,1302,1,"Flagged for manual review."
1565132,01241,2021-05-08,Self-Employed,190435,715,Yes,N,Approved,1013.76,1536,3,
1567065,00363,22/07/2021,Unemployed,56378,758,No,N,"Under Review",1353.6,1410,1,n/a
1567311,00688,2024-07-11,Full-Time,57348,619,Yes,yes,pending,2543.58,3261,4,n/a
1567610,01140,"March 04, 2022",Unemployed,161099,808,No,yes,Denied,2327.64,2771,5,"docs expired"
1568141,00605,11-18-2020,Unemployed,142427,691,No,Y,Denied,1943.76,2314,4,
1571175,00509,02/04/2024,Full-Time,222138,808,No,N,Pending,958.2,1597,1,"Applicant provided pay stubs."
1572806,00162,02/21/2024,Full-Time,234952,,Yes,false,Approved,927.42,1189,2,"Flagged for manual review."
1576505,00502,2022-10-26,Full-Time,95268,813,No,no,Denied,4966.08,5173,5,"Applicant follow-up needed"
1576507,01406,11/22/2024,Student,103383,682,No,Y,Pending,2835.3,3635,5,"income verified via Plaid"
1576766,01167,02-14-2022,Retired,78221,768,No,FALSE,Pending,6034.56,6286,3,.
1576769,01413,02-14-2021,Retired,89690,580,No,Y,Approved,1654.2,2757,2,"docs expired"
1577290,01584,2021-12-17,Part-Time,180754,715,No,N,Approved,1797.12,1872,5,"income verified via Plaid"
1577327,00226,09/27/2023,Full-Time,214760,786,Yes,TRUE,Pending,1019.7,1545,2,"Applicant provided pay stubs."
1579921,00856,06-12-2023,Retired,157751,724,No,TRUE,Denied,508.2,847,5,"docs expired"
1580462,00691,11/13/2022,Unemployed,182444,730,No,0,Withdrawn,2402.88,2503,3,N/A
1580845,00967,12-03-2020,Student,12725,706,No,yes,Approved,1553.16,1849,4,"Referred by agent."
1581577,00097,17/09/2020,Student,129428,735,No,1,Denied,1363.32,1623,2,
1583786,00051,16/07/2020,Self-Employed,48115,839,No,No,Approved,1946.88,2496,1,"Flagged for manual review."
1583847,00818,2021-11-27,Full-Time,161185,730,No,Y,Denied,2661.12,4032,3,"Missing bank statements."
1584350,00856,26/07/2024,Part-Time,156003,813,Yes,Y,Approved,813.12,847,4,
1584717,00718,2021-06-02,Self-Employed,162800000,741,Yes,0,Withdrawn,3125.76,4736,4,"Applicant provided pay stubs."
1585868,00395,2022-11-12,Retired,66625,765,Yes,N,Denied,3480.96,4144,4,n/a
1586050,00769,2022-01-19,Unemployed,111987,753,Yes,Y,"Under Review",3444,5740,1,"Co-signer pending review."
1586528,00907,01/08/2020,Self-Employed,142000,818,No,no,Denied,1665.72,1983,4,
1587037,01343,04/25/2020,Unemployed,230906,813,No,false,Approved,927.6,1546,1,n/a
1588668,00217,12-24-2023,Contract,66503,844,Yes,,Pending,2698.02,3459,1,
1590489,00133,"June 22, 2020",Self-Employed,24385,619,No,FALSE,Approved,2683.8,3195,5,"Referred by agent."
1592922,01514,27/10/2022,Full-Time,95607,683,No,1,Pending,1329.24,2014,5,N/A
1593790,00934,2020-10-25,Unemployed,39181,779,No,TRUE,withdrawn,1433.64,1838,3,"Co-signer pending review."
1596735,00463,09/29/2022,Self-Employed,138467,313,No,Yes,Approved,2376,3600,5,"Applicant provided pay stubs."
1597978,00640,2023-01-06,Full-Time,110400000,,No,1,"Under Review",2271.6,3786,2,
1598066,00441,"October 08, 2020",Self-Employed,169987,743,No,yes,Approved,3701.94,5609,1,.
1598777,00664,06/30/2021,Part-Time,93049,593,No,0,Pending,534,890,3,"Missing bank statements."
1599022,01599,,Retired,176334,689,Yes,,Approved,3153.6,3285,4,
1599737,00689,,Student,159444,780,No,TRUE,Approved,1306.2,1555,1,"Co-signer pending review."
1600224,00173,,Student,205721,726,No,No,Denied,2292.36,2729,1,"docs expired"
1600796,01119,23/06/2020,Full-Time,188190,599,No,TRUE,Pending,2555.28,3276,2,"Applicant provided pay stubs."
1601528,01443,2023-11-12,Unemployed,213424,648,No,,Approved,1779.84,1854,3,"Applicant provided pay stubs."
1603264,00289,05/28/2020,Unemployed,130794,N/A,No,0,Approved,2641.86,3387,5,"Co-signer pending review."
1604626,00251,03-09-2021,Full-Time,66225,605,No,N,Denied,936.54,1419,1,"Renewal case."
1606729,00515,2020-12-28,Part-Time,75275,800,No,FALSE,Approved,4014,6690,5,"Flagged for manual review."
1607092,01507,2021-12-19,Full-Time,292139,701,Yes,,Approved,2855.04,2974,3,N/A
1608447,00969,05/04/2024,Part-Time,22992,686,No,TRUE,Withdrawn,1177.8,1510,1,
1609769,00205,06-24-2020,Full-Time,80371,667,Yes,No,Pending,884.52,1134,4,
1609883,01451,"September 13, 2020",Unemployed,25406,798,No,N,Approved,4000.32,4167,2,"income verified via Plaid"
1609889,00930,09/29/2020,Self-Employed,149840,703,No,Yes,Approved,2805.6,3340,4,"Renewal case."
1611408,01462,09/04/2021,Full-Time,209411,804,Yes,Y,Withdrawn,927,1545,2,"Flagged for manual review."
1615899,00026,2021-12-04,Student,156802,604,Yes,,Approved,909.6,1516,3,.
1619043,00752,"May 21, 2024",Self-Employed,133443,676,Yes,yes,"Under Review",2064.6,3441,5,"Applicant provided pay stubs."
1620348,00097,14/10/2024,Unemployed,87152,655,No,yes,Approved,1265.94,1623,5,"Co-signer pending review."
1621397,00812,2023-10-12,Contract,114654,698,No,1,Approved,1967.46,2981,1,"Renewal case."
1622768,00713,"September 17, 2020",Part-Time,225408,660,Yes,1,Denied,3351.48,5078,2,"Flagged for manual review."
1623640,00675,06-24-2021,Retired,190424,752,Yes,true,Denied,2484.9,3765,5,"docs expired"
1624412,00595,08/05/2021,Part-Time,195129,846,No,true,Approved,1994.4,3324,5,"Missing bank statements."
1624576,00847,07/25/2023,Full-Time,66626,748,No,TRUE,Pending,4751.04,5656,2,n/a
1625232,00467,"November 24, 2022",Retired,160420,,No,No,Approved,6529.38,8371,2,"Applicant follow-up needed"
1626810,01743,07-20-2024,Contract,169547,583,No,Yes,Approved,929.88,0,3,"Missing bank statements."
1627568,01135,02-13-2022,Part-Time,54575,787,No,no,Pending,2251.2,2680,3,"Applicant provided pay stubs."
1631280,01707,"January 14, 2020","Self Employed",78638,,No,1,Denied,5006.4,5960,1,"docs expired"
1631463,00425,,Retired,195200000,710,No,yes,Denied,1350.72,1608,2,"Renewal case."
1632839,00588,"September 01, 2021",Full-Time,8722,,No,Y,Denied,1629.6,1940,2,N/A
1635071,01299,"October 11, 2022","Self Employed",119289,,No,yes,Approved,883.08,1338,4,"Applicant follow-up needed"
1635086,00715,"June 12, 2023",Retired,220463,600,No,Yes,Approved,1665.72,1983,3,N/A
1636418,00603,2024-10-21,Full-Time,30938,790,No,,Pending,724.8,1208,4,"docs expired"
1637009,00270,2022-04-29,Retired,35842,727,Yes,N,Approved,2892,4820,3,"Applicant follow-up needed"
1640027,00181,,Self-Employed,58625,,No,0,"Under Review",601.26,911,2,n/a
1641836,00231,01-07-2020,Contract,186248,708,No,N,Pending,6999.36,7291,4,
1642092,01518,2022-06-18,Part-Time,58606,713,Yes,TRUE,Withdrawn,2654.4,4424,2,
1642462,00797,12-30-2021,Contract,183988,373,No,,Approved,2859.78,4333,5,
1642778,00836,"March 16, 2021",Unemployed,218401,722,No,false,Approved,4248,4425,4,
1643278,01625,2021-01-09,Self-Employed,157095,799,No,true,Denied,4545.84,5828,1,"Applicant provided pay stubs."
1646325,00218,2023-02-02,Unemployed,32404,755,No,,denied,2470.38,3743,4,"Flagged for manual review."
1646876,00964,2020-08-18,Student,27859,,Yes,FALSE,Denied,4089.6,4260,3,n/a
1648100,01485,02-08-2020,Self-Employed,123925,775,Yes,0,Denied,3100.44,3691,2,"Flagged for manual review."
1648478,00494,"February 10, 2024",Student,140000,390,Yes,Yes,Pending,5010.6,5965,4,"Applicant provided pay stubs."
1648846,00605,01/12/2024,Self-Employed,169628,817,No,true,Approved,1804.92,2314,5,N/A
1649903,01262,01/11/2023,Self-Employed,161267,836,No,1,Approved,5814.48,6922,2,"Renewal case."
1653879,00231,11-17-2024,Student,159099,689,No,N,Approved,6124.44,7291,2,"Referred by agent."
1653990,00768,14/10/2024,Self-Employed,91937,671,No,N,Approved,5374.98,6891,4,N/A
1654210,01176,"January 28, 2022",Retired,139823,705,Yes,Yes,Approved,1084.8,1808,5,"Applicant follow-up needed"
1655326,01521,10/09/2022,Contract,197004,590,No,no,Approved,2601.72,3942,3,"Missing bank statements."
1656041,01473,"September 06, 2021",Contract,77826,586,No,true,Pending,2817.6,4696,1,"docs expired"
1656499,00455,"March 01, 2024",Self-Employed,142995,740,No,TRUE,Withdrawn,3723.84,3879,5,
1657683,01189,,Unemployed,191642,684,No,,Withdrawn,4107.84,4279,4,"Applicant provided pay stubs."
1659533,00492,01-27-2022,Unemployed,75237,647,No,0,"Under Review",1409.28,1468,5,"Flagged for manual review."
1662339,01092,23/03/2020,Contract,168123,648,No,false,Approved,5248.32,7952,1,"docs expired"
1663603,00429,11/07/2023,Student,30273,760,Yes,1,Pending,5532.48,5763,3,n/a
1664468,01445,25/06/2022,Contract,195905,747,No,no,Approved,7014,8350,5,"Missing bank statements."
1666013,00349,2023-03-07,Contract,246360,602,No,1,Approved,1825.98,2341,4,"Co-signer pending review."
1667485,01258,22/02/2022,Student,222800000,814,No,no,Approved,1027.8,1713,1,"Missing bank statements."
1668825,00749,28/04/2021,Part-Time,163845,653,No,,"Under Review",1656.6,2761,1,"Renewal case."
1669384,00275,2020-08-07,Self-Employed,52869,663,Yes,FALSE,Denied,1108.8,1680,3,"income verified via Plaid"
1670088,00893,"April 28, 2022",Retired,40385,540,Yes,true,Approved,2349,3915,1,"Missing bank statements."
1670492,01559,11-21-2021,Part-Time,209759,831,No,Yes,Approved,1069.86,1621,2,"docs expired"
1672926,01679,,Retired,8610,822,No,N,Approved,4256.64,4434,5,"income verified via Plaid"
1673397,01299,07-19-2023,Part-Time,84969,801,Yes,Y,Approved,1284.48,1338,3,"Co-signer pending review."
1673717,00325,12/09/2024,Retired,195221,820,No,No,Denied,1109.76,1156,3,"Renewal case."
1674060,01015,"April 30, 2020",Self-Employed,318589,695,Yes,0,Approved,3423.6,5706,5,
1674102,01269,07/09/2023,"Self Employed",51109,705.0,No,Yes,Denied,1571.46,2381,1,"docs expired"
1674489,00201,01/31/2021,Self-Employed,54377,696,Yes,true,Approved,1895.4,2430,1,"Renewal case."
1675105,01610,"February 14, 2023",Part-Time,229170,753,No,true,"Under Review",1823.4,3039,3,"Applicant provided pay stubs."
1676181,00733,08-26-2020,Student,73578,799,No,true,Pending,1036.2,1570,3,"Applicant provided pay stubs."
1677814,00452,02/04/2023,Unemployed,186184,738,Yes,yes,Approved,3488.94,4473,2,"Applicant follow-up needed"
1679918,00658,24/01/2024,Part-Time,66369,779,No,TRUE,Pending,2037.6,3396,1,"docs expired"
1680531,00431,2023-03-16,Retired,154462,633,No,no,Denied,3451.2,3595,3,"income verified via Plaid"
1681040,00927,23/02/2022,Contract,62865,390,No,true,Denied,4608,7680,3,"income verified via Plaid"
1683191,01023,08/27/2024,Self-Employed,196578,693,No,1,Approved,822.12,1054,5,"Renewal case."
1683892,00023,07-24-2022,Unemployed,109608,670,Yes,no,Denied,3052.56,3634,2,"Missing bank statements."
1685707,01524,04-29-2020,Contract,199160,654,No,,Pending,2352,2800,2,"Referred by agent."
1686474,00272,03-13-2022,Full-Time,117799,465,No,FALSE,Denied,1060.8,1360,4,"Renewal case."
1687231,01364,2021-06-14,Student,68682,670,No,TRUE,Approved,4536.84,5401,2,
1687755,01305,12-20-2024,Self-Employed,59547,804.0,No,,Pending,4126.32,6252,4,"income verified via Plaid"
1689605,01672,19/05/2024,Retired,81650,812,No,true,Approved,2632.56,3134,1,"Co-signer pending review."
1689735,00753,"September 29, 2020",Full-Time,55645,N/A,Yes,,Approved,1626,2710,5,"docs expired"
1691795,01159,"March 27, 2020",Self-Employed,236477,645,Yes,No,Denied,2139.06,3241,2,
1692720,01398,03/03/2021,Retired,121407,778,No,1,Approved,2279.16,2922,1,.
1692757,01105,02/05/2022,Full-Time,68343,762,No,,Denied,1159.68,1208,3,"Missing bank statements."
1695843,00471,04/18/2022,Full-Time,257137,766,No,N,Approved,1313.28,1368,5,"Renewal case."
1696508,01733,06-07-2024,Full-Time,31032,797,No,Yes,Approved,10232.64,10659,1,"docs expired"
1696940,01653,10/02/2022,Student,238440,452,No,N,Approved,2411.76,3092,4,
1700113,01504,28/07/2022,Unemployed,11239,774,No,No,Approved,5217.3,7905,1,"Flagged for manual review."
1701824,01645,06/01/2024,Unemployed,232018,708,No,1,Approved,3275.58,4963,5,"docs expired"
1702550,01594,06-09-2021,Unemployed,257290,844,No,false,Pending,5092.92,6063,5,N/A
1704874,00582,2021-10-16,Retired,186614,376,No,true,Approved,3042.78,3901,4,"income verified via Plaid"
1706491,00057,18/01/2021,Unemployed,139460,509,No,no,Approved,4116.42,6237,3,N/A
1708953,01221,10/09/2023,Student,123099,729,No,Yes,Denied,4694.82,6019,3,"Flagged for manual review."
1709531,00907,2024-10-29,Retired,114586,,No,false,Approved,1903.68,1983,4,"docs expired"
1711674,01412,02-19-2024,Part-Time,77429,,No,Y,Pending,1516.8,1580,4,"Flagged for manual review."
1715292,01501,2021-07-26,Part-Time,248429,728.0,No,Yes,Approved,1051.68,1252,5,"Referred by agent."
1716241,01732,10-28-2024,Contract,275596,796,No,FALSE,Pending,1006.2,1677,3,.
1716514,01489,14/01/2021,Self-Employed,138453,668,Yes,FALSE,"Under Review",781.2,1302,2,"Applicant provided pay stubs."
1719459,01474,26/11/2024,Full-Time,289142,,No,Y,Pending,3555.24,4558,5,"Referred by agent."
1720765,00361,12-10-2024,Contract,156990,629,No,No,Approved,2799.72,4242,2,"docs expired"
1721894,01018,04/06/2020,FT,26484,,No,No,Approved,6441.12,7668,3,"Renewal case."
1724477,01295,13/10/2020,Student,167607,654,No,yes,Pending,4772.46,7231,4,"Missing bank statements."
1724656,00077,2023-12-15,Contract,49837,604,No,yes,Denied,1652.16,1721,2,"Renewal case."
1728974,01387,"February 25, 2020",Part-Time,140500000,495.0,No,false,Denied,2055.36,2141,5,"Renewal case."
1729254,00502,,Full-Time,232634,599,No,N,Approved,3103.8,5173,4,"Flagged for manual review."
1729842,00134,2021-08-10,Student,147675,831,No,yes,Approved,3547.2,3695,4,
1731331,00716,2021-09-22,Unemployed,240462,735,No,No,Approved,1738.8,2898,5,"income verified via Plaid"
1731530,01034,07-31-2024,Self-Employed,51173,705,No,1,Approved,3225.6,3360,2,
1734113,00072,21/09/2021,Student,83594,660,No,no,Approved,2635.08,3137,2,
1735816,00220,04/02/2022,Full-Time,122014,792,No,N,"Under Review",1397.88,2118,2,"Applicant follow-up needed"
1736561,00265,21/09/2022,Part-Time,68800,635,Yes,TRUE,Approved,1333.08,1587,4,"income verified via Plaid"
1743367,00743,"September 19, 2021",Unemployed,225375,772,No,1,Approved,798.72,832,3,"docs expired"
1745657,01484,12-22-2022,Full-Time,117389,616,Yes,N,Pending,2946.72,3508,3,
1746149,00865,2022-07-17,Retired,78402,632.0,No,No,Approved,1191.12,1418,1,"Renewal case."
1746804,01278,02/23/2023,Part-Time,121996,600,Yes,,Denied,1585.32,2402,2,
1748491,00797,04/21/2024,Self-Employed,117828,616,No,0,Pending,2599.8,4333,4,"Renewal case."
1749150,01721,02/17/2020,Retired,126658,772,No,1,Denied,1078.74,1383,4,"Missing bank statements."
1750585,01288,06/04/2021,Student,69695,844,No,FALSE,Denied,2210.04,2631,3,"income verified via Plaid"
1751502,00922,2020-07-25,Self-Employed,161804,766,No,1,Denied,767.4,1279,5,"Co-signer pending review."
1752600,00743,01-25-2020,Contract,88341,801,No,false,Approved,698.88,832,4,N/A
1753238,00732,"October 14, 2023",Part-Time,231643,840,No,,Pending,1807.74,2739,3,"Applicant follow-up needed"
1753815,01749,18/10/2023,Self-Employed,215571,766,No,FALSE,Approved,1336.14,1713,5,N/A
1754251,01748,19/01/2024,Student,227074,843,Yes,0,Approved,904.2,1507,1,n/a
1755948,01011,06-21-2022,Part-Time,21631,650,No,FALSE,Denied,5060.16,5271,2,.
1758277,00104,2023-07-20,Self-Employed,185565,626,No,TRUE,Withdrawn,2128.5,3225,1,"Applicant follow-up needed"
1762766,00105,"January 04, 2024",Student,181549,,No,0,Approved,4799.76,5714,5,"Referred by agent."
1767479,00685,24/04/2022,Unemployed,236137,,No,yes,Approved,1207.92,1438,3,"Missing bank statements."
1769140,00401,06-26-2020,Contract,243934,822,No,true,Pending,3903,6505,4,"income verified via Plaid"
1770106,00956,06/02/2024,Student,115037,481.0,No,N,withdrawn,2082.6,3471,3,"Co-signer pending review."
1771224,00919,"April 29, 2022",Unemployed,43300000,736,No,no,Approved,884.16,921,3,"Flagged for manual review."
1771644,00366,24/06/2020,Contract,6850,811,No,Yes,Approved,3296.16,3924,3,N/A
1771831,00666,2020-04-15,Part-Time,26579,,Yes,N,Approved,1114.08,1688,2,"Missing bank statements."
1773757,00170,"July 28, 2022",Full-Time,70890,664,No,N,Denied,3596.04,4281,2,N/A
1775601,00807,05/18/2020,Unemployed,59342,680,No,FALSE,"Under Review",1743.36,1816,5,"Renewal case."
1776102,01189,2021-12-10,Retired,186828,648,No,TRUE,Approved,3337.62,4279,5,"Missing bank statements."
1778360,01257,2023-12-01,Retired,159485,759,No,Yes,Denied,609,1015,4,"Referred by agent."
1780025,00129,06/11/2024,Student,88059,739,No,true,Denied,947.1,1435,4,
1781132,00176,"September 17, 2024",Unemployed,153051,673,No,TRUE,Withdrawn,6304.74,8083,5,"Referred by agent."
1782416,01324,06-01-2021,Self-Employed,194338,791,No,N,"Under Review",704.76,839,3,
1788741,00887,07-23-2023,Contract,125309,,No,0,Denied,3956.94,5073,1,"Renewal case."
1789081,01055,"April 11, 2023",Self-Employed,47358,616,No,TRUE,Approved,5659.2,5895,4,n/a
1789464,00019,10-18-2022,Student,98624,N/A,No,FALSE,Pending,2235.48,2866,2,"docs expired"
1789709,01629,2022-10-09,Full-Time,112049,833,No,N,"Under Review",1609.92,2064,1,
1789782,00272,16/09/2023,Retired,56817,609,No,,Denied,897.6,1360,5,"Referred by agent."
1791289,00535,2023-01-22,Student,232173,776,No,Y,Approved,715.2,1192,2,"Referred by agent."
1791420,01210,"March 29, 2021",Full-Time,50484,752,No,No,Approved,2459.52,2928,1,"income verified via Plaid"
1791713,01352,30/04/2020,Retired,116645,658,No,0,Pending,1648.14,2113,1,"Co-signer pending review."
1791869,01798,05-27-2023,Student,234868,674,No,no,Approved,4572.48,6928,3,.
1793618,00691,"December 08, 2022",Full-Time,112436,777,No,0,Pending,2402.88,2503,2,"Applicant follow-up needed"
1794054,01365,"December 19, 2024",Full-Time,201035,,No,FALSE,Denied,2748.6,4581,5,N/A
1796934,01371,24/07/2022,Self-Employed,156012,745,No,yes,Approved,2607,3950,3,"Applicant provided pay stubs."
1798660,01536,30/10/2021,Full-Time,300561,,No,false,Withdrawn,3559.14,4563,4,"Applicant provided pay stubs."
1800061,00072,11/22/2020,Contract,18593,706,No,false,Approved,2446.86,3137,1,"Referred by agent."
1801923,00282,02/09/2020,Part-Time,228098,668,No,,Approved,760.8,1268,1,
1802722,01194,"May 18, 2023",Unemployed,87226,694,No,no,Denied,2283.06,2927,2,
1805528,00583,2024-05-16,Student,209652,748,No,true,Denied,2106.6,3511,5,"Renewal case."
1805632,00183,"September 16, 2021",Student,30197,,No,false,Denied,4614.6,7691,3,.
1806457,01219,27/07/2022,Self-Employed,248163,,Yes,false,Approved,1869,3115,4,n/a
1807221,01392,18/06/2022,Retired,307607,715,No,0,Denied,5605.38,8493,1,"Flagged for manual review."
1809310,00299,01/08/2022,Full-Time,51024,644,No,N,Denied,3494.4,4480,4,"Applicant follow-up needed"
1810017,00496,19/11/2023,Student,171281,792,No,No,Approved,2752.32,2867,5,"Applicant follow-up needed"
1810670,00177,"June 06, 2022",Retired,208614,741,Yes,,Approved,1226.16,1572,1,"docs expired"
1812172,00287,10-05-2024,Part-Time,217531,750,No,true,Approved,4344.6,5570,1,"income verified via Plaid"
1812315,01065,08/04/2024,Full-Time,202823,771,No,yes,Pending,1060.92,1263,1,"Applicant follow-up needed"
1814909,00366,01-04-2022,Retired,140426,722,No,true,Denied,3767.04,3924,2,"Applicant follow-up needed"
1814961,01351,18/10/2024,Unemployed,104440,713,No,FALSE,Approved,2520.6,4201,5,"Applicant provided pay stubs."
1815895,01142,"May 04, 2023",Full-Time,120262,815,Yes,no,Approved,3038.4,5064,5,n/a
1817505,01796,"January 12, 2022",Contract,141402,,No,TRUE,Denied,2207.7,3345,2,"Renewal case."
1818193,01595,,Unemployed,84905,608,No,no,Approved,1705.44,2584,2,"Applicant provided pay stubs."
1818928,00511,11/19/2024,Self-Employed,6122,707,No,,Approved,4485.78,5751,3,"Applicant provided pay stubs."
1819240,00971,06/30/2023,Full-Time,35452,795,No,yes,Denied,2133.12,2222,5,"Renewal case."
1821236,00700,07/06/2024,Part-Time,313505,722,No,FALSE,approved,1828.32,2344,4,"Referred by agent."
1822279,00830,04-07-2024,Unemployed,240867,828,No,,Approved,3437.76,3581,4,"Co-signer pending review."
1822434,00390,12-13-2023,Student,25800000,760,No,Y,Approved,975.36,1016,2,"Missing bank statements."
1822782,00688,2024-07-19,Self-Employed,235686,592,No,no,Approved,2739.24,3261,1,n/a
1825876,00705,"December 26, 2023",Student,222704,646,No,Y,Withdrawn,2603.16,3099,4,"Renewal case."
1826465,01298,12-18-2022,Unemployed,198287,N/A,No,false,"Under Review",1125.6,1340,5,"Applicant provided pay stubs."
1827858,00624,04-05-2021,Part-Time,117884,715,No,No,Approved,3045.9,3905,4,"Renewal case."
1828507,00056,12/28/2023,Student,127176,620,Yes,no,Approved,3060.72,3924,2,"income verified via Plaid"
1830353,01605,06-19-2024,FT,172098,741,No,,Approved,1900.8,2880,2,"Applicant follow-up needed"
1831789,00353,01-31-2020,Student,161796,539,No,TRUE,Approved,2350.08,2448,2,"Referred by agent."
1831931,01069,"November 07, 2024",Contract,27480,N/A,No,no,approved,620.4,1034,3,"docs expired"
1832134,00078,03-08-2021,Contract,165535,793,No,true,Approved,1299.54,1969,1,"Flagged for manual review."
1833273,00367,2024-02-22,Part-Time,225239,639,No,1,Approved,1337.82,2027,1,"Applicant follow-up needed"
1833891,00429,"April 08, 2022",Contract,90883,812,No,TRUE,Approved,4495.14,5763,5,"Missing bank statements."
1835780,01240,"May 21, 2024",Contract,50662,779,No,,Approved,3936.66,5047,5,"Applicant follow-up needed"
1838888,01616,10/23/2024,Retired,208955,599,No,Y,Approved,3034.8,5058,4,n/a
1843409,01654,02-09-2023,Student,155900000,729,No,Yes,Approved,3317.76,0,4,"Applicant provided pay stubs."
1844151,00150,"August 04, 2020",Student,35949,606,No,Yes,Approved,1370.16,2076,5,"Applicant follow-up needed"
1845110,00789,31/03/2024,Self-Employed,247513,792,No,,Approved,673.86,1021,4,N/A
1845452,01658,04/05/2021,Unemployed,177023,593,No,FALSE,Denied,2722.2,0,1,"docs expired"
1845959,01768,"December 14, 2024",Full-Time,242600000,,No,false,Approved,3791.76,4514,1,N/A
1848112,00606,"November 17, 2021",Part-Time,63550,773,No,no,Approved,1424.94,2159,2,"Applicant follow-up needed"
1849959,01304,2024-10-18,Unemployed,119014,673,No,TRUE,Withdrawn,8890.44,11398,2,"Flagged for manual review."
1850808,00348,09-11-2021,Contract,82485,674,No,Y,Withdrawn,8482.56,8836,4,N/A
1852203,00953,2022-08-22,Part-Time,234945,687,No,yes,Approved,2818.2,4270,1,
1853141,01464,17/01/2024,Student,205904,810,Yes,0,Approved,3150,3750,1,"Applicant follow-up needed"
1854472,01129,03-14-2022,Contract,30939,701,Yes,Y,Approved,2657.76,3164,4,"Referred by agent."
1856152,01428,08/27/2024,Retired,123503,754,No,,Approved,7381.44,7689,3,"Missing bank statements."
1857134,00668,2020-10-05,Unemployed,105345,367.0,No,false,Withdrawn,3251.16,4926,4,.
1859474,01493,05/29/2023,Student,65812,801,No,N,Denied,1939.74,2939,3,"docs expired"
1859772,00731,2024-12-04,Student,25144,549,No,true,Denied,1816.32,1892,1,"Applicant follow-up needed"
1860223,01695,10/05/2021,Self-Employed,177628,768,No,FALSE,Withdrawn,4281.48,5097,5,
1860725,01158,,Student,30435,,No,1,Withdrawn,1416,1475,5,"docs expired"
1864997,01383,12/26/2022,Self-Employed,211840,727,No,Yes,Approved,2385.24,3058,5,"Renewal case."
1871190,01781,2024-03-08,Full-Time,153661,791,No,TRUE,"Under Review",1970.64,2346,4,.
1871667,01015,25/01/2023,Full-Time,230919,,No,no,Denied,3765.96,5706,4,"Co-signer pending review."
1872296,00673,12-20-2023,Part-Time,138229,687,Yes,Yes,Approved,4321.98,5541,4,N/A
1873606,00244,04/10/2024,Student,122410,461,No,false,Approved,1104,1840,1,"Flagged for manual review."
1877270,00126,2020-10-11,Full-Time,88095,,No,false,Pending,1876.56,2234,1,"income verified via Plaid"
1877292,01104,2020-05-27,Retired,189113,629,No,TRUE,Denied,2867.28,0,3,"Applicant follow-up needed"
1877404,01650,04/18/2020,"Self Employed",188191,720,No,false,Approved,1899.6,3166,5,N/A
1877703,00365,10-09-2023,Retired,161708,664,No,Y,Approved,1421.4,2369,4,"Renewal case."
1879897,00398,11/05/2024,Unemployed,23226,759.0,Yes,FALSE,Withdrawn,4660.32,5548,4,"Flagged for manual review."
1880021,00618,03-03-2020,Student,161509,626,No,Y,Withdrawn,4704.18,6031,4,"Renewal case."
1880760,00809,2022-12-02,Unemployed,57947,734,No,yes,Denied,953.7,1445,4,n/a
1882314,01244,2021-01-09,Student,65286,647,No,N,Approved,4965,8275,3,"Co-signer pending review."
1882447,00043,04/10/2022,Retired,164457,744,Yes,No,Denied,2766.96,3294,4,
1883714,00619,10-16-2020,Retired,274245,811,No,TRUE,Pending,8628.48,10272,5,
1884308,00926,,Self-Employed,109721,,No,0,Pending,3912.6,0,1,"Co-signer pending review."
1885278,00045,11-16-2023,Part-Time,44140,691,No,no,"Under Review",2020.26,3061,5,
1886261,01462,02/03/2021,Self-Employed,65689,671,No,Y,Pending,1019.7,1545,2,"Applicant follow-up needed"
1888087,00320,04-03-2024,Full-Time,176709,,No,Y,Approved,2719.68,2833,5,"income verified via Plaid"
1889259,00577,"March 20, 2020",Unemployed,37617,830,No,N,Approved,1898.88,1978,2,"Renewal case."
1890408,00245,01/09/2024,"Self Employed",243635,692.0,No,true,Approved,2578.68,3306,5,N/A
1891454,00561,09-02-2021,Student,31982,669,No,false,Pending,1638.72,1707,2,"Missing bank statements."
1892683,01792,04/27/2020,Retired,126530,626,No,no,Approved,4828.32,5748,2,"Referred by agent."
1893502,01105,09-11-2022,Student,160444,696,No,Y,Denied,724.8,1208,2,N/A
1895735,01149,28/02/2023,Retired,207697,666,Yes,0,"Under Review",6922.56,7211,1,"Renewal case."
1896093,01754,"June 03, 2023",Unemployed,311977,711,No,No,Denied,3160.08,4788,2,N/A
1896431,00508,02/07/2020,Unemployed,240762,754,Yes,FALSE,Withdrawn,647.4,0,5,"Co-signer pending review."
1897278,00740,01-04-2021,PT,77816,766,Yes,Y,Denied,1615.8,2693,3,
1897292,00321,"March 04, 2023",Unemployed,62095,773,No,Yes,Denied,3966.6,6010,5,"Referred by agent."
1901030,01579,"October 07, 2022",Retired,56907,723,Yes,Yes,"Under Review",1770.12,2682,5,"Renewal case."
1901261,00204,"May 30, 2020",Unemployed,137440,834,Yes,,denied,1054.56,1352,2,"Applicant follow-up needed"
1902227,00432,11/03/2022,Self-Employed,135362,825,Yes,Y,Approved,1934.46,2931,2,"income verified via Plaid"
1902904,01107,09-24-2024,Part-Time,60741,792,No,Y,Withdrawn,1910.4,3184,3,.
1904231,00865,05-20-2022,FT,79800000,658,No,0,Approved,1106.04,1418,4,"docs expired"
1904884,00376,22/08/2022,Unemployed,125449,N/A,No,0,Approved,2451.12,2918,5,"Renewal case."
1905584,00101,03-16-2022,Contract,44968,719,No,TRUE,"Under Review",2420.04,2881,4,"Missing bank statements."
1906015,01075,2023-07-14,Part-Time,153133,842,No,Y,"Under Review",3417.96,4382,4,"Co-signer pending review."
1907577,01279,18/08/2023,Student,242495,831,No,Yes,Approved,3694.08,0,5,
1908771,01262,08/08/2023,Part-Time,84881,551,No,1,Pending,5814.48,6922,2,
1912163,01054,2023-02-16,Part-Time,50736,487,Yes,Yes,Withdrawn,2042.88,2128,3,n/a
1915584,00104,"January 06, 2020",Contract,173786,771,No,Y,"Under Review",3096,3225,5,"Renewal case."
1915922,01535,04/07/2020,Part-Time,139881,402,No,true,Denied,3742.44,4798,3,
1916200,00406,07-25-2024,Self-Employed,66326,829,No,0,Approved,3827.88,4557,3,"Applicant follow-up needed"
1916373,01228,14/02/2024,Contract,164897,682,No,false,Approved,739.2,1120,2,
1917386,00551,12-01-2022,Self-Employed,226142,720.0,No,no,Denied,3732.3,4785,4,"Referred by agent."
1918706,01253,03-07-2020,Contract,110272,,No,0,Pending,3229.2,5382,5,"Co-signer pending review."
1918905,00756,2023-04-23,Student,247900000,705,Yes,1,"Under Review",903.54,1369,1,"Missing bank statements."
1919260,00363,06/28/2021,Full-Time,34507,650,No,0,Approved,846,1410,2,"Referred by agent."
1920108,00997,"December 16, 2024",Retired,48441,640,No,FALSE,Denied,2981.88,4518,5,"Renewal case."
1921340,00232,02-06-2023,Full-Time,248737,677,No,false,Approved,1955.52,2037,4,
1921664,00910,2023-08-21,Self-Employed,173363,790,No,TRUE,Approved,1467.6,2446,5,
1922045,01686,2020-05-20,Full-Time,184152,675,No,No,Denied,2496.6,4161,1,n/a
1922112,00868,"July 16, 2023",Contract,167518,751,No,false,"Under Review",2913.12,3468,4,"Applicant provided pay stubs."
1924473,01208,08-31-2023,Part-Time,11450,600,No,N,Denied,1824,1900,2,"Applicant provided pay stubs."
1925984,00141,26/05/2021,PT,190601,686,No,TRUE,Approved,2017.62,3057,1,.
1928094,01160,21/11/2023,Contract,122189,,No,Yes,Denied,2154.6,3591,1,"Missing bank statements."
1931930,00919,05/03/2023,Self-Employed,227045,799,No,no,Denied,718.38,921,5,.
1932946,01255,2023-06-22,Contract,130899,715,No,Y,Denied,6069,0,2,"Referred by agent."
1934188,00306,11/01/2023,Unemployed,99642,721,Yes,Y,Pending,1594.8,2658,4,"Renewal case."
1935616,01412,2022-09-04,Full-Time,47115,729,No,FALSE,Denied,1516.8,1580,4,.
1935695,00516,10/15/2023,Unemployed,19765,607.0,No,0,Approved,1428,1700,5,"Referred by agent."
1935857,00154,07/30/2024,Student,192341,788,No,Yes,Denied,1327.68,1383,4,"Missing bank statements."
1937101,00042,08/18/2022,PT,178638,686.0,No,TRUE,"Under Review",5457.66,6997,3,N/A
1937417,00074,"February 22, 2023",Self-Employed,319822,741,No,no,Pending,5972.4,9954,2,"Referred by agent."
1937511,00995,15/07/2023,"Self Employed",52141,604,No,FALSE,Approved,5733.12,5972,2,N/A
1940363,01098,13/11/2022,Unemployed,19083,,No,0,Withdrawn,3255.84,0,2,n/a
1940378,01021,06/09/2020,Unemployed,141087,625,No,1,Approved,2354.82,3019,3,
1941049,01393,"December 05, 2020",Full-Time,109100000,702,No,No,Denied,3065.4,5109,1,"docs expired"
1942971,01272,11/05/2024,Full-Time,243933,792,No,FALSE,Denied,1726.8,2878,2,"Applicant provided pay stubs."
1943421,01358,08-07-2023,Student,132135,787,No,0,Denied,3075.54,3943,2,.
1944481,00626,2020-12-13,Unemployed,45623,780.0,No,Yes,Approved,1194.6,1991,4,"Missing bank statements."
1946507,01785,,Part-Time,231018,604,No,1,Approved,5309.76,5531,1,.
1946951,01559,01-03-2021,Full-Time,35519,N/A,No,Y,Pending,1556.16,0,4,"Renewal case."
1947092,00839,2022-12-10,Full-Time,201407,,No,Y,Pending,2830.74,4289,2,
1947879,01115,"July 08, 2020",Student,142440,684,No,no,Withdrawn,2381.4,3969,4,"Flagged for manual review."
1948970,01040,29/06/2020,Part-Time,102136,342,No,No,Denied,2119.26,2717,1,"docs expired"
1950347,01167,2023-03-17,Full-Time,83666,807,Yes,no,Pending,4148.76,6286,3,"Applicant provided pay stubs."
1954019,01722,2024-07-04,Full-Time,117725,740,No,true,"Under Review",1010.4,1684,3,
1956214,01081,28/11/2022,Retired,263979,809,No,yes,Pending,5405.76,5631,4,
1956409,00139,11-26-2021,Full-Time,78642,752,No,FALSE,Approved,5700.48,5938,5,"Flagged for manual review."
1956602,01174,02/22/2024,Part-Time,37384,700,No,,Approved,1637.16,1949,5,n/a
1957909,01366,02-04-2020,Unemployed,131784,660,Yes,true,Pending,4884.48,5088,4,"Renewal case."
1962081,00818,2022-05-11,Contract,142373,634,No,N,Approved,3144.96,4032,4,"Applicant provided pay stubs."
1962678,00963,2021-12-17,Full-Time,165153,583,No,no,Approved,832.32,867,4,"Co-signer pending review."
1965328,00064,"October 02, 2022",Retired,63733,659,Yes,,Approved,2248.8,3748,2,"income verified via Plaid"
1965611,00415,31/08/2020,Contract,206186,,No,FALSE,Approved,671.22,1017,5,"income verified via Plaid"
1966063,01107,"April 06, 2020",Student,323794,407,No,,Denied,2674.56,3184,3,"docs expired"
1966833,01344,2023-11-27,Unemployed,248958,693,No,N,Pending,2547.6,4246,4,"docs expired"
1967404,00090,02/07/2023,Part-Time,99832,767,No,Yes,Pending,4397.4,5235,4,"Referred by agent."
1967960,00920,03-26-2023,Part-Time,228417,770,No,true,Approved,2057.4,3429,1,"income verified via Plaid"
1969583,00300,11-19-2022,Retired,18738,788,No,Y,Approved,3876.6,4970,4,"Renewal case."
1972455,00980,2023-07-31,Full-Time,22474,739,No,N,Approved,1291.68,0,2,N/A
1972523,00864,"January 06, 2021",Unemployed,271443,850,No,Yes,Approved,6556.68,8406,5,n/a
1972683,00677,09/04/2020,Full-Time,66874,,Yes,,Pending,1096.2,1827,3,"Applicant provided pay stubs."
1973186,01168,04-10-2024,Retired,245952,671,No,N,Approved,4584,4775,2,"Referred by agent."
1974533,01196,08/02/2023,Self-Employed,241110,481,No,Yes,Pending,2744.28,3267,1,"Flagged for manual review."
1975084,00804,"April 26, 2022",Unemployed,40596,598,No,N,Approved,2083.62,3157,5,"Referred by agent."
1977365,01004,11/16/2021,Self-Employed,153702,731,No,TRUE,Denied,3607.56,5466,1,"Referred by agent."
1978573,01587,03-31-2023,Student,130390,,No,0,Pending,3624.96,3776,2,"Referred by agent."
1978714,01655,"January 04, 2021",Self-Employed,226228,617,Yes,1,Approved,4549.2,7582,1,"Referred by agent."
1979185,00613,07-05-2020,Unemployed,48252,749,No,no,Withdrawn,4299.36,0,5,N/A
1983750,00640,19/12/2023,Student,28063,684,No,N,"Under Review",2953.08,3786,2,.
1984370,01354,2020-06-04,"Self Employed",153212,665,No,TRUE,"Under Review",1244.4,2074,4,
1984511,00269,"April 17, 2020",Unemployed,25899,780,No,false,Approved,1958.4,0,5,"Flagged for manual review."
1984848,00516,2022-07-16,Part-Time,107349,794,No,TRUE,Denied,1632,1700,2,"Flagged for manual review."
1985599,01498,2024-09-27,Contract,75543,827,Yes,,Pending,1869.6,3116,1,"Applicant follow-up needed"
1986200,00652,08/08/2022,Full-Time,225422,589,No,No,Denied,3631.68,3783,1,"Referred by agent."
1987444,00270,2024-05-23,Self-Employed,58452,659,No,no,Approved,4048.8,4820,3,"docs expired"
1988845,01669,,Full-Time,46204,N/A,No,TRUE,approved,1307.04,1556,5,"Co-signer pending review."
1989334,00377,05-02-2024,Unemployed,86601,,No,FALSE,Approved,1368,1425,2,"income verified via Plaid"
1990080,01191,"May 12, 2020",Full-Time,249035,710,No,No,Approved,827.64,1254,2,"Flagged for manual review."
1990228,00945,08-18-2021,Unemployed,108126,832,No,No,Approved,1100.22,1667,4,N/A
1991658,00938,2023-03-05,Unemployed,60709,681,No,0,Approved,4352.4,5580,2,"docs expired"
1992139,00092,2023-05-17,Contract,212356,711,Yes,true,Denied,2466.36,3162,2,"Applicant provided pay stubs."
1992470,00179,2024-06-02,Retired,161623,665,No,true,Approved,3299.4,0,1,"Renewal case."
1996488,00446,"May 15, 2023",Unemployed,81122,N/A,No,FALSE,Denied,1887.6,3146,3,"Renewal case."
1996989,00568,07/10/2020,Part-Time,248000000,730,No,,Denied,1866.48,0,5,
2000721,00553,05-26-2023,Retired,230319,613,Yes,Y,Approved,3242.58,4913,2,n/a
2001832,01480,17/03/2020,Student,245171,700,No,,"Under Review",1034.22,1567,2,"Co-signer pending review."
2002867,00208,02-17-2020,Student,125856,708,No,false,Approved,562.98,853,2,N/A
2003482,00052,,Retired,50676,,No,no,Approved,3091.14,3963,4,"Flagged for manual review."
2005441,00084,08-01-2021,Contract,180892,689,Yes,no,Approved,4462.8,7438,1,
2005658,00445,"November 15, 2021",Self-Employed,222444,683,Yes,false,Denied,1088.34,1649,4,"Missing bank statements."
2006083,00119,"October 21, 2021",Part-Time,118651,749,No,0,"Under Review",3736.2,4790,2,"Applicant provided pay stubs."
2006521,00780,10-09-2020,Student,73177,640,No,true,Pending,2123.88,3218,4,n/a
2006550,01553,2024-05-17,Retired,226197,673,No,TRUE,Pending,2489.76,3192,4,
2009166,00030,2022-05-05,Self-Employed,201274,,Yes,yes,Denied,2976.96,3101,4,"Applicant follow-up needed"
2010430,01735,"July 06, 2024",Self-Employed,199632,794,No,Y,Approved,1459.26,2211,2,"docs expired"
2011435,00690,"November 03, 2023",Student,220415,712,No,0,Approved,1290.24,1344,1,"docs expired"
2015567,00437,,Part-Time,217372,,No,No,Denied,1805.1,2735,5,
2017215,00088,01-17-2022,Retired,321311,756,No,false,Approved,1528.8,1960,1,"docs expired"
2017337,01434,08-03-2023,Full-Time,95348,721,No,1,Approved,4210.2,7017,2,"Flagged for manual review."
2018148,01532,2020-02-11,Contract,161982,794,No,,Withdrawn,1629.6,2716,5,N/A
2019608,01570,"January 16, 2021",Retired,246478,N/A,No,FALSE,Denied,1889.4,3149,2,"Applicant provided pay stubs."
2022325,00564,"August 15, 2023",Student,75140,731,No,Yes,Denied,3112.8,0,5,n/a
2022560,01624,08/08/2024,Part-Time,137259,698,No,Y,"Under Review",3898.56,4061,4,.
2023242,00534,"January 09, 2023",Part-Time,32731,813,No,TRUE,Withdrawn,1964.82,2977,2,"Applicant follow-up needed"
2026738,00059,07-07-2024,Unemployed,82215,,No,TRUE,Approved,1967.16,2522,5,"Applicant follow-up needed"
2031887,00169,20/03/2022,Contract,120872,752,Yes,,Approved,2448,4080,2,"Flagged for manual review."
2031958,01127,12/17/2023,Retired,141480,650,No,false,Denied,2304.72,3492,2,"Missing bank statements."
2033171,00374,07-14-2021,Self-Employed,80590,360,No,Yes,Approved,1877.4,0,3,
2035750,00768,07/27/2022,Retired,54116,750,No,1,"Under Review",5788.44,6891,3,"income verified via Plaid"
2036391,00303,2020-01-28,Unemployed,184905,,No,Yes,"Under Review",5029.44,5239,4,"Flagged for manual review."
2037924,01498,04/06/2021,Full-Time,51044,704,No,,Approved,2617.44,3116,4,"income verified via Plaid"
2038510,01529,05-16-2024,Full-Time,222428,N/A,No,true,"Under Review",3550.56,4552,5,"Co-signer pending review."
2038798,01597,"August 29, 2020",PT,164556,704,No,0,Pending,1556.88,1996,5,"Flagged for manual review."
2038968,00377,04-30-2024,Retired,242978,721,No,TRUE,Approved,940.5,1425,2,
2039194,01540,2024-06-21,Part-Time,129223,798,Yes,Yes,"Under Review",2745.12,3268,3,"Missing bank statements."
2040270,00154,"March 07, 2021",Unemployed,139517,605,No,Y,Pending,1161.72,1383,2,"docs expired"
2040755,01093,2022-11-05,Retired,227561,709,No,0,Withdrawn,2384.76,2839,5,"Applicant provided pay stubs."
2040847,00465,01-27-2022,Full-Time,121109,577,Yes,TRUE,Approved,1590.12,0,1,
2041280,00384,13/07/2023,Part-Time,70384,786,No,No,Approved,3822.6,6371,4,
2042859,01585,"October 05, 2021",Unemployed,238970,775,Yes,Y,Approved,1628.76,1939,2,"Applicant follow-up needed"
2043186,01789,11-24-2024,Self-Employed,109284,767,No,TRUE,Denied,2890.56,3011,4,"Flagged for manual review."
2043209,01710,2022-06-13,Full-Time,4435,841,No,1,Denied,5437.44,5664,5,"Applicant provided pay stubs."
2043778,01119,2023-07-19,Part-Time,154532,603.0,No,yes,Approved,2751.84,3276,5,"income verified via Plaid"
2044165,01782,2021-11-28,Self-Employed,169013,827,No,TRUE,Pending,4620.72,5924,2,"Applicant provided pay stubs."
2045236,00259,04-09-2022,Unemployed,222387,749,No,FALSE,Approved,2401.2,4002,4,"Referred by agent."
2046288,01791,08-26-2023,Unemployed,63282,430,No,false,Denied,3432,3575,5,
2049963,00184,2020-05-02,Retired,79963,678,No,TRUE,Pending,3515.16,5326,3,"income verified via Plaid"
2050550,00977,21/04/2024,Student,220615,781,No,true,Approved,2548.92,3862,4,n/a
2053123,00366,05/04/2020,Unemployed,102789,777,Yes,yes,Approved,3767.04,3924,2,
2054413,01688,2020-12-13,Retired,107947,832,No,no,Pending,2867.52,2987,3,
2056958,01551,"September 14, 2020",Retired,140955,776,Yes,false,Pending,1025.64,1554,2,"Flagged for manual review."
2060691,01430,2020-03-06,Part-Time,295776,,Yes,,Approved,1438.92,1713,2,"Renewal case."
2062420,00915,01-17-2021,Retired,170214,823,No,false,Pending,4241.28,4418,5,"Applicant follow-up needed"
2063647,01659,07/22/2024,Student,78492,705,No,no,Pending,1759.8,2933,3,n/a
2064777,00180,,Unemployed,107743,584,No,Yes,Pending,1195.8,1993,3,"Missing bank statements."
2065774,01066,01-15-2023,Student,179640,795,Yes,Y,Approved,1825.32,2173,1,.
2065987,00551,06/27/2024,Student,69061,815,No,N,Denied,2871,4785,4,n/a
2066789,01562,05-21-2020,Contract,242319,658,Yes,true,denied,3303.3,4235,5,N/A
2067638,00964,02-05-2020,Unemployed,122304,,No,1,Approved,4089.6,4260,3,"Referred by agent."
2068281,01590,2024-04-10,Contract,207353,744,No,false,"Under Review",853.8,1423,5,
2069513,01560,"June 24, 2022",Self-Employed,230678,720,Yes,N,Approved,3532.8,3680,1,"Referred by agent."
2071535,00375,"March 15, 2023",Contract,218011,,No,Y,Approved,1648.2,2747,4,
2078471,01440,11/04/2024,Part-Time,151265,471,No,0,Pending,1063.92,1612,5,
2079571,00734,04-17-2020,Self-Employed,48593,726,No,no,Pending,1601.28,1668,1,"Renewal case."
2080561,01089,"April 14, 2021",FT,242290,395,Yes,yes,Pending,1708.98,2191,2,"Flagged for manual review."
2081870,01337,04/12/2020,Unemployed,277871,743,No,true,approved,1440,2400,2,"Missing bank statements."
2082036,00236,08/11/2022,Full-Time,89395,761,No,TRUE,Denied,4432.32,4617,1,"Flagged for manual review."
2084703,01675,01/28/2024,Self-Employed,249144,582,Yes,false,Denied,1906.56,1986,5,N/A
2085809,00843,11/17/2024,Full-Time,152901,642,No,0,Approved,1203.72,1433,5,
2086014,01512,,Contract,179088,694,No,1,Denied,1918.62,2907,4,N/A
2088689,00627,2020-06-13,Unemployed,80152,684,No,N,Approved,2979.24,4514,1,"Flagged for manual review."
2090246,00505,"February 01, 2024",Student,323004,605,No,true,Approved,9169.92,9552,4,"Co-signer pending review."
2091239,01081,06/19/2020,Part-Time,254865,764,No,yes,Denied,4730.04,5631,2,"Applicant follow-up needed"
2091391,00709,,Part-Time,216164,485,Yes,No,denied,1131,1885,3,"docs expired"
2092226,00527,"November 15, 2022",Self-Employed,173394,,No,FALSE,"Under Review",1626.24,2464,4,"docs expired"
2094200,01376,10-01-2020,Contract,205571,574,No,,Denied,1618.32,2452,4,
2096323,00720,19/05/2020,Retired,93395,799,No,No,Pending,3959.34,0,2,"Missing bank statements."
2097943,00705,10/24/2023,Self-Employed,119770,791,No,yes,Denied,1859.4,3099,1,N/A
2098543,00934,2024-06-20,Unemployed,12281,828,No,no,Approved,1213.08,1838,5,"Renewal case."
2100151,00739,02/28/2020,Part-Time,32586,806,No,FALSE,Approved,2468.7,3165,5,N/A
2100857,01149,09-24-2021,Student,49079,795,No,yes,Approved,6057.24,7211,4,"Missing bank statements."
2101115,00216,"September 02, 2020",Self-Employed,49172,738,No,yes,Denied,1619.52,1687,3,N/A
2101967,00662,2023-01-19,Unemployed,207531,587,No,Y,Approved,1460.16,1521,3,n/a
2104247,00853,01-15-2021,Full-Time,110896,758.0,No,FALSE,Approved,1943.7,2945,2,N/A
2104818,00750,2021-04-30,Student,3094,687,No,N,Denied,3277.68,3902,1,.
2106897,00632,10/19/2020,Self-Employed,189879,581,No,No,Approved,3643.8,6073,4,"Renewal case."
2108424,01758,12/12/2020,Part-Time,203671,428,Yes,0,Withdrawn,5778.24,6019,2,"Applicant follow-up needed"
2110720,00113,12/14/2021,Retired,150355,824.0,No,FALSE,Withdrawn,1884.12,2243,2,n/a
2111941,01043,2021-07-24,Unemployed,126566,732,No,N,Denied,1875.06,2841,1,"Flagged for manual review."
2113290,01173,05/05/2020,Self-Employed,103299,754,No,,Pending,2410.56,2511,3,"Missing bank statements."
2113794,00277,"February 23, 2020",Part-Time,22892,,No,FALSE,Approved,4376.4,5210,2,"Missing bank statements."
2114013,00794,"March 09, 2020",Unemployed,318388,796,No,Y,Pending,2669.76,2781,5,"Missing bank statements."
2115514,01505,2021-06-03,Unemployed,204069,706,No,FALSE,pending,2868.6,3415,1,"docs expired"
2115915,01154,2024-08-13,Unemployed,88883,613,Yes,TRUE,"Under Review",1635,2725,5,"Applicant provided pay stubs."
2115974,00202,,Full-Time,188233,641,No,,Approved,4634.4,7724,4,"Co-signer pending review."
2117184,01786,06-19-2021,Part-Time,162314,681,No,yes,Denied,805.2,1342,3,
2117257,00151,"December 15, 2022",Retired,189111,694,Yes,FALSE,Pending,3668.16,3821,5,"Applicant provided pay stubs."
2118829,00878,11/09/2020,Retired,70339,N/A,No,,Withdrawn,1218.36,1562,3,"income verified via Plaid"
2119803,00333,10/01/2020,Full-Time,54055,610,No,0,Pending,914.1,1385,5,"Applicant follow-up needed"
2119923,01032,"January 29, 2022",PT,75823,643,No,Y,Pending,2469.6,2940,1,
2122035,01037,05-10-2020,Unemployed,176942,,No,yes,Denied,2631.72,3133,2,N/A
2122163,00679,2022-01-27,Self-Employed,195641,750,No,yes,Withdrawn,1768.8,2948,2,
2126323,00778,10/04/2022,Retired,182864,780,No,,"Under Review",1382.7,2095,3,"income verified via Plaid"
2126714,01132,2024-03-27,Unemployed,137727,529,No,N,Pending,3331.02,5047,4,"Co-signer pending review."
2126994,01207,2022-03-12,Part-Time,163225,582,No,1,Denied,1961.4,3269,5,"income verified via Plaid"
2127363,00640,16/02/2020,Contract,39521,598,No,Yes,Approved,3634.56,3786,2,
2128776,00353,02/08/2020,Part-Time,190028,608,No,yes,Pending,2350.08,2448,4,"Missing bank statements."
2132627,01723,2022-04-06,Unemployed,162321,726,Yes,,Approved,1474.2,1755,4,"Referred by agent."
2133086,01402,05/13/2023,Unemployed,82937,770,No,TRUE,Pending,762.72,908,3,N/A
2133644,01206,07-16-2021,Retired,227674,677,No,FALSE,Denied,2804.76,3339,4,
2140393,00128,2021-10-19,Full-Time,82332,,No,0,"Under Review",7369.92,7677,2,"Applicant provided pay stubs."
2141822,00280,2020-09-13,Self-Employed,43705,446,No,yes,Approved,840,1400,5,.
2143389,01538,"July 23, 2023",Self-Employed,94338,764,No,Y,Approved,1341.6,1720,2,"Referred by agent."
2143409,01197,2022-07-25,Part-Time,148788,849,No,FALSE,Approved,1520.64,2304,2,"Missing bank statements."
2145377,00550,"April 23, 2022",PT,185731,719,No,TRUE,Withdrawn,1843.92,2364,5,N/A
2145638,00644,06/28/2021,Self-Employed,141000000,701,No,Y,Approved,3450.24,3594,5,"Co-signer pending review."
2147852,01335,"April 14, 2021",Contract,141409,657,No,false,Approved,7174.08,7473,5,"Missing bank statements."
2150204,00700,01-19-2023,Retired,189686,671,Yes,No,Approved,1406.4,2344,4,"Applicant provided pay stubs."
2151758,01029,"December 29, 2020",Student,161975,717,No,FALSE,Approved,1374.78,2083,5,"docs expired"
2152790,00156,06-19-2022,Contract,118485,795,No,FALSE,Withdrawn,4115.52,4287,3,n/a
2153288,01553,2023-03-19,Contract,35359,662,No,Yes,Denied,2106.72,3192,4,N/A
2154868,00809,"December 02, 2024",Full-Time,146651,751,No,true,Approved,953.7,1445,4,"Renewal case."
2157024,01775,09/27/2024,Self-Employed,76105,654,No,true,Denied,918.06,1391,5,
2158621,00012,"November 17, 2022",Full-Time,28159,,No,0,Denied,1104,1840,2,
2158946,01507,04/05/2022,Contract,255591,655.0,No,0,Pending,2498.16,2974,4,"Co-signer pending review."
2160060,01018,05-11-2020,Part-Time,61805,417,No,yes,"Under Review",5981.04,7668,2,"Applicant provided pay stubs."
2160253,01194,2022-09-27,Retired,109047,751,No,,Pending,2458.68,2927,1,"income verified via Plaid"
2162245,01570,,Student,168669,848,Yes,No,Denied,1190.4,1240,5,"income verified via Plaid"
2162253,00726,2020-06-09,Self-Employed,39678,N/A,No,No,Approved,1141.2,1902,4,
2162571,01376,"June 14, 2024",Full-Time,242608,,No,Yes,Withdrawn,2059.68,2452,5,"docs expired"
2163145,01604,"April 07, 2022",Retired,144341,731,No,no,Approved,3805.62,4879,1,"Co-signer pending review."
2164194,01002,07-21-2020,Self-Employed,76503,790,No,1,Approved,4987.8,8313,5,"Flagged for manual review."
2164761,01550,2023-07-10,Self-Employed,235541,664,No,1,Denied,3484.26,4467,2,"Applicant provided pay stubs."
2164962,01695,09/07/2021,Retired,156799,737,No,N,Denied,4281.48,5097,3,"Co-signer pending review."
2173341,01708,02-27-2022,Full-Time,193620,735,No,N,Denied,2969.28,3093,2,
2173423,00374,,Retired,99600000,417,No,true,Withdrawn,1341,2235,2,"Flagged for manual review."
2176400,00872,2023-05-12,Student,219288,713,Yes,No,Approved,1573.26,2017,1,"Flagged for manual review."
2178949,00511,03/17/2022,Retired,186057,320,No,No,Denied,3450.6,5751,1,"Flagged for manual review."
2181531,00612,07/26/2024,PT,116770,,No,TRUE,Denied,4708.8,7848,2,"Referred by agent."
2181663,01417,24/11/2021,Self-Employed,152715,362,No,yes,Approved,3402.3,5155,1,"Applicant follow-up needed"
2183226,00558,10/11/2021,Self-Employed,120932,615,No,no,Pending,4006.08,4173,3,"docs expired"
2183485,00418,2024-05-27,Contract,66444,516,Yes,Y,Approved,2898,3450,3,"Applicant provided pay stubs."
2184240,00448,08-13-2023,Contract,18394,798,No,TRUE,Pending,1643.46,2107,4,"Flagged for manual review."
2188454,01191,06-11-2023,Self-Employed,150484,539,Yes,Yes,Approved,752.4,1254,5,"Co-signer pending review."
2189085,00539,02-21-2024,Retired,112890,831,No,0,Approved,2994.42,4537,1,
2191576,01223,09-26-2021,Student,118727,770,No,TRUE,Approved,3113.22,4717,5,"Referred by agent."
2193825,01096,2022-01-17,Part-Time,144277,807,No,Y,Approved,1672.44,2534,1,"Missing bank statements."
2195230,01247,2022-03-28,Part-Time,229197,712,No,no,Approved,3829.02,4909,2,N/A
2195352,01131,10/01/2021,Student,238760,792,No,Y,Approved,1102.86,1671,3,"income verified via Plaid"
2195541,00141,09/02/2022,Student,92530,836,No,FALSE,Approved,2567.88,3057,2,N/A
2196614,01773,12/06/2020,Retired,88835,843,No,No,Approved,4751.04,4949,4,"Missing bank statements."
2197320,00495,"June 06, 2022",Student,248115,590,No,,Approved,999,1665,5,N/A
2197597,00013,10-22-2022,Student,191700000,826,No,No,Denied,2097,3495,5,N/A
2200237,00541,"September 05, 2024",Part-Time,137002,706,No,,"Under Review",3028.2,5047,5,"Applicant follow-up needed"
2203033,01165,20/09/2022,Unemployed,127692,699,No,no,Denied,855.36,891,5,
2204089,00579,"December 13, 2024",Part-Time,225942,686,No,1,Pending,4918.2,5855,1,"Missing bank statements."
2204424,00081,02/02/2023,Part-Time,223074,563,No,no,pending,3061.44,3189,1,
2204979,01347,01/06/2022,Retired,221228,555,No,No,Approved,676.2,805,1,n/a
2205549,00850,09/14/2024,Contract,59394,796,No,false,Approved,2370.42,3039,4,N/A
2208023,00196,"January 05, 2024",Contract,127673,574,Yes,Y,approved,7880.64,8209,1,"Applicant follow-up needed"
2210091,01439,2022-08-05,Retired,51344,705,No,false,Approved,2698.8,3460,3,"income verified via Plaid"
2211018,00352,02/14/2023,Full-Time,157718,N/A,No,true,Withdrawn,2278.08,2373,1,"Applicant provided pay stubs."
2211934,01515,01/09/2024,Part-Time,199073,672,No,Yes,Pending,1101.54,1669,4,"Renewal case."
2212040,00378,2024-11-16,Unemployed,145295,714,No,1,"Under Review",1826.88,1903,3,"income verified via Plaid"
2216292,00257,"May 23, 2021",Part-Time,163763,698,No,yes,Approved,2525.4,4209,2,
2216834,01747,04/08/2021,Self-Employed,91332,748,No,1,Approved,4595.76,5892,4,"Applicant provided pay stubs."
2218445,01126,12/08/2023,Part-Time,188392,803,No,No,Approved,3109.44,3239,1,
2221269,00355,"July 24, 2020",Self-Employed,186455,734,No,No,Pending,7762.56,8086,4,
2223241,00538,"April 21, 2021",Student,235156,675,Yes,Yes,Denied,2690.22,3449,5,
2224050,00490,17/05/2023,Student,55499,835,No,TRUE,Approved,5639.04,5874,1,"Applicant follow-up needed"
2225622,01419,2020-01-26,Retired,200200000,784,Yes,N,Approved,3387.84,0,5,"Co-signer pending review."
2226205,01694,"March 12, 2022",Self-Employed,109250,632,Yes,,Denied,1795.56,2302,5,N/A
2226989,00763,10/30/2024,Full-Time,230024,725,No,true,Denied,6011.46,7707,4,
2231125,00711,02/15/2024,Part-Time,150418,693,No,false,Approved,655.38,993,5,"Missing bank statements."
2233437,01214,2020-06-28,Student,234692,585,No,,Denied,558.36,846,4,"income verified via Plaid"
2234047,00972,11-29-2022,Full-Time,223595,750,No,0,Approved,1786.62,2707,1,
2234605,00840,15/12/2020,Self-Employed,81310,,No,No,Approved,1668.6,2781,2,"Applicant follow-up needed"
2238620,01152,01/11/2021,Contract,104930,729,No,Y,Approved,5432.64,5659,5,.
2238747,00941,02-09-2021,Self-Employed,101558,722,No,TRUE,Denied,1715.4,2859,5,"Applicant provided pay stubs."
2240749,00906,24/04/2023,Part-Time,203296,707,No,0,Approved,5464.32,5692,3,"Flagged for manual review."
2242399,01191,"August 31, 2020",Unemployed,169733,661,No,,Approved,1053.36,1254,1,"Applicant follow-up needed"
2243149,00524,06-08-2024,Student,119255,796,No,N,Pending,3024.84,3601,4,"Co-signer pending review."
2249257,00990,01/17/2020,Contract,22334,772,No,,Approved,1671.78,2533,1,"Co-signer pending review."
2251683,00836,07/08/2021,Retired,169220,807,No,Yes,Denied,2920.5,4425,4,"docs expired"
2253400,00242,21/01/2022,Unemployed,121035,760,No,1,Denied,2370.24,2469,4,"Applicant follow-up needed"
2253657,01457,"September 29, 2020",Contract,60473,618,No,N,Approved,5361.18,8123,5,"Co-signer pending review."
2253823,01048,03/17/2021,Student,306924,751,No,false,Approved,4804.8,8008,3,
2255628,01121,2020-05-27,Self-Employed,301679,789.0,No,N,Approved,1173.6,1956,2,
2255846,00566,09-11-2023,Part-Time,58460,847,No,FALSE,"Under Review",1268.4,1510,3,
2256928,01697,03/03/2021,Part-Time,154207,726,Yes,0,Approved,1329.9,1705,1,
2257559,00226,06/17/2024,Student,156322,847,No,1,Withdrawn,1483.2,1545,2,"Referred by agent."
2257789,01481,"June 22, 2023",Contract,222671,759,No,No,Denied,1250.76,1489,5,"income verified via Plaid"
2259184,01744,"April 22, 2021",Student,222010,748,No,TRUE,Denied,7486.08,7798,1,"Missing bank statements."
2260956,00596,05-30-2024,Full-Time,64382,352,No,false,Denied,3513.6,3660,4,"Applicant provided pay stubs."
2263502,01284,10-26-2023,Full-Time,38443,742,No,true,Approved,3352.8,5588,3,n/a
2264033,01205,06/05/2022,Retired,82369,724,No,FALSE,Approved,2829,4715,5,"Missing bank statements."
2267963,00803,,Unemployed,84781,625,No,yes,Approved,6559.8,8410,5,N/A
2269278,01214,"April 25, 2022",Unemployed,108300000,818,No,FALSE,Pending,659.88,846,4,"docs expired"
2269998,01212,12/20/2024,Contract,37544,324,No,,Denied,952.38,1443,1,"Referred by agent."
2272104,00633,"November 08, 2022",Unemployed,123638,822,No,FALSE,Approved,3639.48,4666,1,"Applicant follow-up needed"
2272337,00716,2023-10-29,Retired,23913,789,No,false,Withdrawn,2260.44,2898,2,"docs expired"
2273839,00774,07-06-2024,Unemployed,90983,771,No,0,Pending,2363.4,3939,5,"Referred by agent."
2274431,01067,05/14/2022,Student,170828,590,No,FALSE,Approved,2258.88,2896,5,"income verified via Plaid"
2278602,00231,12/18/2020,Full-Time,139735,783,No,no,Approved,4812.06,7291,2,.
2279947,01128,"January 09, 2021",Full-Time,26021,712,No,0,Approved,5713.92,5952,5,"income verified via Plaid"
2282089,00152,"October 25, 2021",Retired,38982,382,No,FALSE,"Under Review",1563.54,2369,4,
2284538,01502,2020-09-01,Unemployed,234910,,No,,Approved,2289.3,2935,3,"Referred by agent."
2287015,00465,,Self-Employed,46939,744,No,0,Approved,1817.28,1893,4,"Renewal case."
2288399,01672,24/12/2020,Self-Employed,44977,567,Yes,1,Denied,1880.4,3134,3,"Co-signer pending review."
2289416,01637,28/07/2023,PT,129345,786,No,no,Approved,2810.4,4684,3,"docs expired"
2290008,01654,"May 30, 2023",Unemployed,202485,695,No,,Denied,2903.04,3456,3,n/a
2291905,01653,2022-04-03,Student,206191,762,Yes,yes,Approved,1443.96,1719,4,"Renewal case."
2292661,01586,"January 03, 2022",Unemployed,140910,710,No,false,Approved,3695.34,0,1,"Flagged for manual review."
2293660,01798,06/17/2021,Contract,177906,,No,yes,Denied,4156.8,6928,2,"Renewal case."
2293674,00679,14/12/2021,Full-Time,224925,650,No,no,Pending,1945.68,2948,2,"Applicant follow-up needed"
2295147,01641,"November 13, 2024",Unemployed,299042,665,No,false,Denied,3647.4,6079,1,"Co-signer pending review."
2298363,00946,22/05/2023,Full-Time,86933,729,Yes,false,Approved,4659.6,7766,1,
2298750,00995,"December 03, 2024",Retired,156567,715,Yes,TRUE,Approved,5016.48,5972,3,"Referred by agent."
2298805,00362,13/09/2022,Self-Employed,111215,584,No,1,Approved,2139.72,3242,4,
2300853,01010,"April 30, 2021",Unemployed,162057,647,No,1,Approved,660,1100,1,"Applicant follow-up needed"
2301826,00320,2024-10-07,Contract,172116,681,No,yes,Approved,2719.68,2833,4,"income verified via Plaid"
2304066,00714,"August 16, 2020",Contract,207844,692,No,Yes,Approved,3783,4850,3,"Flagged for manual review."
2306980,01360,2020-05-17,Part-Time,178269,729,No,false,Approved,898.8,1498,1,n/a
2307199,00116,08/14/2021,Contract,107905,701,No,1,Pending,3610.56,3761,5,"Missing bank statements."
2307317,01460,2021-05-17,Self-Employed,29032,326.0,Yes,yes,Approved,1084.38,1643,5,"Applicant provided pay stubs."
2308161,00932,"April 30, 2022",Student,164970,729,No,true,approved,4534.92,5814,3,
2309020,01086,2021-10-25,Student,96244,715,No,N,Approved,2928,4880,1,"Flagged for manual review."
2311678,01693,04-11-2023,Contract,143237,,No,Yes,Approved,1517.88,1807,1,"Missing bank statements."
2311991,00119,29/08/2021,Unemployed,241264,726,No,FALSE,Denied,4023.6,4790,4,"docs expired"
2312696,00637,2024-05-23,Full-Time,37707,835,No,FALSE,Approved,2541.24,3258,3,"Renewal case."
2314964,00863,23/07/2022,Retired,85567,594,Yes,true,Denied,1055.04,1256,2,"Applicant provided pay stubs."
2316114,01419,,Retired,121800000,706,Yes,Y,Approved,2329.14,3529,3,
2316820,00274,20/08/2024,Unemployed,79927,,No,N,Approved,4044.48,4213,1,"Renewal case."
2319753,00656,"June 01, 2022",Full-Time,229707,673,No,false,Approved,3054,5090,3,
2320095,01312,03-09-2022,Student,37428,834,No,N,Approved,582,970,3,"Referred by agent."
2321224,00111,2021-04-14,Self-Employed,221704,794,No,TRUE,Approved,1363.56,0,5,N/A
2322083,01503,03/20/2022,Part-Time,246477,685,No,1,Approved,1822.2,3037,5,
2322092,00962,2023-04-19,Unemployed,165175,393,No,Y,Approved,701.4,1169,4,"Applicant follow-up needed"
2325593,01631,01-24-2024,Student,20741,644,No,no,Pending,3906.24,4069,1,"Applicant provided pay stubs."
2328813,00606,11-23-2021,Self-Employed,34873,772,No,Yes,Pending,1684.02,2159,4,"Referred by agent."
2329952,00847,24/10/2023,Full-Time,211878,790,Yes,Yes,Pending,3393.6,5656,5,"Applicant provided pay stubs."
2331645,01094,10/04/2023,Self-Employed,55411,610,No,0,Denied,2328,3880,5,"Applicant follow-up needed"
2331890,00171,2020-04-13,Unemployed,59931,813,Yes,FALSE,approved,3948.36,5062,1,"Co-signer pending review."
2332142,00956,2021-10-28,Student,226508,746,Yes,true,Approved,2082.6,3471,1,.
2333745,00401,"October 05, 2023",Self-Employed,75316,707,Yes,true,Approved,4293.3,6505,5,
2334255,00937,12/31/2020,Self-Employed,125545,809,No,Y,Approved,2222.22,2849,5,"Applicant provided pay stubs."
2335060,00641,11-06-2020,Unemployed,134729,374,No,No,Approved,2443.2,2545,3,
2335115,00426,"March 05, 2023",Retired,114798,614,No,,Denied,5232,5450,1,n/a
2335951,01139,08/06/2020,Self-Employed,48029,738,No,1,Approved,6480.96,6751,3,"Missing bank statements."
2336696,01409,"April 27, 2023",Self-Employed,59411,795,No,Yes,Approved,2761.08,3287,3,"docs expired"
2336966,00715,22/11/2023,Part-Time,108260,791,No,N,Denied,1903.68,1983,2,"docs expired"
2337446,01285,2023-04-03,Retired,108074,400,No,FALSE,Pending,4075.2,4245,1,"Applicant follow-up needed"
2337882,00282,05/04/2023,Unemployed,166530,673,No,false,Denied,989.04,1268,4,
2339023,01392,,Part-Time,220910,630,Yes,no,Denied,6624.54,8493,2,N/A
2339224,01611,"May 26, 2020",Contract,19586,682,No,0,Approved,4294.68,5506,4,"income verified via Plaid"
2339298,00198,09-28-2021,Student,70613,730,No,Yes,Withdrawn,2242.8,0,5,
2340421,00659,08/01/2022,Retired,149275,,No,No,Denied,4920.24,6308,1,
2342092,01236,06-05-2022,Unemployed,174431,385,No,FALSE,Denied,2104.32,2192,3,"Renewal case."
2343323,00426,,Self-Employed,122771,675,No,Yes,Denied,3597,5450,5,
2344835,01303,12/04/2022,Contract,89093,743,No,false,Denied,5998.08,0,4,"Flagged for manual review."
2345127,01551,2021-05-12,Student,115207,603,No,true,Approved,2887.68,3008,4,"docs expired"
2345716,00599,03/17/2024,Unemployed,312687,684,No,no,Approved,923.34,1399,1,
2346049,00834,13/06/2024,Part-Time,104781,564,No,no,Approved,982.8,1260,5,"Applicant follow-up needed"
2346064,00188,"July 15, 2021",Full-Time,59309,522,Yes,TRUE,Denied,1287.36,1341,4,"Applicant follow-up needed"
2346691,00971,05/09/2024,Self-Employed,60672,597,No,N,Denied,1866.48,2222,5,n/a
2348817,00979,03/10/2022,Contract,153199,825,No,true,Approved,1614.48,1922,2,"income verified via Plaid"
2348939,01085,2022-03-20,Unemployed,115897,624,No,0,Approved,2934,4890,3,"Missing bank statements."
2350317,01170,18/04/2023,Retired,78527,620,No,,Withdrawn,2519.04,2624,4,n/a
2350591,00105,08-12-2022,Self-Employed,130078,703,No,0,"Under Review",3428.4,5714,5,"Flagged for manual review."
2351035,00610,04/01/2021,Self-Employed,119736,691,Yes,yes,Denied,1298.4,2164,5,"Referred by agent."
2351048,00384,,Student,153490,430,No,TRUE,Denied,3822.6,6371,4,"Flagged for manual review."
2351650,01748,12/10/2021,Student,65950,777,No,yes,Approved,1265.88,1507,4,
2352669,01726,"September 16, 2023",Retired,116073,744,No,true,Pending,2998.8,3570,2,"Referred by agent."
2352682,00572,"November 07, 2021",Contract,59472,,No,true,Approved,858,1300,4,"Applicant provided pay stubs."
2354033,00009,,Contract,187106,590,No,no,Approved,1575.36,1641,5,"Applicant follow-up needed"
2354982,01662,15/12/2024,Student,147951,707,No,0,Denied,4882.02,6259,4,"Referred by agent."
2356412,01659,,Retired,56124,,No,yes,Withdrawn,2287.74,2933,1,
2357319,00568,04/10/2022,Student,103325,687,No,Y,Approved,1696.8,2828,4,n/a
2358342,01420,"February 15, 2023",Part-Time,322693,736,Yes,No,Withdrawn,3012.24,4564,1,"Applicant provided pay stubs."
2359143,01396,04/04/2022,Self-Employed,28072,755,Yes,Y,Withdrawn,2458.56,3152,1,"Applicant provided pay stubs."
2360625,01599,09-10-2024,Unemployed,83545,802,No,no,"Under Review",2168.1,0,3,"income verified via Plaid"
2364037,01505,04-29-2020,Self-Employed,19574,695,No,true,Denied,3278.4,3415,5,"Applicant follow-up needed"
2365593,00165,01/18/2023,Retired,65452,740,No,yes,Withdrawn,1525.92,2312,2,"Missing bank statements."
2366642,01276,"June 14, 2020","Self Employed",52220,520,No,FALSE,Denied,1862.28,2217,2,"Applicant provided pay stubs."
2368375,01094,2024-12-18,Retired,161541,848,Yes,true,Approved,1432.86,2171,1,"docs expired"
2373354,00318,13/10/2024,Self-Employed,143656,514,No,false,"Under Review",1168.32,1217,1,"Flagged for manual review."
2373423,01167,2022-09-02,Self-Employed,98612,776,Yes,no,Denied,4903.08,6286,5,
2374552,00462,06-17-2020,Self-Employed,39483,825,No,true,Approved,1414.8,2358,3,
2374657,01598,04-22-2021,Self-Employed,72863,676,Yes,,Denied,2537.34,3253,4,"Flagged for manual review."
2375311,00149,07-30-2022,Part-Time,249866,611,No,0,Approved,1031.4,1719,5,
2376283,00213,21/04/2022,Student,211303,580,No,Yes,Approved,4474.08,5736,4,"docs expired"
2376953,01037,03-29-2022,Retired,52266,N/A,No,no,Approved,1879.8,3133,3,"docs expired"
2377244,00511,04-14-2023,Retired,268151,793,No,1,Pending,3450.6,5751,1,"Co-signer pending review."
2377651,00021,2024-10-03,Contract,239187,820.0,No,N,Approved,697.32,894,1,"docs expired"
2377885,00334,14/10/2024,Retired,45464,591,No,FALSE,Approved,2933.58,3761,5,"Renewal case."
2378557,00421,2022-06-29,Part-Time,69241,580,No,0,Pending,1904.28,0,1,N/A
2379020,00422,2022-12-09,Full-Time,221801,646,No,0,Approved,642,1070,2,"Applicant provided pay stubs."
2379133,01116,08-17-2021,Unemployed,246153,800,No,false,Approved,3435.96,5206,5,n/a
2379550,01607,"January 06, 2023",Retired,81525,699,No,0,Approved,3515.4,4185,5,.
2385241,01674,"April 24, 2020",Retired,172119,730,No,Y,Denied,1177.8,1510,2,"Flagged for manual review."
2385347,01638,2020-10-05,Part-Time,90978,676,No,no,approved,10111.68,10533,5,"Renewal case."
2387646,01515,,Student,31711,667,No,Y,Approved,1101.54,1669,3,"Missing bank statements."
2391001,00370,12-24-2024,Unemployed,102658,646,No,,Approved,4347.84,4529,4,"Missing bank statements."
2392291,01661,2023-09-08,Retired,75466,N/A,No,TRUE,Approved,2887.56,3702,5,"income verified via Plaid"
2393557,00798,04/01/2024,Student,229800000,767,Yes,TRUE,Approved,2845.44,3648,3,.
2395185,01251,10/19/2023,Part-Time,134107,662,No,No,Approved,4105.14,5263,5,
2397613,01326,2021-04-09,Contract,69419,515,No,true,Pending,2714.88,2828,5,"Renewal case."
2397892,00696,19/01/2022,Part-Time,5738,738,No,yes,Denied,3149.52,4772,4,"Missing bank statements."
2400118,01023,09/09/2023,Retired,51590,749,No,no,Pending,632.4,1054,1,"Flagged for manual review."
2400165,01104,03/07/2020,Part-Time,151850,683,No,,Approved,3528.96,3676,3,"docs expired"
2400751,00634,2021-04-11,Self-Employed,92282,552.0,No,1,Approved,1204.56,1434,2,"Flagged for manual review."
2401032,00206,03/13/2022,Student,184324,682,No,false,Withdrawn,2804.88,3596,3,"Co-signer pending review."
2403128,00724,30/10/2021,Self-Employed,18484,592,No,Y,Approved,1639.2,2732,5,"Referred by agent."
2404876,01453,06/16/2024,Self-Employed,223276,753,No,true,Approved,2877.12,2997,3,"docs expired"
2405716,01638,12-07-2020,Retired,161298,756,No,yes,denied,8847.72,10533,3,n/a
2409877,00994,03-13-2020,Unemployed,141100,,Yes,No,Denied,1632,1700,3,N/A
2411596,01752,"April 12, 2021",Full-Time,184830,677,Yes,1,Approved,1210.2,2017,5,"Applicant follow-up needed"
2412581,00225,2020-10-18,Student,24896,816,No,1,Approved,1064.4,1774,5,"Applicant follow-up needed"
2414638,01180,06/21/2020,Retired,109193,,No,FALSE,Withdrawn,3510.54,5319,1,"docs expired"
2415953,00991,07-30-2023,Student,34338,718,No,No,Approved,2336.64,2434,5,"Renewal case."
2417628,00769,07/20/2021,Full-Time,94959,627,No,true,Denied,3444,5740,1,
2418046,01679,2022-05-29,Full-Time,91450,725,No,yes,approved,4256.64,4434,2,.
2422062,00237,05-24-2023,Retired,133626,329,No,yes,Pending,3263.52,4184,3,
2422567,01566,08/03/2020,Self-Employed,137758,762,No,true,Approved,1016.4,1694,1,.
2424253,00141,,Part-Time,20312,686,No,false,Pending,2017.62,3057,1,"income verified via Plaid"
2424441,00148,,Contract,143535,692.0,No,true,Denied,819,975,1,
2428124,01437,06/26/2020,Full-Time,193377,822,No,No,Pending,3278.88,4968,5,"Referred by agent."
2430300,00127,08-26-2020,Contract,83860,801,No,1,Withdrawn,775.8,1293,5,"Applicant follow-up needed"
2430694,00767,01/01/2024,FT,78344,779,No,N,Approved,2146.2,2555,5,"Co-signer pending review."
2431618,00293,,Unemployed,220110,532,No,FALSE,Denied,2920.32,3042,1,"Referred by agent."
2431695,01653,01-11-2022,Student,191315,839,Yes,TRUE,Denied,2815.68,2933,2,"Missing bank statements."
2432426,01191,12-17-2022,Contract,154548,709,Yes,TRUE,Approved,827.64,1254,2,"Missing bank statements."
2433463,01466,"January 13, 2020",Student,178525,,No,0,Approved,789.36,1196,3,"income verified via Plaid"
2433722,00834,2022-07-04,Unemployed,113189,823.0,Yes,FALSE,Pending,756,1260,5,"income verified via Plaid"
2434032,00322,10/12/2024,Retired,11208,774,No,yes,Pending,2717.22,4117,3,"Flagged for manual review."
2435138,01060,12/25/2024,Full-Time,165507,744,No,Y,Withdrawn,1820.94,2759,3,N/A
2435197,00493,22/08/2020,Student,244034,742.0,No,N,Denied,4990.8,8318,1,"Missing bank statements."
2435259,01179,12/30/2022,Student,134503,,No,true,Denied,5030.22,6449,1,
2439597,01083,10-01-2022,Retired,284628,,No,Y,Approved,7299.24,9358,4,"Co-signer pending review."
2440799,00148,10/12/2023,Retired,141745,,No,yes,Approved,819,975,5,N/A
2441229,00045,05/12/2020,Full-Time,97219,694,No,N,Approved,2387.58,3061,3,"Missing bank statements."
2441604,01402,,Full-Time,136654,582,No,1,Approved,599.28,908,3,"Co-signer pending review."
2441635,00307,2022-09-16,Retired,217083,605,No,FALSE,Approved,6513.36,7754,2,"income verified via Plaid"
2442344,00683,2021-06-21,Student,137812,,No,false,Approved,1649.4,2749,5,"Co-signer pending review."
2442417,00978,04/03/2023,Student,214454,704,No,Y,approved,832.92,1262,5,"Flagged for manual review."
2442564,01417,10/15/2020,Contract,188709,779,No,no,Approved,4330.2,5155,1,n/a
2442668,00263,15/05/2024,FT,51917,,Yes,Y,Withdrawn,902.22,1367,2,
2442967,00003,"December 27, 2020",Contract,69261,738,Yes,,Denied,1112.28,1426,4,"income verified via Plaid"
2443546,01203,23/03/2023,Self-Employed,293023,,No,yes,Approved,1918.08,1998,2,n/a
2445664,00928,08/03/2023,Student,103497,740,No,yes,Approved,1265.94,1623,5,.
2449105,01449,2020-11-01,Self-Employed,125317,,No,TRUE,Approved,2949.18,3781,4,n/a
2451072,00470,05/30/2020,Retired,98504,743,Yes,,Approved,3735.6,6226,3,.
2451212,00247,"June 15, 2023",Self-Employed,138700000,674,No,N,Denied,814.8,1358,1,"Applicant follow-up needed"
2451881,00766,07/21/2021,Contract,187246,801,Yes,no,Denied,4818.24,5019,1,
2451996,00799,"September 22, 2024",Contract,131877,677,No,Yes,Approved,1982.76,2542,5,"Applicant provided pay stubs."
2452832,01443,10/03/2022,Student,166578,817,No,,Approved,1112.4,1854,4,"Missing bank statements."
2455835,01462,"November 28, 2021",Part-Time,234466,843,Yes,TRUE,Approved,1205.1,1545,1,"Missing bank statements."
2456482,00088,02/08/2020,Retired,85192,776,No,Yes,Approved,1176,1960,5,"Applicant follow-up needed"
2456992,00389,27/03/2020,Self-Employed,235272,729,No,Yes,Pending,3457.2,0,1,"Flagged for manual review."
2458294,00470,"October 14, 2024",Student,145463,,Yes,1,Denied,4856.28,6226,2,
2458418,00677,27/04/2020,Part-Time,247406,693,No,No,Withdrawn,1534.68,1827,2,n/a
2460700,01569,23/08/2020,Unemployed,124032,738,Yes,Yes,Denied,1264.2,1505,5,"Renewal case."
2460899,00520,15/04/2021,Full-Time,86522,714.0,No,no,Pending,3175.26,4811,5,n/a
2460958,00527,12-26-2024,Contract,80843,765,No,0,Approved,1478.4,2464,3,"income verified via Plaid"
2462885,01196,13/03/2021,Retired,213572,797.0,Yes,0,Denied,1960.2,3267,4,"Flagged for manual review."
2462929,01542,11-10-2020,Full-Time,79839,736,No,N,Approved,499.8,833,2,.
2463574,00868,"April 16, 2022",Retired,151260,773,No,Y,"Under Review",2288.88,3468,2,"Renewal case."
2465906,00081,02-18-2022,Retired,98119,675.0,No,,"Under Review",2104.74,3189,4,"income verified via Plaid"
2466494,00287,03-28-2024,Retired,81570,517,No,no,Denied,4344.6,5570,2,
2469943,00868,07/23/2021,Part-Time,104154,823,No,N,"under review",2913.12,3468,4,"income verified via Plaid"
2469975,00840,28/02/2021,Student,12745,781,No,No,Approved,1668.6,2781,5,"Missing bank statements."
2474254,01068,21/05/2022,Retired,237357,626,No,Yes,Withdrawn,3534.3,5355,4,.
2474759,00301,11-08-2024,Full-Time,163637,645,No,FALSE,Denied,1997.52,2378,5,"Missing bank statements."
2477440,00088,"May 09, 2023",Contract,243361,798,No,Y,Denied,1176,1960,2,"Missing bank statements."
2477470,00950,03-03-2024,Full-Time,201397,N/A,No,1,Withdrawn,3227.64,4138,1,"Applicant provided pay stubs."
2477601,00456,"December 24, 2023",Retired,107531,623,Yes,N,Approved,672,0,1,"Applicant provided pay stubs."
2478950,01186,2022-05-08,Unemployed,216268,555,No,no,Withdrawn,5378.88,5603,2,N/A
2480181,01660,2022-07-14,Part-Time,248000000,730,No,N,Approved,879,1465,2,"Applicant provided pay stubs."
2481013,00216,2021-01-20,Part-Time,75557,735,No,yes,Denied,1417.08,0,2,n/a
2481315,01403,"August 30, 2023",Unemployed,78441,838,Yes,,Approved,1978.08,2536,4,n/a
2482243,00757,02-06-2021,"Self Employed",67613,758,Yes,0,Approved,2492.28,2967,3,"income verified via Plaid"
2482390,00307,03-21-2023,Retired,118989,364,No,Yes,Denied,6513.36,7754,4,"Applicant provided pay stubs."
2484191,00966,10/31/2022,Student,27045,746,No,TRUE,Approved,5015.64,0,2,"income verified via Plaid"
2487800,00895,2021-01-21,Part-Time,208153,745,No,false,Denied,1600.5,2425,5,.
2490141,00970,2021-04-04,"Self Employed",62400,641,No,false,Approved,1642.8,2738,4,"Applicant follow-up needed"
2490596,01611,04-19-2021,Self-Employed,40839,582,No,TRUE,Approved,3633.96,5506,5,"Applicant provided pay stubs."
2491747,01778,2022-11-11,Unemployed,217362,656,No,true,Withdrawn,2613.6,4356,4,n/a
2492289,01759,05-01-2020,Self-Employed,184518,604,No,yes,"Under Review",2433.48,2897,3,"Applicant provided pay stubs."
2494322,00985,03/08/2023,Full-Time,221191,691,No,No,Pending,1351.74,1733,5,"income verified via Plaid"
2494490,01107,11/07/2022,Full-Time,191298,781,No,TRUE,"Under Review",3056.64,3184,5,"Referred by agent."
2496221,00306,05-15-2022,Retired,139981,783,No,TRUE,"Under Review",2551.68,2658,3,"Referred by agent."
2496287,01670,2024-07-04,Self-Employed,275710,618,No,true,approved,5045.04,6006,4,N/A
2496496,01556,2024-04-24,Contract,96112,796,No,0,"Under Review",2448,2550,3,"Renewal case."
2497443,01532,02-21-2022,Student,120180,630,No,0,Pending,2118.48,2716,3,"docs expired"
2499616,01530,"August 10, 2023",Retired,36253,,No,N,Approved,7788.48,8113,5,"docs expired"
2500780,00490,01-17-2024,Part-Time,161537,745,Yes,yes,Pending,4581.72,5874,5,"income verified via Plaid"
2501838,00047,10/08/2021,Self-Employed,55552,615,No,FALSE,Denied,4567.92,5438,4,"docs expired"
2501932,01114,2023-04-18,Retired,175659,622,No,FALSE,Approved,1861.2,3102,3,"income verified via Plaid"
2504382,01172,"January 26, 2022",Self-Employed,110952,654,No,0,Denied,2298.12,3482,5,"Flagged for manual review."
2506071,00037,"May 22, 2024",Self-Employed,204573,748,No,true,Pending,677.4,1129,3,
2507790,01593,2020-04-18,Unemployed,125901,,No,yes,Approved,5112.96,5326,1,"Applicant follow-up needed"
2508572,00924,"April 04, 2023",Full-Time,53175,847.0,No,FALSE,Approved,1051.2,1095,4,N/A
2510394,00924,"October 05, 2024",Part-Time,224036,690,No,Yes,Approved,919.8,1095,2,N/A
2511940,00777,,Self-Employed,84239,642,No,Yes,Approved,2289.6,2385,2,"income verified via Plaid"
2512271,00889,09-16-2020,Full-Time,36783,828.0,No,no,Denied,3771.6,4490,5,"Co-signer pending review."
2513688,00561,11/18/2020,Contract,123453,850,No,N,Denied,1331.46,1707,1,N/A
2515016,00656,"February 15, 2022",Contract,210754,787,No,yes,Withdrawn,3359.4,5090,5,"docs expired"
2516378,00792,2020-02-14,Unemployed,136908,833,Yes,FALSE,Approved,3690.96,4394,1,"Applicant follow-up needed"
2517555,00731,12/22/2020,Full-Time,67897,710,No,Y,Approved,1135.2,1892,2,"Renewal case."
2517640,00716,18/05/2022,Part-Time,90797,843,No,Y,Approved,1912.68,2898,5,
2522750,01412,19/11/2021,Contract,78942,705,No,true,Denied,1042.8,1580,2,"Missing bank statements."
2524923,00404,21/02/2020,Retired,61987,738,No,1,Approved,5048.34,7649,4,N/A
2525525,01105,2022-08-18,Self-Employed,248935,438,No,Y,Denied,797.28,1208,3,.
2526844,00987,08/05/2021,Self-Employed,132009,768,No,Y,Denied,3391.8,0,2,"Applicant provided pay stubs."
2527765,01620,07/02/2021,Full-Time,202541,784,Yes,yes,pending,3224.1,4885,2,
2528243,00463,11/04/2023,Part-Time,81861,,No,1,Denied,3024,3600,4,"Missing bank statements."
2528653,00703,2023-02-02,Part-Time,174663,722,No,no,"Under Review",1061.76,1106,1,"Missing bank statements."
2528985,01192,22/06/2022,Unemployed,149263,746,No,0,Pending,5125.2,8542,5,"income verified via Plaid"
2530900,01057,02-10-2022,Full-Time,20325,779,No,0,"Under Review",3382.08,3523,2,"Renewal case."
2531487,00245,08-17-2022,Student,239901,338,No,false,Approved,2777.04,3306,5,N/A
2532770,01019,27/01/2022,Self-Employed,72091,446,No,No,Approved,1644.6,2741,4,"income verified via Plaid"
2533416,00232,04/02/2023,Self-Employed,236459,655,No,false,"Under Review",1955.52,2037,3,"Co-signer pending review."
2533844,01602,01/25/2023,Part-Time,161245,670,No,Yes,Denied,1896,0,4,
2534569,00612,"August 14, 2021",Contract,132228,705,No,TRUE,"Under Review",5179.68,7848,3,"docs expired"
2535192,00926,03/10/2020,Part-Time,73469,699,No,,Approved,4303.86,6521,5,N/A
2538308,00690,02/12/2022,PT,13664,607,Yes,N,Denied,806.4,1344,3,"income verified via Plaid"
2541840,00386,01/20/2021,Student,110686,,No,TRUE,Approved,2208,2300,4,"Applicant provided pay stubs."
2542740,00541,11-07-2022,Retired,119144,846,No,no,Approved,4239.48,5047,1,"Referred by agent."
2542745,00928,05/25/2022,Self-Employed,103254,657,No,TRUE,Pending,1071.18,1623,1,"Applicant provided pay stubs."
2542983,00454,12/01/2023,Contract,200428,817,Yes,0,Pending,1694.88,2568,2,.
2545699,00524,03-01-2021,Unemployed,131645,806,No,no,Denied,3456.96,3601,1,.
2547461,00878,2022-07-16,Self-Employed,89992,843,No,yes,Approved,1218.36,1562,3,n/a
2547582,01496,"October 24, 2022",Retired,8373,816,No,,Denied,3848.46,5831,3,n/a
2548299,00076,2022-12-28,Student,142742,647,No,1,Approved,1269.18,1923,4,"Flagged for manual review."
2551903,01172,20/08/2024,Self-Employed,104143,679,No,Yes,Pending,2924.88,3482,4,"Applicant provided pay stubs."
2557339,00087,2020-03-08,Contract,36799,686,No,Y,Pending,3845.82,5827,4,"Co-signer pending review."
2559367,01652,28/11/2021,Unemployed,185512,731,No,FALSE,Denied,932.4,1554,2,"Flagged for manual review."
2559897,00204,2024-07-31,Unemployed,105573,771,No,yes,Withdrawn,892.32,1352,4,"income verified via Plaid"
2560743,00826,05/29/2021,Student,62774,740,No,Y,Approved,4297.92,4477,5,"docs expired"
2562549,00992,2021-06-18,Retired,134351,688,No,0,Approved,3421.08,4386,5,"Flagged for manual review."
2565365,00261,2021-10-16,Retired,136323,,No,,Approved,964.92,0,1,N/A
2565959,01601,"July 07, 2022",Retired,67611,801,No,true,Approved,1963.08,2337,4,"Missing bank statements."
2566341,00457,02/07/2021,Unemployed,17903,332,No,No,Pending,2878.26,4361,2,"Flagged for manual review."
2567496,01513,26/06/2023,Self-Employed,76499,728,No,,Approved,4718.34,7149,2,"Applicant follow-up needed"
2567502,00754,07/29/2023,Self-Employed,116558,781,No,FALSE,"Under Review",5411.52,5637,3,"Applicant provided pay stubs."
2567525,00824,,Unemployed,57544,751,Yes,0,Approved,1611.84,1679,5,
2568285,01715,10/07/2021,Unemployed,235326,,No,Yes,Approved,3540.6,4215,4,"Flagged for manual review."
2568505,00246,09-28-2021,Full-Time,44441,763,No,false,Denied,3125.4,5209,1,"docs expired"
2568728,01528,30/10/2023,Part-Time,81351,696,Yes,Yes,Approved,3474.9,4455,4,"Flagged for manual review."
2569400,01142,"October 14, 2023",Full-Time,125213,758,No,no,Withdrawn,3038.4,5064,1,
2571838,00097,2024-02-27,Part-Time,194882,N/A,No,true,Denied,1071.18,1623,3,
2573180,00421,04-04-2024,Student,18433,683,No,no,Denied,2176.32,2267,4,"Flagged for manual review."
2575501,00769,08/19/2022,Student,167612,829,Yes,0,Denied,4477.2,5740,5,"docs expired"
2575812,00032,2023-01-11,Part-Time,242084,678,No,Y,Approved,1003.08,1286,5,"Renewal case."
2578583,01540,10/15/2020,Contract,131205,739,No,0,Withdrawn,3137.28,3268,1,
2580632,00085,,Student,66400000,781,No,Y,Approved,1302,1550,3,"Flagged for manual review."
2580644,01045,"March 04, 2021",Self-Employed,64216,325,No,false,Approved,4365.12,0,3,n/a
2581957,01738,2020-06-23,Unemployed,38562,821,No,N,Pending,1269,2115,3,"Missing bank statements."
2583000,00346,08/31/2020,Full-Time,110545,688,No,1,Withdrawn,2397.6,3996,3,
2586170,01641,11/21/2023,Retired,228543,734.0,No,TRUE,Approved,5106.36,6079,3,
2587015,01425,02/01/2021,Full-Time,25189,796,No,true,Denied,733.2,1222,4,"Applicant follow-up needed"
2589339,00085,04-05-2021,Self-Employed,142614,679,No,false,Approved,1302,1550,1,"Missing bank statements."
2591216,00950,12/05/2021,Student,56085,422,No,false,Approved,2482.8,4138,5,"Renewal case."
2593308,00224,01/02/2024,Unemployed,52344,799,No,Y,Approved,5690.1,7295,1,.
2595297,01366,12-25-2020,Retired,174605,555,No,1,Pending,4273.92,5088,2,"Renewal case."
2596869,00553,"March 07, 2023",Part-Time,141078,755,No,,Approved,3242.58,4913,1,.
2596900,00662,11-23-2021,Unemployed,155528,633,No,0,pending,1003.86,1521,1,"Renewal case."
2597739,01767,2023-08-26,Retired,200543,756,Yes,false,Denied,3382.68,4027,2,"Flagged for manual review."
2601162,00800,01/02/2024,Student,171887,581,Yes,false,Denied,2293.44,2389,4,"docs expired"
2603415,00201,05/27/2020,Retired,26739,,No,0,Pending,1895.4,2430,5,"Applicant provided pay stubs."
2604975,00013,"January 09, 2020",Retired,80381,497,No,N,Denied,2935.8,0,3,"Missing bank statements."
2605477,00145,2022-03-17,Self-Employed,243471,377,Yes,No,Pending,677.04,868,5,"Referred by agent."
2606606,00096,2021-10-30,Unemployed,20171,480,No,,Approved,3472.32,3617,2,"Renewal case."
2606671,01223,06/29/2020,Contract,191975,,No,true,"Under Review",2830.2,4717,2,
2606793,01223,2024-01-04,Student,21295,770,No,no,Denied,3679.26,4717,4,"docs expired"
2607259,00246,04-29-2020,Unemployed,142472,683,Yes,yes,Approved,5000.64,5209,4,
2608184,00538,12-21-2021,Self-Employed,6518,709,No,no,Approved,2069.4,3449,2,n/a
2612940,00995,01/01/2020,Contract,60468,801,No,FALSE,Approved,5016.48,5972,5,"Renewal case."
2613803,01684,27/07/2022,Contract,237416,631.0,No,1,"Under Review",2547.72,3033,4,
2613933,01027,,Student,125777,435,No,,Approved,2206.8,3678,2,n/a
2614052,00718,01/12/2023,Retired,222820,748,Yes,yes,Pending,4546.56,4736,3,"income verified via Plaid"
2614936,01037,09/22/2021,Unemployed,123408,637,No,1,Denied,2067.78,3133,3,"income verified via Plaid"
2615410,01651,01-22-2020,Contract,42051,613,No,1,Approved,1968.12,2982,1,"Missing bank statements."
2615676,01564,23/02/2023,Retired,199229,788,No,Y,Approved,2903.16,3722,5,"Referred by agent."
2616981,00025,2022-11-08,Student,67954,596,Yes,,Approved,4573.8,7623,5,"Applicant provided pay stubs."
2617642,01083,2021-09-10,Full-Time,230890,689,No,No,"Under Review",7860.72,9358,5,.
2619594,00648,01-20-2024,Student,28964,711,Yes,0,Withdrawn,1900.86,2437,2,.
2619747,00896,12-20-2023,Unemployed,168383,759,No,No,Pending,5644.86,7237,2,"income verified via Plaid"
2620001,00382,"September 16, 2021",Student,120709,475,No,true,Denied,3195,5325,2,"Renewal case."
2620849,00762,02/16/2021,Student,75786,811,Yes,true,"Under Review",1118.04,1331,3,N/A
2621911,01662,08/01/2024,Contract,101470,779,Yes,N,"Under Review",5257.56,6259,5,
2622450,01208,04-13-2021,Full-Time,192322,550,No,yes,Approved,1482,0,4,n/a
2624062,00060,06-06-2022,Retired,31624,710,No,1,Denied,766.92,1162,2,"docs expired"
2626672,00764,08-10-2022,Part-Time,30496,,Yes,FALSE,Denied,8424.96,8776,5,"Flagged for manual review."
2626817,00714,"July 22, 2020",Retired,9051,644,No,N,Approved,2910,4850,5,"docs expired"
2627070,01065,07-11-2023,Retired,124019,714,Yes,N,Denied,1326,1700,1,
2628135,00390,"May 22, 2024",Unemployed,189076,813,No,FALSE,Approved,792.48,1016,4,"income verified via Plaid"
2628930,01660,11/30/2021,Self-Employed,217560,681,No,true,denied,1406.4,1465,2,"Applicant follow-up needed"
2629653,00938,25/03/2020,Unemployed,220439,599,No,1,Pending,3348,5580,4,"Flagged for manual review."
2630588,00628,05-31-2023,Contract,214654,,Yes,N,Denied,3764.88,4482,1,"Co-signer pending review."
2632079,00505,07/15/2020,Retired,161895,386,No,no,Denied,8023.68,9552,4,"Co-signer pending review."
2632539,01273,17/01/2023,Part-Time,172634,747,No,,Approved,4608,7680,3,"Applicant follow-up needed"
2633140,00488,20/10/2021,Contract,255304,620,No,N,Pending,1913.34,2899,5,"income verified via Plaid"
2635966,00994,09-16-2021,Self-Employed,14465,604,Yes,,Approved,1020,1700,1,"Missing bank statements."
2638113,01621,2020-08-25,PT,125291,744,No,Y,Approved,5332.08,6836,1,"Applicant follow-up needed"
2638781,01176,,Unemployed,182065,739,No,Yes,Pending,1518.72,1808,3,"Missing bank statements."
2639686,01581,02-02-2023,Student,133355,,No,yes,Withdrawn,634.92,814,4,"Flagged for manual review."
2641384,00079,07/05/2021,Self-Employed,245720,N/A,Yes,No,Denied,2693.76,2806,4,"docs expired"
2641470,01112,2022-04-28,Contract,146979,485,No,true,Approved,1636.32,1948,3,
2641984,00566,2020-02-17,Student,127761,815.0,No,0,Approved,1177.8,1510,1,n/a
2642826,01036,2020-12-19,Unemployed,95163,303,No,true,Approved,2752.68,3277,3,"Applicant follow-up needed"
2643481,00641,03/02/2020,Unemployed,74324,594,No,No,Denied,2137.8,2545,1,"docs expired"
2644020,01287,16/05/2023,"Self Employed",221547,803,Yes,1,Approved,5143.32,6594,2,"Applicant follow-up needed"
2646283,00792,,Self-Employed,240358,473,No,Y,Withdrawn,2636.4,4394,1,"income verified via Plaid"
2648119,01392,,Part-Time,237688,790,No,yes,"Under Review",7134.12,8493,1,"Applicant follow-up needed"
2653987,00807,"February 18, 2020",Retired,144290,677,No,No,"Under Review",1416.48,1816,5,"Co-signer pending review."
2656603,01517,,Retired,235081,,No,Y,Denied,1308.12,1982,2,"Applicant follow-up needed"
2656775,01150,08-15-2022,Unemployed,185500000,,No,true,Approved,10622.64,12646,1,"Flagged for manual review."
2657069,00615,02/03/2024,Contract,120290,841,No,0,Pending,3589.2,5982,1,"Co-signer pending review."
2657491,00356,08-27-2022,Unemployed,195810,799,No,Y,Approved,5580.12,7154,2,"Applicant provided pay stubs."
2657923,00469,2024-09-25,Unemployed,55326,593,No,true,Approved,5217.6,5435,3,"docs expired"
2657971,00178,09/08/2021,Self-Employed,25007,687,No,yes,Pending,3387.84,3529,4,"Renewal case."
2658341,00104,2022-12-06,Full-Time,180415,622,No,N,Approved,2515.5,3225,5,"Applicant follow-up needed"
2659768,01015,15/11/2021,Student,76367,596,No,true,Denied,3765.96,5706,3,"Renewal case."
2659931,00551,"January 14, 2021",Full-Time,223930,757,No,TRUE,Approved,2871,4785,3,"Applicant provided pay stubs."
2661400,00363,12/12/2022,Contract,148107,732,No,yes,Denied,1353.6,1410,3,
2663893,00114,07/06/2021,Part-Time,128413,734,No,true,Denied,1996.68,2377,5,.
2664242,01005,2021-08-16,Unemployed,218428,N/A,No,true,Approved,1018.92,1213,3,"Applicant follow-up needed"
2664517,00656,01/14/2021,FT,47825,694,No,Y,Pending,3359.4,5090,5,"Flagged for manual review."
2665500,01445,"May 10, 2022",Unemployed,209597,615,Yes,N,Denied,6513,8350,2,"Co-signer pending review."
2668893,00897,,Self-Employed,236497,840,No,no,Denied,1322.88,1378,4,"income verified via Plaid"
2670083,01485,2021-03-27,Retired,140946,,No,No,Approved,2878.98,3691,5,"Flagged for manual review."
2673965,01027,18/12/2020,Part-Time,158338,628,No,Yes,Approved,3089.52,3678,1,"Missing bank statements."
2674438,01256,17/01/2022,Retired,6999,638,No,false,Denied,3361.68,4002,2,
2678496,00307,,Student,76507,712,No,Yes,Approved,6513.36,7754,2,"Applicant provided pay stubs."
2679878,01499,06-04-2024,Full-Time,202464,,No,false,"Under Review",2309.4,3849,3,"Flagged for manual review."
2681490,00513,"May 23, 2024",Full-Time,137786,767,No,0,Approved,1729.2,2620,3,"Co-signer pending review."
2681763,01791,03-23-2023,Full-Time,130894,385,Yes,1,Approved,2145,3575,2,"Applicant provided pay stubs."
2682147,01789,06/04/2023,Unemployed,147085,798,Yes,FALSE,Denied,2348.58,3011,1,"Referred by agent."
2682374,01527,31/07/2024,Self-Employed,61399,,No,,Approved,786.72,1192,5,"docs expired"
2683278,00772,02-01-2022,Full-Time,84162,698,No,No,Denied,1999.92,2564,4,"Renewal case."
2684941,00805,2021-07-26,Retired,238342,734,No,Y,"Under Review",1828.8,1905,5,"Referred by agent."
2685847,00054,12-01-2024,Student,158593,N/A,No,no,Approved,4200.9,6365,1,
2687323,00490,"September 23, 2024",Unemployed,38290,672,No,false,Approved,3876.84,5874,2,.
2687841,00943,06-02-2020,Full-Time,135034,746,No,yes,Approved,1580.04,1881,1,"Renewal case."
2691096,01205,04/10/2022,Retired,150640,596,No,false,Approved,4526.4,4715,2,"docs expired"
2691320,00491,"February 17, 2023",Student,118066,722,No,FALSE,withdrawn,1350.18,1731,2,"Applicant provided pay stubs."
2692048,01258,05/03/2022,Retired,62120,707,No,0,"Under Review",1336.14,1713,4,n/a
2692477,00980,,Student,142091,782,Yes,Yes,Approved,1391.04,1656,2,"Referred by agent."
2692520,00142,2022-12-16,Self-Employed,222461,850,No,1,Pending,2717.22,4117,5,n/a
2693591,00303,"February 06, 2020",Part-Time,180710,714,No,Yes,Approved,4086.42,5239,5,"Missing bank statements."
2693857,00084,2024-05-03,Retired,24394,635,No,No,Withdrawn,5801.64,7438,3,"Applicant follow-up needed"
2694250,00795,2023-10-30,Self-Employed,183589,721,Yes,Yes,"Under Review",1476.48,1538,5,"Co-signer pending review."
2696317,01552,2023-01-29,Student,40519,623,No,true,Approved,711.48,847,5,"income verified via Plaid"
2700462,01632,"March 03, 2022","Self Employed",49179,N/A,Yes,TRUE,Approved,3235.8,5393,5,"Applicant provided pay stubs."
2702114,00327,01-13-2022,Contract,25871,740,Yes,Y,"Under Review",5035.2,5245,2,"Co-signer pending review."
2706299,00682,2024-01-19,Part-Time,244041,590,No,0,Denied,5777.52,6878,2,"income verified via Plaid"
2706418,00934,"August 27, 2024",Full-Time,192031,761,Yes,TRUE,"Under Review",1543.92,1838,1,"Co-signer pending review."
2707162,01521,"June 20, 2023",Self-Employed,107209,577,No,true,"Under Review",2365.2,3942,1,"income verified via Plaid"
2707800,01780,09/07/2023,Self-Employed,109519,846,No,false,Denied,4986,8310,4,"Applicant provided pay stubs."
2708507,00984,,Full-Time,140561,306,No,TRUE,"Under Review",761.4,1269,1,"Applicant follow-up needed"
2708568,01200,2023-11-15,Unemployed,150062,736,Yes,true,Approved,1299.6,2166,5,"Applicant provided pay stubs."
2709284,00913,"February 15, 2021",Student,91262,809,No,true,Approved,522.6,871,1,N/A
2709402,00164,02-15-2020,Self-Employed,88200000,814,No,true,Approved,2333.52,2778,2,
2709558,00310,29/09/2024,Retired,8893,,No,Y,Withdrawn,816.6,1361,4,n/a
2710014,00040,2021-08-17,Unemployed,178205,758.0,No,No,"Under Review",10673.28,11118,1,"Co-signer pending review."
2710371,00492,07/11/2023,Part-Time,117885,421,Yes,no,Pending,1233.12,1468,1,"Applicant follow-up needed"
2710791,00487,08/12/2022,Part-Time,35782,731,No,FALSE,Approved,1448.4,2414,4,"Missing bank statements."
2714248,01063,,Full-Time,109107,N/A,No,0,Denied,1530.24,1594,3,"Flagged for manual review."
2715489,01142,2020-05-06,Retired,132814,699,No,,Approved,4253.76,5064,3,"Co-signer pending review."
2717036,01651,05/14/2023,Self-Employed,255860,,No,Y,Approved,1968.12,2982,1,"Co-signer pending review."
2717409,00247,06/12/2021,Contract,147213,778,No,Yes,Approved,896.28,1358,1,"Applicant provided pay stubs."
2718536,00348,05-26-2021,Contract,208852,679,Yes,true,Approved,8482.56,8836,4,
2718733,01401,2023-02-15,Self-Employed,75484,657,No,1,Pending,2077.32,2473,5,"Renewal case."
2719946,00622,2023-10-29,Self-Employed,123161,725,No,no,Pending,1879.8,2410,1,"Co-signer pending review."
2721015,01269,2021-02-12,"Self Employed",228065,704,No,true,"under review",1428.6,2381,3,"Co-signer pending review."
2722305,01430,27/09/2024,Contract,175123,739,Yes,1,Approved,1027.8,1713,2,"Renewal case."
2723832,01611,,Contract,131546,638,No,No,Approved,3633.96,5506,4,"Renewal case."
2724215,01056,19/07/2020,Retired,61993,735,No,1,Approved,758.34,1149,4,"income verified via Plaid"
2725534,00723,,Retired,90180,628,No,true,Approved,3418.14,5179,1,"Applicant provided pay stubs."
2726460,01465,02-21-2023,Self-Employed,71419,631,Yes,TRUE,Approved,1768.8,2680,1,N/A
2726837,01315,"April 25, 2023",Part-Time,62605,729,No,Yes,Denied,737.88,1118,2,"Co-signer pending review."
2727827,01032,"November 27, 2020",Self-Employed,106513,,No,N,Withdrawn,2822.4,2940,1,"income verified via Plaid"
2730614,01704,11-25-2023,Retired,102248,677,No,1,Approved,805.8,1343,2,.
2732019,01129,"July 18, 2023",Full-Time,186775,,No,no,Denied,1898.4,3164,3,"Renewal case."
2732534,01722,"December 10, 2024",Self-Employed,197945,645,No,FALSE,Denied,1414.56,1684,2,"Applicant provided pay stubs."
2739021,01134,06-30-2023,Part-Time,59299,729,No,yes,Approved,3170.16,3774,3,
2740386,00049,2020-01-17,Retired,116500000,697,No,false,Pending,2453.22,3717,3,N/A
2740586,01408,11-25-2023,Part-Time,170708,696,No,FALSE,Denied,2614.92,3113,3,"Missing bank statements."
2740725,00700,,FT,143543,703,No,TRUE,Approved,1406.4,2344,5,"Applicant provided pay stubs."
2742588,00975,08-10-2020,Retired,207060,698,Yes,Y,Approved,4493.16,5349,5,"Co-signer pending review."
2745789,01007,,Student,187763,709,Yes,Yes,Approved,1452.36,0,4,"Renewal case."
2751301,01151,"April 18, 2020",Part-Time,77031,673,No,false,Approved,3301.8,5503,3,
2752871,00124,2022-03-02,Student,192300,792,No,N,Approved,954.24,994,1,"Referred by agent."
2753642,01128,04-26-2020,Retired,198565,,No,FALSE,Approved,3928.32,5952,2,
2753704,00547,2020-04-08,Retired,111400,725,No,,Denied,2808.3,4255,2,"Missing bank statements."
2753875,00025,10/05/2020,Self-Employed,69545,650,Yes,No,"Under Review",5945.94,7623,3,"Applicant follow-up needed"
2754678,00782,09/17/2021,Student,228060,694,No,N,Pending,2185.92,3312,4,"Referred by agent."
2755595,00108,11-17-2022,Unemployed,73875,585.0,Yes,Y,Approved,972.6,1621,3,"Missing bank statements."
2756363,00418,01-09-2023,Retired,172453,697.0,No,1,Approved,2070,3450,2,N/A
2760179,01701,03/06/2023,Part-Time,68949,594,Yes,TRUE,Withdrawn,3647.04,3799,1,N/A
2762311,01219,2022-04-24,Part-Time,231753,811,Yes,Y,Withdrawn,2429.7,3115,5,.
2764394,01135,12-02-2023,Contract,103760,759,No,1,Approved,2572.8,2680,1,"docs expired"
2764953,00608,,Self-Employed,73918,N/A,No,no,Approved,2620.2,4367,5,"Referred by agent."
2765844,00347,23/08/2023,Unemployed,241163,605.0,No,No,Approved,2339.22,2999,5,"Applicant provided pay stubs."
2767357,00714,03/16/2020,Student,22115,629,No,Yes,Approved,2910,4850,2,
2768155,00642,06/24/2020,Self-Employed,35125,711,Yes,,Denied,815.04,849,4,"Missing bank statements."
2769292,00478,2024-02-03,Retired,210913,681,No,Y,Approved,2358.72,3024,5,"Referred by agent."
2771406,00700,27/02/2022,Contract,110380,744,No,N,Denied,1547.04,2344,1,"income verified via Plaid"
2776585,01440,12/05/2020,Unemployed,167423,687,No,false,Denied,1547.52,1612,5,.
2778120,00339,02-12-2021,Full-Time,264933,807,No,TRUE,"Under Review",6006,9100,5,.
2778820,00598,05/09/2020,Contract,152446,,No,No,Denied,2723.76,3492,3,"Applicant provided pay stubs."
2780600,00084,08-06-2020,Student,37219,804,No,0,Denied,5801.64,7438,5,"Applicant follow-up needed"
2780888,00092,"July 29, 2021",Retired,152055,595.0,No,yes,Approved,2086.92,3162,4,"Co-signer pending review."
2782315,00193,"December 08, 2023",Retired,38402,722,No,1,Approved,2101.44,2189,5,"Missing bank statements."
2782387,01642,17/09/2020,Unemployed,70135,618,No,Y,Approved,2065.14,3129,3,"Applicant follow-up needed"
2782656,01645,2021-04-09,Contract,60027,740,No,1,Approved,4764.48,4963,5,"Applicant follow-up needed"
2783680,01234,05-15-2021,Contract,84350,838,No,Y,Denied,3234.6,5391,4,n/a
2784636,00097,"February 18, 2020",Contract,140312,357,No,,Approved,1363.32,1623,2,"docs expired"
2786152,01794,05/17/2023,Contract,42104,777,No,yes,Approved,4499.04,5768,3,.
2786715,00543,01-20-2022,Student,27941,486,No,Yes,Pending,1492.8,2488,2,"Referred by agent."
2786740,01048,,Unemployed,278114,613,No,,Approved,5285.28,8008,4,"Applicant follow-up needed"
2788049,00345,08-16-2022,Unemployed,196996,594,No,TRUE,Approved,4541.04,5406,4,"Applicant provided pay stubs."
2789399,01015,15/09/2022,Part-Time,66487,603,No,Y,Approved,3423.6,5706,3,.
2791920,00720,18/04/2021,Self-Employed,139225,732,No,true,Denied,4679.22,5999,1,
2792425,01202,"March 12, 2022",Full-Time,166343,754,No,TRUE,Denied,1554.6,2591,2,.
2796935,01000,"September 10, 2020",Unemployed,125273,649,Yes,Y,Approved,898.8,1070,2,"Applicant provided pay stubs."
2797120,00318,2020-06-10,Retired,238677,759,No,yes,Approved,730.2,1217,2,"Renewal case."
2799283,00656,09/08/2022,Student,139377,,No,Yes,Denied,3970.2,5090,4,"Referred by agent."
2799863,00207,18/08/2021,Retired,105887,816,No,No,Approved,4385.04,6644,2,
2800673,00416,"April 05, 2020",Self-Employed,74185,,No,No,Denied,3327.24,3961,1,"Missing bank statements."
2802054,01458,,Student,71209,804,No,1,Denied,3801.84,4526,3,
2802958,01800,2023-12-17,Part-Time,178328,617,No,N,Approved,617.4,1029,1,"Co-signer pending review."
2803422,01494,06/16/2024,Retired,178320,690,No,yes,Denied,3523.8,4195,3,n/a
2803481,00611,"April 15, 2024",Unemployed,138481,753,No,No,Pending,2465.4,4109,5,n/a
2804168,01575,06/04/2024,Unemployed,189240,742,No,1,Approved,2676.48,2788,1,
2804310,00048,19/08/2023,FT,45836,,No,Y,Approved,2661.12,2772,1,"Flagged for manual review."
2804471,01233,03/26/2023,Retired,45661,761,No,No,"Under Review",1606.2,2677,4,.
2805656,00020,"February 11, 2022",Unemployed,258372,722,No,N,Approved,3931.2,5040,3,"Applicant provided pay stubs."
2806216,00689,30/07/2022,Self-Employed,145660,780,No,no,Approved,1026.3,1555,1,"Flagged for manual review."
2806462,00712,04/21/2024,Full-Time,135957,N/A,No,true,Denied,3190.98,4091,3,"Co-signer pending review."
2806908,01312,15/02/2023,Unemployed,39676,777,Yes,1,Pending,931.2,970,4,"Applicant provided pay stubs."
2807062,01623,11-16-2023,Student,248780,660,No,yes,Withdrawn,4094.4,4265,5,"Flagged for manual review."
2807273,01336,"October 05, 2022",Full-Time,141636,494,No,1,Denied,2096.4,3494,4,
2819247,01554,10/03/2023,Self-Employed,197505,761,No,No,Approved,964.86,1237,2,"Co-signer pending review."
2819969,00687,"April 02, 2023",Retired,232846,802,No,TRUE,Pending,6584.76,7839,3,"Flagged for manual review."
2822402,01777,2023-01-18,Unemployed,236400,846,No,,Approved,1888.32,2248,2,N/A
2823268,01307,25/03/2023,Retired,144369,772,Yes,TRUE,"Under Review",960.96,1232,5,"Missing bank statements."
2823849,00101,"July 06, 2020",Unemployed,144653,681,No,true,Denied,1728.6,2881,5,.
2824380,00675,11/08/2022,Student,81052,690,Yes,true,Denied,3162.6,3765,4,"Applicant follow-up needed"
2824982,00740,08-31-2024,Retired,56265,N/A,No,Yes,Approved,1615.8,2693,2,"Applicant follow-up needed"
2825067,01456,04-10-2024,Self-Employed,246281,694,No,TRUE,approved,4120.2,4905,2,"Flagged for manual review."
2828058,01035,04/02/2020,Unemployed,153774,681,No,0,Withdrawn,4590.72,4782,3,.
2828166,00782,,Unemployed,243082,763,Yes,0,Pending,2782.08,3312,5,
2828991,01315,08-09-2021,Retired,233831,702,No,false,Approved,670.8,1118,1,N/A
2831264,00558,2023-03-26,Self-Employed,238074,612,No,FALSE,Approved,4006.08,4173,2,N/A
2833015,01213,2023-12-13,Contract,150569,714,No,No,Denied,4115.16,4899,4,"Applicant provided pay stubs."
2833115,01201,2022-07-06,Full-Time,32096,836,No,1,Withdrawn,3065.04,0,3,
2833322,00369,"April 27, 2021",Student,129114,792,No,TRUE,Approved,1358.28,1617,2,"Applicant follow-up needed"
2833907,01369,2023-09-06,Student,25899,672,Yes,N,"Under Review",1303.38,1671,5,n/a
2834904,01454,"May 30, 2024",Contract,156117,798,No,Y,"Under Review",702,1170,4,"income verified via Plaid"
2835200,01694,"May 12, 2021",Contract,63640,,No,FALSE,Approved,2209.92,2302,4,n/a
2835835,00549,01/03/2023,Student,102141,773,No,yes,Approved,1780.8,2968,2,N/A
2836055,00199,11/21/2020,Full-Time,136897,300,No,TRUE,Denied,1443.78,1851,3,
2839765,00310,2023-09-22,Part-Time,93065,660,Yes,true,Approved,1306.56,1361,2,"Flagged for manual review."
2843329,00586,08/02/2021,Student,18989,736,No,no,Approved,1011.78,1533,2,"Applicant provided pay stubs."
2843448,00331,04/08/2023,Full-Time,172591,690,No,FALSE,Denied,1543.92,1838,3,
2844733,00722,02/05/2024,Self-Employed,179425,495,No,N,Approved,5030.4,8384,2,"Co-signer pending review."
2846227,00081,"August 30, 2023",Unemployed,148309,711,Yes,0,"under review",3061.44,3189,4,"Renewal case."
2846793,00500,2020-06-02,Student,19601,829.0,No,Y,Approved,933.6,1556,4,"Applicant provided pay stubs."
2846953,01292,"April 15, 2020",Part-Time,149680,770,No,yes,Approved,6356.4,10594,1,N/A
2847249,01569,17/11/2023,Self-Employed,34268,631,Yes,TRUE,"Under Review",1444.8,1505,3,.
2847273,00878,19/08/2024,Student,144596,813,Yes,N,Approved,1499.52,1562,3,.
2848471,00325,07/30/2024,"Self Employed",58749,625,Yes,FALSE,approved,901.68,1156,4,"Referred by agent."
2849112,00311,05/17/2021,Retired,107600000,809,No,N,Pending,1809.06,2741,4,"Applicant provided pay stubs."
2852586,00899,2021-05-01,Contract,127060,721,No,N,Denied,1107.48,1678,1,"Applicant provided pay stubs."
2854986,00492,"January 17, 2024",Contract,219201,766,No,true,Approved,968.88,1468,5,"Renewal case."
2855696,00475,11-19-2020,Full-Time,18170,639,Yes,TRUE,Approved,1921.14,2463,3,"docs expired"
2856360,00844,"July 29, 2024",Contract,59732,611,No,1,Denied,2456.52,3722,5,"Missing bank statements."
2860542,00461,03/27/2021,Retired,196023,441,No,No,Approved,1199.4,1999,4,
2866453,01047,04/02/2023,Self-Employed,192982,814,No,false,"Under Review",1236.18,1873,5,"Applicant provided pay stubs."
2868073,00838,2024-06-14,Full-Time,77508,842,No,,Denied,5878.08,6123,5,"Co-signer pending review."
2868385,00533,,Part-Time,82703,734,No,No,Approved,2020.26,3061,2,"Referred by agent."
2874077,00921,2023-01-10,Self-Employed,149723,829,No,FALSE,Pending,1065.6,0,3,n/a
2877414,00925,"March 28, 2021",Part-Time,243721,695,No,Yes,Approved,1665,2775,5,"Renewal case."
2877530,01746,,Student,190330,762,No,Y,Denied,2326.8,2770,2,"Missing bank statements."
2877880,01742,2023-05-27,Unemployed,44777,779,Yes,TRUE,Withdrawn,3711.12,4418,4,n/a
2879601,00524,09-25-2024,Student,174584,789,No,Yes,Denied,3024.84,3601,2,"Co-signer pending review."
2879602,00541,03-25-2024,Unemployed,137500000,723,Yes,Y,Approved,3331.02,5047,2,"income verified via Plaid"
2881030,00931,05/20/2020,Self-Employed,312382,794.0,No,Yes,Pending,3982.2,6637,2,"docs expired"
2881164,01389,10/21/2022,Unemployed,42027,672,No,true,Pending,1702.8,2580,5,
2882559,01221,2024-09-03,Part-Time,165142,587,No,Y,Pending,3972.54,6019,2,"docs expired"
2882584,00550,07/07/2024,Student,142266,,No,,Denied,1560.24,2364,1,n/a
2882859,00987,03/01/2023,Unemployed,102432,647,No,Yes,Withdrawn,4409.34,5653,5,.
2882959,01417,12/08/2020,Retired,53787,N/A,No,TRUE,Approved,4020.9,5155,1,"Missing bank statements."
2883247,01447,2022-10-26,Retired,194056,706,Yes,No,Denied,793.98,1203,4,"Applicant provided pay stubs."
2883720,01116,2023-04-23,Contract,127955,747,No,0,Approved,4060.68,5206,3,"income verified via Plaid"
2889205,01486,11/04/2020,Full-Time,129507,598,No,N,Denied,3194.88,4096,2,"Referred by agent."
2889759,01071,05-06-2024,Contract,243545,733,No,FALSE,Approved,2265.78,3433,4,"Co-signer pending review."
2889849,01724,04/07/2020,Student,122666,784,No,No,Approved,723.24,861,4,"Missing bank statements."
2889995,01113,24/10/2024,Unemployed,53765,850,No,Y,Approved,1002.6,1671,3,"income verified via Plaid"
2895036,00683,11-04-2024,Part-Time,126338,603,No,N,Approved,1814.34,2749,5,"income verified via Plaid"
2895464,01075,05-13-2024,Retired,33542,666,No,No,Pending,3417.96,4382,4,"income verified via Plaid"
2896186,01508,"April 11, 2023",Self-Employed,215628,837,Yes,no,Pending,5077.8,8463,4,"Referred by agent."
2896733,01635,03-02-2020,FT,201500000,609,No,N,Denied,3644.94,4673,5,N/A
2900019,01272,,Contract,29278,479,No,N,Approved,2762.88,2878,2,"income verified via Plaid"
2900267,00879,06/03/2020,Part-Time,26106,781,Yes,Y,Approved,585.42,887,3,n/a
2902414,00402,08-06-2022,Student,184229,710,No,no,Denied,2506.14,3213,3,N/A
2902492,00321,05-15-2023,Full-Time,53536,,Yes,N,Withdrawn,3606,6010,5,"Flagged for manual review."
2905346,00315,2020-08-11,Contract,132389,819,No,Yes,Approved,776.1,995,1,
2906304,00390,2022-04-02,Unemployed,32622,622,Yes,No,Withdrawn,853.44,1016,2,"Applicant provided pay stubs."
2907125,00876,"February 17, 2020",Retired,54755,768,No,Yes,Pending,3882.48,4622,4,"Applicant follow-up needed"
2908493,00148,08-25-2023,Full-Time,130911,839,No,No,Approved,819,975,5,"Applicant follow-up needed"
2909138,01403,01-02-2021,Unemployed,105340,842,No,no,Approved,2130.24,2536,3,"Applicant provided pay stubs."
2909509,01117,2021-10-04,Part-Time,140039,581,Yes,0,Approved,1944,3240,4,"Co-signer pending review."
2910449,01004,11-27-2022,Student,244447,584,Yes,no,Denied,3607.56,5466,1,"Flagged for manual review."
2910566,00795,2020-06-15,Unemployed,164761,600,No,,Denied,1015.08,1538,4,N/A
2910927,00804,18/08/2020,Student,82117,669,No,yes,"Under Review",2083.62,3157,3,"Missing bank statements."
2912007,00491,10-09-2020,Full-Time,123082,780,No,Y,Approved,1608.6,1915,1,"Missing bank statements."
2914364,00640,07/25/2024,Unemployed,27111,627,No,FALSE,"Under Review",2953.08,3786,5,"Flagged for manual review."
2915474,00204,09/26/2021,Unemployed,113354,782,No,Yes,Pending,811.2,1352,1,"Applicant follow-up needed"
2920092,00778,2024-07-12,Unemployed,18203,807,No,,Approved,1257,2095,3,"Applicant follow-up needed"
2920294,00601,12-28-2021,Retired,118423,846,No,TRUE,Denied,1112.1,0,2,"Co-signer pending review."
2921563,00156,11/28/2021,Unemployed,182933,778,No,No,Pending,2572.2,4287,5,"Renewal case."
2923732,01661,04/13/2020,Unemployed,223580,690,Yes,false,Approved,2221.2,3702,5,"Missing bank statements."
2924486,01590,2024-06-05,Self-Employed,83142,712,Yes,FALSE,Approved,939.18,1423,1,N/A
2927134,00535,09-04-2021,Part-Time,175070,703,No,TRUE,Approved,786.72,1192,4,"Referred by agent."
2927831,01308,08/02/2024,Contract,152403,618,Yes,true,Approved,3026.4,5044,4,"income verified via Plaid"
2929117,00040,24/04/2021,Self-Employed,99001,710,No,Yes,Approved,6670.8,11118,2,n/a
2931028,00981,11-19-2024,Student,155176,726,No,FALSE,Approved,495,825,3,"Applicant follow-up needed"
2931476,01529,"September 13, 2020",Contract,214864,754,No,FALSE,"Under Review",4369.92,4552,2,.
2931717,01232,"October 21, 2022",Student,34409,776,No,Y,Approved,2227.68,2856,5,"Applicant provided pay stubs."
2932342,01542,09-16-2020,Unemployed,129523,N/A,No,FALSE,Approved,799.68,833,1,"Applicant provided pay stubs."
2933591,00119,13/11/2022,Unemployed,127603,717,No,TRUE,Denied,2874,4790,4,"Applicant provided pay stubs."
2935027,01537,"January 31, 2024",Unemployed,111456,572,Yes,Y,Denied,2064.66,2647,2,n/a
2935272,00559,"July 23, 2022",Contract,25959,622,No,Yes,"Under Review",1133.4,1889,4,.
2939128,00437,31/05/2023,Student,154147,472,No,false,Denied,2133.3,2735,5,"Renewal case."
2940260,00111,2024-01-23,Full-Time,165985,732,No,N,"Under Review",1611.48,2066,4,"docs expired"
2942686,01647,2020-09-10,Retired,257909,703,No,Yes,Approved,6091.68,7252,5,
2943649,01230,05/08/2022,Contract,236153,,No,false,Approved,2488.32,2592,1,"docs expired"
2944196,00835,29/03/2024,Contract,171600000,751,No,0,Approved,2509.08,2987,4,"Applicant provided pay stubs."
2945451,00657,03/05/2024,Student,101921,654,Yes,N,Pending,1596,0,2,"Renewal case."
2946507,01492,12-02-2021,Student,83104,657,Yes,N,Pending,5197.44,5414,1,"docs expired"
2951616,01181,01-01-2020,Student,84523,447,Yes,true,Withdrawn,3020.16,3872,2,"income verified via Plaid"
2952111,01251,07/11/2024,Contract,124491,830,No,Yes,Denied,4420.92,5263,4,.
2952472,00427,03-18-2023,Full-Time,219585,798.0,No,false,Denied,1102.2,1670,3,"Referred by agent."
2952595,01132,"December 29, 2022",Retired,190600,751,No,N,Denied,3028.2,5047,1,"Missing bank statements."
2955295,00472,,Contract,162526,680,No,no,Denied,1073.16,1626,5,"Referred by agent."
2955658,01714,"June 26, 2022",Contract,55858,680,No,no,Denied,1851.3,2805,4,"Referred by agent."
2958424,00785,,Contract,85249,788,No,,Pending,3613.74,4633,2,"Applicant provided pay stubs."
2961687,00891,2022-05-10,Student,142629,620,No,1,Denied,5007.36,5216,1,"income verified via Plaid"
2963288,01204,2022-04-13,Contract,187711,676,No,No,Approved,5201.04,6668,5,"income verified via Plaid"
2965863,00123,"October 25, 2020",Retired,104834,610,Yes,,"Under Review",822.12,1054,1,"Applicant follow-up needed"
2966434,00726,2024-08-08,Part-Time,181074,754.0,No,0,Approved,1825.92,1902,1,"Referred by agent."
2968029,00387,06/28/2023,Part-Time,57088,772,No,false,Approved,3569.28,3718,5,.
2968368,00366,26/11/2023,Unemployed,214709,843,No,false,Approved,3060.72,3924,1,
2968904,00679,"November 01, 2020",Student,195565,,No,FALSE,Withdrawn,1945.68,2948,2,
2969818,00353,2024-10-16,PT,207176,550,No,yes,Approved,2350.08,2448,5,
2969895,01134,14/11/2021,Self-Employed,239296,718,No,true,Denied,3170.16,3774,5,
2969974,00267,02-13-2021,Full-Time,194776,726,No,No,Pending,4883.34,7399,5,n/a
2970584,00289,2024-10-31,Student,23214,740,No,TRUE,Pending,2641.86,3387,3,"Co-signer pending review."
2971309,00970,2024-11-16,Student,213064,712,No,false,Approved,2135.64,2738,2,"Co-signer pending review."
2971854,01083,,Contract,123047,,Yes,FALSE,Pending,7299.24,9358,4,"Applicant provided pay stubs."
2971935,00150,02/05/2022,Retired,33762,714,No,1,Approved,1245.6,2076,2,"Applicant provided pay stubs."
2975730,00527,12/11/2021,Retired,56590,N/A,Yes,false,Denied,2069.76,2464,5,n/a
2977760,01773,07-16-2020,Contract,102864,759,No,1,Denied,4751.04,4949,2,"Referred by agent."
2978274,00206,"May 30, 2022",Self-Employed,207982,584,Yes,,Pending,3020.64,3596,3,"Co-signer pending review."
2978715,00066,06/18/2022,Self-Employed,30600000,759,No,true,Approved,1659.6,2766,5,"income verified via Plaid"
2978873,00779,01/20/2024,Retired,78687,730,No,N,Denied,4863,8105,3,"Applicant provided pay stubs."
2978977,01736,06/20/2020,Full-Time,30513,,No,No,denied,2100.78,3183,4,"Referred by agent."
2980898,00964,07/26/2021,Full-Time,101121,332,No,N,Approved,2811.6,4260,5,N/A
2982692,00721,"November 04, 2020",Retired,108507,745,No,1,Approved,3470.88,4132,3,"Co-signer pending review."
2983217,00332,02-27-2024,Student,34009,588,No,No,Approved,1794.78,2301,2,"Applicant follow-up needed"
2984816,00616,12-14-2023,Contract,116879,694,No,false,Approved,5956.8,6205,2,"Applicant provided pay stubs."
2985568,00712,08-20-2024,Contract,214596,692,No,yes,Denied,2700.06,4091,5,
2985923,00394,11/07/2023,Unemployed,118057,684,No,N,"Under Review",1417.92,1688,1,"Renewal case."
2987823,00755,2022-05-16,Contract,86515,681,No,false,Approved,4778.28,6126,3,n/a
2989928,00323,10/07/2022,"Self Employed",168863,706,No,yes,Denied,3598.2,5997,5,"Applicant provided pay stubs."
2989931,00785,2022-11-15,Full-Time,93637,645,No,0,Withdrawn,2779.8,4633,2,"Referred by agent."
2990421,00070,"February 05, 2022",Retired,197493,581,Yes,true,Withdrawn,1469.76,1531,5,n/a
2990519,00032,"November 19, 2024",Unemployed,188875,N/A,No,1,Pending,1080.24,1286,5,
2990666,00818,2021-12-29,Self-Employed,204027,327,No,TRUE,Approved,2661.12,4032,4,"Applicant follow-up needed"
2996461,00613,,Student,32236,740,No,TRUE,Denied,4630.08,5512,2,N/A
2997653,00044,03/30/2022,Retired,95937,632,No,yes,Approved,4687.8,7813,1,
2999171,00308,03/10/2024,Student,127276,710,No,Y,Approved,2631,4385,2,"Renewal case."
2999350,00457,13/07/2020,Self-Employed,128565,625,No,true,Approved,2878.26,4361,3,"Flagged for manual review."
3000030,01680,20/08/2021,Full-Time,211386,694,No,TRUE,Withdrawn,2572.44,3298,3,
3000487,01410,2022-08-12,Self-Employed,117656,N/A,Yes,0,Approved,3389.1,4345,5,n/a
3000890,00902,08-21-2024,Full-Time,75797,599,No,yes,Approved,2808.12,3343,4,"Renewal case."
3001127,00138,"March 13, 2020",Unemployed,230378,688,No,1,Pending,1324.8,2208,5,"Co-signer pending review."
3002289,00387,"May 12, 2022",Retired,131120,811,Yes,yes,Denied,2230.8,3718,4,.
3002877,01302,"July 23, 2024",Student,43955,834,No,0,Approved,1344.42,2037,5,
3002933,01132,21/03/2024,Student,233456,467,Yes,yes,Approved,3331.02,5047,1,n/a
3005407,01521,2020-11-05,Student,234700,588,No,Yes,Approved,2365.2,0,5,N/A
3005730,00822,"December 25, 2020",Unemployed,216165,610,Yes,1,Approved,698.04,831,4,"Renewal case."
3007117,00855,04/23/2024,Self-Employed,166927,749,Yes,N,Approved,595.32,902,3,n/a
3008100,00026,10-14-2021,Part-Time,158741,812,No,no,Approved,1182.48,0,1,.
3008354,00364,01-13-2022,Contract,54947,316,No,N,Withdrawn,2643.84,2754,2,"Flagged for manual review."
3009747,01456,21/06/2021,Contract,70148,730,No,0,Approved,3825.9,4905,4,"Applicant follow-up needed"
3010792,00426,2022-12-12,Retired,77400000,,No,N,Pending,5232,5450,1,"Missing bank statements."
3011446,00172,2021-08-05,Retired,240444,732,Yes,,Withdrawn,2800.38,4243,1,"Applicant follow-up needed"
3013387,00356,09/06/2023,Self-Employed,210796,782,No,1,"Under Review",5580.12,7154,5,"Applicant provided pay stubs."
3013472,01066,21/04/2020,Student,239093,587,Yes,false,Pending,2086.08,2173,2,"Applicant provided pay stubs."
3015049,01561,15/02/2023,Self-Employed,91746,670,No,,"Under Review",2135.76,3236,1,
3015446,00951,03-29-2020,Full-Time,216665,,No,no,Approved,1480.2,0,2,"Flagged for manual review."
3017957,00140,24/06/2023,Part-Time,66445,726,No,,Denied,1199.04,1249,4,"Flagged for manual review."
3019145,00495,08/02/2021,Student,137560,741,Yes,0,Pending,1298.7,1665,5,
3019364,00940,07-02-2021,Student,118608,N/A,No,0,Approved,3766.62,5707,5,"Missing bank statements."
3021474,01631,03/19/2024,Unemployed,240787,697,No,1,Approved,3906.24,4069,5,"Referred by agent."
3022344,00683,05-26-2021,Student,174534,660,No,FALSE,Approved,1649.4,2749,2,"Flagged for manual review."
3022408,00964,2020-04-14,Part-Time,32791,820,No,No,Pending,4089.6,4260,2,"income verified via Plaid"
3022922,01414,"May 12, 2023",Unemployed,210618,702,No,FALSE,Approved,996.06,1277,1,"Missing bank statements."
3023310,01605,2024-08-18,Retired,4955,679,No,N,Approved,2246.4,2880,5,"Co-signer pending review."
3024219,01251,28/02/2023,Self-Employed,99656,751,No,no,Denied,4420.92,5263,5,
3026137,00500,,Retired,220377,753,No,0,Pending,1213.68,1556,5,N/A
3031545,00554,,Contract,192549,,Yes,yes,Pending,4164.6,6310,3,"income verified via Plaid"
3031878,01022,05-22-2024,Self-Employed,244400000,304,No,0,Pending,2615.76,3114,1,.
3032476,01144,09/17/2020,Student,107717,373,No,1,"Under Review",2756.82,4177,3,"Applicant follow-up needed"
3032728,01614,20/11/2023,Contract,31331,705,No,0,Denied,7435.2,7745,2,"Renewal case."
3033062,00953,04-14-2020,FT,27759,715,No,No,Approved,3586.8,4270,4,"Applicant follow-up needed"
3033294,00612,09-23-2024,Self-Employed,85616,846,Yes,Yes,Denied,4708.8,0,4,"Referred by agent."
3033645,01152,01/07/2020,Student,92239,584,Yes,false,Approved,4414.02,5659,3,.
3034194,00871,"April 15, 2021",Self-Employed,292214,826,Yes,TRUE,"Under Review",2522.4,4204,3,N/A
3034953,01075,05/11/2021,Unemployed,133034,623,No,FALSE,Approved,3680.88,4382,3,"Flagged for manual review."
3035257,01553,2023-10-22,Part-Time,165388,712,No,FALSE,Denied,2489.76,3192,3,"docs expired"
3036992,01645,2021-06-12,Part-Time,239915,785,No,no,Approved,2977.8,4963,2,"Applicant provided pay stubs."
3037481,01364,19/10/2021,Unemployed,145229,816,No,1,Denied,4212.78,5401,5,n/a
3042193,01560,,Retired,27324,,No,false,Approved,2428.8,3680,4,"Flagged for manual review."
3042195,00839,08/10/2022,Retired,53293,670,Yes,1,Denied,2830.74,4289,1,"Flagged for manual review."
3042596,01260,"July 28, 2022",Contract,164341,,No,yes,"Under Review",2705.28,2818,4,
3042615,00513,10/03/2023,Retired,5868,N/A,No,1,Denied,1729.2,2620,4,"Applicant provided pay stubs."
3044200,00257,12-08-2020,Student,89389,848,No,false,Approved,2525.4,4209,4,"Missing bank statements."
3044413,00629,12/06/2022,Unemployed,211862,600,No,No,Denied,1364.16,1421,1,"income verified via Plaid"
3045855,00099,05/06/2023,Unemployed,172648,748,Yes,N,Approved,3066.24,3194,2,"Co-signer pending review."
3047542,00094,08/03/2023,Full-Time,233715,760,No,N,Approved,3929.28,4093,2,"Missing bank statements."
3048107,00280,"September 05, 2021",Full-Time,169513,648,Yes,N,Approved,1344,1400,3,
3048945,01052,07/25/2023,Retired,21000,687,No,No,Approved,2293.5,3475,4,"docs expired"
3049025,00602,"April 27, 2020",Contract,54722,678,No,N,"Under Review",2593.92,3088,2,"Co-signer pending review."
3049205,00411,08-08-2022,Retired,94733,702,No,No,Denied,612,1020,1,"Applicant follow-up needed"
3051430,00392,08/05/2021,Part-Time,121026,749,No,TRUE,Denied,2460.48,3728,4,"Renewal case."
3053218,01699,2024-10-18,Contract,226257,601,No,Yes,Denied,904.8,1508,3,
3054097,00711,"September 19, 2022",Student,24869,,No,no,Denied,655.38,993,5,N/A
3056210,01555,"October 16, 2020",Retired,177062,,No,Yes,Pending,772.2,990,1,"Flagged for manual review."
3057528,00454,"June 23, 2022",Contract,215489,616,Yes,1,pending,2465.28,2568,5,"Flagged for manual review."
3057905,00148,"November 30, 2023",Student,122908,845,No,yes,Approved,760.5,975,4,"Applicant provided pay stubs."
3059448,00101,11/24/2023,Part-Time,26879,538,Yes,true,Withdrawn,1728.6,2881,1,"Referred by agent."
3059643,01565,09/04/2020,Retired,27537,781,No,,Denied,3370.08,4012,1,"Renewal case."
3060548,00390,06/07/2024,Full-Time,101778,758,Yes,1,Approved,975.36,1016,3,.
3063961,00135,2020-08-02,Full-Time,238146,525,No,0,Pending,927.6,1546,1,n/a
3065226,01041,,Contract,156721,710,No,Yes,Approved,1825.2,3042,2,"Referred by agent."
3066214,00285,2021-01-08,Part-Time,68690,769,Yes,FALSE,Approved,2814.84,3351,4,"Referred by agent."
3069983,01487,26/01/2024,Contract,149729,543,No,Yes,Approved,2403.18,3081,3,"Applicant provided pay stubs."
3070283,01155,27/07/2023,Self-Employed,13368,734,No,yes,Approved,1850.88,1928,5,"income verified via Plaid"
3072961,01428,03-25-2024,Full-Time,113149,,No,,Approved,6458.76,7689,4,N/A
3073489,01008,2022-07-29,Contract,167679,688,Yes,0,Approved,7053.48,8397,3,"docs expired"
3073969,01345,30/01/2020,Unemployed,167902,685,No,,Denied,3296.28,4226,1,"docs expired"
3074634,01011,10-13-2022,Retired,69327,758,No,No,Approved,5060.16,5271,1,"Flagged for manual review."
3075157,01039,"May 12, 2024",Unemployed,186778,N/A,No,1,Approved,3111.36,3241,2,"Co-signer pending review."
3080268,00697,23/03/2023,Part-Time,102674,720,No,false,Approved,2534.22,3249,5,n/a
3081704,00691,"June 06, 2020",Full-Time,59526,709,No,,Approved,1952.34,2503,4,"Referred by agent."
3081800,01092,13/03/2024,Contract,186336,683,Yes,0,Approved,4771.2,7952,3,"Applicant follow-up needed"
3082264,00174,10/08/2020,Contract,143428,676,No,N,Approved,1887.6,2420,3,
3082454,00569,11-12-2020,Self-Employed,35320,,No,No,Pending,6794.76,8089,4,
3084147,00658,12-06-2021,Part-Time,132411,738,No,TRUE,Approved,2852.64,3396,1,"Applicant provided pay stubs."
3085022,00532,"June 16, 2023",Contract,98020,683,Yes,N,Denied,1062.72,1107,3,"Co-signer pending review."
3085373,00476,"March 25, 2024",Part-Time,63511,730,No,true,Approved,2096.16,3176,3,
3086003,01713,,Contract,53560,745,Yes,Yes,Approved,7979.52,8312,2,"Renewal case."
3086847,01263,,Retired,99691,,No,Yes,"Under Review",1956.24,2964,4,
3087276,01279,03/06/2022,Part-Time,206382,666,No,FALSE,Approved,2841.6,4736,5,"Applicant follow-up needed"
3087473,01223,2020-05-12,Unemployed,49466,712,No,TRUE,Pending,3962.28,4717,5,"Renewal case."
3089237,00175,05-07-2023,Retired,134730,680,Yes,N,Approved,6376.32,6642,4,"income verified via Plaid"
3089572,00039,27/12/2021,Self-Employed,50660,682,No,,Denied,2574.78,3301,5,"Applicant follow-up needed"
3090471,00269,12-11-2020,Student,215230,593,No,No,Approved,1591.2,2040,1,"Referred by agent."
3090573,01646,11/11/2021,Student,204745,717,No,1,"Under Review",5903.52,7028,2,"Missing bank statements."
3098045,01036,"June 22, 2024",Part-Time,300742,630,No,,"Under Review",2556.06,3277,1,.
3098187,01704,10/10/2022,Student,37386,758,No,yes,Denied,886.38,1343,1,"Co-signer pending review."
3098764,00637,12/20/2020,Contract,188920,754.0,No,no,Denied,1954.8,3258,2,"Co-signer pending review."
3099586,00947,2023-10-20,Full-Time,114864,573,No,Y,Approved,1925.22,2917,4,N/A
3102980,01140,2022-02-11,Unemployed,65693,622,No,No,Approved,1662.6,2771,2,"Referred by agent."
3104664,01622,,Unemployed,8967,813,Yes,TRUE,Approved,2092.74,2683,1,"Applicant follow-up needed"
3109023,00948,2021-05-11,Full-Time,186178,814,Yes,Yes,Approved,5158.08,5373,1,"Missing bank statements."
3109115,00239,18/04/2024,Part-Time,124608,824,No,,Approved,3853.08,5838,1,"docs expired"
3109716,00632,07-03-2023,Retired,259850,847,No,Y,Denied,4736.94,6073,2,"income verified via Plaid"
3110419,01029,03/26/2020,Student,88809,N/A,Yes,0,Pending,1624.74,2083,3,"Applicant provided pay stubs."
3112238,00484,03/21/2021,Contract,124278,N/A,No,Yes,"Under Review",747,1245,5,N/A
3113666,01787,12/04/2020,Unemployed,220122,672,No,no,denied,2220.24,3364,4,"Applicant follow-up needed"
3114224,01606,03/03/2023,Self-Employed,286864,746,No,true,Denied,2639.4,4399,4,"Renewal case."
3114736,01735,"July 26, 2020",Self-Employed,71492,788,No,,Withdrawn,1459.26,2211,3,"Applicant follow-up needed"
3115756,01024,2021-11-11,Contract,192355,382,No,Y,Approved,1126.32,0,4,"Applicant provided pay stubs."
3117128,01280,11-02-2024,Contract,134314,706,No,false,Denied,1545.6,1840,2,"Co-signer pending review."
3117903,00262,2023-03-29,Self-Employed,25414,713,Yes,FALSE,Approved,877.8,1045,4,"Co-signer pending review."
3122612,00019,06-10-2021,Student,141248,798,Yes,Y,Denied,2751.36,2866,2,.
3124048,00071,2020-11-18,Student,79833,697,No,TRUE,Denied,3480,3625,4,"docs expired"
3125801,00373,"October 18, 2023",Student,191960,836,No,FALSE,Approved,6888,8200,5,"Applicant follow-up needed"
3126849,01102,05/06/2022,Contract,63287,846,Yes,Y,Approved,1963.92,2338,3,"Missing bank statements."
3127034,00501,12/24/2020,Retired,170340,603,No,0,Approved,969.54,1469,1,"Applicant provided pay stubs."
3128402,01198,"June 24, 2024",Full-Time,225872,845,No,1,Approved,7580.16,7896,5,
3131794,01433,10/10/2021,Retired,205938,675,No,Yes,Approved,5552.82,7119,1,"Referred by agent."
3133054,00107,16/04/2023,Student,19415,606,No,yes,Approved,3186.24,3319,2,"Missing bank statements."
3133124,00284,2023-12-15,Full-Time,54213,676,No,TRUE,"Under Review",2152.92,2563,2,"Renewal case."
3134224,00136,04/05/2024,Full-Time,213260,847,No,No,Pending,1098.72,1308,3,"Missing bank statements."
3138057,01130,2023-09-29,Self-Employed,193601,,No,true,Approved,4380.48,5616,2,"Co-signer pending review."
3138675,01345,28/09/2021,Full-Time,231209,,No,true,"Under Review",2789.16,4226,5,N/A
3143694,00504,2020-09-19,Retired,180146,698,No,no,Approved,2600.4,3940,3,"Applicant provided pay stubs."
3145272,00825,12/27/2021,Student,128300000,509,No,,Denied,1657.5,2125,2,.
3149387,00687,"June 07, 2024",Unemployed,202754,,Yes,FALSE,Approved,6584.76,7839,5,"Flagged for manual review."
3153098,00943,2024-11-15,Self-Employed,196743,473,Yes,1,Denied,1241.46,1881,3,"Applicant follow-up needed"
3153314,01704,2023-03-08,Student,176691,814,No,yes,Approved,805.8,1343,3,
3156560,01278,25/10/2023,Student,150000000,678,No,N,Pending,2305.92,2402,5,"income verified via Plaid"
3158831,01621,"December 25, 2024",Self-Employed,237633,748,No,true,Approved,6562.56,6836,3,.
3159266,00617,10-26-2020,Full-Time,276382,,No,FALSE,Withdrawn,2549.04,3268,5,n/a
3160860,00798,,Unemployed,50930,792,No,No,Approved,2800.56,3334,3,"Referred by agent."
3162141,01548,06/07/2022,Self-Employed,159625,317,No,FALSE,Approved,6003.48,7147,4,
3165748,00870,2021-10-30,Unemployed,69669,581,No,Yes,Denied,1917.12,1997,5,"Renewal case."
3165920,00125,03/13/2022,Self-Employed,134356,793,No,No,Denied,2623.2,4372,1,"Applicant provided pay stubs."
3166418,00162,07/03/2020,Self-Employed,204552,374,No,Yes,Withdrawn,927.42,1189,4,N/A
3167399,00486,2020-12-10,Retired,130158,747,No,1,Approved,1690.92,2562,3,
3170097,01014,2023-01-07,Full-Time,128298,,No,true,Approved,4452,7420,3,"Renewal case."
3170226,01295,"December 31, 2020",Unemployed,19481,785,Yes,TRUE,Approved,4338.6,7231,2,n/a
3171016,00236,16/12/2021,Part-Time,46870,,No,no,Denied,4432.32,4617,1,N/A
3174858,00449,01/12/2023,Self-Employed,43947,675,No,No,Approved,1747.98,2241,5,"Applicant follow-up needed"
3175076,01279,12-07-2021,Part-Time,75472,800,No,1,Denied,3978.24,4736,4,"income verified via Plaid"
3175846,00020,"August 06, 2023",Student,54449,689,No,TRUE,"Under Review",3931.2,5040,3,"Renewal case."
3175865,00862,05/28/2021,FT,185104,597,Yes,No,Pending,2148.6,3581,3,"Applicant follow-up needed"
3175894,00117,07/15/2024,Student,172163,702,Yes,No,Pending,2583.36,2691,2,n/a
3176141,01140,"February 02, 2024",Retired,243904,762,No,Y,Approved,2327.64,2771,4,"Applicant provided pay stubs."
3184415,01569,27/06/2021,Retired,62240,782.0,Yes,TRUE,Approved,993.3,1505,3,
3184664,00973,05/29/2024,Self-Employed,131158,591,No,false,Pending,4067.58,6163,1,.
3185641,01155,,Retired,169855,753,No,true,Approved,1619.52,1928,3,"Flagged for manual review."
3190708,00896,05-11-2022,Unemployed,59857,,Yes,0,Approved,6947.52,7237,5,"Referred by agent."
3192450,00447,"April 10, 2024",Unemployed,56249,581,No,TRUE,Pending,4040.4,4810,1,"Referred by agent."
3193354,01536,"February 06, 2024",Contract,256278,798,No,No,Denied,3011.58,4563,1,"docs expired"
3196424,00001,21/02/2023,Self-Employed,139419,785,No,N,Approved,816.96,851,2,N/A
3197106,01535,12/04/2023,Student,241960,840,No,true,Approved,4030.32,4798,1,.
3198551,00149,07-28-2020,Contract,133348,367,No,0,Approved,1134.54,1719,5,"Flagged for manual review."
3198767,01039,07-24-2020,Contract,246741,,Yes,0,Approved,2722.44,3241,2,"Flagged for manual review."
3205993,00397,08/13/2021,Unemployed,244463,,No,false,Approved,815.1,1045,2,"Applicant provided pay stubs."
3207097,00688,"November 18, 2022",Full-Time,87321,676,No,yes,Denied,2739.24,3261,2,"Co-signer pending review."
3207157,01363,08/03/2023,Part-Time,171729,684,No,No,Approved,1500.24,1786,1,n/a
3207957,00781,24/05/2023,Student,269629,647,No,TRUE,Approved,3196.8,3330,2,"Referred by agent."
3208883,01421,2023-11-09,Part-Time,268186,613,No,FALSE,Denied,2304.72,3492,3,n/a
3209525,01379,17/07/2020,Contract,31349,,No,,Approved,4516.2,0,4,"Flagged for manual review."
3211595,00787,02/13/2023,Self-Employed,113233,680,Yes,No,Approved,1557.36,1854,5,"Flagged for manual review."
3212658,01052,2022-09-06,Part-Time,191410,693,Yes,no,Pending,3336,3475,4,"Renewal case."
3212946,01451,02/12/2021,Retired,198520,720.0,No,Yes,Approved,2500.2,4167,1,"income verified via Plaid"
3216871,00397,"May 31, 2021",Part-Time,16883,768.0,No,0,Pending,815.1,1045,5,N/A
3217388,01209,06/30/2021,Self-Employed,100593,701,No,Y,"Under Review",1555.8,2593,3,"income verified via Plaid"
3218081,00591,,Unemployed,93982,770,No,N,Withdrawn,2546.28,3858,2,
3218431,01746,02-26-2021,Retired,119622,678,No,No,Denied,2326.8,2770,4,
3221907,01242,2021-04-18,Student,285606,763,No,Y,denied,2377.98,3603,3,"income verified via Plaid"
3224304,01510,"June 15, 2021",Full-Time,224753,614,No,false,approved,1504.62,1929,2,n/a
3224382,01373,08/02/2021,Unemployed,119679,787,No,true,pending,767.76,914,5,"Co-signer pending review."
3225211,00617,2020-10-06,Self-Employed,20197,663,Yes,Yes,Denied,3137.28,0,5,"income verified via Plaid"
3226925,01528,04/10/2023,Contract,58986,,Yes,0,Approved,2940.3,4455,4,
3229839,00996,01-01-2021,Student,21565,820,No,0,Pending,4909.32,6294,4,"Applicant provided pay stubs."
3230749,01798,2024-03-26,Unemployed,64617,737,No,,Withdrawn,5819.52,6928,3,"Applicant provided pay stubs."
3230870,00231,,Full-Time,229361,768,No,No,Pending,5686.98,7291,1,"docs expired"
3231284,01243,04-07-2024,Unemployed,166048,N/A,No,false,Approved,4289.4,7149,4,"Renewal case."
3233483,00909,"April 12, 2024",Retired,68835,776,No,yes,Denied,1181.76,1231,4,n/a
3235299,00698,2020-07-31,Part-Time,76115,850,Yes,Y,Denied,3584.64,3734,2,"Renewal case."
3235340,01588,06/19/2022,Full-Time,123159,778,No,true,Approved,9196.2,11790,3,
3238924,00611,02/01/2020,Part-Time,21549,678,No,true,Approved,3205.02,4109,2,"Renewal case."
3239756,01361,06-04-2020,Contract,107624,671,Yes,yes,Denied,1203.84,1824,4,"Co-signer pending review."
3241571,01363,11-27-2023,Unemployed,213772,528,No,N,Approved,1071.6,1786,3,"Applicant provided pay stubs."
3246155,00063,05/01/2023,Unemployed,165136,723,No,FALSE,Approved,5567.76,8436,3,"Referred by agent."
3246939,01730,"February 23, 2020",Part-Time,233075,831,No,no,Pending,4315.2,4495,1,N/A
3248607,00139,26/09/2023,Retired,46378,322,No,yes,Approved,4631.64,5938,5,"income verified via Plaid"
3248778,01216,08-04-2022,Contract,151813,629,No,FALSE,Pending,1285.8,2143,1,"Missing bank statements."
3252128,01627,"May 17, 2020",FT,75965,N/A,No,0,Denied,3463.02,5247,3,"docs expired"
3252493,00408,29/12/2022,Student,168010,789,No,no,Approved,4767.18,7223,5,
3252561,01585,04/17/2023,Contract,153830,644,No,FALSE,Approved,1628.76,1939,4,"Applicant follow-up needed"
3252953,00869,"February 06, 2020",Unemployed,211368,762,Yes,FALSE,"Under Review",1704,1775,5,N/A
3253224,01747,2021-02-27,Student,31897,717,No,0,Approved,3888.72,5892,5,"Flagged for manual review."
3253529,00181,"September 23, 2022",Contract,188829,804,No,,Pending,546.6,911,2,.
3253841,00584,"February 28, 2023",Retired,98271,830,Yes,no,Withdrawn,2313.3,3505,1,"income verified via Plaid"
3255381,00427,05/25/2023,Full-Time,101872,N/A,No,FALSE,Approved,1002,1670,3,"Missing bank statements."
3257246,00579,"March 26, 2020",Unemployed,104985,692,No,true,Approved,4918.2,5855,5,"income verified via Plaid"
3257322,01368,12-23-2022,Full-Time,224312,764,Yes,false,Approved,2603.16,3099,3,.
3257879,01637,02-14-2023,"Self Employed",114793,,No,true,Denied,3653.52,4684,1,N/A
3259952,00128,2021-01-22,Self-Employed,107594,779,No,N,Approved,5066.82,7677,5,N/A
3260142,01321,01/21/2021,Student,93887,804,No,1,Approved,1625.4,2709,2,"Missing bank statements."
3260827,00832,08/01/2024,Part-Time,140784,780,No,yes,Approved,1449.84,1726,5,"docs expired"
3263518,01631,08/25/2023,Part-Time,108035,,No,false,Denied,2685.54,4069,2,"Renewal case."
3264023,01189,05/12/2020,Part-Time,177379,,No,TRUE,Approved,3337.62,4279,3,"Applicant follow-up needed"
3267750,01453,2023-12-06,Self-Employed,146886,755,No,N,"Under Review",1798.2,2997,1,"docs expired"
3270560,01090,12/31/2023,Retired,146462,776,No,Y,Approved,4267.38,5471,5,
3270599,01543,12-20-2020,Contract,42814,596,No,false,Approved,694.98,891,2,"Referred by agent."
3272808,01448,06/08/2020,Full-Time,245733,626,No,no,Denied,2422.56,2884,2,n/a
3273577,00073,26/12/2022,Unemployed,116738,665,Yes,Yes,Approved,3922.56,4086,5,"docs expired"
3274208,00637,"October 04, 2021",Part-Time,117500,438,No,false,Approved,3127.68,3258,1,"docs expired"
3275006,01311,08-19-2024,Student,83421,601,No,Y,Approved,1264.2,1505,3,N/A
3275157,00636,"July 25, 2023",Full-Time,169176,,No,true,Denied,649.74,833,2,"income verified via Plaid"
3276684,01175,01/19/2020,Retired,199365,700,Yes,TRUE,"Under Review",6707.52,6987,2,
3278531,01533,10/26/2024,Retired,236241,695,No,1,Approved,4286.04,6494,3,
3282193,01502,2023-09-02,Self-Employed,22100,614,Yes,TRUE,Approved,1937.1,2935,3,"Referred by agent."
3283718,01680,04-28-2021,Full-Time,177733,719,No,Y,Approved,2770.32,3298,5,"Missing bank statements."
3285611,00346,2024-11-16,Retired,208510,,No,yes,Pending,2397.6,3996,3,"Applicant follow-up needed"
3287466,01514,03/17/2023,Self-Employed,101783,,No,0,"Under Review",1208.4,2014,1,"Missing bank statements."
3287855,00818,18/10/2023,Full-Time,119649,718,No,Y,"Under Review",2661.12,4032,3,.
3288245,00443,04-02-2024,Retired,174175,N/A,No,No,Pending,3982.44,4741,2,"Missing bank statements."
3289754,01300,2020-09-10,Retired,322602,720,No,Yes,Approved,1020.36,1546,5,N/A
3290657,00146,08/06/2023,Contract,153894,,No,1,Approved,1862.28,2217,4,n/a
3290780,00911,"May 02, 2022",Unemployed,118068,678,Yes,Yes,approved,3328.38,5043,4,"Referred by agent."
3291737,00344,12-30-2022,Student,135540,435,No,Yes,Approved,4010.16,4774,1,.
3292343,00285,2023-04-23,Self-Employed,213377,749,Yes,N,Approved,2613.78,3351,5,N/A
3293095,00475,27/05/2022,Contract,185441,674,No,1,Denied,2364.48,2463,5,"Flagged for manual review."
3293423,01530,2024-05-14,Student,34700,669,No,1,Approved,5354.58,8113,4,"Renewal case."
3294133,00399,07/15/2024,Student,95588,780,No,Y,Approved,2041.92,2127,2,"docs expired"
3294463,01345,"October 04, 2021",Self-Employed,21339,731,No,FALSE,Denied,2789.16,4226,4,.
3294568,00351,"May 22, 2022",Unemployed,66540,,No,true,Approved,2449.8,4083,4,"Flagged for manual review."
3295155,00177,,Part-Time,191384,615,No,1,"Under Review",1226.16,1572,3,"docs expired"
3295678,00444,"March 02, 2023",Self-Employed,225572,830,No,1,"Under Review",1800.6,3001,3,n/a
3299206,00502,09/26/2023,Full-Time,52059,614,No,1,Approved,4966.08,5173,4,"Applicant follow-up needed"
3300707,00193,2022-11-29,Contract,166185,518,No,0,Approved,1313.4,2189,2,"Applicant provided pay stubs."
3301415,01051,2021-10-21,Student,35936,647,No,FALSE,"Under Review",1826.16,2174,1,"Flagged for manual review."
3302994,00383,"November 18, 2024",Part-Time,198927,775,No,0,Pending,1956.9,2965,2,"Applicant follow-up needed"
3303991,00777,"July 20, 2022",Student,205653,776,Yes,1,Denied,2003.4,2385,3,
3306222,00857,2021-01-27,Part-Time,121185,519,No,false,Approved,1216.02,1559,1,
3306422,00909,2023-02-06,Full-Time,93303,,No,N,Approved,960.18,1231,4,"income verified via Plaid"
3311307,00039,09-29-2020,Full-Time,168760,660,No,no,Pending,3168.96,3301,2,"Co-signer pending review."
3311871,00650,,Unemployed,210139,,No,1,Approved,1171.5,1775,4,"Referred by agent."
3313836,00864,06/09/2024,Self-Employed,197185,568,No,TRUE,Approved,7061.04,8406,2,
3313871,01617,02/13/2020,Unemployed,226555,703,No,no,Denied,684.6,815,1,"Applicant follow-up needed"
3315306,01197,"May 20, 2020",Unemployed,211504,654,No,Y,"Under Review",1382.4,2304,1,"Missing bank statements."
3315694,01176,13/06/2024,Part-Time,2010,589,Yes,0,Approved,1735.68,1808,4,"Renewal case."
3316983,00946,"February 12, 2023",Unemployed,204378,777,No,No,Pending,6057.48,7766,5,
3317818,00240,2023-06-03,Contract,106936,763,No,false,Pending,3359.16,3999,1,"Co-signer pending review."
3317859,01516,12/15/2020,Part-Time,124623,659,Yes,0,Withdrawn,1491,2485,5,"Renewal case."
3318666,01590,07/12/2020,Unemployed,239917,714,Yes,false,"Under Review",1195.32,1423,5,"income verified via Plaid"
3318668,00049,01-17-2022,Unemployed,190553,805,No,N,Denied,3122.28,3717,5,
3323036,01749,2022-01-02,Contract,88800,393,No,0,Denied,829.62,1257,3,.
3323121,00991,"October 09, 2021",Unemployed,210666,565,No,false,Approved,2336.64,2434,5,N/A
3323945,00522,20/06/2022,Contract,36756,728,No,yes,Denied,650.1,985,3,"Co-signer pending review."
3325018,00516,2022-08-19,Part-Time,107902,803,No,,Approved,1632,1700,5,n/a
3325442,00551,2021-03-08,Unemployed,211230,531,No,false,Approved,3158.1,4785,2,"Missing bank statements."
3325591,01410,07/11/2021,Self-Employed,52735,835,No,N,"Under Review",3389.1,4345,5,"docs expired"
3327048,00542,08-04-2024,Self-Employed,128684,803,No,N,Pending,1454.7,1865,3,"Applicant follow-up needed"
3327496,01355,"November 03, 2022",Full-Time,168377,788,No,Y,Approved,4036.5,5175,2,n/a
3329054,00904,2020-05-10,Retired,221387,642,No,FALSE,Approved,3113.88,3707,2,"Applicant provided pay stubs."
3329175,01055,"January 19, 2020",Retired,92556,841,No,N,"Under Review",3890.7,5895,2,
3330643,01202,2021-05-16,Part-Time,104891,735,Yes,false,Denied,2176.44,2591,1,"Referred by agent."
3331347,01691,02/27/2022,Self-Employed,18629,600,No,TRUE,Approved,1256.64,1904,4,"income verified via Plaid"
3331958,01729,"October 17, 2024",Unemployed,172925,788,Yes,true,Approved,497.4,829,1,"Co-signer pending review."
3333365,00023,10/03/2023,Retired,33550,753,No,,"Under Review",2398.44,3634,3,"Applicant provided pay stubs."
3333883,00759,"April 04, 2024",Student,286510,796,No,false,Approved,5188.26,7861,5,
3334788,01534,"August 21, 2023",Contract,119787,351,No,0,denied,1215.24,1558,2,"Applicant provided pay stubs."
3336520,01700,2023-03-20,Retired,25815,799,No,Yes,Denied,1762.56,1836,5,"income verified via Plaid"
3340794,01091,02/05/2020,Contract,112728,680,No,N,Denied,1483.2,2472,3,"Referred by agent."
3342037,01354,"December 12, 2022",Contract,96035,668,No,Yes,Pending,1617.72,2074,1,.
3342691,00196,02/25/2022,Part-Time,224675,823,No,false,Approved,6895.56,8209,4,"Applicant provided pay stubs."
3343919,00681,2020-10-14,Full-Time,104976,685,No,,Denied,4498.56,4686,5,"Co-signer pending review."
3345074,01479,16/02/2021,Part-Time,29884,799,No,1,approved,1293.6,1960,1,"Flagged for manual review."
3345810,01264,2021-04-17,Part-Time,229466,682,No,TRUE,Denied,2424.24,0,5,
3345889,01589,2022-04-30,Unemployed,225224,N/A,No,0,Withdrawn,1720.8,2868,4,n/a
3346276,00388,09-04-2023,Part-Time,170405,673,No,0,Withdrawn,2447.94,3709,1,.
3347750,01679,"October 22, 2021",Self-Employed,140539,799,No,No,Pending,3458.52,4434,3,"Missing bank statements."
3348303,00223,"May 04, 2024",Part-Time,229847,655,No,yes,Approved,5432.64,0,5,"Co-signer pending review."
3350998,00525,"January 01, 2020",Unemployed,180804,723,No,FALSE,Approved,2102.4,2190,2,"Applicant provided pay stubs."
3352168,00291,03-12-2022,Unemployed,79697,681,Yes,,Denied,1537.92,1602,5,"Flagged for manual review."
3352299,00041,"May 04, 2022",Contract,214993,781,No,false,Approved,1200.96,1251,3,
3354023,00818,08-08-2020,Self-Employed,13197,671,No,TRUE,Approved,2419.2,4032,5,"docs expired"
3354813,01778,2023-09-08,Student,234932,654,No,,Pending,2613.6,4356,3,"Applicant provided pay stubs."
3355445,00083,2022-05-20,Unemployed,85636,752,No,N,Approved,2588.04,3318,3,"Applicant provided pay stubs."
3356739,01244,18/12/2022,Full-Time,158303,591,No,TRUE,Denied,6454.5,8275,3,"Applicant provided pay stubs."
3359003,00245,"April 21, 2024",Self-Employed,44956,701,No,true,Approved,3173.76,3306,3,"docs expired"
3359203,01225,04-16-2024,Retired,129947,745,Yes,0,Denied,1261.2,2102,3,N/A
3359910,00347,27/10/2023,Part-Time,74130,689,No,false,pending,2519.16,2999,5,"income verified via Plaid"
3360394,01097,17/09/2020,Part-Time,96389,726,No,false,Denied,2551.56,3866,2,N/A
3361924,01629,12-03-2022,Student,42986,699,No,No,Pending,1609.92,2064,2,"Missing bank statements."
3362816,00751,25/07/2021,Self-Employed,45142,693,No,0,Denied,1781.64,2121,4,"Applicant follow-up needed"
3364291,01432,13/02/2022,Contract,286544,679,No,true,Pending,3642,6070,1,"Referred by agent."
3364669,01618,"September 26, 2023",Unemployed,144178,687,No,N,Denied,2655.36,2766,5,"Applicant provided pay stubs."
3367237,00785,2022-07-24,Contract,69496,N/A,No,no,Denied,4447.68,4633,1,"docs expired"
3367593,01004,10/14/2022,Part-Time,100675,651,No,no,Approved,5247.36,5466,4,"Renewal case."
3369571,00848,12/04/2023,Retired,111556,794,No,false,Approved,4599.66,5897,4,"income verified via Plaid"
3370820,00539,13/01/2022,Retired,24550,838.0,No,,"Under Review",4355.52,4537,2,.
3372353,00628,03/25/2023,Student,145675,737,No,Yes,Approved,3764.88,4482,4,"Flagged for manual review."
3378133,01152,"April 17, 2022",Contract,98575,,Yes,no,Approved,3734.94,5659,2,"Renewal case."
3380742,01069,2021-12-19,Unemployed,33814,586.0,No,true,Approved,682.44,1034,2,"Missing bank statements."
3381626,01461,,Unemployed,158905,658,No,yes,pending,2942.16,3772,4,
3382699,00193,11/02/2024,"Self Employed",69367,737,No,Yes,Approved,2101.44,2189,1,"Renewal case."
3382815,00402,"November 26, 2021",Self-Employed,80780,721,Yes,Y,Denied,1927.8,3213,5,"docs expired"
3382896,01270,"June 29, 2020",Part-Time,171046,580,No,FALSE,Approved,3196.8,5328,4,n/a
3384401,00220,11-23-2022,Self-Employed,157146,,No,no,Approved,1652.04,2118,3,N/A
3385110,01337,21/06/2021,Unemployed,143998,760,No,Yes,Approved,1584,2400,1,
3386804,01078,03-03-2023,Unemployed,70903,701,No,FALSE,Approved,2930.88,3053,3,"Applicant provided pay stubs."
3386890,00226,12/17/2024,Part-Time,254437,660,No,1,Denied,1205.1,1545,4,.
3388252,00366,09/28/2024,Contract,101956,597,No,yes,Approved,2589.84,3924,4,"Co-signer pending review."
3389280,00503,2021-06-18,Part-Time,205419,693,No,0,Pending,2761.44,4184,2,"Missing bank statements."
3389426,00229,2021-02-22,Student,179547,632,No,FALSE,"Under Review",2268.48,2363,1,"Flagged for manual review."
3391215,01447,"July 24, 2022",Retired,177139,,No,,Approved,938.34,1203,4,.
3391290,00039,2021-03-22,Contract,47007,755,Yes,N,Approved,1980.6,3301,4,n/a
3393080,00879,2023-01-05,FT,210015,770,No,false,Approved,851.52,887,3,"Applicant follow-up needed"
3395905,00793,12/15/2022,Unemployed,309323,N/A,No,TRUE,Withdrawn,5553,9255,5,n/a
3396177,00608,10-04-2020,Unemployed,158613,711,No,Yes,Denied,2620.2,4367,3,
3396571,00867,30/04/2023,Student,83510,643,No,FALSE,Approved,3325.44,3464,5,n/a
3397835,01077,,Retired,75067,739,Yes,1,Approved,1212,2020,5,
3398287,00273,2020-05-31,Unemployed,64348,833,No,no,Approved,4006.8,4770,1,
3398966,00789,2020-06-06,Full-Time,83973,603,Yes,yes,Denied,673.86,1021,4,"Applicant provided pay stubs."
3401160,00843,05-22-2024,Part-Time,213398,483,No,,Approved,945.78,1433,2,
3401964,00563,2021-02-16,Student,148464,668,No,no,Denied,3285,5475,4,"income verified via Plaid"
3404166,01176,10-18-2021,Self-Employed,27541,422,No,Y,Approved,1410.24,1808,3,"docs expired"
3404295,01011,25/06/2024,Part-Time,184237,769,Yes,0,Approved,5060.16,5271,1,"Flagged for manual review."
3404671,00608,24/06/2021,Full-Time,161117,699,No,true,Approved,3406.26,4367,2,"Missing bank statements."
3405769,01463,2020-02-25,Unemployed,176422,817.0,No,,Approved,2106,3510,3,N/A
3406750,00080,04-23-2022,Full-Time,184813,748,Yes,0,Withdrawn,2992.32,3117,4,"Referred by agent."
3409198,01504,04/29/2020,Unemployed,225057,661,No,,Approved,4743,7905,5,
3410316,01710,04/15/2020,"Self Employed",199689,,No,true,Denied,3738.24,5664,5,"Applicant provided pay stubs."
3410685,00705,09/09/2020,Contract,138715,752,No,no,Denied,2975.04,3099,1,"docs expired"
3410938,00635,02-04-2022,Unemployed,170437,454,No,,Approved,3010.2,5017,4,"Missing bank statements."
3411901,01420,09-05-2023,Part-Time,229453,455,No,false,Approved,3012.24,4564,5,"Applicant follow-up needed"
3412437,01363,"January 10, 2020",Student,209845,646,Yes,yes,Denied,1178.76,1786,3,"Co-signer pending review."
3413329,01481,"February 14, 2020",Student,123232,771,No,no,Approved,1429.44,1489,3,"Applicant follow-up needed"
3413361,00582,02-11-2023,Full-Time,232718,740,No,TRUE,Approved,2122.56,2211,4,"Applicant provided pay stubs."
3413901,00353,"February 16, 2022",Student,187676,593,Yes,N,Approved,1615.68,2448,5,"income verified via Plaid"
3414039,00775,06/26/2020,Student,68967,647,No,0,Denied,673.8,1123,4,"Missing bank statements."
3414222,00752,"October 25, 2023",Self-Employed,247563,790,Yes,TRUE,Approved,3303.36,3441,1,"Referred by agent."
3417442,01726,31/01/2023,Self-Employed,71011,791,No,no,Denied,3427.2,3570,2,"Applicant provided pay stubs."
3418078,01610,12-13-2024,Unemployed,126361,675,Yes,false,Denied,2370.42,3039,4,"docs expired"
3419409,01149,16/05/2022,FT,242273,730,No,Yes,Withdrawn,5624.58,7211,4,"income verified via Plaid"
3420114,00591,2021-10-28,Unemployed,46790,764,No,1,Pending,2546.28,3858,3,N/A
3420292,00654,2022-11-16,Retired,197316,774,No,No,Denied,2968.32,3092,3,"Co-signer pending review."
3421322,00293,2023-01-28,Self-Employed,148669,602,No,N,Approved,2007.72,3042,3,"Applicant follow-up needed"
3421345,01351,27/11/2023,Retired,34909,615,No,No,Pending,2772.66,4201,3,n/a
3422788,01678,06-25-2020,Student,110514,756,No,0,Pending,2027.22,2599,3,"Applicant follow-up needed"
3424007,01163,09/19/2022,Student,233585,723,No,N,Denied,1395.9,2115,4,"Applicant follow-up needed"
3425120,00261,03/08/2023,Part-Time,185762,618,No,no,Denied,1488.24,1908,5,"Flagged for manual review."
3425329,01736,10-03-2022,Unemployed,151300000,712,No,1,Pending,1909.8,3183,2,"Referred by agent."
3428076,00821,"September 26, 2023",Unemployed,29985,,No,0,Approved,2424,2525,1,"Co-signer pending review."
3428182,00942,2024-11-02,Contract,241133,N/A,Yes,no,Approved,1769.04,2106,3,"Renewal case."
3428457,00983,"December 14, 2021",Full-Time,241900000,754,No,,Approved,5136.78,7783,5,.
3429786,00233,2022-12-23,Contract,120889,743,No,yes,Denied,1794.6,2991,2,"Referred by agent."
3431191,01229,23/01/2020,Unemployed,38593,689,No,0,Denied,7371,9450,5,"docs expired"
3434049,01123,"August 28, 2020",Full-Time,167583,690.0,No,No,Approved,1137.18,1723,3,"docs expired"
3434386,00482,07/19/2023,Student,117492,354,No,FALSE,Pending,762,1270,2,"Renewal case."
3435971,01151,12-01-2020,Unemployed,158614,731,Yes,,Approved,3301.8,5503,1,"income verified via Plaid"
3436393,00031,06-26-2023,Self-Employed,236871,534,No,true,"Under Review",2793.96,3582,3,
3438835,01391,11-09-2022,Student,112156,738,Yes,,Denied,1867.2,1945,1,N/A
3439707,01166,10/12/2021,Retired,73530,,No,,Denied,1848.96,1926,3,"Renewal case."
3440690,00910,05/17/2024,Unemployed,181861,713,No,,Approved,1614.36,2446,1,"Flagged for manual review."
3441030,00168,"December 30, 2023",Contract,44857,679,No,no,Approved,1112.76,1686,5,"Referred by agent."
3442199,00568,,Retired,216541,694,Yes,true,Approved,2375.52,2828,4,n/a
3442481,00755,10/04/2024,Self-Employed,34730,523,No,FALSE,Approved,4778.28,6126,5,"income verified via Plaid"
3446725,00457,12/06/2023,Unemployed,246675,,No,yes,Denied,2616.6,4361,3,"Referred by agent."
3451812,01475,08-25-2020,Contract,168893,,Yes,no,Approved,1447.68,1856,5,
3454445,00487,2022-11-04,Student,55167,N/A,No,No,Denied,2027.76,2414,5,N/A
3454541,00375,08/04/2024,Retired,201923,616,No,Yes,Approved,2637.12,2747,1,"Flagged for manual review."
3454989,00409,29/03/2020,"Self Employed",48879,,Yes,true,Approved,4195.2,6992,3,n/a
3455113,01225,2020-05-31,Contract,23511,,Yes,yes,Approved,1261.2,2102,2,"Missing bank statements."
3456217,01596,03-02-2022,Unemployed,205433,738,No,false,Denied,4768.8,7948,3,"income verified via Plaid"
3456479,00580,2022-09-08,Self-Employed,168217,791,Yes,false,Pending,2503.2,2980,2,.
3461236,01446,"April 09, 2022",Unemployed,230562,,No,0,Denied,2225.4,3709,4,"Co-signer pending review."
3461287,00573,03-24-2020,Self-Employed,128066,687,No,false,Approved,2269.68,2702,2,"Referred by agent."
3462595,01115,,Full-Time,29255,704,No,false,Approved,3810.24,3969,5,
3462869,01300,01-07-2022,Retired,174200000,391,No,TRUE,Denied,1962,3270,1,"Applicant follow-up needed"
3465696,00308,11-05-2022,Self-Employed,173364,848,Yes,0,Withdrawn,2894.1,4385,4,n/a
3467003,01548,03/16/2023,Self-Employed,145909,776,No,FALSE,Approved,4288.2,7147,5,"Applicant follow-up needed"
3467825,00963,02/06/2024,Contract,192660,721,No,N,Withdrawn,572.22,867,4,
3470452,00449,11-04-2022,Student,8472,727,No,0,denied,2151.36,2241,2,"Renewal case."
3472954,00699,19/05/2023,Retired,112256,632,No,Y,Approved,2364,3940,2,N/A
3475201,01152,2024-05-09,Contract,184757,593,No,no,Pending,3734.94,5659,3,"income verified via Plaid"
3475359,01627,11-07-2021,Unemployed,195937,838,Yes,No,Denied,5037.12,5247,3,
3475988,00961,"March 29, 2022",Self-Employed,209343,784,No,TRUE,Denied,1599.36,1666,1,"docs expired"
3479116,01233,02-24-2020,Unemployed,79015,761,No,N,Denied,2088.06,2677,2,"Applicant provided pay stubs."
3480603,00211,2023-02-21,Retired,121843,828,No,N,Approved,854.4,1424,5,"Co-signer pending review."
3482055,01197,03/04/2022,Contract,24075,767,Yes,1,Approved,1935.36,2304,2,N/A
3482401,01217,01/05/2021,Contract,144789,797,No,0,Denied,1782,2970,3,"Missing bank statements."
3483140,00464,2021-12-10,Contract,197893,837,No,TRUE,Pending,4290.72,5108,1,n/a
3483346,01504,03/28/2022,Unemployed,64048,754,Yes,0,Withdrawn,6640.2,7905,2,
3484002,00545,02/26/2020,Contract,23985,738,No,FALSE,Approved,2273.04,3444,3,"Referred by agent."
3485398,00727,03/09/2021,"Self Employed",156917,752,No,no,Approved,3603.84,3754,1,"Missing bank statements."
3489910,01677,2023-04-11,Full-Time,154300000,396,No,0,Approved,571.56,866,2,"Co-signer pending review."
3490562,00287,12/12/2020,Contract,52805,628,No,yes,Approved,4678.8,5570,2,
3490664,01473,18/04/2022,Full-Time,40484,791,No,FALSE,Approved,3099.36,4696,3,"Missing bank statements."
3491182,01472,"July 26, 2021",Part-Time,172676,597,Yes,N,Approved,4522.98,6853,4,"income verified via Plaid"
3493265,00101,10-21-2020,Contract,18406,737,No,true,Pending,1728.6,2881,2,N/A
3494568,00551,04-29-2024,Contract,23477,554,Yes,FALSE,Withdrawn,4019.4,4785,4,"Referred by agent."
3494775,00074,12/17/2021,Full-Time,168907,677,No,N,Denied,8361.36,9954,3,"Flagged for manual review."
3496127,00369,"August 14, 2020",Contract,131377,770,No,TRUE,Withdrawn,1358.28,1617,3,"Co-signer pending review."
3496880,00189,2020-02-11,Unemployed,23858,715,Yes,N,Approved,2131.8,3230,2,"docs expired"
3497101,00031,27/12/2022,Student,240320,,No,false,Denied,2793.96,3582,5,"Renewal case."
3498549,00890,"July 18, 2021",Student,296571,788,No,false,approved,11211.84,11679,3,"Renewal case."
3498572,01193,06/22/2020,Full-Time,79411,775.0,Yes,1,Denied,4093.32,4873,2,"docs expired"
3500255,00219,02-04-2023,Retired,230039,718,No,TRUE,Approved,1468.8,2448,4,
3501129,01320,03/08/2020,Contract,230153,757,No,FALSE,Approved,4705.68,5602,4,
3502121,00885,12/01/2023,Full-Time,217918,606,No,Y,Approved,1790.4,1865,4,
3502503,00220,01/10/2023,Student,242420,650,No,yes,Approved,1397.88,2118,4,"docs expired"
3502575,00439,12/13/2020,Part-Time,153877,798,Yes,1,Denied,1281.72,1942,5,"Applicant provided pay stubs."
3505849,00677,10/20/2022,Unemployed,203536,692,No,Y,Withdrawn,1753.92,1827,3,
3507444,00803,2024-08-04,Full-Time,109269,637,Yes,FALSE,Denied,5046,8410,4,N/A
3509517,01442,02/12/2020,Contract,165078,709,No,TRUE,Pending,2266.32,2698,3,"Missing bank statements."
3509691,01448,2023-06-01,Full-Time,137670,786,No,FALSE,Withdrawn,2422.56,2884,1,"docs expired"
3510952,01219,14/03/2022,Contract,155824,,No,true,Denied,2429.7,3115,1,"docs expired"
3511523,01789,08/06/2023,Full-Time,131345,433,No,,Denied,2348.58,3011,3,
3512649,00758,12/01/2023,Unemployed,26498,427,No,FALSE,approved,1383.36,2096,1,"Renewal case."
3514340,01702,05/04/2022,Part-Time,202935,728,No,false,Approved,2162.88,2253,3,"Renewal case."
3514917,00068,"May 03, 2024",Unemployed,183968,797,No,No,Approved,1055.88,1257,3,"Missing bank statements."
3516404,00930,"August 09, 2022",Self-Employed,200704,594,No,no,Approved,1391.28,2108,1,n/a
3519373,01281,"December 14, 2020",Part-Time,64872,302,No,TRUE,Denied,3020.64,3596,4,N/A
3525335,00819,10-10-2023,Student,151303,704,No,Yes,Pending,3439.02,4409,2,N/A
3528374,00174,29/03/2023,"Self Employed",74136,N/A,No,1,Approved,1452,2420,3,"income verified via Plaid"
3528732,01304,"November 13, 2023",Unemployed,108256,,No,N,Approved,10942.08,11398,1,
3530119,01609,01-17-2023,Student,50137,645,No,TRUE,Approved,3451.2,5752,5,"Missing bank statements."
3530983,00528,"June 12, 2023",Contract,145243,589,No,Yes,Pending,4829.76,6192,5,"income verified via Plaid"
3531550,01428,"October 27, 2020",Part-Time,193294,791,No,FALSE,Denied,4613.4,7689,2,"docs expired"
3533640,01527,09/21/2024,Student,153543,685,Yes,Y,Approved,715.2,1192,4,"Renewal case."
3536606,01279,16/12/2020,Retired,240242,743,No,1,Pending,4546.56,4736,4,"income verified via Plaid"
3537410,00153,10-09-2022,Full-Time,211740,618,No,1,Denied,2938.98,4453,1,
3537891,00553,28/10/2020,Part-Time,145148,621,No,TRUE,Approved,2947.8,4913,3,"Flagged for manual review."
3538952,00439,04/06/2023,Part-Time,25129,798,No,,Denied,1165.2,0,4,N/A
3539510,00989,2021-10-21,Part-Time,181229,715,No,TRUE,Denied,1108.8,1848,3,"Referred by agent."
3540802,01225,30/07/2022,Self-Employed,29962,438,Yes,Yes,Approved,1639.56,2102,5,"Missing bank statements."
3541462,00208,"June 27, 2023",Part-Time,213095,809,No,FALSE,Approved,562.98,853,4,"Applicant provided pay stubs."
3542741,00210,05-28-2023,Unemployed,164220,722,No,1,Approved,2183.04,2274,5,
3543696,00677,10-22-2023,Unemployed,126071,769,Yes,Y,Approved,1096.2,1827,2,"Missing bank statements."
3545614,00995,09-27-2024,Unemployed,51837,698,No,Y,Approved,3583.2,5972,3,"Applicant follow-up needed"
3545864,00619,2020-03-13,Part-Time,44675,,Yes,false,Approved,6163.2,10272,4,"Co-signer pending review."
3547234,00655,10-31-2023,Part-Time,277620,677,Yes,1,Approved,3695.04,3849,1,"docs expired"
3547968,01269,12/25/2022,Self-Employed,53467,773,No,N,Approved,1571.46,2381,3,"Applicant follow-up needed"
3549152,00580,09/29/2022,Student,45147,,No,0,Denied,2503.2,2980,3,"Co-signer pending review."
3549954,01693,11/05/2023,Contract,106275,769,No,0,"Under Review",1734.72,1807,1,"Flagged for manual review."
3549992,00186,09/10/2024,Self-Employed,6524,681,No,true,Denied,3472.32,3617,5,"Flagged for manual review."
3551225,00899,06-06-2024,Retired,29099,845,No,FALSE,Withdrawn,1107.48,1678,2,"docs expired"
3551301,01054,2022-03-13,Unemployed,200900000,606,No,No,"Under Review",1276.8,2128,4,
3552037,01427,"May 12, 2023",Retired,216240,492,No,FALSE,Denied,3390.24,4036,4,"docs expired"
3552663,00136,12/08/2021,Self-Employed,146563,333,No,no,Pending,1098.72,0,2,"Renewal case."
3553143,00039,05/07/2022,Part-Time,247333,770,No,TRUE,Denied,1980.6,3301,3,
3553470,01286,"June 29, 2021",Part-Time,164575,685,No,1,Approved,1890.84,2251,4,"Applicant follow-up needed"
3556312,01729,,Contract,2048,731,Yes,Yes,Approved,696.36,829,3,n/a
3557279,00190,02/15/2021,Full-Time,201920,730,Yes,1,Approved,4449.9,5705,4,"Referred by agent."
3558828,00773,02/29/2024,Contract,96487,532,No,0,Approved,3290.28,3917,5,"Referred by agent."
3558914,00639,07/29/2024,Contract,234402,551,Yes,1,Denied,3441.48,4097,4,n/a
3560325,00194,11-03-2023,Full-Time,73287,637,Yes,0,Pending,2739.6,4566,2,"Applicant provided pay stubs."
3563810,00781,,Unemployed,281128,771,Yes,FALSE,Denied,1998,3330,4,
3564152,01227,"February 08, 2022",PT,185358,,No,no,approved,2160,2250,5,"Missing bank statements."
3564184,01649,01/27/2024,Retired,110327,826,No,N,Approved,2705.28,2818,2,"Applicant provided pay stubs."
3564639,01749,,Student,210627,798,No,true,"Under Review",1122,1870,2,"docs expired"
3565309,01211,"July 27, 2023",Part-Time,226330,N/A,No,1,"Under Review",1150.38,1743,3,"Applicant provided pay stubs."
3567305,01587,08-19-2024,Unemployed,206760,N/A,No,no,Withdrawn,2945.28,3776,5,
3568194,01413,05/10/2024,Part-Time,185300000,723,No,Y,Denied,2315.88,2757,5,"Missing bank statements."
3570183,00978,2021-11-20,Student,87268,456,Yes,No,Approved,984.36,1262,4,
3573558,01208,2022-09-10,Part-Time,202879,757,No,0,Approved,1140,1900,4,"Applicant follow-up needed"
3577623,00502,"November 10, 2020",Unemployed,80203,816,No,0,Approved,4345.32,5173,3,"Missing bank statements."
3579011,01555,2020-10-29,Retired,111654,625,No,0,Approved,653.4,990,2,"Co-signer pending review."
3579206,00617,2020-04-27,Full-Time,13629,805,No,0,Approved,2156.88,3268,4,N/A
3581137,00964,02/29/2024,Contract,279880,710,Yes,No,Approved,2811.6,4260,5,"income verified via Plaid"
3583502,00878,,Self-Employed,236412,727,No,Yes,"Under Review",937.2,1562,1,"Flagged for manual review."
3584054,00694,"August 12, 2020",Student,185136,742,No,FALSE,Pending,1185,1975,1,"docs expired"
3585984,00298,22/11/2022,Full-Time,80503,,No,,Approved,10452.48,10888,4,N/A
3590102,00320,03/23/2021,Retired,68361,564,No,N,Withdrawn,2379.72,2833,1,"docs expired"
3590858,01430,15/11/2022,FT,221449,609,No,0,"Under Review",1027.8,1713,4,"Applicant provided pay stubs."
3592039,00372,2021-07-08,Unemployed,151363,741,No,false,Denied,1406.16,1674,1,.
3592617,01306,07-24-2022,Full-Time,47073,744,No,0,Approved,1639.68,1952,1,"Renewal case."
3592807,00215,2020-07-04,Contract,71256,,Yes,No,Approved,531.6,886,1,.
3594498,00848,"June 18, 2023",Student,120886,719,No,Y,Denied,4953.48,5897,2,"Applicant follow-up needed"
3595282,00283,"May 26, 2022",Retired,28220,712,No,no,Approved,3050.88,3178,4,"Applicant provided pay stubs."
3595911,01716,03/19/2024,Part-Time,224104,743,No,FALSE,Denied,2449.44,2916,3,.
3598148,00023,10/07/2024,Retired,74757,625,No,FALSE,"Under Review",2834.52,3634,2,"Applicant provided pay stubs."
3600713,00418,"October 25, 2021",Retired,96817,735,Yes,FALSE,Denied,2277,3450,2,"Flagged for manual review."
3600871,00778,"November 03, 2023",Self-Employed,112344,796,No,TRUE,Approved,1634.1,2095,1,"Applicant provided pay stubs."
3600873,00446,"December 09, 2022",Unemployed,248294,335,No,no,Pending,2453.88,3146,2,.
3600950,00267,2022-06-20,PT,101055,395,Yes,,Approved,5771.22,7399,1,"income verified via Plaid"
3602894,01589,07-31-2022,Unemployed,84122,611,No,false,Denied,2753.28,2868,1,"Applicant follow-up needed"
3605543,00249,"August 06, 2023",Part-Time,191369,534,No,Yes,Approved,2760.12,4182,5,
3606026,01050,08/18/2024,Retired,22325,784,No,N,Denied,1420.44,1691,2,N/A
3606317,00428,03-13-2020,Self-Employed,171452,725,No,1,Pending,918.12,1093,3,"Flagged for manual review."
3607106,00898,02/22/2021,Unemployed,241846,N/A,Yes,0,Withdrawn,1692.6,2015,4,"Applicant provided pay stubs."
3610993,01492,01/28/2024,Part-Time,39535,684,Yes,no,Pending,5197.44,5414,3,"Missing bank statements."
3612926,01746,30/05/2021,Part-Time,185813,732,No,yes,Denied,2659.2,2770,1,"Renewal case."
3613126,00372,2020-09-03,Contract,122966,850,No,1,Pending,1305.72,1674,5,n/a
3613683,01396,03/02/2024,Contract,67845,682,No,yes,Approved,2458.56,3152,1,.
3615504,00231,05-24-2020,Full-Time,111951,804,No,No,Pending,6999.36,7291,5,"Applicant provided pay stubs."
3616977,00264,2021-09-14,Unemployed,244582,823,No,No,Denied,934.56,1416,2,"docs expired"
3617317,00601,"May 26, 2024",Student,19223,369,Yes,1,Approved,1112.1,1685,5,N/A
3617580,01310,,Full-Time,165051,,No,FALSE,Approved,3657.6,3810,1,"docs expired"
3619005,01466,05/01/2023,Full-Time,246700,600,No,true,Approved,1148.16,1196,2,"Flagged for manual review."
3621862,00280,2024-02-17,Unemployed,109829,757,No,TRUE,Approved,1176,0,5,"Renewal case."
3622838,01094,03/11/2024,Contract,230760,341,No,,Denied,2046.24,2436,2,"Renewal case."
3623103,01621,"July 05, 2022",Student,129360,648,No,false,Approved,4511.76,6836,2,"Renewal case."
3626036,00451,01-26-2024,Part-Time,48896,515,No,,"Under Review",3598.32,5452,2,"Flagged for manual review."
3626255,01590,12-13-2023,Retired,94452,,No,1,Approved,1195.32,1423,5,
3626670,00303,2021-01-12,Retired,243077,765,No,false,Pending,4400.76,5239,3,
3628714,00913,15/04/2020,Contract,72121,647,No,No,Pending,574.86,871,2,
3629184,01765,"July 14, 2024",Retired,137787,712,No,0,"Under Review",2426.4,4044,5,"income verified via Plaid"
3629415,00223,02/19/2024,Unemployed,53375,772.0,No,yes,Approved,4414.02,5659,4,"docs expired"
3631168,01707,"August 21, 2024",Self-Employed,188474,713,No,TRUE,withdrawn,4648.8,5960,4,"Referred by agent."
3636654,01710,"December 04, 2021",Student,217334,787,No,N,approved,5437.44,5664,3,"income verified via Plaid"
3637300,00060,,Contract,208120,737,No,,Denied,697.2,1162,1,"Co-signer pending review."
3637640,00557,18/11/2024,Part-Time,36998,787,No,Yes,Denied,2134.2,3557,4,"income verified via Plaid"
3638045,00708,2020-04-10,Student,231251,617,Yes,0,"Under Review",3555.42,5387,4,"Applicant provided pay stubs."
3638258,00704,2020-12-28,Contract,137569,686,No,no,Approved,2468.4,4114,1,"Applicant follow-up needed"
3639183,00029,07/28/2023,Self-Employed,312421,469,No,TRUE,Approved,1758.6,2931,5,
3642646,01168,2022-10-25,Retired,61001,661,Yes,true,Approved,4011,4775,4,"Applicant follow-up needed"
3643295,01371,"December 28, 2024",Student,235207,302,No,N,Approved,3081,3950,2,"Missing bank statements."
3644959,00409,"August 02, 2020",Contract,34684,720,No,0,Denied,4195.2,6992,3,"Flagged for manual review."
3646591,01541,06-08-2022,Student,180674,743,No,Y,denied,3978,6630,4,
3646881,00466,2021-10-13,"Self Employed",248429,754,No,,Approved,2835,3375,4,"Missing bank statements."
3647140,00759,05/09/2021,Contract,107273,,Yes,no,Approved,4716.6,7861,4,"Missing bank statements."
3648611,00003,01/18/2020,Contract,69711,771,No,no,Withdrawn,1197.84,1426,1,"Applicant follow-up needed"
3648951,01165,2023-08-19,Retired,57954,816,Yes,true,Pending,748.44,891,2,"Applicant provided pay stubs."
3651338,00264,11-01-2022,Contract,241672,847,No,no,Approved,1104.48,1416,5,"docs expired"
3653802,00504,08-23-2020,Unemployed,60806,821,No,false,"Under Review",3073.2,3940,2,"Applicant provided pay stubs."
3654366,00970,09/13/2024,Part-Time,36600000,751,No,true,Approved,1807.08,2738,4,"income verified via Plaid"
3654912,00589,2023-12-21,Retired,6599,602,Yes,false,Approved,2210.88,2632,5,n/a
3658281,01123,2023-09-13,Full-Time,94208,781,No,N,Approved,1447.32,0,1,
3658375,01435,"April 22, 2023",Self-Employed,220999,817,No,Yes,Approved,2829.84,3628,5,"Renewal case."
3664089,01285,"October 06, 2022",Contract,2227,722,No,No,Approved,3565.8,4245,3,.
3665201,01192,2023-02-05,Unemployed,286185,720,No,0,withdrawn,7175.28,8542,5,"Missing bank statements."
3669102,01248,2020-02-06,Part-Time,141948,739,No,no,Withdrawn,7039.2,8380,2,"Missing bank statements."
3669520,00589,02/03/2020,Self-Employed,76118,808,No,false,Approved,1737.12,2632,5,"Applicant follow-up needed"
3669718,01300,"March 27, 2023",Unemployed,238335,583,No,Y,Approved,1990.8,2370,4,"docs expired"
3670096,00178,30/03/2020,Self-Employed,204900,756,No,Yes,Approved,2329.14,3529,1,"Co-signer pending review."
3670689,01259,01-03-2022,Full-Time,67683,594,No,true,Approved,7803.84,11824,5,"Flagged for manual review."
3670759,00496,2020-08-12,Self-Employed,151088,754,Yes,0,Approved,1720.2,2867,3,"Referred by agent."
3671687,00240,06/21/2023,Unemployed,185088,749,Yes,yes,Pending,2639.34,3999,5,
3672073,00912,"July 10, 2021",Contract,225369,N/A,No,N,Pending,2061.18,3123,5,"Referred by agent."
3672546,01445,2021-08-19,Full-Time,132504,747,No,Yes,Denied,5010,8350,4,.
3674447,01275,12/10/2021,Unemployed,242793,574,Yes,0,Denied,1971,3285,3,"Applicant follow-up needed"
3675502,01261,"September 24, 2020",Student,160274,318,No,,Approved,943.8,1573,5,n/a
3676147,01566,"February 16, 2020",Student,54553,772,No,true,Approved,1118.04,1694,1,
3676192,00162,"October 19, 2021",Unemployed,241570,741,No,Yes,Withdrawn,998.76,1189,2,"Applicant provided pay stubs."
3678711,00223,08-02-2022,Retired,134700000,830,No,yes,Approved,3734.94,5659,1,"Missing bank statements."
3684741,00835,"December 08, 2021",Self-Employed,156347,603,No,1,Pending,2867.52,2987,2,.
3685038,01764,2021-11-15,Unemployed,190543,375,No,No,Approved,4604.88,5482,3,"income verified via Plaid"
3685285,01584,"November 22, 2024",Student,111110,,No,0,Pending,1235.52,1872,3,"Flagged for manual review."
3690773,00332,"July 29, 2021",Unemployed,195532,,No,0,Denied,1380.6,2301,2,"Co-signer pending review."
3691106,00955,11-07-2020,Retired,110282,651,No,FALSE,Approved,2155.44,2566,2,"Co-signer pending review."
3691779,01033,08/17/2021,"Self Employed",242207,764,Yes,,Approved,1707.6,2846,5,"Applicant follow-up needed"
3691934,01303,04/03/2021,Student,181530,760,No,yes,Approved,5998.08,6248,3,.
3693164,01719,"May 05, 2023",Contract,135211,762,No,Yes,Approved,1811.4,3019,3,"Missing bank statements."
3694004,00175,2023-06-15,Unemployed,240349,742,No,no,Pending,3985.2,6642,5,"income verified via Plaid"
3695378,01045,2021-06-27,Full-Time,171329,748,No,true,Approved,4365.12,4547,5,"Renewal case."
3696202,00842,11/11/2021,Student,193705,,No,true,Pending,616.8,1028,2,"Referred by agent."
3697308,00384,2021-02-13,Retired,201853,737,No,N,Approved,3822.6,6371,5,"Applicant follow-up needed"
3697463,00106,05/14/2021,Contract,100722,688,No,0,Denied,2857.8,4330,3,"income verified via Plaid"
3697663,01182,2020-01-11,Part-Time,283974,774,No,false,approved,4698.24,4894,3,"income verified via Plaid"
3701017,00251,10/16/2023,Self-Employed,58717,725,No,Y,Approved,1362.24,1419,5,"Referred by agent."
3701046,01795,01-11-2020,Student,191427,402,No,yes,Pending,3895.2,6492,5,"docs expired"
3702962,00612,10/01/2021,Student,170045,654,No,yes,Approved,4708.8,7848,1,
3704028,01263,20/02/2021,Part-Time,219311,703,No,No,Approved,1956.24,2964,1,N/A
3704327,01748,2020-08-14,Full-Time,77598,,No,TRUE,Denied,1446.72,1507,1,.
3705724,00370,04/27/2021,Unemployed,189987,626,No,,Approved,2717.4,4529,5,"Co-signer pending review."
3705775,01658,01/18/2024,Unemployed,235379,840,No,Yes,Withdrawn,2722.2,3490,3,"income verified via Plaid"
3706720,00410,2023-04-25,Part-Time,232301,554,No,Y,Denied,997.92,1188,2,N/A
3707076,01041,07/12/2022,Full-Time,207081,744,No,FALSE,Approved,2920.32,3042,3,"Flagged for manual review."
3707207,01279,"January 27, 2021",Contract,211896,728,No,no,Approved,3978.24,4736,1,.
3707321,00500,"November 26, 2021",Self-Employed,129156,590,No,Yes,Approved,1213.68,1556,1,N/A
3708329,00808,2024-10-25,PT,59931,712,No,FALSE,Withdrawn,1293.24,1658,2,
3709367,00838,08/07/2020,Retired,140938,582,No,no,Approved,5878.08,6123,1,
3710985,01445,2024-06-27,Part-Time,118878,N/A,No,N,Denied,5010,8350,1,"Applicant provided pay stubs."
3710998,01654,"August 29, 2022",Unemployed,8622,735,No,N,Pending,2695.68,3456,1,n/a
3711187,00861,06-15-2024,Part-Time,209432,790,No,false,Approved,2959.68,3083,4,"income verified via Plaid"
3712772,01409,07/12/2023,Unemployed,244391,N/A,No,yes,approved,3155.52,3287,1,"Flagged for manual review."
3713065,00613,"August 30, 2020",Student,145499,,No,N,Denied,4299.36,5512,1,"Applicant provided pay stubs."
3715724,00672,"May 08, 2022",Retired,86771,786,No,Yes,Approved,2786.16,3572,5,"Renewal case."
3717587,00081,11/10/2024,Student,59421,741,No,yes,Pending,2487.42,3189,1,"Co-signer pending review."
3718727,00640,12-18-2022,Contract,157253,398,No,true,Denied,3634.56,3786,5,"Flagged for manual review."
3720002,01269,11-18-2024,Full-Time,91814,756,No,N,denied,1857.18,2381,4,"Applicant follow-up needed"
3720179,00726,17/06/2024,Part-Time,17339,628,No,FALSE,Withdrawn,1483.56,1902,4,"Co-signer pending review."
3720479,01257,02-06-2024,Part-Time,221754,716,Yes,N,Approved,974.4,1015,2,"Missing bank statements."
3721613,00652,03-31-2023,Contract,236329,,No,true,Approved,3177.72,3783,1,
3722688,01179,2020-12-29,Self-Employed,109404,695,No,,Approved,5030.22,6449,5,"Flagged for manual review."
3724809,01760,01/30/2020,Unemployed,73983,647,No,yes,Denied,1263,2105,2,n/a
3725960,01472,03/10/2023,Self-Employed,46268,784,No,yes,Approved,4111.8,6853,3,"Applicant provided pay stubs."
3727624,00078,08/16/2020,Part-Time,116494,675,No,No,Pending,1535.82,1969,3,"Flagged for manual review."
3727653,00616,17/03/2024,Full-Time,206329,746,No,false,Approved,4095.3,6205,2,"Referred by agent."
3729018,00781,04/03/2024,Part-Time,101500,696.0,Yes,0,Denied,2597.4,3330,4,"Missing bank statements."
3731568,01793,25/08/2022,Full-Time,18092,681,No,false,Approved,2109.36,3196,3,"Missing bank statements."
3732593,00965,05/06/2023,Full-Time,114316,546,Yes,Yes,Approved,2201.16,2822,3,"Referred by agent."
3733087,00935,07/09/2020,Part-Time,18903,742,No,no,Denied,2391.6,3986,4,"docs expired"
3735981,01127,03-22-2023,Part-Time,107347,752,No,no,Approved,2723.76,3492,1,"Co-signer pending review."
3737319,00923,"February 14, 2020",Full-Time,188025,819,No,No,Denied,2178.6,3631,3,.
3738205,00004,12/19/2020,Retired,138020,748,No,No,Denied,1661.76,1731,2,.
3739279,00378,2024-11-11,Unemployed,147616,496,Yes,yes,Withdrawn,1484.34,1903,3,
3740090,00371,2021-02-27,Full-Time,169104,616,No,no,Pending,1365,2275,1,"Renewal case."
3743792,00121,04/09/2021,Full-Time,37080,684,No,true,Approved,1325.22,1699,3,"Applicant follow-up needed"
3746291,01636,"April 06, 2020",Part-Time,64316,591,No,true,"Under Review",7582.08,11488,1,
3746446,01546,28/12/2021,Student,93326,793,No,yes,Denied,1234.2,1870,2,"Applicant follow-up needed"
3746991,01052,"September 07, 2020",Contract,107286,651,No,TRUE,pending,2085,3475,2,"Renewal case."
3747110,01260,"March 03, 2022",Contract,246828,795,No,TRUE,Approved,2198.04,2818,5,.
3754540,00210,14/05/2022,FT,18257,804,Yes,0,Pending,1910.16,2274,2,
3755681,01281,03-04-2023,Full-Time,171113,483,No,N,Approved,3452.16,3596,1,"income verified via Plaid"
3755795,01240,"February 08, 2022",Student,20342,722,No,false,Withdrawn,4845.12,5047,3,"Flagged for manual review."
3755814,00486,"April 25, 2023",Student,221745,772,No,true,Approved,1537.2,2562,4,"Missing bank statements."
3758600,01247,28/06/2020,Unemployed,32012,655,No,TRUE,Pending,3239.94,4909,2,"docs expired"
3759459,01633,2024-11-10,Student,29803,,Yes,Yes,Denied,1821.6,2760,3,.
3759681,01003,"November 08, 2023",Student,63856,843,No,Y,Approved,6814.08,8736,4,"Renewal case."
3761451,00227,2022-04-06,Unemployed,211073,716,No,TRUE,Withdrawn,778.2,1297,1,.
3764040,00951,09-22-2022,Retired,203563,826,No,Y,Approved,2072.28,2467,1,"income verified via Plaid"
3764061,00524,03-11-2021,FT,207345,347,Yes,FALSE,Denied,2376.66,3601,2,
3764990,01163,28/12/2024,Unemployed,69909,778,No,yes,Denied,1767,2945,2,"Applicant follow-up needed"
3767036,01755,03/06/2023,Contract,97416,443,Yes,Y,Denied,2353.68,2802,1,"Renewal case."
3768818,01008,"June 11, 2021",Student,21230,810,No,yes,Approved,5038.2,8397,3,.
3769125,00400,05/16/2022,Unemployed,32724,372,No,false,denied,4589.52,5884,5,"Missing bank statements."
3769405,00948,07/21/2021,Part-Time,18126,669,No,true,Approved,4190.94,5373,5,"Flagged for manual review."
3770476,01331,03/27/2024,Part-Time,95826,600,No,true,Pending,3395.28,4042,1,"Co-signer pending review."
3770958,00078,12-18-2024,Full-Time,153650,620,No,false,Approved,1653.96,1969,2,
3772214,01531,03/05/2022,Part-Time,73205,700,No,TRUE,Withdrawn,1239,2065,5,"income verified via Plaid"
3778959,00675,06/07/2024,Student,93365,,No,no,Approved,2936.7,3765,4,.
3779085,01544,2024-08-08,Full-Time,238557,782,Yes,,Approved,1185.6,1976,3,
3780567,00085,2021-01-23,Full-Time,220639,721,No,N,Denied,1209,1550,3,"Co-signer pending review."
3781124,00892,18/11/2020,Unemployed,46097,,No,Yes,Approved,2774.52,0,1,"Applicant provided pay stubs."
3782145,00577,02/20/2023,Student,203527,653,No,Y,Denied,1186.8,1978,5,"Missing bank statements."
3784681,00691,04/02/2024,Retired,21357,850,No,,Denied,1952.34,2503,1,"Applicant follow-up needed"
3787056,01411,09/07/2024,Part-Time,249981,606,No,No,Approved,1116.6,1861,3,n/a
3787380,00162,05-23-2021,Contract,192067,793,No,Y,Approved,784.74,1189,1,"Co-signer pending review."
3787589,00432,10/05/2021,Retired,230119,682,No,0,Pending,1758.6,2931,4,"Co-signer pending review."
3789894,01092,2024-03-27,Self-Employed,228588,797,No,TRUE,Approved,6679.68,7952,3,N/A
3790258,00306,10/23/2020,Retired,27024,710,No,TRUE,Approved,1754.28,2658,3,"Referred by agent."
3791613,00712,30/04/2022,Contract,53780,699,No,TRUE,Denied,3436.44,4091,3,"Applicant follow-up needed"
3791715,01287,10/29/2021,Self-Employed,241840,561,No,no,Approved,6330.24,6594,4,.
3793030,00475,16/10/2020,Unemployed,172236,,Yes,N,Approved,1477.8,2463,2,n/a
3794130,00160,01/12/2022,Self-Employed,24090,696,No,FALSE,Denied,1022.4,0,4,"Co-signer pending review."
3795025,01388,12-23-2024,Part-Time,38440,718,No,0,Pending,1085.4,1809,4,"Missing bank statements."
3795133,01430,08/16/2022,Student,252400000,705,No,No,Approved,1130.58,1713,4,"Flagged for manual review."
3797205,01178,01-27-2022,Unemployed,211487,581,No,1,Pending,2262.12,2693,5,"Applicant provided pay stubs."
3797441,01352,2022-04-16,Self-Employed,127252,751,No,true,Denied,1394.58,2113,5,"Co-signer pending review."
3801712,00515,2022-01-15,Student,320422,643,No,,Approved,5619.6,6690,4,"Renewal case."
3802612,00713,15/09/2024,Full-Time,95926,772,No,false,approved,3046.8,5078,4,
3802815,00034,22/06/2024,Self-Employed,213756,685,Yes,true,Pending,859.2,1432,4,"Co-signer pending review."
3803115,00221,2023-09-17,Student,232100000,797,No,yes,Denied,2622.48,3122,2,"Flagged for manual review."
3805211,00235,2022-11-08,Full-Time,56012,682,Yes,TRUE,"Under Review",926.64,1188,4,"docs expired"
3807272,01794,10/15/2022,Student,165000,785,Yes,FALSE,"Under Review",3460.8,5768,5,
3807348,00661,2022-12-02,PT,105013,789,No,true,Denied,4534.92,5814,4,"Co-signer pending review."
3807957,01000,17/08/2022,Full-Time,31507,,No,TRUE,Pending,642,1070,3,"Renewal case."
3808071,00774,"September 06, 2022",Student,18383,671,No,false,Approved,3308.76,3939,3,"docs expired"
3810943,00128,04-20-2020,Retired,244636,,No,FALSE,Approved,6448.68,7677,3,n/a
3811682,00218,2020-05-16,Part-Time,54792,620,Yes,N,Denied,3144.12,3743,4,
3812618,00052,20/04/2021,Full-Time,169962,487,No,TRUE,Denied,2377.8,3963,1,"Renewal case."
3813371,00901,04/29/2023,Part-Time,169385,752.0,No,1,"Under Review",3352.8,5588,1,.
3817327,01539,05-02-2024,Contract,66497,755,No,,Pending,7523.04,0,1,"Applicant follow-up needed"
3821005,00320,16/01/2020,Self-Employed,258917,829,No,Y,Approved,2209.74,2833,1,"income verified via Plaid"
3823397,01262,"June 29, 2022",Self-Employed,22721,,No,true,Approved,5399.16,6922,3,n/a
3823483,00547,02-08-2020,Part-Time,212549,771,Yes,No,approved,2553,4255,1,n/a
3823749,00785,10/04/2024,Contract,206400000,688,No,,Approved,3613.74,4633,3,"Referred by agent."
3824221,00777,"April 21, 2024",Part-Time,99334,,No,no,"Under Review",2289.6,2385,1,"Applicant follow-up needed"
3824880,00489,17/12/2022,Part-Time,156010,583,No,true,Pending,1359.6,2060,2,"docs expired"
3828860,01083,"July 02, 2022",Full-Time,145730,847,No,0,Withdrawn,8983.68,9358,5,n/a
3831128,00824,01-28-2023,Unemployed,243602,335,No,Y,Denied,1611.84,1679,1,"docs expired"
3833267,00977,03-11-2023,Unemployed,53876,810,No,true,"Under Review",3707.52,3862,4,"docs expired"
3833726,00045,2024-07-23,Contract,13762,424,No,false,Pending,2571.24,3061,4,N/A
3835189,00972,10-02-2023,Part-Time,170264,630,No,false,Pending,2111.46,2707,5,"Referred by agent."
3836026,00278,04/28/2024,Unemployed,132858,807,No,false,Approved,3864.12,4954,3,"Referred by agent."
3836871,01305,"November 06, 2020",Self-Employed,252673,584,No,1,Approved,4876.56,6252,4,"Co-signer pending review."
3837800,00141,06/05/2024,Retired,191817,785,No,0,Approved,2384.46,3057,5,"docs expired"
3839365,00588,18/04/2024,Part-Time,200148,582,No,0,Approved,1164,1940,4,N/A
3839967,00905,2024-11-29,Full-Time,173503,759,Yes,false,Approved,5158.14,6613,4,"Renewal case."
3840513,01036,06-08-2024,Contract,120367,797,No,yes,Denied,3145.92,3277,4,
3841182,00261,2020-01-23,Unemployed,175812,726,Yes,Yes,Approved,1640.1,2485,3,"Renewal case."
3842948,00253,2021-02-10,Retired,80036,813,No,no,Denied,2539.68,3848,3,"Referred by agent."
3846190,00567,2020-05-08,Part-Time,146622,705,No,,Approved,1066.8,1778,3,"Flagged for manual review."
3846921,00944,"January 11, 2021",Part-Time,213969,635,No,false,Approved,1046.1,1585,3,
3847006,00659,"April 25, 2023",Unemployed,151752,779,No,Yes,Approved,3784.8,6308,4,"Missing bank statements."
3847616,01500,17/06/2022,Retired,84379,743,No,Y,Denied,3187.86,4087,5,"Missing bank statements."
3847874,01556,"July 09, 2024",Student,59558,467,No,Y,Approved,2142,2550,4,"Referred by agent."
3848096,01662,03-31-2021,Self-Employed,232159,,Yes,yes,Approved,3755.4,6259,4,"Referred by agent."
3848277,00258,04/08/2023,Unemployed,234900,,No,Yes,Approved,1799.82,2727,2,
3849034,01246,2022-12-02,Retired,46744,,Yes,true,Denied,1914.36,2279,4,
3849056,01319,10-18-2024,Unemployed,164683,567,Yes,No,Approved,2568.96,2676,4,"docs expired"
3849857,00818,"April 13, 2021",Unemployed,210201,815,No,Yes,Denied,2419.2,4032,1,"income verified via Plaid"
3851641,01745,08-12-2021,Retired,19817,785,No,1,Denied,5021.94,7609,5,
3851709,01517,06-26-2024,Full-Time,47484,511,No,Yes,Denied,1308.12,1982,5,"docs expired"
3857867,01081,01-23-2024,Full-Time,146884,685,No,TRUE,Pending,3716.46,5631,5,"Applicant provided pay stubs."
3858551,00447,06/06/2024,Retired,161532,776,No,FALSE,"Under Review",3751.8,4810,4,.
3866099,01434,"October 31, 2024",Part-Time,213612,703,No,false,Denied,5473.26,7017,1,"Missing bank statements."
3868425,00625,19/11/2024,Unemployed,157173,608,No,yes,pending,1552.2,2587,5,"Referred by agent."
3870786,01390,11/26/2020,Retired,256821,,Yes,No,"Under Review",1898.4,2260,1,"Applicant follow-up needed"
3873785,01146,2022-04-24,Self-Employed,228696,623,No,Yes,Denied,1228.26,1861,3,.
3876120,01570,10-17-2022,Contract,232809,,No,FALSE,Approved,1485,2250,3,"Missing bank statements."
3876174,00234,07/01/2021,Student,37594,,No,No,Denied,3203.76,3814,2,N/A
3877327,01153,29/01/2024,Full-Time,166129,733,No,false,"Under Review",891,1485,4,"Applicant provided pay stubs."
3878376,00817,23/05/2020,Retired,193014,,No,Y,Withdrawn,2781.6,4636,1,
3879699,00686,14/03/2021,Student,113957,,No,false,Pending,2664.42,4037,4,"Missing bank statements."
3883622,00387,"December 31, 2024",Full-Time,132406,759,No,No,Approved,2230.8,3718,2,
3885433,00293,10/09/2022,Retired,23921,N/A,Yes,,Approved,2372.76,3042,1,"Co-signer pending review."
3885667,00126,25/11/2024,Part-Time,157335,670,Yes,1,Approved,1742.52,2234,5,"docs expired"
3887191,01633,2020-09-11,Part-Time,95000000,759,No,true,Approved,1656,2760,2,"Referred by agent."
3887702,01032,09-21-2022,Self-Employed,49149,666,Yes,FALSE,Denied,2469.6,2940,4,"docs expired"
3889422,01609,,Self-Employed,145440,594,No,0,Approved,4831.68,5752,2,"docs expired"
3891468,01471,12/21/2022,Part-Time,161133,N/A,No,false,Approved,4435.2,4620,4,"Flagged for manual review."
3891707,00952,"January 04, 2021",Contract,150815,849,No,Yes,Denied,932.4,1554,4,
3892102,01393,29/07/2022,Retired,163198,702,No,0,Approved,3985.02,5109,5,"Co-signer pending review."
3892921,00451,06-22-2024,Student,64818,N/A,No,1,Pending,3271.2,5452,2,
3894419,01313,15/05/2020,Contract,177091,589,Yes,,Approved,1544.4,2340,3,
3895477,00013,16/06/2024,Student,205539,785,No,TRUE,Denied,2306.7,0,5,"Co-signer pending review."
3896176,01460,"October 05, 2020",Self-Employed,99534,733,No,true,Approved,2186.34,2803,1,.
3897919,00347,"May 15, 2020",Contract,105881,820,No,0,Approved,1979.34,2999,2,
3898023,00933,06/13/2023,Self-Employed,127957,825,No,Yes,Pending,1653.12,1722,1,"Missing bank statements."
3898765,01698,10-07-2023,Full-Time,26348,798,Yes,,"Under Review",1717.8,2863,4,"Missing bank statements."
3900287,00463,"July 18, 2020",Part-Time,32242,,No,true,Approved,3456,0,4,"income verified via Plaid"
3900584,01528,"April 23, 2022",Part-Time,6878,669,Yes,Y,Withdrawn,3474.9,4455,3,"Flagged for manual review."
3901659,00094,04-09-2023,Contract,198780,653,No,true,Approved,2701.38,4093,2,N/A
3902644,00035,24/09/2022,Part-Time,196746,714,No,No,Approved,1608.6,1915,2,"Referred by agent."
3908203,01483,07-01-2023,Contract,246190,695,No,TRUE,"Under Review",7182.84,8551,1,"docs expired"
3909366,00735,04/12/2024,Part-Time,120223,634,No,false,Approved,2759.04,2874,1,n/a
3918710,01763,2020-12-01,Student,103607,411,Yes,N,Withdrawn,5595.84,5829,1,
3922749,00754,"November 14, 2021",Part-Time,298546,842.0,No,Y,Denied,5411.52,5637,4,"income verified via Plaid"
3923662,01345,28/11/2024,Full-Time,100984,,No,yes,Pending,3296.28,4226,4,n/a
3924889,01729,08/21/2024,Contract,229938,,No,1,Denied,795.84,829,1,"Referred by agent."
3925093,01270,2021-12-07,Student,192288,428,Yes,false,Withdrawn,4475.52,5328,3,
3926910,00640,03-10-2021,Retired,4211,787,No,Yes,Approved,3634.56,3786,2,"Missing bank statements."
3927920,00534,03-05-2024,Contract,184195,780,No,TRUE,Approved,2857.92,2977,3,"income verified via Plaid"
3928588,01500,"August 16, 2022",Contract,33673,677,No,yes,Denied,3923.52,4087,4,"income verified via Plaid"
3931548,00449,,Retired,223610,820,Yes,TRUE,"Under Review",1747.98,2241,2,n/a
3934567,01042,2020-05-26,Unemployed,40541,644,No,,Approved,1543.74,2339,2,"Co-signer pending review."
3935327,01765,"August 20, 2020",Part-Time,63349,812,No,FALSE,Approved,3154.32,4044,1,"income verified via Plaid"
3936707,01177,17/11/2022,Retired,101134,786,No,no,Approved,3689.4,4730,4,"Applicant provided pay stubs."
3938394,00966,07-26-2024,"Self Employed",258267,610,No,no,Pending,3582.6,5971,1,
3939292,01337,12-01-2021,Student,63775,350,No,true,Approved,1584,2400,3,.
3939940,00783,2024-10-12,Full-Time,30398,684,Yes,Yes,Approved,2985.18,4523,2,n/a
3945060,01124,2022-08-14,Full-Time,47800000,769,No,N,Pending,2996.76,3842,4,"Missing bank statements."
3945102,00857,"August 08, 2022",Retired,244200,663,No,FALSE,Denied,1216.02,1559,5,"docs expired"
3946073,01033,23/07/2020,Student,32848,,No,,Denied,1878.36,2846,5,
3946483,00945,08/30/2021,Retired,222421,594,No,true,"Under Review",896.94,1359,3,
3946615,01179,"October 18, 2020",Self-Employed,24069,826,No,true,Approved,5417.16,6449,5,"Applicant provided pay stubs."
3949526,01588,08-04-2023,Part-Time,18133,796,Yes,no,Denied,9196.2,11790,1,n/a
3949780,00309,2020-01-29,Full-Time,262648,,No,1,Approved,3851.52,4012,1,
3951341,01247,06-14-2024,"Self Employed",187359,594,No,0,Approved,4712.64,4909,3,"Missing bank statements."
3955128,00469,04-24-2020,"Self Employed",191606,678,Yes,yes,"Under Review",4565.4,0,5,"Co-signer pending review."
3957297,00518,08/30/2022,Self-Employed,139497,685,Yes,true,Approved,4287.36,4466,1,
3957449,00750,,Self-Employed,160723,587,No,true,Withdrawn,2575.32,3902,3,"docs expired"
3958182,00813,"October 22, 2023",Self-Employed,65862,823,No,No,Withdrawn,2227.2,2320,4,
3959182,01546,,Student,146256,582,Yes,TRUE,Approved,1458.6,1870,1,"Co-signer pending review."
3960647,01656,03/25/2022,Unemployed,103452,759,Yes,,Withdrawn,2208.36,2629,2,n/a
3960999,00338,2022-05-29,Self-Employed,212216,793,No,TRUE,Approved,3331.38,4271,3,N/A
3962172,00521,09/05/2022,Unemployed,123604,737,No,TRUE,Denied,783.72,933,2,"Missing bank statements."
3963603,00727,,Unemployed,174526,695,No,N,Approved,3603.84,3754,4,"Renewal case."
3965035,00131,02/13/2021,Unemployed,35669,644,No,No,Approved,760.2,1267,3,.
3965210,00285,02-01-2021,Retired,70054,637.0,No,FALSE,Approved,3216.96,3351,2,n/a
3965537,00595,2024-08-25,Part-Time,174981,798,No,,Pending,2792.16,3324,1,"docs expired"
3965544,00638,2023-11-10,Part-Time,46375,690,No,false,Approved,1628.76,1939,3,"Flagged for manual review."
3966759,01063,01/10/2020,Retired,13291,771,No,Y,Approved,956.4,1594,2,N/A
3967609,00366,10-09-2021,Self-Employed,201434,835,Yes,no,Approved,2589.84,3924,5,N/A
3967950,01308,2021-09-10,Unemployed,57297,713,No,Y,Denied,3934.32,5044,3,.
3969437,01263,2023-02-07,Part-Time,202869,665,No,yes,Withdrawn,2845.44,2964,2,"Co-signer pending review."
3970347,00366,2021-05-28,Student,156732,767,Yes,N,Denied,2354.4,3924,2,"Applicant provided pay stubs."
3970887,00654,12-24-2023,Student,168260,710,No,yes,Withdrawn,2040.72,3092,2,N/A
3971008,01075,01/03/2020,Full-Time,243984,845,No,TRUE,Denied,2892.12,4382,3,"Co-signer pending review."
3971062,00984,2023-11-16,Student,154430,585,No,Yes,"Under Review",1218.24,1269,5,"Missing bank statements."
3973163,01242,"January 18, 2023",Part-Time,141672,692,Yes,TRUE,Denied,2810.34,3603,3,"Referred by agent."
3974745,00360,"May 28, 2021",Part-Time,247032,809,Yes,Y,Denied,4473,5325,3,
3975102,00819,05/08/2021,Unemployed,183466,693,No,TRUE,"Under Review",2645.4,4409,5,"Applicant follow-up needed"
3975877,00489,06/24/2020,Student,182698,584,No,,"Under Review",1236,2060,2,"Flagged for manual review."
3980741,01738,"October 14, 2020",Unemployed,198952,815,No,no,Denied,1776.6,2115,4,"Missing bank statements."
3983138,00967,2020-10-21,Full-Time,165600000,664,No,,approved,1220.34,1849,5,"docs expired"
3983582,01779,29/05/2020,Full-Time,125262,764,No,TRUE,Denied,1172.34,1503,2,"Flagged for manual review."
3984209,00140,08-24-2024,Self-Employed,20604,756,No,TRUE,Approved,1049.16,1249,1,.
3985620,01660,01/18/2022,Retired,241630,826,No,no,Denied,966.9,1465,5,"Co-signer pending review."
3986329,00018,10/27/2021,Full-Time,179488,699,No,false,Pending,2081.82,2669,3,"Flagged for manual review."
3989515,00419,11-09-2021,Retired,97134,508,No,No,Pending,1269.84,1924,3,"Referred by agent."
3989562,01002,17/11/2021,Full-Time,180907,618,Yes,true,Approved,6982.92,8313,4,"docs expired"
3990508,00137,,Part-Time,45914,786,Yes,N,Approved,1553.76,1992,3,"Flagged for manual review."
3991467,00114,16/02/2024,Student,177893,722,No,false,Denied,2281.92,2377,1,"Missing bank statements."
3992087,00211,05-17-2021,FT,220492,607,No,,"Under Review",939.84,1424,5,"Flagged for manual review."
3992441,00525,15/02/2020,Contract,297395,731,No,no,approved,2102.4,2190,4,"Applicant follow-up needed"
3992691,01750,26/11/2022,Full-Time,28746,673,No,FALSE,Denied,6156.48,9328,3,
3995605,00605,12/04/2023,Student,159762,754,No,TRUE,Denied,1943.76,2314,5,"Missing bank statements."
3996309,01542,"February 17, 2021",Retired,129116,331,No,Y,Approved,699.72,833,3,"docs expired"
3998511,00108,"August 20, 2024",Unemployed,90730,,Yes,No,Approved,1264.38,1621,2,"Referred by agent."
3998726,01135,"October 11, 2020",Student,203690,535,Yes,Y,Pending,2572.8,2680,4,"income verified via Plaid"
3998950,00308,"July 15, 2024",Student,180466,N/A,Yes,no,Denied,2631,4385,3,"income verified via Plaid"
4000156,00106,07/01/2021,Student,202553,684,No,No,Withdrawn,2857.8,4330,5,"Applicant provided pay stubs."
4001332,00441,"April 12, 2021",Retired,233500000,684,Yes,Yes,Denied,3365.4,5609,1,N/A
4001416,00085,09-13-2023,Full-Time,68301,825,No,0,Denied,1023,1550,3,n/a
4003552,00115,08/28/2021,Unemployed,185106,430,No,Yes,Denied,3727.62,4779,4,"Missing bank statements."
4003860,01199,20/12/2024,Student,162086,722,No,yes,Denied,2569.38,3893,3,N/A
4004022,00749,2020-05-25,Unemployed,223277,646,Yes,Yes,Approved,1656.6,2761,2,"Missing bank statements."
4005795,00380,10/06/2024,Student,249905,647,No,Y,Withdrawn,4063.8,5210,3,"Renewal case."
4006293,00671,02/08/2021,Student,62056,603,No,,Approved,2353.68,2802,3,"Applicant follow-up needed"
4006381,00669,10-26-2023,Retired,75433,524,No,,Withdrawn,627.12,804,5,n/a
4006628,00604,"October 03, 2022",Full-Time,64480,648,Yes,,Denied,2306.7,3495,2,"Applicant follow-up needed"
4006716,00004,09-20-2021,Contract,240571,,No,true,Pending,1350.18,1731,4,
4007986,01611,08-09-2021,Part-Time,23314,,No,TRUE,Denied,5285.76,5506,4,"Applicant provided pay stubs."
4008186,00365,2024-12-14,Contract,68884,814,No,yes,Denied,1847.82,2369,3,"Applicant follow-up needed"
4008476,00039,,Self-Employed,221917,740,No,no,Approved,2574.78,3301,3,"Applicant provided pay stubs."
4010052,00046,03/06/2021,Retired,182237,694,No,false,Approved,2226.24,2319,2,.
4010177,00891,20/08/2022,Part-Time,180199,454,Yes,N,Denied,5007.36,5216,4,"Missing bank statements."
4011095,00203,08-02-2024,Unemployed,183852,606,No,0,Denied,2111.04,2199,4,"docs expired"
4011460,01176,12/26/2024,Full-Time,148863,693,No,No,Denied,1193.28,1808,2,"Referred by agent."
4011739,01189,11-03-2024,Part-Time,171523,,Yes,no,Approved,2567.4,4279,4,"Missing bank statements."
4012051,00380,"February 01, 2020",Retired,178384,747,No,Yes,Denied,3438.6,5210,1,"Applicant follow-up needed"
4012196,01104,04/19/2020,Self-Employed,244708,615,Yes,N,Withdrawn,3087.84,3676,4,"Renewal case."
4012566,01211,22/09/2020,Unemployed,192854,671,No,N,Denied,1045.8,1743,5,"Flagged for manual review."
4013271,01521,2022-09-21,Unemployed,294829,N/A,No,,Denied,3311.28,3942,5,"docs expired"
4013320,00614,05-19-2023,Self-Employed,240399,,No,false,Pending,3871.56,4609,3,n/a
4015617,00762,2023-10-16,Retired,23639,,No,,Approved,1038.18,1331,4,.
4017401,01109,08-15-2024,Contract,25014,690,No,0,Withdrawn,5953.08,7087,3,"Flagged for manual review."
4019044,00480,2022-07-01,Retired,71302,729,No,No,Approved,3763.2,4480,4,N/A
4022163,01537,07-19-2020,Full-Time,90968,707,No,yes,Approved,2100.6,3501,4,"Co-signer pending review."
4023266,00550,2023-12-12,Contract,24804,771,Yes,false,"Under Review",1418.4,2364,5,N/A
4023550,01398,01/27/2020,Self-Employed,132761,847,No,No,Approved,1928.52,2922,5,"income verified via Plaid"
4025365,00465,"December 24, 2021",Self-Employed,169167,584,No,,Approved,1135.8,1893,3,n/a
4025888,00093,2024-10-31,Unemployed,87524,761,Yes,no,Denied,5003.88,0,5,"Referred by agent."
4027347,01672,06/30/2020,Student,91591,604,No,no,Withdrawn,2632.56,3134,3,N/A
4027466,01353,"January 22, 2022","Self Employed",80323,N/A,No,N,Approved,817.32,973,1,N/A
4028926,01411,03/28/2022,Contract,170657,612,No,no,Approved,1116.6,1861,2,"Referred by agent."
4030441,00264,11/03/2024,Self-Employed,312059,,Yes,0,Denied,1104.48,1416,4,
4041527,00254,2022-08-22,Part-Time,13983,734,No,no,Denied,2161.2,3602,1,"Missing bank statements."
4041647,01015,02-16-2024,Part-Time,143400000,737,No,1,Denied,4793.04,5706,5,"docs expired"
4042211,00745,07-22-2022,Contract,227499,697.0,No,yes,denied,5024.64,5234,3,"Co-signer pending review."
4044930,01530,2023-03-31,Unemployed,205891,706,No,FALSE,Pending,6328.14,0,2,"Renewal case."
4047516,01696,"October 24, 2020",Self-Employed,153185,N/A,Yes,1,Pending,1333.8,2223,4,"Applicant provided pay stubs."
4050051,00127,10/18/2024,Full-Time,139586,706,Yes,true,Denied,1241.28,1293,1,
4052031,00355,"November 14, 2024",Part-Time,217102,684,No,0,Denied,4851.6,8086,5,N/A
4052909,01757,07-05-2022,Self-Employed,78679,644,No,N,Approved,2662.92,3414,1,"Missing bank statements."
4054232,00682,2021-09-21,Self-Employed,106672,625,Yes,1,Approved,6602.88,6878,2,"Co-signer pending review."
4055676,01226,03/04/2022,Part-Time,181870,586,No,0,Denied,4333.56,5159,5,
4057092,01601,2020-12-25,Contract,31555,496,No,yes,Pending,1822.86,2337,2,"Applicant provided pay stubs."
4057099,01130,"July 19, 2024",Unemployed,244034,N/A,No,FALSE,Withdrawn,3369.6,5616,2,"docs expired"
4058091,01448,06-09-2023,Unemployed,60359,,No,Y,Approved,2249.52,2884,2,"Applicant provided pay stubs."
4058908,01117,19/11/2020,Full-Time,196908,773,No,Y,Denied,2138.4,3240,4,"Co-signer pending review."
4062308,01600,2020-12-03,Self-Employed,113697,,No,,Approved,1993.32,2373,4,.
4063560,01047,12/08/2023,Part-Time,142537,723,No,yes,approved,1460.94,1873,3,"Missing bank statements."
4063907,01778,"April 08, 2023",Self-Employed,24522,694,No,N,Approved,3659.04,4356,5,"Co-signer pending review."
4064621,01365,09-08-2022,Self-Employed,123587,300.0,No,false,Pending,3848.04,4581,1,"Renewal case."
4065118,00367,08-11-2022,Self-Employed,115581,,No,true,Approved,1945.92,2027,1,"Co-signer pending review."
4065891,01728,2023-07-04,FT,139392,651,Yes,false,Pending,6202.56,7384,1,"Co-signer pending review."
4066511,00549,18/03/2023,Student,29815,736,No,N,"Under Review",2315.04,2968,3,"Applicant follow-up needed"
4066737,01426,,Part-Time,90801,N/A,No,FALSE,Denied,5562.96,7132,4,"Referred by agent."
4067880,00681,01/07/2020,Student,318389,744,Yes,TRUE,Approved,4498.56,4686,5,"Missing bank statements."
4072797,00529,"December 28, 2020",Unemployed,13677,774,Yes,N,Approved,3611.52,3762,3,"Applicant follow-up needed"
4073882,00984,2023-03-18,Unemployed,134800,675,No,N,denied,1218.24,1269,5,
4074274,00875,2020-05-09,Self-Employed,82447,N/A,No,N,Denied,4582.2,5455,3,"income verified via Plaid"
4075435,01529,2021-11-11,Part-Time,206709,822,No,Y,Pending,3823.68,4552,1,.
4075726,00710,08-18-2024,Contract,167445,729,No,No,Approved,1297.92,1352,3,n/a
4076658,01554,11/09/2023,Contract,20610,702,No,TRUE,Approved,1039.08,1237,2,"Flagged for manual review."
4076791,01159,09-19-2022,Full-Time,114221,821,Yes,0,Approved,2139.06,3241,3,.
4080981,01540,2022-11-20,Self-Employed,211901,,Yes,yes,Denied,3137.28,3268,3,.
4085304,01345,20/05/2020,Retired,144092,801.0,No,0,Approved,3549.84,4226,5,"Missing bank statements."
4085694,00733,,Full-Time,237030,584,No,no,Approved,1224.6,1570,2,"Applicant follow-up needed"
4086222,00963,09/07/2022,Student,117903,791,No,No,Pending,832.32,867,2,"Flagged for manual review."
4089385,01675,2021-05-26,Retired,248700000,836,No,1,Withdrawn,1668.24,1986,4,N/A
4090445,01099,26/10/2020,Part-Time,41525,784,No,true,Withdrawn,1846.02,0,2,"Flagged for manual review."
4090652,01728,2023-03-06,Part-Time,131146,683,No,FALSE,Approved,4430.4,7384,3,"docs expired"
4090895,01358,2020-07-06,Unemployed,182200000,747,Yes,TRUE,Approved,3312.12,3943,2,n/a
4091296,00881,03/05/2022,Unemployed,192556,668,No,yes,Approved,4795.2,7992,1,"Referred by agent."
4091853,01779,18/02/2021,Contract,127224,384,No,TRUE,Denied,1262.52,1503,3,N/A
4095490,01534,"April 16, 2020",Contract,35748,816,No,FALSE,Approved,1308.72,1558,3,
4095554,00085,08/01/2020,Part-Time,175819,691,Yes,0,Withdrawn,930,1550,1,.
4096060,01259,2024-06-20,Contract,105435,N/A,No,Y,Approved,7803.84,11824,1,"Missing bank statements."
4097928,01102,2023-03-27,Student,215872,686,No,no,Pending,1963.92,2338,4,"Referred by agent."
4099958,00272,,Part-Time,159227,615,No,true,Denied,897.6,1360,5,N/A
4100573,00795,"August 16, 2024",Student,74826,674,No,FALSE,Pending,1015.08,1538,2,
4100608,00904,07/25/2024,Contract,126633,635,No,1,Pending,2224.2,3707,2,"Applicant follow-up needed"
4101914,01584,11-20-2023,Contract,148907,729,No,true,Approved,1235.52,1872,1,
4102255,00769,11/30/2024,Retired,236380,582,No,true,Approved,5510.4,5740,1,"Applicant follow-up needed"
4105938,00275,2022-03-06,Self-Employed,313682,704,No,TRUE,Approved,1310.4,1680,4,"Referred by agent."
4107651,01345,26/02/2021,Full-Time,166509,739,No,true,Denied,2535.6,4226,2,"docs expired"
4107978,00813,"May 07, 2020",Unemployed,119703,,No,No,Denied,2227.2,2320,4,"Renewal case."
4109443,01724,09-29-2020,Part-Time,237054,466,Yes,,Pending,568.26,861,4,.
4111972,00202,09-20-2023,Self-Employed,156916,693,No,FALSE,Approved,5097.84,7724,4,"Applicant follow-up needed"
4115822,01171,09-03-2022,Self-Employed,188330,749,No,No,Withdrawn,1718.34,2203,5,"Applicant follow-up needed"
4116620,00033,"September 18, 2024",Contract,175124,785,No,Yes,Withdrawn,1065.6,1110,3,"Missing bank statements."
4117653,01415,01/12/2024,Self-Employed,215970,301,Yes,,Approved,2205,3675,1,n/a
4118756,00410,13/11/2020,Part-Time,158578,755.0,No,no,"Under Review",1140.48,1188,4,"Applicant provided pay stubs."
4121708,00032,10/07/2021,Full-Time,34275,743,No,TRUE,"Under Review",1003.08,1286,3,
4122164,01717,09-21-2021,Full-Time,243165,577,No,0,approved,4015.68,0,2,"Co-signer pending review."
4122757,00072,2023-12-16,Retired,84359,683,No,false,Approved,3011.52,3137,5,"Referred by agent."
4125806,00752,2024-10-26,Retired,130515,664,No,,Approved,2683.98,3441,4,"Flagged for manual review."
4127463,00435,15/02/2021,Unemployed,62622,810,No,Y,"Under Review",1038.6,1731,2,"Missing bank statements."
4129671,01689,"December 18, 2024",Retired,306246,711,No,Y,Denied,4645.8,7743,3,"Flagged for manual review."
4130766,01762,"March 19, 2023",Student,52143,753,No,FALSE,Denied,1688.28,2558,4,
4132619,00172,"January 15, 2021",Student,148190,445,Yes,true,Approved,3564.12,4243,3,"income verified via Plaid"
4133138,01271,2023-04-28,Part-Time,94000000,773,No,true,Denied,4272,4450,2,"Missing bank statements."
4139131,00841,26/12/2020,Self-Employed,144603,618,Yes,true,Approved,1976.04,2994,5,"income verified via Plaid"
4140014,00438,12-30-2021,Full-Time,246901,677.0,No,0,Pending,3206.4,3340,2,N/A
4142051,00472,"November 04, 2023","Self Employed",139620,825,No,1,Denied,1560.96,1626,1,"income verified via Plaid"
4143087,00085,08/06/2023,Contract,119318,584,Yes,Yes,Denied,930,1550,1,"Missing bank statements."
4143334,00267,05-07-2022,Student,46332,749,No,false,Pending,4439.4,7399,1,"Missing bank statements."
4147222,01075,07/18/2024,Self-Employed,132169,458,No,no,approved,2629.2,4382,4,.
4149143,00181,01-08-2022,Retired,125970,569,No,no,Denied,546.6,911,2,"Applicant follow-up needed"
4149620,00487,"November 03, 2020",Unemployed,122742,723,No,0,Approved,1593.24,2414,3,
4150107,01413,20/01/2024,Student,42250,713,Yes,FALSE,Pending,2150.46,2757,2,"Missing bank statements."
4151067,01143,03/29/2024,Self-Employed,23145,728,Yes,TRUE,Approved,1648.68,2498,4,"Applicant provided pay stubs."
4154785,00305,08-14-2024,Contract,36314,,Yes,N,Pending,6042.96,7194,1,
4155143,00642,08/01/2023,Unemployed,130900000,793,Yes,No,Approved,560.34,849,3,"income verified via Plaid"
4155183,00130,02/25/2020,Unemployed,207336,789,Yes,true,Denied,2788.8,0,5,.
4156976,00656,2022-04-25,PT,230418,747,No,false,Approved,3054,5090,1,"Missing bank statements."
4162133,01757,"August 30, 2024",PT,190008,,No,yes,Approved,2253.24,3414,1,"Flagged for manual review."
4162735,00047,01/06/2021,Student,190860,739,No,TRUE,Approved,4241.64,5438,5,"docs expired"
4164111,01257,"March 12, 2021",Retired,75025,581,No,false,Denied,669.9,1015,2,"Renewal case."
4164871,00384,08/23/2023,Student,165889,761,No,TRUE,Denied,5351.64,6371,5,"income verified via Plaid"
4165729,00864,,Student,53682,764,No,0,Denied,5547.96,8406,3,"docs expired"
4165777,01529,02/01/2024,Unemployed,114172,667,No,FALSE,Approved,3004.32,4552,2,"Referred by agent."
4167995,01156,2023-08-17,Self-Employed,5946,809,No,FALSE,Denied,4825.92,5027,1,
4170836,00339,"April 15, 2023",Full-Time,211805,639,No,false,Approved,7098,9100,4,"Applicant provided pay stubs."
4171355,01468,2021-05-09,Part-Time,190732,807,No,Y,Pending,2147.88,2557,4,
4172709,01709,,PT,48098,755,No,N,Pending,1267.2,1320,4,"Missing bank statements."
4173773,01693,2020-01-09,Full-Time,74852,798,No,N,Approved,1734.72,1807,3,"Flagged for manual review."
4175256,00374,2021-06-11,PT,218955,830,No,1,Denied,2145.6,2235,2,.
4176925,00852,,Unemployed,110756,677,Yes,yes,Denied,840.84,1078,1,.
4177590,00057,09/24/2022,Retired,192359,618,No,Yes,Approved,5987.52,6237,3,
4178377,00849,2023-10-23,Unemployed,133587,770,No,Yes,Approved,1335,0,4,"Applicant follow-up needed"
4179305,01734,04-24-2023,Retired,203864,671,No,Yes,Withdrawn,1861.8,3103,4,"income verified via Plaid"
4180532,00732,26/08/2020,Self-Employed,164644,648,Yes,false,Pending,3049.2,3630,3,"Applicant follow-up needed"
4180765,00913,"August 31, 2020",Unemployed,151611,603,No,,Pending,836.16,871,4,
4181211,01182,2023-03-24,Unemployed,220603,683,No,false,Denied,4110.96,4894,3,n/a
4182801,00461,10/17/2020,Part-Time,96318,737,No,TRUE,Denied,1559.22,1999,4,"Referred by agent."
4184899,00349,2023-03-01,Unemployed,135728,403,No,TRUE,Approved,2247.36,2341,2,
4185122,01574,2023-05-03,Contract,60469,737,Yes,Yes,Approved,1201.92,1252,1,
4190883,01203,30/06/2022,Contract,291866,719,No,1,Pending,1678.32,1998,2,.
4193475,00338,03/09/2022,Student,121623,605,Yes,No,Denied,2562.6,4271,5,
4195167,01597,,Contract,107390,801,No,no,Pending,1556.88,0,5,"Missing bank statements."
4195253,00824,29/08/2023,Unemployed,209316,,Yes,N,Withdrawn,1611.84,1679,1,N/A
4195571,00610,"September 02, 2020",Self-Employed,77996,720,No,TRUE,Denied,1687.92,2164,2,"Referred by agent."
4198299,01203,,"Self Employed",13575,838,No,Yes,Denied,1318.68,1998,3,"docs expired"
4198932,01263,01/03/2023,FT,180928,N/A,No,N,Approved,1778.4,2964,1,.
4199119,01692,"November 18, 2023",Self-Employed,237143,790,No,yes,Denied,4427.52,4612,2,.
4201998,00389,12-02-2024,Full-Time,68073,786,No,N,"Under Review",3802.92,5762,4,"Renewal case."
4202435,00046,"September 11, 2022",Self-Employed,78218,618,Yes,1,Denied,1391.4,2319,1,"Applicant follow-up needed"
4202647,01555,07-31-2021,Self-Employed,173359,635,No,,Approved,772.2,990,4,"Missing bank statements."
4204790,00216,06/06/2021,Part-Time,50668,305,No,Yes,Pending,1619.52,1687,5,.
4205070,01611,2023-12-26,"Self Employed",57756,,No,0,Approved,5285.76,5506,3,
4209589,00921,25/09/2023,Student,238501,724,No,yes,Denied,666,1110,2,"Missing bank statements."
4210918,00642,,Student,158283,760,No,Yes,Approved,662.22,849,3,"income verified via Plaid"
4211149,00389,12/02/2024,Part-Time,26560,765,No,yes,Pending,4494.36,5762,4,n/a
4211384,01071,01-14-2024,Part-Time,221306,761,No,,Approved,2677.74,3433,3,"Co-signer pending review."
4211599,00730,02-20-2024,Full-Time,85938,687,No,no,Denied,834.12,993,4,n/a
4212312,01391,2020-04-21,Full-Time,129999,,No,1,Approved,1633.8,1945,3,"Missing bank statements."
4212425,00915,05/27/2023,Student,132140,758,No,no,Approved,4241.28,4418,2,"Applicant follow-up needed"
4215112,01164,08-31-2021,Contract,236566,805,No,false,Pending,2693.34,3453,1,"Applicant follow-up needed"
4215866,01231,"May 26, 2024",Part-Time,95943,675.0,No,Yes,Denied,2231.46,3381,1,"Applicant follow-up needed"
4216175,00693,06/15/2020,Full-Time,314823,842,No,,Pending,2152.8,3588,1,
4217129,00545,11/30/2023,Contract,168433,845,No,yes,"Under Review",2066.4,3444,2,.
4219922,00142,28/01/2023,Self-Employed,173800,673,No,N,"Under Review",3211.26,4117,5,"docs expired"
4220848,00052,03-29-2021,Self-Employed,51636,743,No,false,denied,2377.8,3963,2,"Flagged for manual review."
4221643,01355,"May 24, 2020",Retired,248303,760,Yes,true,Pending,4347,5175,4,"Referred by agent."
4223128,00309,09-20-2022,Student,186243,798,Yes,,Approved,3129.36,4012,3,"Co-signer pending review."
4226344,01396,10/06/2021,Contract,19917,675,No,FALSE,Pending,2647.68,3152,5,n/a
4230589,01027,08/08/2024,Unemployed,30624,797,No,N,Denied,2206.8,3678,5,"Renewal case."
4231800,00126,2023-03-21,Retired,139898,808,No,N,Denied,1340.4,2234,1,"Missing bank statements."
4231992,00097,"January 24, 2024",Retired,64538,703,No,0,approved,973.8,1623,4,n/a
4232179,00055,,Retired,78111,773,Yes,Y,Approved,1520.4,1810,3,.
4235010,00051,"December 19, 2022",Self-Employed,82902,665.0,Yes,Y,Approved,2396.16,2496,3,
4235079,00861,05-29-2023,Contract,88271,846,No,yes,Denied,2589.72,3083,5,"Flagged for manual review."
4238406,01073,01/12/2021,Part-Time,172465,433,Yes,Yes,Approved,1112.16,1324,3,"Referred by agent."
4239992,01591,03-29-2021,Student,134620,,No,N,Approved,5683.08,7286,4,"Missing bank statements."
4240103,00247,09-28-2021,Full-Time,19845,782,No,No,Denied,1303.68,1358,2,"Referred by agent."
4245813,01207,04/13/2024,Student,149180,781,No,,Pending,3138.24,3269,1,"Referred by agent."
4246083,00845,2023-07-08,Self-Employed,197253,605.0,No,0,Approved,4662.84,5978,3,n/a
4246354,00201,30/11/2020,Student,21394,683,No,No,Approved,1895.4,2430,3,"Renewal case."
4248949,00835,08/11/2021,Self-Employed,39333,708.0,No,TRUE,Approved,1792.2,2987,2,N/A
4250668,00479,01-23-2023,Full-Time,239193,772,No,1,"Under Review",5366.4,6880,5,"Co-signer pending review."
4254127,00133,14/05/2021,Full-Time,7160,688,No,yes,Approved,3067.2,3195,2,"Applicant follow-up needed"
4255954,00350,10/02/2024,Contract,134252,764,No,false,Approved,7591.32,11502,2,"Applicant provided pay stubs."
4256613,00356,13/12/2024,Retired,216094,643,Yes,0,Approved,4721.64,7154,3,"Missing bank statements."
4257162,01653,2022-11-20,Part-Time,212936,779,No,N,Denied,1282.38,1943,4,"income verified via Plaid"
4257519,00244,01/02/2021,Full-Time,2669,751,No,false,Approved,1545.6,1840,2,"Applicant follow-up needed"
4257920,00437,03/21/2024,Unemployed,110938,688,No,false,Denied,2297.4,2735,2,"Co-signer pending review."
4258663,00739,11-02-2022,Contract,225076,727,No,0,Approved,2468.7,3165,2,"Flagged for manual review."
4258790,00046,18/03/2023,Part-Time,179010,595,No,yes,Approved,1947.96,2319,5,"Renewal case."
4260709,00169,2022-04-06,Self-Employed,235504,739,No,TRUE,Approved,3182.4,4080,3,"Missing bank statements."
4261696,01221,03/30/2020,Unemployed,186713,599,No,FALSE,Approved,5055.96,6019,5,n/a
4264905,00903,02/03/2021,Unemployed,110165,635,No,TRUE,Pending,2654.4,4424,5,N/A
4265916,01569,"January 16, 2024",Unemployed,128211,N/A,No,No,Pending,993.3,1505,2,"Referred by agent."
4266935,01795,2020-09-28,Student,229888,635,No,0,Pending,5453.28,6492,3,"Co-signer pending review."
4267921,01282,25/11/2024,Unemployed,56752,770,No,TRUE,Withdrawn,1796.76,2139,2,"Applicant provided pay stubs."
4269895,01456,09-17-2023,Self-Employed,76731,824,No,Yes,Pending,3237.3,4905,2,N/A
4270508,01798,23/04/2021,Part-Time,27882,773,Yes,No,Pending,4156.8,6928,5,"Referred by agent."
4272804,00607,"June 01, 2023",Full-Time,59473,,No,No,"Under Review",697.2,1162,5,"Co-signer pending review."
4273886,00030,01-17-2024,Full-Time,108874,784.0,No,0,Approved,2604.84,3101,2,"Applicant provided pay stubs."
4274285,00407,08/01/2020,Part-Time,240173,748,No,true,Approved,1097.46,1407,3,"Flagged for manual review."
4276713,01153,08-30-2024,Full-Time,145000000,384.0,No,no,"Under Review",891,1485,5,
4278767,01464,22/02/2021,Student,39414,706,No,Y,Pending,3150,3750,1,"Applicant follow-up needed"
4278827,00444,11-30-2024,Contract,61049,585,No,N,Approved,2880.96,3001,3,N/A
4280245,01561,2020-09-08,Full-Time,213970,844,No,0,Pending,2718.24,3236,4,"Renewal case."
4285865,00245,"February 26, 2022",Full-Time,238901,794,No,,Denied,1983.6,3306,1,"income verified via Plaid"
4286739,00304,10/11/2020,Retired,126051,672,Yes,false,Pending,1626.3,2085,4,"Missing bank statements."
4287554,01616,2021-11-28,Contract,130611,698,No,Yes,Denied,4248.72,5058,3,"income verified via Plaid"
4287723,00468,2020-10-18,Self-Employed,79363,833,No,1,Approved,1857.6,3096,1,n/a
4288321,01667,22/06/2022,Student,127352,811,No,,approved,4618.56,4811,5,n/a
4289346,00577,"September 08, 2023",Student,64144,,No,FALSE,denied,1542.84,1978,1,"docs expired"
4289857,01009,"November 20, 2021",Retired,131596,,No,No,Approved,2785.92,2902,4,"income verified via Plaid"
4291261,01042,"December 02, 2022",Part-Time,218701,760,No,Yes,Denied,1403.4,2339,2,n/a
4291481,01061,04-28-2023,Part-Time,97794,715,No,1,Approved,2673.84,3428,1,"docs expired"
4291992,01754,"July 16, 2022",Self-Employed,157241,590,No,TRUE,"Under Review",3734.64,4788,5,"Renewal case."
4293837,01663,"January 29, 2020",Self-Employed,37575,782,No,FALSE,denied,1862.28,2217,1,n/a
4295198,01517,2021-11-14,Contract,187356,734,No,TRUE,Denied,1189.2,1982,2,"Referred by agent."
4296975,01504,11-19-2021,Unemployed,138690,,No,Yes,Withdrawn,7588.8,7905,2,"docs expired"
4297657,00984,2022-03-08,Full-Time,216215,301,No,FALSE,Denied,761.4,1269,4,
4300438,00017,16/05/2023,Full-Time,61255,784,Yes,,Approved,2089.56,3166,2,"Applicant provided pay stubs."
4301133,00933,26/07/2024,Full-Time,109935,,No,,Approved,1033.2,1722,4,"Renewal case."
4301985,01184,10/08/2022,Contract,89200000,587,No,1,"Under Review",7493.76,7806,1,N/A
4302615,00780,2020-03-05,Unemployed,53601,605,No,1,"Under Review",3089.28,3218,2,"Applicant follow-up needed"
4303015,01552,2020-08-17,Unemployed,84467,781,No,false,"Under Review",711.48,847,5,N/A
4304740,01444,"September 18, 2024",Student,186572,341,No,no,"Under Review",1072.5,1375,5,"Flagged for manual review."
4305591,01599,"September 02, 2022",Student,319079,799,No,Yes,Withdrawn,2759.4,3285,4,"Applicant provided pay stubs."
4306173,00817,29/08/2020,Student,249426,780,No,no,Approved,3059.76,4636,1,n/a
4306590,01418,"March 14, 2024",Full-Time,36485,621,No,Y,Approved,1912.8,3188,5,"Missing bank statements."
4308067,00620,"April 25, 2023",Self-Employed,191575,344,No,yes,Pending,2035.8,2610,4,"Co-signer pending review."
4308832,01787,05/11/2024,Retired,153299,N/A,No,Y,"Under Review",2825.76,3364,4,N/A
4309618,00787,"June 28, 2021",Contract,188122,834,No,no,Approved,1779.84,1854,4,"Renewal case."
4309636,00313,"March 06, 2024",Student,49179,796,No,TRUE,Pending,2502.72,2607,3,"income verified via Plaid"
4311725,01080,10/04/2022,Unemployed,128300000,681,No,No,Denied,3856.32,4017,5,"Missing bank statements."
4313991,00336,02/05/2024,Student,111753,677,No,Yes,Withdrawn,1279.8,2133,1,
4314976,01166,06/06/2023,Contract,157819,786,No,true,Denied,1271.16,1926,2,n/a
4315995,01709,11/10/2021,Part-Time,114077,693,Yes,,Denied,871.2,1320,3,N/A
4316542,00650,"February 27, 2020",Self-Employed,48003,631,No,,Pending,1491,1775,2,"docs expired"
4317415,00294,"May 13, 2021",Part-Time,97352,692,No,1,"Under Review",2040,3400,5,"Applicant provided pay stubs."
4320975,00002,09/18/2020,Self-Employed,208735,374,No,Yes,Pending,2957.76,3081,3,"Renewal case."
4323368,01352,2020-05-13,Contract,81117,790.0,No,TRUE,Approved,1648.14,2113,1,N/A
4323709,00265,06-08-2022,Unemployed,137796,681,No,Y,Approved,1333.08,1587,1,n/a
4324256,00895,21/07/2022,Part-Time,155315,,No,Y,Approved,1600.5,2425,3,"Flagged for manual review."
4325561,01785,19/07/2021,Self-Employed,155374,588,No,1,Pending,3650.46,5531,3,"docs expired"
4325881,01130,25/12/2023,Unemployed,111968,606,No,Y,Denied,4717.44,5616,5,"Applicant follow-up needed"
4326218,00930,"October 22, 2021",Student,229299,752,No,1,Approved,2392.8,3988,1,"docs expired"
4326603,00311,"January 10, 2024",Retired,215429,781,No,No,Approved,1644.6,2741,5,"Applicant follow-up needed"
4329586,01147,02/05/2024,Student,125529,,Yes,0,"Under Review",1275.84,1329,5,.
4330422,00368,"May 11, 2020",Student,113916,769,No,yes,Approved,976.8,1628,3,"Renewal case."
4332272,01186,"October 24, 2022",Unemployed,34079,686,No,0,Approved,3361.8,5603,1,
4334437,00924,03-18-2021,Part-Time,217238,817,No,No,Approved,722.7,1095,2,"Missing bank statements."
4334902,00227,"July 06, 2024",Unemployed,155651,805,No,,Withdrawn,1089.48,1297,5,
4335017,00302,"August 31, 2024",Contract,197679,,Yes,true,Denied,2592,2700,3,"docs expired"
4335591,01291,01/30/2020,Full-Time,97447,670,No,TRUE,Approved,1743.06,2641,1,"Applicant follow-up needed"
4339093,00204,12-04-2023,Retired,245785,690,No,,Denied,1054.56,1352,2,"Referred by agent."
4339157,00671,2020-03-04,Unemployed,74696,656,No,,Approved,2689.92,2802,1,"Co-signer pending review."
4340162,00905,04/11/2020,Retired,68268,721,No,false,Approved,5158.14,6613,3,
4340492,01342,09/13/2020,Part-Time,113446,724,No,TRUE,Approved,3475.68,4456,5,"Applicant follow-up needed"
4341136,01422,"March 02, 2023",Self-Employed,158244,666,No,,Approved,2176.32,2267,2,n/a
4342941,01781,2022-03-14,Retired,213540,611,No,true,Approved,1407.6,2346,3,N/A
4344163,01194,2021-07-08,Retired,58815,,No,yes,Denied,1756.2,2927,2,.
4344502,01125,2020-04-27,Full-Time,123045,679,No,,Withdrawn,1171.5,1775,5,"Flagged for manual review."
4345068,01628,03/13/2022,Contract,170544,730,No,yes,Pending,3530.4,5884,2,.
4348552,00036,02-02-2022,Full-Time,54430,546,No,Yes,Approved,3685.44,3839,3,"income verified via Plaid"
4348715,01455,"September 22, 2024",Full-Time,177991,837,No,FALSE,Pending,8070.72,8407,5,
4348986,00726,10/09/2022,Full-Time,199619,682,No,Y,Approved,1141.2,1902,4,
4350673,01102,04-20-2024,Unemployed,206469,786,No,,Withdrawn,2244.48,2338,3,"Applicant provided pay stubs."
4352729,00401,"December 17, 2020",Self-Employed,298864,644,Yes,TRUE,Denied,5073.9,6505,4,"docs expired"
4355372,00965,,Unemployed,230566,752,No,false,Pending,1693.2,2822,2,N/A
4357747,01124,11-05-2022,Self-Employed,238933,678,No,no,"Under Review",3227.28,0,3,"Missing bank statements."
4359770,00071,01/21/2021,Self-Employed,33628,402,No,no,Withdrawn,3480,3625,4,"Missing bank statements."
4362032,01109,"August 24, 2020",Retired,97728,786,No,1,Denied,6803.52,7087,2,"Missing bank statements."
4362341,01593,29/06/2022,Full-Time,194401,689,No,1,Approved,5112.96,5326,5,.
4365196,00123,"September 19, 2020",Student,96381,749,No,N,Denied,1011.84,1054,4,"Flagged for manual review."
4366701,00285,09/02/2020,Contract,72084,417,Yes,Yes,"Under Review",2010.6,3351,4,"Referred by agent."
4369213,01320,28/10/2023,Unemployed,204609,655,No,,Approved,3697.32,5602,2,N/A
4370544,00581,01/09/2021,Unemployed,166235,621,No,false,Approved,3417.96,4382,1,N/A
4371578,00299,07-25-2024,Student,134568,671,No,true,Approved,2956.8,4480,2,"Applicant provided pay stubs."
4376938,01667,01-02-2024,Part-Time,155500000,762,No,0,Approved,3752.58,4811,1,
4378135,01764,11-02-2022,Part-Time,246169,841,No,Yes,Approved,3289.2,5482,5,"docs expired"
4379725,00776,01/29/2022,Retired,54632,804,No,Yes,Approved,1359.6,2060,3,
4380114,01533,"July 06, 2024",Self-Employed,67904,765,No,No,Approved,4286.04,6494,3,.
4381579,00969,,Unemployed,194718,724,No,N,Denied,996.6,1510,2,"docs expired"
4383545,01656,2020-05-01,Contract,104260,637,No,N,Approved,1577.4,2629,1,"Renewal case."
4387488,00405,07/06/2020,Part-Time,111343,773,No,Yes,Approved,1282.2,2137,1,"Applicant follow-up needed"
4387857,01692,05/20/2024,Retired,69973,719,No,Y,Approved,3874.08,4612,3,N/A
4388237,01395,20/07/2022,Contract,166601,,No,1,Pending,2919.84,3476,5,"Applicant provided pay stubs."
4390780,01577,,Self-Employed,69680,N/A,No,,Approved,3880.14,5879,1,"docs expired"
4392175,00598,11-05-2024,Contract,141220,301,No,Yes,Pending,3352.32,3492,5,.
4392475,00217,07-26-2021,Part-Time,231130,696,No,no,Denied,3320.64,3459,3,"Flagged for manual review."
4392593,00864,2022-09-20,Student,47125,613,No,0,Approved,6556.68,8406,3,"Flagged for manual review."
4393670,00483,2020-03-07,Part-Time,237911,,No,FALSE,Denied,1337.28,1592,5,"Renewal case."
4395577,01770,"March 03, 2021",Full-Time,114688,,Yes,Yes,Pending,1704,2840,2,.
4396811,01686,2022-11-01,Unemployed,149758,480,No,No,Approved,3245.58,4161,5,
4396860,01063,"November 04, 2021",Part-Time,223977,324,No,yes,Approved,1530.24,1594,2,"Referred by agent."
4397262,00944,09/15/2022,Student,98492,410,No,0,Approved,1331.4,1585,3,"docs expired"
4400668,01547,05-23-2023,Self-Employed,321929,735,No,0,Pending,2948.4,3780,2,"Co-signer pending review."
4400732,01095,10-12-2023,Full-Time,112842,714,No,TRUE,Approved,1002.54,1519,3,n/a
4402078,00525,10-04-2023,Contract,161865,734,No,Y,Denied,2102.4,2190,4,"Flagged for manual review."
4404022,00253,20/09/2024,FT,94391,647,No,Yes,Approved,3232.32,3848,2,"income verified via Plaid"
4404117,00731,04/09/2020,Contract,217101,723,Yes,1,Approved,1475.76,1892,5,"income verified via Plaid"
4404461,00387,12-12-2020,Unemployed,211906,659,No,Y,Withdrawn,2453.88,3718,2,
4404673,01563,"January 18, 2022",Student,94883,714,No,1,Denied,2766.72,2882,1,n/a
4406922,00053,2021-08-25,Unemployed,153667,707,No,Y,Approved,4676.16,4871,3,
4407496,00915,2024-04-29,Unemployed,200791,,No,false,Denied,3711.12,4418,5,"Referred by agent."
4408919,01705,,Full-Time,29230,668,Yes,yes,Approved,2477.16,2949,5,"Applicant provided pay stubs."
4411535,00745,"November 14, 2024",Part-Time,148372,627,No,false,Approved,5024.64,5234,2,"Referred by agent."
4412691,01765,2022-01-08,Retired,51594,770,No,,Withdrawn,2669.04,4044,4,.
4413053,00756,"May 05, 2020",Self-Employed,87500000,746,Yes,TRUE,Approved,821.4,1369,5,
4414140,00234,09/12/2022,Self-Employed,225090,518,No,no,Denied,3203.76,3814,4,
4415008,01723,04-23-2021,Self-Employed,197301,820,No,No,Denied,1474.2,1755,3,"income verified via Plaid"
4415620,00978,02/18/2021,Full-Time,166454,445,No,no,Denied,757.2,1262,4,"Applicant provided pay stubs."
4417030,01404,04-28-2020,Full-Time,52091,761,Yes,,Pending,581.4,969,4,
4417547,01780,"February 21, 2020",Retired,277316,728,No,no,Denied,6980.4,8310,4,"Missing bank statements."
4418608,01154,10-31-2022,Student,224653,729,No,Y,Approved,2616,2725,5,"Applicant provided pay stubs."
4418888,00054,2023-04-16,Unemployed,151531,812,No,false,Denied,6110.4,6365,2,n/a
4418896,00026,10/06/2021,Retired,89947,655,No,,Denied,1273.44,1516,1,"Flagged for manual review."
4420135,01747,25/12/2021,Unemployed,111598,821,No,N,Approved,3535.2,5892,5,"docs expired"
4420764,00998,18/02/2020,Unemployed,155295,616,No,false,Denied,4257.6,4435,1,.
4421822,01516,"May 05, 2021",Unemployed,145624,408,No,TRUE,Denied,1938.3,2485,3,
4422158,00807,17/05/2020,Part-Time,148418,664,No,TRUE,Withdrawn,1743.36,1816,5,"Missing bank statements."
4426288,00204,25/06/2021,Self-Employed,123302,672,No,TRUE,Pending,1135.68,1352,1,"Co-signer pending review."
4426855,01367,"July 09, 2021",Full-Time,224387,701,No,yes,Denied,815.76,1236,5,N/A
4429150,01408,,Contract,196791,771,No,Yes,Pending,2428.14,3113,4,
4429218,01195,2024-09-20,Full-Time,88171,771,No,No,Approved,2632.2,4387,4,n/a
4432681,00826,07/03/2023,Self-Employed,159271,722,No,1,Approved,4297.92,4477,3,"Renewal case."
4433000,01473,11-02-2024,Full-Time,144789,621,No,No,Approved,3944.64,4696,1,"Missing bank statements."
4433270,00917,18/09/2021,Part-Time,55664,595,No,no,Approved,1391.88,1657,5,.
4433368,01034,11-17-2022,Student,67693,488,No,true,Pending,2016,3360,2,"Flagged for manual review."
4433852,00423,2022-01-17,Contract,139700000,758,No,1,Denied,7162.56,7461,3,
4436146,00605,02/21/2020,Student,78497,304,No,false,"Under Review",1527.24,0,3,
4437097,00570,2021-04-25,Student,248675,,No,FALSE,Approved,5507.52,5737,5,
4439281,00177,04/20/2024,Unemployed,161637,701,No,Yes,Approved,1320.48,1572,3,
4439703,01376,08/04/2023,Full-Time,205580,695,No,1,Approved,1912.56,2452,5,"Applicant follow-up needed"
4439898,01621,11-24-2021,Unemployed,247767,764,No,,Denied,6562.56,6836,3,"Renewal case."
4440003,00972,2020-02-13,Self-Employed,69228,562,No,Yes,Withdrawn,1624.2,2707,4,n/a
4442001,00771,2024-07-15,Unemployed,22325,810,No,TRUE,Denied,1733.4,2889,2,"Applicant follow-up needed"
4442121,00983,2024-04-07,Full-Time,134542,792,Yes,false,Approved,4669.8,7783,2,"Flagged for manual review."
4443946,01102,2024-06-07,Part-Time,157197,824,Yes,0,Approved,1823.64,2338,2,"Co-signer pending review."
4444023,01064,25/05/2023,Part-Time,220630,707,No,FALSE,Denied,1511.4,2519,3,"Flagged for manual review."
4444838,01757,06/06/2021,Self-Employed,112041,725,No,No,Denied,2048.4,3414,5,"Renewal case."
4444856,00230,10/25/2024,Student,220748,725,No,true,Denied,1858.56,1936,3,"income verified via Plaid"
4444896,00371,"September 22, 2022",Unemployed,136627,746,No,1,Approved,1774.5,2275,4,"Renewal case."
4445145,01560,2020-04-15,Student,198441,744,No,,Approved,2208,3680,3,"Applicant follow-up needed"
4446724,00882,09-17-2023,Part-Time,141771,767,Yes,N,Approved,4798.08,5712,4,"Renewal case."
4448297,01262,01-27-2021,Part-Time,229032,618,No,Yes,Approved,5814.48,6922,2,
4449555,00605,19/02/2021,Contract,247971,709,Yes,FALSE,Approved,2221.44,2314,3,"Applicant follow-up needed"
4452018,00475,17/10/2024,Full-Time,77190,345,No,false,Approved,2364.48,2463,4,"Applicant follow-up needed"
4452213,01469,14/03/2022,Part-Time,41840,489,No,TRUE,Denied,2310.84,2751,5,"Applicant provided pay stubs."
4453167,00263,05-10-2021,Self-Employed,32725,633,No,TRUE,Denied,902.22,1367,3,"Co-signer pending review."
4453836,00035,02/29/2020,Retired,82404,413,No,TRUE,Pending,1838.4,1915,4,"Missing bank statements."
4454773,00214,07/11/2023,Retired,184133,767,No,true,Approved,3258.06,4177,4,"Applicant provided pay stubs."
4454943,00791,"June 03, 2022",Student,49297,,No,No,Approved,3393.78,4351,1,n/a
4457243,01336,2021-05-07,Part-Time,118364,676,No,N,Approved,3354.24,3494,4,"income verified via Plaid"
4458297,00746,18/08/2022,Full-Time,240198,709,No,No,Approved,1815.36,0,3,
4460429,00596,07/24/2023,Full-Time,107489,405,Yes,1,Approved,3074.4,3660,1,"Applicant provided pay stubs."
4460519,00745,10-16-2022,Retired,36838,803,No,no,Denied,4396.56,5234,2,N/A
4462073,00402,02-23-2023,Student,168669,763,No,No,Approved,2120.58,3213,4,"Flagged for manual review."
4462100,00838,09/24/2020,Retired,107858,518,No,Yes,Pending,5878.08,6123,2,"docs expired"
4462905,01754,2021-12-10,Retired,137480,373,No,No,approved,4596.48,4788,1,"docs expired"
4464053,01070,27/04/2020,Student,226592,,No,Yes,Approved,885.12,922,5,"Co-signer pending review."
4464727,00076,17/11/2022,Unemployed,77314,406,Yes,false,Approved,1269.18,1923,1,"Flagged for manual review."
4466038,00569,01-24-2024,Unemployed,142400000,624,No,N,"Under Review",7765.44,8089,3,"Renewal case."
4466336,00556,,Self-Employed,46723,798,Yes,0,Pending,2240.04,3394,2,"Renewal case."
4467469,00208,10/13/2021,Student,44073,746,Yes,,Approved,511.8,853,4,.
4468884,00212,17/11/2022,Retired,152279,843,No,true,Denied,1392.3,1785,1,.
4473180,00850,"July 28, 2023",Retired,156916,,No,1,Denied,2370.42,3039,2,"Co-signer pending review."
4475987,01151,10/25/2022,Retired,212359,679,No,Yes,Pending,4292.34,5503,3,
4478330,00429,"May 31, 2023",Contract,75386,,No,,"Under Review",5532.48,5763,2,
4478593,01394,28/08/2024,Retired,142558,724,No,No,Denied,1347.36,1604,1,"Applicant provided pay stubs."
4479373,00152,06/14/2020,Retired,210055,N/A,No,false,Approved,2274.24,2369,5,"Referred by agent."
4479842,01338,16/05/2020,"Self Employed",198379,,Yes,yes,Approved,5247.36,5466,1,"Renewal case."
4480198,00486,03/03/2023,Contract,72936,606,No,yes,Approved,1998.36,2562,1,
4480801,00002,01/09/2024,Part-Time,190975,,No,false,Denied,2588.04,3081,2,"Applicant provided pay stubs."
4483565,01094,16/06/2020,FT,154273,788.0,No,yes,Pending,2150.4,2240,3,N/A
4486797,00518,30/11/2021,Retired,154311,,No,TRUE,Denied,3751.44,4466,1,
4487151,01618,02/02/2022,Self-Employed,193868,689,Yes,Yes,Approved,2323.44,2766,5,"docs expired"
4487510,00854,01/19/2023,Self-Employed,76478,763,Yes,false,Approved,2232.96,2326,3,"Flagged for manual review."
4489166,00924,08/17/2023,Self-Employed,96400000,752.0,No,FALSE,Approved,722.7,1095,4,"Referred by agent."
4489533,01660,"January 19, 2021",Full-Time,40990,N/A,Yes,true,Pending,879,1465,4,n/a
4491070,00715,24/08/2020,Full-Time,285883,709,No,1,Denied,1903.68,1983,4,"Applicant provided pay stubs."
4491211,00623,03-07-2022,Unemployed,164182,450,No,N,Denied,5053.62,7657,1,.
4491843,01516,2022-09-13,Contract,33702,728,No,yes,Pending,2087.4,2485,4,"Applicant provided pay stubs."
4492046,00391,17/05/2023,"Self Employed",126618,664,No,0,"Under Review",2616.6,3115,5,"Co-signer pending review."
4493861,00143,2022-06-10,Retired,175779,308,No,no,Withdrawn,1657.32,1973,5,n/a
4494571,00165,05/18/2023,Retired,131695,,No,true,Denied,1803.36,2312,1,
4494993,00353,07-07-2020,Unemployed,159315,681,No,TRUE,"Under Review",2350.08,2448,4,"Co-signer pending review."
4495383,00719,02/10/2021,Student,194226,772,No,1,Approved,6197.1,7945,2,"Missing bank statements."
4499252,01410,10/21/2023,Retired,211513,727,No,1,Approved,2607,4345,5,"Co-signer pending review."
4499627,01352,11-06-2021,Part-Time,137392,788,No,Yes,Pending,2028.48,2113,2,"income verified via Plaid"
4501592,00581,"May 27, 2021",Retired,136667,732,No,N,Denied,3680.88,4382,4,
4501747,00897,2022-09-17,Part-Time,150100000,,No,FALSE,Approved,1322.88,1378,4,.
4501815,01584,06-06-2024,Full-Time,138231,591,No,Y,Denied,1123.2,1872,2,"docs expired"
4503125,01379,11-02-2024,Contract,78252,615.0,Yes,1,"Under Review",4863.6,0,1,"Referred by agent."
4505155,01701,08/07/2021,Self-Employed,161803,463,No,true,Pending,2279.4,3799,5,"Applicant follow-up needed"
4505608,00373,"July 21, 2020",Contract,179712,593,No,TRUE,Pending,5412,8200,5,"income verified via Plaid"
4508596,01512,01/30/2021,Contract,174638,452,No,yes,Approved,2267.46,2907,2,n/a
4509443,01164,08-23-2023,Full-Time,35522,605,Yes,No,Denied,2071.8,3453,1,"Applicant provided pay stubs."
4510230,00450,"August 10, 2021",Full-Time,200964,458,No,FALSE,Denied,1135.2,1720,2,"income verified via Plaid"
4510727,01787,2023-05-16,Retired,74352,726,Yes,1,Pending,3229.44,3364,1,"Referred by agent."
4513628,01216,08/22/2021,Full-Time,44340,738,No,true,Denied,1800.12,2143,3,"Co-signer pending review."
4513830,01091,12-15-2024,Full-Time,149356,692,Yes,0,Denied,1631.52,2472,2,"Applicant follow-up needed"
4518128,00082,2022-07-16,Unemployed,128712,693,No,0,Approved,2023.56,2409,1,n/a
4520613,00054,10/07/2020,Unemployed,131759,713,No,FALSE,Approved,6110.4,6365,4,.
4520891,01191,10-08-2024,Retired,177870,816,No,Yes,Approved,978.12,1254,1,"Co-signer pending review."
4523195,00549,2024-11-25,Full-Time,36082,673,No,0,Denied,1958.88,2968,1,"income verified via Plaid"
4524849,00839,11/02/2021,Unemployed,218742,824,No,FALSE,Denied,2573.4,4289,2,
4526494,00020,"April 16, 2020",Self-Employed,134408,,Yes,no,Approved,3931.2,5040,4,"Applicant follow-up needed"
4526891,01260,05/28/2020,Self-Employed,234617,752,No,1,Withdrawn,2367.12,2818,4,N/A
4527162,01529,2022-03-10,Self-Employed,169241,685,No,FALSE,Approved,3004.32,4552,3,"docs expired"
4527361,00447,06/26/2024,Full-Time,68974,719,No,1,Denied,3174.6,4810,3,"docs expired"
4528703,01493,04-26-2023,Full-Time,37440,841,No,,Withdrawn,1939.74,2939,4,"Co-signer pending review."
4530552,00133,01/03/2024,Retired,114418,634,No,TRUE,Approved,2683.8,3195,5,"Referred by agent."
4531441,00982,11-17-2020,Retired,86624,,No,Y,approved,1516.02,2297,5,
4531749,00001,03/03/2020,Full-Time,108400000,791,No,N,"Under Review",663.78,851,5,n/a
4534522,01381,04-22-2024,Self-Employed,55739,790,No,TRUE,Pending,932.58,1413,2,
4535844,01660,"July 24, 2024",FT,42902,,No,FALSE,"Under Review",1406.4,1465,1,.
4536360,01368,"October 13, 2022",Unemployed,90161,524,No,yes,Denied,2417.22,3099,1,"Flagged for manual review."
4538204,01450,09/22/2020,Student,136875,652,No,FALSE,Approved,630,1050,3,
4539205,00546,12/26/2024,Part-Time,65866,699,No,N,Pending,1516.02,2297,1,"income verified via Plaid"
4539989,00480,27/09/2024,Self-Employed,158771,468,No,0,Denied,3763.2,4480,5,
4540369,00275,"September 24, 2021",Self-Employed,121097,707,No,yes,Denied,1008,1680,3,.
4540772,00261,03/06/2022,Retired,154182,616,Yes,TRUE,Approved,2232.6,3721,3,"Renewal case."
4543227,01777,30/01/2021,Self-Employed,83976,755,Yes,,Approved,1348.8,2248,3,N/A
4545442,01787,"August 21, 2022",Contract,138864,700,No,0,Denied,2623.92,3364,4,"docs expired"
4547794,00899,06/20/2022,Contract,41663,N/A,No,no,Denied,1107.48,1678,4,"Referred by agent."
4549503,01797,"September 09, 2024",Contract,26026,722,No,no,Denied,578.16,876,2,.
4549817,00082,25/03/2021,"Self Employed",208884,744,No,TRUE,Pending,1445.4,2409,2,.
4551078,01757,01-11-2022,Unemployed,91338,704,No,,Approved,2253.24,3414,1,.
4552739,01665,04/02/2024,Contract,37079,817,No,No,approved,3533.4,4530,3,"Referred by agent."
4556786,00437,"April 03, 2022",Full-Time,130922,746,No,0,Approved,1641,2735,5,n/a
4557015,01468,"May 22, 2021",Self-Employed,107772,658,No,yes,Approved,1994.46,2557,2,"Renewal case."
4557125,00813,12/01/2020,Part-Time,37252,662,Yes,TRUE,Denied,1531.2,2320,3,"Applicant provided pay stubs."
4559064,01464,2021-07-19,Self-Employed,99940,714,No,Y,Approved,3150,3750,1,
4560663,00177,,Contract,179400000,751,No,FALSE,Approved,1320.48,1572,2,
4561277,00176,02/11/2023,Full-Time,71183,763,No,N,Denied,6304.74,8083,2,"income verified via Plaid"
4561952,01058,2020-03-10,Contract,18321,748,No,,Approved,525.6,0,3,"Applicant follow-up needed"
4563615,00013,06/11/2020,Self-Employed,200291,745,No,1,Approved,2935.8,3495,2,"docs expired"
4563885,00467,16/08/2023,Retired,115330,656,No,TRUE,Withdrawn,6529.38,8371,5,"docs expired"
4564189,01796,"March 28, 2024",Student,194315,686,No,N,Approved,2609.1,0,3,.
4564240,00996,"December 09, 2024",Self-Employed,159321,816,No,Y,Pending,5286.96,6294,1,"Referred by agent."
4564640,01494,12-28-2023,Unemployed,69507,759,No,1,Denied,3272.1,4195,2,"Referred by agent."
4564989,01576,"September 24, 2020",Retired,63383,701,No,N,Denied,3474.6,5791,4,n/a
4565465,01777,"January 26, 2023",Part-Time,97414,671,No,true,Approved,1888.32,2248,1,"docs expired"
4567087,01375,05-01-2021,Self-Employed,46466,677,No,no,Approved,1684.98,2553,3,"Renewal case."
4568549,00123,2021-05-25,Student,31352,679,No,Yes,"Under Review",695.64,1054,4,"Renewal case."
4569362,01304,09/29/2022,Unemployed,57357,595,No,,Approved,7522.68,11398,3,"Renewal case."
4572638,00449,12/08/2024,Retired,84160,764,No,true,Pending,1479.06,2241,2,"docs expired"
4573607,00638,05/03/2023,Retired,153335,515,Yes,No,Approved,1279.74,1939,4,"docs expired"
4575285,01032,"July 30, 2023",Contract,57351,609,No,N,Approved,1764,2940,3,
4575392,01412,06/12/2022,Contract,146920,N/A,No,false,approved,1516.8,1580,1,N/A
4577451,00645,07/16/2021,Full-Time,87708,391,No,Y,Approved,6887.04,7174,1,.
4578992,00915,09-16-2023,Part-Time,209443,732,No,TRUE,Denied,3446.04,4418,1,
4579466,01499,"April 16, 2024",Full-Time,86879,787,No,false,Denied,2068.56,0,1,N/A
4580809,01570,"January 28, 2023",Student,122479,,No,,Denied,2596.8,2705,3,"Referred by agent."
4582142,01559,11-23-2021,Contract,72855,795,No,no,Denied,1264.38,1621,1,"Flagged for manual review."
4582440,00882,10-13-2024,Self-Employed,277860,691,No,,Denied,3769.92,5712,1,"Applicant follow-up needed"
4583368,00913,,Full-Time,220697,820,No,,Approved,679.38,871,2,"Applicant provided pay stubs."
4584058,00830,"February 10, 2023",Unemployed,99966,803,No,false,Approved,2793.18,3581,5,
4585334,00347,28/01/2024,Retired,119032,399,No,false,Pending,2339.22,2999,2,"Referred by agent."
4586744,00585,12/05/2021,Unemployed,202859,768,No,FALSE,Denied,4309.14,6529,4,"Applicant provided pay stubs."
4586820,00613,22/09/2022,Contract,47600,751,No,false,Denied,4630.08,5512,2,"Renewal case."
4588386,01534,2024-06-24,Student,169159,751,No,TRUE,Approved,1308.72,1558,3,N/A
4591306,01478,03-26-2023,Unemployed,86173,,No,N,Denied,998.4,1040,1,N/A
4591981,01084,10/02/2023,Part-Time,131446,691,No,FALSE,Approved,1321.98,2003,1,
4598641,00416,"February 05, 2024",FT,2706,681,No,Y,Approved,3802.56,3961,4,"docs expired"
4598862,00521,2024-08-17,Retired,53021,,No,0,"Under Review",895.68,933,3,"Referred by agent."
4599276,01481,2024-08-03,Full-Time,60447,729,Yes,true,Approved,1161.42,1489,3,"Renewal case."
4600993,00917,"September 23, 2023",Full-Time,65055,709,No,TRUE,Denied,1590.72,1657,5,"Renewal case."
4601999,01537,05/02/2024,Part-Time,286499,,No,FALSE,Approved,2415.6,3660,1,"docs expired"
4602478,01554,09/17/2023,Contract,176600000,N/A,No,1,Pending,964.86,1237,4,
4602519,01553,2024-07-03,Self-Employed,111432,796,No,Yes,Approved,3064.32,3192,2,n/a
4603210,01705,09/22/2024,Self-Employed,166159,773,No,,Pending,2300.22,2949,1,
4603331,00752,,Self-Employed,82973,734,No,N,Pending,2890.44,3441,1,"income verified via Plaid"
4603548,01653,"November 15, 2023",Retired,51637,793,No,0,Approved,3758.4,3915,3,"Flagged for manual review."
4604966,00997,2020-05-03,Full-Time,205868,826,Yes,true,Denied,3524.04,4518,2,"Applicant provided pay stubs."
4605542,00418,13/12/2022,Contract,45363,767,No,no,Denied,2691,3450,4,"Applicant follow-up needed"
4606188,01305,24/11/2023,Retired,42600000,756,Yes,1,Pending,5251.68,6252,3,
4607528,01326,,Unemployed,69568,,No,N,"Under Review",2205.84,0,2,N/A
4608514,01145,2024-07-17,Student,192400000,790,No,1,Approved,2442.6,4071,1,"Referred by agent."
4611850,01109,2024-07-19,Student,167570,779,No,,Approved,6803.52,7087,2,"Applicant provided pay stubs."
4612407,00944,2023-05-19,Part-Time,179813,,Yes,FALSE,Approved,951,1585,4,
4614088,00683,"August 01, 2023",Self-Employed,102164,763,Yes,no,Denied,1814.34,2749,5,"Flagged for manual review."
4617103,01177,05/04/2022,Part-Time,171703,436,No,FALSE,"Under Review",2838,4730,4,"docs expired"
4619802,01226,02/16/2022,Contract,155060,808,No,1,Denied,4333.56,5159,4,N/A
4620707,00529,2021-01-10,Self-Employed,88346,657,No,yes,Denied,2482.92,3762,5,
4622292,01347,"May 17, 2023",Contract,60653,682,No,Y,Approved,627.9,805,4,"Flagged for manual review."
4623124,01090,"September 01, 2022",Contract,65364,N/A,No,1,Denied,4267.38,5471,2,
4623361,00211,06/14/2022,Part-Time,55530,670,No,FALSE,Approved,1110.72,1424,5,"income verified via Plaid"
4624602,00999,2020-11-06,Self-Employed,127274,778,No,true,Pending,1587.6,2646,2,.
4627335,00164,"April 23, 2022",Part-Time,160030,,No,,denied,1833.48,2778,5,"Missing bank statements."
4628316,01282,18/01/2024,Student,50102,647.0,No,No,Denied,1796.76,2139,4,"Applicant follow-up needed"
4629787,01310,2022-12-14,Student,114850,765,Yes,FALSE,Pending,2971.8,0,1,"Applicant provided pay stubs."
4630239,01264,20/09/2021,Self-Employed,44825,N/A,No,TRUE,"Under Review",2051.28,3108,3,.
4630344,00690,03-04-2021,Self-Employed,25728,N/A,No,No,Approved,806.4,1344,4,
4630899,00870,08/03/2020,Student,88246,676,Yes,1,Denied,1198.2,1997,2,"Applicant follow-up needed"
4632716,01020,09/06/2021,Contract,95405,594,No,1,"Under Review",3949.44,4114,5,"Renewal case."
4634782,00688,2021-04-13,Contract,240931,699,No,,Withdrawn,2739.24,3261,4,"Flagged for manual review."
4635222,01531,2020-08-05,Full-Time,32610,,No,Y,Approved,1982.4,2065,3,N/A
4636129,01412,"March 17, 2024",Unemployed,37031,,No,1,Approved,1232.4,0,5,"Co-signer pending review."
4639372,00724,03/04/2023,Student,80473,621,No,Yes,"Under Review",2130.96,2732,3,"Missing bank statements."
4641313,01374,08/31/2021,Retired,279042,709,No,FALSE,"Under Review",2475.66,3751,2,.
4641653,00917,2022-12-26,Part-Time,131117,,Yes,,Pending,994.2,1657,1,
4641768,00514,12/21/2021,Student,116372,692,No,0,Approved,610.5,925,2,
4645206,00552,10-14-2024,Part-Time,195624,731,No,N,Approved,8625.6,8985,4,n/a
4646457,01170,,Part-Time,176308,807,No,N,Denied,1574.4,2624,2,"Referred by agent."
4647503,00686,12/21/2024,Part-Time,151087,731,No,TRUE,Approved,3148.86,4037,4,"Applicant provided pay stubs."
4648232,01396,30/12/2022,Unemployed,96238,635,Yes,FALSE,Pending,2080.32,3152,3,N/A
4648527,00561,2021-03-09,Part-Time,237400000,808,No,,Denied,1126.62,1707,3,"Renewal case."
4648685,01259,"August 14, 2023",Full-Time,33248,602,Yes,yes,"Under Review",7094.4,11824,5,"Flagged for manual review."
4649022,01499,"March 14, 2022",Full-Time,235839,,No,no,Pending,1746.24,1819,2,.
4651515,01096,2021-06-28,Unemployed,242240,681,Yes,no,Approved,1976.52,2534,1,n/a
4651902,00341,06-19-2022,Full-Time,232183,782,No,false,Pending,2186.88,2278,1,n/a
4651952,00078,18/04/2023,FT,45911,530,Yes,No,Pending,1653.96,1969,1,"Applicant follow-up needed"
4652629,00064,"March 06, 2021",Unemployed,126740,740,No,true,Approved,2473.68,3748,1,"docs expired"
4652660,01481,02-04-2021,Unemployed,160994,613.0,No,false,Approved,1161.42,1489,4,"income verified via Plaid"
4652979,00710,03/30/2024,Unemployed,108466,790,No,FALSE,"Under Review",1135.68,1352,5,N/A
4653283,00058,08/08/2024,Self-Employed,42045,603,No,TRUE,Approved,1064.58,1613,3,"Applicant provided pay stubs."
4653306,00791,2023-09-08,Self-Employed,27919,801,No,Yes,Approved,3393.78,4351,4,"income verified via Plaid"
4653374,00646,08/01/2023,Self-Employed,240126,607,Yes,No,Withdrawn,2747.52,2862,5,"income verified via Plaid"
4654055,00432,01-26-2022,Self-Employed,4307,401,No,false,"Under Review",2286.18,2931,5,
4654966,01002,07-01-2022,Unemployed,65975,816,No,N,Pending,5486.58,8313,3,
4659223,00594,27/11/2021,PT,242407,766,No,FALSE,Approved,1524.12,1954,3,
4661598,00837,12/01/2020,Full-Time,117967,819,No,N,Denied,3303,5505,2,.
4661786,01700,10/08/2020,Full-Time,248131,831,No,yes,Approved,1211.76,1836,5,"Applicant provided pay stubs."
4662872,00487,08-29-2023,Contract,121326,686.0,Yes,Yes,Denied,1593.24,2414,1,.
4663482,00890,01-01-2023,Student,30581,797,No,N,Denied,9109.62,0,4,"Applicant follow-up needed"
4663776,00663,27/12/2024,Part-Time,176100000,N/A,No,true,Denied,1527,2545,5,.
4665910,00875,02-04-2020,Unemployed,71946,731,No,,Denied,5236.8,5455,1,n/a
4668466,00819,2020-08-17,Full-Time,69775,822,No,No,Denied,3703.56,4409,3,"Co-signer pending review."
4669637,01648,07/23/2023,Full-Time,9794,720,Yes,Yes,Approved,2620.2,4367,5,"income verified via Plaid"
4671345,01548,14/02/2023,Full-Time,241031,786,No,no,Denied,4717.02,7147,4,"Renewal case."
4671638,00171,03-09-2022,Self-Employed,100728,683,No,FALSE,Denied,3037.2,5062,3,.
4671724,01216,"May 10, 2022",Retired,39986,691,No,no,Pending,1414.38,2143,3,"Applicant provided pay stubs."
4677010,01490,13/10/2021,Self-Employed,161281,724,No,false,Pending,1427.58,2163,1,"Applicant follow-up needed"
4677444,00186,26/01/2023,Retired,77834,587,No,true,Approved,3038.28,3617,1,"Renewal case."
4679486,00621,2020-08-24,Self-Employed,194448,N/A,No,no,Denied,3648,6080,3,
4679567,01517,2021-03-27,Unemployed,71415,687,Yes,no,Approved,1664.88,1982,1,.
4682402,00548,06-26-2021,FT,86996,727,Yes,N,Pending,4118.52,4903,4,
4682505,01087,18/04/2024,Retired,197592,688,No,No,Denied,4892.94,6273,4,"Referred by agent."
4682817,01358,11-17-2024,Self-Employed,168869,701,No,No,Pending,3312.12,3943,4,.
4683879,00816,10/20/2024,Unemployed,180766,692,No,No,Approved,1313.52,1684,5,"docs expired"
4685284,00803,29/08/2022,Contract,30010,760,No,Yes,Denied,5046,8410,1,"docs expired"
4686897,00755,01/02/2020,Retired,15633,,No,Y,Approved,3675.6,6126,5,"Applicant provided pay stubs."
4686956,00364,03/07/2022,Full-Time,207402,,No,N,Withdrawn,2148.12,2754,5,"Missing bank statements."
4691784,00225,2024-05-08,Self-Employed,37172,602,No,true,Pending,1170.84,1774,4,
4696750,01100,23/01/2024,Unemployed,11886,638,No,false,Pending,2586.48,3316,3,
4697768,00717,2023-03-16,Student,39790,724,No,TRUE,Denied,6696,6975,3,"Applicant follow-up needed"
4698934,01111,"May 04, 2023",Unemployed,96561,656,No,yes,Withdrawn,2649.66,3397,1,"docs expired"
4700823,00042,28/08/2022,Self-Employed,211175,606,No,N,Denied,6717.12,6997,3,"income verified via Plaid"
4703431,01161,19/07/2023,Full-Time,147180,,No,FALSE,Approved,1849.68,2202,5,n/a
4704601,01696,08/11/2021,Retired,102200000,749,Yes,no,Approved,1333.8,2223,5,
4704813,00158,12-27-2021,Self-Employed,10969,778,No,false,Approved,978.9,1255,5,N/A
4707963,00882,03-12-2020,"Self Employed",70510,808,No,FALSE,Approved,3769.92,5712,5,
4709593,01268,11-25-2021,Student,204520,,No,FALSE,Approved,5888.22,7549,3,"Missing bank statements."
4710682,00411,"July 18, 2023",Retired,61566,750,No,Y,Approved,856.8,1020,3,N/A
4711874,00242,11/06/2020,Full-Time,123906,819,No,No,Approved,2073.96,2469,5,N/A
4715384,01652,07-28-2023,Unemployed,47728,510,No,Yes,Approved,1305.36,1554,2,"docs expired"
4720141,00022,05-09-2022,Part-Time,185508,841,No,Y,Denied,1630.44,1941,3,"Applicant provided pay stubs."
4721678,01463,18/06/2022,Part-Time,173097,699,No,No,Approved,2948.4,3510,1,"Renewal case."
4722093,01385,"June 18, 2023",Student,123822,605,No,false,Approved,1211.28,1442,3,
4722423,00392,01/05/2022,PT,89109,718,Yes,true,Approved,3131.52,3728,1,"Applicant provided pay stubs."
4722667,00221,11-24-2024,Contract,4367,750,No,false,Withdrawn,2622.48,3122,3,"docs expired"
4723660,01746,26/09/2023,Student,99622,676,Yes,No,Approved,1662,2770,3,
4724279,01366,"May 13, 2023",Student,213937,807,Yes,1,Denied,4273.92,5088,1,"Missing bank statements."
4725910,00162,31/12/2023,Contract,63036,,No,N,"Under Review",784.74,1189,2,"income verified via Plaid"
4726156,01308,11-26-2024,Retired,90336,733,No,false,Pending,3026.4,5044,4,N/A
4726788,01419,12-24-2021,Contract,89364,789,No,FALSE,Approved,2117.4,3529,4,.
4726970,01742,21/10/2020,Unemployed,133551,845,No,No,Approved,2650.8,0,3,
4726989,01203,01/25/2020,Retired,94512,767,Yes,Yes,Denied,1918.08,1998,3,
4727749,00919,01/12/2023,Student,182682,793,No,FALSE,Approved,607.86,921,2,
4728660,01498,05-30-2022,Retired,52024,720,No,false,approved,2056.56,3116,5,
4729679,01364,10-02-2021,Part-Time,90418,799,Yes,no,Pending,5184.96,5401,3,
4731319,01406,01/26/2023,Contract,161182,648,Yes,true,Approved,2181,3635,4,N/A
4733195,01081,02/01/2023,Retired,283266,792,No,No,Pending,5405.76,5631,3,"Flagged for manual review."
4735558,00659,12/11/2020,Student,22611,783,No,,Denied,5298.72,6308,1,"Referred by agent."
4737808,00911,"June 07, 2020",Unemployed,158323,703,No,N,denied,3025.8,5043,2,
4741226,01636,2021-03-11,Contract,58997,739,No,1,Withdrawn,6892.8,11488,1,"Missing bank statements."
4741465,00380,18/07/2021,Part-Time,108921,821,Yes,,Pending,3126,5210,3,"income verified via Plaid"
4741589,01137,"April 29, 2023",Retired,86768,656,No,No,Approved,867.9,1315,5,"Applicant provided pay stubs."
4741679,01718,03/11/2022,Part-Time,132839,766,No,1,Approved,1489.32,1773,2,"income verified via Plaid"
4743207,01734,10/27/2021,Part-Time,83448,771,No,no,Approved,2606.52,3103,4,"docs expired"
4746621,00930,2022-06-03,Contract,191826,625,No,true,Denied,3168,3300,2,"docs expired"
4747526,00737,03-20-2023,Self-Employed,162106,629,Yes,N,Denied,2556,4260,4,"docs expired"
4748533,01674,05-14-2022,FT,155022,,No,FALSE,Withdrawn,1177.8,1510,5,"docs expired"
4749693,00312,15/11/2021,Unemployed,236650,769,No,true,Approved,4027.2,4195,4,"Applicant follow-up needed"
4749983,01004,03/01/2024,Full-Time,102792,482,Yes,Yes,"Under Review",3607.56,5466,1,"Applicant follow-up needed"
4750185,01774,2023-12-17,Contract,117952,777,No,,Denied,1454.4,1515,2,n/a
4750408,00027,06/10/2020,Self-Employed,64860,724,No,Yes,Approved,1202.76,1542,4,N/A
4750677,00087,,Contract,140633,712,No,yes,Approved,4894.68,5827,3,"Flagged for manual review."
4752811,01150,2023-01-18,Part-Time,121179,N/A,Yes,FALSE,Withdrawn,12140.16,12646,3,
4754723,01752,11-15-2023,Unemployed,135273,737,No,Yes,"Under Review",1331.22,2017,4,"Renewal case."
4755663,00629,21/06/2020,Student,199508,845,No,Yes,Approved,937.86,1421,1,"income verified via Plaid"
4756323,01692,06-24-2022,Unemployed,253736,504,No,TRUE,Approved,2767.2,4612,2,"Applicant follow-up needed"
4757019,00746,"August 06, 2024",Part-Time,92753,753.0,Yes,0,Denied,1588.44,1891,2,"Applicant follow-up needed"
4758178,00823,11/17/2024,Full-Time,59539,724,No,1,Approved,5660.76,6739,5,"Flagged for manual review."
4758391,01314,2024-01-03,Full-Time,114478,624,Yes,No,Approved,2448.6,4081,1,"income verified via Plaid"
4758780,01712,"January 14, 2024",Part-Time,40538,703,No,TRUE,Approved,1661.76,1731,5,"income verified via Plaid"
4760124,00045,04/21/2021,Self-Employed,282300000,735,No,FALSE,Approved,1836.6,3061,2,
4761194,00798,07/05/2022,Student,283977,612,No,Yes,Denied,1222.2,1455,4,"Flagged for manual review."
4761244,01248,03-08-2022,Contract,223482,830,Yes,No,Pending,5028,8380,2,
4765634,01418,06-12-2023,Unemployed,85203,757,No,yes,Approved,3060.48,3188,1,
4765771,01433,03/05/2022,Student,49024,784,No,true,Denied,5552.82,7119,1,"Renewal case."
4766008,00985,2021-11-29,Student,57303,731,No,false,Denied,1039.8,1733,3,
4767455,00798,"January 14, 2024",Part-Time,70272,706,No,FALSE,Approved,2646.72,2757,3,
4768680,00057,2024-11-28,Self-Employed,48396,809,No,false,Approved,5239.08,6237,1,"Co-signer pending review."
4769568,01792,"June 13, 2021",Part-Time,8146,773,Yes,yes,Approved,3793.68,5748,1,"Missing bank statements."
4771142,01562,"June 15, 2020",Student,242640,695,No,TRUE,Denied,3303.3,4235,3,
4773187,01209,"March 10, 2021",Contract,217492,730,No,Yes,Pending,1711.38,2593,2,"Missing bank statements."
4776720,01390,08/12/2020,Self-Employed,320823,704,No,FALSE,Withdrawn,1356,2260,2,"Renewal case."
4777604,00365,,Full-Time,67073,694,No,no,Approved,1421.4,0,3,
4779087,00818,04/02/2020,Contract,179270,,No,N,Denied,2661.12,4032,1,"Applicant follow-up needed"
4779699,01029,07-12-2020,Retired,238059,626,Yes,false,Approved,1249.8,2083,3,"Applicant follow-up needed"
4781139,00527,"September 03, 2021",Self-Employed,79917,494,No,1,Approved,1921.92,2464,3,n/a
4783917,00187,2021-09-19,Contract,154115,717,Yes,Yes,Denied,1416,2360,4,"Referred by agent."
4784694,01011,"February 05, 2022",Self-Employed,167190,N/A,No,false,Denied,4427.64,0,1,n/a
4784939,01346,2023-10-09,Self-Employed,73856,601,No,No,Approved,1962.6,3271,5,"Applicant provided pay stubs."
4789907,00879,08/28/2021,Full-Time,149163,677,No,TRUE,Approved,851.52,887,5,"Missing bank statements."
4789932,01698,15/04/2024,Full-Time,26051,598,No,N,"Under Review",2404.92,2863,4,.
4790197,00591,"August 10, 2022",Full-Time,290254,786,No,Y,"Under Review",3009.24,3858,3,"Flagged for manual review."
4790320,00737,03/04/2024,Student,44130,,Yes,false,Approved,2811.6,4260,2,"Flagged for manual review."
4791861,00320,08/31/2021,Self-Employed,192264,700,No,No,Denied,2209.74,2833,3,"docs expired"
4792241,01770,"August 28, 2023",Retired,199882,737,No,Yes,Pending,1874.4,2840,3,.
4794960,00290,08/02/2022,Retired,237750,,No,1,Approved,1593.6,1660,5,"Applicant follow-up needed"
4795388,00375,06-02-2024,Part-Time,31791,332,Yes,TRUE,"Under Review",1813.02,2747,4,"Applicant provided pay stubs."
4798590,01437,,Retired,272168,681,No,1,Approved,4769.28,4968,3,"Missing bank statements."
4798609,00281,"March 21, 2023",Student,195191,707,Yes,no,Denied,2301.6,2740,1,"income verified via Plaid"
4799023,01636,30/11/2022,Contract,79978,619,Yes,Y,Pending,7582.08,11488,1,"Applicant provided pay stubs."
4799730,01619,11-25-2022,Part-Time,233256,838,No,1,Approved,1494.48,1916,5,"Renewal case."
4801532,01383,05/01/2021,Student,226998,599,No,0,Approved,2568.72,3058,5,"Applicant provided pay stubs."
4801891,01026,05-10-2023,Student,13705,N/A,No,0,Denied,3955.38,5993,4,"Referred by agent."
4803055,00772,18/07/2024,Contract,178824,672,Yes,,Denied,1999.92,0,1,.
4804635,00847,11/01/2021,Full-Time,112712,829,No,Y,Pending,3393.6,5656,3,"Applicant provided pay stubs."
4804953,01654,,Contract,68804,673,Yes,0,Approved,2280.96,3456,5,"Applicant follow-up needed"
4805163,00272,03-11-2020,Part-Time,28103,788,No,yes,Approved,1305.6,1360,4,
4805398,01682,19/06/2023,Self-Employed,95536,,No,Y,Approved,4915.68,5852,3,"Referred by agent."
4805726,00464,2024-08-25,Self-Employed,161554,432,Yes,true,Denied,4290.72,5108,5,"Renewal case."
4806080,00538,27/05/2023,Self-Employed,7020,668,Yes,FALSE,Withdrawn,2897.16,3449,2,"Applicant follow-up needed"
4806103,00461,14/07/2020,Unemployed,147139,667,No,,Pending,1559.22,1999,2,
4808707,00559,2023-10-11,Full-Time,231132,,No,Yes,Approved,1246.74,1889,3,N/A
4810490,01182,"May 10, 2021",Unemployed,188830,N/A,Yes,N,approved,4110.96,0,5,"Applicant provided pay stubs."
4812213,00505,07-04-2024,Contract,48822,751,Yes,,Pending,7450.56,9552,3,N/A
4813360,00156,2022-03-04,Self-Employed,71431,615,No,,Withdrawn,4115.52,4287,1,"income verified via Plaid"
4813905,00846,"March 02, 2021",Self-Employed,135592,737,No,,Pending,1211.1,1835,3,"income verified via Plaid"
4814102,01293,2023-07-23,Part-Time,17302,762.0,No,Yes,Approved,2154.24,2244,3,
4814312,00464,08-14-2020,Retired,246870,711,No,No,Pending,3371.28,5108,5,.
4816071,01173,2021-06-12,Student,19891,798,No,false,Pending,1506.6,2511,1,"income verified via Plaid"
4817827,01214,2022-08-22,Unemployed,158803,675,Yes,Yes,Approved,507.6,846,1,"income verified via Plaid"
4818371,00172,"April 29, 2023",Retired,135273,612,No,Y,Approved,4073.28,4243,5,.
4818952,00169,07/04/2023,Retired,42205,778.0,Yes,FALSE,Approved,3427.2,4080,5,N/A
4822158,01279,"August 17, 2024",Retired,125706,665,No,no,Denied,3694.08,4736,2,.
4826288,01217,03-12-2020,Part-Time,122889,747,No,1,Pending,2851.2,2970,5,
4826829,00743,04/03/2022,Full-Time,52615,588,No,N,Denied,499.2,832,2,
4829042,00726,10/25/2021,Self-Employed,239915,320,No,no,Approved,1255.32,1902,2,
4829340,01180,04-28-2020,Full-Time,29192,778,No,TRUE,Denied,4467.96,5319,3,"docs expired"
4829391,01280,01-18-2024,Part-Time,97722,839,No,1,Approved,1545.6,1840,4,"Renewal case."
4831050,00339,05/09/2020,Part-Time,243480,N/A,No,yes,Pending,8736,9100,4,"Renewal case."
4831724,01120,,Unemployed,156738,677,Yes,false,Denied,1027.32,1223,4,"Flagged for manual review."
4832080,01135,2022-03-15,Full-Time,209270,843,No,0,"Under Review",1768.8,2680,3,"Applicant follow-up needed"
4832280,00163,05/27/2021,Retired,25321,669,No,Yes,Pending,4807.68,5008,3,N/A
4832637,01174,2022-09-05,Unemployed,77017,656,Yes,1,Approved,2005.08,3038,1,"Applicant provided pay stubs."
4834710,00294,03/26/2023,Full-Time,181140,,No,,Denied,2040,3400,1,"Co-signer pending review."
4836519,01342,03/22/2020,Full-Time,56720,718.0,Yes,No,Denied,3743.04,4456,3,"Missing bank statements."
4837640,00823,12-21-2020,Part-Time,226582,765,Yes,FALSE,Denied,4447.74,6739,2,"Applicant follow-up needed"
4837908,01257,2022-11-20,Full-Time,97625,N/A,No,no,Approved,974.4,1015,5,N/A
4838453,00393,04/08/2021,Self-Employed,230560,302,No,FALSE,Denied,2121.6,2720,3,"Applicant provided pay stubs."
4839566,00017,2020-03-26,Full-Time,92420,649,Yes,No,Approved,3039.36,3166,2,"Flagged for manual review."
4841845,01365,01/10/2024,Unemployed,219925,643.0,No,FALSE,Approved,3023.46,4581,2,"Referred by agent."
4842496,00417,02/12/2022,Self-Employed,93066,630,No,,Approved,4733.52,7172,2,"Missing bank statements."
4842639,00916,04/25/2024,Full-Time,155301,416,Yes,1,Denied,1395.24,2114,3,
4842789,00830,10/08/2022,Self-Employed,148183,,No,Y,Pending,2363.46,3581,3,"income verified via Plaid"
4848868,01207,"June 28, 2024",Self-Employed,152283,718,Yes,No,Denied,3138.24,3269,1,
4849157,01345,16/09/2024,Retired,78439,691,No,0,Denied,4056.96,4226,3,
4849413,01263,2021-12-15,Full-Time,168047,599,No,true,Approved,2489.76,2964,5,"Flagged for manual review."
4850062,00757,2021-09-13,Contract,137985,756,No,true,Pending,1780.2,2967,2,"Missing bank statements."
4850108,00950,03/20/2022,Contract,159975,757,No,TRUE,Withdrawn,2731.08,4138,5,"Renewal case."
4850206,01415,09-04-2020,Contract,229019,712,No,TRUE,Approved,3528,3675,4,N/A
4851532,01340,2022-10-23,Self-Employed,233286,744.0,No,no,Approved,1099.56,1666,3,"docs expired"
4852490,00457,04-14-2021,"Self Employed",63078,745,No,N,Approved,2878.26,4361,2,N/A
4853959,00517,01-04-2023,Unemployed,191150,765,Yes,false,Approved,3165,5275,5,"Co-signer pending review."
4855166,00817,"August 21, 2021",Retired,213018,729,No,,Pending,3059.76,4636,2,"Referred by agent."
4855277,00364,09-16-2024,Contract,82044,825,No,FALSE,Approved,1817.64,2754,4,"Applicant follow-up needed"
4856770,00301,07/05/2022,Student,22164,846,Yes,0,Denied,1854.84,2378,5,"income verified via Plaid"
4860004,01590,08-20-2020,Part-Time,149972,632,No,false,Approved,939.18,1423,4,n/a
4861458,00917,2024-05-28,Self-Employed,136152,729,No,no,Pending,1093.62,1657,4,"Renewal case."
4863540,00738,2020-10-19,Contract,33677,742,No,Y,Pending,3475.08,4137,2,"Flagged for manual review."
4865245,00762,"May 12, 2023",Contract,87194,702,Yes,No,Approved,798.6,1331,2,"Applicant provided pay stubs."
4865285,00979,2020-07-21,Student,88795,742,No,TRUE,Denied,1614.48,1922,5,"Renewal case."
4867165,00827,"March 27, 2022",Full-Time,67148,692.0,No,N,Denied,2832.72,4292,3,"Applicant provided pay stubs."
4867430,01023,09/21/2021,Unemployed,3639,718,No,TRUE,Approved,885.36,1054,1,N/A
4867441,01667,06/25/2023,Self-Employed,156868,626,No,Yes,"Under Review",4618.56,4811,5,"Missing bank statements."
4871248,00119,"August 25, 2021",Retired,71058,N/A,No,no,Denied,3736.2,4790,1,.
4872970,01033,2021-04-22,Retired,81100000,,No,No,Approved,2390.64,2846,3,"Applicant follow-up needed"
4874562,00414,2024-08-18,Full-Time,71190,676,No,TRUE,Denied,2825.76,3364,5,N/A
4877742,01274,24/05/2024,Full-Time,207000000,787,No,true,Approved,2352,2800,4,"Applicant provided pay stubs."
4885365,01031,"September 15, 2020",Contract,95620,791,Yes,FALSE,Denied,2034.24,2119,5,"docs expired"
4885579,00704,01-26-2021,Retired,220476,N/A,No,false,Approved,3208.92,4114,5,
4885738,01287,10-21-2023,"Self Employed",224149,,No,yes,Approved,6330.24,6594,3,"Applicant follow-up needed"
4886650,00310,"April 21, 2023",Part-Time,35724,680.0,No,no,Pending,898.26,1361,4,"Missing bank statements."
4887360,00565,,Self-Employed,110149,692,No,N,Pending,928.8,1548,3,"Renewal case."
4888257,00348,2022-01-30,PT,161583,786,No,,Withdrawn,6892.08,8836,4,"income verified via Plaid"
4888310,01325,07-18-2022,Unemployed,23278,601,No,Y,Denied,3008.94,4559,3,"Co-signer pending review."
4890746,00393,"August 07, 2021",Contract,11502,666,No,false,Denied,1632,2720,3,
4891199,00206,01-22-2023,Part-Time,177908,816,No,false,Approved,2804.88,3596,4,.
4892029,01718,21/12/2022,Contract,160582,632,No,,Denied,1382.94,1773,4,"Missing bank statements."
4893348,00690,"April 07, 2021",Contract,35334,616,No,false,Approved,1128.96,1344,2,"Applicant follow-up needed"
4893709,01553,2020-04-07,Unemployed,210805,468,No,true,Approved,2106.72,3192,5,"Applicant provided pay stubs."
4895021,00908,12/12/2024,Full-Time,206811,678,No,true,Denied,2886,4810,5,"Referred by agent."
4895503,00154,21/01/2024,Contract,40786,663,No,1,Approved,1327.68,1383,3,"Applicant provided pay stubs."
4895759,00220,"May 14, 2020",Retired,182121,,No,0,Approved,2033.28,2118,5,"Referred by agent."
4897527,01052,05/10/2020,Student,202855,833,Yes,Yes,Denied,3336,3475,1,"Co-signer pending review."
4899454,00162,01-02-2023,Self-Employed,155313,,No,Y,Approved,713.4,1189,4,"Co-signer pending review."
4901296,00640,11-02-2024,Self-Employed,220433,784,Yes,yes,"Under Review",3634.56,3786,3,"Missing bank statements."
4902099,00340,"March 11, 2024",Unemployed,105822,747,No,yes,Approved,10030.44,11941,2,"docs expired"
4902408,01174,"May 17, 2021",Student,230944,780,No,yes,Withdrawn,993.6,1656,2,"Referred by agent."
4902899,01558,2024-06-01,Part-Time,159973,827,No,1,Pending,4274.16,6476,2,N/A
4903389,00135,"August 21, 2022",Part-Time,162917,747,No,1,Approved,927.6,1546,2,.
4904274,00968,17/09/2023,Contract,49680,550,Yes,Yes,Denied,2160.18,3273,1,"Applicant follow-up needed"
4907143,01423,03/16/2023,Student,167736,,Yes,yes,approved,4187.04,5368,2,.
4909432,00416,"February 21, 2021",Self-Employed,58517,758.0,No,TRUE,"Under Review",2376.6,3961,1,
4910946,00817,"March 05, 2024",Full-Time,125635,691,No,Y,Withdrawn,2781.6,4636,4,"Flagged for manual review."
4911234,00888,05-10-2023,Unemployed,130890,761,Yes,false,Approved,3447.18,5223,2,"Renewal case."
4911337,00358,01-17-2022,Full-Time,238629,742,No,false,Pending,1626.24,1936,3,"Missing bank statements."
4912811,01034,10-09-2020,Unemployed,233037,687,No,Y,Denied,2217.6,3360,3,
4913080,00793,12/06/2023,Contract,108182,739,No,Y,Withdrawn,8884.8,9255,4,"Co-signer pending review."
4914767,01662,08/05/2023,Contract,188107,322,Yes,Y,Denied,6008.64,6259,3,"income verified via Plaid"
4915127,00682,28/04/2024,Unemployed,109910,790,No,no,Pending,4126.8,6878,3,"docs expired"
4915757,00682,,Full-Time,130627,608,No,true,Approved,4126.8,6878,1,"Applicant provided pay stubs."
4915938,01658,"November 03, 2023",Retired,129773,631,No,FALSE,Pending,2303.4,3490,5,N/A
4916289,01638,"May 27, 2020",Full-Time,206700000,773,Yes,no,pending,6951.78,10533,1,
4918148,00074,"April 09, 2024",Retired,7238,789,No,No,Denied,7764.12,0,5,"Applicant follow-up needed"
4919979,00710,09-05-2024,Retired,244708,N/A,No,1,"Under Review",811.2,1352,3,"Renewal case."
4920858,00323,15/07/2024,Retired,315101,,No,1,Approved,5757.12,5997,1,.
4922283,01628,,Part-Time,24837,768.0,No,true,"Under Review",3883.44,5884,2,"Flagged for manual review."
4924985,01707,10-30-2023,Full-Time,139217,790,No,false,Approved,3576,5960,1,"Applicant provided pay stubs."
4925048,01486,05-01-2024,Self-Employed,97987,,No,TRUE,"Under Review",2457.6,4096,3,"Missing bank statements."
4925084,01518,"September 19, 2020",Retired,91804,630,No,true,Approved,2654.4,4424,2,"Missing bank statements."
4926963,00169,11/16/2022,Unemployed,60352,459,No,yes,Approved,2448,4080,5,"Missing bank statements."
4927021,00027,03/08/2020,Retired,89426,669,Yes,0,Pending,1480.32,1542,5,"Renewal case."
4927152,00405,2023-12-15,Self-Employed,165946,742,No,yes,Approved,2051.52,2137,1,"Applicant provided pay stubs."
4927499,01323,27/02/2023,Student,237696,753,Yes,no,Approved,1307.52,1362,3,"Referred by agent."
4928474,00087,08-03-2024,Self-Employed,196281,794.0,No,1,Denied,3496.2,5827,1,"Applicant provided pay stubs."
4929129,01242,,Retired,61170,583,No,1,Withdrawn,2377.98,3603,1,
4929744,01731,10-26-2021,Student,183233,,No,1,Pending,3587.64,4271,2,N/A
4932858,00166,03-07-2021,Retired,216788,708,No,N,Approved,2882.88,3003,3,.
4933479,01680,2024-04-27,Part-Time,141063,624,No,true,Approved,2770.32,3298,2,"Applicant provided pay stubs."
4940002,00117,05/08/2022,Part-Time,74013,655,Yes,false,Denied,2583.36,2691,4,"Applicant provided pay stubs."
4940800,01240,01/07/2023,Unemployed,142988,N/A,No,no,Approved,4845.12,5047,2,"Applicant follow-up needed"
4941041,00535,"October 30, 2023",Contract,45834,601,No,,Denied,1001.28,1192,2,"Flagged for manual review."
4941673,00769,"May 21, 2022",Retired,25383,580,No,1,Denied,5510.4,5740,4,
4942095,00468,"December 27, 2023",Retired,64854,767,No,,Denied,2600.64,3096,2,.
4942447,01122,21/09/2024,Part-Time,189257,827,No,true,Approved,2164.5,2775,5,.
4942835,00868,18/08/2020,Retired,56048,,No,yes,Approved,2080.8,3468,5,n/a
4944904,00544,"January 04, 2023",Retired,143931,,No,Y,Pending,2685.12,2797,1,"Applicant provided pay stubs."
4944911,00974,11/15/2020,Full-Time,288791,,Yes,N,Approved,4231.5,5425,2,.
4946882,01496,03/07/2024,FT,57492,624,No,1,Approved,3848.46,0,1,N/A
4947262,00810,06-13-2021,Retired,75212,810,Yes,true,Pending,6426.24,6694,2,"docs expired"
4948929,00561,05-30-2024,Full-Time,70435,674,No,no,Approved,1638.72,1707,4,"Missing bank statements."
4949274,00060,2020-01-25,Student,220608,775,No,N,Denied,697.2,1162,3,n/a
4949495,00901,01/26/2021,Unemployed,64383,716,No,true,Approved,5364.48,5588,4,"Applicant provided pay stubs."
4951606,00657,19/10/2024,Student,190388,,No,TRUE,Pending,1824,1900,3,
4952596,01777,05/27/2020,Part-Time,99677,670,No,TRUE,Denied,1753.44,2248,1,"income verified via Plaid"
4952619,01029,2020-09-22,Part-Time,180902,582,No,0,Denied,1749.72,2083,1,"Applicant follow-up needed"
4955846,00102,"February 02, 2020",Student,39718,691,No,yes,Withdrawn,1909.38,2893,5,"docs expired"
4959537,01713,09/05/2022,Contract,159672,,No,Y,Approved,6982.08,8312,5,n/a
4959901,00056,07-01-2022,Self-Employed,177666,329,No,false,Denied,2589.84,3924,5,.
4962036,01040,11/30/2023,Full-Time,68105,N/A,Yes,Yes,Approved,2119.26,2717,4,
4962437,00352,2021-12-25,Full-Time,113871,598,No,false,Pending,1423.8,2373,3,"Renewal case."
4964851,00214,2024-06-24,Student,235706,639,No,,Denied,2506.2,4177,1,"Applicant provided pay stubs."
4965868,01556,06/22/2024,Unemployed,198197,754,No,,Denied,1683,2550,4,
4966420,01278,19/06/2023,Full-Time,130110,755,Yes,1,Approved,2305.92,2402,2,"Renewal case."
4967036,01185,"August 29, 2020",Retired,24082,730.0,No,1,Denied,1705.2,2030,3,"Flagged for manual review."
4967343,00603,11-16-2024,Unemployed,232727,,Yes,Y,Pending,724.8,1208,3,"Flagged for manual review."
4968556,00406,2024-10-18,Full-Time,109293,705,Yes,1,Denied,3007.62,4557,3,
4968839,00441,2024-06-28,Unemployed,205321,701,No,1,Pending,3365.4,5609,4,"Flagged for manual review."
4968889,00087,11-07-2021,Self-Employed,42000000,683,No,Y,Approved,3845.82,5827,1,"Referred by agent."
4972495,00880,26/03/2024,Self-Employed,123330,799,No,FALSE,Denied,2112.6,2515,4,"Flagged for manual review."
4972848,01609,10-27-2020,Part-Time,199108,651,No,TRUE,Approved,3796.32,5752,5,
4973670,00657,12-19-2023,Unemployed,184686,790,No,0,Approved,1596,1900,3,"Referred by agent."
4975063,00147,"December 18, 2024",Contract,191856,818,No,true,Denied,2684.76,3442,2,"Co-signer pending review."
4975493,00347,05/05/2021,Student,79895,742,Yes,0,Denied,2879.04,2999,4,n/a
4975765,00699,01-14-2023,Student,227527,727,No,no,Approved,3309.6,3940,4,"Referred by agent."
4976427,00557,04/24/2023,Student,34400000,679,No,Y,Withdrawn,2134.2,3557,1,
4976510,01002,03-29-2021,Unemployed,93649,818,No,false,Denied,4987.8,8313,2,"Referred by agent."
4978353,01131,"June 23, 2023",Student,59342,,No,0,Denied,1102.86,1671,2,"income verified via Plaid"
4978747,01028,12/02/2024,Retired,247495,332,No,false,Approved,2386.8,3060,3,"Missing bank statements."
4981446,01012,05-23-2022,Contract,72486,690.0,No,no,Approved,3468.66,4447,2,"Flagged for manual review."
4984884,00987,2022-08-31,Retired,101084,666.0,No,Y,Approved,3391.8,5653,5,n/a
4985314,00629,"August 12, 2020","Self Employed",149577,682,No,N,Denied,937.86,1421,1,n/a
4985376,00107,01-22-2023,Contract,168140,788,No,TRUE,Approved,2190.54,3319,4,n/a
4985505,01123,19/04/2022,Student,37014,671,Yes,TRUE,Approved,1654.08,1723,1,N/A
4985655,01375,2021-10-09,Unemployed,135309,796,Yes,1,Denied,2450.88,2553,5,"Applicant provided pay stubs."
4986483,00793,13/04/2022,Student,191959,678.0,No,TRUE,Denied,5553,9255,1,"Co-signer pending review."
4986760,01084,"January 25, 2024",Contract,227412,582,No,TRUE,Approved,1922.88,2003,2,"income verified via Plaid"
4987680,01793,10/11/2024,Full-Time,245890,,No,1,Withdrawn,2492.88,3196,5,.
4988436,00813,10/14/2021,Student,221618,586,No,FALSE,Denied,1809.6,2320,2,
4989029,01293,11-30-2024,Full-Time,56168,797,No,FALSE,Pending,2154.24,2244,2,
4990029,01426,02/11/2024,Contract,220530,715,No,FALSE,pending,6846.72,7132,2,"Missing bank statements."
4990394,01501,09-10-2021,Self-Employed,168547,724,No,false,Approved,976.56,1252,1,"Renewal case."
4991597,00597,10-30-2021,Student,93876,683,No,false,Withdrawn,1413,2355,3,n/a
4993658,00462,09-16-2021,Part-Time,38235,640,No,,Approved,1556.28,2358,2,"Referred by agent."
4993696,01741,,Full-Time,94782,641,No,N,Approved,3503.94,5309,4,"docs expired"
4995324,00813,07/14/2021,Student,148969,668,No,false,Denied,1809.6,2320,4,"Referred by agent."
4996191,00271,12-15-2024,Contract,25475,N/A,No,0,Approved,7805.76,8131,5,"Co-signer pending review."
4996724,00554,08/12/2021,Contract,195821,692,No,Y,Approved,3786,6310,3,"Renewal case."
4997059,00113,2023-10-20,Full-Time,200179,689,No,TRUE,Approved,1345.8,2243,1,"Applicant follow-up needed"
5000242,01063,"September 13, 2023",Self-Employed,9416,721,Yes,false,Denied,1530.24,1594,1,"Renewal case."
5002115,00994,10/02/2023,Part-Time,187711,692,No,N,Pending,1020,1700,3,.
5005248,01168,30/05/2024,Self-Employed,76936,,No,false,Pending,3151.5,4775,4,
5005418,00014,2020-06-17,Full-Time,113519,689,No,no,"Under Review",1300.2,2167,4,"Flagged for manual review."
5005967,00942,2022-09-22,Student,44187,,No,N,Approved,1389.96,2106,4,"Missing bank statements."
5006378,00369,"August 06, 2021",Self-Employed,26385,602,No,No,Withdrawn,970.2,1617,5,
5006392,00320,03/08/2023,Self-Employed,187855,797,Yes,yes,Approved,2719.68,2833,5,"Co-signer pending review."
5007061,01418,05-20-2022,Unemployed,143233,811,No,TRUE,Withdrawn,2104.08,3188,3,"Flagged for manual review."
5009776,00099,07-08-2021,Retired,92843,404,No,Y,Approved,2491.32,3194,4,"Applicant follow-up needed"
5010553,00968,2020-11-30,Student,231144,301,No,false,Approved,2160.18,3273,4,"Applicant provided pay stubs."
5011045,00788,02/05/2021,Retired,146934,794,Yes,No,Approved,4475.52,5328,3,"Co-signer pending review."
5012407,01317,2020-06-17,Contract,230741,764.0,No,N,Approved,2041.26,2617,3,"Applicant provided pay stubs."
5012992,00903,01/04/2021,Contract,40092,798,No,No,Approved,2654.4,4424,2,"Renewal case."
5014609,01050,2021-03-29,Unemployed,132866,747,Yes,TRUE,Approved,1116.06,1691,1,"docs expired"
5014861,00517,2020-04-06,Self-Employed,170309,816,No,1,Denied,5064,5275,3,"Co-signer pending review."
5015648,00199,24/06/2023,Retired,55105,711,Yes,true,Denied,1776.96,1851,2,
5018299,01481,"February 21, 2022",Retired,57162,846,No,1,Denied,1161.42,1489,3,.
5020291,00046,07/12/2024,Contract,175953,349,No,No,Approved,1808.82,2319,3,"docs expired"
5021101,01591,"April 18, 2022",Self-Employed,63655,763,No,no,Pending,4371.6,7286,3,"Renewal case."
5021351,00693,03-28-2023,Part-Time,47401,,No,TRUE,Approved,3013.92,3588,3,n/a
5023539,01630,02-01-2021,Full-Time,113712,723,Yes,yes,Pending,748.44,1134,5,"Co-signer pending review."
5024700,00601,"December 20, 2020",Contract,218453,792,No,yes,Denied,1011,1685,1,"Flagged for manual review."
5024867,01179,"August 24, 2023",FT,178262,773,No,Y,Approved,5030.22,6449,1,"Missing bank statements."
5025514,01677,,Part-Time,106242,670,No,Y,Pending,519.6,866,2,
5025853,01448,01/12/2020,Student,204991,N/A,No,TRUE,"Under Review",2422.56,2884,1,n/a
5027362,01703,13/06/2023,Unemployed,28937,763,No,no,Approved,7483.2,12472,3,
5032352,01135,"December 30, 2023",Unemployed,75198,712,Yes,no,Approved,1608,2680,3,.
5032401,00614,02/08/2022,Self-Employed,77320,,Yes,TRUE,Approved,3871.56,4609,3,.
5035555,00827,2024-07-15,Retired,198512,627,No,FALSE,Approved,3605.28,4292,4,"Referred by agent."
5038059,00456,07/26/2022,Contract,34654,816,No,N,Pending,940.8,1120,4,
5040178,00002,08/05/2024,Retired,121800000,598,Yes,false,Denied,2403.18,3081,1,n/a
5040264,01547,"December 20, 2023",Part-Time,118298,322,No,N,Approved,3175.2,3780,2,"Missing bank statements."
5041460,01617,"December 23, 2020",Part-Time,235946,739,No,Yes,approved,684.6,815,4,"Renewal case."
5041467,01241,"October 14, 2023",Unemployed,15357,761,No,N,Withdrawn,1474.56,1536,4,"docs expired"
5041850,00284,"October 21, 2020",Self-Employed,74000,835,No,0,Approved,2152.92,2563,5,"Applicant provided pay stubs."
5042711,01754,04/01/2023,Retired,106074,773,No,Y,Approved,3734.64,4788,4,
5044581,00099,31/05/2021,Retired,228531,757,Yes,no,Approved,2682.96,3194,2,
5047563,01667,2023-01-23,Full-Time,31583,775,No,N,"Under Review",3752.58,4811,1,"Renewal case."
5047707,00076,2023-07-21,Student,64407,671,Yes,N,denied,1846.08,1923,5,
5048557,00514,06-01-2023,Unemployed,62459,765,No,TRUE,Approved,555,925,4,"Missing bank statements."
5049758,01771,12/11/2020,Retired,100192,347,No,false,Withdrawn,3361.8,4310,2,"income verified via Plaid"
5055162,01689,"July 20, 2021",Self-Employed,234442,799,No,yes,Approved,4645.8,7743,3,"Renewal case."
5056745,00949,05-08-2020,Unemployed,113104,734,No,yes,Approved,1580.7,2395,5,"docs expired"
5056976,01337,11/24/2020,Part-Time,115999,640,No,false,Withdrawn,1440,2400,4,"Applicant follow-up needed"
5058765,00776,17/09/2024,Retired,226611,,No,yes,Approved,1730.4,2060,3,"Applicant follow-up needed"
5060015,00997,"April 25, 2023",Student,42386,,No,no,Approved,3524.04,4518,4,n/a
5060301,01010,10/11/2020,Contract,73523,834,No,N,Denied,726,1100,3,N/A
5060556,00627,"July 16, 2023",Full-Time,247251,698,Yes,No,Pending,3520.92,4514,2,"Applicant follow-up needed"
5063217,00245,13/09/2021,Unemployed,39291,612,No,true,Pending,3173.76,3306,4,
5064160,01312,2023-01-10,Retired,158029,607.0,No,false,Approved,756.6,970,4,"Referred by agent."
5064458,00958,12-29-2021,Self-Employed,28944,744,No,N,"Under Review",1447.8,2413,4,"Applicant follow-up needed"
5067339,00633,"August 04, 2022",Self-Employed,224187,480,No,no,Denied,2799.6,4666,5,"Flagged for manual review."
5067946,01135,2021-05-17,Full-Time,56088,623,Yes,false,Approved,1608,2680,3,"Co-signer pending review."
5070989,01681,07/03/2020,Part-Time,6734,772,No,No,Approved,2995.74,4539,2,n/a
5071197,01398,,Retired,65337,614,No,Y,Denied,1753.2,2922,5,.
5071846,00166,"January 28, 2021",Contract,219724,N/A,Yes,yes,Approved,1801.8,3003,3,"Referred by agent."
5074113,01585,09-14-2020,Student,118414,773,Yes,yes,Approved,1512.42,0,5,"income verified via Plaid"
5075134,00627,11/12/2021,Part-Time,227388,697,No,true,Denied,2979.24,4514,4,"Applicant follow-up needed"
5076656,01028,27/06/2020,Retired,130781,688,No,0,Pending,861.3,1305,3,n/a
5076795,01026,05-20-2023,Unemployed,206077,655,No,Y,Denied,3595.8,5993,1,"Applicant follow-up needed"
5078186,01593,"December 25, 2023",Unemployed,144574,740,No,false,Withdrawn,4154.28,0,2,"docs expired"
5078829,00628,2024-04-20,Full-Time,39797,767,No,false,Approved,4302.72,4482,5,"Flagged for manual review."
5080875,00907,10/10/2022,Retired,93431,839,No,0,Pending,1189.8,1983,1,"Applicant follow-up needed"
5085188,00347,01/25/2022,Self-Employed,93804,696,No,,Withdrawn,2339.22,2999,2,"Referred by agent."
5085434,01065,04/07/2023,Unemployed,53698,673,Yes,true,Approved,2319.36,2416,5,
5086133,01331,"October 06, 2022",Self-Employed,47443,823.0,No,yes,Pending,3880.32,4042,5,"Co-signer pending review."
5087045,00703,26/04/2023,Contract,208518,N/A,No,No,Pending,929.04,1106,2,.
5087649,00941,01/22/2022,Student,99753,569,No,false,Approved,1886.94,2859,2,"income verified via Plaid"
5088728,01306,,Contract,209562,724,Yes,true,Withdrawn,1522.56,0,2,N/A
5090859,00933,"October 04, 2023",Retired,240243,842,No,,Approved,1343.16,1722,4,"Applicant follow-up needed"
5094276,01211,01-15-2021,Retired,196836,,No,no,approved,1359.54,1743,4,"Renewal case."
5095408,00628,06-25-2021,Contract,204316,817,Yes,No,"Under Review",3764.88,4482,4,.
5096239,00619,19/01/2024,Retired,110706,713,Yes,N,Pending,9861.12,10272,2,"Renewal case."
5097172,00905,11/29/2021,Part-Time,143391,714,No,FALSE,Withdrawn,5554.92,6613,2,"docs expired"
5098028,00743,13/10/2021,Full-Time,192987,641,No,,Pending,648.96,832,1,"income verified via Plaid"
5098080,00494,"July 28, 2024",Full-Time,99174,774,No,No,"Under Review",3579,5965,5,"docs expired"
5098675,00925,11-10-2023,Student,54100,752,No,,Approved,2664,2775,2,.
5100027,00059,09-05-2021,Part-Time,167730,728,No,FALSE,Denied,1513.2,2522,3,"Missing bank statements."
5101386,00099,"December 06, 2020",Unemployed,122199,,No,Yes,Approved,2491.32,3194,1,
5101475,01327,"April 04, 2023",Unemployed,72234,693,No,Yes,Withdrawn,2515.5,3225,5,"income verified via Plaid"
5101507,01212,25/05/2024,Student,197807,,No,yes,Withdrawn,1212.12,1443,1,"Co-signer pending review."
5103209,01261,01-14-2023,Self-Employed,82611,521,No,1,Approved,1510.08,0,2,"Co-signer pending review."
5103646,01052,01-22-2023,Part-Time,87439,773,No,FALSE,Denied,2293.5,3475,3,"Co-signer pending review."
5104138,01588,2023-08-08,Self-Employed,126390,753,No,1,Approved,9903.6,11790,5,.
5105297,01781,"December 09, 2023",Self-Employed,47581,683,No,yes,Approved,1970.64,2346,1,"Flagged for manual review."
5105414,01440,"April 17, 2024",Self-Employed,304878,733,No,1,Approved,1063.92,1612,2,"Flagged for manual review."
5106122,01129,12-08-2024,Self-Employed,78745,,Yes,Y,"Under Review",1898.4,3164,1,"docs expired"
5106165,00478,07/22/2022,"Self Employed",85418,760,No,No,"Under Review",1814.4,3024,3,N/A
5107561,00089,03/29/2023,Retired,286669,710,Yes,FALSE,Denied,2113.32,3202,4,.
5108222,00350,14/09/2024,Full-Time,58120,805,Yes,N,Approved,9661.68,11502,5,"Renewal case."
5108358,00923,12/28/2020,Unemployed,45437,812,Yes,false,"Under Review",2178.6,3631,5,"Renewal case."
5110259,00851,2020-03-08,Student,114358,788,Yes,no,"Under Review",1887.36,1966,4,
5112546,01743,08-29-2024,Contract,140509,760,No,true,Denied,1062.72,1107,5,"Renewal case."
5114727,00549,"May 27, 2022",Full-Time,70286,370,No,true,Denied,1958.88,2968,1,
5114772,00889,27/08/2021,Full-Time,82239,673,No,N,Pending,2694,4490,3,"Applicant follow-up needed"
5117117,00665,22/09/2023,Part-Time,37815,684,No,FALSE,Approved,2694.12,4082,4,"Applicant follow-up needed"
5117348,00729,"November 13, 2022",Contract,89100000,660,No,FALSE,Approved,1617.72,2074,4,"Applicant provided pay stubs."
5117470,00024,04/01/2020,Unemployed,252392,750,Yes,no,"under review",2315.04,2968,3,"Referred by agent."
5118795,00302,09/29/2024,Part-Time,268652,850,Yes,yes,Denied,1782,2700,2,"Applicant provided pay stubs."
5119072,01503,"November 07, 2021",Full-Time,242564,755,Yes,1,Denied,2915.52,3037,1,.
5120774,00910,10/22/2022,Retired,138200000,737,No,,Approved,2348.16,2446,2,"Applicant follow-up needed"
5121242,01102,2022-10-09,Unemployed,221700,568,No,Y,Approved,1543.08,2338,5,"Missing bank statements."
5121408,00098,04-15-2023,Full-Time,66747,821,No,0,Pending,1862.4,1940,5,N/A
5121534,00537,10/30/2023,Unemployed,173269,N/A,No,,Approved,3802.68,4527,2,"Applicant follow-up needed"
5122697,00740,"January 25, 2021",Contract,125078,614,No,FALSE,Denied,1777.38,2693,2,"Applicant provided pay stubs."
5127648,01035,11/07/2022,Unemployed,16086,782,Yes,No,Withdrawn,3156.12,4782,1,"Referred by agent."
5130909,00762,06/12/2022,Student,220595,N/A,No,yes,Pending,798.6,1331,5,"income verified via Plaid"
5132093,00866,2022-12-15,Retired,235391,346,No,FALSE,Approved,2079,2475,4,"Referred by agent."
5133652,00662,2022-09-06,Retired,205817,807,No,false,Approved,1003.86,1521,2,"Renewal case."
5134522,00950,04/24/2021,Unemployed,25481,794,No,N,Approved,3475.92,4138,3,n/a
5136024,01348,"October 07, 2024",Unemployed,192772,,No,yes,Denied,6287.4,7485,2,"Flagged for manual review."
5136982,00367,10/29/2023,Part-Time,162707,608,No,1,Pending,1581.06,2027,1,"Applicant provided pay stubs."
5138026,01102,04/11/2020,Self-Employed,183182,591,Yes,N,Pending,1402.8,2338,3,"Renewal case."
5139285,00407,07/06/2022,Part-Time,143058,739,Yes,TRUE,Approved,844.2,1407,2,"Applicant follow-up needed"
5139460,01013,"June 06, 2024",Student,19017,766,No,N,Denied,2277.24,2711,2,"income verified via Plaid"
5140289,00407,07/20/2021,Contract,231232,,No,Y,"Under Review",844.2,1407,4,"Co-signer pending review."
5140969,00567,2023-01-08,Contract,218976,719,No,true,Approved,1386.84,1778,5,"Referred by agent."
5141067,00481,2020-03-02,Unemployed,243070,750,No,No,Approved,1548.12,1843,5,N/A
5142696,01363,08-04-2022,Unemployed,6610,754,No,true,Denied,1500.24,1786,2,"Missing bank statements."
5144566,01708,04-10-2020,Self-Employed,124416,605,Yes,FALSE,Approved,2969.28,3093,1,"Missing bank statements."
5145033,00864,"January 06, 2022",Full-Time,263575,711,No,0,Approved,5547.96,8406,3,"Co-signer pending review."
5145998,01489,03-01-2020,Contract,242253,388.0,No,N,Denied,1093.68,1302,4,"Renewal case."
5146178,00456,07/03/2020,Retired,137206,724,No,N,Approved,873.6,1120,2,"docs expired"
5146374,00629,03-04-2024,Contract,8188,676,No,no,Pending,1108.38,1421,1,"Co-signer pending review."
5146429,00178,23/03/2024,Contract,131756,448,No,true,"Under Review",2752.62,3529,5,"Renewal case."
5148156,00739,2020-06-05,Self-Employed,207226,588,No,Yes,Pending,2658.6,3165,4,
5148998,00111,31/01/2020,Retired,111741,740,No,false,Denied,1239.6,2066,4,.
5149160,00975,"September 21, 2024",Unemployed,59177,652,Yes,yes,Approved,3530.34,5349,3,n/a
5149967,00159,07/23/2022,Retired,143359,716,Yes,1,Denied,930.72,1108,4,"Applicant provided pay stubs."
5152335,01712,01/05/2023,Retired,162294,766,Yes,No,Denied,1661.76,1731,1,"Applicant follow-up needed"
5154592,00135,08-18-2020,Contract,218463,795,No,Yes,Denied,1205.88,1546,2,n/a
5154991,01716,21/07/2022,Part-Time,39537,742,Yes,no,Approved,1749.6,2916,5,.
5157976,00450,,Student,145716,786,Yes,false,"Under Review",1341.6,1720,4,"Flagged for manual review."
5158345,00954,12/19/2021,Part-Time,91781,774,No,no,Approved,5012.28,5967,4,"Applicant follow-up needed"
5159619,00269,"April 12, 2022",Full-Time,202090,N/A,Yes,Yes,Approved,1713.6,2040,3,"Flagged for manual review."
5160476,01525,10/06/2024,Unemployed,26718,745,No,Yes,Pending,2798.04,3331,5,
5162339,00757,02/14/2021,Student,310593,724,Yes,FALSE,Approved,2848.32,2967,5,"Applicant provided pay stubs."
5165228,01673,2023-10-21,Retired,185728,721,No,false,Approved,4208.1,5395,2,"income verified via Plaid"
5166779,00599,"January 21, 2021",Student,37128,723.0,No,Yes,Denied,1175.16,1399,4,
5167193,01588,08/08/2021,Self-Employed,199166,841,No,Y,Approved,9903.6,11790,1,"Renewal case."
5167205,00253,2021-06-16,Contract,71087,,No,1,Pending,3001.44,3848,1,"Referred by agent."
5167389,00812,02-13-2024,Full-Time,53254,N/A,No,no,Approved,1788.6,2981,4,
5169106,00814,22/12/2021,Student,46442,626,No,false,Withdrawn,8871.24,10561,3,
5170947,00225,14/06/2024,Retired,195039,608,No,N,Approved,1383.72,1774,3,"Renewal case."
5173768,00233,"November 04, 2020",Full-Time,213089,494,No,,Withdrawn,2512.44,2991,2,N/A
5177289,01390,06/03/2024,Unemployed,199677,710,No,FALSE,Approved,1491.6,2260,3,"income verified via Plaid"
5188209,01402,2023-10-14,Retired,110357,734,No,1,Approved,762.72,908,4,"docs expired"
5188428,00357,"November 21, 2023",Retired,144409,695,No,1,"Under Review",5115.6,6090,4,"Renewal case."
5189848,00896,"November 27, 2024",Part-Time,234585,715,No,false,Denied,6947.52,7237,1,"income verified via Plaid"
5190463,00903,10/24/2022,Contract,27268,734.0,No,0,denied,2919.84,4424,1,N/A
5191044,01714,01/31/2024,Retired,68985,716,No,No,Denied,2187.9,2805,2,"Renewal case."
5192910,01445,09-21-2021,Self-Employed,221604,735,No,yes,Withdrawn,7014,8350,1,"income verified via Plaid"
5193253,01727,01/06/2020,Retired,68522,662,Yes,Y,Approved,3369.6,3510,1,"Applicant provided pay stubs."
5197014,01106,25/10/2023,Part-Time,210663,849,No,N,Pending,1221.12,1272,1,"Applicant follow-up needed"
5198980,00474,08/15/2020,Full-Time,114098,403,No,FALSE,Denied,1680,1750,4,"Referred by agent."
5199633,01601,11/24/2021,Part-Time,228120,592,No,no,"Under Review",1542.42,2337,3,"income verified via Plaid"
5199807,01064,2020-12-25,Unemployed,232879,747,Yes,Yes,Pending,1511.4,2519,2,"Applicant follow-up needed"
5200068,01176,07-01-2021,Contract,107026,754,No,1,"Under Review",1193.28,1808,5,"Flagged for manual review."
5200219,00194,08/08/2021,Part-Time,140032,587,Yes,N,"Under Review",3561.48,4566,4,.
5202018,01018,2023-10-30,Unemployed,241399,727,No,,Approved,4600.8,7668,3,"Renewal case."
5204348,01463,06-27-2020,Full-Time,219378,658,Yes,Y,Pending,2948.4,3510,4,N/A
5205595,01323,11-07-2021,Retired,46004,687,No,Y,Denied,898.92,1362,4,"income verified via Plaid"
5208175,00095,06/21/2020,Retired,221968,752,No,yes,Denied,3802.26,5761,2,"Missing bank statements."
5209652,01268,12/07/2024,Self-Employed,29945,716,No,,Approved,7247.04,7549,2,"Co-signer pending review."
5210250,01076,04/02/2024,Contract,143677,757,No,true,Approved,2839.68,2958,1,.
5211277,00129,03-03-2020,Student,16444,405,Yes,1,Withdrawn,947.1,1435,4,"docs expired"
5213373,01794,"November 25, 2021",Self-Employed,137840,842,No,no,Approved,3460.8,5768,4,"income verified via Plaid"
5214312,00877,2023-07-15,Unemployed,130450,830,No,FALSE,Pending,2548.2,4247,3,"docs expired"
5215152,00112,08/07/2021,Unemployed,174952,617,Yes,true,approved,4463.04,4649,1,.
5215508,01043,08/26/2023,Part-Time,138908,667,No,0,Approved,2386.44,2841,3,N/A
5216399,00789,04-08-2020,Student,161965,754,No,,"Under Review",612.6,1021,1,.
5217648,00728,10-04-2024,Unemployed,138229,439,No,false,Approved,1599,0,3,N/A
5217906,00657,07-10-2024,Full-Time,19556,666,Yes,no,Pending,1596,1900,4,.
5218983,00865,02-23-2022,Self-Employed,86111,602,No,No,Approved,935.88,1418,1,"Renewal case."
5219803,01258,2022-05-13,Part-Time,320400000,603,No,,Denied,1438.92,1713,5,"Co-signer pending review."
5220299,00385,2022-04-19,Part-Time,237342,590,No,yes,Approved,4868.16,5071,1,.
5222598,01454,2022-12-29,Full-Time,40694,311,No,FALSE,Pending,912.6,1170,2,"Missing bank statements."
5224127,01055,2024-10-07,Self-Employed,201624,724,No,yes,Approved,3890.7,5895,4,"Flagged for manual review."
5225199,01381,"April 16, 2023",Self-Employed,218505,580,No,yes,Denied,1186.92,1413,5,"Applicant follow-up needed"
5225665,00506,06/20/2021,Part-Time,62779,636,No,no,Withdrawn,1112.76,1686,1,N/A
5227795,00649,11/28/2020,Retired,193970,791,No,FALSE,Approved,2528.64,2634,5,
5228379,01398,15/06/2023,Full-Time,77470,,No,1,Denied,2805.12,2922,2,n/a
5228390,00391,11-17-2020,Retired,173358,,No,yes,Approved,2990.4,3115,5,"Co-signer pending review."
5229553,00559,2023-08-17,Part-Time,248419,699,No,yes,Denied,1246.74,1889,1,"Referred by agent."
5230240,00327,"January 14, 2021",Retired,308000000,701,No,no,Approved,3461.7,0,2,"income verified via Plaid"
5230796,00814,17/01/2024,Unemployed,120658,720,No,Y,Approved,8871.24,10561,3,"Applicant provided pay stubs."
5232461,01157,2023-12-15,Unemployed,199242,N/A,No,,Approved,3727.8,6213,4,"Missing bank statements."
5234706,01043,08-23-2021,Retired,185958,742,No,,Approved,1875.06,2841,4,N/A
5235075,01025,"October 21, 2020",Unemployed,200096,673,No,yes,Approved,2778,4630,2,"docs expired"
5236163,00864,05-21-2024,Part-Time,28453,,Yes,TRUE,Withdrawn,6556.68,8406,4,"income verified via Plaid"
5237319,01313,"May 02, 2022",Part-Time,94899,747,No,0,Denied,1404,2340,5,"Co-signer pending review."
5238416,01118,2022-09-24,Part-Time,145872,552,No,true,Denied,1294.92,1962,2,N/A
5238574,00235,2024-04-18,Retired,147168,756,No,FALSE,Withdrawn,784.08,1188,4,"income verified via Plaid"
5239605,00444,12/13/2023,Full-Time,49023,648,No,FALSE,Approved,2880.96,3001,3,N/A
5239619,00460,2020-10-18,Self-Employed,28472,356,Yes,N,Approved,1861.44,2216,1,"docs expired"
5241226,01791,06/01/2022,Full-Time,30721,591,No,N,Denied,3432,0,3,"income verified via Plaid"
5242410,00127,2022-07-21,Part-Time,242736,514,No,,Denied,853.38,1293,2,"Co-signer pending review."
5242959,01315,"August 19, 2023",Self-Employed,104720,693,No,0,Approved,737.88,1118,3,.
5244185,01133,"October 18, 2024",Retired,103429,807,No,false,Denied,903,1075,1,"Referred by agent."
5245268,00153,2021-07-26,Retired,271154,766,No,false,Withdrawn,3473.34,4453,1,n/a
5246859,01346,04/03/2020,Part-Time,209600,823,No,No,Denied,2747.64,3271,4,n/a
5247199,01325,11-02-2020,Contract,15679,712,No,No,"Under Review",3556.02,4559,4,
5248101,01381,06/17/2024,Part-Time,212460,345,No,Yes,Approved,1186.92,1413,1,
5248661,01768,,Student,27210,569,No,false,Approved,3520.92,4514,4,n/a
5249757,01741,18/08/2021,Contract,26391,,No,No,Approved,4459.56,5309,1,"Referred by agent."
5251377,01037,26/10/2022,Self-Employed,125235,780,No,Yes,Approved,2631.72,3133,1,N/A
5251652,00564,"May 17, 2022",Unemployed,126003,383,Yes,Yes,Approved,3424.08,5188,4,"Missing bank statements."
5252287,01689,2021-09-03,Contract,95955,817,No,Y,Approved,6504.12,7743,3,
5255238,01146,13/05/2020,Contract,235874,683,Yes,FALSE,Denied,1786.56,1861,4,"Flagged for manual review."
5255742,01595,03-26-2024,Self-Employed,154920,,Yes,false,Approved,2480.64,2584,2,"Applicant follow-up needed"
5256758,00079,08/05/2023,Self-Employed,144702,843,Yes,0,Approved,2188.68,2806,2,.
5258334,00007,"April 15, 2020",Self-Employed,164159,767,No,N,approved,1706.76,2586,1,"Renewal case."
5258368,01407,03-17-2020,Part-Time,30365,,No,N,Approved,1657.8,2763,3,N/A
5263418,00560,"January 14, 2020",Retired,54046,488.0,No,yes,Denied,973.2,1622,5,"Renewal case."
5263956,01113,"July 18, 2023",Contract,79832,659,Yes,true,Withdrawn,1604.16,1671,1,"Referred by agent."
5266306,01468,06/06/2020,Retired,163059,708,No,Y,Approved,1534.2,2557,1,n/a
5269008,00800,10/16/2022,Self-Employed,109572,671,No,N,Denied,2006.76,2389,3,"Missing bank statements."
5269577,00263,04/02/2024,Contract,108146,824,No,0,Withdrawn,820.2,1367,2,.
5269742,00843,02/01/2020,Retired,8223,737,No,false,Denied,859.8,1433,1,"docs expired"
5270105,01034,2023-12-10,Part-Time,101413,,No,,Approved,3225.6,3360,3,"Flagged for manual review."
5271014,00126,10/02/2021,Unemployed,49436,479,No,TRUE,Approved,1340.4,2234,4,.
5273055,00071,2020-11-27,Full-Time,161753,663,No,false,Denied,3045,3625,4,"docs expired"
5274021,00121,2023-10-06,Self-Employed,37671,624,No,No,Pending,1631.04,1699,1,"Flagged for manual review."
5275393,01704,07/06/2024,Self-Employed,247318,667,No,true,Denied,886.38,1343,1,
5277890,01533,07-21-2023,Self-Employed,226768,N/A,No,1,Approved,6234.24,6494,3,N/A
5278131,01033,05/30/2023,Retired,240053,596,No,false,Approved,1878.36,2846,4,.
5278533,00792,07/05/2023,Part-Time,26705,793,Yes,1,Denied,2900.04,4394,1,.
5279037,01476,23/07/2024,Full-Time,140043,750,No,yes,Approved,2403.6,4006,4,"Applicant provided pay stubs."
5280416,00601,"June 17, 2024",Unemployed,203057,583,No,FALSE,Withdrawn,1011,1685,1,.
5281081,01317,2022-08-15,Student,99399,802,Yes,yes,Denied,1727.22,2617,1,"Flagged for manual review."
5282083,01543,20/08/2021,Self-Employed,177874,758,No,true,Pending,534.6,891,1,.
5282097,00560,"April 21, 2021",Retired,6886,651,No,N,Withdrawn,1362.48,1622,5,"Co-signer pending review."
5282218,00485,07/25/2023,"Self Employed",149317,768,No,TRUE,Pending,3262.08,3398,4,
5282924,01089,05/14/2020,Student,161031,835,No,FALSE,Pending,1840.44,2191,5,"income verified via Plaid"
5283665,00492,2022-09-03,Part-Time,187200,,No,1,Denied,1409.28,1468,5,"income verified via Plaid"
5285348,00492,07-16-2020,Self-Employed,37217,817,No,N,Denied,1233.12,1468,1,"docs expired"
5285882,00230,09-22-2021,Part-Time,117830,823,No,Y,Denied,1626.24,1936,1,"Applicant provided pay stubs."
5286316,00063,04/04/2021,Contract,124066,654,Yes,N,Pending,5567.76,8436,5,"Renewal case."
5286725,01320,07/11/2021,Student,98566,769,No,No,Withdrawn,5377.92,5602,1,"Applicant follow-up needed"
5286748,01700,09-23-2022,Contract,119403,676,No,1,Approved,1542.24,1836,5,"Applicant provided pay stubs."
5288170,00713,10/17/2021,Student,233436,716,No,no,Approved,4265.52,5078,5,N/A
5291006,00363,05/12/2023,Unemployed,112893,749,No,0,Denied,1353.6,1410,4,
5292840,01158,23/03/2024,Retired,147877,793,No,Y,Approved,1416,1475,5,"Applicant follow-up needed"
5293032,00121,10/28/2024,Part-Time,205497,850,No,no,Denied,1019.4,1699,1,"Co-signer pending review."
5293322,00471,2021-12-24,Self-Employed,92831,833,Yes,yes,Approved,1149.12,1368,1,N/A
5294938,00553,"September 12, 2024",Student,228458,701,No,true,Approved,3832.14,0,4,"Flagged for manual review."
5295154,00809,05-31-2023,Self-Employed,121499,757,Yes,Y,Approved,1387.2,1445,2,N/A
5297674,00419,"January 09, 2022",Student,85647,438.0,No,1,Approved,1616.16,1924,1,"Flagged for manual review."
5301138,00031,2024-12-19,Unemployed,147344,651,No,1,Approved,2149.2,3582,5,"Co-signer pending review."
5302215,01325,"November 13, 2020",Retired,104098,754,Yes,1,Approved,3008.94,4559,4,"Applicant follow-up needed"
5302864,00228,04/02/2022,Unemployed,17485,704,No,Y,Denied,873.18,1323,5,"Applicant follow-up needed"
5304948,01537,16/09/2023,Self-Employed,33645,817,Yes,true,Approved,850.8,1418,4,"Referred by agent."
5305852,01497,"October 13, 2023",Contract,53476,762,No,TRUE,"Under Review",1666.86,2137,3,"income verified via Plaid"
5306127,01743,2022-05-23,"Self Employed",8835,812,No,yes,Denied,664.2,1107,1,"Applicant follow-up needed"
5306261,00731,2023-01-17,Retired,167218,760,No,N,Approved,1816.32,1892,5,"Referred by agent."
5308864,00806,02-04-2022,Retired,19175,599,No,0,Pending,1340.46,2031,1,"docs expired"
5309460,00911,08/14/2022,Unemployed,113093,,No,FALSE,Denied,3328.38,5043,4,"Co-signer pending review."
5310293,00139,2024-12-22,PT,128635,654,No,0,Denied,4987.92,5938,1,"Co-signer pending review."
5310987,01659,06/07/2020,Full-Time,35836,319,No,no,Approved,2463.72,2933,3,N/A
5311494,01426,2021-06-27,Retired,146529,757.0,No,1,Pending,5990.88,7132,4,.
5311813,01061,02-04-2023,Part-Time,23470,656,No,false,"Under Review",2056.8,3428,5,"Applicant provided pay stubs."
5312493,00745,"October 04, 2021",Unemployed,111211,785,No,No,Approved,3454.44,5234,2,"Flagged for manual review."
5314199,01571,04-20-2024,Retired,238317,790,No,Y,Denied,4086.42,5239,2,"Referred by agent."
5314327,01420,26/09/2023,Retired,282058,828,No,No,Approved,3833.76,4564,4,
5314512,00055,"May 27, 2022",Part-Time,38688,742,No,TRUE,denied,1411.8,1810,3,"Applicant follow-up needed"
5315662,01009,"December 02, 2022",Self-Employed,61326,646,No,Y,Denied,1915.32,2902,5,.
5316015,00645,31/10/2023,Student,92120,790,No,FALSE,Pending,4304.4,7174,5,"Applicant follow-up needed"
5316110,01185,09-23-2022,Full-Time,69655,792.0,No,1,Approved,1948.8,2030,2,N/A
5316733,00955,"June 02, 2020",Retired,69893,590,No,,Denied,2001.48,2566,5,
5320565,01719,"June 28, 2021",Part-Time,177494,747,Yes,1,Approved,1992.54,3019,1,"Applicant follow-up needed"
5321061,01698,31/03/2020,Contract,116233,N/A,No,yes,Approved,2233.14,2863,2,"Applicant provided pay stubs."
5321574,00928,03-23-2021,FT,151760,589,No,FALSE,Pending,973.8,1623,5,"Referred by agent."
5322876,00652,02/02/2020,Student,65163,724,No,N,Withdrawn,2269.8,3783,4,n/a
5325241,00595,13/03/2021,Part-Time,241619,727,Yes,1,Approved,2592.72,3324,4,"docs expired"
5327192,00205,01/29/2024,Student,240451,715,No,Yes,Denied,748.44,1134,2,n/a
5331566,01395,07/10/2020,Student,169763,841,No,FALSE,Withdrawn,2294.16,3476,2,.
5337028,00611,02/18/2022,Student,17406,777,No,no,Denied,3205.02,4109,5,.
5338859,00289,20/03/2024,Unemployed,90276,729,Yes,1,Approved,2235.42,0,3,"Renewal case."
5339288,01364,11/13/2024,Self-Employed,232497,666,No,N,Denied,5184.96,5401,2,"Referred by agent."
5339964,00968,06-08-2020,Retired,180336,652,No,yes,Approved,2160.18,3273,1,"Referred by agent."
5341491,01554,"December 19, 2021",Contract,127309,727,No,N,Approved,1187.52,1237,3,"Applicant provided pay stubs."
5341682,00720,,Unemployed,149648,826,No,1,Approved,5759.04,5999,3,
5342161,01032,03/03/2021,Full-Time,109262,675,No,0,"Under Review",1940.4,2940,1,"Co-signer pending review."
5342546,00314,"September 05, 2022",Retired,184025,N/A,No,0,"Under Review",1764.48,1838,3,
5344469,01283,04/03/2020,Part-Time,229772,757,No,1,Pending,8911.56,10609,3,
5346030,00709,,Self-Employed,121464,678,No,,Pending,1131,1885,4,"Applicant provided pay stubs."
5348647,01060,2020-11-07,Contract,2357,791,No,no,Approved,2648.64,2759,2,"Renewal case."
5349908,00855,2022-09-02,Full-Time,141482,487,No,FALSE,"Under Review",595.32,902,2,"Renewal case."
5350323,01486,"October 16, 2020",Full-Time,39316,600,No,No,Approved,3194.88,4096,1,"Renewal case."
5351668,00168,11-17-2022,Student,63844,680,Yes,false,Approved,1416.24,1686,1,
5352824,00962,05/06/2021,Student,71076,701,No,No,Approved,911.82,1169,3,"Applicant follow-up needed"
5352947,00170,07-16-2024,Student,50816,778,No,yes,Pending,4109.76,4281,1,"Renewal case."
5352997,00811,01-04-2022,Full-Time,246584,831.0,No,FALSE,Approved,1503.84,1928,4,"Applicant provided pay stubs."
5354531,00293,22/02/2022,Unemployed,185070,726,No,FALSE,Denied,2372.76,3042,4,"docs expired"
5354997,00118,04/16/2023,Full-Time,220547,774,No,FALSE,Denied,6746.88,7028,4,"Applicant follow-up needed"
5355677,00601,"December 18, 2022",Student,145323,710,Yes,yes,denied,1415.4,1685,1,.
5358183,01385,2024-07-02,Full-Time,75270,777,No,yes,Approved,1384.32,1442,2,"Co-signer pending review."
5358669,01213,04-18-2024,Self-Employed,170753,752,No,0,Withdrawn,3233.34,4899,1,
5358761,00510,2021-09-03,"Self Employed",138447,,No,no,Approved,1285.68,1948,5,"Co-signer pending review."
5359677,01783,"May 12, 2022",Unemployed,76436,,Yes,TRUE,Denied,6497.28,6768,1,"Missing bank statements."
5362502,01252,05/05/2020,Self-Employed,118916,658,No,false,Denied,3595.2,3745,1,
5363149,00323,"July 13, 2024",Self-Employed,264075,513,Yes,TRUE,Denied,5757.12,5997,3,
5363783,01310,,Self-Employed,110152,668,Yes,1,Approved,3657.6,3810,5,"Referred by agent."
5366407,00645,2020-10-07,FT,177987,740,No,FALSE,Approved,5595.72,7174,1,n/a
5367007,00281,05/09/2020,Unemployed,236522,693,Yes,no,Denied,1808.4,2740,5,n/a
5367608,01342,"December 20, 2023",Self-Employed,243716,694.0,No,N,Withdrawn,4277.76,4456,2,N/A
5368209,00592,07/23/2020,Unemployed,311145,776,No,1,Denied,4892.94,6273,4,"Missing bank statements."
5370247,00059,"November 21, 2020",Contract,27749,,Yes,N,Denied,1664.52,2522,5,"Renewal case."
5370591,00913,2024-01-09,Full-Time,163948,,Yes,TRUE,Approved,574.86,871,2,N/A
5371116,00342,09/22/2021,Student,203301,832,No,N,Approved,1144.92,1363,1,"Flagged for manual review."
5372215,00887,01/11/2023,Contract,100041,640,No,N,Approved,3956.94,5073,2,
5372618,00499,2022-07-15,Contract,213834,,Yes,,Withdrawn,3281.28,3418,1,"Flagged for manual review."
5378143,01346,,Full-Time,231664,580,No,1,Pending,2551.38,3271,3,"docs expired"
5379039,00314,22/12/2022,Student,58191,825,No,No,Withdrawn,1433.64,1838,5,"Co-signer pending review."
5383121,01536,08/09/2021,Student,40086,689,No,true,Denied,3832.92,4563,5,"Applicant provided pay stubs."
5383843,01219,10-15-2022,Self-Employed,40303,454,No,FALSE,Pending,2429.7,3115,1,
5383930,00458,05/10/2020,Retired,249575,,No,FALSE,Approved,2322.06,2977,2,"Applicant follow-up needed"
5384056,00951,15/05/2021,Unemployed,37488,705,No,false,"Under Review",2368.32,2467,1,"Co-signer pending review."
5384110,01381,"January 09, 2022",Student,213704,719,No,FALSE,"Under Review",1186.92,1413,3,"Renewal case."
5384490,01092,05/01/2023,Student,163825,799,No,true,Withdrawn,4771.2,7952,3,N/A
5385162,00254,05-05-2022,Unemployed,213800,696,No,1,Approved,2177.4,3629,2,"Applicant follow-up needed"
5388118,00979,01/27/2023,Self-Employed,215508,N/A,No,no,Denied,1499.16,1922,1,"Applicant provided pay stubs."
5388537,00563,09-28-2022,Contract,148084,782,No,1,Approved,3613.5,5475,5,"docs expired"
5390331,01631,2022-04-30,Unemployed,196170,713,No,Yes,Pending,3173.82,4069,3,"Missing bank statements."
5393167,00360,12-06-2022,Part-Time,101169,568,No,N,Approved,4473,5325,2,n/a
5394235,00231,04/09/2024,Retired,235702,,No,TRUE,Denied,6999.36,7291,1,"Co-signer pending review."
5394519,01460,2021-01-05,Full-Time,212700000,765,No,no,Approved,2767.8,3295,4,n/a
5396304,00621,2024-05-18,Student,78022,772,Yes,FALSE,Denied,4742.4,6080,3,.
5396395,01790,06/07/2024,Self-Employed,88422,616,No,No,Approved,2851.2,2970,3,
5396416,00776,14/11/2022,Part-Time,248152,719,No,Yes,Withdrawn,1977.6,2060,3,"Missing bank statements."
5397068,00231,2022-02-17,Unemployed,163582,438,No,N,Approved,4374.6,7291,4,"Referred by agent."
5399371,00437,21/11/2023,Student,128710,744,No,Yes,Denied,2625.6,2735,4,"Co-signer pending review."
5400083,00340,"October 02, 2023",Part-Time,191261,743,No,N,Approved,7164.6,11941,4,n/a
5401800,01290,"November 19, 2023",Unemployed,242386,N/A,Yes,yes,Pending,1997.76,2081,5,"Co-signer pending review."
5402861,00525,2020-04-08,Contract,75067,710,No,TRUE,Denied,1314,2190,2,"Flagged for manual review."
5402992,01718,04/29/2023,Student,161474,482,No,FALSE,Approved,1382.94,1773,3,"docs expired"
5403970,01654,"November 11, 2023",Unemployed,179953,789,No,,Approved,2903.04,3456,5,"docs expired"
5405397,00882,2022-10-30,Part-Time,31265,632,No,yes,Denied,4798.08,5712,1,
5408332,00533,11-20-2022,Full-Time,179516,525,Yes,false,Approved,2938.56,3061,2,"income verified via Plaid"
5409089,00154,11-11-2024,Full-Time,5861,786,No,no,Approved,1327.68,1383,5,.
5412759,00381,"August 28, 2023",Unemployed,45476,756,No,No,Approved,3076.8,5128,2,n/a
5413727,00448,12/04/2021,"Self Employed",195311,,No,Y,Denied,1769.88,2107,2,"Referred by agent."
5413998,00633,,"Self Employed",110930,,No,Y,Approved,3919.44,4666,2,"Applicant follow-up needed"
5414357,00021,02-22-2020,Full-Time,168301,,No,Yes,Approved,750.96,894,3,
5415746,00969,,Self-Employed,157347,726,No,N,Denied,906,1510,1,
5416225,00626,07-03-2024,Unemployed,33108,,No,No,Pending,1552.98,1991,4,"income verified via Plaid"
5418152,01091,2024-06-13,Unemployed,100316,781,No,true,Pending,2373.12,2472,2,"docs expired"
5418468,01334,03/23/2024,Retired,323564,790,No,Y,Approved,7789.98,11803,1,"Flagged for manual review."
5418507,01056,"August 27, 2021",Retired,154708,N/A,No,yes,Pending,758.34,1149,2,
5418997,00991,09/21/2023,Unemployed,49519,795,No,no,Approved,2336.64,2434,3,N/A
5420025,01703,21/10/2020,Retired,217715,754,Yes,TRUE,denied,9728.16,12472,3,"Missing bank statements."
5420675,00549,"October 21, 2020",Part-Time,106074,737,No,FALSE,Approved,1958.88,2968,1,"docs expired"
5420806,01107,10/15/2024,Full-Time,260621,763,No,false,Approved,2674.56,3184,3,.
5422002,01462,10/08/2021,Student,161443,827,No,1,Approved,1205.1,1545,2,"income verified via Plaid"
5422097,01797,06-11-2022,Student,150008,391,Yes,N,Withdrawn,525.6,876,3,n/a
5424890,00785,07-01-2022,Student,94374,,No,true,Approved,3613.74,4633,3,"income verified via Plaid"
5427311,00649,2022-06-17,Self-Employed,196885,679,No,No,Denied,1580.4,2634,4,"Referred by agent."
5427726,01469,"August 07, 2022",Full-Time,175909,635,Yes,TRUE,Approved,2145.78,2751,5,"Flagged for manual review."
5428918,01059,2021-09-18,Student,197557,825,Yes,No,Approved,3234.24,3369,5,"Renewal case."
5429457,01261,"July 20, 2020",Contract,198518,512,No,no,Denied,1226.94,1573,3,"income verified via Plaid"
5431256,00973,2021-09-17,Retired,228463,794,Yes,N,Approved,3697.8,6163,5,
5432856,00500,"May 19, 2024",Contract,164920,726,No,N,Pending,933.6,1556,1,
5435117,00802,"April 19, 2023",Contract,165648,772,No,true,Approved,1821.6,2760,4,
5435588,00099,11/24/2020,Contract,82435,715,Yes,1,Denied,3066.24,3194,3,
5436599,00516,2024-06-03,Part-Time,174205,594,No,No,Pending,1428,1700,4,
5437878,01541,2022-11-22,Contract,57310,592,Yes,Yes,Approved,4375.8,6630,5,"Applicant provided pay stubs."
5438015,01142,12/20/2024,Contract,119626,762,No,No,Approved,3342.24,5064,5,"income verified via Plaid"
5438274,01169,08-18-2021,FT,19710,645,No,No,Approved,2839.98,3641,3,"Renewal case."
5440078,01094,07/31/2021,Part-Time,76330,767,No,FALSE,withdrawn,1846.02,2797,1,.
5440898,00622,12/03/2023,Student,92165,692,No,true,Pending,1879.8,2410,2,"docs expired"
5442181,01482,2020-05-21,Student,109122,704,No,N,Denied,11067.84,11529,4,
5442773,01252,14/08/2024,Full-Time,185869,565,No,Yes,Approved,2921.1,3745,4,n/a
5445013,01760,24/01/2020,Retired,149417,638,No,N,Approved,1389.3,2105,2,
5445224,01497,01/07/2023,Part-Time,189911,785,No,1,"Under Review",1282.2,2137,2,
5446036,00007,06/18/2024,Part-Time,145371,,No,TRUE,Approved,2482.56,2586,5,.
5446399,01087,23/06/2024,Part-Time,240377,659,Yes,yes,Approved,6022.08,6273,3,"Referred by agent."
5447707,01476,11/22/2024,Part-Time,94268,605,Yes,TRUE,Approved,2403.6,4006,3,
5447852,00024,"July 20, 2024",Self-Employed,54944,,Yes,no,Approved,2849.28,2968,4,"Renewal case."
5451160,01412,31/10/2023,Full-Time,79094,308,No,no,"Under Review",1042.8,1580,5,
5451542,01361,"June 04, 2023",Self-Employed,218238,790,No,TRUE,Denied,1203.84,1824,3,"Renewal case."
5451944,01705,2022-08-03,Unemployed,39683,504,No,,Denied,2300.22,2949,5,"Applicant provided pay stubs."
5452709,00184,"May 21, 2020",Student,87815,N/A,No,FALSE,Approved,5112.96,5326,4,"Missing bank statements."
5453293,00583,2020-07-04,Contract,225075,785,No,yes,"Under Review",3370.56,3511,3,"Flagged for manual review."
5455804,00969,09/04/2024,Student,127395,703,No,Yes,Approved,1177.8,1510,1,"Applicant follow-up needed"
5458610,00946,2023-01-16,Student,195102,797,No,,Approved,4659.6,7766,3,n/a
5459948,00642,11-01-2022,Student,158044,780,No,yes,Denied,713.16,849,4,"Renewal case."
5463466,01136,22/04/2021,Part-Time,143900000,772,Yes,,Approved,3254.94,4173,5,"Applicant provided pay stubs."
5463518,00112,08/21/2020,FT,79982,684,No,0,Pending,4463.04,4649,3,
5466933,00796,2021-06-02,Unemployed,33190,760,No,no,Denied,890.34,1349,3,"Renewal case."
5467192,00623,11/16/2020,Student,63901,654,No,no,denied,7350.72,7657,5,"docs expired"
5469636,01708,12/10/2020,Retired,19348,,No,yes,Pending,2041.38,0,4,"docs expired"
5469885,00534,10-15-2021,Unemployed,3850,,No,,Denied,2500.68,2977,1,
5470334,01677,2022-07-30,Part-Time,18328,750,No,yes,Pending,675.48,866,2,
5471297,00418,08-16-2021,Student,144876,732,No,0,Approved,2898,3450,3,"Applicant follow-up needed"
5471663,00455,"September 12, 2020",Retired,65378,681,No,0,Approved,3025.62,3879,3,"Co-signer pending review."
5471889,01418,"March 11, 2020",Retired,92984,631,No,0,Pending,1912.8,0,5,"Co-signer pending review."
5472627,01375,"August 09, 2024",Part-Time,80066,781,No,N,Approved,1991.34,2553,4,"Applicant provided pay stubs."
5473427,01449,31/01/2021,Full-Time,39503,713,No,N,Approved,1269.18,1923,1,n/a
5479311,00864,12/12/2023,Part-Time,234958,623,No,true,Approved,5547.96,8406,4,"docs expired"
5481938,01170,2023-10-15,Student,96260,515,No,yes,Denied,2519.04,0,3,
5482291,01721,2020-01-05,Self-Employed,126998,782,No,,Denied,2613.78,3351,2,"Applicant follow-up needed"
5483817,00126,03/05/2021,Full-Time,73356,724,No,,Withdrawn,1876.56,2234,2,.
5484480,00657,09-21-2020,Contract,234799,710,No,false,Approved,1824,1900,3,"Missing bank statements."
5484676,01333,22/09/2023,Unemployed,149188,605,No,TRUE,Approved,4326,7210,3,"docs expired"
5485362,00885,27/01/2023,Student,163084,N/A,No,Yes,Approved,1119,1865,1,"Referred by agent."
5487936,00112,09/02/2023,Part-Time,53961,673,No,,Denied,4463.04,4649,1,.
5488531,00779,08/28/2022,Retired,216470,799,No,1,Approved,6321.9,8105,2,.
5489205,01599,2021-01-23,PT,200718,764,No,1,Approved,3153.6,0,4,
5491650,00582,05-16-2020,Self-Employed,131477,790,No,N,Pending,2834.52,3634,2,
5492349,01192,2021-06-14,Self-Employed,37893,842,No,Y,Approved,5637.72,8542,5,
5492380,01406,,Self-Employed,134271,813,No,FALSE,Approved,2835.3,3635,4,N/A
5492787,00479,"October 04, 2024",Unemployed,96276,818,No,N,Withdrawn,4128,6880,1,"Referred by agent."
5493557,00598,01-06-2024,Part-Time,151129,745,No,1,Withdrawn,2723.76,3492,4,"docs expired"
5496062,00786,12-16-2023,Retired,136242,576,No,no,Withdrawn,1992.48,2372,4,n/a
5497042,00826,"November 24, 2020",Part-Time,235449,,No,yes,"Under Review",2686.2,4477,2,
5497191,00470,2023-04-26,Unemployed,213580,,No,,Approved,5229.84,6226,4,n/a
5497662,01102,07/15/2022,Unemployed,161738,327,No,N,Approved,2244.48,2338,3,N/A
5500616,00686,08-25-2020,Part-Time,220658,,No,FALSE,Approved,3148.86,4037,4,n/a
5506298,01664,10/10/2021,Self-Employed,161714,787,No,no,Approved,2322.24,2419,4,N/A
5508905,01643,07-01-2023,Retired,123335,655,No,N,Approved,1777.2,0,4,.
5509983,01678,06-12-2024,Full-Time,210594,730,Yes,,Denied,2183.16,2599,5,"Flagged for manual review."
5510082,00127,06/06/2020,Contract,14028,842,No,false,Approved,1086.12,1293,3,"docs expired"
5511298,00744,"April 25, 2021",Part-Time,154442,680,No,false,Denied,2890.68,3706,3,"docs expired"
5516110,01243,,Student,18894,,No,No,Pending,4718.34,7149,2,
5516210,00949,2021-10-17,Part-Time,40502,718,No,,Denied,1868.1,2395,4,n/a
5516304,00174,,Retired,221915,598,No,false,Approved,1452,2420,4,"Referred by agent."
5516499,01476,"November 22, 2021",Contract,242371,763,No,Yes,Denied,2403.6,4006,1,"Renewal case."
5517023,01670,11/15/2024,Contract,136498,809,No,false,Approved,5045.04,6006,1,"Co-signer pending review."
5517454,01607,"September 18, 2022",Unemployed,45965,595,Yes,Yes,denied,2762.1,4185,4,.
5518326,01041,12/07/2023,Full-Time,111992,741,No,1,approved,2007.72,3042,5,"Applicant provided pay stubs."
5520189,00930,09/17/2023,Part-Time,190658,651,Yes,true,Pending,1099.8,1410,4,"Applicant provided pay stubs."
5527284,00293,"December 15, 2024",Contract,205920,708,No,false,Denied,2555.28,3042,5,
5527778,00487,20/10/2023,Contract,175195,817,Yes,TRUE,Approved,1882.92,2414,3,
5534933,00249,02/07/2022,Unemployed,47146,796,No,N,Denied,2509.2,4182,5,.
5534978,01188,25/10/2020,Part-Time,148002,742,No,yes,Pending,12030.72,12532,4,.
5535879,01706,07-11-2023,Part-Time,232310,600.0,No,TRUE,Approved,6608.28,7867,5,.
5536222,00825,06-13-2024,Retired,229277,748,No,Yes,Denied,1402.5,2125,2,N/A
5537137,00053,,Full-Time,158923,726,No,false,approved,2922.6,0,2,"Flagged for manual review."
5537262,01205,06-06-2021,Contract,48095,558,No,N,"Under Review",3677.7,4715,3,"Co-signer pending review."
5541246,00046,07/04/2023,Part-Time,179375,699,No,No,Approved,1391.4,2319,1,
5541467,00114,,Unemployed,124258,675,No,N,"Under Review",2281.92,2377,5,"Flagged for manual review."
5541787,00920,2023-08-11,Retired,214336,837,No,TRUE,Approved,2880.36,3429,1,"Co-signer pending review."
5545115,00284,"June 24, 2021",Full-Time,71741,,No,Yes,Approved,1691.58,2563,5,"docs expired"
5546815,00049,06/02/2024,Contract,177226,772,Yes,true,Pending,3568.32,3717,3,"Applicant follow-up needed"
5547430,00752,09/26/2022,Unemployed,36595,780,No,Y,Approved,2683.98,3441,2,
5550204,00253,,Student,235434,813,No,0,Approved,3001.44,3848,4,"income verified via Plaid"
5551004,01041,"December 12, 2022",Contract,124299,768,Yes,no,Pending,2372.76,3042,2,n/a
5552204,00324,08-26-2021,Self-Employed,74191,769,No,yes,Approved,2076.36,3146,4,.
5552630,01147,"September 09, 2021",Part-Time,179205,818,No,Y,"Under Review",2899.68,3452,2,"Renewal case."
5554206,00886,09-22-2022,PT,210304,720,No,No,Denied,1359.6,2266,5,"Referred by agent."
5554777,01228,12/17/2023,Unemployed,197145,553,No,N,Withdrawn,940.8,1120,3,n/a
5555823,01346,2023-04-14,Full-Time,214228,468,No,,Approved,2747.64,3271,1,
5556690,01550,12/12/2022,Full-Time,137725,594,Yes,Yes,Approved,4288.32,4467,2,"Renewal case."
5556838,00045,19/10/2020,Contract,284232,721.0,No,TRUE,Withdrawn,2938.56,3061,2,.
5558216,00985,"March 03, 2020",Contract,39896,764,Yes,yes,Denied,1663.68,1733,4,
5560049,01331,11/08/2022,Unemployed,227046,647,No,true,Approved,3152.76,4042,4,"Missing bank statements."
5560612,00063,08/09/2022,Part-Time,136613,765,Yes,N,Approved,5567.76,8436,4,"Applicant follow-up needed"
5561439,00466,05/10/2024,Retired,156226,766,No,FALSE,Denied,2025,3375,2,
5561650,01628,,Unemployed,183944,812,No,Y,Denied,4589.52,5884,4,"docs expired"
5562679,00633,"September 02, 2021",Self-Employed,223789,761.0,No,FALSE,Pending,3919.44,4666,5,"Co-signer pending review."
5564052,01502,"September 22, 2023",Unemployed,74391,671,No,,Approved,2289.3,2935,5,"Co-signer pending review."
5564727,00125,04-09-2022,Self-Employed,135022,726,No,TRUE,Pending,3672.48,4372,1,"income verified via Plaid"
5565649,01358,"October 19, 2024",Unemployed,194229,748,No,N,Approved,3785.28,3943,5,"docs expired"
5565842,00047,"December 24, 2023",Part-Time,244778,745,No,Yes,Approved,4567.92,5438,3,.
5566768,00512,"May 01, 2023",Contract,157422,,No,,withdrawn,4939.8,8233,3,"docs expired"
5569318,00042,01-07-2024,Full-Time,68621,526,No,No,Pending,4618.02,6997,2,
5569559,00760,"March 05, 2022",Full-Time,58139,794,No,FALSE,Pending,1092.6,1821,1,
5570734,00419,26/10/2020,Part-Time,246412,,Yes,false,"Under Review",1500.72,1924,3,"income verified via Plaid"
5572842,01398,10/28/2022,Contract,137161,,No,FALSE,Denied,2454.48,2922,1,"docs expired"
5575631,01794,07/30/2021,Contract,107681,787,No,no,Approved,5537.28,5768,3,"Co-signer pending review."
5577479,00315,2023-05-19,FT,39691,730,No,Yes,Denied,955.2,995,3,"Referred by agent."
5577725,00002,12/29/2023,Retired,97393,489,Yes,Y,"Under Review",2403.18,3081,5,"income verified via Plaid"
5578211,00689,08/01/2022,Part-Time,125774,762,No,true,"Under Review",1306.2,1555,5,n/a
5578715,00836,05-03-2024,Unemployed,40385,673,No,Y,Denied,2920.5,4425,5,"income verified via Plaid"
5579333,01130,02/05/2024,Retired,195914,428,No,Y,Pending,4380.48,5616,3,"Referred by agent."
5580094,01796,05/06/2022,Part-Time,54773,602,Yes,FALSE,Approved,3211.2,3345,3,"docs expired"
5582481,00674,,Self-Employed,60682,740,No,no,Approved,2686.8,4478,1,.
5584418,00812,2020-08-17,Part-Time,94897,,Yes,,Pending,2325.18,2981,1,"Applicant follow-up needed"
5585130,01661,,Unemployed,156041,830,No,false,"Under Review",2443.32,3702,4,"Renewal case."
5586257,00463,"December 31, 2024",Contract,198938,651,Yes,Yes,denied,3024,3600,2,n/a
5586330,01491,"February 18, 2023",Part-Time,137300000,779,Yes,,denied,1492.14,1913,4,N/A
5587902,00161,2020-08-04,Contract,247876,771,Yes,yes,Pending,3365.04,4006,5,"docs expired"
5589183,00198,12-28-2021,Full-Time,228314,767,No,Y,Pending,3588.48,3738,5,"Renewal case."
5589280,00984,2020-03-05,Self-Employed,126940,765,No,0,Pending,989.82,1269,5,"Flagged for manual review."
5590420,01310,"February 07, 2021",Unemployed,25146,749,No,FALSE,Denied,2514.6,3810,3,
5590602,00387,01/02/2020,Contract,211946,688,Yes,No,approved,2230.8,3718,3,"Co-signer pending review."
5591397,00568,08/25/2020,Contract,246984,N/A,No,no,Denied,1866.48,2828,5,
5593931,00155,10-24-2021,Student,60961,720,Yes,FALSE,Denied,4062.72,4232,3,
5594127,01350,2023-12-11,Contract,79407,304,No,no,"Under Review",3731.28,4442,3,"docs expired"
5595669,01462,"June 18, 2021",Self-Employed,207997,693,No,false,Denied,1019.7,1545,2,
5595873,00572,24/10/2023,Self-Employed,196190,622,No,FALSE,Pending,1014,1300,2,"Applicant provided pay stubs."
5596202,00552,"February 01, 2020",Retired,93932,701,No,0,Denied,7008.3,8985,1,"Missing bank statements."
5596591,00356,10-03-2022,Retired,95270,621,No,TRUE,Approved,6009.36,7154,2,.
5596704,01105,08/19/2023,Part-Time,216228,776,No,No,withdrawn,1014.72,1208,3,"Flagged for manual review."
5597184,01511,09/15/2021,Self-Employed,200683,799,Yes,Y,"Under Review",2935.8,4893,5,"Applicant follow-up needed"
5598079,00816,"December 19, 2021",Part-Time,192600,840,No,,Approved,1111.44,1684,4,N/A
5600510,00030,2022-11-25,Student,55717,693,No,Yes,Approved,2976.96,3101,2,N/A
5602292,00566,03/02/2023,Contract,32302,816,No,1,Approved,1177.8,1510,2,"income verified via Plaid"
5602694,00529,"July 07, 2024",Part-Time,134963,724,No,no,Denied,3611.52,3762,2,"Applicant provided pay stubs."
5604582,01232,"January 20, 2021",Unemployed,39615,741,No,no,Approved,2227.68,2856,2,
5605392,00082,2023-11-18,Retired,53068,,No,false,Approved,2312.64,2409,1,"Co-signer pending review."
5606969,01194,06-16-2024,Contract,191383,,No,Yes,"Under Review",1756.2,2927,3,"Applicant follow-up needed"
5611304,01221,"June 26, 2021",Full-Time,138676,680,No,yes,Denied,5055.96,6019,4,.
5613422,00670,2021-02-03,Self-Employed,183687,,No,,Denied,3213.6,0,1,
5615641,00372,10/09/2022,Self-Employed,124400000,625,No,No,Approved,1607.04,1674,2,
5617076,00755,"May 12, 2023",Full-Time,82011,,No,Y,Denied,5880.96,6126,1,"Missing bank statements."
5618390,01773,"August 08, 2021",Part-Time,79794,677,No,no,Denied,4751.04,4949,4,.
5618444,00672,2020-05-23,Part-Time,103887,600,No,no,Approved,3000.48,3572,3,"Co-signer pending review."
5619388,01233,14/04/2023,Retired,56637,378,No,Yes,Denied,2248.68,2677,2,"Referred by agent."
5623241,01382,02/01/2024,Unemployed,144995,686,No,FALSE,approved,885,1475,1,"Applicant provided pay stubs."
5626620,01454,,Retired,138944,659,No,0,Denied,982.8,1170,3,"income verified via Plaid"
5626644,01458,10/25/2021,Unemployed,141942,666,No,FALSE,Approved,2715.6,4526,5,"docs expired"
5627127,01468,"December 16, 2024",Student,198580,676,No,true,Withdrawn,1994.46,2557,3,"Missing bank statements."
5627348,01343,"March 15, 2024",Part-Time,79019,605,No,TRUE,Pending,1205.88,1546,3,"Referred by agent."
5627771,00928,"December 19, 2020",Full-Time,184686,765,No,Y,Denied,1071.18,0,1,
5631672,00477,2022-03-13,Student,128412,585,Yes,1,Pending,971.04,1156,5,"Applicant follow-up needed"
5634469,00280,05-18-2020,Student,249675,485,Yes,false,Approved,924,1400,2,"Missing bank statements."
5636127,01696,2024-06-28,Part-Time,236601,750,No,yes,Approved,1867.32,2223,1,"docs expired"
5636418,00869,08-04-2020,Retired,235193,702,No,No,Approved,1171.5,1775,5,"Flagged for manual review."
5638925,00650,03-27-2021,Retired,167966,,No,Yes,Approved,1491,1775,5,"income verified via Plaid"
5645093,01597,04/19/2020,Student,68336,826,No,false,Approved,1556.88,1996,5,"Renewal case."
5645098,00911,03-10-2021,Student,212364,783,No,0,Denied,4841.28,5043,5,"income verified via Plaid"
5645488,01606,"November 01, 2024",Full-Time,131068,N/A,No,Yes,Pending,4223.04,4399,3,"Co-signer pending review."
5646425,00252,06/27/2022,Self-Employed,288996,811,No,N,Approved,1089,1650,4,"docs expired"
5647280,01246,"November 12, 2021",Student,245192,690,No,no,Denied,1504.14,2279,4,n/a
5647925,00841,02-20-2024,Student,209678,683,No,no,Approved,1976.04,2994,5,
5648350,01605,"December 05, 2024",Retired,117754,,Yes,Y,Approved,1728,2880,1,"docs expired"
5649990,01059,2023-09-08,Student,33353,580,No,no,Withdrawn,3234.24,3369,1,"Applicant follow-up needed"
5651161,00150,22/08/2023,Full-Time,231869,750,No,,Withdrawn,1992.96,2076,1,"Co-signer pending review."
5651256,00784,02/16/2024,Retired,98162,N/A,Yes,N,Approved,1940.64,2488,4,"Applicant follow-up needed"
5651287,01625,2024-07-20,Unemployed,147000000,384,No,true,Approved,4545.84,5828,3,
5653556,00549,,Part-Time,122886,752,No,FALSE,Approved,1958.88,2968,4,"income verified via Plaid"
5658146,00978,11-14-2023,Full-Time,105180,675,Yes,no,Denied,1211.52,1262,2,
5659847,01516,"February 01, 2021",Retired,53028,616,No,true,Approved,1640.1,2485,5,
5659922,00269,2022-12-13,Self-Employed,149068,702,No,yes,Approved,1713.6,2040,1,.
5660148,01393,06/08/2021,Retired,37807,748.0,No,N,Approved,3371.94,5109,4,n/a
5660510,00614,2020-02-19,Retired,51444,821.0,No,true,Pending,3595.02,4609,5,"Renewal case."
5660578,00664,07/03/2023,Retired,126826,798,No,Yes,Pending,747.6,890,4,"Flagged for manual review."
5661964,00817,12-11-2024,Student,118482,669,No,N,Denied,3894.24,0,4,N/A
5662714,01028,,Self-Employed,190423,445,No,TRUE,Approved,1345.08,2038,5,"Referred by agent."
5662964,00003,03-29-2022,Full-Time,129867,,No,FALSE,Approved,1197.84,1426,1,.
5663067,00215,20/09/2022,Student,110465,755,No,0,"Under Review",850.56,886,1,n/a
5665767,01340,"January 13, 2023",Full-Time,189388,698,No,no,Approved,1099.56,1666,1,.
5667219,00426,09-20-2020,PT,231741,772,No,Yes,Approved,4578,5450,5,"Applicant follow-up needed"
5667636,01365,23/10/2022,Self-Employed,68577,703,Yes,false,Pending,3573.18,4581,4,"Applicant follow-up needed"
5669549,00480,2021-03-28,Self-Employed,201466,729,No,yes,Approved,3494.4,4480,4,"Referred by agent."
5671410,00229,05-29-2024,Contract,36877,324,No,Y,Approved,1843.14,2363,5,"Flagged for manual review."
5672720,01073,30/07/2022,"Self Employed",72481,745,No,N,Approved,1032.72,1324,5,"Flagged for manual review."
5673403,01679,07/10/2022,Student,186678,497,No,1,Approved,2926.44,4434,2,n/a
5675503,00223,04/24/2021,Unemployed,72610,740,No,N,"Under Review",4753.56,5659,1,
5676298,00379,2024-05-20,PT,140496,718,No,false,Pending,1195.26,1811,4,"Flagged for manual review."
5676636,01062,2020-02-01,Self-Employed,201608,528,No,FALSE,approved,1084.8,1130,5,"Applicant provided pay stubs."
5676694,00086,16/01/2022,Part-Time,232805,782,No,No,"Under Review",6945.96,8269,1,"income verified via Plaid"
5676829,00007,2024-06-06,Retired,90443,791,No,1,Approved,1706.76,2586,5,"Missing bank statements."
5677500,00923,01/02/2022,Self-Employed,74702,N/A,No,no,Approved,2178.6,3631,1,"income verified via Plaid"
5680518,00375,,Unemployed,100510,338,No,no,Pending,2637.12,2747,4,"Referred by agent."
5680591,00563,08-30-2024,Unemployed,178488,810,No,Yes,Withdrawn,4270.5,0,4,"Applicant provided pay stubs."
5681288,00188,2021-12-04,Retired,154658,676,Yes,true,Denied,804.6,1341,4,"income verified via Plaid"
5681317,00901,06/19/2022,Student,248935,703,No,,Approved,4358.64,5588,3,"Missing bank statements."
5681357,00802,07/25/2021,Full-Time,154856,787,No,No,Denied,1416.96,1476,4,"Applicant follow-up needed"
5682391,00267,07/03/2020,Self-Employed,296751,781,No,FALSE,Approved,7103.04,7399,4,"Referred by agent."
5683705,00909,2024-06-03,Unemployed,37709,364,No,false,Approved,812.46,1231,2,N/A
5683744,00781,09-01-2021,Contract,84347,637,Yes,0,Approved,3196.8,3330,4,.
5684474,00962,24/07/2024,Student,46755,797,No,true,Approved,771.54,1169,3,"income verified via Plaid"
5688001,00300,12-02-2024,Contract,121307,657,Yes,TRUE,Pending,4174.8,4970,2,n/a
5689834,00306,2020-03-29,Unemployed,118522,687,No,FALSE,Approved,1754.28,2658,2,"income verified via Plaid"
5693797,00960,01-26-2024,Student,128759,N/A,No,FALSE,Pending,1164.6,1941,4,"Applicant provided pay stubs."
5695623,01781,"May 31, 2021",Contract,54928,778,No,yes,Approved,1829.88,2346,5,
5695624,01650,18/07/2022,Retired,160368,534,No,0,Approved,3039.36,3166,4,"docs expired"
5696654,00481,2023-11-23,Retired,142135,N/A,No,TRUE,Approved,1548.12,1843,5,
5696862,00233,06-10-2020,Full-Time,113100000,677,No,,Denied,1794.6,2991,2,"Applicant provided pay stubs."
5697536,00047,28/02/2020,Self-Employed,177269,606,No,yes,Approved,5220.48,5438,3,"Co-signer pending review."
5697588,01149,2024-11-19,Retired,175148,662,No,true,Denied,6057.24,7211,1,"Applicant provided pay stubs."
5698235,00535,21/03/2023,Unemployed,99083,817,Yes,TRUE,Withdrawn,715.2,1192,2,N/A
5700029,00644,07-10-2023,Unemployed,234861,612,No,0,Denied,2372.04,3594,1,"Renewal case."
5701092,00063,"January 03, 2021",Self-Employed,88931,739,No,No,Approved,6580.08,8436,1,
5702605,00287,"July 11, 2020",Contract,75875,709,No,false,Approved,3676.2,5570,2,"Co-signer pending review."
5703576,01688,"September 01, 2023",Student,63750,339,No,no,"Under Review",2509.08,2987,5,"Co-signer pending review."
5706581,01383,2020-02-26,Full-Time,189168,,No,true,Approved,1834.8,3058,2,"Applicant provided pay stubs."
5706912,01111,"November 23, 2020",Contract,78911,572,No,false,Pending,3261.12,3397,3,"docs expired"
5707063,00284,07/02/2021,Full-Time,203512,698,No,No,Approved,1691.58,2563,5,
5707069,00498,01-10-2020,Student,177802,,Yes,FALSE,Approved,1078.2,1797,3,
5708372,01729,05-23-2020,Student,59830,647,No,0,denied,547.14,829,4,"docs expired"
5713151,01025,12/02/2021,Part-Time,181125,691,No,1,Approved,4444.8,4630,2,
5714774,00841,02/05/2020,Student,214284,737,No,false,Approved,1976.04,2994,5,.
5716220,01784,,Self-Employed,174065,404,No,0,Denied,1314.6,2191,3,"Referred by agent."
5718085,00214,2022-03-19,Self-Employed,27102,398,No,Yes,Pending,3258.06,4177,3,"Applicant provided pay stubs."
5722301,00634,05-06-2024,Student,70750,690,No,1,Approved,860.4,1434,3,"Applicant provided pay stubs."
5723086,01728,09/13/2022,Student,211087,N/A,No,yes,Denied,4873.44,7384,5,
5723439,01039,11/04/2021,Student,109520,754,Yes,N,Approved,1944.6,3241,5,
5725510,01733,2023-09-28,Part-Time,237070,699,No,no,Pending,6395.4,10659,4,"Renewal case."
5726295,00128,,Retired,276836,682,No,FALSE,Denied,7369.92,7677,3,"Referred by agent."
5726388,00555,"December 06, 2022",Unemployed,46032,751,No,N,Approved,1896,3160,2,"docs expired"
5728407,01003,2024-06-18,Full-Time,322381,808,No,FALSE,Denied,7338.24,8736,5,N/A
5730864,00529,01/11/2021,Self-Employed,245510,816.0,No,,Denied,2934.36,3762,4,"Applicant provided pay stubs."
5732979,00655,02/11/2023,Unemployed,273941,760,No,1,Approved,3233.16,3849,3,"Referred by agent."
5734812,00373,23/10/2020,Contract,210291,716,No,yes,Approved,6396,8200,4,"income verified via Plaid"
5737402,00292,10-05-2022,Self-Employed,169782,411,No,,Withdrawn,575.4,959,2,"Flagged for manual review."
5737635,00674,06-09-2023,Full-Time,126357,820,Yes,,Approved,2955.48,4478,3,
5737731,01725,2021-03-27,Contract,242261,821,No,0,Approved,5043.6,8406,4,"income verified via Plaid"
5738703,00295,25/07/2023,Retired,150255,734,No,true,Denied,3129,5215,2,
5739254,01512,03-11-2020,Retired,97145,680,No,Yes,Approved,1744.2,2907,4,"Renewal case."
5739652,00594,07/19/2022,"Self Employed",131997,829,No,,Approved,759.6,1266,4,"Renewal case."
5741656,00285,08-03-2022,Full-Time,87535,591,No,FALSE,Approved,2010.6,3351,5,
5742462,00627,"July 08, 2024",Part-Time,86390,725,No,no,Approved,3791.76,4514,3,"Missing bank statements."
5742590,01764,06-15-2021,Student,120972,733,No,1,Approved,3289.2,5482,5,"income verified via Plaid"
5747150,01725,10/12/2023,Self-Employed,208270,828,No,false,"Under Review",8069.76,8406,1,N/A
5747399,01781,07/04/2023,Part-Time,170349,802,No,1,"Under Review",2252.16,0,2,"Applicant provided pay stubs."
5752128,00198,24/08/2022,Contract,92170,,No,,Denied,3139.92,3738,2,.
5752203,00164,2021-03-27,Unemployed,139388,627,No,,Approved,2333.52,2778,5,N/A
5752391,01761,17/06/2020,Full-Time,126939,422,No,No,Denied,7926.72,8257,1,.
5752422,00180,"February 15, 2020",Student,232127,,No,no,Approved,1674.12,1993,5,"Referred by agent."
5752483,01105,,Part-Time,129454,824,No,0,Denied,797.28,1208,3,"Referred by agent."
5752766,00617,04/02/2020,PT,165197,,No,true,Pending,2549.04,3268,5,N/A
5753785,00132,10/23/2021,Unemployed,57615,797,Yes,false,Approved,1535.52,1828,3,"Applicant provided pay stubs."
5754283,00118,23/06/2024,FT,79837,754,No,No,Approved,5903.52,7028,3,"docs expired"
5754691,01465,20/12/2023,Student,93567,,No,Yes,Approved,2572.8,2680,4,"Co-signer pending review."
5755750,01016,,Full-Time,198976,789,No,no,Withdrawn,5998.44,7141,3,n/a
5758621,00329,"June 07, 2022",Contract,161237,646,No,TRUE,Denied,1704,2840,2,.
5759411,01195,"December 11, 2022",Full-Time,72217,813,No,No,Denied,2632.2,4387,2,n/a
5759527,01030,03/14/2020,Student,180557,782,Yes,Yes,Approved,890.4,1484,4,"Flagged for manual review."
5763081,01068,"March 15, 2021",Self-Employed,189822,696,No,false,Pending,3213,5355,1,"docs expired"
5767610,01014,"November 29, 2024",Self-Employed,174151,803,No,0,Approved,7123.2,7420,1,"Flagged for manual review."
5767867,00033,"May 10, 2023",Retired,157154,774,No,TRUE,Denied,865.8,1110,3,.
5769248,01506,"June 06, 2022",Contract,275022,726,No,No,Approved,2103.36,2191,3,"Renewal case."
5770246,00866,,Part-Time,57774,780,No,1,Withdrawn,2376,2475,3,N/A
5771969,01463,"December 10, 2020",Self-Employed,72000000,N/A,No,FALSE,"Under Review",2106,3510,3,
5772814,01406,01/10/2022,Contract,22630,588,No,FALSE,Withdrawn,2835.3,3635,4,"Co-signer pending review."
5775751,01758,03-27-2024,Part-Time,172058,,No,0,"Under Review",3611.4,6019,1,"Renewal case."
5777632,00074,08/04/2022,Part-Time,139818,775,No,false,Approved,6569.64,9954,4,"Co-signer pending review."
5781138,00057,2024-01-26,FT,115070,778,No,N,Approved,5987.52,6237,4,N/A
5781562,01006,22/07/2024,Self-Employed,165053,724,No,Yes,Denied,3943.8,4695,4,n/a
5782109,00323,01/23/2024,Contract,208689,707,No,1,Approved,5037.48,5997,3,"Applicant follow-up needed"
5785294,00435,"June 08, 2024",Contract,149967,746,No,N,Approved,1350.18,1731,3,"Applicant provided pay stubs."
5786061,00725,"March 12, 2024",Self-Employed,130988,629.0,No,No,Approved,1495.68,1558,1,N/A
5788056,01421,19/09/2022,Unemployed,312010,376,Yes,,Approved,2304.72,3492,1,"income verified via Plaid"
5788574,01090,,Part-Time,181036,740,Yes,No,Denied,3282.6,5471,4,N/A
5789472,00319,"November 04, 2021",Self-Employed,119200,N/A,No,N,Approved,2206.62,2829,5,"income verified via Plaid"
5789536,01215,08-27-2023,Contract,53511,747,No,1,Denied,2452.32,3144,1,"Applicant follow-up needed"
5791257,00608,11/19/2020,Full-Time,186643,744,No,TRUE,Approved,2620.2,4367,1,"Flagged for manual review."
5792259,01264,31/07/2020,Retired,224321,792,Yes,no,Withdrawn,2424.24,3108,3,"Applicant follow-up needed"
5792521,00175,11-06-2024,Contract,122128,709,No,yes,Denied,4383.72,6642,5,N/A
5793787,00864,,Student,123983,782,No,false,Approved,8069.76,8406,1,"Flagged for manual review."
5795331,00630,12-25-2021,Full-Time,172290,597.0,No,false,Approved,1171.5,1775,3,"Applicant provided pay stubs."
5796328,00569,"May 29, 2022",Self-Employed,102805,711.0,No,Y,Denied,5338.74,8089,3,.
5799889,01605,"June 26, 2023",Unemployed,171425,510,No,0,Withdrawn,1728,2880,2,"Co-signer pending review."
5800977,00159,03/10/2022,Unemployed,46270,789,No,Y,Approved,664.8,1108,1,n/a
5801776,00383,2021-10-31,Retired,37069,725,No,false,"Under Review",2846.4,2965,4,"Applicant provided pay stubs."
5802176,01525,"February 15, 2022",Unemployed,74360,768,No,No,Denied,2598.18,3331,2,"income verified via Plaid"
5802866,00753,2021-08-13,Part-Time,90087,697,No,1,"Under Review",1626,2710,5,
5803029,00005,2024-07-28,FT,201565,726,No,FALSE,Approved,3274.32,3898,2,"Missing bank statements."
5803179,01386,26/01/2024,Part-Time,175314,661,No,yes,Withdrawn,2358.84,3574,5,"income verified via Plaid"
5803333,01189,02/02/2020,"Self Employed",119294,786,No,N,Pending,2567.4,4279,5,
5804110,00747,2024-01-24,Full-Time,231642,618,No,Y,Approved,2506.56,2611,5,"income verified via Plaid"
5804704,01077,03/12/2021,Student,211918,350,No,N,"Under Review",1575.6,2020,2,"Co-signer pending review."
5805992,01421,04/03/2021,Contract,181177,703,No,Y,Pending,2304.72,3492,5,"Flagged for manual review."
5806314,01067,06/26/2023,Student,56892,740,Yes,true,Denied,2258.88,2896,5,"Applicant provided pay stubs."
5808002,01523,12-16-2021,Retired,144487,,No,0,Denied,6349.98,8141,3,"Flagged for manual review."
5808299,00526,10-01-2023,Student,210750,758,No,,Withdrawn,2789.28,3576,1,"Missing bank statements."
5808315,01098,,Self-Employed,106942,707,No,true,Approved,3255.84,3876,3,"Renewal case."
5809622,01244,10/12/2023,Full-Time,88740,662,No,true,Withdrawn,4965,8275,5,"Applicant provided pay stubs."
5810486,00136,2022-09-22,Student,148073,822,No,yes,"Under Review",784.8,1308,2,"Co-signer pending review."
5810786,00556,2022-12-29,Part-Time,70240,768,No,no,Approved,2850.96,3394,2,"Referred by agent."
5814647,00702,21/08/2021,Retired,259489,796,Yes,N,Pending,1036.56,1234,3,"Co-signer pending review."
5815254,01147,02/12/2021,"Self Employed",92220,729,No,,Approved,1395,2325,4,"Renewal case."
5815513,01012,"April 12, 2022",Student,236489,744,No,no,Pending,3735.48,4447,4,"Referred by agent."
5817716,00933,09-06-2021,Unemployed,209989,,No,No,Pending,1343.16,1722,3,"Flagged for manual review."
5819644,01462,02-12-2023,Part-Time,219308,648,No,true,Approved,927,1545,1,
5819828,01046,04-13-2023,Self-Employed,29015,785,No,FALSE,Approved,1225.92,1277,5,.
5819960,00077,"May 05, 2023",Contract,193423,667,No,1,"under review",1135.86,1721,4,N/A
5820314,00101,12/12/2023,Full-Time,142042,830,Yes,N,Denied,2247.18,2881,1,.
5822949,01367,03-24-2021,Retired,223765,612,No,,Withdrawn,741.6,1236,3,"Renewal case."
5826252,01186,,Unemployed,28609,712,No,no,Approved,3361.8,5603,2,"income verified via Plaid"
5826942,00559,22/02/2024,Retired,202500,,No,FALSE,Approved,1586.76,1889,3,"docs expired"
5828699,01343,"May 05, 2023",Self-Employed,205441,809,No,0,"Under Review",927.6,1546,4,n/a
5829928,01749,2021-07-12,Retired,63368,352,No,FALSE,"Under Review",1830.84,0,5,"Referred by agent."
5830341,01667,"November 23, 2023",Full-Time,26382,695,No,N,Approved,4618.56,4811,3,"Missing bank statements."
5830541,01110,03-18-2020,Contract,148448,748,Yes,true,Approved,1372.14,2079,1,"Flagged for manual review."
5831478,01538,"December 18, 2021",Part-Time,299945,,No,true,Pending,1032,1720,1,"Applicant follow-up needed"
5831990,01512,"June 25, 2020",Unemployed,74720,735,Yes,1,Denied,2441.88,2907,2,
5832210,00119,"June 13, 2021",PT,221104,710,Yes,,Denied,4598.4,4790,2,"Flagged for manual review."
5832759,01695,08-09-2021,Student,36171,735,Yes,1,"Under Review",3364.02,5097,2,"Renewal case."
5833340,00561,05/29/2021,Self-Employed,9335,583,Yes,FALSE,Pending,1638.72,1707,5,"Applicant provided pay stubs."
5834548,01576,24/02/2021,Self-Employed,18055,642,No,yes,Withdrawn,3822.06,5791,5,"income verified via Plaid"
5835291,00492,2024-10-05,Contract,125473,766,No,Yes,"Under Review",1233.12,1468,5,.
5838505,01675,2021-05-21,Student,234256,659,No,false,Approved,1310.76,1986,5,"docs expired"
5838988,00419,"October 19, 2021",Student,22550,674,No,N,"Under Review",1616.16,1924,2,N/A
5840018,00099,01/31/2023,Retired,70501,730,No,FALSE,Approved,2491.32,3194,1,"Applicant provided pay stubs."
5841525,00980,25/11/2023,Retired,241894,661,No,false,Approved,1589.76,1656,1,"docs expired"
5842160,00276,"June 02, 2024",Self-Employed,24162,772,No,yes,Approved,798.72,832,5,
5845021,00750,02-22-2020,Part-Time,175411,817,No,,Approved,3043.56,3902,5,"docs expired"
5845926,00804,2024-07-21,Contract,34420,681,No,FALSE,Withdrawn,3030.72,3157,4,"Referred by agent."
5846004,01118,08-05-2021,Self-Employed,141208,590,No,TRUE,Approved,1648.08,1962,1,"Renewal case."
5847089,01459,05/05/2022,Full-Time,229858,831,No,Y,Withdrawn,1993.86,3021,4,"docs expired"
5847589,00447,,Self-Employed,93349,582.0,No,,Approved,3751.8,4810,2,"Flagged for manual review."
5848606,00251,2022-08-07,Self-Employed,185422,317,No,1,Pending,1191.96,1419,3,"Co-signer pending review."
5848647,01210,2023-06-03,Full-Time,41406,680,No,1,"Under Review",2283.84,2928,1,"Referred by agent."
5850870,00241,"March 13, 2020",Part-Time,169154,670,No,0,Approved,1406.46,2131,4,
5853137,01211,17/04/2022,Retired,54280,649,No,1,Denied,1673.28,1743,5,
5853454,00863,26/06/2024,Retired,140648,675,No,TRUE,Pending,979.68,1256,2,"Referred by agent."
5855638,01596,2020-01-19,Contract,158918,752,Yes,false,Approved,6676.32,7948,4,"Referred by agent."
5855927,01604,2021-02-13,Contract,47727,,No,N,"Under Review",2927.4,4879,3,
5856723,00851,24/07/2024,Part-Time,140568,776.0,No,,Denied,1179.6,1966,4,"income verified via Plaid"
5860484,01221,"August 09, 2024",Self-Employed,209402,690,No,Y,"Under Review",5055.96,6019,1,n/a
5860790,01622,2024-12-21,Self-Employed,209282,837,No,no,Pending,1770.78,2683,3,"Referred by agent."
5860834,00802,22/01/2023,Self-Employed,97566,679,No,TRUE,Approved,2556.48,2663,1,"Missing bank statements."
5863946,01444,2021-03-13,Retired,84736,691,No,,Denied,907.5,1375,5,"Missing bank statements."
5866148,01347,15/09/2020,Retired,66101,745,No,yes,Pending,483,805,2,"Renewal case."
5867283,01222,09-19-2021,Student,67889,681,No,,Denied,2532.66,3247,4,.
5868017,00939,12/05/2022,Part-Time,162832,840,No,No,Approved,1872.78,2401,3,N/A
5868454,01087,2024-03-23,Contract,233897,742,No,false,"Under Review",5269.32,6273,5,"income verified via Plaid"
5869646,01776,10/09/2023,Retired,185536,783,No,no,Pending,2976.48,3816,2,n/a
5870179,01250,"April 13, 2023",Unemployed,198137,739,Yes,0,Approved,3193.68,3802,2,N/A
5872047,01536,,Contract,117477,759,No,yes,Approved,3011.58,4563,3,"Flagged for manual review."
5872474,00249,2021-09-16,Unemployed,46910,760,No,FALSE,Approved,4014.72,4182,3,"Flagged for manual review."
5873041,00448,2024-10-28,Contract,121680,813,No,,Denied,1390.62,2107,3,.
5874200,00149,2023-02-16,Part-Time,35716,,No,yes,denied,1650.24,1719,3,"income verified via Plaid"
5874458,00055,02/07/2023,"Self Employed",221430,836,No,TRUE,Denied,1194.6,1810,5,"Renewal case."
5875434,00654,01-25-2020,Retired,77830,751,No,true,Withdrawn,2968.32,3092,5,"Missing bank statements."
5876476,01750,17/01/2023,Retired,12588,697.0,No,no,Approved,7835.52,9328,3,"Flagged for manual review."
5876687,00845,,Part-Time,19804,693,No,N,Pending,3586.8,5978,4,"Co-signer pending review."
5879492,01781,2021-01-13,Full-Time,71938,804,No,1,Approved,1548.36,2346,2,"Renewal case."
5880177,00579,07/12/2022,Self-Employed,33278,768,No,No,Pending,3513,5855,2,"income verified via Plaid"
5881135,00085,01/20/2023,Full-Time,111020,784,No,no,Approved,1023,1550,5,.
5881436,01765,"April 10, 2021",Self-Employed,200852,749,Yes,yes,Denied,3396.96,4044,1,"Applicant follow-up needed"
5881958,01499,05/01/2020,Retired,164166,700,No,N,Approved,3115.2,3245,5,"Co-signer pending review."
5882848,00637,2020-07-10,Retired,226804,720,No,No,Pending,2150.28,3258,5,.
5883278,00215,"March 04, 2022",Retired,95571,665,No,FALSE,Denied,691.08,886,1,
5884798,01233,12-08-2023,Self-Employed,321556,764,No,no,Approved,2248.68,2677,2,"Referred by agent."
5886099,00252,05/07/2024,Retired,294157,730,No,0,Approved,1089,1650,5,"Applicant provided pay stubs."
5886975,00324,29/09/2023,Contract,140047,769,Yes,no,Denied,1887.6,3146,3,"docs expired"
5888575,01497,09-03-2022,Self-Employed,33274,742,No,Yes,Approved,1795.08,2137,2,.
5888880,01710,14/08/2021,Student,93137,724,No,N,"Under Review",5437.44,5664,2,"Referred by agent."
5889925,00837,2021-05-26,Retired,158996,773,No,no,Denied,3633.3,5505,5,"docs expired"
5890928,00002,05/01/2023,Retired,118254,704,Yes,Yes,Approved,2588.04,3081,4,
5891684,01106,2020-07-01,Part-Time,191372,N/A,No,1,Pending,1068.48,1272,1,"Co-signer pending review."
5891847,00325,04/18/2022,Contract,76119,,No,0,Pending,971.04,1156,1,
5892015,00926,"July 31, 2022",Student,191857,,No,no,Pending,5477.64,6521,4,"Applicant provided pay stubs."
5892036,00217,05-07-2021,Contract,208329,628,No,yes,Denied,2075.4,3459,4,.
5896651,01270,"September 12, 2021",Full-Time,232532,645,No,No,Approved,4475.52,5328,1,.
5897326,01446,"February 27, 2023","Self Employed",14238,764,No,N,Pending,2893.02,3709,3,n/a
5898478,00747,2021-02-21,Retired,149118,616,No,1,Approved,2506.56,2611,3,.
5902878,00950,04/10/2022,Part-Time,18475,705,No,FALSE,Pending,3475.92,4138,4,n/a
5904285,01436,2020-12-11,Part-Time,108796,823,No,N,"Under Review",5583.36,5816,5,"Flagged for manual review."
5905073,01606,12/29/2022,Unemployed,7768,789,Yes,FALSE,Approved,2903.34,4399,2,
5907580,00987,2021-04-05,Full-Time,203248,739,No,Yes,denied,4409.34,5653,3,.
5907820,01438,09/10/2021,Self-Employed,92387,676,No,TRUE,Withdrawn,2830.8,3370,5,"Applicant provided pay stubs."
5910566,00809,08-06-2021,Student,223897,802,No,true,Approved,1213.8,1445,5,"Flagged for manual review."
5912611,01068,"June 22, 2021",Contract,156800000,617,No,Y,Denied,5140.8,5355,5,"docs expired"
5912746,01555,"September 29, 2020",Unemployed,162034,617,No,N,Withdrawn,831.6,990,1,"Referred by agent."
5913709,00583,29/12/2020,Self-Employed,110270,671,No,No,Withdrawn,2317.26,3511,3,n/a
5913975,00380,01/03/2020,Retired,114763,N/A,No,no,Denied,5001.6,5210,5,"income verified via Plaid"
5914345,00704,2021-05-25,Student,148703,846,No,TRUE,Pending,3455.76,4114,2,N/A
5915065,00016,09/03/2022,Retired,222116,612,No,,Denied,1400.52,2122,3,N/A
5915472,00313,"December 05, 2021",Full-Time,158190,743,No,No,"Under Review",2033.46,2607,1,
5916964,00075,"September 18, 2021",Self-Employed,116579,717,No,yes,Approved,7172.76,8539,2,"Co-signer pending review."
5918046,00669,11-01-2021,Unemployed,209424,785.0,No,No,Approved,627.12,804,3,
5918058,00974,,Part-Time,177912,,No,0,Approved,4557,5425,1,"Applicant follow-up needed"
5918104,01195,19/03/2024,Part-Time,121860,757,No,No,Approved,2632.2,4387,5,n/a
5919120,01460,"October 25, 2024",Self-Employed,176305,753,Yes,0,Pending,2409.66,3651,2,"Referred by agent."
5919229,01451,25/05/2023,Full-Time,76095,781,No,0,Approved,2750.22,4167,3,"Co-signer pending review."
5919262,00440,12-31-2022,Student,54914,748,No,TRUE,Pending,3829.44,3989,5,"Renewal case."
5920524,00609,11-04-2020,Part-Time,133262,732,No,0,Approved,4434.3,5685,5,
5922583,01751,"December 27, 2021",Self-Employed,238117,423,No,true,Approved,1046.64,1246,5,"docs expired"
5922660,00903,15/04/2023,Unemployed,50979,317,Yes,0,Denied,3716.16,4424,2,"Co-signer pending review."
5923825,01130,2023-11-29,FT,196666,646,No,N,Approved,4717.44,0,5,"Referred by agent."
5924353,01359,"February 15, 2024",Unemployed,209275,N/A,No,,Approved,2226.6,3711,4,"income verified via Plaid"
5925477,00497,2024-11-15,Part-Time,71628,562,No,Y,"Under Review",2639.52,3384,4,"Missing bank statements."
5925761,01724,07/31/2022,Student,56056,765,No,FALSE,Approved,516.6,861,2,
5927354,00181,09/25/2022,Full-Time,95847,535,No,,Denied,601.26,911,5,"Co-signer pending review."
5927751,00241,04/02/2022,Student,37524,685,No,yes,Approved,1278.6,2131,2,"Applicant provided pay stubs."
5928395,00361,09-15-2022,Contract,233227,487,Yes,Yes,Approved,3563.28,4242,2,"Applicant follow-up needed"
5929019,00343,2023-03-11,Part-Time,79104,543,No,N,Denied,1587.6,2646,4,n/a
5929329,00762,06/10/2024,Self-Employed,62457,656,No,false,Approved,1038.18,1331,2,"Renewal case."
5929357,00889,11/07/2020,Self-Employed,166586,735,No,Yes,Denied,4310.4,4490,3,"Referred by agent."
5930903,00758,,Retired,194621,721,Yes,false,Denied,1634.88,2096,5,
5933756,00154,17/06/2023,Full-Time,12911,692,No,no,Pending,1078.74,1383,1,N/A
5935163,00802,05/16/2020,PT,115810,744,No,Y,Approved,1456.62,2207,5,"income verified via Plaid"
5935784,00275,09/20/2022,Unemployed,315789,716,No,no,Approved,1008,1680,5,"Applicant follow-up needed"
5937719,01746,2022-11-21,Contract,232956,741,Yes,TRUE,Denied,2659.2,2770,3,"income verified via Plaid"
5938065,01444,04-22-2024,Contract,74221,845,No,No,Approved,1072.5,1375,2,"Co-signer pending review."
5939162,01092,"June 07, 2023",Student,59031,397,No,No,Pending,5248.32,7952,5,.
5943360,00116,2021-11-02,Unemployed,170919,759,No,false,Approved,3610.56,3761,5,"Flagged for manual review."
5944142,00057,04-28-2022,Contract,67634,583,Yes,TRUE,Denied,3742.2,6237,3,
5945451,01564,2024-10-30,Unemployed,98153,679,No,false,Pending,2903.16,3722,5,
5948410,01634,"July 04, 2023",Full-Time,188275,616,No,true,Denied,7798.08,8123,2,.
5949096,00866,,Self-Employed,314884,583,No,Yes,Approved,1930.5,2475,5,.
5949540,01603,11/01/2020,Retired,156016,779,No,false,Approved,2712.36,3229,4,
5949597,00608,26/06/2020,Retired,34871,,No,1,Denied,3406.26,4367,1,"Renewal case."
5949759,00320,2024-06-25,Self-Employed,224424,762,No,1,Pending,2719.68,2833,4,"income verified via Plaid"
5950048,00467,,Self-Employed,204239,753,Yes,No,Denied,6529.38,8371,2,"Applicant provided pay stubs."
5950788,01646,,Part-Time,122052,685,No,0,Denied,4638.48,7028,2,"Flagged for manual review."
5951436,01314,11/01/2020,Student,222600000,832,Yes,no,Pending,3917.76,4081,5,"docs expired"
5952627,01175,03/02/2021,Contract,266741,314,No,,Approved,4192.2,6987,2,"Missing bank statements."
5952995,01617,"May 20, 2024",Part-Time,87738,594,Yes,Yes,Approved,489,815,1,"income verified via Plaid"
5954542,01042,2023-05-13,Unemployed,223871,703,Yes,FALSE,Withdrawn,1824.42,2339,2,.
5955951,01352,2024-01-18,Student,71667,692,Yes,No,Approved,1774.92,2113,1,"Missing bank statements."
5956187,01138,12-17-2023,Student,80442,685,No,FALSE,Pending,3224.1,4885,2,"Co-signer pending review."
5960371,01780,"July 05, 2020",Self-Employed,92961,671,No,0,Approved,4986,8310,2,"Applicant follow-up needed"
5961228,01218,05/12/2021,Retired,63054,765,No,false,Approved,6345.36,7554,5,"Flagged for manual review."
5961450,00952,2020-03-12,Part-Time,73036,,No,1,Denied,1025.64,1554,2,"Applicant provided pay stubs."
5963760,01464,24/11/2024,Full-Time,177504,718,No,yes,Withdrawn,2475,3750,1,"docs expired"
5964747,00632,29/03/2023,Contract,285665,666,No,1,Denied,4736.94,6073,4,"Referred by agent."
5966580,01142,02/21/2020,Retired,189085,776,No,1,Approved,3949.92,5064,5,.
5967416,01776,11-21-2023,Retired,82766,393,No,1,"Under Review",2976.48,3816,5,"Applicant provided pay stubs."
5968199,01267,"June 08, 2020",Contract,200949,674,No,no,Approved,4084.92,4863,3,"Referred by agent."
5968354,00844,09-22-2021,Part-Time,5757,,No,FALSE,Withdrawn,2456.52,3722,3,n/a
5969011,01082,"February 16, 2023",Retired,61829,466,No,Yes,"Under Review",1079.52,1384,3,n/a
5970860,00257,12/05/2022,Part-Time,116902,806,No,Y,Denied,3283.02,4209,4,"Applicant provided pay stubs."
5971190,01729,26/04/2023,Part-Time,51270,670,Yes,TRUE,Denied,497.4,829,1,"Applicant follow-up needed"
5972081,00956,11/09/2022,Contract,279832,841,No,1,Denied,2290.86,3471,2,
5972154,00491,"January 25, 2021",Part-Time,111610,783,No,Yes,Approved,2395.14,3629,3,"Referred by agent."
5974076,00740,2021-03-18,Retired,114396,814,No,No,Denied,1615.8,2693,5,"Applicant provided pay stubs."
5975068,01283,"June 07, 2021",Contract,71300000,,No,TRUE,"Under Review",10184.64,10609,2,"Co-signer pending review."
5977405,00258,25/10/2024,Part-Time,186942,N/A,No,,Pending,1636.2,2727,2,n/a
5977418,01347,08-16-2020,Full-Time,113515,581,No,no,Approved,627.9,805,1,n/a
5978600,00088,11/30/2021,Full-Time,172855,614,No,No,Denied,1528.8,1960,4,"Referred by agent."
5979032,00203,2021-05-25,Full-Time,140241,705,No,0,Withdrawn,1319.4,2199,3,"Co-signer pending review."
5979471,01195,05-30-2020,Student,109428,694,Yes,0,Pending,4211.52,4387,5,N/A
5980163,00770,27/09/2023,Unemployed,247402,,No,N,Denied,5483.28,8308,5,"income verified via Plaid"
5987413,01059,01/03/2021,Unemployed,218325,825,No,no,Pending,2021.4,3369,4,"income verified via Plaid"
5987876,00445,2023-09-23,Self-Employed,51320,619,No,No,Denied,1385.16,1649,4,"income verified via Plaid"
5988889,01683,2024-02-19,Retired,239573,830,No,Y,Denied,4670.4,4865,4,"Flagged for manual review."
5991891,01133,"June 29, 2021",Part-Time,41370,,No,true,Pending,709.5,1075,3,"docs expired"
5993523,00338,04-11-2023,Unemployed,85436,780,Yes,true,Approved,2562.6,4271,4,"Applicant provided pay stubs."
5996216,01017,2024-03-12,"Self Employed",134488,667,No,,Approved,2640,4400,5,"Applicant provided pay stubs."
5997374,01078,27/04/2021,Contract,225154,735,No,TRUE,Withdrawn,2381.34,3053,5,
6002176,00494,"December 27, 2023",Student,242516,649,No,No,Approved,5726.4,5965,1,"Applicant follow-up needed"
6002977,00716,02-23-2021,Retired,193698,730,No,false,Approved,2434.32,2898,5,
6007601,00524,05-23-2021,Part-Time,217324,661,Yes,No,Denied,2808.78,3601,1,
6010192,01103,2022-11-20,Self-Employed,129692,812,No,TRUE,Pending,1146.6,1470,1,N/A
6010699,01383,2021-08-27,FT,133105,841,Yes,true,approved,1834.8,3058,5,"income verified via Plaid"
6011842,00804,04/16/2023,Full-Time,231194,792,No,true,Denied,2462.46,3157,4,"Applicant provided pay stubs."
6015450,01313,11/08/2022,Self-Employed,248819,496,No,0,Withdrawn,2246.4,2340,5,"Applicant follow-up needed"
6015715,01638,15/04/2022,Full-Time,150118,738,Yes,true,Approved,6319.8,10533,2,"Missing bank statements."
6018022,01306,2023-03-09,Contract,201426,769,No,,"Under Review",1639.68,1952,1,
6018401,00635,2024-01-27,Unemployed,94149,734,No,no,Denied,3010.2,5017,2,N/A
6018812,00427,14/05/2021,Student,246661,N/A,No,false,Pending,1102.2,1670,2,N/A
6019811,00096,"February 10, 2022",Self-Employed,246604,812,No,true,Denied,2821.26,3617,1,N/A
6020221,00687,"October 25, 2023",Retired,213315,715,No,,Approved,7525.44,7839,4,"Referred by agent."
6021487,00162,06/02/2020,Part-Time,20419,803.0,Yes,true,Approved,1141.44,1189,2,"Applicant provided pay stubs."
6021998,00682,07/01/2024,Full-Time,15560,797,No,true,Approved,6602.88,6878,4,"Referred by agent."
6023850,00759,2020-08-09,Student,140507,589,Yes,FALSE,Approved,4716.6,7861,2,"Referred by agent."
6026360,01328,05/10/2024,Self-Employed,80611,761,No,No,Approved,4447.56,5702,4,"Missing bank statements."
6026373,00589,03/06/2023,Retired,47871,,No,Y,Approved,2052.96,2632,4,"docs expired"
6027413,00750,12/07/2023,PT,134921,581,No,TRUE,Denied,2341.2,3902,2,"docs expired"
6027864,00041,06-04-2021,Self-Employed,105119,679,Yes,1,approved,750.6,1251,5,"Renewal case."
6030822,01440,2021-10-22,Part-Time,287134,749,No,no,Approved,1547.52,1612,3,n/a
6031765,01691,2024-09-17,Self-Employed,180017,785.0,No,0,Pending,1142.4,1904,2,"Flagged for manual review."
6033477,01174,2022-12-16,Unemployed,128076,670,No,Yes,Approved,2240.94,2873,4,N/A
6034103,00007,22/10/2022,Self-Employed,79500000,828,No,No,Denied,2482.56,2586,4,"Renewal case."
6036950,01500,17/08/2021,Unemployed,158841,,No,Yes,Approved,3187.86,4087,2,"Referred by agent."
6038933,00250,07-27-2022,Part-Time,97592,799,No,true,Approved,1369.2,1630,5,n/a
6040461,00343,03-02-2020,Part-Time,158222,816,No,N,Approved,1587.6,2646,2,N/A
6040472,00926,02-03-2022,Unemployed,122874,349,No,Yes,Approved,6260.16,6521,3,
6041591,01656,"May 15, 2023",Student,127699,,No,no,Pending,1735.14,2629,4,"income verified via Plaid"
6042365,01246,10-15-2020,Part-Time,172612,720,No,FALSE,Approved,1367.4,2279,3,"Missing bank statements."
6042437,01176,12-04-2020,Contract,119255,337,No,FALSE,Denied,1410.24,1808,4,"Renewal case."
6043031,00844,03/13/2021,"Self Employed",18467,638,No,yes,Approved,3573.12,3722,5,.
6043254,00266,08-18-2021,Student,228514,767,Yes,,"Under Review",2589.12,2697,5,.
6044368,00751,"May 14, 2020",Self-Employed,103147,609,No,1,Pending,1654.38,2121,3,"Applicant provided pay stubs."
6044590,01726,24/07/2024,Student,172984,738,No,Yes,Denied,2998.8,3570,5,"Applicant provided pay stubs."
6048428,00100,17/10/2020,Self-Employed,226008,739,No,TRUE,Denied,1480.2,2467,2,"income verified via Plaid"
6048429,01331,17/07/2020,Self-Employed,93368,676,No,0,Denied,3395.28,4042,2,"Renewal case."
6049858,00732,2021-12-01,Self-Employed,168374,436,No,Yes,Denied,2643.48,3147,4,"income verified via Plaid"
6050174,01240,10/08/2024,Unemployed,45287,702,No,1,Pending,3028.2,5047,4,"Missing bank statements."
6054758,01301,2023-09-02,Part-Time,240030,649,Yes,1,Approved,2027.52,2112,4,"Renewal case."
6055786,00894,07-05-2020,Retired,90348,781,No,1,"Under Review",1732.5,2625,4,"Applicant follow-up needed"
6055986,01168,2024-04-28,Self-Employed,190136,583,No,0,Pending,4011,4775,3,
6056189,01420,"July 16, 2024",Part-Time,26244,,No,true,Approved,3012.24,4564,3,
6057674,01529,"December 25, 2020",Student,125289,675,No,true,Pending,3550.56,4552,1,.
6060159,01106,2023-07-23,Part-Time,102852,N/A,No,1,Denied,1068.48,1272,5,"income verified via Plaid"
6061388,00022,06/18/2021,Contract,106400000,745,No,true,Approved,1513.98,1941,5,
6061498,00790,2020-07-11,Full-Time,91073,830,No,yes,Approved,5011.44,5966,3,"Flagged for manual review."
6063381,01443,29/01/2024,Full-Time,157009,748,Yes,No,Denied,1557.36,1854,4,"Referred by agent."
6063698,00771,2024-10-22,Student,67357,733,No,0,Pending,1733.4,2889,2,N/A
6066735,01671,12/12/2023,Part-Time,165564,731,No,no,Denied,3282.72,3908,5,
6069229,00631,12/25/2022,Retired,5122,,No,1,Pending,1188.6,1981,4,"docs expired"
6069462,00206,06/12/2021,Self-Employed,151264,,No,No,Denied,2157.6,3596,4,"Applicant provided pay stubs."
6069739,01319,2020-03-14,Self-Employed,224080,N/A,No,true,"Under Review",2568.96,2676,3,
6069827,00285,"April 25, 2021",Self-Employed,226106,654,No,N,Approved,3216.96,0,1,"Applicant follow-up needed"
6070092,00546,04-05-2020,Self-Employed,196202,737,No,yes,Denied,1929.48,2297,2,
6070197,00851,12/29/2021,Student,33799,590,No,0,"Under Review",1179.6,0,4,.
6081285,00646,2024-02-02,Self-Employed,51375,,No,true,Approved,2747.52,2862,5,"Referred by agent."
6081959,01350,2020-12-12,Part-Time,226176,762,Yes,FALSE,Approved,2931.72,4442,1,"Co-signer pending review."
6082308,00389,01/05/2023,Full-Time,94705,720,No,FALSE,Approved,5531.52,5762,1,
6082733,01472,06/10/2021,Student,201643,759,No,0,Approved,6578.88,6853,4,"Referred by agent."
6083188,00533,2023-03-07,Unemployed,54827,652,No,,Pending,2938.56,3061,5,
6084349,00427,2024-02-12,Contract,135313,630,Yes,FALSE,Denied,1302.6,1670,3,"Renewal case."
6085278,00513,05/06/2023,Self-Employed,40601,605,No,yes,"Under Review",2200.8,2620,4,"Missing bank statements."
6086729,00198,"November 27, 2021",Student,148803,705.0,No,Yes,Withdrawn,3588.48,3738,1,"Applicant provided pay stubs."
6089936,00970,17/09/2021,Retired,72100000,722,No,N,Approved,2628.48,0,4,.
6090163,00289,04-17-2023,Full-Time,208567,732,Yes,1,Approved,2235.42,3387,3,
6090620,01354,31/03/2020,Retired,54515,703,No,N,Approved,1244.4,2074,1,"Missing bank statements."
6095178,01379,05/06/2023,Part-Time,31362,698,No,true,Denied,4516.2,0,1,"docs expired"
6096236,00356,"June 08, 2020",Part-Time,165140,800,No,true,Denied,4292.4,7154,4,.
6096575,00513,"February 24, 2022",Contract,83684,599,Yes,N,Pending,2515.2,2620,4,"Flagged for manual review."
6097668,00365,27/01/2021,Part-Time,168652,727,No,TRUE,"Under Review",1563.54,2369,5,"Applicant provided pay stubs."
6098189,00939,04/06/2023,Retired,232403,831,No,no,Pending,1872.78,2401,5,
6107221,01128,2021-09-15,Retired,146489,728,No,true,Denied,3571.2,5952,4,"Co-signer pending review."
6108416,01393,"February 21, 2021",Retired,197821,779,No,Y,Approved,3985.02,5109,2,n/a
6111480,00679,03/05/2023,Unemployed,235209,787,No,FALSE,Pending,2476.32,0,3,"Missing bank statements."
6112337,01294,,Part-Time,20639,824,No,Y,Approved,2152.32,2242,1,
6115971,01435,07/16/2023,Retired,76636,754,No,0,Denied,3047.52,3628,2,
6116350,01223,2023-12-20,Contract,79300000,693,No,N,Approved,2830.2,4717,3,
6117750,01078,08/26/2023,Contract,86517,700,No,1,"Under Review",1831.8,3053,3,"Renewal case."
6121087,01395,07/10/2023,Student,151241,735,No,,Pending,2294.16,3476,4,"Applicant provided pay stubs."
6121122,01633,08/02/2020,Retired,74300000,821,No,N,Withdrawn,1656,2760,4,"Applicant follow-up needed"
6121160,01012,2022-06-21,Full-Time,67225,589.0,No,yes,Approved,4269.12,4447,3,"Flagged for manual review."
6121609,01131,18/03/2020,Retired,126189,692,Yes,No,Approved,1002.6,1671,2,
6123108,00318,12/25/2024,Contract,117657,523,No,Yes,Denied,803.22,1217,3,"Referred by agent."
6124191,01486,"February 15, 2020",Student,47773,804,No,0,Denied,3440.64,4096,3,.
6127894,01436,02/08/2022,PT,199553,783,Yes,Yes,Approved,4885.44,5816,5,n/a
6130619,00889,03-01-2022,Full-Time,242939,466,No,No,Approved,4310.4,4490,3,.
6133390,00902,02/08/2023,Part-Time,142128,331,No,N,Approved,3209.28,3343,3,"Missing bank statements."
6136395,00201,07/14/2024,"Self Employed",181535,N/A,Yes,yes,Approved,1895.4,2430,3,n/a
6136535,00661,"November 21, 2024",Unemployed,99294,714,No,true,Pending,3837.24,5814,2,"Missing bank statements."
6137035,01779,01/11/2024,Retired,166416,755,Yes,TRUE,Approved,1262.52,1503,1,.
6138788,00772,"January 25, 2023",Contract,203574,317,No,,Approved,2461.44,2564,1,"docs expired"
6139158,00919,12-20-2021,Full-Time,41648,802.0,No,Y,Approved,718.38,921,2,"Flagged for manual review."
6139270,01767,01-11-2022,PT,186962,814,No,No,Pending,3865.92,4027,3,"Applicant follow-up needed"
6141310,00484,21/09/2020,Unemployed,268612,841,No,1,Denied,821.7,1245,3,n/a
6143297,01532,05/31/2024,Contract,235187,762,No,N,Denied,2281.44,2716,5,"Applicant provided pay stubs."
6143383,01533,08/06/2020,PT,131485,697,No,No,"Under Review",3896.4,6494,5,"Renewal case."
6146168,00081,05/07/2020,Part-Time,238072,746,No,TRUE,Approved,2678.76,3189,2,N/A
6147369,00497,2023-12-31,Retired,199404,723,No,No,Approved,2842.56,3384,3,"Co-signer pending review."
6147813,01031,2021-03-09,Full-Time,27659,,No,No,"Under Review",2034.24,2119,2,"Applicant provided pay stubs."
6149579,00046,02-18-2021,Full-Time,80333,670,No,true,Denied,1391.4,2319,1,"income verified via Plaid"
6150186,01680,"April 01, 2023",Unemployed,153611,812,No,yes,Pending,2770.32,3298,2,n/a
6150275,00117,08/01/2020,Self-Employed,21618,808,No,No,Approved,2583.36,2691,3,n/a
6151004,01272,"September 22, 2024",Retired,139440,656,No,No,Approved,2762.88,2878,4,"docs expired"
6151132,01577,"November 06, 2020",Self-Employed,108248,738,No,FALSE,Denied,4585.62,5879,5,"income verified via Plaid"
6156130,01685,17/01/2023,Contract,35225,767,No,Yes,Pending,4208.64,4384,5,"Missing bank statements."
6156295,01312,09/18/2023,Contract,178876,698,Yes,yes,Approved,814.8,970,3,"Co-signer pending review."
6160490,00197,2023-02-06,Contract,64397,449,Yes,true,Approved,3750.78,5683,4,"Applicant follow-up needed"
6161548,00917,10/07/2021,Retired,79755,626,No,N,pending,1391.88,1657,5,"Applicant provided pay stubs."
6162076,00806,12/18/2020,Student,84724,N/A,Yes,Y,Pending,1706.04,2031,3,
6163052,00327,2022-04-14,Student,41013,839,No,No,Denied,4405.8,5245,5,"Flagged for manual review."
6167629,00310,12-13-2023,Contract,151100000,730,No,FALSE,Approved,1061.58,1361,1,"Missing bank statements."
6167761,00836,03-08-2021,Student,89163,742,No,true,Approved,3717,4425,4,"income verified via Plaid"
6168010,00571,2023-09-05,Retired,102113,718,No,false,Denied,2013.18,2581,3,"Missing bank statements."
6168045,00450,2022-09-30,Part-Time,184680,715,No,0,Withdrawn,1444.8,1720,5,"Applicant provided pay stubs."
6170012,00246,02-05-2020,Part-Time,44071,,Yes,true,"Under Review",4063.02,0,3,"Applicant follow-up needed"
6170070,01221,,Contract,34866,807,No,N,Pending,5778.24,6019,5,
6170904,01149,"September 20, 2024",Self-Employed,68452,N/A,No,TRUE,Approved,5624.58,7211,2,"docs expired"
6170919,01794,06-10-2021,Self-Employed,50750,N/A,No,Y,Approved,3460.8,5768,3,"Applicant provided pay stubs."
6172888,00649,2024-06-25,Full-Time,52158,586,Yes,FALSE,Denied,2212.56,2634,1,
6177213,01680,2020-04-18,Full-Time,253559,667,No,Yes,Withdrawn,2176.68,3298,2,.
6177658,00162,,Retired,192351,614,Yes,no,Denied,784.74,1189,3,"Flagged for manual review."
6181761,01005,2020-04-18,Part-Time,229906,836,No,false,Approved,800.58,0,2,"Flagged for manual review."
6182208,00367,"November 05, 2020",Unemployed,48598,798,No,No,Approved,1702.68,2027,5,
6184927,00135,"April 20, 2020",Part-Time,73480,540.0,No,yes,Approved,1484.16,1546,3,
6186050,01089,11-16-2021,Unemployed,77178,704,No,Y,Approved,2103.36,2191,2,"Applicant provided pay stubs."
6186906,00324,05-15-2023,Contract,230600000,797,No,Y,Pending,2076.36,0,5,"Co-signer pending review."
6188917,00945,01-30-2022,Part-Time,38870,480,No,N,Approved,1194,1990,1,.
6189221,01009,"November 17, 2022",Part-Time,85561,723,No,No,Pending,1741.2,2902,4,"Renewal case."
6189841,01268,"July 20, 2023",Self-Employed,163289,664,Yes,1,Approved,4529.4,7549,2,"docs expired"
6191787,01329,09/06/2022,Student,72113,772,Yes,N,Denied,2835.3,3635,3,"Co-signer pending review."
6192547,00245,"March 22, 2021",Self-Employed,161613,688,No,1,"Under Review",2578.68,3306,4,N/A
6193761,01100,03/04/2022,Self-Employed,242700,N/A,No,,Approved,2188.56,3316,5,n/a
6194498,01080,2021-10-31,Contract,18074,628,No,0,Denied,3133.26,4017,5,"Flagged for manual review."
6195810,01502,04-18-2024,Retired,19285,739,Yes,N,Approved,1937.1,2935,4,n/a
6198151,01645,04/13/2021,Contract,185617,658,No,yes,Denied,2977.8,4963,3,"Missing bank statements."
6199225,01702,11/02/2023,Self-Employed,190810,N/A,No,,Denied,1892.52,2253,4,"income verified via Plaid"
6199912,01604,"May 24, 2023",Unemployed,86174,830,No,no,Pending,3805.62,4879,1,"income verified via Plaid"
6204120,00887,"September 21, 2024",Contract,207908,672,No,Yes,Denied,3348.18,5073,4,"Applicant provided pay stubs."
6204269,00060,2024-05-31,Unemployed,210233,525,No,true,Approved,976.08,1162,5,
6204956,00519,01/24/2020,Full-Time,107300,332,No,Y,Denied,5677.44,5914,1,N/A
6205216,00814,10-03-2022,Self-Employed,113495,640,No,false,Denied,8871.24,10561,2,"income verified via Plaid"
6206510,01374,"September 08, 2020",Part-Time,129892,830,No,,Approved,3150.84,3751,3,"income verified via Plaid"
6206632,01572,2021-12-17,Student,272989,771.0,No,1,"Under Review",5664.96,6744,2,
6207928,00309,11/18/2023,Part-Time,77507,674,No,yes,Approved,3129.36,4012,5,"Referred by agent."
6209786,00500,10/03/2023,Retired,109334,704,Yes,no,Pending,1307.04,1556,3,"income verified via Plaid"
6209896,01340,13/12/2020,Retired,182433,711,No,Y,Denied,1599.36,1666,1,.
6210844,00580,"March 21, 2020",Self-Employed,173882,741,No,,"Under Review",2860.8,2980,4,"Referred by agent."
6211091,01785,08-10-2020,Retired,186700000,784,Yes,TRUE,Denied,3318.6,5531,4,"Flagged for manual review."
6211878,00878,12/20/2024,Contract,111406,770,No,yes,Denied,1499.52,1562,1,.
6212681,00893,2022-11-20,Student,224457,N/A,Yes,No,Approved,3053.7,3915,1,N/A
6217013,01741,"May 03, 2022",Unemployed,64029,732,No,Y,Approved,4459.56,5309,4,.
6220407,00246,"September 29, 2022",Contract,62615,708,No,yes,"Under Review",4063.02,5209,3,"Applicant follow-up needed"
6221568,00877,08/28/2024,Self-Employed,197422,717,No,,Approved,2548.2,4247,2,"Renewal case."
6227060,00330,13/01/2022,Self-Employed,136973,826,No,yes,Approved,1170,1950,1,
6227793,01681,18/01/2024,Self-Employed,259234,685,No,1,Approved,3812.76,4539,4,"income verified via Plaid"
6228930,01665,03/19/2023,Contract,72221,591,No,true,Pending,2989.8,4530,2,"Missing bank statements."
6231356,00249,2023-08-04,Part-Time,135853,,No,1,Pending,4014.72,4182,1,"Co-signer pending review."
6232331,00621,04-22-2024,Retired,141923,777,Yes,,"Under Review",5836.8,6080,1,
6232711,01156,06/22/2024,Self-Employed,160000,664,Yes,no,"Under Review",3016.2,5027,1,"Applicant provided pay stubs."
6233307,01494,2020-10-03,Contract,220702,758,Yes,Y,Approved,3272.1,0,4,"Missing bank statements."
6233989,01361,"April 09, 2023",Retired,135332,836,No,no,Approved,1532.16,1824,2,"Co-signer pending review."
6235203,01021,"July 31, 2020",Part-Time,253646,685,No,false,Withdrawn,2898.24,3019,4,"Flagged for manual review."
6235249,01391,12/06/2023,Retired,73088,707,No,FALSE,pending,1633.8,1945,5,"Missing bank statements."
6235415,00762,05/13/2021,Retired,247011,772,No,Yes,Denied,1038.18,1331,4,n/a
6240217,00188,2023-11-30,Self-Employed,68684,716,No,true,Approved,1045.98,1341,1,"Referred by agent."
6242361,01325,03/23/2020,Part-Time,148300,681,No,N,Approved,2735.4,4559,1,"Co-signer pending review."
6243029,01270,2023-12-27,Contract,41288,630,Yes,Y,Approved,3196.8,5328,2,"income verified via Plaid"
6243401,00065,"December 31, 2022",Retired,242797,772,No,Y,Approved,984.6,1641,4,"Renewal case."
6243690,00868,10-17-2020,Self-Employed,222300000,750,No,N,"Under Review",2705.04,3468,5,"docs expired"
6245161,01172,"December 17, 2024",Self-Employed,41461,,No,Y,Approved,2089.2,3482,5,"Missing bank statements."
6245205,01237,11-15-2022,Full-Time,214579,697,No,Yes,Approved,1004.64,1196,3,"docs expired"
6245899,01748,2020-04-15,Unemployed,126491,768,No,TRUE,Pending,1175.46,1507,3,"Flagged for manual review."
6248265,00548,"April 14, 2020",Contract,125619,737,Yes,Y,Pending,4706.88,4903,2,n/a
6250859,00134,"September 23, 2020",Retired,219382,721,No,no,Approved,3103.8,3695,3,n/a
6253128,01631,07-20-2023,Student,47960,592,No,true,Denied,3906.24,4069,2,N/A
6253269,00039,03/04/2024,Part-Time,106427,700,Yes,yes,Pending,2178.66,3301,4,"Applicant follow-up needed"
6254729,00363,03/30/2022,Full-Time,115791,701,No,true,Approved,846,1410,2,
6254842,01690,07/10/2020,Unemployed,33523,,No,N,Approved,1349.4,2249,5,"Applicant provided pay stubs."
6255726,01595,07/01/2021,Part-Time,230526,772,No,N,Approved,1705.44,2584,2,"Co-signer pending review."
6257787,00101,2023-12-11,Self-Employed,240557,,Yes,FALSE,"Under Review",2247.18,2881,1,.
6257871,00494,"July 22, 2022",Retired,145037,809,No,TRUE,Denied,4652.7,5965,4,"Applicant follow-up needed"
6258625,00304,02/03/2022,Full-Time,90259,766,No,no,Denied,1751.4,2085,1,"docs expired"
6259282,00556,13/11/2023,Part-Time,120791,539,No,true,Pending,2036.4,3394,1,"Co-signer pending review."
6260425,01040,04/18/2022,Contract,84322,765,No,1,Denied,2119.26,2717,1,"docs expired"
6260440,01467,02/02/2024,Full-Time,39248,704,No,FALSE,Approved,1072.2,1787,4,"Applicant follow-up needed"
6262064,01306,16/05/2020,Self-Employed,10011,635,No,true,Approved,1288.32,1952,4,.
6263721,01619,07-27-2020,Student,80044,778,No,FALSE,Approved,1839.36,1916,2,N/A
6264924,00671,08/02/2022,Part-Time,59566,676,No,Y,Denied,1681.2,2802,5,"income verified via Plaid"
6266761,00141,15/03/2021,Part-Time,224298,796,Yes,0,Approved,2017.62,3057,1,"Missing bank statements."
6269777,01481,2024-10-16,Retired,197630,705,No,yes,Approved,1161.42,1489,4,"Referred by agent."
6271162,01377,08/16/2022,Full-Time,82108,649,No,false,Denied,3405.36,4054,2,"docs expired"
6275765,01294,23/08/2023,Part-Time,87414,623,No,,Approved,2152.32,2242,5,"Flagged for manual review."
6275996,00591,09-17-2021,Contract,202166,,No,1,"Under Review",2546.28,3858,5,"Applicant follow-up needed"
6276036,00840,12-06-2022,Student,186256,625,Yes,yes,Denied,2336.04,2781,3,"Co-signer pending review."
6276758,01077,,Unemployed,128945,826,No,TRUE,"Under Review",1212,2020,3,"income verified via Plaid"
6277230,00764,"March 15, 2020",Unemployed,196401,783,No,Yes,Approved,8424.96,8776,4,"income verified via Plaid"
6277410,01660,2022-12-27,Retired,160456,784,No,,Approved,1406.4,1465,3,"Applicant follow-up needed"
6278610,00079,2020-06-16,Self-Employed,219294,736,No,yes,Approved,2357.04,2806,2,N/A
6278671,00676,20/08/2022,Contract,45466,774,No,Y,approved,1810.8,3018,1,N/A
6281407,00358,07/02/2023,Retired,182138,638,No,0,Withdrawn,1510.08,1936,2,"Applicant follow-up needed"
6281873,00931,2021-05-30,Full-Time,216444,,No,1,Approved,3982.2,6637,2,.
6282540,01650,03/04/2023,Contract,173525,672.0,Yes,N,Pending,3039.36,3166,4,"income verified via Plaid"
6283230,01246,03-21-2020,Retired,122812,668,No,No,Pending,1777.62,2279,3,
6283852,01182,"June 05, 2023",Part-Time,193339,758,No,N,Approved,3817.32,4894,2,"Missing bank statements."
6284117,00254,08/29/2022,Contract,179021,691,No,false,Approved,1268.28,0,3,n/a
6285188,01634,12/04/2022,Self-Employed,9091,587,No,no,"Under Review",4873.8,8123,1,n/a
6285545,01512,08-05-2023,Self-Employed,140257,,No,N,Pending,2441.88,2907,2,"Flagged for manual review."
6286126,01071,17/04/2021,Contract,117902,817,No,Y,Approved,2883.72,3433,1,"Referred by agent."
6287635,00095,2024-01-05,Contract,12572,600,No,no,Denied,3802.26,5761,1,"Co-signer pending review."
6288771,00246,25/03/2024,Unemployed,199643,N/A,No,Y,Approved,4063.02,5209,3,"Applicant follow-up needed"
6289345,00015,27/03/2022,Contract,106938,,No,TRUE,Denied,1868.16,2224,4,"income verified via Plaid"
6289453,01309,27/01/2020,Self-Employed,64946,,No,1,Denied,880.44,1334,2,
6290039,01398,11-14-2021,Unemployed,227798,804,No,Yes,Denied,2805.12,2922,2,"docs expired"
6290162,00611,08/12/2022,Contract,96477,606.0,No,Y,Pending,3205.02,4109,3,
6290781,01119,13/02/2023,Part-Time,38509,790,No,N,Pending,2751.84,3276,3,.
6291622,00599,2023-12-21,Contract,43578,646,No,false,Pending,1091.22,1399,5,N/A
6292114,01459,04/08/2023,Student,114499,,No,,Pending,2356.38,0,5,"Missing bank statements."
6293541,00605,"November 18, 2024",Full-Time,151609,592,No,Y,Pending,1804.92,2314,4,"Renewal case."
6296311,01429,09/28/2023,Full-Time,213482,787,Yes,N,Denied,3785.04,4506,2,.
6297252,00640,2022-07-30,Contract,189693,666,No,,Pending,3180.24,3786,3,.
6298264,00050,11/04/2023,Full-Time,121178,632,No,,Pending,4577.04,5868,5,"Referred by agent."
6298991,00029,09/30/2023,Student,313580,676,No,false,Withdrawn,1934.46,2931,1,
6300212,00234,04-09-2024,Self-Employed,159557,836.0,No,false,Denied,3203.76,0,2,"Co-signer pending review."
6300457,01025,"March 03, 2021",Part-Time,241070,689,No,Yes,"Under Review",3889.2,4630,5,"income verified via Plaid"
6302216,00870,2020-08-18,Unemployed,49361,747,No,Y,Approved,1677.48,1997,4,"Renewal case."
6303386,00412,01-02-2020,FT,140632,752,No,Y,Denied,1881.36,2412,2,"Applicant provided pay stubs."
6303442,01229,2024-07-13,Contract,77977,771,Yes,Y,Approved,6237,9450,3,.
6303862,00640,11/12/2024,Contract,33639,611,No,FALSE,Approved,3634.56,3786,1,"Flagged for manual review."
6305487,00745,31/01/2022,Self-Employed,235619,694,No,FALSE,Approved,3454.44,5234,3,"docs expired"
6307215,01124,"November 04, 2022",Full-Time,145147,547.0,No,yes,Withdrawn,3227.28,3842,2,"income verified via Plaid"
6312230,01361,25/09/2021,Student,191040,607,No,TRUE,Approved,1094.4,1824,3,"Referred by agent."
6313178,00678,10/05/2021,Self-Employed,128921,582,Yes,0,Approved,962.88,1003,2,
6316203,00448,09/03/2023,Retired,58705,657,Yes,Yes,Denied,1643.46,2107,2,N/A
6316525,01650,08-31-2020,Full-Time,152535,,No,false,Withdrawn,1899.6,3166,2,N/A
6317141,01157,07-12-2022,Contract,18052,,No,N,"Under Review",5218.92,6213,5,"Co-signer pending review."
6317358,00252,08/07/2024,"Self Employed",260880,583,Yes,yes,"Under Review",1584,1650,3,"Co-signer pending review."
6318138,01172,"January 17, 2020",Retired,114351,611,No,Yes,Withdrawn,3342.72,3482,5,"income verified via Plaid"
6319286,01315,31/05/2020,Self-Employed,237672,791,No,,Pending,872.04,1118,2,N/A
6319645,00954,"February 06, 2024",Full-Time,55466,789,No,FALSE,Approved,5012.28,5967,5,
6320066,01246,2023-12-08,Student,55182,744,No,No,Withdrawn,1914.36,2279,2,"Referred by agent."
6320820,01076,"June 01, 2020",Unemployed,153837,624,No,Yes,Denied,1952.28,2958,2,
6323048,00138,04/21/2024,Contract,137157,568.0,No,0,Approved,1324.8,2208,3,.
6323287,00488,10-22-2024,Full-Time,157925,N/A,Yes,No,Denied,1913.34,2899,5,"Applicant provided pay stubs."
6323330,01147,11/11/2021,Unemployed,107882,612,No,No,Pending,1054.8,1758,3,"Referred by agent."
6323483,01378,"October 14, 2020",Self-Employed,187746,693,No,Y,Pending,526.8,878,3,
6326977,00645,22/05/2020,Part-Time,14216,770,No,,Pending,4304.4,7174,3,"Missing bank statements."
6328748,00191,20/04/2020,Retired,238844,581,No,N,"Under Review",2152.8,2760,2,
6330336,00396,26/02/2020,Full-Time,241092,351.0,No,,Approved,2586.6,4311,3,.
6331460,00314,15/04/2022,Part-Time,164921,648,No,FALSE,Denied,1102.8,1838,4,N/A
6333800,01708,23/08/2021,Full-Time,154321,,No,Y,Approved,2598.12,3093,1,.
6334867,01147,12/12/2024,Retired,232406,717.0,No,TRUE,Withdrawn,2043.36,3096,3,
6336752,00215,22/07/2023,Full-Time,47824,748,No,no,Denied,744.24,886,5,n/a
6337644,00732,,Student,198148,792,No,0,"Under Review",2420.16,2521,1,"Referred by agent."
6338701,01196,,Retired,100110,754,No,N,Approved,3136.32,3267,1,"Co-signer pending review."
6339549,00453,2020-06-15,Retired,157831,,Yes,Yes,"Under Review",1313.4,1990,2,"docs expired"
6341455,00057,2020-11-04,Part-Time,201425,594,No,No,Denied,4116.42,6237,3,"Referred by agent."
6341958,01080,08/26/2023,Retired,79394,696,No,,"Under Review",2410.2,4017,5,"Flagged for manual review."
6343659,01333,26/03/2024,Full-Time,133258,763,Yes,1,Approved,5623.8,7210,3,"docs expired"
6343687,01304,05-19-2021,Student,200675,N/A,No,Y,Approved,8890.44,11398,2,"Co-signer pending review."
6346521,01399,2021-03-08,Part-Time,84712,669,Yes,yes,Approved,712.2,1187,4,n/a
6348041,00099,04-07-2020,Self-Employed,99102,690,Yes,TRUE,Pending,2682.96,3194,4,N/A
6348741,01047,21/09/2020,Contract,34434,845,No,yes,Denied,1573.32,1873,5,"Flagged for manual review."
6350895,00060,10-23-2020,Part-Time,21271,749,No,no,Pending,1115.52,1162,3,"income verified via Plaid"
6351451,01022,04-19-2020,Full-Time,47994,731,No,TRUE,Approved,2428.92,3114,1,n/a
6352267,01460,"February 11, 2024",Part-Time,47313,707,No,No,Pending,1489.62,2257,2,n/a
6353332,00221,11/10/2020,Retired,160262,759,No,N,Withdrawn,1873.2,3122,5,"income verified via Plaid"
6355108,01018,12/09/2023,Self-Employed,87085,580,Yes,1,Denied,5981.04,7668,3,
6355603,01020,07-01-2020,Student,51001,610,No,No,Withdrawn,3208.92,4114,3,"Renewal case."
6359915,01360,"November 14, 2020",Part-Time,136033,788,No,no,"Under Review",1438.08,1498,4,n/a
6359955,00531,12-16-2022,Part-Time,35036,382,No,FALSE,Pending,4747.2,4945,5,"Co-signer pending review."
6361312,01166,05-18-2021,Unemployed,194215,679,No,No,Approved,1848.96,1926,5,.
6362926,01763,"August 10, 2022",Unemployed,200698,600,No,FALSE,Approved,3847.14,5829,1,.
6363668,00726,2024-01-22,Self-Employed,75420,,Yes,FALSE,Approved,1597.68,1902,5,"Applicant provided pay stubs."
6364985,00800,26/03/2022,Retired,143308,632,No,No,Denied,1576.74,2389,5,
6367619,01737,06-16-2023,Part-Time,166870,802,Yes,1,Denied,773.52,1172,2,
6368339,01417,,Retired,172045,521,No,no,Approved,3093,5155,5,"Missing bank statements."
6369845,01472,08/15/2022,Retired,164844,717,No,,Pending,5345.34,6853,3,"Flagged for manual review."
6374308,01780,"November 19, 2024",Student,264793,,No,true,Pending,6980.4,8310,5,.
6374454,00874,28/10/2022,Part-Time,145279,793,No,1,approved,3516.6,5861,5,"Flagged for manual review."
6374807,01197,2023-08-14,Contract,145556,782,Yes,1,Denied,1520.64,2304,1,.
6375036,01362,23/05/2022,Retired,42417,592.0,No,FALSE,Approved,3793.92,3952,5,"income verified via Plaid"
6375873,00097,"February 15, 2021",Contract,146356,784,No,TRUE,Denied,1363.32,1623,1,N/A
6378653,00296,30/12/2024,PT,228811,739,No,N,Approved,814.32,1044,4,"Missing bank statements."
6378788,00160,11-13-2020,Self-Employed,210368,717,No,,Denied,830.7,1065,5,"Referred by agent."
6378858,00015,04-04-2023,Student,303760,825,No,0,Denied,1467.84,2224,2,"Missing bank statements."
6381627,01056,04/25/2020,Self-Employed,29535,,Yes,0,Approved,965.16,1149,3,"Referred by agent."
6383276,00594,03-21-2020,Retired,220909,773,No,No,Approved,2295.72,2733,2,"Applicant provided pay stubs."
6384170,01528,"February 03, 2020",Unemployed,109225,741,No,yes,Approved,2673,4455,4,.
6384382,01769,2020-10-06,Self-Employed,131080,723,No,1,Withdrawn,4462.2,7437,2,"docs expired"
6385108,00563,"September 21, 2023",Contract,210440,676,No,FALSE,Denied,3285,5475,2,n/a
6385951,00534,11/08/2021,Retired,46899,712,No,FALSE,Approved,2857.92,2977,4,.
6387473,01041,03/15/2024,Part-Time,135409,518,No,true,Denied,2920.32,3042,1,
6391321,00618,"June 03, 2024",Full-Time,35931,735,No,0,Approved,4704.18,6031,4,"Renewal case."
6391700,01277,,Full-Time,206172,722,No,Y,Approved,1293,2155,4,"income verified via Plaid"
6391702,01140,2023-02-23,Part-Time,182800000,633,No,Yes,Withdrawn,1662.6,2771,3,n/a
6397878,00571,,Self-Employed,184033,763,No,1,Approved,2168.04,2581,3,"Flagged for manual review."
6398743,00370,03-08-2022,Retired,219594,,No,true,Approved,2717.4,4529,1,
6398894,01152,14/08/2021,Student,38586,710,No,Yes,Approved,3395.4,5659,1,
6401195,00322,08/07/2023,Retired,202863,N/A,Yes,Yes,Denied,2717.22,4117,2,"Applicant provided pay stubs."
6402890,01583,02-25-2022,Part-Time,150431,840,No,true,Approved,2677.08,3187,3,N/A
6404530,00546,04-11-2020,Retired,217644,690,Yes,FALSE,Approved,2205.12,2297,1,"Co-signer pending review."
6404536,00357,,Unemployed,204052,338,No,TRUE,Denied,4019.4,6090,2,
6404586,01096,23/07/2022,Self-Employed,127284,839,Yes,Y,Denied,1672.44,2534,3,"docs expired"
6405086,01297,21/03/2021,Retired,24289,670,Yes,true,Approved,780,1300,4,"Flagged for manual review."
6406938,01379,2022-01-14,Part-Time,141842,797,No,no,Approved,3821.4,5790,5,"Applicant provided pay stubs."
6407790,00446,20/07/2024,Part-Time,32674,,No,false,Approved,3020.16,3146,1,n/a
6408024,01074,19/07/2020,Self-Employed,132967,673,No,FALSE,Pending,2949.6,4916,5,n/a
6409284,00584,01/03/2023,Unemployed,80304,590,No,TRUE,Denied,2103,3505,5,"Renewal case."
6409449,00961,29/06/2022,Student,56283,688,No,FALSE,Approved,1599.36,1666,5,n/a
6412316,00462,2024-09-24,Unemployed,188026,766,No,N,Approved,2263.68,2358,2,"Applicant follow-up needed"
6412345,00672,10-21-2020,Self-Employed,182705,714.0,No,FALSE,Approved,2143.2,3572,5,"Applicant provided pay stubs."
6415767,00761,03-11-2024,Part-Time,63505,721,No,N,Approved,4925.76,5131,5,"Applicant follow-up needed"
6416248,00167,17/12/2020,Retired,31187,N/A,No,No,Approved,2686.2,0,1,"Referred by agent."
6416585,00188,"November 10, 2021",Student,171380,651,No,,"Under Review",885.06,1341,1,"docs expired"
6419123,00942,01/18/2023,Retired,86377,799,No,no,"Under Review",1389.96,2106,1,.
6419228,01149,,Contract,130788,718,No,no,Approved,6057.24,7211,3,"Applicant follow-up needed"
6419911,01266,11-25-2024,Full-Time,115349,,No,N,Denied,863.46,1107,4,n/a
6422501,00403,08-15-2020,FT,201781,783,No,false,Approved,1836.9,2355,4,"docs expired"
6422772,01357,14/09/2023,Full-Time,38300,798,No,no,Approved,2161.92,2252,4,"docs expired"
6426609,01668,,Student,2955,665,No,Y,Denied,5005.56,5959,4,n/a
6428606,01505,03-30-2020,Retired,212228,751,No,yes,Pending,2049,3415,4,N/A
6429133,01112,01-03-2024,Self-Employed,21882,713,No,TRUE,Approved,1519.44,1948,4,"Applicant follow-up needed"
6430053,01254,"September 17, 2022",Retired,117188,789,No,N,Denied,3158.1,4785,3,"Referred by agent."
6431753,00692,"February 06, 2021",Student,254646,700,No,no,Approved,1941.06,2941,1,"Applicant follow-up needed"
6436448,01198,"December 22, 2022",Part-Time,167354,788,Yes,,Withdrawn,5211.36,7896,3,"docs expired"
6439368,01600,09/18/2024,Retired,172497,697,No,Y,Denied,1850.94,2373,5,"docs expired"
6440360,00445,12/20/2023,Unemployed,83682,497,No,Yes,Approved,1088.34,1649,3,"Co-signer pending review."
6440614,00671,02/12/2022,Part-Time,159868,358,No,No,Denied,2353.68,2802,5,n/a
6442147,00154,,Part-Time,29276,593,No,1,Approved,1078.74,1383,1,"Co-signer pending review."
6444758,00155,14/12/2021,Unemployed,201163,788,No,0,pending,3300.96,4232,2,"Applicant follow-up needed"
6448174,00143,26/01/2020,Part-Time,142672,646,Yes,Y,Denied,1657.32,1973,5,"income verified via Plaid"
6448743,01011,02-27-2020,Part-Time,31207,850,No,1,Pending,4427.64,5271,3,"Referred by agent."
6450724,01087,2023-06-03,Self-Employed,279336,766,No,N,Pending,3763.8,6273,5,"Renewal case."
6452947,00503,"March 17, 2024",Contract,107206,N/A,Yes,No,withdrawn,2510.4,4184,2,"Co-signer pending review."
6453321,00109,"June 26, 2023",Full-Time,117206,619,No,Yes,Denied,1184.04,1794,2,N/A
6456392,00304,12-29-2023,Self-Employed,39800000,736,Yes,no,Denied,1626.3,2085,5,n/a
6458275,00019,01/10/2024,Part-Time,18025,461,No,1,Approved,2407.44,2866,4,"Renewal case."
6458912,00503,2021-07-15,Student,58797,646,No,no,Approved,2510.4,4184,3,
6459879,00699,26/08/2024,Unemployed,168487,632,No,false,Pending,3309.6,3940,3,"Applicant provided pay stubs."
6461317,00745,11-13-2021,Part-Time,144448,838,Yes,true,Approved,3454.44,5234,3,"Applicant provided pay stubs."
6461454,01780,28/03/2022,Student,105175,510,No,1,Approved,5484.6,8310,4,"Missing bank statements."
6465085,00184,,Self-Employed,260322,,No,true,Denied,4473.84,5326,1,"Flagged for manual review."
6465341,01313,,Contract,11434,726,No,1,Approved,1965.6,2340,5,
6466190,00432,26/09/2021,Self-Employed,92381,704,No,Y,Denied,1758.6,2931,4,"income verified via Plaid"
6467730,00247,04-07-2021,Self-Employed,45133,338.0,No,0,Denied,1140.72,1358,5,"income verified via Plaid"
6468220,01292,"June 26, 2022",FT,130773,682,Yes,no,Approved,10170.24,10594,3,"income verified via Plaid"
6468596,00527,08/09/2020,Student,174068,780,No,true,Approved,1626.24,2464,3,"Applicant provided pay stubs."
6468732,00160,"July 25, 2021",Part-Time,153264,850,Yes,N,"Under Review",1022.4,1065,1,
6470821,00903,10/20/2023,Contract,170299,770,No,Y,Approved,4247.04,4424,4,N/A
6473462,01753,11/07/2024,Student,173183,583,No,yes,Approved,1480.2,2467,1,"docs expired"
6473575,00174,2024-04-17,Retired,134956,792,No,N,Denied,1887.6,2420,2,.
6475331,00237,2021-12-02,Self-Employed,237002,632,No,1,Approved,3263.52,4184,4,"Applicant provided pay stubs."
6479757,01281,2023-03-23,Self-Employed,248794,731,No,0,Pending,2804.88,3596,1,"Flagged for manual review."
6479813,00363,11-06-2024,Part-Time,238038,739.0,No,TRUE,Denied,1184.4,1410,1,"income verified via Plaid"
6480421,00090,03/17/2023,Part-Time,35737,N/A,Yes,false,Approved,5025.6,5235,4,"Applicant follow-up needed"
6482651,00361,07-04-2021,Part-Time,86427,800,No,true,Denied,2545.2,4242,4,"Missing bank statements."
6482931,01212,"April 10, 2024",Part-Time,185325,713,No,N,Approved,1125.54,1443,3,n/a
6483820,01018,"December 03, 2024",Contract,300714,712,No,Y,Approved,7361.28,7668,3,n/a
6484708,00653,2024-01-08,Part-Time,223854,703,No,false,Denied,2306.88,2403,4,N/A
6486970,00128,01/01/2023,Part-Time,37248,577,No,TRUE,Approved,5066.82,7677,1,"docs expired"
6488605,00163,17/10/2024,Student,60317,N/A,Yes,1,Approved,3906.24,5008,2,.
6488720,00856,2023-06-06,Retired,68094,,No,Yes,Approved,711.48,847,5,.
6489436,01612,11/03/2024,Full-Time,9124,811,No,1,Approved,2043.84,2129,1,"Applicant provided pay stubs."
6489469,00804,06/03/2022,Self-Employed,238640,738,No,false,Denied,2083.62,3157,2,"Missing bank statements."
6489614,01421,"April 30, 2021",Unemployed,322030,655,No,1,"Under Review",2723.76,3492,2,"Applicant follow-up needed"
6496499,01531,2021-10-31,Student,193669,N/A,No,true,Denied,1362.9,2065,5,"Flagged for manual review."
6497309,01270,03-13-2023,Student,278656,815,No,TRUE,Denied,3516.48,5328,1,"Applicant follow-up needed"
6497549,01797,11/15/2022,Retired,53790,581,Yes,false,Approved,578.16,876,3,"income verified via Plaid"
6498672,00545,06/20/2020,Self-Employed,52480,778.0,No,no,Pending,2273.04,3444,4,"Co-signer pending review."
6499065,00728,"November 13, 2023",PT,77153,718,No,FALSE,Denied,1599,2050,3,
6499989,01314,01-28-2021,Self-Employed,96036,373,No,false,Approved,2693.46,4081,2,"Referred by agent."
6500129,00420,,Self-Employed,120605,800,No,TRUE,"Under Review",3732.96,5656,4,N/A
6501407,01202,08/05/2023,Self-Employed,103932,746,No,0,Denied,2176.44,2591,1,"Missing bank statements."
6501712,01198,2020-07-27,Contract,222909,840,No,Y,Denied,4737.6,7896,5,N/A
6503623,01279,23/05/2021,Self-Employed,241236,,No,FALSE,Withdrawn,3978.24,4736,3,"Flagged for manual review."
6505999,00317,"October 19, 2023",Student,143439,711,Yes,0,Approved,2318.94,0,3,n/a
6507463,00802,"May 30, 2023",Contract,209136,625,No,FALSE,Denied,1444.8,2408,1,"Renewal case."
6510807,01711,"August 03, 2023",Self-Employed,193041,787,No,1,Denied,2378.88,0,4,
6511968,00787,17/09/2020,Student,243263,824,No,0,Approved,1223.64,1854,3,"docs expired"
6513061,01662,"March 13, 2021",Unemployed,205405,748,No,Yes,Approved,3755.4,6259,5,"Applicant follow-up needed"
6513387,01341,03-16-2023,Self-Employed,67805,637,No,TRUE,Denied,4136.4,6894,5,"docs expired"
6513408,00483,10/04/2024,Contract,196375,757,No,FALSE,Approved,1337.28,1592,2,"Referred by agent."
6513724,01152,,Student,192296,761.0,No,,Denied,4753.56,5659,2,"Missing bank statements."
6517038,01056,03/14/2021,Part-Time,217318,827,No,Y,Denied,758.34,1149,4,"Applicant follow-up needed"
6517969,01050,03/15/2020,Retired,148100000,711,No,Yes,Withdrawn,1116.06,1691,2,"income verified via Plaid"
6522077,01097,2024-03-28,FT,201482,,No,N,Approved,1207.14,1829,3,N/A
6526998,01054,17/11/2020,Full-Time,234135,718,No,Y,Approved,1659.84,2128,1,.
6527520,01760,"August 06, 2023",Student,194816,786,No,0,Withdrawn,1263,2105,1,"income verified via Plaid"
6528261,00874,03/28/2021,Student,27018,718,No,Y,Approved,3868.26,5861,3,"Applicant follow-up needed"
6528638,00953,08/17/2020,Retired,216137,657.0,No,0,Approved,3586.8,4270,2,
6529115,00359,07-06-2021,Full-Time,291245,573,No,N,Approved,2237.76,2331,1,
6530191,00582,"May 13, 2021",Unemployed,246442,638,No,yes,Approved,1517.1,1945,4,"income verified via Plaid"
6530695,01435,08/30/2024,Full-Time,189398,672,No,No,Denied,3047.52,3628,5,"docs expired"
6534484,00626,2020-07-24,Student,135689,594,No,N,Pending,1194.6,1991,1,"Co-signer pending review."
6535271,00556,2022-06-18,Full-Time,180738,420,No,,Pending,3258.24,3394,5,
6535416,00653,02-15-2022,Student,232598,,Yes,yes,Pending,3834.24,3994,1,"Renewal case."
6536838,00473,03-03-2020,Self-Employed,84995,791,No,FALSE,Denied,3367.56,4009,1,"Applicant follow-up needed"
6538433,01722,06/06/2020,Part-Time,232609,648,Yes,N,Approved,1616.64,1684,4,"Missing bank statements."
6539247,00291,08-29-2022,Contract,295408,435,No,true,Withdrawn,1537.92,1602,4,"Referred by agent."
6540731,01180,2021-03-17,Student,133200000,731,No,no,Pending,3510.54,5319,3,"Referred by agent."
6542701,01087,09/15/2022,Self-Employed,212842,312,No,N,Denied,6022.08,6273,4,"Flagged for manual review."
6542782,00465,2022-06-28,Part-Time,106789,647,No,,Approved,1476.54,1893,5,"Renewal case."
6542964,00438,07-25-2020,Self-Employed,224742,753,Yes,1,Denied,2004,3340,2,
6543522,01617,08-26-2021,Contract,62909,840,No,Yes,Denied,684.6,815,3,"docs expired"
6543764,00266,01-13-2020,Student,243898,656,No,1,Pending,1618.2,2697,3,.
6545221,00771,2023-01-14,Self-Employed,167377,753,No,TRUE,Approved,2426.76,2889,3,"Missing bank statements."
6545510,01445,20/02/2021,Self-Employed,88888,688,No,Yes,Approved,8016,8350,1,"Applicant follow-up needed"
6545672,00271,2023-04-01,Part-Time,196640,836,No,1,Approved,6342.18,8131,3,.
6548555,01154,,Full-Time,213558,811,No,No,Denied,1798.5,2725,1,.
6549532,00289,15/11/2022,Full-Time,51100000,,No,,Approved,2235.42,3387,4,"docs expired"
6551176,00345,18/10/2022,Student,98200000,605,Yes,false,"Under Review",5189.76,5406,3,.
6552113,00206,2020-08-03,Full-Time,69160,508,No,false,Pending,2157.6,3596,4,
6552658,01424,09/29/2024,Self-Employed,93617,343,No,No,Withdrawn,1940.64,2488,5,"Flagged for manual review."
6552843,00284,"August 29, 2020",Contract,77611,725,No,N,Pending,1691.58,2563,5,"Applicant provided pay stubs."
6552925,01559,29/02/2024,Part-Time,192628,664,No,FALSE,Denied,1361.64,1621,3,"Co-signer pending review."
6554689,01032,05/12/2020,Student,96183,687,Yes,FALSE,Approved,2469.6,2940,1,"Flagged for manual review."
6554958,00185,2021-08-16,Student,98564,759,No,FALSE,Approved,4375.68,4558,1,"Renewal case."
6555771,00385,"January 08, 2021",Self-Employed,309055,586,No,No,Approved,4868.16,5071,1,"Applicant provided pay stubs."
6556606,01459,12/13/2022,Contract,212601,664,No,N,Approved,2537.64,3021,1,"Missing bank statements."
6556641,01448,2023-04-21,Contract,78316,N/A,No,N,Pending,2422.56,2884,5,"Applicant follow-up needed"
6557540,00855,"February 05, 2023",Full-Time,236066,696,No,no,Approved,703.56,902,2,"Flagged for manual review."
6557751,01349,2023-01-13,Self-Employed,239404,806,No,TRUE,Approved,2075.4,3459,4,N/A
6562537,00950,2024-07-09,Full-Time,187473,317,Yes,,Approved,2482.8,4138,3,"Flagged for manual review."
6563111,01318,11/22/2022,Full-Time,43001,716,No,Yes,Pending,2099.4,3499,1,"Applicant provided pay stubs."
6563311,00986,2022-03-19,Full-Time,50653,633,No,,Approved,6136.32,6392,3,"income verified via Plaid"
6563955,01364,2024-06-10,Retired,173031,749,No,No,Pending,4536.84,5401,1,"Applicant provided pay stubs."
6566221,00517,04/22/2023,Part-Time,63249,580,No,true,Approved,4114.5,5275,2,"income verified via Plaid"
6569887,00656,14/11/2022,Student,189955,690,No,No,Approved,4886.4,5090,3,"Applicant provided pay stubs."
6573207,00027,2021-10-30,"Self Employed",237385,835,No,Y,Pending,1202.76,1542,3,
6573343,01659,08-16-2022,Contract,248300000,769,No,FALSE,"Under Review",2815.68,2933,3,"Missing bank statements."
6573702,01800,2023-03-01,Unemployed,218691,788,No,No,Pending,987.84,1029,3,"Renewal case."
6577199,01795,"January 03, 2020",Full-Time,233624,777,No,,"Under Review",6232.32,6492,2,"income verified via Plaid"
6577268,01436,"January 29, 2023",Unemployed,111143,733,No,Y,Denied,5583.36,5816,3,"docs expired"
6581427,00348,"June 07, 2023",Student,36688,727,No,true,Approved,5301.6,8836,4,"income verified via Plaid"
6583394,01697,01/05/2020,Student,62889,644,No,1,Approved,1023,1705,3,"Flagged for manual review."
6583569,00118,"January 23, 2022",Retired,145882,656,Yes,No,Denied,6746.88,7028,5,"Applicant follow-up needed"
6584408,00014,"September 21, 2023",Full-Time,63245,N/A,Yes,0,Approved,1690.26,2167,1,"Missing bank statements."
6585986,00491,05-20-2020,Contract,310038,717.0,No,No,Approved,1473.36,1754,5,"Applicant follow-up needed"
6586412,00531,01-22-2024,Retired,193527,788,No,true,Approved,4747.2,4945,1,.
6587831,00795,15/03/2023,Unemployed,98602,686,No,false,Approved,1291.92,1538,2,"Applicant provided pay stubs."
6588317,00717,2024-02-08,Part-Time,126731,791,No,No,Denied,5440.5,6975,5,"Renewal case."
6591031,01312,2022-01-21,Retired,20501,,No,,Approved,582,970,5,
6593208,01505,2020-04-06,Unemployed,34272,710,No,FALSE,Denied,2868.6,3415,3,N/A
6593334,00262,05-01-2022,Full-Time,182205,519,Yes,yes,Pending,877.8,1045,5,"Missing bank statements."
6594509,01263,"May 13, 2023",Retired,137728,,Yes,TRUE,Approved,2489.76,2964,1,"Missing bank statements."
6595386,00649,"June 30, 2021",Student,44964,834,Yes,N,Approved,2528.64,2634,4,N/A
6595964,01734,2020-09-12,Contract,206600000,844,No,true,Denied,1861.8,3103,5,"Applicant follow-up needed"
6597371,01507,28/02/2024,Part-Time,98096,779,Yes,no,Denied,2319.72,2974,2,"Applicant provided pay stubs."
6599302,00516,"October 21, 2020",Part-Time,146764,N/A,No,No,"Under Review",1326,1700,1,"Missing bank statements."
6601131,00610,2023-10-04,Retired,69680,729,No,Y,Approved,1817.76,2164,5,
6601201,00674,"April 23, 2020",Student,155817,753,No,0,Approved,3761.52,4478,2,"Applicant follow-up needed"
6602803,01289,"December 03, 2024",Part-Time,301831,690,No,Y,Pending,2433.6,2535,4,"income verified via Plaid"
6603336,01321,30/09/2022,"Self Employed",13304,728,No,1,Denied,1625.4,2709,5,N/A
6603779,00376,07/10/2022,Retired,66486,773,No,false,Approved,2801.28,2918,4,"Applicant provided pay stubs."
6604268,01403,"March 01, 2023",Student,145186,461,No,N,Approved,2130.24,2536,1,
6605188,00311,"March 22, 2021",Contract,34955,,No,No,Approved,1644.6,2741,3,"Co-signer pending review."
6605570,00198,"April 16, 2023",Student,202475,805,Yes,Y,Approved,2915.64,3738,3,
6606487,00189,"December 15, 2023",Full-Time,183842,733,Yes,0,Withdrawn,3100.8,3230,1,"Applicant follow-up needed"
6609485,00630,"February 24, 2024",Self-Employed,20525,755,No,yes,Approved,1384.5,1775,5,"Co-signer pending review."
6609621,00768,"December 11, 2020",Student,160317,750,No,true,Approved,4548.06,6891,3,N/A
6610460,00476,10/05/2023,Student,99969,778,No,,Approved,2477.28,3176,1,.
6610643,00573,06/30/2024,Part-Time,203990,410,No,,Approved,2593.92,2702,4,
6613531,00130,2020-06-07,Full-Time,48959,651,No,1,"Under Review",2385,3975,3,"Flagged for manual review."
6615825,01225,09/29/2024,Self-Employed,222849,655,Yes,No,Approved,1261.2,0,1,"Missing bank statements."
6616305,00512,07/09/2020,Student,115220,722,Yes,TRUE,Denied,6421.74,8233,5,"Applicant follow-up needed"
6618466,01668,2024-11-01,Student,100172,514,No,FALSE,Denied,5720.64,5959,2,"Referred by agent."
6619883,00666,"October 08, 2020",Self-Employed,104211,631,Yes,No,Denied,1114.08,1688,2,
6620697,00049,06/28/2020,Full-Time,191564,584,Yes,no,"Under Review",2230.2,3717,1,"Renewal case."
6623717,00516,"March 23, 2023",Student,182499,427,No,true,Denied,1122,1700,2,n/a
6624651,00427,19/11/2022,Contract,25974,634,No,no,Approved,1002,1670,1,"Referred by agent."
6624931,01581,05-14-2020,Student,249255,763,No,,Withdrawn,634.92,0,1,"Flagged for manual review."
6629010,00756,04-03-2023,Retired,111490,605,Yes,No,Denied,903.54,1369,1,"Applicant follow-up needed"
6629485,01787,,Student,248875,745,No,TRUE,Pending,2623.92,3364,5,
6629995,01063,17/04/2022,Self-Employed,158019,681,No,N,Approved,1338.96,1594,5,"Referred by agent."
6631763,00266,11/20/2023,Retired,41500000,708,No,TRUE,Approved,2265.48,2697,1,
6633634,01609,"May 23, 2023",Student,204773,607,No,N,Denied,5521.92,5752,3,"Missing bank statements."
6634320,00610,"June 09, 2024",Part-Time,132104,676,Yes,false,Approved,1428.24,2164,3,"Referred by agent."
6636972,01678,,Full-Time,160089,695,No,FALSE,"Under Review",2183.16,2599,1,"Renewal case."
6638088,00079,06-24-2021,Retired,133328,744,No,true,Approved,2357.04,2806,5,"Missing bank statements."
6638551,00774,06/27/2023,Student,210871,642,No,N,Pending,3072.42,3939,4,n/a
6642261,00073,2021-03-13,Self-Employed,88653,849,No,no,Approved,2451.6,4086,4,
6643265,00957,2022-04-17,Unemployed,241295,660,No,no,"Under Review",1345.2,2242,4,"Missing bank statements."
6645804,01762,29/11/2023,Full-Time,132619,588,Yes,Yes,Denied,1995.24,0,4,"Flagged for manual review."
6648467,01343,"June 08, 2023",Retired,152960,814,No,Yes,Denied,1484.16,1546,4,"Applicant follow-up needed"
6648521,01330,07/04/2021,Contract,234058,694,No,0,Approved,834.9,1265,1,N/A
6649833,00287,28/09/2024,Part-Time,151523,659,No,Yes,Withdrawn,4678.8,5570,1,"docs expired"
6655382,01383,2022-03-25,Part-Time,194069,810,No,0,Approved,2935.68,3058,2,"docs expired"
6655391,01407,"August 10, 2024",Full-Time,51006,374,No,,Approved,1823.58,2763,1,.
6656142,00919,2022-12-04,Student,148502,765,Yes,Y,Denied,884.16,921,2,N/A
6656788,00508,2021-10-23,Student,176856,822,No,No,"Under Review",796.8,830,5,"Missing bank statements."
6657324,01480,06/01/2020,Full-Time,77520,686.0,No,FALSE,Denied,1034.22,0,1,"Missing bank statements."
6659460,00437,2023-10-22,Retired,34169,616,No,TRUE,Denied,2133.3,2735,2,
6661621,01468,16/03/2023,Contract,182768,762,No,Y,Pending,1687.62,2557,5,"Applicant provided pay stubs."
6661687,00043,09/10/2020,Self-Employed,166426,637,No,true,Approved,3162.24,3294,4,"Applicant provided pay stubs."
6661940,01248,05-03-2024,Unemployed,192596,775,No,Yes,"Under Review",6536.4,8380,4,N/A
6662604,01703,12/02/2020,Retired,33407,689,Yes,yes,Approved,10476.48,12472,4,"Flagged for manual review."
6667406,01661,08/20/2022,Full-Time,221804,748,No,FALSE,Pending,2443.32,3702,4,.
6668963,00668,2020-05-30,Contract,128841,,Yes,TRUE,Pending,2955.6,4926,4,"Applicant follow-up needed"
6669777,01310,08/05/2024,Unemployed,21274,593,No,false,"Under Review",3200.4,3810,3,n/a
6669863,00111,"February 16, 2020",Self-Employed,184908,496,No,N,Approved,1363.56,2066,4,
6672933,00671,,Retired,74642,791,No,TRUE,Approved,2689.92,2802,5,"Applicant provided pay stubs."
6673053,01719,17/08/2023,Full-Time,95824,721,No,TRUE,Denied,2898.24,3019,4,.
6673288,00622,"May 14, 2021",Self-Employed,236663,631,No,0,Denied,2024.4,2410,5,
6673831,01008,"December 25, 2020",Student,222325,702,No,true,Pending,7053.48,8397,3,"Applicant provided pay stubs."
6674413,01498,2023-10-05,Self-Employed,57691,771,Yes,yes,"Under Review",2991.36,3116,1,"Co-signer pending review."
6676296,01094,"February 27, 2023",Self-Employed,87777,651,Yes,Yes,Denied,1402.2,2337,3,"Co-signer pending review."
6676353,01283,2024-02-20,Part-Time,184921,845,No,no,Denied,7001.94,10609,1,"income verified via Plaid"
6676505,00733,,Self-Employed,110068,831,No,yes,"Under Review",1036.2,1570,1,.
6677773,01549,10/21/2020,Contract,66193,782,No,TRUE,Withdrawn,1108.8,1848,3,N/A
6680094,00755,01/25/2021,Self-Employed,278703,,No,N,Approved,4778.28,6126,3,"Co-signer pending review."
6680446,00395,2022-05-10,Self-Employed,58439,N/A,Yes,TRUE,Withdrawn,2735.04,4144,2,
6685844,01621,03/17/2021,Full-Time,73631,763,No,N,Pending,4511.76,6836,2,.
6686779,01515,12/20/2023,Contract,240352,723,No,yes,Approved,1301.82,1669,5,"Applicant provided pay stubs."
6687274,01762,09-17-2020,Part-Time,44800000,757,No,no,Approved,1688.28,2558,4,"Referred by agent."
6687802,00323,02/27/2020,Student,232157,600,No,FALSE,"Under Review",5037.48,5997,2,"Applicant follow-up needed"
6689001,01618,02-26-2021,Student,90307,839,No,yes,Pending,2157.48,2766,1,"Applicant follow-up needed"
6689930,00928,04/02/2024,Part-Time,33391,786,Yes,,Denied,1363.32,1623,3,"Co-signer pending review."
6691230,00808,"September 05, 2021",Unemployed,91189,,No,FALSE,Approved,1293.24,1658,1,
6691631,00836,"April 11, 2022",Contract,1673,625,Yes,,Pending,2920.5,4425,1,
6691774,01387,09/12/2020,Self-Employed,188900,667,No,1,"Under Review",1284.6,2141,3,
6691898,00457,01/14/2024,Self-Employed,228505,776,Yes,No,Denied,2878.26,4361,2,
6692828,01234,08-01-2024,Unemployed,260200000,752,No,Yes,Approved,4204.98,5391,2,n/a
6694749,00002,09/15/2024,Full-Time,75569,,No,FALSE,Approved,2403.18,3081,3,"Renewal case."
6695148,00156,10-18-2022,Contract,164574,684,No,true,Approved,4115.52,4287,3,"Missing bank statements."
6695192,01707,06/08/2024,Self-Employed,238358,688,No,N,Approved,3933.6,5960,2,"Co-signer pending review."
6696191,00750,12-05-2022,Student,35779,715,No,0,Approved,2575.32,3902,2,.
6696312,01552,22/11/2024,Contract,67688,677,Yes,no,Approved,660.66,847,4,"Applicant provided pay stubs."
6697676,00360,10-02-2024,Part-Time,219620,712,Yes,FALSE,Denied,3195,5325,5,"Co-signer pending review."
6703207,00705,02-06-2020,Part-Time,39136,,No,FALSE,Approved,2603.16,3099,4,"Referred by agent."
6703258,01152,08/27/2022,Unemployed,91285,708,Yes,FALSE,Approved,4753.56,5659,3,"Missing bank statements."
6703485,00247,09/02/2023,Retired,102586,661,No,true,"Under Review",1140.72,1358,3,"income verified via Plaid"
6704783,00312,23/12/2021,Student,182146,789,No,No,"Under Review",3523.8,4195,1,
6705307,01394,2022-10-08,Part-Time,249940,716,No,true,Denied,1058.64,1604,4,"Co-signer pending review."
6706078,01697,08/02/2024,Retired,113704,367,No,1,Pending,1023,1705,4,N/A
6710005,01348,06/08/2023,Retired,67036,737,No,false,Withdrawn,6287.4,7485,5,"Referred by agent."
6710397,00126,03/06/2020,Student,13114,815,No,FALSE,Pending,1340.4,2234,4,n/a
6711309,01268,10/09/2020,Student,39638,,Yes,Y,Approved,6341.16,7549,3,
6711319,01380,01/06/2022,Unemployed,52031,739,No,TRUE,Denied,7008.96,8344,2,.
6713030,00993,2024-12-14,Unemployed,68844,678,No,Yes,Denied,866.04,1031,5,.
6713128,00491,02/06/2022,Self-Employed,311520,759,No,Yes,Withdrawn,1716,2200,4,N/A
6714062,01494,05/15/2020,Part-Time,239964,726,No,No,Approved,4027.2,4195,5,N/A
6716330,01316,01-08-2023,Full-Time,116332,647,No,FALSE,Approved,1405.32,1673,5,"Referred by agent."
6717384,01256,2023-03-25,Unemployed,110254,760,No,Y,Approved,3361.68,4002,4,N/A
6719258,01301,25/05/2022,Full-Time,232299,,Yes,No,Denied,1393.92,2112,5,"Renewal case."
6719300,01045,2023-01-08,Self-Employed,87971,743.0,No,Yes,Approved,3001.02,4547,5,"income verified via Plaid"
6719334,00643,15/12/2022,Retired,235625,346,Yes,true,Pending,1763.58,2261,1,n/a
6720091,00324,2022-11-06,Student,99863,715,No,FALSE,Pending,3020.16,3146,3,N/A
6723494,00155,2021-08-17,Full-Time,9305,712,No,false,Approved,4062.72,4232,2,"Referred by agent."
6724503,00956,"March 22, 2021",Part-Time,131292,534,Yes,0,Approved,2082.6,3471,3,"Missing bank statements."
6725170,00908,"April 29, 2023",Unemployed,150221,619,No,,Denied,4617.6,4810,1,"income verified via Plaid"
6725640,01127,09/04/2020,Full-Time,26783,798,No,Yes,Pending,3352.32,3492,5,N/A
6727773,00878,2021-04-10,Retired,201181,810,No,yes,Approved,937.2,1562,5,"Applicant follow-up needed"
6727826,01561,08-13-2020,Student,192854,736,No,yes,Approved,3106.56,3236,5,
6731499,00271,"March 06, 2020",Part-Time,79104,697,Yes,Yes,"Under Review",6342.18,8131,1,
6732354,00478,04/05/2023,Part-Time,181727,646,No,N,Denied,2903.04,3024,4,"Flagged for manual review."
6733200,01228,,Contract,55656,827,No,No,Approved,940.8,1120,3,"docs expired"
6733251,01295,04/04/2022,Retired,123515,622,No,Yes,Denied,6941.76,7231,5,n/a
6735243,01620,08-31-2020,Full-Time,117243,609,No,1,Denied,2931,4885,3,n/a
6735994,01089,04/10/2020,Part-Time,188427,696,No,false,"Under Review",1446.06,2191,5,"income verified via Plaid"
6736910,00083,"August 30, 2022",Full-Time,143541,682,No,0,Denied,3185.28,3318,5,n/a
6738007,01202,2024-01-18,Unemployed,89144,,No,N,Approved,1554.6,2591,1,"income verified via Plaid"
6742022,00630,10/31/2020,Full-Time,173446,793,No,true,Approved,1384.5,1775,4,"Referred by agent."
6744262,00024,03/10/2022,Unemployed,309771,696,No,TRUE,Approved,1780.8,2968,2,N/A
6745447,00107,2022-02-21,Student,141564,640,No,Yes,Denied,2190.54,3319,2,N/A
6745873,00884,,Unemployed,140905,661,Yes,0,Approved,4911.66,6297,3,"Renewal case."
6746142,01774,01/31/2023,Contract,212926,663,Yes,Y,Approved,1454.4,1515,1,"Applicant provided pay stubs."
6747290,00072,09-09-2021,Full-Time,88328,784,No,Y,Approved,2635.08,3137,5,N/A
6749586,00393,2022-08-02,Self-Employed,66914,676,Yes,no,"Under Review",1632,2720,1,"docs expired"
6750000,00401,31/08/2024,Student,250252,695,No,false,Withdrawn,6244.8,0,3,.
6750357,00460,,Contract,87917,754,No,Y,Approved,1861.44,2216,2,"Referred by agent."
6750572,01528,"August 13, 2021",Contract,155298,724,No,yes,Approved,3742.2,4455,1,"Applicant provided pay stubs."
6751121,00650,2024-02-05,Unemployed,19477,783,No,false,Denied,1171.5,1775,3,"Flagged for manual review."
6751224,00531,02/01/2022,Part-Time,158900000,584,No,Yes,"Under Review",3263.7,4945,4,.
6751783,00729,"July 20, 2024",Self-Employed,22413,721,No,Y,Denied,1742.16,2074,3,"Co-signer pending review."
6752243,01003,2021-06-21,Part-Time,50377,,Yes,TRUE,Denied,8386.56,8736,2,"Referred by agent."
6753689,00679,29/12/2024,Self-Employed,68715,659,No,Y,Denied,2299.44,2948,3,"Applicant provided pay stubs."
6755916,01396,01/27/2020,Full-Time,195767,334,No,FALSE,Approved,2458.56,0,3,"Applicant provided pay stubs."
6758160,00290,05/03/2024,Retired,92345,591.0,No,false,Approved,1593.6,1660,4,"Referred by agent."
6759496,01348,,Self-Employed,210719,521,Yes,0,Approved,4491,7485,4,"Missing bank statements."
6760207,00264,09-02-2024,Part-Time,35800000,695,No,FALSE,Pending,934.56,1416,4,"income verified via Plaid"
6762840,01418,15/05/2021,Student,237191,775,No,false,"Under Review",2104.08,3188,4,"Applicant provided pay stubs."
6763498,01539,10/25/2020,Self-Employed,179541,,Yes,TRUE,Approved,8597.76,8956,5,
6764768,01075,"March 10, 2024",Full-Time,131231,785,No,no,Denied,4206.72,4382,2,"Renewal case."
6765415,01629,"March 12, 2022",Part-Time,168772,,No,Yes,Approved,1733.76,2064,3,"Missing bank statements."
6766486,01239,,Student,128152,672,No,Yes,Approved,851.76,1014,5,.
6766712,01412,"December 08, 2021",Self-Employed,86746,743,No,,Approved,1516.8,1580,3,.
6767373,00178,07/08/2020,Unemployed,299474,826,No,true,Approved,2329.14,3529,3,
6767449,01575,12-22-2020,Retired,149487,410,Yes,TRUE,Approved,2174.64,2788,2,"Co-signer pending review."
6768248,00939,,Retired,249723,350,No,,Approved,1440.6,2401,2,"Applicant follow-up needed"
6769735,01474,2023-06-12,Student,200580,617,No,N,Approved,2734.8,4558,3,"docs expired"
6770588,00863,04/09/2022,Contract,14961,604,Yes,false,Approved,828.96,1256,1,
6771969,00584,03/10/2022,Contract,187472,584,No,no,Approved,2103,3505,5,N/A
6772029,00305,25/05/2023,Student,175910,708,No,TRUE,Approved,6042.96,7194,2,"Applicant provided pay stubs."
6772066,00019,04/29/2023,Self-Employed,139351,651,No,Y,approved,2751.36,2866,5,
6772262,01638,06-29-2020,Unemployed,230641,711,Yes,no,Denied,8215.74,10533,3,"Renewal case."
6773351,00872,12/04/2021,Contract,71828,610,No,yes,Denied,1331.22,2017,4,"Applicant follow-up needed"
6773503,00753,01/30/2023,Retired,230917,698,No,1,Denied,2113.8,0,3,"income verified via Plaid"
6774017,00229,26/09/2023,Part-Time,51842,752,Yes,N,Approved,1417.8,2363,5,
6775461,00854,"June 14, 2023",Unemployed,89234,840,No,no,"Under Review",2232.96,2326,5,"income verified via Plaid"
6776313,01624,01-24-2020,Retired,207185,791,No,FALSE,Denied,3167.58,4061,5,
6778102,01338,2023-04-12,Unemployed,227237,740,No,TRUE,Approved,3279.6,5466,3,
6778794,00705,"March 30, 2020",Contract,174073,599,No,true,Denied,2975.04,3099,1,"Renewal case."
6779064,00400,"December 29, 2021",Contract,61720,650,No,FALSE,Denied,5648.64,5884,4,
6779869,01365,05/14/2020,Full-Time,227652,693,No,false,"Under Review",3848.04,4581,1,"Applicant provided pay stubs."
6780372,00596,10/30/2023,Full-Time,89666,799.0,No,Yes,"Under Review",3074.4,3660,5,"Flagged for manual review."
6780623,01225,07/12/2023,Full-Time,119004,,Yes,Y,Denied,1261.2,2102,1,"Flagged for manual review."
6780991,01210,12-31-2022,Retired,162990,674,No,no,Approved,1756.8,2928,5,"Renewal case."
6781154,00185,21/12/2020,Part-Time,111913,706,No,FALSE,Denied,3828.72,4558,5,"Referred by agent."
6782639,00278,"December 22, 2024",Contract,108140,770,No,Y,Pending,2972.4,4954,5,"Renewal case."
6785055,01796,2021-09-03,Retired,156557,680,No,FALSE,Denied,2207.7,3345,5,
6786452,00477,09/03/2020,Self-Employed,219725,771,No,Y,Approved,901.68,1156,1,"Missing bank statements."
6786589,01389,23/11/2020,Part-Time,37160,,No,Y,Approved,2476.8,2580,2,"Missing bank statements."
6786591,00928,2023-04-02,Unemployed,216567,791,Yes,yes,Pending,1363.32,1623,5,"Flagged for manual review."
6787508,00160,,Full-Time,66268,,Yes,1,Approved,830.7,1065,4,n/a
6788776,01370,12/26/2024,Retired,194120,800,No,no,Approved,1148.16,1472,3,
6789616,01107,"December 18, 2021",Full-Time,34737,754,Yes,0,Denied,2483.52,3184,1,"Applicant follow-up needed"
6790547,00742,01/04/2022,Self-Employed,12297,682,Yes,no,Approved,3589.8,5983,4,.
6790686,01352,"August 23, 2024",Full-Time,136813,690,No,false,Approved,1774.92,2113,1,N/A
6791250,00769,"February 24, 2024",Contract,281062,780,No,Yes,Withdrawn,3444,5740,5,
6791471,00828,"October 18, 2020",Contract,72065,850,No,FALSE,Approved,2053.44,2139,5,"Applicant provided pay stubs."
6794874,01251,01-29-2022,Contract,23228,735,No,no,Approved,5052.48,5263,4,"Missing bank statements."
6795603,00514,2021-06-13,Unemployed,170283,800,No,no,Approved,888,925,3,
6795819,00318,04/03/2022,Retired,50771,645,No,N,Pending,1168.32,1217,2,"Co-signer pending review."
6798851,01088,03/16/2022,Full-Time,145146,788,Yes,yes,Denied,5732.16,5971,4,"Applicant follow-up needed"
6802222,00922,,Retired,276195,N/A,No,TRUE,Approved,1227.84,1279,5,"Co-signer pending review."
6804082,01619,"April 21, 2022",Retired,27344,733,No,true,"Under Review",1264.56,1916,2,.
6807097,01237,09-07-2021,Full-Time,136509,587,No,No,Pending,717.6,1196,4,"docs expired"
6808572,00684,2021-11-22,Retired,221934,700,No,true,Denied,885.06,1341,4,"docs expired"
6809400,01702,"May 26, 2022",Self-Employed,157269,,No,true,Pending,2162.88,2253,2,"income verified via Plaid"
6809876,01163,2022-07-28,Unemployed,29445,847,No,no,Approved,998.4,1664,5,"Co-signer pending review."
6810979,00184,08/06/2022,Self-Employed,185907,757,No,false,Approved,4154.28,5326,3,"Co-signer pending review."
6811518,01551,09/25/2024,Part-Time,110048,736,Yes,true,pending,2617.92,2727,1,n/a
6812429,00718,"December 29, 2023",Full-Time,145747,785,No,0,Pending,3978.24,4736,1,"docs expired"
6812644,00333,"June 30, 2022",Part-Time,118071,725,No,false,Pending,914.1,1385,1,"Renewal case."
6813815,00697,"October 30, 2024",Part-Time,42074,N/A,No,0,Denied,3119.04,3249,1,N/A
6816512,01364,"October 31, 2024",Part-Time,181700,687,Yes,no,Denied,4536.84,5401,1,
6817369,01406,"July 28, 2024",Self-Employed,115805,749,Yes,N,Approved,3053.4,3635,3,"Flagged for manual review."
6819273,00092,,Unemployed,195014,733,No,yes,Denied,2466.36,3162,2,.
6823103,01755,05-21-2023,Retired,137792,795,No,1,Pending,2353.68,2802,5,"income verified via Plaid"
6823550,01049,08-16-2020,Contract,167156,747.0,No,0,Denied,1659,1975,2,"docs expired"
6824344,01121,10-25-2021,Self-Employed,310909,837,No,FALSE,Approved,1173.6,1956,1,
6824793,00332,"December 21, 2022",Part-Time,202300,594,No,No,pending,2208.96,2301,3,"Co-signer pending review."
6825863,00099,12-29-2024,Full-Time,183259,,No,Y,Approved,2682.96,3194,3,"income verified via Plaid"
6826707,00470,03-01-2024,Part-Time,314925,,No,yes,"Under Review",3735.6,0,1,"Referred by agent."
6828140,01091,02/14/2022,Self-Employed,158301,645,No,N,Denied,2373.12,2472,2,"Applicant follow-up needed"
6830071,00635,28/04/2021,Part-Time,176294,741,No,TRUE,Approved,4816.32,5017,3,"Applicant follow-up needed"
6830803,01753,,Self-Employed,105474,725,No,FALSE,Denied,1480.2,2467,3,"Co-signer pending review."
6830870,00377,"January 13, 2020",Retired,179568,616,No,yes,Pending,1197,1425,2,N/A
6832217,00209,01/07/2020,Student,74296,377,No,,Approved,3471,4450,4,"Renewal case."
6833753,00404,11/30/2020,Self-Employed,13141,570,No,false,Denied,6425.16,7649,3,"Applicant provided pay stubs."
6834868,00126,2023-11-25,Unemployed,222339,835,No,true,Pending,2144.64,2234,4,"Applicant provided pay stubs."
6839942,00667,2024-05-10,Full-Time,244528,734,No,Yes,"Under Review",2430.72,2532,3,"Applicant follow-up needed"
6840939,01265,"October 12, 2024",Part-Time,21722,834,No,0,Pending,5702.4,5940,2,"Co-signer pending review."
6841115,01672,"March 23, 2020",Contract,68783,736,No,no,Denied,2632.56,3134,3,"income verified via Plaid"
6841930,00494,09-19-2022,Unemployed,151900000,826,No,,Approved,5010.6,5965,2,"Referred by agent."
6844715,01257,2023-12-09,Contract,173523,815,Yes,Yes,"Under Review",609,1015,2,N/A
6844951,01416,2022-01-17,Contract,75771,606,No,,Denied,3513.6,3660,5,"Co-signer pending review."
6845027,00945,04/18/2022,Contract,175846,689,Yes,TRUE,Approved,1801.8,2145,3,"income verified via Plaid"
6845593,00497,03-31-2021,FT,77927,741,Yes,no,Denied,2233.44,3384,1,
6846552,00332,"October 02, 2023",Unemployed,227691,741,No,N,Approved,1518.66,2301,3,"Applicant follow-up needed"
6846808,01758,11/21/2022,Part-Time,60856,694,Yes,Yes,"Under Review",3972.54,6019,3,n/a
6847618,01407,11/03/2021,Contract,62800000,403,Yes,FALSE,Approved,2652.48,2763,5,"Flagged for manual review."
6848280,00436,10/03/2023,Retired,40182,777,No,1,Pending,3109.68,3702,5,
6851523,01091,2020-08-03,Retired,218265,729,Yes,Yes,Denied,1631.52,2472,4,"Renewal case."
6851845,00194,30/09/2020,Unemployed,108442,727,No,No,Approved,3561.48,4566,2,"income verified via Plaid"
6851981,00615,08-21-2024,Contract,247765,845,No,Y,Approved,5024.88,5982,3,"Missing bank statements."
6852949,01232,2020-05-04,Part-Time,117723,735,No,,Pending,2399.04,2856,4,"docs expired"
6853015,00820,01/14/2020,Contract,109870,,No,TRUE,pending,3969.84,4726,1,
6854345,00783,05-27-2024,Unemployed,238537,760,No,No,Approved,2985.18,4523,5,"Missing bank statements."
6856113,01394,"April 15, 2021",Self-Employed,40600000,671,No,1,Approved,1347.36,1604,3,
6856999,00674,10-20-2020,FT,226152,,No,1,Approved,4298.88,4478,1,"docs expired"
6857714,01703,04/07/2020,Self-Employed,69291,688,Yes,1,Pending,9728.16,12472,3,"income verified via Plaid"
6862090,00479,,Self-Employed,34252,624,No,yes,Pending,4540.8,6880,4,"Renewal case."
6863311,01029,,Retired,111521,504,No,false,Approved,1749.72,2083,1,"Missing bank statements."
6864507,00718,03-07-2024,Contract,86546,747,No,N,Denied,2841.6,0,5,"Missing bank statements."
6864932,01007,11-03-2023,Full-Time,34898,727,No,Yes,Approved,1228.92,1862,4,"docs expired"
6865953,00218,07/27/2021,Unemployed,116269,708,No,1,Approved,3593.28,3743,3,"Applicant provided pay stubs."
6866781,01231,01/03/2023,Part-Time,40352,361,No,FALSE,Approved,3245.76,3381,5,
6869306,00837,24/03/2022,Retired,227307,701,No,0,Approved,5284.8,5505,4,"Flagged for manual review."
6869619,01635,,Full-Time,223282,,No,TRUE,"Under Review",3084.18,4673,4,
6870120,00877,07-31-2022,Contract,197303,850,No,TRUE,Denied,2803.02,4247,4,N/A
6870746,01332,,Student,11320,773,No,FALSE,Approved,2754.18,3531,3,
6870762,01592,"July 09, 2023",Student,112706,614,Yes,no,"Under Review",2348.94,3559,1,"Missing bank statements."
6870895,00299,2022-05-20,Part-Time,178604,674,No,yes,Approved,3494.4,4480,5,"income verified via Plaid"
6870899,01787,03/08/2023,Contract,128133,790,No,true,Approved,2220.24,3364,3,"Applicant provided pay stubs."
6873555,00724,"March 06, 2021",Part-Time,93526,,No,FALSE,Approved,2294.88,2732,4,"Applicant follow-up needed"
6874429,00410,01-10-2024,Retired,130845,616,No,yes,Approved,712.8,1188,2,N/A
6874890,00954,,Contract,61195,702,No,1,Approved,3938.22,5967,4,.
6878075,01095,21/03/2020,Full-Time,224413,791,No,Y,Pending,1275.96,1519,3,"Applicant follow-up needed"
6881780,00399,04/23/2020,Full-Time,168611,511,No,1,Denied,2041.92,2127,3,N/A
6882930,00843,09/01/2023,Unemployed,105459,747.0,No,TRUE,Denied,1117.74,1433,1,"Referred by agent."
6882938,00824,2020-10-03,Full-Time,152827,662,No,,Approved,1611.84,1679,1,"Flagged for manual review."
6883721,01496,2022-05-26,Self-Employed,116844,616,No,no,Denied,4898.04,5831,5,
6883854,01424,10/20/2021,Full-Time,106218,503,Yes,,Approved,1940.64,2488,2,N/A
6884704,01270,2021-07-17,Contract,285162,,Yes,No,Approved,5114.88,5328,5,n/a
6885450,01082,25/07/2020,Self-Employed,116531,N/A,No,yes,Approved,913.44,1384,4,"Co-signer pending review."
6886677,00960,10/10/2021,Unemployed,257565,814.0,No,TRUE,Approved,1281.06,1941,3,"Missing bank statements."
6886805,01043,18/03/2022,Unemployed,41454,389,Yes,Y,Denied,1875.06,2841,1,"Applicant follow-up needed"
6889861,00274,09/05/2022,Retired,152371,715,No,false,Approved,3286.14,4213,5,"income verified via Plaid"
6893091,00473,05-20-2020,Student,248900000,664,Yes,Y,Denied,3127.02,4009,4,"Renewal case."
6893491,00740,27/07/2024,Student,119731,772,No,TRUE,Pending,2585.28,2693,2,
6895387,00072,"October 04, 2024",Self-Employed,50238,684,Yes,no,Denied,1882.2,3137,2,
6895724,00337,01-05-2020,Student,89980,549,No,Y,Approved,3649.92,3802,4,N/A
6895829,01574,01/12/2021,"Self Employed",108920,473,Yes,yes,Pending,751.2,1252,3,"Missing bank statements."
6897110,01686,10/03/2021,Self-Employed,60858,720,No,yes,Denied,3495.24,4161,1,"docs expired"
6898586,00123,06-26-2023,Retired,178399,519,No,,"Under Review",1011.84,1054,1,"Co-signer pending review."
6899270,00651,08-08-2023,Contract,51304,633,Yes,N,Approved,2932.8,4888,4,"Flagged for manual review."
6899834,01086,2024-09-23,Part-Time,139324,,Yes,Y,Withdrawn,3806.4,4880,2,"Renewal case."
6900282,01159,18/02/2021,Retired,86210,762,Yes,Yes,Approved,2527.98,3241,1,.
6900393,01181,15/02/2020,Self-Employed,90583,782,No,1,"Under Review",2555.52,3872,5,"Missing bank statements."
6902096,01669,"February 27, 2020",Full-Time,84908,703,No,true,Withdrawn,933.6,1556,4,N/A
6903903,00579,2020-02-13,Contract,125855,804,No,TRUE,Approved,4918.2,5855,2,
6908214,01534,,Part-Time,76575,742,No,TRUE,Denied,1495.68,0,1,"docs expired"
6911554,00788,2024-08-06,Self-Employed,155198,762,No,N,Approved,4475.52,5328,1,"Co-signer pending review."
6911565,00222,18/03/2022,Part-Time,191879,750,No,No,Denied,1655.28,2508,5,
6914188,00542,07/06/2023,Contract,20441,746,No,N,Withdrawn,1119,1865,5,
6915211,00222,11/06/2022,Contract,49750,699,No,true,Approved,1655.28,2508,2,n/a
6918717,00989,07-13-2022,Retired,182224,673,No,1,Withdrawn,1552.32,1848,5,"Referred by agent."
6919690,00775,01/20/2023,Part-Time,207400000,611,Yes,no,Withdrawn,943.32,1123,2,
6927436,01744,"June 01, 2020",Self-Employed,47796,,No,0,Approved,5146.68,7798,3,"Renewal case."
6928359,01232,"December 25, 2022",Part-Time,224100000,811,Yes,Y,Approved,1713.6,2856,2,.
6928947,01360,05-31-2023,Student,6343,,No,Y,Approved,1438.08,1498,1,n/a
6929544,00567,05/10/2020,Unemployed,61231,,No,0,Pending,1066.8,1778,4,
6934086,00049,02-23-2020,Contract,122667,793,No,No,Withdrawn,2453.22,3717,2,
6934598,00576,14/07/2021,Part-Time,25287,641,No,N,Pending,1090.32,1652,5,"income verified via Plaid"
6935810,00124,11-29-2024,Part-Time,230286,591,No,TRUE,"Under Review",775.32,994,3,
6937911,00098,10-09-2024,Retired,75420,774,No,1,Pending,1862.4,1940,2,"income verified via Plaid"
6939264,00109,"October 01, 2024",Full-Time,206546,741,Yes,1,Approved,1506.96,0,5,
6940731,00212,"December 04, 2024",FT,264993,,No,FALSE,Denied,1713.6,1785,1,"Applicant follow-up needed"
6941879,00584,"January 16, 2024",Full-Time,86082,715,Yes,Y,denied,3364.8,3505,4,"Applicant provided pay stubs."
6943121,00547,05-26-2020,Contract,204453,559,No,yes,Denied,2808.3,4255,4,"Renewal case."
6945437,00625,2022-09-25,Contract,239440,396,No,yes,Approved,2017.86,2587,4,"Referred by agent."
6945442,00645,31/01/2020,Unemployed,40909,850,Yes,FALSE,pending,4734.84,7174,5,"Renewal case."
6946165,00726,"April 07, 2020",Retired,229882,675,No,Yes,Pending,1597.68,1902,3,n/a
6946647,01088,,Retired,184177,589,Yes,No,Approved,3582.6,5971,5,N/A
6946687,00408,2020-01-12,Self-Employed,39107,N/A,No,Yes,Withdrawn,5633.94,7223,1,.
6949583,00391,2023-04-28,Full-Time,237899,,No,Yes,Denied,2616.6,3115,3,n/a
6950017,01556,"February 09, 2023",Unemployed,25914,675,Yes,1,Approved,1989,2550,4,"Applicant follow-up needed"
6950414,00365,25/11/2021,Contract,92870,768,No,Yes,Denied,1847.82,2369,1,"Renewal case."
6950914,00996,12-08-2021,Part-Time,209964,451,Yes,No,Pending,3776.4,6294,1,"income verified via Plaid"
6951255,01458,26/10/2023,FT,48702,712,No,no,Approved,3801.84,4526,5,n/a
6954716,01322,29/08/2024,Unemployed,154400000,597,Yes,TRUE,Approved,3102.96,3694,3,"Applicant provided pay stubs."
6955473,00987,12/04/2020,Retired,67018,348,No,1,"Under Review",3730.98,5653,5,"Renewal case."
6956378,01419,01/08/2024,Part-Time,76427,325,No,,Pending,2752.62,3529,2,"Referred by agent."
6957438,01429,24/08/2021,Contract,214084,618,Yes,1,Denied,2703.6,4506,5,.
6959022,00413,06-11-2022,Student,160675,689,No,no,Denied,3894,6490,1,"Applicant provided pay stubs."
6959975,01422,2024-09-26,Self-Employed,131573,685,No,no,Withdrawn,1496.22,2267,3,n/a
6961184,01057,2024-08-27,Contract,138825,841,No,No,Withdrawn,3382.08,3523,1,"income verified via Plaid"
6961631,00744,25/05/2020,Student,248991,730,No,Yes,Pending,3557.76,3706,3,"Missing bank statements."
6963347,00679,18/06/2023,Contract,117004,,No,,Denied,2830.08,2948,2,
6963351,01380,2024-07-02,Unemployed,144025,,No,,Approved,8010.24,8344,1,"docs expired"
6964111,00439,"April 08, 2022",Student,31969,,No,1,Pending,1864.32,1942,5,"Applicant provided pay stubs."
6964419,00708,03-19-2023,Part-Time,135909,735,No,TRUE,Pending,4201.86,5387,3,"Flagged for manual review."
6964715,01664,10/27/2023,Part-Time,60906,776,No,N,Approved,3832.32,3992,5,
6964942,01441,01/07/2021,Self-Employed,119229,510,No,yes,Approved,2980.38,3821,4,"Co-signer pending review."
6966761,00786,20/11/2020,Full-Time,120345,698,No,N,Pending,1850.16,2372,5,"income verified via Plaid"
6966822,00256,,Retired,91969,677,No,false,Approved,2154.24,2244,4,"Applicant follow-up needed"
6968580,00829,09/04/2024,Retired,40603,849,No,No,Approved,4846.08,5048,3,"Applicant provided pay stubs."
6969292,00534,08/20/2021,Retired,185616,549,No,FALSE,Pending,2857.92,2977,5,"Applicant provided pay stubs."
6969758,00570,09-14-2020,Part-Time,310365,650,No,0,Approved,3786.42,5737,5,N/A
6970670,00889,05/25/2024,Retired,228079,782,No,true,Approved,2694,4490,5,"Applicant follow-up needed"
6971348,00501,07/13/2023,Self-Employed,70593,792,No,yes,Withdrawn,969.54,1469,2,"docs expired"
6972293,00359,2021-12-16,Student,61943,689,No,0,Withdrawn,2237.76,2331,3,"Missing bank statements."
6972989,00894,01-24-2022,Unemployed,52259,485,No,No,Denied,1732.5,2625,2,"docs expired"
6973018,00792,12/05/2023,Contract,176233,763,Yes,false,Denied,2636.4,4394,5,"Applicant follow-up needed"
6975780,00435,08/09/2022,Self-Employed,141197,629,No,1,Denied,1661.76,0,5,"Referred by agent."
6980047,00144,"May 04, 2024",Student,310130,735,Yes,true,Denied,4394.28,6658,2,"Missing bank statements."
6980646,01277,10/17/2024,Retired,24373,616,Yes,yes,Approved,1235.52,1872,3,
6982067,00333,2020-11-08,Student,38500000,795,Yes,TRUE,Denied,831,1385,1,N/A
6982266,01185,2022-10-12,Unemployed,41216,,No,No,Denied,1339.8,2030,1,n/a
6982802,01329,30/03/2022,Unemployed,103358,503,No,1,Approved,2835.3,3635,4,"Referred by agent."
6984224,00079,"October 15, 2021",Unemployed,19926,684.0,No,No,Denied,1683.6,2806,4,.
6984635,01407,"September 11, 2020",PT,228293,811,No,1,Approved,1657.8,2763,1,
6984763,01535,2020-07-09,Full-Time,89744,738,No,no,Denied,4030.32,4798,2,
6986987,00364,"March 24, 2023","Self Employed",106337,485,No,N,Denied,2643.84,0,2,"income verified via Plaid"
6989287,00697,"February 18, 2021",Student,170892,739,No,yes,"Under Review",2144.34,3249,1,
6990316,00628,,Retired,175712,420,Yes,,"Under Review",2689.2,4482,4,"Flagged for manual review."
6993177,00461,"July 05, 2020",Full-Time,139528,305,No,Yes,"Under Review",1679.16,1999,3,"Renewal case."
6995329,01193,2024-04-08,Full-Time,32780,620,No,no,Withdrawn,2923.8,4873,1,"Co-signer pending review."
6995905,01278,2023-12-29,Student,99666,609,No,false,Pending,1585.32,2402,1,"income verified via Plaid"
6997188,01409,12-21-2022,Unemployed,176353,,No,Y,Denied,3155.52,3287,5,
6997842,00741,07-15-2022,PT,84136,752,No,,Denied,3453.12,3597,3,"Referred by agent."
6998618,00999,2022-02-13,Student,245011,703,No,true,Pending,1587.6,2646,5,"Applicant follow-up needed"
6998730,01657,"November 17, 2022",Self-Employed,144059,757.0,No,0,Approved,5254.8,8758,3,"docs expired"
6998744,01218,06/18/2021,Part-Time,226689,611,No,Yes,Approved,6345.36,7554,1,
7002864,01462,12-14-2020,Contract,59431,N/A,No,Y,Approved,1483.2,1545,2,n/a
7003821,01494,"May 10, 2024",Retired,206077,690,No,true,Denied,3272.1,4195,3,"docs expired"
7004734,00751,"March 24, 2022",Retired,182963,838,No,TRUE,Approved,1781.64,2121,2,"income verified via Plaid"
7005274,01645,09/16/2024,Retired,266559,N/A,Yes,FALSE,"Under Review",3275.58,4963,4,"Referred by agent."
7005501,00611,,Retired,38198,595,No,FALSE,Denied,2465.4,4109,4,"Missing bank statements."
7006134,01135,"July 04, 2023",Part-Time,123242,646,No,true,pending,2251.2,2680,5,"Missing bank statements."
7006378,00417,09/21/2020,FT,227770,688,No,0,"Under Review",5594.16,7172,5,n/a
7006521,00600,01/08/2023,Part-Time,52204,752,No,false,Approved,705.6,840,3,"income verified via Plaid"
7007115,00164,04/15/2023,Retired,141680,784,Yes,false,Approved,2666.88,0,5,"income verified via Plaid"
7009801,00680,2021-09-07,Unemployed,29334,576,No,false,Denied,747.12,1132,4,"income verified via Plaid"
7009848,00404,01-04-2024,Full-Time,238685,811,No,0,Pending,5048.34,7649,1,
7010062,00126,12-15-2020,Self-Employed,120974,698,No,Yes,Denied,1742.52,2234,5,"Referred by agent."
7010527,01615,08/02/2023,Contract,205045,804,No,N,Pending,1018.92,1213,3,"docs expired"
7010555,01368,"July 24, 2023",Unemployed,240458,651,No,true,Pending,2417.22,3099,3,"Co-signer pending review."
7011817,01199,"July 15, 2022",Full-Time,130109,822,No,0,Pending,3036.54,3893,3,"docs expired"
7011841,00201,,Contract,88867,396,No,1,"Under Review",2332.8,2430,4,.
7012545,00216,"November 21, 2021",Student,240877,750,No,1,Denied,1619.52,1687,2,
7012592,00723,"March 09, 2023",Contract,205123,616,No,true,Approved,3107.4,5179,5,"Renewal case."
7013469,01474,2023-12-06,Full-Time,85098,350,Yes,yes,Approved,3555.24,4558,5,
7016299,00385,09-07-2022,Part-Time,126218,793,No,1,Approved,3042.6,5071,2,"Referred by agent."
7016563,00461,11/09/2024,Full-Time,80565,806,No,true,Withdrawn,1199.4,1999,5,
7017180,00826,06/24/2022,Unemployed,214729,689,No,Y,Approved,2954.82,0,3,N/A
7018118,01394,2021-01-26,Full-Time,87760,,Yes,N,"Under Review",1347.36,1604,2,"Referred by agent."
7020297,01598,2022-08-04,Contract,148775,480,No,1,Approved,1951.8,3253,1,"Applicant follow-up needed"
7026785,00557,2024-12-05,Student,39503,,No,true,Approved,2987.88,3557,1,"Referred by agent."
7027429,00200,"February 06, 2020",Unemployed,155763,,No,,Approved,2342.76,2789,1,N/A
7027527,01451,11/11/2022,Retired,111005,761,No,TRUE,"Under Review",2750.22,4167,4,"Referred by agent."
7029670,00938,05/04/2022,Unemployed,112653,833,No,TRUE,Approved,4687.2,5580,4,"Flagged for manual review."
7030974,00930,17/08/2024,Unemployed,183362,,No,Yes,Approved,1896.96,2432,1,"Renewal case."
7032007,01380,2024-01-20,Retired,77949,760,No,1,Approved,6508.32,8344,3,"docs expired"
7032695,00094,2023-02-23,Part-Time,47056,497,No,Yes,Denied,3929.28,4093,1,"Applicant provided pay stubs."
7032902,00103,01/03/2022,Part-Time,164979,616,No,0,Denied,4504.32,4692,5,"Applicant provided pay stubs."
7034212,01620,"July 01, 2020",Retired,153861,677,No,,Approved,3810.3,4885,4,"docs expired"
7034875,01127,04/09/2024,Unemployed,203451,N/A,Yes,yes,Denied,2723.76,3492,5,"Applicant follow-up needed"
7036198,00396,"July 07, 2023",Full-Time,58770,843,Yes,No,Approved,2845.26,4311,1,"Flagged for manual review."
7036677,00967,01/09/2023,Retired,236324,381,Yes,FALSE,Approved,1220.34,1849,5,"Missing bank statements."
7036929,00119,"January 07, 2024",Student,80330,776,No,N,Denied,4598.4,4790,3,n/a
7040103,01283,11/11/2023,Student,151801,819,No,Y,Approved,6365.4,10609,2,.
7041347,01178,09/09/2020,Retired,121208,709,No,no,Approved,2100.54,2693,2,.
7041972,00380,13/08/2022,Contract,138673,689,No,false,Approved,5001.6,5210,2,
7042009,00451,12/30/2022,FT,100998,,No,false,Denied,4252.56,5452,1,"docs expired"
7043931,00642,04/08/2022,Full-Time,72816,759,No,,Approved,815.04,849,5,
7044851,00483,08/08/2022,Retired,105617,777,No,0,Approved,955.2,0,1,"Renewal case."
7047706,00939,"December 27, 2020",Full-Time,102662,633,No,yes,Approved,1440.6,2401,1,N/A
7053249,01506,23/10/2022,Self-Employed,163291,754,No,yes,Pending,1840.44,2191,2,"Applicant follow-up needed"
7053292,00920,21/07/2023,Full-Time,2651,842,No,Y,Approved,3291.84,3429,5,.
7053904,00383,11/10/2023,Retired,116569,787,No,TRUE,Approved,1956.9,2965,1,
7054997,00851,"December 13, 2022",Part-Time,150100000,745,Yes,true,Approved,1297.56,1966,1,"Co-signer pending review."
7055361,00910,2022-08-03,Self-Employed,26701,804,No,1,Denied,1614.36,2446,5,
7055599,00377,31/01/2020,Full-Time,244950,668,No,true,Denied,855,1425,4,n/a
7055618,00512,"October 14, 2020",Part-Time,99920,822,No,false,Denied,5433.78,8233,2,N/A
7055840,01341,2023-06-05,Self-Employed,130441,725,No,0,"Under Review",5790.96,6894,5,"Applicant provided pay stubs."
7056895,00222,"June 06, 2024",Unemployed,249600000,618,No,Y,Denied,1504.8,2508,4,"Referred by agent."
7057865,01346,04-14-2022,Student,165509,N/A,No,N,Approved,2158.86,3271,4,.
7057870,00958,03/01/2021,Full-Time,97903,777,Yes,false,Withdrawn,1447.8,2413,3,"Flagged for manual review."
7060934,01107,27/03/2024,Student,197336,,Yes,true,Denied,2483.52,3184,5,"Renewal case."
7062371,00351,"December 01, 2022",Part-Time,277694,519,No,0,Approved,3429.72,4083,5,
7064897,00953,01/10/2020,Retired,34566,741,No,yes,Pending,4099.2,4270,3,"Applicant follow-up needed"
7065235,00409,28/08/2021,Unemployed,112834,581,Yes,FALSE,"Under Review",4614.72,6992,1,"Flagged for manual review."
7066472,01683,12/29/2021,Unemployed,58972,783,No,0,Denied,3210.9,4865,3,N/A
7068399,01699,"February 11, 2021",Full-Time,89845,,Yes,,Denied,995.28,1508,3,"Referred by agent."
7068677,00509,07/09/2021,Self-Employed,112772,317,Yes,1,Denied,2636.7,3995,5,"Renewal case."
7070177,00829,2023-10-07,Self-Employed,2791,749,No,No,denied,3331.68,5048,4,"Missing bank statements."
7070939,01473,2020-05-21,Unemployed,20034,771,No,false,Pending,3944.64,4696,4,"income verified via Plaid"
7071252,00734,06-05-2021,Contract,20018,838,Yes,false,Approved,1301.04,1668,2,
7071386,00334,"June 11, 2023",Contract,158227,723,No,no,Denied,2256.6,3761,1,"Co-signer pending review."
7071637,00249,06-11-2023,Full-Time,89746,616,No,No,Approved,3261.96,4182,1,"Referred by agent."
7072844,01642,06/13/2023,Self-Employed,34259,680,No,false,Pending,2065.14,3129,4,"income verified via Plaid"
7074083,00897,2024-03-15,FT,59672,572,Yes,false,Denied,826.8,1378,1,"Applicant provided pay stubs."
7077044,00636,05/03/2022,Student,42637,693,No,yes,"Under Review",549.78,833,4,"Applicant provided pay stubs."
7079282,01601,06-11-2023,Student,69883,672,No,,Approved,1402.2,2337,3,"Applicant follow-up needed"
7083534,01357,2024-10-16,Part-Time,133300000,701,No,1,Approved,1891.68,2252,4,"Applicant follow-up needed"
7083687,01454,10/04/2024,Unemployed,104333,797,No,0,Approved,982.8,1170,3,"Renewal case."
7084216,00527,,Contract,180613,,No,TRUE,Approved,1478.4,2464,2,n/a
7085172,01612,07/23/2022,Retired,113528,N/A,No,N,approved,1660.62,2129,4,"Applicant provided pay stubs."
7088283,01552,01/21/2024,Part-Time,149781,498,No,true,Approved,508.2,847,1,"Referred by agent."
7088658,01107,"June 24, 2022",Student,53593,651,No,,Denied,2483.52,3184,5,"income verified via Plaid"
7089968,00293,03-17-2022,Unemployed,38274,843,No,No,Approved,2007.72,3042,1,
7090114,01599,"September 30, 2020",Self-Employed,191375,N/A,Yes,0,Approved,1971,3285,4,"Referred by agent."
7090238,01522,2023-07-06,Retired,117155,801,No,FALSE,Approved,2321.4,3869,4,n/a
7095429,01036,06/11/2022,Part-Time,196323,736,Yes,No,Denied,3145.92,3277,2,"income verified via Plaid"
7096934,00178,"January 29, 2022",Retired,133004,762,No,FALSE,Approved,2964.36,3529,2,"Renewal case."
7097170,00861,"October 12, 2023",Student,48256,642,Yes,yes,Denied,1849.8,3083,3,n/a
7098096,00682,"February 21, 2022",Part-Time,226600,632,No,No,Denied,5364.84,6878,2,
7099070,01655,09/13/2021,Unemployed,3389,761,No,FALSE,Approved,4549.2,7582,3,"Applicant provided pay stubs."
7099141,01106,07/06/2021,Student,56513,672,No,false,Approved,839.52,1272,4,
7101267,00980,30/04/2022,Contract,186611,663,Yes,FALSE,Denied,1391.04,1656,1,"Referred by agent."
7102705,01317,09/12/2024,Part-Time,36984,,No,0,Withdrawn,2198.28,0,3,"Co-signer pending review."
7103478,00319,08/27/2021,Retired,67414,657,No,false,Approved,2206.62,2829,1,"Co-signer pending review."
7105611,00890,26/07/2021,Unemployed,296663,731,No,no,Approved,9810.36,11679,5,n/a
7106538,00076,05-11-2022,Unemployed,36120,838,No,No,Withdrawn,1846.08,1923,5,N/A
7108680,00772,"November 23, 2021",Full-Time,32236,,No,,"Under Review",2461.44,2564,1,"docs expired"
7112524,01334,2022-05-27,Contract,220929,731,Yes,Yes,Approved,7081.8,11803,4,"income verified via Plaid"
7112928,00750,26/01/2020,Full-Time,44545,841,No,0,Approved,3745.92,3902,5,"docs expired"
7113497,01548,"June 05, 2023",Self-Employed,41364,817,No,false,Approved,4717.02,7147,2,"Applicant follow-up needed"
7113796,01616,"February 13, 2020",Self-Employed,114795,,No,true,Denied,3945.24,5058,1,.
7117466,01052,2023-10-14,Self-Employed,126452,763,No,0,Approved,2293.5,0,5,
7118053,01406,"February 22, 2020",Unemployed,226385,834,No,false,Denied,2399.1,3635,4,
7118230,00958,2021-11-16,Retired,232332,622,Yes,No,Pending,2316.48,0,5,"income verified via Plaid"
7120223,00501,06-02-2024,Unemployed,131276,779,No,1,Approved,1410.24,1469,4,"Applicant follow-up needed"
7121744,00386,,Student,153933,,No,true,approved,1794,2300,5,"Applicant follow-up needed"
7121841,00846,04-25-2023,Part-Time,47323,724,No,FALSE,Withdrawn,1431.3,1835,3,
7125988,00001,03-19-2023,Student,153876,395,No,Y,Pending,561.66,851,3,.
7126538,01119,03/13/2022,Part-Time,166466,681,No,Yes,Pending,2162.16,3276,4,"Referred by agent."
7127652,01079,"September 07, 2020",Unemployed,170213,551,Yes,Y,Pending,1962.84,2974,1,"income verified via Plaid"
7130129,00206,03-23-2024,Part-Time,82200000,708,No,true,Denied,2373.36,3596,5,"Applicant provided pay stubs."
7132040,01404,06/06/2022,Self-Employed,124548,675,No,,Approved,581.4,969,5,"Renewal case."
7133067,01003,08/11/2021,Contract,176933,653,No,no,Denied,8386.56,8736,4,"Missing bank statements."
7135392,01539,11/04/2020,Contract,220558,714,No,Yes,Approved,6985.68,8956,2,"Applicant provided pay stubs."
7136184,00018,03/14/2024,Contract,65301,768,Yes,0,Denied,1761.54,2669,3,"Co-signer pending review."
7137060,00303,02/01/2021,Full-Time,25709,717,No,false,Withdrawn,3143.4,5239,5,"income verified via Plaid"
7137647,01417,23/10/2024,Unemployed,186763,417,Yes,Y,Denied,4330.2,5155,2,n/a
7140398,00343,2024-09-12,Unemployed,153916,640,No,,Denied,1587.6,2646,3,"Referred by agent."
7141763,00434,10/06/2020,Retired,65892,485,No,false,"Under Review",2866.5,3675,5,"Missing bank statements."
7142915,00131,23/06/2023,Unemployed,12714,670,No,1,Pending,836.22,1267,4,"income verified via Plaid"
7143500,01754,2020-08-21,Contract,172120,795,No,0,Approved,4596.48,4788,2,"Co-signer pending review."
7143662,01520,"September 16, 2020",Student,148525,746,No,No,"Under Review",1721.28,2608,4,"Referred by agent."
7145564,01284,24/10/2022,Unemployed,126510,781,No,No,Denied,3688.08,5588,4,"Applicant provided pay stubs."
7147633,01609,04/06/2021,Self-Employed,210575,612,No,1,Approved,3451.2,5752,2,"Missing bank statements."
7149163,00755,26/05/2024,Student,286536,416,Yes,no,Pending,4778.28,6126,5,"Referred by agent."
7153260,01209,01/03/2024,Self-Employed,177232,692,Yes,Yes,Withdrawn,1555.8,2593,5,"Renewal case."
7153678,01498,08/11/2020,Contract,188824,694,Yes,N,Approved,1869.6,3116,2,"Referred by agent."
7154196,01036,04/09/2024,Retired,196517,649,No,1,Denied,2162.82,3277,4,"Missing bank statements."
7154996,00626,2022-03-15,Contract,200142,,No,N,approved,1672.44,1991,1,.
7157254,00467,"October 11, 2021",Student,306421,685,Yes,Y,Pending,8036.16,8371,5,"docs expired"
7158248,01029,"September 03, 2024",Part-Time,164113,,No,yes,Approved,1374.78,0,3,
7159697,01550,15/06/2023,Part-Time,178066,830,Yes,No,Approved,4288.32,4467,2,"Renewal case."
7160227,01373,06/23/2024,Contract,208181,694,Yes,yes,Pending,548.4,914,5,"Referred by agent."
7160929,00253,05/20/2024,Self-Employed,18600000,738,Yes,1,Pending,3694.08,3848,2,"Renewal case."
7161122,00600,23/06/2021,Part-Time,63897,620,No,no,Pending,806.4,840,1,"Applicant provided pay stubs."
7161740,00552,06-04-2021,Unemployed,26824,767,No,yes,Denied,5391,8985,1,
7162456,00465,"January 04, 2022",Full-Time,117223,805,No,yes,Approved,1135.8,1893,3,N/A
7162911,01039,"August 18, 2021",Student,100229,601,No,No,Denied,3111.36,3241,3,
7163684,00819,09/23/2023,Part-Time,145258,,No,,Withdrawn,3703.56,4409,3,"Applicant follow-up needed"
7164833,00469,2020-10-27,Part-Time,72232,,No,true,Withdrawn,3587.1,5435,4,"docs expired"
7166167,00242,2022-03-07,Unemployed,248496,593,No,N,Withdrawn,2370.24,2469,2,
7167827,00094,05/12/2024,Full-Time,93305,798,No,N,Denied,2455.8,4093,4,"Applicant provided pay stubs."
7169184,00480,02-04-2022,Self-Employed,159507,804,No,0,Approved,2956.8,4480,4,"docs expired"
7170578,00185,"January 26, 2024",Contract,109382,606,No,,Approved,3008.28,4558,1,"Applicant follow-up needed"
7170825,00920,2020-05-23,Student,40129,682,No,N,Approved,2263.14,3429,1,N/A
7172486,01714,09-27-2024,Self-Employed,34453,789.0,No,N,Approved,1851.3,2805,4,"Applicant provided pay stubs."
7172768,00929,"July 19, 2024",Full-Time,146885,718,No,true,Approved,3081.54,4669,4,"docs expired"
7173825,01251,04/05/2022,Contract,83089,412,No,TRUE,Approved,3157.8,5263,4,n/a
7175270,01328,19/03/2021,Unemployed,213337,315,No,Yes,Denied,3763.32,5702,2,"Missing bank statements."
7176122,00956,03-16-2023,Unemployed,176745,837,No,Yes,Denied,3332.16,3471,2,"Referred by agent."
7181300,00608,02/28/2020,Retired,19309,640.0,Yes,FALSE,Pending,3668.28,4367,5,"income verified via Plaid"
7181489,01540,"May 06, 2023",Self-Employed,12744,694,No,0,Approved,2745.12,3268,3,"Referred by agent."
7183330,00485,07-14-2024,Contract,36688,694,No,N,Denied,3262.08,3398,5,"Applicant follow-up needed"
7183427,00301,2021-10-31,Contract,94771,849,No,false,Approved,1854.84,2378,3,N/A
7184042,01402,07-28-2021,Contract,83046,786,No,TRUE,Approved,599.28,908,1,"Flagged for manual review."
7184739,01740,02/15/2021,Full-Time,167461,701,Yes,N,Pending,2166.72,2257,1,
7186373,01454,06/08/2020,Full-Time,76480,685,No,No,Approved,702,1170,2,"Missing bank statements."
7186479,00601,11/26/2020,Full-Time,136814,698,No,false,Approved,1617.6,1685,2,"Referred by agent."
7187305,01437,02/18/2021,Contract,153332,357.0,No,false,Denied,4769.28,4968,1,"docs expired"
7188788,00694,05/06/2022,Self-Employed,210401,835,No,TRUE,Approved,2793.96,3582,3,"Flagged for manual review."
7190404,00483,11/07/2024,Contract,168374,N/A,No,Y,Approved,955.2,1592,5,
7191451,00008,11-29-2022,Contract,36096,343,No,0,Approved,5825.16,8826,4,"Missing bank statements."
7192531,01218,16/02/2021,Student,113891,777,No,no,Approved,5892.12,7554,4,"Referred by agent."
7197821,00462,23/09/2022,FT,142899,838,Yes,Y,Pending,1556.28,2358,5,n/a
7198368,01075,04/04/2021,Contract,228320,495,Yes,TRUE,Approved,3417.96,4382,4,"Renewal case."
7199642,01762,12/01/2024,Student,204804,708,Yes,Y,Approved,1688.28,2558,3,"Applicant follow-up needed"
7200617,01586,04-07-2024,Contract,69345,844,No,No,Approved,3695.34,5599,5,"Co-signer pending review."
7200658,01412,,Part-Time,197124,725,No,1,Approved,948,1580,4,
7200803,01270,,Full-Time,244803,713,Yes,TRUE,"Under Review",3516.48,5328,5,"Referred by agent."
7201368,00828,2024-08-09,Retired,221157,760,Yes,,Pending,1411.74,2139,4,"Applicant follow-up needed"
7201524,01617,18/03/2020,Student,87578,695,Yes,1,Approved,782.4,815,2,"Renewal case."
7202382,01394,"December 31, 2023",Unemployed,41660,N/A,No,true,Pending,1058.64,1604,5,"Referred by agent."
7203079,00597,10-17-2021,Unemployed,42857,775,No,0,Approved,1836.9,2355,3,n/a
7203319,01669,2021-08-26,Contract,63395,680,No,0,Approved,1026.96,1556,1,"income verified via Plaid"
7203814,00990,2024-09-16,Full-Time,214133,827,No,1,Denied,1975.74,2533,2,n/a
7209859,01119,"November 26, 2022",Contract,150324,778,Yes,FALSE,"Under Review",3144.96,3276,4,"Flagged for manual review."
7212618,01475,14/02/2022,Self-Employed,50713,781,Yes,yes,"Under Review",1113.6,1856,3,.
7217429,00485,08/06/2021,Retired,168187,628,Yes,true,Approved,2854.32,3398,1,"Missing bank statements."
7218388,01368,"January 10, 2024",Full-Time,20309,454,No,TRUE,Approved,1859.4,3099,5,
7218670,00459,03-24-2021,Self-Employed,173916,653,No,false,Approved,1457.82,1869,1,"Applicant follow-up needed"
7219067,01594,14/11/2022,Student,36532,667,No,1,Denied,4729.14,6063,2,"docs expired"
7220393,01742,05-07-2022,Self-Employed,136687,744,Yes,1,Denied,2915.88,4418,1,"Flagged for manual review."
7220454,00831,2022-01-07,Self-Employed,13628,672,Yes,Y,Approved,1873.2,2230,2,"Applicant provided pay stubs."
7222179,00619,"August 07, 2020",FT,84116,,No,1,Pending,6163.2,10272,4,n/a
7222676,01150,2020-03-06,Retired,228110,736,No,yes,"Under Review",7587.6,12646,4,"Flagged for manual review."
7223093,00496,06/12/2024,Full-Time,201369,,No,0,denied,2236.26,2867,3,
7223483,01549,"June 18, 2020",Unemployed,241728,749,Yes,TRUE,Approved,1219.68,1848,3,.
7223509,00286,05-31-2020,Student,56633,831,No,FALSE,Denied,8678.88,10332,5,"Applicant follow-up needed"
7223868,01057,12-03-2023,Unemployed,164700000,673,No,0,Denied,3382.08,3523,2,"Co-signer pending review."
7226118,00965,26/07/2024,Self-Employed,46566,802,No,FALSE,Withdrawn,2709.12,2822,5,"Missing bank statements."
7226384,00229,"July 15, 2023",Part-Time,142953,835,No,N,Denied,1559.58,2363,2,"Renewal case."
7226956,00967,03/27/2023,Full-Time,85016,703,No,N,Approved,1553.16,1849,4,N/A
7227525,00812,02/05/2022,Unemployed,177065,786,No,N,Approved,2861.76,2981,2,"Missing bank statements."
7228162,01045,04/03/2020,Part-Time,6691,701,No,Yes,Approved,2728.2,4547,5,
7229006,01339,2023-11-28,Retired,159512,821,No,,Approved,1011.36,1204,1,"Applicant follow-up needed"
7229173,00755,2020-05-09,Contract,105973,736,No,TRUE,Approved,5145.84,6126,3,n/a
7230969,00654,03/22/2022,Student,42092,731,Yes,true,Denied,1855.2,0,4,"Renewal case."
7231096,01697,09-10-2023,Self-Employed,108427,645,No,N,Withdrawn,1329.9,1705,5,"Missing bank statements."
7231482,01350,18/07/2024,Full-Time,199068,728,No,true,Approved,2931.72,4442,4,
7233724,01684,03/27/2020,Retired,69432,604,No,Y,Denied,2547.72,3033,1,"docs expired"
7235541,01718,"August 23, 2022",Contract,183963,742,No,Yes,Approved,1170.18,1773,2,"Renewal case."
7236574,00825,16/04/2020,Student,154899,832,No,No,Approved,1785,2125,2,n/a
7237018,00753,2023-08-05,Part-Time,137809,588,No,N,approved,2113.8,2710,5,N/A
7238064,01579,07-18-2020,Full-Time,32950,734,No,FALSE,Denied,2091.96,2682,4,"Missing bank statements."
7243495,01685,2022-09-04,FT,150648,748,No,Y,Approved,3682.56,4384,2,n/a
7244323,01251,01/03/2020,Part-Time,4684,769,No,FALSE,Denied,4105.14,5263,4,"Flagged for manual review."
7244472,01248,13/04/2021,Part-Time,156310,597.0,No,N,Approved,5028,8380,4,"Applicant follow-up needed"
7244893,00606,"April 28, 2021",Contract,76275,830,No,yes,Approved,1813.56,2159,5,"Renewal case."
7245521,01565,02-25-2023,Unemployed,46500000,754,No,TRUE,Withdrawn,3370.08,4012,5,"Co-signer pending review."
7247227,01575,"October 11, 2020",Unemployed,14764,849,Yes,false,approved,2676.48,2788,4,n/a
7247363,01285,12-09-2022,Part-Time,179647,,No,Yes,Approved,3565.8,4245,3,"Missing bank statements."
7247369,01298,,Full-Time,159806,710,Yes,1,Approved,1286.4,1340,2,.
7251135,01535,12/12/2021,Full-Time,44600000,602,No,N,Withdrawn,2878.8,4798,2,n/a
7251421,00383,"February 28, 2020",Full-Time,216853,548,No,Y,"Under Review",2490.6,2965,3,
7251860,01378,"September 20, 2022",Retired,5314,797,No,Yes,Approved,684.84,878,5,"Missing bank statements."
7252679,00361,"July 24, 2024",Part-Time,104156,660,Yes,false,Denied,4072.32,4242,3,.
7255770,00004,2023-07-23,Retired,196204,709,No,Yes,Approved,1454.04,1731,5,.
7255853,00843,"April 03, 2020",Retired,116107,833,Yes,TRUE,Approved,1375.68,1433,5,"Applicant provided pay stubs."
7256571,00394,01/09/2024,Student,114340,726,No,,Approved,1620.48,1688,2,"Flagged for manual review."
7258301,01668,08/06/2024,Contract,33043,671,No,true,Approved,3932.94,5959,2,"Co-signer pending review."
7260769,00725,"August 05, 2022",Student,65048,740,Yes,false,Denied,1495.68,1558,1,"Missing bank statements."
7261011,01256,08-07-2023,Contract,1808,785,No,TRUE,Pending,3841.92,4002,4,.
7261909,00570,2020-04-08,Self-Employed,319607,844,No,,Approved,3442.2,5737,4,"Renewal case."
7263507,00319,"July 09, 2024",Part-Time,243471,722,No,no,Approved,2376.36,2829,3,.
7264562,00024,2020-03-25,Student,155292,585,No,Y,Approved,2315.04,2968,5,
7265785,01021,08/26/2024,Student,266891,806,Yes,FALSE,Pending,1992.54,3019,4,"docs expired"
7269218,00851,"September 18, 2023",Self-Employed,213800,614,No,false,"Under Review",1297.56,1966,3,"Flagged for manual review."
7269596,00578,08/11/2023,Retired,115628,,No,no,Approved,3199.56,3809,1,"Missing bank statements."
7271786,01092,"March 07, 2022",Retired,104963,,No,N,"Under Review",4771.2,7952,3,.
7272028,00252,,Student,25903,633,No,no,Pending,990,0,4,"Referred by agent."
7272294,00433,,PT,265102,671,No,false,Approved,2975.4,4959,2,
7274036,00160,24/09/2023,Student,58089,796,Yes,FALSE,Approved,1022.4,1065,3,"Applicant provided pay stubs."
7274306,00077,03-14-2024,"Self Employed",54380,799,No,Yes,Approved,1445.64,1721,5,
7275088,00411,"July 07, 2023",Student,71867,,No,true,Approved,856.8,1020,3,"income verified via Plaid"
7275915,01685,"May 26, 2024",Contract,98705,799,No,Yes,Approved,2630.4,4384,2,n/a
7280651,01524,03/06/2021,Self-Employed,52903,794,Yes,yes,Approved,1680,2800,5,"Co-signer pending review."
7281430,01580,2023-04-05,Unemployed,179809,,No,true,"Under Review",652.8,1088,5,n/a
7282843,00319,05-12-2021,Contract,6956,704,No,,denied,2376.36,2829,2,.
7283093,00442,"September 01, 2021",Unemployed,205007,658,Yes,true,Denied,3038.4,3165,5,
7283488,00627,12/11/2020,Retired,59480,682,No,N,Approved,2979.24,0,1,"docs expired"
7284149,00567,2021-11-07,Contract,178500000,712,No,Y,Approved,1706.88,1778,1,.
7285339,00043,08-28-2022,Self-Employed,88206,747.0,No,Yes,Approved,1976.4,3294,4,"Missing bank statements."
7285617,00931,21/07/2020,Contract,318916,631,No,Yes,approved,5575.08,6637,4,"Applicant follow-up needed"
7285625,01507,02/10/2021,Self-Employed,169201,667,No,1,Approved,1784.4,2974,3,"Applicant provided pay stubs."
7286197,00539,04/28/2023,Full-Time,147840,754,No,no,Denied,3811.08,4537,2,"Co-signer pending review."
7289309,01238,12-12-2023,Unemployed,156250,652,No,false,Denied,2442.72,2908,1,.
7289435,00165,2024-05-02,Part-Time,237987,797,No,0,Denied,2219.52,2312,3,"Missing bank statements."
7290397,00927,"September 25, 2020",Part-Time,134899,746,No,yes,Approved,5068.8,7680,4,"Applicant follow-up needed"
7294329,00452,04/20/2022,Part-Time,54412,768,No,Yes,approved,3488.94,4473,5,"docs expired"
7295661,00271,04-30-2024,Unemployed,112332,,No,yes,Approved,7805.76,8131,3,"Missing bank statements."
7295843,00849,06/20/2024,Contract,131738,795,No,1,Denied,1869,2225,5,
7296194,00888,24/09/2023,Retired,81200000,640,Yes,false,Approved,5014.08,5223,5,N/A
7296300,01381,2021-05-28,Contract,188373,757,No,,Denied,1102.14,1413,4,
7297272,01360,2021-06-28,Retired,199934,790,No,1,"Under Review",1438.08,1498,5,
7298651,00438,23/01/2021,Retired,92715,,No,FALSE,Pending,3206.4,3340,2,"Applicant follow-up needed"
7298806,00866,02-27-2024,Full-Time,287428,615,Yes,1,Denied,1930.5,2475,4,N/A
7298847,00617,2021-01-12,Student,47422,692.0,No,FALSE,Approved,2549.04,3268,5,"Applicant follow-up needed"
7303422,01086,2021-01-25,Student,219928,752,No,Yes,Approved,2928,4880,3,"docs expired"
7305985,00853,20/10/2024,Part-Time,102758,746,No,Yes,Denied,768,1280,4,"Applicant follow-up needed"
7308451,00611,"April 25, 2022",Retired,140966,605,No,1,"Under Review",3451.56,4109,5,"Missing bank statements."
7309021,00370,01-31-2023,Full-Time,153129,,No,0,Approved,4347.84,4529,2,.
7310342,01666,"March 02, 2024",Self-Employed,73057,765,Yes,1,"Under Review",856.02,1297,4,"Co-signer pending review."
7311031,01371,"August 10, 2020",Retired,41207,587,No,,Approved,2607,3950,2,
7313058,00688,"June 02, 2023",Full-Time,186966,768,No,FALSE,Denied,2543.58,3261,2,"Flagged for manual review."
7315464,00316,"June 17, 2023",Contract,43214,,No,,Denied,2002.26,2567,5,"Applicant provided pay stubs."
7316215,00258,04/12/2024,Retired,157899,588,No,no,Pending,2617.92,2727,2,.
7316454,01649,,Unemployed,275973,813,No,Yes,Denied,1690.8,2818,3,"Missing bank statements."
7316697,01434,2023-12-07,Part-Time,233373,835,No,no,Denied,4631.22,7017,4,"docs expired"
7319970,00401,2024-10-23,Self-Employed,35214,622,No,N,Approved,5464.2,6505,5,"Missing bank statements."
7322969,01674,02/05/2022,Unemployed,47806,N/A,No,Y,Denied,1268.4,1510,3,N/A
7323350,00122,25/11/2020,Full-Time,151310,627,Yes,0,Approved,1425.6,1485,2,"Co-signer pending review."
7323662,00207,08-07-2024,Retired,93699,716,No,Y,approved,5580.96,6644,3,"Co-signer pending review."
7324179,01325,01/11/2023,Full-Time,199123,795,No,No,Approved,4376.64,4559,5,"Referred by agent."
7325497,00272,"February 11, 2022",Contract,182613,687,No,No,Denied,816,1360,1,"income verified via Plaid"
7326470,00933,"October 31, 2020",Part-Time,191851,607,No,true,Denied,1653.12,1722,3,"Renewal case."
7326604,00537,2021-02-19,Part-Time,63449,592,No,N,Approved,3802.68,4527,3,"Renewal case."
7327953,01798,08-25-2021,Full-Time,292115,708,No,1,Denied,5403.84,6928,1,
7328188,00075,11/13/2024,Part-Time,184577,733,Yes,1,Approved,5123.4,8539,1,"Missing bank statements."
7328800,00701,"August 28, 2022",Contract,35687,467,No,TRUE,Approved,878.46,1331,3,"Referred by agent."
7329509,00817,"September 17, 2024",Retired,207632,754,No,yes,"Under Review",3616.08,4636,1,"Applicant follow-up needed"
7330625,00809,"August 16, 2021",Part-Time,130140,726,No,N,Withdrawn,1127.1,1445,1,.
7331033,00101,01/10/2022,Contract,47870,578,Yes,yes,Approved,2420.04,2881,4,
7331892,01320,05-04-2022,Self-Employed,142439,636,Yes,yes,approved,4369.56,5602,4,"income verified via Plaid"
7332172,01739,"May 20, 2023",Student,164984,723,No,0,Denied,3377.88,5118,2,"Referred by agent."
7333233,01731,20/12/2021,Unemployed,213577,731,No,Y,"Under Review",2562.6,4271,1,"income verified via Plaid"
7335408,00234,12-05-2021,Contract,156230,629,No,false,Approved,2974.92,3814,1,"docs expired"
7336130,01275,"June 07, 2023",Self-Employed,214792,739,No,Y,Approved,3153.6,3285,5,N/A
7338564,01406,"September 21, 2024",Self-Employed,216830,717,Yes,true,Denied,2399.1,3635,4,"Renewal case."
7339429,00048,"April 06, 2024",Student,220463,787,No,1,approved,2661.12,2772,5,"Renewal case."
7339433,00515,18/12/2020,Self-Employed,309809,674,No,true,Denied,4415.4,6690,3,"Renewal case."
7341546,00984,05/11/2020,Part-Time,20012,767,No,0,"Under Review",761.4,0,5,n/a
7342592,00585,"December 31, 2020",Student,68321,528,No,TRUE,Denied,5092.62,6529,4,N/A
7344116,01381,01-20-2022,Unemployed,209160,788,No,yes,Approved,1186.92,1413,1,"Referred by agent."
7344381,01244,07-23-2021,Self-Employed,323492,763,Yes,FALSE,Approved,6454.5,8275,4,"Renewal case."
7345662,00379,28/09/2022,Student,77533,790,No,1,Approved,1086.6,1811,1,"Applicant follow-up needed"
7346409,00786,16/07/2020,Retired,227791,737,No,true,Pending,1850.16,2372,5,"Missing bank statements."
7347354,00455,10-06-2022,Student,120056,612,No,,Pending,3025.62,3879,1,"Missing bank statements."
7347416,00717,"March 25, 2023",Contract,38430,602,No,no,Approved,4185,6975,5,n/a
7347560,00688,10-22-2021,Self-Employed,39347,748,No,FALSE,Denied,1956.6,3261,1,
7350063,00069,11/26/2022,Part-Time,53340,580,No,Y,Approved,2349.36,3012,2,"income verified via Plaid"
7350079,00185,"June 09, 2022",Self-Employed,134977,785,No,Y,Approved,3008.28,4558,4,"Renewal case."
7350198,00786,03/05/2020,Student,117542,N/A,No,Yes,Approved,1850.16,2372,3,"Flagged for manual review."
7350266,00521,08/24/2022,Self-Employed,92938,655,No,TRUE,Approved,727.74,933,5,"Flagged for manual review."
7350783,01518,09/25/2023,Retired,244311,762,No,TRUE,Approved,2654.4,4424,3,N/A
7351741,01244,,Unemployed,24555,641,No,no,Withdrawn,6454.5,8275,4,"income verified via Plaid"
7352577,00842,09-14-2022,Unemployed,148102,766,No,N,Pending,801.84,1028,2,
7352767,00782,"May 03, 2020",Full-Time,215355,715,No,yes,Pending,3179.52,3312,1,"Applicant provided pay stubs."
7353676,01054,31/08/2020,Contract,216244,816,No,Yes,Pending,1659.84,2128,4,n/a
7354277,00955,01-20-2021,Full-Time,211584,455,Yes,0,Approved,2463.36,2566,2,
7357518,00585,02/05/2024,Part-Time,79594,758,No,Yes,Denied,6267.84,6529,1,"Applicant follow-up needed"
7359734,00741,06/08/2024,Unemployed,42936,752,No,1,Approved,2374.02,3597,1,"Co-signer pending review."
7360819,00367,11/08/2020,Self-Employed,59714,791,No,1,Approved,1581.06,2027,2,"Flagged for manual review."
7361675,01728,05/10/2020,Contract,72916,,Yes,FALSE,Denied,5759.52,7384,2,
7364159,00866,07/31/2022,Contract,83379,386,No,FALSE,Approved,1633.5,2475,3,"Flagged for manual review."
7364218,00715,11-25-2024,Full-Time,254749,N/A,No,N,Approved,1665.72,1983,3,
7365132,01642,2023-03-14,Self-Employed,205941,745,No,FALSE,Denied,2440.62,3129,5,"Co-signer pending review."
7365949,00405,03/05/2024,Contract,125915,503,Yes,true,Approved,1666.86,2137,4,"Flagged for manual review."
7366021,01179,04/20/2023,Unemployed,188246,,No,true,Withdrawn,5417.16,6449,3,"Co-signer pending review."
7368760,00216,2022-08-01,Student,169445,790,Yes,N,Withdrawn,1012.2,1687,4,"Co-signer pending review."
7371406,01738,2023-04-24,Full-Time,60688,785,No,Y,Denied,1649.7,2115,5,"Co-signer pending review."
7373019,01135,20/04/2021,Student,135063,822,No,N,Approved,1608,2680,2,"income verified via Plaid"
7373586,01017,"November 14, 2023",Unemployed,90001,749,No,Yes,Denied,3432,4400,3,"income verified via Plaid"
7375290,01167,03/07/2021,Contract,13962,693,No,1,Pending,6034.56,6286,1,"docs expired"
7377450,01257,12/07/2022,Retired,78156,538,No,Y,Approved,609,1015,2,"Co-signer pending review."
7379662,00251,07/09/2023,Self-Employed,127052,615,Yes,false,"Under Review",851.4,1419,2,"Co-signer pending review."
7381662,00731,,Unemployed,102443,662,Yes,No,Pending,1248.72,1892,5,"Missing bank statements."
7381713,01635,02-08-2021,Student,86201,839,No,Y,Denied,3084.18,4673,4,"income verified via Plaid"
7385349,01791,09/06/2021,Student,50935,747,No,true,Withdrawn,3432,3575,1,
7385770,00907,2022-04-19,Retired,6827,651,No,false,Denied,1665.72,1983,3,"Referred by agent."
7387200,00160,02/15/2021,Self-Employed,75882,696,No,TRUE,pending,702.9,1065,2,"Referred by agent."
7388021,00008,03-27-2023,Part-Time,209470,730,No,Yes,Approved,5825.16,8826,1,
7388384,01153,2021-04-26,Self-Employed,216404,822,No,0,Approved,980.1,0,1,"Missing bank statements."
7390552,01456,2020-04-13,Retired,234793,396,No,1,Approved,2943,4905,2,
7391221,00639,"May 01, 2023",Retired,87422,583,Yes,1,Denied,3933.12,4097,4,
7393072,00924,"August 23, 2022",Retired,76358,774,No,,Approved,854.1,1095,2,
7394365,01002,09/18/2023,Self-Employed,86447,N/A,No,,Approved,4987.8,8313,5,"income verified via Plaid"
7394845,00429,11-29-2022,Retired,101111,485,No,true,Pending,5532.48,5763,3,n/a
7395392,01374,"February 01, 2021",Contract,196632,584,No,false,Withdrawn,2925.78,3751,4,"income verified via Plaid"
7397897,01327,12/06/2023,Part-Time,217759,849,Yes,yes,Pending,2515.5,3225,2,"docs expired"
7398007,00329,08-08-2020,Retired,125226,798,No,Y,Denied,1874.4,2840,4,
7398280,01059,10-22-2020,Self-Employed,2754,435,No,N,Denied,2021.4,3369,2,"Applicant follow-up needed"
7400355,00179,2020-07-04,Unemployed,75644,691,No,FALSE,"Under Review",3299.4,4230,5,"income verified via Plaid"
7403994,00597,15/10/2024,Contract,102963,700,Yes,TRUE,Denied,1554.3,2355,2,"Flagged for manual review."
7404382,01581,03-26-2020,Self-Employed,223146,638,Yes,1,Approved,683.76,814,5,"Renewal case."
7404611,00819,2021-10-10,Part-Time,100199,720,No,TRUE,Denied,3439.02,4409,3,"Flagged for manual review."
7405220,01391,"March 03, 2023",Self-Employed,153088,672,Yes,false,Approved,1517.1,1945,3,"Applicant provided pay stubs."
7406598,01149,"January 24, 2021",Contract,47389,722,Yes,yes,Approved,5624.58,7211,5,n/a
7408082,00241,05/29/2023,Self-Employed,137873,754,No,TRUE,"Under Review",1278.6,2131,3,"Applicant follow-up needed"
7408826,00964,05/20/2020,Student,169821,604,No,N,Pending,3578.4,4260,1,"income verified via Plaid"
7409082,01506,2024-06-17,Part-Time,212535,833,Yes,Y,Approved,1708.98,2191,5,"Renewal case."
7409770,01558,07/06/2020,Full-Time,156238,836,Yes,N,Approved,6216.96,6476,2,"Applicant provided pay stubs."
7409817,00774,02-01-2021,Self-Employed,200007,628,No,true,Approved,3781.44,3939,5,.
7409864,00245,16/03/2020,Full-Time,106195,467,Yes,false,Denied,1983.6,3306,3,"docs expired"
7410759,00341,09/26/2021,Unemployed,247156,692,Yes,yes,Approved,1366.8,2278,5,"Renewal case."
7413248,00021,11-24-2024,Self-Employed,217573,712,No,,Denied,536.4,894,3,
7413803,01022,03-10-2024,Contract,271931,771,No,FALSE,Approved,2989.44,3114,2,"Missing bank statements."
7414073,00383,05/21/2023,Contract,73593,659,No,0,Approved,2490.6,0,3,"Applicant provided pay stubs."
7414245,01385,21/08/2023,Retired,208452,666,Yes,true,Approved,951.72,1442,1,.
7416248,00459,25/07/2021,Self-Employed,42467,733,Yes,no,Approved,1457.82,1869,4,"docs expired"
7417027,00747,10-05-2022,Student,74199,804,Yes,true,Approved,2506.56,2611,5,"Renewal case."
7417935,00852,16/09/2024,Unemployed,245023,407,No,yes,Denied,1034.88,1078,2,
7419049,01277,"January 26, 2023",Full-Time,30769,,Yes,No,Approved,3214.08,3348,5,
7419583,00742,05/08/2022,Part-Time,124515,700,No,Yes,Approved,5025.72,5983,3,"Renewal case."
7421464,01622,01/19/2024,Retired,60600000,677,Yes,yes,Denied,1770.78,2683,3,"Renewal case."
7421572,01716,23/02/2023,Full-Time,240202,740,No,Yes,Approved,1924.56,2916,5,"Co-signer pending review."
7421583,01610,07/19/2020,Contract,105610,709,Yes,TRUE,Pending,2917.44,3039,1,"Applicant follow-up needed"
7422070,00971,07/05/2021,Self-Employed,53525,367,No,yes,Denied,2133.12,2222,2,n/a
7424526,00841,2020-02-08,Self-Employed,103005,700,No,true,Approved,2514.96,2994,1,"Co-signer pending review."
7424683,00954,09-30-2022,Part-Time,223952,846,No,0,Approved,3580.2,5967,3,n/a
7425332,00930,06-04-2023,Retired,37696,749,No,Yes,Pending,1791.6,2986,2,.
7427354,00098,"December 17, 2022",Contract,189510,481,No,,Pending,1513.2,1940,3,"Flagged for manual review."
7428772,00519,21/01/2021,Part-Time,126620,768,No,Yes,Approved,4612.92,5914,5,"docs expired"
7432398,00934,2021-05-25,Full-Time,149917,765,No,FALSE,Withdrawn,1213.08,0,1,
7432498,00123,02/14/2021,Self-Employed,243636,845,No,Yes,Denied,885.36,1054,1,"income verified via Plaid"
7432785,01429,2020-07-16,Contract,247758,N/A,No,FALSE,Denied,2973.96,4506,2,
7433377,01397,"February 13, 2020",Self-Employed,223788,677.0,No,Yes,Approved,816.6,1361,5,"Flagged for manual review."
7434543,00173,2020-06-01,Unemployed,215552,827,No,No,Pending,2619.84,2729,4,"Applicant follow-up needed"
7434928,01469,03/05/2024,Self-Employed,188600000,646.0,No,TRUE,"Under Review",1650.6,0,4,"Applicant follow-up needed"
7435185,01488,12-01-2022,Student,30579,690,No,true,Approved,5110.38,7743,4,"Missing bank statements."
7438303,01339,07-05-2020,Full-Time,230603,769,No,true,Withdrawn,1011.36,1204,3,"Applicant provided pay stubs."
7439026,01276,12/27/2022,Full-Time,150664,640,No,false,Pending,2128.32,2217,1,"Co-signer pending review."
7439079,00662,02/11/2020,Retired,47244,,No,,Approved,1003.86,1521,4,"Flagged for manual review."
7440576,01299,2021-09-20,Part-Time,125055,609,No,,Approved,883.08,1338,2,N/A
7442573,01320,2020-11-10,Full-Time,193773,583,No,yes,Withdrawn,3361.2,5602,2,"income verified via Plaid"
7444118,00410,05/10/2023,Full-Time,42661,604,No,0,Approved,784.08,1188,5,"docs expired"
7444820,00130,14/09/2020,Contract,91804,746,No,no,Approved,1228.8,1280,3,"Flagged for manual review."
7445125,01358,07-16-2020,Full-Time,56240,621,No,0,Denied,2602.38,3943,3,"Flagged for manual review."
7445175,00507,01/26/2021,Full-Time,136223,740,No,no,Withdrawn,523.8,873,5,
7447672,00533,03/25/2023,Student,229440,670,No,,Denied,2938.56,3061,2,N/A
7452571,00298,03/11/2021,Part-Time,71260,661,No,false,Approved,6532.8,10888,1,"Flagged for manual review."
7452572,00695,04/10/2023,Self-Employed,114524,736,No,No,Approved,1256.64,1496,4,"Co-signer pending review."
7455412,01131,09/15/2020,Unemployed,47091,708,No,No,Withdrawn,1002.6,1671,4,"Referred by agent."
7458010,01204,05-23-2020,Retired,33094,443,Yes,TRUE,Approved,4000.8,6668,1,"Renewal case."
7458070,00557,"February 02, 2021",Self-Employed,88011,781,Yes,No,Denied,3414.72,3557,5,"Missing bank statements."
7458129,00535,2020-11-18,Self-Employed,216014,712,No,No,Approved,929.76,1192,5,"Referred by agent."
7459073,00705,02/13/2022,Contract,235690,669,No,0,Approved,2975.04,0,1,"Applicant follow-up needed"
7459311,00419,2020-05-28,Contract,237529,N/A,No,yes,Pending,1847.04,1924,4,n/a
7462466,01473,19/08/2021,Contract,158388,705,No,false,Approved,3662.88,4696,2,"docs expired"
7463470,00100,03/10/2021,Part-Time,83663,,No,no,Denied,1480.2,2467,1,.
7465805,01359,"August 07, 2024",Retired,206359,,No,No,Approved,3562.56,3711,3,"Referred by agent."
7467977,00719,08-24-2023,Retired,114462,620,Yes,,Denied,5243.7,7945,3,"Applicant provided pay stubs."
7468657,00443,,Self-Employed,212620,754,Yes,1,Denied,4551.36,4741,2,"Renewal case."
7471479,01147,30/04/2022,Contract,63822,623,Yes,FALSE,denied,2350.08,2448,3,
7473635,00097,24/03/2024,Full-Time,227951,,No,yes,Denied,1558.08,1623,2,"docs expired"
7473874,01715,2021-07-20,Self-Employed,319842,,No,TRUE,Approved,4046.4,4215,1,
7474967,01400,,PT,47011,705,No,1,Approved,2959.44,4484,2,"Applicant follow-up needed"
7475458,00309,2021-12-05,Part-Time,54366,551,No,N,Approved,2647.92,4012,5,"Referred by agent."
7477176,00162,08-23-2020,Contract,22290,773,Yes,,Denied,784.74,1189,3,"Renewal case."
7478155,01160,"April 17, 2021",Full-Time,286778,767,No,1,Denied,3447.36,3591,1,.
7478826,01361,04-16-2021,Part-Time,225842,N/A,No,No,Denied,1094.4,1824,2,"Missing bank statements."
7479850,01469,"June 17, 2022",Self-Employed,41531,748,No,no,Approved,2310.84,2751,3,"Co-signer pending review."
7480047,01341,"March 27, 2024",Full-Time,133557,407,No,0,Denied,6618.24,6894,4,"Applicant follow-up needed"
7481787,00093,03/02/2020,Part-Time,53475,692,No,yes,"Under Review",4646.46,5957,4,n/a
7483487,01380,,Part-Time,268253,655,No,FALSE,"Under Review",5507.04,8344,3,"Flagged for manual review."
7484095,00921,,Unemployed,19505,770,Yes,,Withdrawn,932.4,1110,4,N/A
7484311,01694,"April 01, 2021",Full-Time,84928,650,Yes,yes,Approved,1519.32,2302,5,.
7484372,00516,,Student,193248,782,No,,Approved,1122,1700,3,"docs expired"
7485087,00631,2020-07-08,Self-Employed,226471,628.0,No,,Denied,1307.46,1981,5,"Renewal case."
7490677,00745,02/15/2023,Unemployed,225141,820,No,true,Denied,5024.64,5234,5,"Applicant follow-up needed"
7490936,00597,14/03/2024,Student,179859,704,Yes,Yes,Denied,1978.2,2355,4,N/A
7493184,00730,,Retired,108518,780,No,TRUE,Denied,953.28,993,5,"Applicant follow-up needed"
7493370,00489,"November 18, 2020",Part-Time,66908,664,No,true,Approved,1606.8,2060,5,"Co-signer pending review."
7493386,00523,,Student,141365,580,No,Yes,Approved,2570.1,3295,2,"docs expired"
7493413,01228,2021-07-12,Contract,182812,756,No,0,Approved,672,1120,4,"Missing bank statements."
7493829,00430,08/14/2021,Part-Time,182101,,No,TRUE,Approved,1345.2,2242,2,
7494720,00195,14/03/2021,Part-Time,232679,620,No,FALSE,Denied,4219.8,5410,2,.
7496118,00560,2024-08-13,Unemployed,191200000,831,No,yes,Pending,1362.48,1622,3,"Missing bank statements."
7496460,00947,15/08/2020,Part-Time,146463,743,No,0,Pending,1925.22,2917,1,
7499129,00361,"February 02, 2021",Contract,79392,,Yes,Yes,Denied,2799.72,4242,5,"income verified via Plaid"
7500782,01388,03-16-2021,Retired,66057,642,No,Y,Denied,1193.94,1809,1,.
7500810,01202,20/07/2020,Contract,195675,,No,No,"Under Review",1554.6,2591,1,.
7505578,01430,01-30-2020,Student,164860,617,No,true,Approved,1027.8,1713,2,
7505659,00712,"February 03, 2023",Full-Time,130568,741,No,1,Approved,3436.44,4091,3,"Missing bank statements."
7505787,01243,,Retired,204444,755,No,No,Approved,4289.4,7149,1,.
7507773,01472,"September 17, 2024",Contract,216261,610,Yes,no,Denied,6578.88,6853,2,n/a
7509068,00243,12/29/2022,Full-Time,147031,785,Yes,1,Approved,1655.16,2122,4,
7509098,01734,2022-08-11,Unemployed,57189,813,No,0,Approved,2978.88,3103,4,"Missing bank statements."
7510180,01369,03/25/2022,Unemployed,98922,786,Yes,Y,Pending,1303.38,1671,3,"Renewal case."
7513272,00969,05-26-2022,Self-Employed,158940,686,No,No,Approved,1177.8,1510,4,.
7518504,01311,,Retired,232382,819,Yes,1,Approved,993.3,1505,3,"income verified via Plaid"
7519409,00026,2020-07-03,Full-Time,122809,615,No,TRUE,Denied,1455.36,1516,3,"income verified via Plaid"
7520193,00085,16/09/2022,Unemployed,179180,672,No,0,Approved,930,1550,3,"Co-signer pending review."
7520942,01331,01/10/2023,FT,64590,705,No,0,Denied,3395.28,4042,1,"income verified via Plaid"
7521391,01360,2020-12-05,Contract,227747,734,No,Y,Denied,1168.44,1498,1,"Co-signer pending review."
7524015,00945,"April 17, 2023",Full-Time,144126,N/A,No,FALSE,"Under Review",3624.96,3776,2,N/A
7525733,01470,2020-08-22,Self-Employed,84030,783,Yes,1,Approved,1943.04,2944,5,"Renewal case."
7526062,00896,"June 22, 2023",Self-Employed,34300000,760,No,Yes,Denied,4776.42,7237,2,.
7526768,01246,2023-06-12,Student,187700000,762,No,no,Denied,1367.4,2279,2,"docs expired"
7526806,01092,09/28/2022,PT,42205,683,No,no,Approved,6202.56,7952,1,
7527876,01260,2020-03-19,Contract,116491,798,Yes,FALSE,"Under Review",1859.88,0,4,"Co-signer pending review."
7529252,00874,06/04/2023,Student,116091,387.0,No,No,Approved,4923.24,0,3,n/a
7532046,01210,2024-12-17,Part-Time,197189,614,No,FALSE,Denied,1932.48,2928,3,"Referred by agent."
7532713,01587,27/07/2022,Self-Employed,22693,605,Yes,No,Approved,3171.84,3776,1,n/a
7535843,01732,10-17-2022,Contract,212561,779,No,FALSE,Denied,1106.82,1677,3,"Flagged for manual review."
7539286,00611,08/15/2024,Part-Time,209145,640,Yes,No,Approved,2465.4,4109,5,"income verified via Plaid"
7540204,01467,12/15/2022,Contract,170891,794,No,,Denied,1715.52,1787,1,
7540941,01009,02/09/2023,Contract,53848,676,No,1,"Under Review",2263.56,2902,2,n/a
7542507,01027,2024-09-09,Unemployed,306582,,No,1,Approved,2868.84,3678,1,"Applicant follow-up needed"
7542624,01754,17/03/2024,Full-Time,233431,597,No,,Denied,4596.48,4788,1,.
7544441,00784,02-17-2022,Retired,109798,,No,,Approved,2089.92,2488,2,"Renewal case."
7545226,01046,11-26-2024,Contract,175165,694,No,false,Pending,1225.92,1277,3,"docs expired"
7547263,00037,10/15/2023,Full-Time,159530,821,No,0,Withdrawn,880.62,1129,4,"Referred by agent."
7547749,01334,"March 27, 2022",Self-Employed,317957,582,No,,Pending,9206.34,11803,5,"Applicant follow-up needed"
7552157,01529,2022-05-27,Self-Employed,38310,327,No,0,Approved,4369.92,4552,4,"Referred by agent."
7553433,00921,04-25-2024,Unemployed,122524,690,No,true,Withdrawn,865.8,1110,2,.
7554298,00307,03/01/2022,Part-Time,83828,722,Yes,Yes,Pending,5117.64,7754,3,.
7558191,00352,22/12/2024,Self-Employed,187715,683,No,false,Approved,1423.8,2373,3,"Flagged for manual review."
7558474,01388,,Self-Employed,48351,683,No,1,"Under Review",1736.64,1809,1,"docs expired"
7558729,00323,04-17-2021,Self-Employed,37130,589,No,yes,Approved,5037.48,5997,3,
7560517,00139,10/18/2023,Part-Time,100272,,No,no,Approved,3919.08,5938,2,
7562157,00199,11/09/2022,Student,31294,740,No,,Denied,1110.6,1851,1,"Missing bank statements."
7562195,01319,2020-03-31,Full-Time,174801,772,No,N,Withdrawn,2087.28,2676,4,"Flagged for manual review."
7562283,00382,15/06/2020,Student,52172,728,No,Yes,Pending,4153.5,5325,5,.
7562556,00279,03-05-2021,Unemployed,63377,819,No,true,Denied,1480.08,1762,1,
7563660,00517,06-22-2022,Self-Employed,50226,,No,Y,"Under Review",4114.5,5275,3,n/a
7563822,00181,14/02/2021,Part-Time,210800,763,No,Y,Approved,710.58,911,2,"Applicant follow-up needed"
7564413,00497,01-02-2021,Full-Time,208356,766,Yes,false,Approved,2842.56,3384,4,
7567927,00066,04-24-2020,Student,183963,,No,1,Approved,1825.56,2766,3,
7570540,01349,05-29-2020,Self-Employed,190981,833,No,true,Pending,2303.4,3490,2,"Applicant provided pay stubs."
7571807,00184,2020-06-26,Retired,166058,796,Yes,no,"under review",5112.96,5326,4,.
7572003,01521,2022-10-25,Contract,93168,792,Yes,,Approved,3074.76,3942,4,"docs expired"
7572914,01296,,Contract,107302,754,No,yes,Denied,1556.1,1995,4,
7573258,00157,18/11/2020,Unemployed,110422,720,No,0,Approved,8633.04,11068,5,
7575536,01720,25/07/2022,Full-Time,69840,692,No,1,Approved,3744.84,5674,5,
7575840,01590,2021-06-27,Part-Time,122285,,No,No,"Under Review",939.18,1423,3,.
7579466,00157,"November 08, 2020",Retired,149567,,Yes,,Denied,6640.8,11068,1,"income verified via Plaid"
7582102,01029,06-06-2021,Unemployed,154649,715,No,0,Denied,1374.78,2083,4,n/a
7584006,01664,"September 19, 2023",Unemployed,85350,760,No,1,Approved,1874.88,1953,5,"Renewal case."
7585428,01435,"September 09, 2022",Student,11415,615,No,FALSE,"Under Review",2394.48,3628,1,"income verified via Plaid"
7586820,01493,,Part-Time,183469,759,No,false,Denied,2821.44,2939,3,"Missing bank statements."
7587721,01227,11/17/2023,Part-Time,159800,847,No,no,Denied,1755,2250,5,"Co-signer pending review."
7591490,00569,2022-04-13,Full-Time,197067,846,No,FALSE,Denied,6794.76,8089,2,"Applicant follow-up needed"
7591686,00157,05-21-2021,Retired,264975,679,No,FALSE,Withdrawn,10625.28,11068,4,"Renewal case."
7593824,00532,"April 06, 2021",PT,184553,734,No,No,Approved,929.88,1107,5,"Applicant follow-up needed"
7598142,00965,"May 18, 2020",Retired,216077,689,No,1,Approved,2201.16,2822,4,N/A
7598838,01013,2023-12-01,Self-Employed,219192,684,No,false,Pending,2114.58,2711,3,"Applicant follow-up needed"
7599531,00461,06-19-2022,"Self Employed",40994,751,No,N,Denied,1919.04,1999,2,"docs expired"
7602080,01273,10/07/2024,Part-Time,239003,430,No,yes,"Under Review",6451.2,7680,5,"Applicant provided pay stubs."
7602975,00059,"November 06, 2022",Unemployed,150338,812,No,No,"Under Review",1967.16,2522,4,.
7603914,00209,25/09/2020,Retired,175712,703,No,yes,Approved,4272,0,3,
7605536,01088,05-29-2021,Retired,52911,664,Yes,,Denied,3940.86,5971,4,"income verified via Plaid"
7606632,00113,"January 06, 2020",Part-Time,175423,680,No,N,withdrawn,1749.54,2243,1,"Referred by agent."
7607028,01556,2021-03-07,Part-Time,133300000,712,No,,Approved,2142,2550,5,.
7609326,00932,"January 29, 2020",Student,198363,794,No,TRUE,Denied,4883.76,5814,1,
7609927,01317,01/11/2020,Contract,115317,632,Yes,0,Approved,2041.26,2617,5,"Renewal case."
7610820,00060,26/05/2022,Full-Time,209726,,No,true,Denied,697.2,1162,4,"income verified via Plaid"
7611375,01206,02-05-2024,Student,111415,687.0,No,1,Denied,2203.74,3339,4,
7613949,00498,2022-05-11,Unemployed,177180,609,No,No,Approved,1186.02,1797,2,"Flagged for manual review."
7614051,01576,,Self-Employed,143215,728,No,TRUE,Pending,3822.06,5791,3,"Applicant follow-up needed"
7616614,00344,"November 22, 2020",Unemployed,212092,790,Yes,no,approved,4583.04,4774,2,N/A
7621160,00855,12-12-2024,Student,147180,824,No,N,"Under Review",757.68,902,4,"Applicant follow-up needed"
7621195,00471,04-22-2020,Unemployed,13812,703,Yes,yes,Pending,820.8,1368,3,"docs expired"
7623228,01705,"September 04, 2020",Full-Time,137235,814,No,Y,Approved,2477.16,2949,5,"Flagged for manual review."
7623750,01167,2022-06-20,Student,198528,702.0,No,0,Approved,3771.6,6286,1,"Co-signer pending review."
7624665,01686,06/01/2020,Unemployed,157713,612,Yes,Y,Approved,2496.6,4161,3,"Applicant provided pay stubs."
7625212,01408,2024-03-21,Student,55951,724,No,true,Approved,2614.92,0,1,"Missing bank statements."
7625961,00467,08-15-2024,Full-Time,108590,764,No,FALSE,Denied,5524.86,8371,2,"Applicant provided pay stubs."
7627490,01479,05/11/2022,Retired,98570,689,No,1,Approved,1646.4,1960,2,"Applicant follow-up needed"
7627653,00649,"March 08, 2024",Unemployed,209191,706,No,TRUE,Approved,2212.56,2634,5,"Flagged for manual review."
7627864,00572,06/05/2023,Unemployed,88440,818,No,TRUE,Withdrawn,1248,1300,3,"Referred by agent."
7628016,00039,29/08/2022,Student,100493,684,No,no,approved,2772.84,3301,5,"Co-signer pending review."
7629670,00693,"April 07, 2023",Self-Employed,260796,720,No,0,Withdrawn,2798.64,3588,3,
7629910,01435,"April 25, 2020",Unemployed,45024,838,No,TRUE,Approved,3047.52,3628,1,"Renewal case."
7630426,00189,11/03/2023,Student,163107,597,Yes,true,Withdrawn,2713.2,3230,3,"docs expired"
7630775,01568,07-23-2021,Retired,23222,,No,Y,Pending,3272.4,5454,3,
7631163,00208,04/20/2021,Part-Time,27733,636,No,N,Approved,716.52,853,5,"Referred by agent."
7631580,01065,09/28/2024,Part-Time,92626,754,No,,Approved,2294.76,2942,5,
7634327,00771,05-19-2023,Self-Employed,187671,685,No,false,Withdrawn,1906.74,2889,4,"Missing bank statements."
7634476,00132,2023-07-24,Retired,192216,812,No,N,Approved,1096.8,1828,2,"Flagged for manual review."
7634640,00740,12/09/2020,Part-Time,3144,,No,true,"Under Review",1777.38,2693,2,"Co-signer pending review."
7636132,00069,2022-09-01,Full-Time,206638,316,No,No,Denied,2530.08,3012,4,
7639553,00683,08/07/2023,PT,65123,460,No,0,Denied,1649.4,2749,5,"docs expired"
7639770,01259,2023-02-09,Unemployed,146412,691,No,Yes,Approved,9222.72,11824,2,"Flagged for manual review."
7639890,01576,"April 01, 2020",Unemployed,116290,825,No,no,Pending,4516.98,5791,4,"Flagged for manual review."
7641908,00203,11/29/2023,Retired,48686,693,No,FALSE,Approved,1451.34,2199,2,"Renewal case."
7642155,00617,09-13-2021,Unemployed,139467,594,No,true,"Under Review",2549.04,3268,1,"Referred by agent."
7643779,01169,,Part-Time,119575,784,No,,Approved,3495.36,3641,4,"Applicant follow-up needed"
7644095,00927,2022-09-21,Unemployed,185963,596,Yes,false,Denied,6451.2,7680,1,"Applicant follow-up needed"
7644629,01407,08-25-2020,Full-Time,213936,708,No,false,Denied,1657.8,2763,4,"income verified via Plaid"
7646745,01652,07/09/2022,Student,126377,739,Yes,false,Denied,1305.36,1554,3,
7651361,00292,02-07-2023,Full-Time,190364,559,No,Y,Denied,920.64,959,1,"Missing bank statements."
7652668,01042,"May 12, 2022",Full-Time,214332,,Yes,FALSE,Pending,1403.4,2339,2,"Referred by agent."
7656753,00109,06-01-2021,Unemployed,238013,729,No,0,Approved,1506.96,1794,1,
7658258,01394,05/07/2023,Student,158472,789,No,no,Approved,1058.64,0,1,"docs expired"
7658401,01696,"April 20, 2023",Contract,231360,776,No,,Denied,2134.08,2223,4,"Applicant provided pay stubs."
7660283,00762,2020-01-23,Unemployed,22599,639,No,N,Denied,1277.76,1331,5,"Referred by agent."
7662487,00115,01-25-2022,Full-Time,68632,727,No,false,Approved,3727.62,4779,4,"Renewal case."
7663532,01773,06-03-2023,Contract,182747,,No,,Denied,4751.04,4949,3,"Co-signer pending review."
7663973,01549,09/02/2022,Full-Time,219336,706,No,,Approved,1441.44,1848,2,"Missing bank statements."
7666605,00460,"December 23, 2024",Unemployed,109106,774,No,no,Approved,1462.56,2216,4,"Applicant provided pay stubs."
7666644,00176,"January 23, 2022",Full-Time,125758,688,No,Y,Pending,6304.74,8083,4,"Missing bank statements."
7666657,00224,05/09/2020,Contract,155200000,844,No,1,Approved,4814.7,7295,3,n/a
7666795,00393,2023-11-01,Unemployed,231714,819.0,No,FALSE,Approved,2284.8,2720,5,"Applicant provided pay stubs."
7667854,01747,04/04/2022,Self-Employed,235576,700,No,N,Pending,3888.72,5892,3,"Referred by agent."
7670143,00255,2023-09-29,Contract,214312,616,Yes,FALSE,Approved,3508.8,0,4,
7670985,00947,08/02/2022,Self-Employed,146121,605,No,No,Approved,2800.32,2917,5,n/a
7671361,01554,11-27-2021,Self-Employed,91160,746,No,yes,Approved,742.2,1237,1,.
7672107,00349,09/15/2020,Retired,57965,818.0,No,Yes,Pending,1825.98,2341,2,"Referred by agent."
7675212,01352,2022-09-13,Full-Time,78217,334,No,,Pending,1267.8,2113,3,"Referred by agent."
7678610,01570,2021-12-19,Student,92888,,No,0,Approved,1217.7,1845,4,N/A
7679139,01368,"March 24, 2020",Unemployed,248278,587,No,no,"Under Review",2417.22,3099,1,"Applicant follow-up needed"
7679273,00867,11/12/2024,Unemployed,140794,548,No,No,Denied,2286.24,3464,3,"Applicant follow-up needed"
7683510,01369,2022-06-07,Full-Time,125709,828,No,yes,Approved,1403.64,0,4,"income verified via Plaid"
7685900,00700,06/28/2020,Part-Time,25738,395,No,true,Pending,1406.4,2344,2,n/a
7687454,01661,04/10/2024,Unemployed,19046,736,Yes,,"Under Review",2887.56,3702,1,N/A
7688240,01539,05/07/2024,Retired,147436,N/A,No,Yes,Denied,8597.76,8956,1,"Missing bank statements."
7688736,00425,06-11-2022,Retired,22408,845,No,TRUE,Denied,964.8,1608,1,"Missing bank statements."
7689095,00126,14/06/2022,Contract,116639,603,No,0,Denied,1876.56,0,5,
7689207,00229,08-13-2024,Student,103088,836,No,0,Approved,1843.14,2363,4,"docs expired"
7692808,01130,2021-07-27,Retired,167730,831,No,no,Denied,3369.6,0,4,.
7693673,00077,2022-12-06,Part-Time,40629,729,No,yes,Approved,1652.16,1721,5,"Applicant follow-up needed"
7697748,00734,06/13/2024,Unemployed,120238,309,Yes,Yes,Approved,1601.28,1668,3,"Renewal case."
7698382,01161,2022-01-30,Contract,246739,,No,no,Approved,1717.56,2202,5,"docs expired"
7700281,01275,09/01/2024,Full-Time,166143,733,No,false,Withdrawn,3153.6,3285,1,"Flagged for manual review."
7702837,01655,21/12/2020,Retired,160986,793,No,FALSE,Pending,6368.88,7582,1,"Flagged for manual review."
7708518,01614,06/22/2024,Student,219214,N/A,No,No,Approved,7435.2,7745,1,N/A
7709921,00418,2022-11-29,Unemployed,197935,,No,yes,Denied,2898,3450,5,"Renewal case."
7710612,00892,2022-05-20,Unemployed,227708,600,No,,Denied,3170.88,3303,2,"Missing bank statements."
7710672,00518,2024-05-19,Part-Time,86289,499,No,false,Approved,3483.48,4466,5,"Referred by agent."
7710774,00887,2023-10-26,Part-Time,53969,N/A,No,,Approved,3956.94,5073,3,"income verified via Plaid"
7711665,00549,2021-03-21,Part-Time,115100,792,No,No,Pending,2849.28,2968,1,"Referred by agent."
7712527,01189,"November 24, 2022",Contract,134313,748,No,true,Withdrawn,3337.62,4279,4,"income verified via Plaid"
7712969,00224,"January 03, 2024",Part-Time,20549,556,No,yes,Denied,6127.8,7295,3,N/A
7713185,00901,"July 02, 2023",Contract,167845,723,No,FALSE,Pending,3352.8,5588,3,"Flagged for manual review."
7715692,01660,"January 14, 2024",Part-Time,101860,765,No,yes,"Under Review",1142.7,1465,1,"Applicant provided pay stubs."
7717377,00950,,Part-Time,27267,500,Yes,no,"Under Review",3475.92,4138,1,"Renewal case."
7718607,01232,06/28/2022,Student,139400000,736,No,N,Approved,1713.6,2856,4,"Referred by agent."
7719059,01503,19/09/2022,Student,44121,813,No,No,approved,2915.52,3037,2,"docs expired"
7720139,00079,12/05/2021,Unemployed,151873,720,Yes,FALSE,Denied,2188.68,2806,1,.
7722539,00114,05/23/2020,"Self Employed",77923,688,No,0,Approved,2281.92,2377,5,"Co-signer pending review."
7727345,00134,05/28/2024,Student,34841,760,No,Yes,Approved,2217,3695,5,"Referred by agent."
7727959,00263,,Full-Time,155171,679,No,N,Approved,1066.26,1367,2,"Renewal case."
7731841,00254,11-16-2022,Retired,92888,677,No,Yes,Withdrawn,2201.28,2293,2,
7736206,01787,12/03/2022,Student,211083,792,No,FALSE,Approved,3229.44,3364,2,
7737259,00156,2022-10-17,Unemployed,151061,614,No,Y,Pending,3343.86,4287,1,N/A
7738343,00602,2023-05-08,Part-Time,191183,,No,,Approved,2964.48,3088,2,"Flagged for manual review."
7740250,00166,12/19/2020,Full-Time,244095,651,No,0,Withdrawn,2882.88,3003,4,"income verified via Plaid"
7740838,00834,12/04/2021,Full-Time,47696,677,No,1,Approved,831.6,1260,2,n/a
7742300,00911,08-13-2021,Retired,10146,665,No,false,Approved,4841.28,5043,1,"Applicant provided pay stubs."
7743022,01096,27/10/2024,Part-Time,32586,421,No,Y,approved,1520.4,2534,3,N/A
7743152,01130,19/09/2023,Self-Employed,66841,833,No,yes,Denied,3369.6,5616,3,"docs expired"
7744274,01172,"April 30, 2021",Student,44259,535,Yes,Yes,Approved,2924.88,3482,3,"Referred by agent."
7744787,01488,2022-07-07,Student,233055,671,No,,Denied,6039.54,7743,4,"Applicant follow-up needed"
7745182,01398,07/04/2021,Unemployed,228372,806,No,FALSE,Approved,1928.52,2922,5,"Co-signer pending review."
7747115,00813,2021-08-01,Part-Time,101725,783,Yes,true,Pending,1809.6,2320,2,"Applicant provided pay stubs."
7747385,00874,02/14/2021,Part-Time,98347,748,No,Yes,Denied,4571.58,5861,5,"Referred by agent."
7751254,00558,07/13/2023,Unemployed,112230,783,Yes,true,Approved,3254.94,4173,1,
7751624,00142,10-02-2020,"Self Employed",170554,848,No,Yes,Denied,3458.28,4117,4,
7751964,01144,09-30-2023,Part-Time,49252,688,No,TRUE,Approved,3258.06,4177,4,n/a
7752084,00640,03-07-2021,Part-Time,157481,808,No,No,Denied,2498.76,3786,5,"Renewal case."
7752833,00108,"February 04, 2021",Retired,113795,746,Yes,,Approved,1069.86,1621,4,"Applicant follow-up needed"
7752923,00117,2021-10-11,Student,235736,535,Yes,N,Denied,1776.06,2691,5,
7754437,01073,01-10-2023,Student,224940,512,No,Y,Approved,1032.72,1324,2,N/A
7755363,01123,"May 11, 2022",Retired,144332,447,Yes,Y,"under review",1137.18,1723,2,"Renewal case."
7756483,00432,27/11/2022,Retired,245329,681,No,0,Pending,2286.18,2931,4,"Referred by agent."
7757867,00422,03/15/2023,Unemployed,159321,580,No,Y,Approved,1027.2,1070,3,"Flagged for manual review."
7761357,01216,10-17-2023,Full-Time,18266,796,Yes,no,Pending,1671.54,2143,5,"income verified via Plaid"
7761901,00967,12-13-2020,Retired,206453,755,Yes,,Approved,1109.4,1849,4,"Renewal case."
7763351,01417,"February 05, 2020",Self-Employed,214829,839,No,no,Approved,4020.9,5155,4,n/a
7763750,01024,2022-12-03,Student,230387,639,No,FALSE,Approved,953.04,1444,4,"Flagged for manual review."
7766054,01347,,Contract,76933,752,No,no,Approved,531.3,805,3,"Applicant provided pay stubs."
7767969,00792,11-16-2022,Student,131487,770,No,,Withdrawn,2900.04,4394,5,"Applicant provided pay stubs."
7772512,00405,,Student,105020,795,No,false,denied,1410.42,2137,4,
7772776,01127,14/11/2022,Retired,48071,623,No,0,Denied,3352.32,3492,5,"Renewal case."
7774994,00803,"July 30, 2022",Student,147430,779,No,Yes,"Under Review",6559.8,8410,5,"income verified via Plaid"
7775974,00688,2021-06-13,Part-Time,287968,748,No,No,Approved,3130.56,3261,5,"Missing bank statements."
7777189,00049,12-08-2024,Student,155272,840,No,FALSE,Denied,3122.28,3717,3,"Flagged for manual review."
7777216,00431,09/27/2020,Retired,182430,683,No,true,Pending,2372.7,3595,1,
7777646,00221,"March 30, 2022",Unemployed,214278,839,No,false,Approved,2622.48,3122,5,
7777889,01794,2021-07-20,Unemployed,114905,494,No,Y,Denied,5537.28,5768,2,"Co-signer pending review."
7780596,01033,17/09/2022,Retired,20764,662,Yes,false,Withdrawn,2732.16,2846,5,N/A
7781746,00642,2020-11-16,Self-Employed,121823,637,No,FALSE,Withdrawn,713.16,849,2,"Renewal case."
7781861,01474,"March 16, 2023",Retired,163468,,No,0,Approved,3828.72,4558,5,n/a
7782430,00494,02/09/2023,Retired,203099,785.0,No,FALSE,Pending,5010.6,5965,2,"docs expired"
7782592,01578,2023-08-05,Full-Time,246040,637,Yes,1,Pending,6597.12,6872,1,"Applicant provided pay stubs."
7783146,01334,31/08/2022,Part-Time,67514,710,Yes,Y,Approved,9914.52,11803,3,"Renewal case."
7783207,00991,2023-02-11,Retired,73196,453,Yes,1,Approved,1460.4,2434,5,"Co-signer pending review."
7784000,00631,2021-07-20,Unemployed,220352,761,No,no,"Under Review",1307.46,1981,2,"Missing bank statements."
7786701,01403,09/12/2021,Retired,98363,680,No,,Denied,1673.76,0,2,
7787407,01277,2024-09-08,Full-Time,126950,835,No,false,Approved,1180.14,1513,3,"docs expired"
7789710,01234,"November 29, 2020",Student,193129,622,No,TRUE,Pending,5175.36,5391,4,.
7791220,00953,02/11/2022,Student,177520,592,No,false,"Under Review",4099.2,4270,3,"Referred by agent."
7791304,00101,04-18-2021,Full-Time,16852,770,No,1,Pending,2247.18,2881,5,
7791968,00657,12-25-2022,Part-Time,156697,821,Yes,0,Approved,1254,1900,2,"Missing bank statements."
7792756,00448,05/12/2021,Full-Time,142820,744,No,Yes,Approved,1264.2,2107,1,"Missing bank statements."
7794725,00129,06-20-2023,Full-Time,200404,600,No,FALSE,"Under Review",861,1435,4,
7797218,00951,06/18/2024,Self-Employed,57429,379,No,Yes,Denied,1628.22,2467,3,"docs expired"
7797981,01177,07/08/2020,Unemployed,227166,676,No,,Withdrawn,3689.4,4730,5,.
7799638,00564,2023-05-31,Contract,100303,718.0,No,yes,Pending,3112.8,5188,5,n/a
7799976,00203,06/29/2022,Student,299527,717,No,TRUE,Pending,1715.22,2199,2,"Missing bank statements."
7800085,01042,"June 03, 2020",PT,57914,,No,,Denied,2245.44,2339,3,"Applicant follow-up needed"
7801528,01365,05-05-2024,Full-Time,82723,638,No,Yes,"Under Review",4397.76,4581,3,
7801646,01421,04-14-2022,Part-Time,294772,N/A,No,No,Pending,2304.72,3492,1,"Referred by agent."
7801824,00381,16/08/2021,Self-Employed,244629,726,Yes,Y,Approved,3999.84,5128,4,"Renewal case."
7802331,00419,09-03-2021,Student,223553,692,No,,approved,1269.84,1924,5,"Renewal case."
7806231,01282,,Full-Time,128204,,No,N,Approved,2053.44,2139,3,"Renewal case."
7808075,01735,"April 03, 2021",Student,18017,658,Yes,No,Pending,2122.56,2211,4,
7808382,01169,"May 20, 2023",Part-Time,15314,797,No,yes,Withdrawn,2403.06,3641,5,"docs expired"
7809522,01143,"August 10, 2024",Self-Employed,118468,,Yes,TRUE,Denied,1498.8,2498,1,"income verified via Plaid"
7812700,00340,2021-06-03,Self-Employed,190161,714,No,FALSE,Approved,11463.36,11941,1,"Co-signer pending review."
7815160,01796,11/11/2023,Contract,240408,651,No,Y,approved,3211.2,0,2,"Missing bank statements."
7815581,01705,2022-01-26,Unemployed,184839,759,No,Yes,approved,2477.16,2949,1,N/A
7816272,00119,06-26-2021,Contract,143941,830.0,Yes,true,Pending,3161.4,4790,1,"Co-signer pending review."
7818538,00256,11/30/2023,Full-Time,206715,772,No,1,Denied,1346.4,2244,3,"Flagged for manual review."
7819237,01156,01/06/2021,Retired,155783,808,No,no,Pending,4222.68,5027,2,"Renewal case."
7819352,00731,,Full-Time,124020,643,No,Yes,Denied,1135.2,1892,2,N/A
7820239,01394,25/06/2023,Part-Time,185119,365,No,FALSE,Denied,1058.64,1604,1,"docs expired"
7820361,00711,06/10/2020,Student,176502,,No,Y,Approved,834.12,993,3,"Co-signer pending review."
7823805,00383,"July 15, 2020",Unemployed,206151,782,No,FALSE,Approved,2846.4,2965,3,
7824077,01189,2023-03-27,Self-Employed,47404,716,No,No,Approved,2567.4,4279,1,"Referred by agent."
7830265,00806,08-12-2024,Retired,203586,803,No,FALSE,Approved,1949.76,2031,3,
7832222,01479,05/05/2022,Student,156100000,682,No,N,Approved,1293.6,1960,4,
7835885,01740,01/03/2022,Self-Employed,34768,607,No,no,Approved,1895.88,2257,2,"Referred by agent."
7835902,01796,12-14-2022,Contract,134909,668,No,1,Approved,2007,3345,1,"Referred by agent."
7835983,01619,05-23-2020,Contract,61920,446,No,Yes,Approved,1264.56,1916,3,"Co-signer pending review."
7836000,00791,"December 15, 2022",Part-Time,80880,732,No,No,Approved,4176.96,4351,3,"Co-signer pending review."
7836266,00643,06/24/2020,Contract,317772,696,No,N,Approved,2165.46,3281,2,"income verified via Plaid"
7839276,01402,06/05/2023,Unemployed,194556,845,No,true,Pending,871.68,908,3,"Flagged for manual review."
7842544,01564,05/12/2020,Unemployed,26285,821,Yes,N,Approved,3126.48,3722,5,"Flagged for manual review."
7843455,01584,,Retired,130085,774,Yes,1,Pending,1797.12,1872,1,"Applicant provided pay stubs."
7844354,00020,23/07/2023,Retired,209010,707,No,true,Denied,4233.6,5040,4,n/a
7845041,00412,"October 03, 2023",Full-Time,99689,843,No,,Denied,2315.52,2412,5,"Referred by agent."
7845258,01364,01/05/2024,Full-Time,31356,619,No,Yes,Approved,5184.96,5401,1,"docs expired"
7846716,00614,2024-03-06,Full-Time,192749,N/A,No,N,Approved,3871.56,4609,2,.
7846951,01195,,PT,238267,418,No,yes,Approved,4211.52,4387,4,"Co-signer pending review."
7847753,01103,26/06/2022,Self-Employed,156216,706,No,0,"Under Review",970.2,1470,4,"Applicant provided pay stubs."
7848096,01308,03/15/2020,Full-Time,159581,719.0,No,TRUE,Pending,4842.24,0,2,"Referred by agent."
7850011,01047,27/07/2023,"Self Employed",117934,,No,FALSE,"Under Review",1236.18,1873,4,
7851277,00647,"October 11, 2022",Unemployed,113885,696,No,0,Pending,3388.56,4034,1,
7852564,00002,05/11/2023,Student,54445,745,No,FALSE,Withdrawn,2588.04,3081,2,"Applicant follow-up needed"
7854049,00113,01/31/2021,Self-Employed,22453,720,Yes,No,Approved,1749.54,2243,4,"Renewal case."
7854836,00864,11/14/2023,Student,37736,626,No,yes,Approved,8069.76,0,3,
7855574,01023,2024-02-26,Retired,169744,811,No,false,Denied,1011.84,1054,2,n/a
7855749,01051,25/11/2020,FT,92935,,Yes,yes,Denied,1304.4,2174,4,"Missing bank statements."
7855994,00084,2020-03-22,Full-Time,221481,,No,Yes,Denied,5801.64,7438,1,"Missing bank statements."
7856663,00932,11/26/2024,Part-Time,93214,435,No,N,Denied,4883.76,5814,3,"income verified via Plaid"
7858087,01086,"September 09, 2023",PT,155847,591,Yes,false,Approved,4099.2,0,2,"Flagged for manual review."
7859450,00105,29/07/2021,Self-Employed,81776,646,No,false,Denied,5485.44,5714,1,.
7859697,00178,07-09-2021,Contract,212855,662,No,Y,Approved,2964.36,3529,1,"docs expired"
7859912,00628,20/05/2024,Full-Time,195633,728,Yes,Y,Pending,2689.2,4482,5,"Referred by agent."
7860078,01515,"March 16, 2024",Retired,144655,747,Yes,no,Denied,1301.82,0,5,
7861702,01304,09-18-2021,Contract,61460,650,No,1,Pending,8890.44,11398,4,"Flagged for manual review."
7862088,01627,2023-10-26,Contract,97265,721,No,true,Denied,4092.66,5247,1,"Applicant follow-up needed"
7862385,01506,01/27/2021,Full-Time,79851,758,No,Yes,Approved,1708.98,2191,5,
7863599,01626,17/04/2024,Self-Employed,197624,531,No,yes,Approved,4297.92,4477,5,
7865314,01577,2022-09-01,Part-Time,30933,801,No,,Denied,4585.62,5879,1,
7865788,00030,2021-05-21,Student,9612,813,No,1,Approved,1860.6,3101,1,"Applicant follow-up needed"
7865836,00998,02-16-2024,Contract,225074,817,No,TRUE,Pending,3725.4,4435,3,"Flagged for manual review."
7870080,01610,,Student,50153,736,No,true,Approved,2552.76,3039,3,n/a
7870713,00611,"August 25, 2022",Retired,115615,380,No,0,"Under Review",2465.4,4109,5,n/a
7871308,00669,"July 21, 2021",Part-Time,87500000,679.0,No,TRUE,Withdrawn,482.4,804,1,"income verified via Plaid"
7872424,01459,"July 22, 2020",Contract,121955,N/A,No,Yes,Approved,1993.86,3021,3,.
7872438,01472,12-11-2021,Full-Time,64491,685,Yes,Y,Denied,6578.88,6853,2,"income verified via Plaid"
7875482,00763,"August 08, 2020",Self-Employed,75546,622,No,yes,Approved,5086.62,7707,2,"income verified via Plaid"
7876290,01045,09-05-2021,Self-Employed,117757,765,Yes,yes,Withdrawn,4365.12,4547,5,N/A
7876803,00663,2020-01-09,Retired,97795,704.0,No,no,Approved,2137.8,2545,3,"Referred by agent."
7877877,01293,"April 04, 2021",Full-Time,248769,,No,,Pending,1346.4,2244,4,.
7877927,00622,2022-08-07,Unemployed,70116,776,No,N,Pending,1879.8,2410,4,
7878698,01521,03/23/2023,Retired,191768,730,No,FALSE,"under review",3311.28,3942,1,"income verified via Plaid"
7879533,01315,26/04/2024,Retired,184976,612,Yes,1,Pending,670.8,1118,1,"income verified via Plaid"
7879565,01730,"April 11, 2023",Contract,133086,835,No,false,Approved,2697,4495,3,"Flagged for manual review."
7879933,01620,2021-01-08,Retired,180078,561,No,FALSE,Denied,3810.3,4885,1,N/A
7881260,01799,21/07/2024,Student,164939,618,No,Y,"Under Review",10621.44,11064,5,.
7881710,00668,"June 21, 2024",Unemployed,95851,690,No,TRUE,Approved,3251.16,4926,2,N/A
7882001,00973,2022-10-14,Unemployed,127916,,No,true,Pending,5916.48,6163,5,
7882860,01308,02/15/2022,Contract,174374,834,No,1,Pending,4236.96,5044,3,"Flagged for manual review."
7886694,01016,09/15/2022,Contract,105825,488,Yes,yes,Denied,5998.44,7141,1,"Missing bank statements."
7888940,01570,07/01/2021,Full-Time,321792,693,No,FALSE,Denied,3720,3875,4,"Renewal case."
7890247,01472,21/10/2024,Student,96885,819,No,Y,Approved,4111.8,6853,1,
7890535,01551,11-24-2024,Self-Employed,83426,843,Yes,no,Denied,3744,3900,2,"Applicant follow-up needed"
7890553,00004,12-14-2022,Full-Time,106163,629,Yes,1,Approved,1038.6,1731,3,"Renewal case."
7892373,01570,07-11-2020,Retired,186958,,No,TRUE,Withdrawn,2434.08,3688,3,"Applicant provided pay stubs."
7892722,00526,08/23/2024,Unemployed,241451,713,Yes,yes,"Under Review",3432.96,3576,5,.
7894999,01495,05-02-2021,Retired,182528,777,No,no,Approved,3490.2,5817,1,"docs expired"
7898033,01025,20/11/2023,Part-Time,68156,826,No,,Pending,3611.4,4630,3,.
7898614,00690,"January 14, 2024",FT,107443,,No,Y,Approved,806.4,1344,3,
7899190,00098,2020-09-19,Contract,192866,720,No,N,Approved,1629.6,1940,1,"docs expired"
7902907,00420,01/04/2020,Unemployed,141902,710,No,Y,Denied,4411.68,0,2,"income verified via Plaid"
7903783,00116,03-12-2022,Self-Employed,124413,779,No,FALSE,Approved,2933.58,3761,2,"docs expired"
7905251,00920,01-02-2024,Unemployed,10950,765,Yes,true,Approved,2057.4,3429,1,"Applicant follow-up needed"
7907390,01185,"October 06, 2024",Retired,161505,489,No,true,Denied,1948.8,2030,1,"Missing bank statements."
7907422,01630,"March 29, 2022",Self-Employed,230226,416,No,no,Pending,952.56,0,3,"income verified via Plaid"
7907709,00005,,Unemployed,41823,601,Yes,true,Denied,3040.44,3898,1,.
7908064,01795,2022-03-02,Unemployed,64002,727.0,No,0,Withdrawn,5453.28,6492,5,"Renewal case."
7909252,01624,2022-07-05,Retired,168178,466,Yes,FALSE,Denied,2436.6,4061,4,"Referred by agent."
7910569,00067,11/05/2021,Contract,19419,353,No,1,"Under Review",3693.36,5596,1,"Referred by agent."
7911672,01671,09-19-2022,Student,153737,809,No,,Denied,3282.72,0,5,
7912005,00701,2022-09-02,Part-Time,185600000,739,No,TRUE,Approved,1118.04,1331,1,"income verified via Plaid"
7912315,00066,2023-08-15,Contract,64982,710,No,no,Approved,1825.56,2766,2,N/A
7913194,01076,"February 21, 2024",Part-Time,152591,771,No,,Pending,2307.24,2958,2,
7913218,00114,,Self-Employed,151333,317,No,false,"under review",1426.2,2377,2,n/a
7916014,00283,22/07/2020,Contract,80623,648,No,FALSE,Denied,2669.52,3178,2,"Co-signer pending review."
7916910,01445,06/04/2024,Part-Time,50118,765,No,yes,Withdrawn,5511,8350,3,
7918412,01176,2021-10-18,Self-Employed,85327,686,No,true,Approved,1410.24,1808,1,
7919252,01020,2021-07-23,Retired,137216,N/A,Yes,yes,Approved,3208.92,4114,5,.
7919581,01609,"August 06, 2022",Part-Time,275887,445,No,Y,Approved,3796.32,5752,5,N/A
7922132,01213,01/31/2024,Full-Time,192505,556,No,TRUE,Approved,4703.04,4899,4,"income verified via Plaid"
7923512,00087,2023-07-25,Retired,39637,549,No,N,Denied,4545.06,5827,2,"Referred by agent."
7929136,01107,2023-08-24,Retired,202095,648,No,TRUE,Denied,2483.52,3184,2,"Renewal case."
7930226,00930,11/26/2021,Self-Employed,259530,765,No,Yes,Approved,2654.4,3160,3,"income verified via Plaid"
7930821,01153,2022-02-04,Student,83197,668,No,true,Denied,980.1,1485,5,"Applicant follow-up needed"
7931365,00918,2020-09-20,Unemployed,34713,730,No,false,Denied,3215.52,3828,4,"income verified via Plaid"
7931564,00125,05-09-2022,Retired,20795,497,No,N,Denied,3410.16,4372,2,.
7932469,00050,26/04/2021,Contract,57296,740,No,N,Approved,4577.04,5868,5,"Renewal case."
7933081,00667,14/07/2024,Part-Time,113941,714,No,no,Withdrawn,2430.72,2532,1,n/a
7935424,01133,09/10/2021,Unemployed,131630,840,No,,Denied,1032,1075,1,"Flagged for manual review."
7935567,01140,2024-06-14,Unemployed,109896,736,No,yes,Pending,1662.6,2771,2,"Applicant follow-up needed"
7935861,00004,02-08-2020,Student,180750,757,No,Y,Approved,1142.46,1731,5,"Missing bank statements."
7938616,00224,"September 04, 2020",Full-Time,226036,391,No,Y,Approved,5690.1,7295,5,"docs expired"
7941419,01259,16/04/2022,Unemployed,252928,705,No,,Approved,11351.04,11824,1,"Flagged for manual review."
7941428,00636,,Contract,193569,835,Yes,No,Approved,699.72,833,5,"Applicant provided pay stubs."
7942409,01599,"October 21, 2023",Retired,71692,819,No,No,Approved,2759.4,3285,1,n/a
7943129,01043,10/07/2022,Retired,78605,679,No,true,Denied,2386.44,2841,1,"docs expired"
7944723,00402,05-19-2023,Part-Time,28136,837,No,FALSE,Pending,2698.92,3213,3,n/a
7946374,00487,2022-05-02,Unemployed,87614,,No,No,Denied,2317.44,2414,5,"income verified via Plaid"
7947266,00054,01/15/2022,Part-Time,96814,383,No,No,Approved,6110.4,6365,2,"Co-signer pending review."
7949335,00881,03/11/2021,Part-Time,185702,,No,Yes,Denied,4795.2,7992,2,"Referred by agent."
7949931,00051,11/02/2020,Full-Time,61861,,No,Y,Approved,1647.36,2496,4,.
7950181,01738,2021-11-29,Contract,148766,799,No,yes,Approved,1776.6,2115,2,
7952431,01204,11-21-2022,Self-Employed,239087,718,No,TRUE,Approved,6401.28,6668,5,n/a
7956382,01750,29/05/2021,Unemployed,222886,589,No,TRUE,Denied,8954.88,9328,4,"docs expired"
7957197,01466,03-16-2020,Self-Employed,189097,692,No,N,Approved,1148.16,1196,4,
7957637,01050,2022-04-13,Student,103517,699,No,false,Denied,1420.44,1691,5,"Applicant provided pay stubs."
7959630,00634,12-11-2024,"Self Employed",210577,,No,1,Denied,860.4,0,5,N/A
7960509,01614,2021-07-18,Self-Employed,79892,311,No,FALSE,Pending,4647,7745,2,N/A
7960917,00332,18/06/2022,Self-Employed,124072,673,No,no,Withdrawn,1932.84,2301,4,"Renewal case."
7964268,01642,16/07/2022,Retired,92661,849,Yes,true,Denied,2065.14,3129,4,
7964506,00152,22/09/2022,Self-Employed,211836,771,No,no,Pending,1847.82,0,3,n/a
7964775,01190,25/12/2023,Part-Time,30254,774,No,true,Pending,5403.84,6928,1,"Renewal case."
7964866,01637,04/25/2022,Retired,129485,667,No,No,Denied,4496.64,0,5,.
7966485,00044,09-24-2024,Full-Time,185901,679,No,FALSE,Approved,4687.8,0,2,
7966512,00811,"February 25, 2023",Student,18561,669,No,Y,Approved,1850.88,1928,2,"Referred by agent."
7966958,00830,"January 03, 2024",Retired,138188,,No,false,"Under Review",3008.04,3581,1,"docs expired"
7968905,00024,"November 14, 2021",Student,157153,651,No,,Denied,2849.28,0,1,"Co-signer pending review."
7970886,00548,08/23/2023,Retired,178575,796,No,no,Denied,3824.34,4903,5,"Renewal case."
7974092,01788,2020-07-19,Student,229979,N/A,No,false,Denied,2758.08,2873,3,"Flagged for manual review."
7974100,00561,10/01/2021,Unemployed,76599,,No,No,Approved,1024.2,1707,2,
7976457,00579,2023-10-23,Part-Time,85069,782,No,TRUE,Approved,4918.2,5855,2,"income verified via Plaid"
7976703,01180,,Self-Employed,53402,702,No,1,Approved,3191.4,5319,5,"Renewal case."
7977386,00894,,Retired,130938,,No,TRUE,Approved,1575,2625,5,"Renewal case."
7977598,01335,2021-01-19,Student,80556,820,No,true,Approved,7174.08,7473,5,N/A
7979393,01219,2024-12-09,Unemployed,206530,760.0,No,0,Approved,2990.4,3115,1,"Missing bank statements."
7979677,01667,14/09/2024,Unemployed,32424,,No,1,Approved,3752.58,4811,2,"Applicant provided pay stubs."
7982426,00593,"August 17, 2020",Student,145977,N/A,No,FALSE,Pending,3556.8,4560,3,"Flagged for manual review."
7983471,00868,23/11/2022,Part-Time,74070,812,No,Yes,Pending,3329.28,3468,1,n/a
7983682,00234,12/15/2022,Retired,115977,697,No,no,Approved,2974.92,3814,3,
7984375,00916,26/06/2024,Self-Employed,20275,358,No,N,Withdrawn,1775.76,2114,3,"income verified via Plaid"
7985459,00627,01-01-2023,Part-Time,167990,761,Yes,yes,Approved,2979.24,4514,3,
7985665,01115,03/08/2023,Full-Time,94828,N/A,No,Y,Approved,2381.4,0,4,N/A
7987489,01058,11/13/2023,Self-Employed,7152,340,No,Yes,Approved,525.6,876,3,"Applicant provided pay stubs."
7991063,01581,03/29/2020,Part-Time,101157,806,Yes,Y,Denied,634.92,814,4,"docs expired"
7992320,01019,09-03-2023,FT,219545,766,No,no,Denied,2302.44,2741,3,N/A
7992579,00594,07/08/2023,PT,192321,814,No,Yes,Denied,1706.1,2585,1,"income verified via Plaid"
7995929,01350,20/05/2024,Self-Employed,93800,,No,,"Under Review",2665.2,4442,5,
7997385,01268,11/05/2020,Student,161203,788,Yes,1,Denied,5888.22,7549,4,.
7997741,00474,,Unemployed,90039,471,No,true,"Under Review",1365,1750,1,N/A
7997864,00532,11-09-2020,Contract,156092,698,No,,Approved,1062.72,1107,3,"Co-signer pending review."
7998942,00235,07-07-2022,Contract,190696,620,No,0,Denied,712.8,1188,2,
7999607,00923,,Part-Time,101312,451,No,,Pending,3050.04,3631,4,"Co-signer pending review."
7999755,00016,"September 21, 2021",Full-Time,83704,755,No,Y,Pending,2037.12,2122,5,
8001436,01752,"June 14, 2021",Full-Time,201133,679,No,Yes,Withdrawn,1694.28,2017,4,"docs expired"
8002201,01463,03/12/2022,Retired,160396,581.0,No,false,Withdrawn,2106,3510,5,"Renewal case."
8002398,00026,03-23-2024,Self-Employed,176700000,596,No,No,Approved,1000.56,1516,2,
8002404,01690,2024-12-28,Unemployed,35665,759,No,,Denied,1754.22,2249,3,n/a
8004470,01068,,Contract,109752,840,No,No,Denied,3534.3,5355,3,"docs expired"
8004659,01042,2023-04-03,Student,201463,752,No,,Approved,1403.4,2339,3,"Applicant provided pay stubs."
8005267,01035,29/04/2024,Retired,218691,799,No,true,"Under Review",3156.12,4782,5,"Applicant provided pay stubs."
8005741,00601,02-28-2022,"Self Employed",188155,646,No,Yes,"Under Review",1314.3,1685,4,"docs expired"
8007431,00206,"March 15, 2023",Student,45844,758,No,0,Approved,3452.16,3596,4,
8008505,01575,2023-06-01,Contract,46795,620,No,false,Pending,2174.64,2788,1,
8008657,01368,11/08/2020,Full-Time,45154,744,No,1,approved,2975.04,3099,4,"Applicant follow-up needed"
8008839,00333,12/02/2023,Unemployed,155010,784,No,1,Approved,1080.3,1385,3,"docs expired"
8009424,00310,2021-04-12,Student,103415,784,No,0,Approved,898.26,1361,3,"Co-signer pending review."
8009499,01086,2021-10-04,Unemployed,246052,303,No,yes,Denied,4684.8,4880,3,N/A
8009960,01650,"August 08, 2022",Retired,108047,424,Yes,No,Pending,2089.56,3166,2,n/a
8010292,00198,10-22-2022,Retired,246413,756,No,N,Denied,2467.08,3738,2,"Flagged for manual review."
8011879,01395,,Contract,203491,700,Yes,no,Approved,2294.16,3476,4,"Applicant follow-up needed"
8012053,01376,2024-12-10,Unemployed,141470,727,Yes,TRUE,Withdrawn,2353.92,0,1,n/a
8014006,01645,"November 30, 2021",Retired,258835,,Yes,yes,Approved,4764.48,4963,5,"docs expired"
8014314,01569,2023-04-06,Student,206969,617,No,No,Approved,1264.2,1505,3,"income verified via Plaid"
8015029,01539,"June 15, 2022",Contract,250148,,No,Y,Approved,8597.76,8956,4,N/A
8016587,01620,,Retired,57968,,Yes,0,Withdrawn,4689.6,4885,4,"Applicant provided pay stubs."
8017062,00630,05/27/2022,Contract,167869,728,No,Yes,Approved,1171.5,1775,4,"Referred by agent."
8017369,00081,"November 08, 2020",Part-Time,68115,705.0,No,true,Withdrawn,2487.42,3189,4,
8020127,00700,"October 08, 2022",Student,231067,625,No,false,Approved,1968.96,2344,3,"Co-signer pending review."
8020219,00245,03-06-2024,Self-Employed,26563,590,No,yes,Denied,2777.04,3306,1,
8020629,01692,01-03-2024,Part-Time,16785,840,No,No,Approved,3874.08,4612,5,"Referred by agent."
8022863,01247,28/05/2021,Self-Employed,152163,,Yes,TRUE,Pending,3829.02,4909,3,N/A
8025087,00062,08-14-2024,Full-Time,96587,N/A,No,no,Approved,3951.6,6586,1,.
8025883,00131,05-01-2022,Unemployed,154659,618,No,yes,Denied,1216.32,1267,1,n/a
8025930,01224,07/19/2023,Contract,103092,,Yes,Yes,Approved,3321.36,3954,1,.
8032813,00311,2023-05-21,Full-Time,219843,689,No,1,Approved,1809.06,2741,4,N/A
8034158,00540,"June 21, 2020",Part-Time,249784,618,No,yes,Approved,1815.06,2327,2,
8034631,00291,2023-07-18,Unemployed,52891,709,No,Yes,Denied,1345.68,1602,4,N/A
8036260,00229,05-29-2023,Unemployed,94680,,No,N,Approved,2268.48,2363,5,
8036362,01075,"May 17, 2022",Full-Time,4390,831,Yes,Yes,Approved,3417.96,4382,1,N/A
8040180,00346,"October 23, 2023",Contract,226158,,No,Y,Approved,2397.6,3996,4,n/a
8042332,00875,02-06-2021,Contract,99879,762,No,no,Denied,3600.3,5455,2,N/A
8042498,00413,,Student,9277,644,No,N,Pending,5062.2,6490,5,"Applicant provided pay stubs."
8042798,00907,02/18/2024,Contract,91357,678,No,,pending,1189.8,1983,4,"Renewal case."
8043423,00374,07-17-2021,Unemployed,168558,,Yes,Yes,Denied,1341,2235,3,
8045077,01562,,Self-Employed,176176,653,No,1,Approved,4065.6,4235,2,n/a
8045873,00349,2021-04-07,Part-Time,119802,614,No,true,Approved,1545.06,2341,3,"income verified via Plaid"
8046694,01656,2024-08-02,Part-Time,81886,609,Yes,Yes,Approved,2208.36,2629,4,"Applicant provided pay stubs."
8047725,00395,05/25/2024,Unemployed,238286,725,No,TRUE,Approved,2486.4,4144,4,"Co-signer pending review."
8047772,00387,25/08/2024,Unemployed,196494,707,No,No,Approved,2900.04,3718,2,"Renewal case."
8047821,01252,2020-08-10,Full-Time,150247,,No,1,Approved,3595.2,3745,1,
8048403,01609,,Self-Employed,300004,603,Yes,No,Denied,5521.92,5752,1,"Renewal case."
8050042,00864,01-18-2021,Retired,202319,659,No,FALSE,"Under Review",6556.68,8406,4,"Flagged for manual review."
8050842,01387,12-30-2023,Retired,197502,738,No,true,Approved,1798.44,2141,5,.
8050926,00701,12/12/2024,Full-Time,119769,714,No,true,Approved,1277.76,1331,1,"Co-signer pending review."
8053365,01560,"April 19, 2021",Retired,94572,736,No,TRUE,Approved,2870.4,3680,4,"Flagged for manual review."
8054063,00035,2023-11-19,Full-Time,124300,320,No,true,Approved,1608.6,1915,5,.
8055955,00324,04/16/2023,Student,232192,,No,TRUE,"Under Review",2076.36,3146,4,"Co-signer pending review."
8056491,00493,2023-05-18,Retired,3316,699,No,true,Denied,6987.12,8318,4,"docs expired"
8056625,00788,04-23-2021,Full-Time,121758,635.0,No,Yes,"Under Review",4475.52,5328,3,"Referred by agent."
8057924,00346,30/03/2021,Self-Employed,147200000,788,Yes,Yes,Denied,2397.6,3996,3,"Missing bank statements."
8058309,00774,11/12/2020,Student,140591,665,Yes,1,Approved,2363.4,3939,5,"Applicant provided pay stubs."
8058676,01191,,Student,142898,690,No,TRUE,"Under Review",978.12,1254,5,"Co-signer pending review."
8059222,01252,01/22/2022,Unemployed,40702,590,No,0,Approved,3595.2,3745,4,"Co-signer pending review."
8061911,00853,,Unemployed,66755,607,No,No,Pending,1930.8,3218,5,"Co-signer pending review."
8061973,01544,,Self-Employed,200907,732,No,1,Approved,3013.14,3863,3,"Flagged for manual review."
8062173,01402,"May 24, 2024",Contract,193850,N/A,Yes,true,"Under Review",544.8,908,3,"Co-signer pending review."
8062485,01169,05-16-2020,Part-Time,43300000,698,No,Yes,Denied,3058.44,3641,2,
8065262,01193,08-16-2023,Student,189378,831,No,N,Pending,3216.18,4873,4,"Referred by agent."
8066053,00132,2021-09-14,Self-Employed,235309,,Yes,FALSE,Approved,1754.88,1828,1,"Renewal case."
8066119,00653,06-14-2024,Retired,51781,645.0,Yes,true,Pending,3483.84,0,2,n/a
8066158,00985,08/18/2021,Retired,167504,,Yes,,"Under Review",1351.74,1733,3,"Renewal case."
8068686,00802,02-22-2021,Full-Time,194824,506,No,0,Denied,1691.58,2563,4,N/A
8069271,00077,2021-11-18,Retired,187162,653,No,TRUE,Denied,1342.38,1721,5,"docs expired"
8069994,00380,01-16-2021,Retired,99677,703,No,0,"Under Review",4376.4,5210,5,
8070306,00308,29/11/2020,Full-Time,117684,739,No,true,Denied,2631,4385,2,"Referred by agent."
8070725,01008,"December 21, 2021",Contract,59930,728,No,Y,"Under Review",6549.66,8397,3,"Renewal case."
8072295,00680,08/15/2022,Full-Time,163552,731,No,No,Approved,882.96,1132,4,"Missing bank statements."
8073155,01693,2020-12-19,Contract,149270,601,No,false,Approved,1084.2,1807,1,"Referred by agent."
8074769,00817,2022-07-31,Unemployed,67357,748,No,FALSE,Approved,2781.6,4636,2,"Applicant provided pay stubs."
8075000,00128,"November 24, 2021",Contract,94270,756,No,0,Approved,7369.92,7677,4,.
8075080,01428,06/22/2024,Full-Time,38892,819,No,FALSE,Approved,5074.74,7689,2,n/a
8075905,01021,09/17/2023,Unemployed,201767,686,No,Yes,Denied,1811.4,3019,5,"Flagged for manual review."
8077102,00989,12-26-2021,Full-Time,53593,725,No,TRUE,approved,1108.8,1848,2,"docs expired"
8077237,00404,07/01/2024,Self-Employed,212080,632,Yes,Y,Approved,4589.4,7649,4,"income verified via Plaid"
8077369,01478,2024-06-18,Unemployed,142024,757,No,1,Approved,624,1040,3,"Flagged for manual review."
8080062,01436,08/30/2020,Unemployed,49742,819,Yes,FALSE,Approved,4885.44,5816,5,"Renewal case."
8081283,01015,2020-05-06,Unemployed,145215,,No,0,Withdrawn,4450.68,5706,3,"Referred by agent."
8083381,01617,2022-06-17,Unemployed,105536,802,No,No,Denied,684.6,815,1,"Applicant provided pay stubs."
8083991,01749,09-28-2022,Retired,117954,636,No,Y,Withdrawn,1337.4,2229,3,
8085576,01094,03/12/2023,Retired,74443,602,No,Yes,Denied,2011.8,3353,3,"Co-signer pending review."
8086234,00418,12/03/2020,Part-Time,101077,728,No,N,Approved,3312,3450,5,n/a
8086602,01263,04/06/2023,Contract,127696,721,No,TRUE,Denied,1956.24,2964,3,
8089415,00382,2022-06-03,Part-Time,238656,690,No,yes,Approved,5112,5325,1,n/a
8089591,01525,10/05/2023,Self-Employed,217768,772,Yes,FALSE,Denied,1998.6,0,5,n/a
8089817,00784,22/08/2022,Unemployed,10642,728,No,false,Approved,2388.48,2488,4,
8091335,01626,03/09/2021,Part-Time,212803,N/A,No,true,Withdrawn,3760.68,4477,4,.
8092836,01430,12/04/2020,PT,304310,724.0,Yes,yes,Approved,1644.48,0,3,"Flagged for manual review."
8093316,00516,"October 28, 2022",Self-Employed,56555,311,No,true,"Under Review",1428,1700,3,
8098781,01717,05-29-2024,Part-Time,244694,,No,yes,Withdrawn,2509.8,4183,5,"docs expired"
8100676,01050,05/28/2024,Part-Time,142627,585,No,Yes,Approved,1318.98,1691,1,"Referred by agent."
8102777,00034,08/29/2023,Student,239929,783,No,N,Approved,859.2,1432,3,"income verified via Plaid"
8103033,00187,07-30-2024,Part-Time,217479,N/A,No,yes,approved,2444.52,3134,4,n/a
8103099,01648,"May 11, 2021",Full-Time,99700000,666,No,1,"Under Review",4192.32,4367,5,"Applicant provided pay stubs."
8104107,00920,10/02/2022,PT,153649,671,No,No,Approved,2880.36,3429,3,N/A
8107923,01629,10/05/2024,Part-Time,99354,698,No,no,Approved,1733.76,2064,3,"Applicant provided pay stubs."
8108845,01548,08-14-2021,Self-Employed,221400000,594,No,,Approved,4288.2,7147,4,"Co-signer pending review."
8109084,01538,29/11/2024,Full-Time,303717,462,Yes,TRUE,Approved,1341.6,1720,2,.
8109930,01679,"September 12, 2023",Self-Employed,230091,680,No,1,"Under Review",2660.4,4434,4,"Co-signer pending review."
8110120,00436,,Self-Employed,144529,793,No,true,Denied,2443.32,3702,1,"Applicant provided pay stubs."
8111033,01044,2021-10-30,Student,221369,642,Yes,1,denied,4785,7975,2,N/A
8112094,00062,12-09-2021,Unemployed,138901,630,Yes,N,Denied,3951.6,6586,2,.
8113462,01410,09-04-2024,Part-Time,226272,750,Yes,true,"Under Review",3389.1,4345,2,"Co-signer pending review."
8115784,01051,"November 16, 2024",Student,92931,788,No,no,Pending,1434.84,2174,3,N/A
8115922,01201,12-05-2021,Student,156296,705,No,no,Approved,3622.32,4644,2,"Applicant follow-up needed"
8116330,00798,10-14-2020,Self-Employed,307907,586,No,true,Approved,1921.08,2287,1,"Co-signer pending review."
8118183,01675,"February 05, 2024",Self-Employed,172077,721,No,Yes,Denied,1310.76,0,5,N/A
8118860,01759,03-04-2024,Part-Time,75061,,No,no,Pending,2433.48,2897,5,"Flagged for manual review."
8118904,00522,"August 22, 2024",Retired,28872,642,No,false,Approved,945.6,985,1,
8120763,01431,03/04/2024,Self-Employed,256900000,685,No,,Approved,8727.36,9091,1,"income verified via Plaid"
8121893,00001,2022-03-10,Student,100824,598,No,N,Approved,561.66,0,3,n/a
8128382,00038,23/11/2022,Unemployed,77201,711.0,No,false,Approved,4357.08,5187,2,
8130450,01254,10/13/2022,Unemployed,120158,687,No,FALSE,Denied,4593.6,4785,5,"Co-signer pending review."
8132058,00829,03-01-2024,Student,39376,614,No,1,Denied,4240.32,5048,2,
8133180,01799,"February 21, 2020",Full-Time,59549,670.0,Yes,true,Pending,9293.76,11064,2,
8133185,01481,17/02/2021,Contract,248027,781,No,No,Denied,982.74,1489,3,"income verified via Plaid"
8133760,00688,11-21-2022,Student,143258,,No,TRUE,Approved,3130.56,3261,5,
8133824,00248,18/06/2021,Part-Time,206713,,No,,Denied,853.44,1016,4,N/A
8134462,01110,07-23-2021,Contract,72345,674,No,true,Approved,1746.36,2079,1,"Applicant provided pay stubs."
8134773,00602,2023-02-11,Part-Time,97961,,No,1,Approved,2964.48,3088,5,"Flagged for manual review."
8136130,00330,2024-07-06,Student,72565,637,No,yes,Denied,1170,1950,5,
8136133,00400,"September 05, 2022",Part-Time,33327,686.0,No,,Pending,3530.4,5884,2,"Renewal case."
8137731,01229,04-11-2023,Retired,167256,649,No,Yes,Approved,7938,9450,1,n/a
8137811,00073,07/02/2021,Unemployed,261028,800,No,1,Denied,3187.08,4086,4,
8139461,00738,07/02/2023,Retired,220300,787,Yes,false,Denied,3971.52,4137,4,"docs expired"
8139536,01079,17/07/2020,Full-Time,161829,721,No,false,Denied,1784.4,2974,5,n/a
8141384,00617,2023-01-08,Unemployed,146810,746,No,false,Denied,2549.04,3268,3,
8142026,00488,"February 17, 2023",Unemployed,270973,759,No,no,Pending,1739.4,2899,5,n/a
8142484,00497,11/30/2024,Full-Time,107600000,571,No,TRUE,Denied,2639.52,3384,1,"Missing bank statements."
8143275,00310,2023-01-24,Part-Time,122463,763,No,FALSE,Approved,816.6,1361,1,
8143400,01631,07-24-2022,Full-Time,190365,,No,Yes,"Under Review",3906.24,4069,2,"Missing bank statements."
8144041,00626,"November 25, 2020",Part-Time,187314,790,No,yes,Withdrawn,1194.6,1991,3,"income verified via Plaid"
8144433,01026,07-25-2022,Self-Employed,225532,701,No,FALSE,Denied,5034.12,5993,5,N/A
8145033,00208,06/20/2022,Contract,154468,,No,N,Approved,562.98,853,5,
8145901,01419,2023-03-06,Retired,23448,711,No,Y,Approved,3387.84,3529,5,
8148935,00254,"May 12, 2020",Self-Employed,133969,593,No,no,Approved,1197.9,1815,5,"Co-signer pending review."
8149008,00434,05/11/2024,Student,135367,690,No,0,Pending,2205,3675,2,N/A
8149519,00627,"January 30, 2020",Contract,157851,810,No,FALSE,Denied,4333.44,4514,2,
8151900,00449,08-07-2022,Unemployed,225564,783,No,No,Approved,1747.98,0,5,"Applicant provided pay stubs."
8153284,00951,2020-06-28,Self-Employed,66312,799,No,yes,Approved,2072.28,0,1,"Applicant follow-up needed"
8153570,00811,04/05/2022,Part-Time,245093,805,Yes,no,"Under Review",1850.88,1928,4,"Applicant follow-up needed"
8154692,00939,02-22-2022,Unemployed,68497,674,No,false,Withdrawn,2304.96,2401,5,"income verified via Plaid"
8157239,00659,21/03/2021,Retired,15297,660,Yes,,Approved,6055.68,6308,5,"Renewal case."
8160345,01054,05/17/2023,Full-Time,49800000,713,No,FALSE,Approved,1787.52,2128,2,"Renewal case."
8160394,00477,07-05-2022,Part-Time,93097,785,No,false,Denied,971.04,1156,3,"docs expired"
8161574,00007,2023-02-04,Part-Time,199767,683,No,yes,Denied,2482.56,2586,1,N/A
8166107,00828,2022-10-30,Retired,248799,777,No,true,Pending,1668.42,2139,4,.
8166807,01527,01/14/2024,Full-Time,207452,524,No,FALSE,Approved,715.2,1192,3,
8169694,00358,"February 21, 2024",Unemployed,126975,750,No,1,Approved,1277.76,0,3,"Renewal case."
8169707,01560,15/10/2020,Self-Employed,100744,,No,1,Approved,2428.8,3680,4,
8170327,01058,09-14-2024,Full-Time,6736,709,No,no,Pending,840.96,876,3,N/A
8173033,00332,23/08/2023,Part-Time,34180,604,No,No,Approved,1380.6,2301,5,
8173267,00574,19/11/2024,Student,204430,680,No,1,Denied,6584.64,6859,5,n/a
8173453,01767,03/28/2024,Full-Time,19250,659,No,,Approved,3141.06,4027,3,"Applicant provided pay stubs."
8174376,01168,09-06-2022,Full-Time,89916,781,No,yes,Denied,2865,4775,2,"Missing bank statements."
8175839,00917,2022-07-02,Unemployed,112838,773,Yes,No,Approved,1093.62,1657,5,"Renewal case."
8178771,01686,"July 23, 2024",Full-Time,178844,,No,yes,Approved,2746.26,4161,5,"Applicant provided pay stubs."
8179629,00594,2023-08-31,Contract,212483,635,No,no,Approved,2282.28,2717,3,N/A
8179648,00751,12/31/2023,Student,148766,699,Yes,true,Denied,1781.64,2121,1,"Applicant follow-up needed"
8180430,00609,11-10-2022,Student,168209,755,No,Y,Approved,3411,5685,4,"Referred by agent."
8180770,01342,11-13-2021,Unemployed,202008,,No,N,Denied,2673.6,4456,4,"Co-signer pending review."
8181626,01178,"December 31, 2020",Contract,189006,735,Yes,yes,Approved,1777.38,2693,3,"Referred by agent."
8182400,00788,06/04/2023,Self-Employed,40877,652,Yes,Y,"Under Review",4475.52,5328,1,"Co-signer pending review."
8182452,00146,01/15/2023,Unemployed,178582,441,Yes,FALSE,Approved,1463.22,2217,2,"Applicant provided pay stubs."
8183241,01581,05-11-2022,Retired,95155,760,No,true,approved,634.92,814,5,"docs expired"
8184497,00202,11-04-2023,Unemployed,117221,841,No,,"Under Review",6024.72,7724,5,"Flagged for manual review."
8188079,01251,20/02/2023,Contract,173838,742,No,,Approved,5052.48,5263,2,n/a
8188706,00547,"September 17, 2024",Full-Time,100677,771,No,1,Denied,3318.9,4255,3,"Missing bank statements."
8189249,01644,05/01/2021,Student,234181,373,No,false,Approved,1850.94,2373,5,N/A
8189576,00040,12/18/2023,Contract,18668,692,No,no,Approved,8672.04,11118,1,.
8189919,00319,04/10/2020,Retired,6968,614,No,false,Approved,1697.4,0,4,"Co-signer pending review."
8192743,00625,2022-02-13,Retired,223333,304,Yes,N,Pending,2017.86,2587,4,
8193167,00260,10/05/2024,Retired,102694,N/A,No,FALSE,Approved,2258.4,3764,4,"Missing bank statements."
8193336,01339,02-13-2023,Full-Time,37677,768,No,true,Approved,1011.36,1204,3,
8194168,00145,06-05-2020,Student,25705,N/A,No,FALSE,Denied,572.88,868,3,"docs expired"
8197528,01015,"December 30, 2020",Student,315949,682,No,true,"Under Review",3423.6,5706,5,"Renewal case."
8198127,00146,09/02/2022,Self-Employed,11126,671,No,Yes,Approved,1330.2,2217,5,"income verified via Plaid"
8198826,01148,03/02/2021,Self-Employed,167120,706,No,yes,Denied,2029.44,2114,2,n/a
8199447,00483,02-14-2020,Part-Time,183610,670,No,0,Approved,1528.32,1592,1,"Flagged for manual review."
8200459,01214,04/01/2020,Self-Employed,59052,771,Yes,Yes,Denied,812.16,846,2,n/a
8200927,00292,09-10-2022,Self-Employed,192786,639,No,Y,Approved,805.56,959,1,"Applicant provided pay stubs."
8201142,00773,10/03/2020,Part-Time,108273,678,No,yes,Approved,3290.28,0,1,"Missing bank statements."
8201303,00255,2023-07-26,Self-Employed,209920,724,Yes,false,Denied,3070.2,3655,3,"Renewal case."
8201341,01066,05-04-2024,Self-Employed,244772,769,No,true,Approved,1303.8,2173,3,"Flagged for manual review."
8203294,00778,08-28-2021,Contract,116902,727.0,No,Y,Approved,1759.8,2095,2,N/A
8203886,01623,03/28/2021,Full-Time,177031,812,No,TRUE,Denied,2559,4265,4,"Co-signer pending review."
8204199,01508,"July 08, 2021",Full-Time,260131,N/A,No,,denied,5585.58,8463,2,.
8205963,00842,10-21-2020,Contract,89905,710,No,TRUE,Pending,986.88,1028,5,"Flagged for manual review."
8206239,00415,26/12/2023,Student,142477,698,No,0,Approved,854.28,1017,5,
8207276,01061,29/08/2024,Unemployed,95500000,486,Yes,,Approved,2879.52,3428,2,"Renewal case."
8207490,01136,17/01/2023,Self-Employed,23272,709,Yes,,Approved,2754.18,4173,2,"Flagged for manual review."
8209244,01361,2023-02-07,Unemployed,134852,,No,true,Denied,1203.84,1824,2,"Renewal case."
8210366,00906,2020-05-08,Self-Employed,92238,758.0,No,Y,Withdrawn,5464.32,5692,4,n/a
8210456,00765,"September 07, 2024",Contract,104185,827,No,1,Denied,3472.92,5262,1,n/a
8213573,00472,,Unemployed,121316,763,No,,Approved,975.6,0,2,"docs expired"
8217320,00961,12-17-2024,Unemployed,225134,731,No,yes,Approved,1399.44,1666,3,
8218114,00313,24/07/2020,Full-Time,223304,772,No,No,Pending,2189.88,2607,4,.
8218140,00088,2022-10-13,Full-Time,121442,840,No,No,Approved,1528.8,1960,4,.
8218364,01134,04-16-2023,Contract,6382,600,Yes,Y,Approved,3623.04,3774,3,n/a
8218541,00731,2022-05-14,Unemployed,85751,532,No,TRUE,Withdrawn,1589.28,1892,1,"Applicant follow-up needed"
8219153,01199,08/12/2021,Unemployed,131989,750,No,0,Denied,3737.28,3893,4,"Missing bank statements."
8219928,01787,2021-05-21,Retired,56445,764,No,TRUE,Approved,2220.24,3364,4,"Applicant provided pay stubs."
8223054,00420,2020-09-11,Full-Time,149423,536,No,0,Denied,3732.96,5656,5,
8223358,00494,08-04-2024,Part-Time,197112,707,No,false,Denied,3936.9,5965,3,N/A
8226646,01608,"August 16, 2023",Retired,69811,684,No,Y,Denied,1725,2875,1,N/A
8226769,00045,09-09-2021,Retired,59707,,No,TRUE,Denied,2571.24,3061,3,"Referred by agent."
8227960,00465,2022-09-02,Student,146907,,Yes,yes,Denied,1817.28,1893,1,"docs expired"
8228271,01182,"July 20, 2022",Self-Employed,195568,778,No,Yes,Approved,4110.96,4894,3,
8230862,00871,05-16-2022,Student,43167,799,No,TRUE,Withdrawn,4035.84,4204,3,
8231193,00793,06/09/2023,Unemployed,206661,N/A,No,,Approved,7218.9,9255,5,"Renewal case."
8232128,00810,,Contract,318935,792,No,true,Approved,4016.4,6694,3,n/a
8232437,01334,"September 22, 2021",Student,33094,728,No,Yes,Approved,7081.8,11803,4,"Applicant provided pay stubs."
8232580,01412,2023-07-28,Student,25245,613,No,0,Approved,1327.2,1580,3,N/A
8233693,00109,12-16-2021,Unemployed,37330,N/A,No,Yes,Approved,1076.4,1794,3,
8233814,01346,14/09/2022,Part-Time,133117,701,Yes,FALSE,Approved,2551.38,3271,4,"Applicant follow-up needed"
8236481,00110,"June 24, 2023",Part-Time,181721,735,No,no,"Under Review",1946.34,2949,4,"income verified via Plaid"
8236497,01568,12-10-2021,Contract,227616,773,No,FALSE,Denied,4254.12,5454,2,"Renewal case."
8237527,01044,2021-11-25,Unemployed,201632,624,No,yes,Pending,7656,7975,1,"Renewal case."
8237670,00970,2020-05-29,Student,242736,518.0,No,FALSE,Approved,1807.08,0,4,"income verified via Plaid"
8238644,01420,02-16-2024,Retired,230270,837,No,1,approved,3833.76,4564,2,"Applicant provided pay stubs."
8239347,00220,05/31/2023,Contract,79990,,No,TRUE,Approved,1270.8,2118,3,"Renewal case."
8242279,01754,03/06/2024,Unemployed,226278,638,Yes,No,"Under Review",4596.48,4788,5,"income verified via Plaid"
8242866,00006,05/06/2022,Unemployed,178301,706,No,N,Denied,2282.28,3458,2,N/A
8243321,00583,2023-02-18,Retired,104019,768,No,N,Approved,2106.6,3511,1,"Renewal case."
8244025,01061,06-29-2020,Unemployed,124958,791,Yes,true,Approved,2056.8,3428,2,"Renewal case."
8247097,01559,2023-01-12,Contract,57887,682,No,FALSE,Pending,1264.38,1621,3,N/A
8247467,00651,10-11-2020,Student,33451,716,No,,Approved,3226.08,4888,4,
8247986,00720,12-03-2021,Retired,72275,840,No,no,Denied,3959.34,5999,4,"Co-signer pending review."
8248586,01517,2023-02-01,Full-Time,174299,837,No,yes,Denied,1902.72,1982,5,n/a
8249109,00914,2023-08-13,Retired,24885,808,No,yes,Approved,3882.84,4978,3,N/A
8249688,01015,12/06/2023,Self-Employed,166329,,Yes,1,Withdrawn,3765.96,5706,1,"Applicant follow-up needed"
8250808,00427,"August 17, 2020",Self-Employed,52122,346.0,No,FALSE,Approved,1603.2,1670,4,"Applicant follow-up needed"
8253694,01422,12-06-2023,Student,236452,828,No,,Denied,1360.2,2267,4,"Referred by agent."
8255551,00665,"July 02, 2023",Full-Time,27511,829,No,,denied,2449.2,4082,5,"Applicant follow-up needed"
8256255,00229,11/12/2020,Contract,181371,781,No,Y,Pending,2268.48,2363,1,"Co-signer pending review."
8256707,01114,"August 24, 2023",Unemployed,39914,718,Yes,Y,Approved,2419.56,3102,4,.
8259056,00825,05-10-2022,FT,76016,708,No,yes,Approved,1657.5,2125,3,"Renewal case."
8259465,01124,12-05-2021,Unemployed,237239,,No,No,Approved,3227.28,3842,1,"Renewal case."
8260471,00591,23/12/2023,Self-Employed,26633,,No,Yes,Approved,2314.8,3858,3,.
8260709,01251,08-28-2020,Retired,49842,,Yes,No,Denied,4105.14,5263,4,"income verified via Plaid"
8262226,01431,10-13-2021,Unemployed,216758,630,No,no,Approved,6000.06,9091,3,N/A
8263522,00596,2024-01-23,"Self Employed",98703,586,No,N,Approved,3513.6,3660,3,.
8265597,01061,,Retired,31810,590,No,true,"Under Review",2879.52,3428,3,"Applicant follow-up needed"
8267923,00649,23/08/2024,Part-Time,149410,723,No,no,Denied,2212.56,2634,5,"Co-signer pending review."
8267980,00268,,Full-Time,2452,664,No,true,Denied,4243.2,7072,4,"Applicant follow-up needed"
8269311,00841,12/05/2020,Student,30777,689,No,No,Approved,2335.32,2994,1,
8270543,00060,09-11-2023,Retired,201621,,No,N,"Under Review",906.36,1162,2,"Missing bank statements."
8272469,01277,2024-10-23,Contract,31549,731,No,Yes,Denied,1205.88,1546,3,"Missing bank statements."
8273802,01015,04/13/2024,Part-Time,123692,678,No,yes,Denied,4450.68,5706,3,"income verified via Plaid"
8273948,00380,,Unemployed,230158,,No,Yes,Denied,4376.4,5210,1,
8275292,00163,02/10/2023,Unemployed,119861,727,No,No,Approved,4807.68,5008,1,.
8277080,00014,07/13/2021,Contract,125542,,No,,Approved,1430.22,2167,5,
8277749,00424,03-05-2023,Student,50170,,Yes,,Pending,826.2,1377,4,"Renewal case."
8277777,00799,10/08/2023,Unemployed,39087,739,Yes,1,Approved,2440.32,2542,3,.
8279804,01298,06-08-2021,Student,76681,731,No,1,Approved,804,1340,1,"Renewal case."
8280691,01004,11/01/2020,Student,39202,811,No,Yes,Approved,5247.36,5466,2,
8281534,00827,2021-02-27,Contract,169588,732,No,N,Approved,4120.32,4292,1,n/a
8282090,01288,03-29-2022,Self-Employed,163271,335.0,No,false,Denied,1578.6,2631,3,"Referred by agent."
8283923,00295,"March 07, 2023",Unemployed,82422,850,No,1,Denied,4067.7,5215,5,
8284946,01383,04/22/2020,Student,53306,747,No,Yes,Approved,1834.8,3058,2,"Missing bank statements."
8288027,00085,"May 17, 2021",Contract,4986,764.0,No,FALSE,Denied,1209,1550,2,"docs expired"
8288182,00675,"April 23, 2021",Contract,71998,754,Yes,FALSE,Denied,3614.4,3765,2,.
8288249,01394,2020-05-29,Self-Employed,92034,324,No,no,Approved,1058.64,1604,3,
8288676,01212,18/08/2023,Full-Time,44029,649,No,FALSE,Withdrawn,952.38,1443,2,"Applicant provided pay stubs."
8289636,01089,02/28/2022,Self-Employed,30046,698,Yes,Y,Approved,2103.36,0,3,n/a
8289660,00533,2020-12-01,Student,153918,,No,N,Pending,1836.6,3061,1,"Applicant follow-up needed"
8290276,00839,2021-08-09,Part-Time,105411,779,No,TRUE,Approved,2830.74,4289,4,N/A
8291503,01665,,Contract,265031,815,No,Y,Approved,4348.8,4530,5,.
8292837,00034,2023-12-18,Part-Time,83183,621,No,N,Pending,1374.72,1432,4,"Applicant provided pay stubs."
8298498,01055,07/05/2023,Unemployed,178254,636,Yes,no,Approved,4598.1,5895,4,.
8299371,01477,02/01/2022,Full-Time,89575,746,No,1,"Under Review",3955.2,4120,4,
8299903,00731,01-07-2023,Full-Time,147728,N/A,Yes,false,Approved,1248.72,1892,4,"Referred by agent."
8303886,00244,07/06/2021,Part-Time,66729,721,No,FALSE,Denied,1104,1840,4,"Referred by agent."
8308511,00939,08/02/2020,Unemployed,154259,302,No,no,Approved,2304.96,2401,4,N/A
8308602,01747,2023-06-15,Unemployed,113300000,676,Yes,Y,Withdrawn,3888.72,5892,5,N/A
8311589,01569,2022-02-09,Part-Time,139335,708,No,N,Pending,1264.2,1505,5,"Missing bank statements."
8314021,00821,03/03/2022,Self-Employed,213601,789,No,Yes,Withdrawn,2424,2525,3,"Applicant follow-up needed"
8316392,00291,11-10-2020,Full-Time,244286,707,No,TRUE,Approved,1537.92,1602,3,"Missing bank statements."
8316470,00784,"October 18, 2020",Part-Time,64337,586,No,TRUE,Denied,2089.92,2488,5,
8316489,01595,"February 24, 2023",Full-Time,235225,696,No,1,Denied,2480.64,2584,2,.
8317230,00964,20/02/2022,Full-Time,315014,764,No,FALSE,Pending,2556,4260,1,"Applicant follow-up needed"
8317668,00697,01-24-2022,Student,66557,467,Yes,Yes,Denied,1949.4,3249,1,"Co-signer pending review."
8318347,01189,11/26/2023,"Self Employed",236664,782,No,no,"Under Review",3594.36,4279,5,"income verified via Plaid"
8318832,01248,06-04-2022,Student,85196,603,Yes,FALSE,Approved,8044.8,8380,2,"Missing bank statements."
8325913,01193,2023-04-12,Self-Employed,87949,371,No,no,Approved,4678.08,4873,4,
8325986,00983,"October 21, 2020",Self-Employed,20264,729,No,yes,Approved,6537.72,7783,3,N/A
8326180,01272,2021-02-12,Self-Employed,76940,,No,false,Denied,2762.88,2878,1,"Referred by agent."
8327161,00682,12-13-2021,Part-Time,222468,658,No,yes,Approved,5364.84,6878,2,"Renewal case."
8328261,00089,,Full-Time,106707,,Yes,,Approved,3073.92,3202,3,N/A
8331960,00031,2022-07-21,Part-Time,61960,697,No,FALSE,Denied,2149.2,3582,2,"Co-signer pending review."
8333869,01551,01/16/2020,Student,28051,801,No,TRUE,Approved,3148.32,3748,2,n/a
8334466,00813,10/16/2024,Retired,41225,381,Yes,No,Denied,2227.2,0,2,"Renewal case."
8334709,01240,"October 09, 2020",Student,216221,715,No,Yes,Pending,3936.66,5047,5,"Missing bank statements."
8335561,00238,2022-06-13,Self-Employed,164937,777,Yes,0,Approved,9830.34,0,4,"Flagged for manual review."
8336378,01469,21/08/2022,Self-Employed,97314,685,No,no,Denied,2145.78,2751,2,"Flagged for manual review."
8339053,01166,,Full-Time,94013,626,No,FALSE,Approved,1502.28,1926,5,.
8339638,01286,,Student,28620,795,No,yes,Denied,1890.84,2251,3,
8340529,00436,30/04/2021,Part-Time,163233,314,No,yes,Approved,3553.92,3702,5,"Flagged for manual review."
8340759,01373,12-27-2020,Unemployed,124682,717,No,N,Denied,712.92,914,4,"Applicant follow-up needed"
8342837,01763,07/25/2023,Contract,177987,771,No,1,Pending,3847.14,5829,4,
8343297,01042,"May 12, 2023",Contract,240543,491,No,1,Denied,1824.42,2339,5,"Flagged for manual review."
8343412,01457,08/02/2023,Full-Time,27103,749,No,true,Withdrawn,6823.32,8123,5,"Applicant follow-up needed"
8347191,00157,2023-09-21,Contract,245971,607,No,0,Denied,10625.28,11068,4,
8348625,01383,10-14-2021,Student,103510,706,Yes,No,denied,2568.72,3058,1,"docs expired"
8350222,00138,03-17-2024,Full-Time,94248,765,No,yes,Approved,2119.68,2208,4,N/A
8350253,01479,2020-01-03,Self-Employed,148684,787,No,FALSE,Approved,1528.8,1960,2,
8350588,01635,08/19/2020,Self-Employed,23610,639,No,TRUE,Approved,2803.8,4673,3,"docs expired"
8351588,01542,10/03/2022,Full-Time,106510,763,No,Y,Withdrawn,699.72,0,2,"income verified via Plaid"
8352077,01564,01-22-2023,Student,88712,N/A,Yes,N,Approved,2233.2,3722,5,"Co-signer pending review."
8358672,00095,01/07/2022,Unemployed,174345,720,Yes,,"Under Review",3456.6,5761,1,"income verified via Plaid"
8361358,01025,"May 18, 2020",Full-Time,185563,667,Yes,Y,Approved,2778,4630,3,"Renewal case."
8361835,01258,05/31/2020,Contract,268997,,No,1,"Under Review",1644.48,1713,4,.
8362322,01335,01/13/2022,Contract,151400000,830,No,No,Approved,4932.18,7473,5,
8363944,00816,16/12/2023,Unemployed,134881,712,No,yes,Approved,1313.52,1684,5,"Flagged for manual review."
8366712,00759,11-12-2021,Self-Employed,222358,739,No,false,Approved,5188.26,7861,2,N/A
8366735,00520,"September 16, 2020",Full-Time,170141,435,No,Y,Pending,3752.58,4811,1,.
8369428,01732,11/19/2021,Self-Employed,289226,738.0,No,false,Pending,1106.82,1677,1,"docs expired"
8372871,00390,01/02/2024,PT,47927,768.0,No,true,"Under Review",975.36,1016,4,N/A
8373135,00724,"February 11, 2020",Unemployed,36831,384,No,FALSE,Approved,1803.12,2732,4,.
8374229,01036,,Full-Time,101706,769,No,N,Approved,2556.06,3277,2,"Renewal case."
8376540,00683,2021-06-09,"Self Employed",112499,719.0,No,Y,withdrawn,2144.22,2749,1,"Renewal case."
8376661,01738,08/23/2022,Full-Time,245226,,No,Yes,Approved,1649.7,2115,4,
8381892,00870,15/09/2022,Unemployed,178708,,No,,Denied,1198.2,1997,2,
8382500,00378,05-16-2023,Retired,155862,717,No,FALSE,Pending,1255.98,1903,4,
8384981,01524,"March 26, 2023",Full-Time,157170,799,No,N,Approved,2352,2800,1,
8387500,00564,02-14-2020,Unemployed,91763,844,No,Yes,Approved,3112.8,5188,5,
8387905,00936,2024-01-03,Contract,196395,634,No,No,Approved,5255.04,6256,1,"Co-signer pending review."
8388274,00001,01/02/2023,Retired,158011,452,No,true,Approved,816.96,851,5,"Applicant provided pay stubs."
8388678,01572,12/12/2022,Part-Time,281645,,No,No,Withdrawn,4046.4,6744,1,"income verified via Plaid"
8390922,00801,04-14-2023,Retired,277226,648,Yes,TRUE,Pending,3960.06,5077,1,.
8391340,00735,05/12/2021,Part-Time,61614,683,No,TRUE,Denied,2759.04,2874,5,.
8391347,01591,,Retired,156190,775,No,,Withdrawn,6994.56,7286,3,
8391680,00147,03/24/2023,Part-Time,183973,831,No,yes,Withdrawn,3304.32,3442,3,"Flagged for manual review."
8394257,01053,11/27/2021,Contract,182857,790,No,Yes,Denied,1804.44,2734,3,"Applicant provided pay stubs."
8394500,01061,10-02-2024,Contract,13594,717,Yes,true,Denied,2262.48,3428,1,"Applicant provided pay stubs."
8395667,00576,03/16/2024,Part-Time,212815,759,Yes,TRUE,"Under Review",1387.68,1652,2,"Renewal case."
8399564,00134,08/01/2020,Self-Employed,153621,818,No,Y,"Under Review",3547.2,3695,4,
8400210,01432,01/25/2021,Contract,120406,787,No,Yes,Denied,5827.2,6070,1,"Referred by agent."
8400284,01100,08-14-2023,Student,214671,491,No,FALSE,Denied,2586.48,3316,5,"Flagged for manual review."
8401984,00752,,Student,233115,771,No,yes,Pending,3303.36,3441,1,
8402049,01652,"May 18, 2021",Retired,119444,774,No,1,Approved,1491.84,1554,4,"Applicant follow-up needed"
8402174,01671,05/23/2020,Full-Time,25038,715,Yes,Yes,Pending,2344.8,3908,3,
8402604,01056,07/04/2024,Self-Employed,177908,707,No,yes,Approved,965.16,1149,4,
8403126,00405,2022-12-09,Self-Employed,35256,677,No,yes,Approved,1410.42,0,5,"docs expired"
8403129,00611,20/11/2021,Retired,132120,N/A,No,Yes,Denied,3451.56,4109,4,"Co-signer pending review."
8403592,00070,01-04-2024,Student,83358,843,No,TRUE,Approved,1469.76,1531,4,"income verified via Plaid"
8403621,01373,10-18-2021,Self-Employed,124880,,Yes,yes,Approved,767.76,914,1,"Co-signer pending review."
8403937,01247,08/05/2023,Contract,172670,605.0,No,false,Pending,3239.94,4909,1,n/a
8404340,01520,08/02/2021,Retired,261506,685,No,true,Pending,2190.72,2608,5,"Co-signer pending review."
8404576,00897,19/06/2024,Part-Time,167968,617,No,1,Denied,1322.88,1378,5,"Co-signer pending review."
8406116,01222,12/12/2022,Full-Time,1923,420,No,TRUE,Pending,2532.66,3247,4,.
8408222,00987,,"Self Employed",150801,602,Yes,yes,Pending,3391.8,5653,3,
8408682,01465,2023-10-08,Retired,89203,673,No,false,Approved,2572.8,2680,5,"Co-signer pending review."
8410429,00463,"November 08, 2024",Full-Time,79864,,No,,Approved,2160,3600,4,"Applicant provided pay stubs."
8411981,00831,"August 13, 2022",Unemployed,144586,817,Yes,FALSE,Approved,1471.8,2230,5,"Renewal case."
8414169,01713,10-27-2022,FT,111530,679,Yes,no,"Under Review",5485.92,8312,5,"Renewal case."
8415517,00452,22/04/2024,Contract,27459,692,No,0,Denied,4294.08,4473,5,
8415839,00271,"December 11, 2023",Full-Time,239374,637,No,TRUE,Denied,7805.76,8131,5,"Referred by agent."
8417350,00537,06/01/2021,Self-Employed,45917,750,No,N,Approved,3531.06,4527,1,"Renewal case."
8417563,01403,05/04/2022,Unemployed,202326,638,No,true,Approved,2130.24,2536,1,"Renewal case."
8418533,00104,08-28-2024,Part-Time,96166,311,Yes,0,Denied,3096,3225,3,n/a
8418755,01240,07/01/2024,Part-Time,234278,715,No,,Denied,3331.02,5047,2,"Applicant follow-up needed"
8419971,00756,08/19/2020,Student,31463,748,Yes,false,Approved,1314.24,1369,3,"Flagged for manual review."
8422955,01228,06-09-2022,Unemployed,43136,741,No,TRUE,Pending,739.2,1120,1,.
8426849,00183,03-10-2021,Student,46905,439,No,false,Approved,7383.36,7691,2,"Applicant provided pay stubs."
8428145,00922,09-25-2024,Retired,297203,668,No,Y,Pending,997.62,1279,3,"Applicant follow-up needed"
8428177,01254,09/08/2022,Part-Time,227320,766,No,0,Withdrawn,4593.6,4785,3,
8428326,01385,2020-06-24,Retired,233712,759,No,Yes,Approved,865.2,1442,2,"Referred by agent."
8428694,00399,26/03/2020,Contract,18816,673,No,1,Approved,1786.68,2127,3,
8429718,00344,17/08/2021,Retired,137512,714,Yes,Yes,Approved,4010.16,4774,4,"income verified via Plaid"
8429865,00162,,Contract,130542,671,No,No,Approved,784.74,0,2,"Applicant follow-up needed"
8429985,01322,09/22/2021,Self-Employed,2939,753,No,false,Withdrawn,2881.32,3694,5,n/a
8430522,01522,23/11/2021,Part-Time,223422,616,No,Yes,Approved,3714.24,3869,4,n/a
8430811,01572,08/12/2021,Self-Employed,47759,800,Yes,no,Denied,4451.04,6744,2,N/A
8431038,00229,"May 12, 2021",Full-Time,30086,831,No,Yes,Approved,2268.48,2363,1,"docs expired"
8431110,00875,2022-03-23,Part-Time,148672,802,No,FALSE,Approved,4254.9,5455,3,n/a
8432989,01587,,Unemployed,135787,714,No,no,Approved,3171.84,3776,3,"Applicant provided pay stubs."
8433089,00252,12-19-2023,Student,179860,714,No,Y,"Under Review",1584,1650,2,
8433288,01624,2023-11-19,Contract,218565,716,No,Y,Denied,3898.56,0,2,"Flagged for manual review."
8433525,00256,06/03/2022,Part-Time,228280,522,No,false,Approved,2154.24,2244,3,
8434396,01283,28/05/2023,Full-Time,54024,687,No,,Denied,7001.94,10609,2,"Applicant follow-up needed"
8438036,01541,04-22-2024,Part-Time,238911,547.0,Yes,FALSE,Approved,3978,6630,5,
8441869,01635,2021-04-03,Full-Time,222170,801,No,Y,Approved,3084.18,4673,3,"Applicant follow-up needed"
8442407,01517,10/30/2020,Contract,193988,,Yes,yes,Pending,1664.88,1982,3,"Missing bank statements."
8442682,00380,28/10/2022,Contract,45130,719,Yes,true,Approved,4376.4,5210,5,
8442940,01189,18/03/2024,Full-Time,65104,N/A,Yes,No,Approved,3337.62,4279,2,"Renewal case."
8447580,01248,12/21/2020,Retired,109520,745,No,true,Approved,5530.8,8380,1,"Applicant follow-up needed"
8448752,01619,2021-10-28,Part-Time,94069,638,No,Y,Approved,1839.36,1916,5,
8449476,01589,2022-03-11,Unemployed,246868,598,No,yes,"Under Review",1892.88,2868,3,"Referred by agent."
8452308,00522,17/05/2024,Self-Employed,72091,849,No,N,Approved,591,985,4,"Missing bank statements."
8453241,00216,12-24-2021,Self-Employed,100258,737,Yes,0,"Under Review",1417.08,1687,1,"Renewal case."
8454527,00948,08/08/2023,Retired,185900000,,No,No,Approved,3546.18,5373,5,"Flagged for manual review."
8457331,00907,07-18-2020,Part-Time,157034,672,No,Y,"Under Review",1308.78,1983,5,"Missing bank statements."
8458516,01568,12/24/2022,Unemployed,208617,626,Yes,TRUE,Approved,3599.64,5454,1,
8460878,00980,03/09/2022,Part-Time,206650,674,No,no,Withdrawn,1291.68,1656,1,"Co-signer pending review."
8462456,00709,01-23-2021,Unemployed,87472,672,No,yes,Denied,1470.3,1885,5,"Applicant provided pay stubs."
8463842,01724,"May 13, 2020",Retired,53238,419,Yes,no,Denied,568.26,861,2,"Applicant provided pay stubs."
8464410,00738,09-27-2020,Full-Time,237817,783,Yes,No,"Under Review",2482.2,4137,4,N/A
8465029,00027,"November 14, 2020",Student,162575,791,No,Yes,Denied,925.2,1542,2,"Missing bank statements."
8466204,00786,01-22-2020,Contract,184429,700,No,0,Approved,1992.48,2372,4,"Flagged for manual review."
8468337,01501,2021-04-20,Contract,67097,794,No,0,Denied,751.2,1252,2,"Renewal case."
8468549,00346,11/05/2024,Full-Time,203263,654,No,,Approved,3116.88,3996,5,"docs expired"
8468594,00376,29/09/2021,Full-Time,145507,738,No,no,Denied,1750.8,2918,3,"Co-signer pending review."
8468693,01372,10-21-2023,Unemployed,60494,690,Yes,FALSE,Withdrawn,537.24,814,1,"Co-signer pending review."
8469955,00909,01/06/2020,Part-Time,161153,693,No,1,Approved,1181.76,1231,2,"Applicant follow-up needed"
8472314,00163,06/06/2023,Student,34559,768,No,TRUE,Pending,3004.8,5008,5,"income verified via Plaid"
8472432,01407,"June 24, 2020",Part-Time,104320,737.0,No,Y,"Under Review",2155.14,2763,5,n/a
8473216,01507,10/27/2021,Full-Time,10072,759,No,0,Approved,2319.72,2974,4,n/a
8474463,01769,"August 31, 2022",Unemployed,22841,531,No,Yes,Approved,5800.86,7437,1,
8476097,00099,02/21/2021,Retired,203864,,No,no,Denied,3066.24,3194,1,"Applicant follow-up needed"
8478502,00353,2021-06-28,Unemployed,172788,539,No,1,Approved,2350.08,2448,4,"docs expired"
8479105,01708,22/05/2024,Retired,154680,807,No,FALSE,Pending,1855.8,3093,3,"Renewal case."
8480163,00578,2022-01-29,Contract,119650,585,No,No,Pending,2513.94,3809,2,"Renewal case."
8480719,01448,23/09/2021,Contract,57314,613,No,TRUE,Approved,2422.56,2884,2,"Renewal case."
8480807,01521,"August 02, 2023","Self Employed",109145,332,Yes,Yes,Pending,2365.2,3942,2,"Applicant provided pay stubs."
8481871,00197,05-11-2023,Contract,140075,773,No,no,Pending,3750.78,5683,1,
8481893,00649,2020-05-27,"Self Employed",99577,789,No,No,Pending,2212.56,2634,2,"Missing bank statements."
8484121,01336,,Unemployed,214665,645,No,No,Denied,2306.04,3494,2,"docs expired"
8484450,01726,05/19/2021,Full-Time,39040,664,No,true,Approved,2356.2,3570,1,"Referred by agent."
8485888,00039,"March 10, 2024",Contract,18514,674,No,true,Withdrawn,2772.84,0,5,"Referred by agent."
8486598,00533,06/05/2020,Student,246355,,No,No,Approved,2571.24,3061,2,"Referred by agent."
8487440,00344,20/09/2024,Part-Time,190791,761,Yes,1,Denied,4583.04,4774,4,
8488847,01637,2021-10-04,Self-Employed,28883,655,Yes,yes,Approved,2810.4,4684,2,"Renewal case."
8490961,01071,"August 24, 2022",PT,112916,714,Yes,TRUE,Pending,2677.74,3433,4,"Flagged for manual review."
8492702,00572,2024-10-28,Full-Time,39326,,No,Yes,denied,1248,1300,2,"Referred by agent."
8494044,00338,05-09-2021,Self-Employed,191099,794,No,FALSE,Approved,2818.86,4271,1,"Applicant provided pay stubs."
8495164,01617,2022-10-17,Part-Time,223632,685,No,false,withdrawn,684.6,815,1,"docs expired"
8497399,01269,16/08/2020,Contract,6909,658,No,no,Approved,2285.76,2381,1,N/A
8499395,00885,02/07/2023,Full-Time,224271,371,No,TRUE,Denied,1566.6,1865,4,"Missing bank statements."
8500383,01679,2020-05-20,Contract,117254,760,No,No,Approved,2660.4,4434,4,"Renewal case."
8502418,00923,09/15/2020,Part-Time,115739,774,Yes,0,Approved,3050.04,3631,3,"Co-signer pending review."
8503766,00282,"June 01, 2022",Unemployed,128849,463,No,true,Withdrawn,1065.12,1268,3,"Flagged for manual review."
8505186,00525,03-12-2022,Student,217774,836,Yes,N,"Under Review",1839.6,2190,1,N/A
8507698,00667,19/06/2023,Self-Employed,106395,622,No,Y,Denied,1671.12,2532,4,"Applicant provided pay stubs."
8509955,00759,02/12/2020,Part-Time,214553,632,No,N,Withdrawn,7546.56,7861,4,"Co-signer pending review."
8511190,00533,"January 06, 2022",Self-Employed,114006,484,No,Y,Denied,2020.26,3061,5,"docs expired"
8512773,00817,2022-04-30,Retired,107590,802,No,Yes,Denied,3616.08,0,3,"Referred by agent."
8513221,00148,04-15-2024,Student,131484,677,No,true,Withdrawn,643.5,975,1,"Applicant follow-up needed"
8513391,01374,11-27-2022,Student,162672,743,No,false,Approved,2925.78,3751,2,"Referred by agent."
8513650,00049,2020-10-07,Self-Employed,23573,824,Yes,,Approved,2899.26,3717,3,"income verified via Plaid"
8518640,01213,"April 19, 2020",PT,5758,718,No,N,Pending,3821.22,4899,5,"Missing bank statements."
8520076,01659,12/03/2024,Unemployed,184748,794,No,false,Approved,2815.68,2933,1,.
8520343,00214,02-23-2024,Contract,183634,700,No,no,Approved,4009.92,4177,5,"income verified via Plaid"
8520471,00654,17/02/2024,Student,183600000,787,No,1,Denied,2040.72,3092,3,"Missing bank statements."
8520808,01041,2023-11-25,Unemployed,90358,354,No,true,Approved,1825.2,3042,4,n/a
8520870,01005,09/24/2023,Part-Time,279012,773,No,No,Approved,946.14,1213,1,
8521087,01362,09-06-2021,Unemployed,190729,,No,No,Denied,3793.92,3952,1,"Co-signer pending review."
8522428,00958,2023-10-01,Contract,60053,N/A,No,,Denied,1592.58,2413,3,N/A
8522887,01670,2024-02-13,FT,3920,770,No,No,Approved,3963.96,6006,3,"Renewal case."
8523959,00158,01-07-2023,Self-Employed,23465,680,No,TRUE,"Under Review",1204.8,1255,5,"Referred by agent."
8525164,00869,08-22-2020,Contract,228100,711,Yes,Y,Approved,1384.5,1775,3,N/A
8525664,01628,30/10/2020,Part-Time,210616,634,No,0,Approved,5648.64,5884,2,"docs expired"
8530451,00107,2020-06-11,Retired,103759,762,No,,Approved,2588.82,3319,5,"Applicant follow-up needed"
8530479,00779,07-07-2023,Student,165092,820,No,FALSE,Denied,5349.3,8105,2,"docs expired"
8530678,00919,2022-11-06,Full-Time,51200,589,No,1,Denied,552.6,921,1,"Co-signer pending review."
8531373,01415,07-13-2024,Unemployed,161612,757,No,No,Approved,2205,3675,1,n/a
8531595,00856,11/24/2023,Full-Time,229143,750,No,TRUE,Pending,711.48,847,1,"Co-signer pending review."
8531601,01131,2024-12-08,Full-Time,58884,632,No,true,Approved,1002.6,0,3,"docs expired"
8531669,01447,,Student,183227,705,No,no,Approved,721.8,1203,2,
8532372,01554,10-30-2020,Unemployed,149333,734,No,0,Withdrawn,1187.52,1237,4,N/A
8532441,01695,01-19-2023,Unemployed,171203,669,No,N,Approved,3975.66,5097,4,
8533606,00117,31/03/2020,Part-Time,181177,,No,N,Approved,1776.06,2691,5,N/A
8533758,00481,12/08/2023,Contract,238987,781,No,no,Approved,1105.8,1843,3,.
8533966,01250,05-06-2023,Unemployed,172560,675,Yes,No,Approved,3193.68,3802,4,"Missing bank statements."
8534382,01076,27/06/2020,Unemployed,97786,787,No,1,Approved,2839.68,2958,4,"Co-signer pending review."
8535858,00634,26/06/2021,Retired,89602,606,No,false,Pending,1118.52,1434,5,.
8538806,00281,04/08/2020,Contract,25602,612,Yes,Yes,Pending,2301.6,2740,3,"Renewal case."
8539707,00056,"October 06, 2024",Student,29280,701,No,yes,Approved,3296.16,3924,5,
8540570,01699,07/10/2022,Retired,134050,,Yes,false,Withdrawn,1266.72,1508,1,"Co-signer pending review."
8540815,00557,09/06/2021,Retired,199249,766,No,Yes,Approved,2774.46,3557,3,"Flagged for manual review."
8541522,00319,13/09/2020,Contract,241273,829,Yes,N,Denied,2206.62,2829,4,"docs expired"
8544774,01092,04-02-2020,Part-Time,132779,836,Yes,Yes,Approved,4771.2,7952,2,"income verified via Plaid"
8546610,00950,12-09-2023,Self-Employed,18825,700,No,no,Denied,3227.64,4138,2,n/a
8547316,01479,,Unemployed,104579,690,No,No,Pending,1881.6,1960,4,"Co-signer pending review."
8547373,00439,2020-01-16,Self-Employed,75848,706,No,1,Approved,1165.2,1942,2,N/A
8547676,01747,11/09/2020,Contract,237106,772,No,TRUE,"Under Review",3535.2,0,5,"income verified via Plaid"
8547980,00788,09-30-2021,Contract,86905,779,No,yes,Denied,3516.48,5328,4,n/a
8548350,00759,12-13-2023,Student,266756,647,No,false,denied,6131.58,0,4,n/a
8548779,00145,2020-01-29,"Self Employed",58316,623,No,,Approved,520.8,868,1,n/a
8548882,01174,12-14-2020,Full-Time,159025,707,No,Y,Approved,2610.24,2719,3,"income verified via Plaid"
8550701,01398,19/09/2023,Full-Time,26362,746,Yes,1,"Under Review",2805.12,2922,1,n/a
8550759,01014,03-30-2022,Contract,153208,342,No,TRUE,Denied,5787.6,7420,4,"Applicant follow-up needed"
8551187,00539,11-04-2022,Retired,184491,796,Yes,Yes,Pending,3811.08,4537,2,"income verified via Plaid"
8551853,01191,"April 20, 2024",Unemployed,157323,718,No,Y,Pending,978.12,1254,1,"Renewal case."
8553080,00013,"December 09, 2021",Contract,177111,788,No,N,Approved,2935.8,3495,1,"Applicant provided pay stubs."
8555892,01374,10-13-2023,Student,35838,442,No,TRUE,Pending,2925.78,3751,2,"Referred by agent."
8556239,00774,"December 09, 2022",Part-Time,146420,667,No,FALSE,Denied,2599.74,3939,5,"Referred by agent."
8561918,00856,2020-11-24,Retired,17823,716,No,yes,"Under Review",711.48,847,4,"Missing bank statements."
8562347,01232,,Full-Time,27924,N/A,No,yes,Withdrawn,1713.6,0,3,"Referred by agent."
8563660,00477,09-06-2020,Retired,124531,671,No,Yes,Denied,762.96,1156,3,"income verified via Plaid"
8564488,01471,,Full-Time,38282,760,No,No,Pending,3049.2,4620,3,"docs expired"
8566781,00892,01-31-2022,Part-Time,102752,642.0,Yes,Y,Denied,3170.88,3303,1,N/A
8567922,01616,03-25-2022,Student,45818,446,Yes,No,Approved,3034.8,5058,4,n/a
8568164,00654,03-02-2023,Retired,36120,751,Yes,Y,Approved,1855.2,3092,1,"Co-signer pending review."
8568319,01414,07/13/2023,Self-Employed,52847,791,No,TRUE,Approved,1072.68,1277,4,"Co-signer pending review."
8568438,01202,19/06/2020,Unemployed,27095,752,No,yes,Approved,2020.98,2591,4,"Applicant provided pay stubs."
8568729,00621,08/19/2024,Part-Time,128137,789,No,0,Approved,3648,6080,4,"Referred by agent."
8568914,01702,05/08/2021,Self-Employed,54439,714,No,Yes,Approved,1351.8,2253,4,"Flagged for manual review."
8570854,00860,12-01-2023,Unemployed,177235,829,No,Yes,Approved,2828.28,3367,3,
8573668,00511,01/06/2022,Full-Time,321634,730,No,N,Approved,3795.66,5751,4,"income verified via Plaid"
8573676,01197,2020-09-17,Contract,60379,781,No,,Pending,1520.64,2304,1,"Co-signer pending review."
8573803,01072,11-21-2020,Part-Time,40906,763,No,1,Withdrawn,599.28,908,1,"Applicant provided pay stubs."
8574248,00275,"June 17, 2022",Part-Time,182341,711,No,TRUE,Denied,1108.8,1680,3,"Flagged for manual review."
8575381,01096,12/09/2022,Full-Time,61508,645,No,false,"Under Review",1976.52,2534,2,"income verified via Plaid"
8576628,01527,2022-06-17,Part-Time,105850,832,No,Y,Denied,929.76,0,1,"income verified via Plaid"
8576705,00177,2020-02-03,Contract,135984,740,Yes,0,Approved,1037.52,1572,3,"docs expired"
8577184,01527,"December 26, 2024",Student,7806,614,No,FALSE,Approved,786.72,1192,5,"Co-signer pending review."
8578105,00106,2021-04-14,Unemployed,89871,590,Yes,false,Pending,3377.4,4330,1,.
8578892,01147,17/11/2020,Unemployed,209186,647,Yes,true,Approved,2218.2,3697,1,"income verified via Plaid"
8581015,00228,01-14-2023,Full-Time,156941,645,Yes,,Denied,793.8,1323,1,.
8582130,01519,28/04/2022,Part-Time,122332,848,No,false,Approved,1684.2,2005,1,.
8583143,01183,04/07/2023,Unemployed,9242,768,No,yes,Approved,1949.64,2954,2,"Applicant follow-up needed"
8583837,00934,04-20-2023,Full-Time,112164,725,No,false,Approved,1433.64,1838,1,"income verified via Plaid"
8584748,00866,"April 18, 2022",Unemployed,131448,481,No,,Denied,2079,2475,5,"Co-signer pending review."
8584854,00757,11/27/2024,Retired,170340,815,No,Y,Pending,1780.2,2967,3,"Renewal case."
8589945,01628,05/03/2022,Self-Employed,1599,717,Yes,TRUE,Approved,5648.64,5884,5,"Applicant follow-up needed"
8590717,00993,"March 20, 2024",Contract,87285,751,No,no,Denied,866.04,1031,4,"docs expired"
8591886,01603,"June 19, 2021",Part-Time,237970,689,No,0,Approved,2072.4,3454,5,"docs expired"
8593772,01453,09-24-2024,Student,247962,333,Yes,yes,Approved,2337.66,2997,1,.
8596495,01246,,Student,106842,734,No,0,Denied,1504.14,2279,4,"docs expired"
8599246,00248,01/07/2023,Contract,96076,759,No,,Approved,792.48,1016,1,"Applicant follow-up needed"
8599797,01449,02/23/2020,Student,47754,702,Yes,Yes,Denied,1465.8,2443,2,
8600545,00624,"March 26, 2020",Part-Time,52746,,Yes,No,Approved,3045.9,3905,4,"income verified via Plaid"
8600688,00691,"November 18, 2022",Self-Employed,231825,746,No,true,Pending,1501.8,0,2,
8600731,01505,16/06/2024,Student,125506,688,No,1,Approved,2253.9,3415,3,"Referred by agent."
8601147,00425,05-10-2023,Retired,42258,586,No,0,Approved,1254.24,1608,4,"income verified via Plaid"
8602132,00177,,Part-Time,86720,689,Yes,true,Approved,943.2,1572,1,N/A
8604137,00964,03/15/2022,Retired,65278,759,No,false,Approved,3322.8,4260,2,"Missing bank statements."
8607232,01036,08-07-2021,Contract,44214,798,No,false,Denied,3145.92,3277,3,"Flagged for manual review."
8607715,00994,2022-07-12,Self-Employed,136671,428,Yes,0,Approved,1428,1700,1,"Applicant follow-up needed"
8608201,00701,,Contract,130754,827,No,N,Approved,1118.04,1331,4,n/a
8608692,00610,"November 05, 2024",Self-Employed,146006,654,Yes,No,"Under Review",1817.76,2164,1,.
8609035,00367,,Student,47960,818,No,yes,Approved,1216.2,2027,5,"Co-signer pending review."
8610928,00353,06/08/2024,Full-Time,95154,655,Yes,1,Denied,2056.32,2448,4,"docs expired"
8612758,00385,2022-09-10,Retired,115250,756,Yes,no,Approved,4868.16,5071,5,.
8615048,00657,2020-12-20,Unemployed,245084,716,No,Y,"Under Review",1482,1900,5,"Flagged for manual review."
8616062,01140,08-20-2024,Unemployed,77232,689,No,No,Approved,2161.38,2771,4,"Referred by agent."
8616594,00306,2022-02-07,PT,16069,803.0,No,No,Approved,2073.24,2658,1,"Renewal case."
8618327,01164,"April 09, 2024",Contract,12842,715,No,,Approved,2071.8,3453,4,"Co-signer pending review."
8619546,00587,01/28/2021,Retired,195592,334,No,FALSE,Withdrawn,3402,5670,5,
8621974,01497,12-23-2023,Retired,119168,,No,Yes,Denied,1282.2,2137,4,"Referred by agent."
8622308,01065,12/04/2021,Student,58500000,,No,FALSE,Pending,1255.32,1902,3,N/A
8622801,00390,03-18-2020,Self-Employed,180473,303,Yes,No,Denied,853.44,1016,5,"Renewal case."
8623525,01651,11/30/2023,Unemployed,61076,778,Yes,N,Approved,1968.12,2982,2,"Flagged for manual review."
8623810,00831,03/20/2021,Contract,96889,833,No,no,"Under Review",1338,2230,5,"Applicant provided pay stubs."
8625578,01721,,Retired,35954,,No,yes,Pending,800.58,1213,3,N/A
8629306,00899,03/05/2021,Self-Employed,155305,781,No,N,Pending,1107.48,1678,1,"Renewal case."
8631893,00522,2021-04-10,Contract,29531,770.0,No,0,Approved,650.1,985,5,N/A
8632489,00740,2023-06-18,Full-Time,13803,733,No,,Approved,2262.12,2693,3,"Co-signer pending review."
8633963,01588,"August 13, 2024",Unemployed,130180,758,No,TRUE,Approved,9903.6,11790,5,.
8634874,00127,12-29-2023,Self-Employed,144391,321,No,Y,"Under Review",1086.12,1293,5,"Co-signer pending review."
8634994,01450,"December 09, 2022",Self-Employed,58607,839,No,Yes,Pending,693,1050,3,N/A
8636289,01656,23/02/2024,Contract,149116,751,Yes,no,Approved,2523.84,0,1,"Renewal case."
8638363,00105,12/05/2020,Unemployed,136087,673,No,1,Pending,3771.24,5714,3,"Applicant follow-up needed"
8638437,00534,06/08/2022,Part-Time,79334,838,No,1,Pending,2857.92,2977,3,
8638674,00903,28/03/2021,Retired,109087,678.0,No,no,Approved,3716.16,4424,1,"Applicant follow-up needed"
8639785,01641,11/17/2020,Contract,266658,713,No,Y,"Under Review",4741.62,6079,2,"docs expired"
8645191,01119,"March 01, 2020",Contract,179740,700,No,FALSE,Pending,3144.96,3276,4,
8646552,00693,,Full-Time,35610,617,No,no,Approved,2152.8,3588,1,"Referred by agent."
8648235,00678,2021-11-05,Retired,48873,786,No,Yes,Denied,782.34,1003,4,"Applicant follow-up needed"
8649195,01628,10/03/2023,Unemployed,151645,799,No,1,Approved,5648.64,5884,2,
8650817,00660,2024-09-16,Student,137096,840,Yes,FALSE,Approved,2090.22,0,4,"docs expired"
8652103,00935,10/12/2021,Unemployed,140543,752,No,1,Approved,3662.4,3815,3,"Referred by agent."
8652584,00376,2024-11-11,Contract,67980,,No,N,Denied,1750.8,2918,2,"Missing bank statements."
8652995,01774,06-22-2021,Full-Time,234212,726,Yes,Yes,Approved,1272.6,1515,5,"Flagged for manual review."
8653316,01005,"August 08, 2020",Self-Employed,187162,571,No,false,Denied,800.58,1213,3,"Flagged for manual review."
8653719,01680,2022-01-23,Unemployed,250536,679,Yes,false,Denied,2176.68,3298,3,"Co-signer pending review."
8654746,00226,12-23-2022,Part-Time,242889,669,No,no,Approved,1019.7,1545,5,"income verified via Plaid"
8656349,01223,2023-08-02,Self-Employed,128231,688,No,true,Approved,3962.28,4717,2,
8658910,00915,11/11/2021,Student,63535,512,No,TRUE,Approved,3711.12,0,3,N/A
8659290,00508,"October 27, 2020",Full-Time,31961,676,No,No,Withdrawn,647.4,830,1,
8659411,00719,02/05/2022,Full-Time,24481,586,No,yes,Denied,4767,7945,2,n/a
8661018,01544,19/05/2020,Part-Time,127480,736,Yes,no,Denied,2325,3875,5,"Missing bank statements."
8664039,01533,"November 22, 2024",Unemployed,215961,772,Yes,false,Approved,5454.96,6494,4,
8664743,01098,10/18/2023,Student,132569,773,No,Yes,Pending,3255.84,3876,2,"Applicant provided pay stubs."
8665127,01336,09/10/2020,Full-Time,137292,783,Yes,no,Approved,2934.96,3494,1,"Missing bank statements."
8669463,01786,02/11/2022,Full-Time,165853,661,No,1,Denied,1046.76,1342,4,"Applicant provided pay stubs."
8674397,00246,13/04/2021,Student,146181,667,No,no,Pending,4375.56,5209,1,"Missing bank statements."
8675885,00893,08/08/2024,Contract,203295,673,No,TRUE,Denied,3288.6,3915,1,"docs expired"
8675953,00004,07/28/2023,Contract,78474,,No,0,Denied,1350.18,1731,5,"docs expired"
8678046,00750,"January 25, 2022",Full-Time,33355,813,No,1,Approved,2341.2,3902,3,"docs expired"
8678116,01537,2024-02-22,"Self Employed",126753,724,No,false,Denied,2391.48,2847,3,"Applicant provided pay stubs."
8682663,01533,2021-06-23,Retired,40467,717,No,No,Pending,6234.24,6494,4,"docs expired"
8683282,01438,12/03/2024,Retired,168611,733,No,No,"Under Review",2830.8,3370,3,
8689962,00907,08-14-2023,Unemployed,97897,706,No,Y,Approved,1546.74,1983,4,"Applicant provided pay stubs."
8692494,00013,12-21-2022,Self-Employed,118895,350.0,Yes,TRUE,Approved,2097,3495,3,"Applicant provided pay stubs."
8692664,00355,,Self-Employed,210609,664,Yes,FALSE,Denied,7762.56,8086,1,N/A
8692963,00732,08-17-2021,Contract,29400000,688,No,false,Approved,2303.04,2399,3,"Applicant provided pay stubs."
8693396,01569,"May 29, 2021",Unemployed,37384,349,No,N,Approved,1264.2,1505,3,"Renewal case."
8694101,01464,2024-04-09,Retired,243086,765,No,0,Approved,3600,3750,3,n/a
8695505,01230,07/06/2021,Unemployed,213484,838,No,N,Withdrawn,2021.76,2592,2,.
8700391,00793,"January 28, 2021",Retired,250034,745,No,,Approved,7774.2,9255,4,N/A
8704264,00284,03-05-2023,Self-Employed,46105,N/A,No,Y,Pending,2152.92,2563,4,"Referred by agent."
8705747,00295,18/12/2021,Contract,53074,707,No,true,Approved,4067.7,5215,3,"Co-signer pending review."
8706607,00102,2024-10-16,Student,142320,750,Yes,yes,Approved,1909.38,2893,4,n/a
8708563,00877,08/06/2020,Retired,177100000,775,No,true,Pending,3312.66,4247,3,N/A
8709639,01420,"September 09, 2023",Student,184822,666,No,TRUE,Approved,3012.24,4564,1,"Co-signer pending review."
8710529,01004,2023-10-06,Self-Employed,214600000,815,No,0,Pending,5247.36,5466,2,
8713957,01140,12-31-2022,Part-Time,88937,791,No,yes,"Under Review",2327.64,2771,4,"docs expired"
8714451,00260,"January 02, 2021",Contract,237619,754,No,true,Withdrawn,2258.4,3764,5,
8715742,01045,2023-08-15,Unemployed,2998,398,No,Y,"Under Review",4365.12,4547,2,.
8718926,01703,12-11-2022,Self-Employed,194000,624,No,no,"Under Review",8231.52,12472,1,"Flagged for manual review."
8720935,00595,2024-08-04,Full-Time,189507,690,Yes,,Denied,1994.4,3324,5,"Referred by agent."
8721756,00039,"March 21, 2020",Student,20512,629,No,N,"under review",2772.84,3301,4,"docs expired"
8723634,00265,08/14/2022,Contract,94731,596,Yes,FALSE,Pending,952.2,1587,4,"Co-signer pending review."
8730050,00745,2020-02-05,Part-Time,221904,784,No,N,"Under Review",4396.56,5234,4,.
8731969,01200,"February 02, 2021",Full-Time,75207,613,No,N,Approved,1429.56,2166,3,
8732158,01563,2022-04-08,Student,86109,593,Yes,No,Approved,1729.2,2882,2,"Flagged for manual review."
8732321,01728,"July 27, 2024",Student,69888,774,No,N,Denied,7088.64,7384,5,"Missing bank statements."
8734523,00510,11/09/2021,Full-Time,61509,,No,0,Approved,1519.44,1948,2,"income verified via Plaid"
8735430,01691,05/10/2024,FT,242218,710,No,false,Pending,1142.4,1904,5,
8735579,00315,07/13/2023,Self-Employed,245560,798,Yes,FALSE,"Under Review",656.7,995,5,"Applicant follow-up needed"
8736651,01037,"October 12, 2023",Retired,76516,,No,false,Approved,2631.72,3133,2,
8737626,01707,"October 13, 2023",FT,224034,731.0,No,N,Approved,4648.8,5960,5,"Missing bank statements."
8739620,01631,"August 04, 2022",Full-Time,243010,685,No,Yes,Approved,3417.96,4069,5,"Referred by agent."
8740980,00968,12-09-2021,Student,30319,789,No,No,Approved,2749.32,3273,1,.
8743271,01729,04-21-2023,Contract,136015,762,Yes,no,Denied,646.62,829,5,.
8743704,00726,"May 10, 2021",Self-Employed,105167,788,No,,approved,1597.68,1902,1,"Applicant follow-up needed"
8746033,00223,"June 14, 2021",Student,81032,398,No,true,Approved,4753.56,5659,5,"Applicant provided pay stubs."
8746590,00831,12-15-2021,Unemployed,164694,694,No,Y,"Under Review",1873.2,2230,4,"Applicant follow-up needed"
8747302,01496,2024-08-22,Student,177197,,No,no,Approved,4898.04,5831,1,"Referred by agent."
8748596,00228,08-15-2020,Full-Time,220657,738,Yes,no,Denied,1270.08,1323,1,
8749271,00610,04-21-2023,Full-Time,238495,849,No,Y,Pending,1298.4,2164,2,.
8750752,00761,07/21/2023,Student,158135,721,Yes,Yes,Denied,3386.46,5131,3,
8751707,00344,21/02/2023,Part-Time,145784,651,Yes,FALSE,"Under Review",2864.4,4774,2,"docs expired"
8752284,01192,10/12/2022,Contract,177704,764,No,0,Denied,6662.76,8542,3,N/A
8755923,00772,2021-08-13,Unemployed,45724,696.0,No,No,Denied,1999.92,2564,4,"Missing bank statements."
8756177,01558,2022-09-30,Full-Time,204732,789,No,,"Under Review",3885.6,6476,5,"Renewal case."
8757085,00462,"November 19, 2024",Student,112266,695,Yes,true,Denied,1839.24,2358,5,"Flagged for manual review."
8761808,01268,01-01-2022,Student,79188,599,No,N,Denied,7247.04,0,4,"Flagged for manual review."
8764616,01609,08-24-2023,Unemployed,267575,739,No,FALSE,Approved,3796.32,5752,5,"Applicant follow-up needed"
8765432,00938,2020-05-18,Contract,171018,358,No,no,Approved,4687.2,5580,4,"income verified via Plaid"
8765500,00064,04-28-2021,Part-Time,163505,756,No,No,Approved,3148.32,3748,5,"Applicant follow-up needed"
8766677,01759,2023-09-23,Full-Time,43577,712,No,No,Pending,1738.2,2897,2,"Co-signer pending review."
8766899,01323,10/02/2020,Student,81800000,791,No,FALSE,Denied,1144.08,1362,4,"Flagged for manual review."
8767711,00528,03-04-2021,Unemployed,213820,597,No,true,Approved,5944.32,6192,2,"Flagged for manual review."
8768540,01606,"May 16, 2023",Contract,253089,676,No,yes,Approved,2639.4,4399,1,"income verified via Plaid"
8768867,00317,07/01/2023,Unemployed,88973,807,No,FALSE,Withdrawn,1783.8,2973,2,"Referred by agent."
8770179,01429,2022-02-08,Unemployed,68393,538,Yes,No,Denied,2703.6,4506,5,
8770792,01224,01-23-2022,Contract,30987,641,No,yes,Approved,3795.84,3954,2,n/a
8772308,00739,,Retired,90794,673,No,Yes,withdrawn,2088.9,3165,4,
8774496,00105,11/21/2022,Part-Time,76811,502,No,No,Denied,3771.24,5714,4,"Referred by agent."
8776913,00304,12/18/2024,Student,204835,681,Yes,yes,Approved,1251,2085,2,"Applicant provided pay stubs."
8777072,01721,2023-03-17,Contract,29229,628,No,Yes,Denied,3055.68,3183,3,N/A
8781067,01175,11-21-2021,Unemployed,273872,660,Yes,,Approved,5449.86,6987,1,"Applicant provided pay stubs."
8782232,01698,04/20/2020,Student,168875,756,Yes,yes,approved,2748.48,2863,4,"Renewal case."
8782547,01507,10/24/2021,Full-Time,161794,502,No,1,Approved,2319.72,2974,3,"Applicant provided pay stubs."
8782997,00465,01/08/2020,Retired,79502,378,No,No,Denied,1590.12,1893,5,
8788783,01782,"June 22, 2020",Unemployed,247990,736,Yes,No,Withdrawn,4976.16,5924,1,N/A
8789024,00328,07/03/2022,Student,99820,605,No,TRUE,Denied,1919.04,0,2,"Renewal case."
8789230,00104,"October 17, 2024",Part-Time,24239,,No,0,Approved,1935,3225,3,N/A
8791422,00157,2021-11-05,Full-Time,322627,,Yes,Y,Denied,8633.04,11068,3,"Flagged for manual review."
8794861,00691,"August 19, 2022",Part-Time,176612,784,No,yes,Approved,2102.52,2503,3,"docs expired"
8795222,00084,"February 21, 2020",Part-Time,105563,680,No,N,Approved,5801.64,7438,5,"Co-signer pending review."
8795857,00131,,Student,119090,681,No,true,"Under Review",836.22,1267,5,"income verified via Plaid"
8796558,01506,2021-05-12,Contract,289854,690,No,TRUE,"Under Review",1314.6,2191,3,N/A
8798013,01622,2020-04-25,Contract,72270,775,No,,Approved,2253.72,2683,1,"Renewal case."
8799026,00440,2023-11-06,Retired,45620,,No,true,Pending,2393.4,3989,2,"Applicant provided pay stubs."
8799622,01378,2022-10-21,Full-Time,73196,761,No,Y,Approved,737.52,878,5,
8799916,00891,,Self-Employed,41049,733,No,false,Approved,3442.56,5216,5,"income verified via Plaid"
8800063,00675,,Part-Time,104865,355,No,true,Denied,2259,3765,1,
8805261,00121,2020-12-05,Part-Time,184757,315,No,No,Denied,1019.4,1699,1,"docs expired"
8805484,00092,05/14/2023,Part-Time,202749,716,No,No,Withdrawn,3035.52,3162,5,"Missing bank statements."
8807966,01320,12/05/2020,Student,168247,834,No,,Pending,4705.68,5602,2,
8808216,01497,2022-10-05,Contract,110915,,No,false,Approved,1282.2,2137,2,"Applicant provided pay stubs."
8809366,01634,01/07/2020,Full-Time,21210,814,No,N,Denied,5361.18,8123,4,n/a
8815577,00677,07/05/2020,Retired,21132,752,No,yes,Pending,1205.82,1827,5,"Renewal case."
8817028,01291,08-08-2023,Self-Employed,43273,,No,true,Pending,2059.98,2641,4,"Applicant provided pay stubs."
8818963,01371,2021-07-26,PT,55960,760,No,FALSE,Denied,3081,3950,3,"Flagged for manual review."
8819647,01569,03/22/2022,Contract,225435,803,Yes,Y,Approved,1173.9,1505,5,"Renewal case."
8820221,00428,02/18/2020,Part-Time,138988,803,No,TRUE,Denied,1049.28,1093,1,"Missing bank statements."
8821985,01161,"April 05, 2024",Self-Employed,8214,786,No,false,Pending,1453.32,2202,4,"Missing bank statements."
8822419,00250,08-14-2021,Unemployed,238275,726,No,Yes,Approved,1369.2,1630,2,"Co-signer pending review."
8823136,00521,"January 18, 2023",Retired,118435,,No,yes,Pending,615.78,933,3,N/A
8826154,01390,12/11/2023,Unemployed,79138,705,No,N,Approved,1491.6,2260,4,"docs expired"
8826635,00699,05-22-2023,Part-Time,121832,736.0,No,yes,Approved,3309.6,3940,5,"Flagged for manual review."
8827691,00473,08/22/2020,Student,224061,653.0,Yes,no,Approved,3367.56,4009,1,
8827832,00418,"November 17, 2024",Retired,179542,,No,0,Approved,2277,3450,2,.
8829069,01576,2024-06-16,Unemployed,73051,749,No,FALSE,Denied,3474.6,5791,2,"income verified via Plaid"
8829517,00839,11/11/2022,Student,77445,804,No,,Pending,2573.4,4289,2,"docs expired"
8829823,00260,08/01/2021,Self-Employed,48748,715,No,no,Withdrawn,3613.44,3764,2,"Referred by agent."
8829890,01203,2023-01-22,Student,314750,545,No,yes,"Under Review",1918.08,1998,5,
8832023,00185,05-21-2024,Unemployed,92886,,No,1,Withdrawn,3828.72,4558,4,
8833986,00342,"September 03, 2021",Retired,89766,,No,no,Pending,1063.14,1363,3,
8834906,00717,2023-01-18,Part-Time,169236,N/A,No,no,Approved,4603.5,6975,3,"Applicant provided pay stubs."
8838098,01688,17/09/2023,Unemployed,241089,710,No,yes,Denied,1971.42,2987,3,"Co-signer pending review."
8838528,01067,2020-05-11,FT,154828,705,Yes,FALSE,Approved,2432.64,2896,1,"docs expired"
8839503,00322,2022-10-12,Student,45969,N/A,Yes,,Approved,3211.26,4117,3,"Applicant provided pay stubs."
8839782,01555,10-05-2023,Full-Time,110868,N/A,No,TRUE,Withdrawn,594,990,2,
8844333,00865,28/04/2020,Contract,75323,669,Yes,TRUE,Withdrawn,1106.04,1418,5,"income verified via Plaid"
8844562,00629,"June 19, 2022",Full-Time,75461,589,Yes,N,Pending,1193.64,1421,5,n/a
8848217,01605,04/01/2024,Retired,205170,653,No,,Approved,1900.8,2880,3,"Renewal case."
8853529,00564,2022-09-08,Student,48475,734,No,yes,Approved,4980.48,5188,3,.
8854721,01409,23/10/2023,Student,187111,705,No,Y,Pending,3155.52,3287,1,"Referred by agent."
8857301,00041,03/17/2022,Part-Time,68075,,No,1,Approved,975.78,1251,3,"Renewal case."
8857548,00367,,Contract,69942,797,Yes,TRUE,Approved,1945.92,0,3,"Renewal case."
8858712,00202,"September 05, 2021",Contract,98389,672,No,,Approved,7415.04,7724,3,
8863522,00689,16/07/2024,Self-Employed,189600000,764,No,1,"Under Review",1306.2,1555,5,.
8864039,00616,2020-07-25,Part-Time,45785,670,No,true,Withdrawn,5956.8,6205,5,
8867000,00354,31/03/2020,PT,216876,794,Yes,TRUE,Denied,5305.56,6802,5,
8868833,01138,06-01-2020,Student,71395,771,No,FALSE,"Under Review",4689.6,4885,2,"Missing bank statements."
8868865,00742,2022-09-20,Contract,243383,673,No,true,Pending,3948.78,5983,4,
8868910,00784,07/11/2020,Contract,99946,809,No,TRUE,Withdrawn,1642.08,2488,1,"Co-signer pending review."
8871953,00613,12-28-2022,Self-Employed,242742,775,No,Y,Pending,3637.92,5512,4,
8872511,01660,18/12/2024,Student,217479,610,No,0,Approved,1406.4,1465,2,"Applicant provided pay stubs."
8873314,01101,07/12/2023,Self-Employed,196842,831,Yes,true,Approved,1600.5,2425,5,"Renewal case."
8875020,00400,11-10-2020,Student,155335,790,No,Y,Approved,3883.44,5884,5,"Renewal case."
8876603,00805,"December 07, 2021",Self-Employed,151510,712,No,yes,approved,1600.2,1905,4,"Applicant provided pay stubs."
8877857,00933,2023-07-31,Self-Employed,133848,613,No,N,Pending,1136.52,1722,3,"Missing bank statements."
8878749,01577,"October 16, 2024",Retired,121797,636,Yes,FALSE,Pending,5643.84,5879,1,"Applicant provided pay stubs."
8878917,01527,"June 22, 2021",Retired,94688,628,No,Yes,Approved,1144.32,1192,1,"Applicant provided pay stubs."
8880313,00862,30/06/2021,Unemployed,12501,742,No,N,Pending,2148.6,3581,1,"Renewal case."
8880613,01602,"May 13, 2020",Self-Employed,47271,,No,true,Approved,1185,1975,2,"Renewal case."
8880788,01356,05/24/2024,Part-Time,156773,829,No,Yes,Approved,3928.86,5037,2,
8881018,00983,08/03/2022,Unemployed,199499,772,No,,Denied,5136.78,7783,5,"Renewal case."
8881199,01654,08-19-2020,Full-Time,18805,778,No,No,Pending,2280.96,3456,3,"Co-signer pending review."
8881209,00787,"January 13, 2021",Full-Time,137467,775,No,true,"Under Review",1112.4,1854,3,N/A
8884370,01605,18/01/2023,Full-Time,220710,497,No,FALSE,Approved,2419.2,2880,5,N/A
8884384,00664,2022-08-01,Full-Time,58609,609,No,N,Approved,587.4,890,2,"Applicant provided pay stubs."
8886183,01297,29/03/2024,Full-Time,69275,456,No,0,Denied,1014,1300,2,.
8886263,01407,12/05/2023,Full-Time,121876,711,No,yes,Withdrawn,2320.92,2763,5,"Referred by agent."
8888375,01262,,Full-Time,160678,,No,FALSE,Pending,5399.16,6922,1,N/A
8889897,01543,2022-05-18,Unemployed,94031,N/A,No,TRUE,Approved,588.06,891,1,.
8891843,01547,2024-01-08,Contract,286937,629,No,No,Denied,2494.8,3780,4,"Renewal case."
8892622,00703,2023-03-09,Retired,141760,696,No,Yes,Approved,729.96,1106,4,N/A
8894423,01192,2022-10-15,Student,303270,587,No,0,"Under Review",8200.32,8542,5,.
8896698,00556,11/08/2024,"Self Employed",40788,,No,FALSE,Denied,2036.4,3394,5,"Applicant provided pay stubs."
8899400,00700,2020-07-06,Student,155496,822,No,false,Pending,1547.04,2344,3,"docs expired"
8899645,01285,20/10/2022,Self-Employed,184492,679,Yes,FALSE,Approved,2801.7,4245,4,"docs expired"
8900072,01092,"September 13, 2020",Unemployed,118087,670,No,FALSE,Approved,6679.68,7952,5,"Co-signer pending review."
8900381,01340,04/11/2022,Unemployed,119791,704,No,no,"Under Review",1599.36,1666,1,"Applicant follow-up needed"
8900908,01119,22/11/2022,Full-Time,118766,691,No,1,Approved,2162.16,3276,3,"Co-signer pending review."
8902173,01086,15/11/2024,Self-Employed,123382,670,No,yes,Denied,3806.4,4880,3,"Referred by agent."
8903889,01746,02-05-2020,Unemployed,173890,,No,FALSE,Pending,2160.6,2770,5,
8904937,00575,11-17-2024,Part-Time,107612,639,Yes,1,Approved,2045.16,2622,1,"Flagged for manual review."
8907293,01315,"May 17, 2022",Part-Time,165445,771,Yes,Y,Denied,872.04,1118,2,"docs expired"
8910432,00227,2023-06-24,Full-Time,33377,756,Yes,Yes,Pending,778.2,1297,2,"Co-signer pending review."
8911059,01278,07/07/2024,Student,125053,358,No,1,Approved,1585.32,2402,1,"Renewal case."
8914387,00631,31/10/2021,Student,108600000,639,No,No,Denied,1188.6,1981,3,"Referred by agent."
8914968,00471,"July 18, 2021",Part-Time,255297,702,Yes,yes,Denied,1067.04,1368,2,.
8916050,01678,"February 12, 2022",Full-Time,104745,737,No,yes,"Under Review",2495.04,2599,3,.
8916536,00822,2020-06-22,Full-Time,221502,755,No,Y,Denied,548.46,831,3,
8917197,00007,"June 01, 2023",Part-Time,129317,680,Yes,Yes,Denied,2017.08,2586,5,
8921022,01458,"November 03, 2022",Retired,47741,820,No,TRUE,approved,3801.84,4526,3,"docs expired"
8923632,01334,2024-11-25,Self-Employed,25955,670,No,false,Approved,9914.52,11803,1,"Missing bank statements."
8924577,00841,2022-11-18,Contract,140935,,No,TRUE,Approved,1796.4,2994,1,"income verified via Plaid"
8929509,00960,05-17-2024,Student,278119,699,No,FALSE,"Under Review",1513.98,1941,1,"income verified via Plaid"
8929978,01339,04/15/2022,Unemployed,129599,762,No,Y,Withdrawn,722.4,1204,5,"Renewal case."
8931198,00342,10-02-2023,Part-Time,128997,706,Yes,,Withdrawn,1144.92,1363,4,"docs expired"
8931790,01447,30/08/2021,Self-Employed,235217,596,No,false,Denied,793.98,1203,3,"Applicant provided pay stubs."
8932434,01107,02/02/2024,Unemployed,104815,734.0,No,1,Approved,2101.44,3184,5,"Missing bank statements."
8934157,00743,2022-09-04,Self-Employed,177457,770,No,true,Pending,648.96,832,4,"Missing bank statements."
8936153,01391,04-29-2021,Full-Time,148536,584,No,yes,Approved,1283.7,1945,3,"Applicant follow-up needed"
8936303,00191,01-15-2022,Contract,144495,753,Yes,FALSE,Denied,1821.6,2760,4,
8936596,01790,2024-01-22,Self-Employed,161018,597,No,Yes,Pending,2316.6,2970,1,"income verified via Plaid"
8938203,01225,11-05-2024,Contract,233409,693,No,1,Pending,1639.56,2102,5,.
8938995,00722,2020-06-11,Contract,237223,748,No,yes,"under review",7042.56,8384,4,N/A
8939407,00049,10/04/2021,Contract,228964,734,No,false,denied,3122.28,3717,5,"Applicant follow-up needed"
8940026,00783,01-28-2023,Unemployed,61773,,No,Yes,Approved,2985.18,4523,4,.
8941362,01691,03/15/2024,PT,89400000,763,No,No,Denied,1827.84,1904,5,n/a
8946081,00744,05/02/2021,Self-Employed,25866,742,No,N,withdrawn,3113.04,3706,4,"Applicant follow-up needed"
8946589,00508,05/20/2023,Contract,172403,832,No,no,Approved,547.8,830,5,"Renewal case."
8947590,01367,01/13/2021,Self-Employed,108620,765,No,1,Pending,964.08,1236,1,"Flagged for manual review."
8947789,01252,"November 13, 2023",Retired,157784,669,No,Y,Approved,2921.1,3745,4,"docs expired"
8947813,01524,13/08/2022,Full-Time,88592,673,No,FALSE,Approved,2184,2800,5,n/a
8948050,00787,07/11/2024,Student,174897,N/A,No,Yes,Withdrawn,1223.64,1854,3,"income verified via Plaid"
8949560,00577,"February 25, 2024",Contract,214425,619,Yes,0,Approved,1305.48,1978,5,"Missing bank statements."
8952115,01269,22/11/2021,Unemployed,177535,588,No,no,Pending,1428.6,2381,5,"Flagged for manual review."
8952537,00614,2021-02-05,Contract,18277,646,No,N,Approved,3871.56,4609,4,"Referred by agent."
8953189,01345,2020-12-21,Contract,89108,720,No,false,Denied,2789.16,4226,1,
8954341,01586,"January 11, 2020",Student,71655,682,No,1,Denied,3359.4,5599,3,"Renewal case."
8954972,00124,01/02/2022,Self-Employed,219999,748,No,0,Approved,596.4,994,4,
8956048,01304,2023-07-17,Self-Employed,12370,834,No,0,Approved,8890.44,11398,5,"docs expired"
8956984,00248,"March 20, 2021",Retired,214230,749,Yes,N,Pending,975.36,1016,1,"Referred by agent."
8957344,00751,11-24-2023,Student,195060,792,No,FALSE,Pending,1654.38,2121,3,N/A
8957878,00747,22/07/2023,Unemployed,242160,621,No,true,Denied,1566.6,2611,5,"Applicant follow-up needed"
8962163,00100,,Part-Time,244502,816,No,No,Denied,1628.22,2467,2,.
8962420,01252,2023-01-31,Part-Time,68053,781,No,true,Approved,2247,3745,3,"Applicant follow-up needed"
8962849,00465,"November 26, 2023",Unemployed,202014,372,No,yes,Pending,1590.12,1893,2,"Flagged for manual review."
8964070,00933,02/11/2021,Self-Employed,163836,782,No,TRUE,Denied,1033.2,1722,2,
8964227,00744,09-04-2021,Full-Time,142876,725,No,FALSE,Pending,3113.04,3706,3,"Applicant provided pay stubs."
8964332,00503,11-05-2022,Unemployed,51244,754,No,no,Denied,2761.44,4184,2,n/a
8964625,01115,03/07/2023,Contract,115665,659,No,No,Approved,2381.4,3969,1,"Renewal case."
8966321,00380,27/03/2021,Student,176206,756,No,1,Approved,4063.8,5210,3,.
8967181,00668,2023-10-20,Self-Employed,201953,783,No,N,Denied,3842.28,4926,5,"Co-signer pending review."
8967430,00223,2022-11-25,Retired,215597,774,No,No,Denied,4414.02,5659,5,n/a
8969013,00819,11/02/2023,Part-Time,77171,568,No,yes,Pending,2909.94,4409,5,"docs expired"
8975131,00269,19/03/2023,Contract,240806,,No,yes,Approved,1713.6,2040,3,"docs expired"
8975538,01158,06/26/2023,Unemployed,216689,822,No,1,Denied,1150.5,1475,4,"Renewal case."
8976591,01508,09/04/2024,Student,306490,,No,Yes,Approved,6601.14,8463,2,"Renewal case."
8977817,00144,08-04-2021,Unemployed,49484,,No,true,Approved,3994.8,6658,2,"income verified via Plaid"
8977853,00039,2020-06-03,Part-Time,49767,698,Yes,no,Approved,2574.78,3301,1,"Co-signer pending review."
8981074,00163,25/08/2020,Part-Time,227339,513,No,yes,Approved,3305.28,5008,4,n/a
8981174,00393,10/11/2022,Student,17799,449,No,Y,Pending,1632,2720,3,
8981548,00238,25/10/2024,Retired,283767,466,No,FALSE,Approved,12098.88,12603,2,"Flagged for manual review."
8983556,00023,2023-10-29,Contract,203363,624,No,N,Approved,3052.56,3634,5,.
8983571,00656,12/12/2020,Student,71287,405,Yes,Yes,Denied,4886.4,5090,1,"Applicant provided pay stubs."
8986283,00887,2020-05-19,Part-Time,220573,772,No,Yes,Approved,4261.32,5073,4,"Applicant follow-up needed"
8987127,00028,10/08/2022,Retired,243619,726,No,No,Withdrawn,3571.68,4252,2,"Co-signer pending review."
8987194,00012,2023-09-19,Unemployed,30257,,No,FALSE,Approved,1104,1840,5,
8989353,01319,2022-10-29,PT,134688,602,No,,Approved,2247.84,2676,2,
8991720,00824,"January 02, 2022",Retired,71911,,No,yes,Denied,1611.84,1679,4,"Renewal case."
8991970,01640,01-08-2023,Full-Time,169963,,No,FALSE,Pending,3470.4,5784,2,"Applicant provided pay stubs."
8992146,01711,28/02/2022,"Self Employed",96881,329,Yes,1,Denied,2378.88,2478,3,"Renewal case."
8992154,00657,06-14-2022,Part-Time,101836,844,No,1,Approved,1254,1900,3,.
8994067,01021,2021-05-15,Contract,191523,799,No,FALSE,Approved,2354.82,3019,1,"Renewal case."
8995043,00263,01/16/2024,Full-Time,97816,646,No,yes,Approved,1148.28,1367,1,"Co-signer pending review."
8997040,01156,09/07/2020,Self-Employed,182958,797,No,Y,Approved,3317.82,5027,3,"Applicant provided pay stubs."
8997438,00437,01/17/2022,Student,230373,789,Yes,No,Denied,2625.6,2735,4,"Missing bank statements."
9001490,00262,01-07-2021,Self-Employed,115939,656,No,0,Denied,689.7,1045,1,"Applicant provided pay stubs."
9001645,00849,2021-04-09,Part-Time,191544,798,No,yes,Denied,2136,2225,5,N/A
9002114,00952,"July 09, 2021",Full-Time,100590,776,No,true,Denied,1305.36,1554,3,"Applicant follow-up needed"
9005893,00909,07-16-2021,"Self Employed",4811,783,No,no,Approved,960.18,1231,1,"Co-signer pending review."
9006322,01238,01/01/2024,Full-Time,211326,667,Yes,Yes,Pending,2442.72,2908,1,"Renewal case."
9007494,01680,"March 06, 2023",Unemployed,255200,750,No,no,Withdrawn,2176.68,3298,3,
9007613,01113,27/01/2021,Self-Employed,214006,625,No,TRUE,"Under Review",1303.38,1671,1,"Applicant provided pay stubs."
9009180,00455,"September 19, 2024",Student,233898,408.0,No,Y,Denied,3025.62,3879,2,"Missing bank statements."
9009796,00215,06-29-2022,Retired,27540,755,Yes,Y,Approved,691.08,886,1,"Co-signer pending review."
9011234,01479,11/09/2022,Part-Time,104771,581,No,,Withdrawn,1528.8,1960,4,"Missing bank statements."
9012617,00797,03-31-2021,Full-Time,142700000,635,No,Y,Approved,2859.78,4333,5,"Applicant follow-up needed"
9013967,00138,2021-01-27,Self-Employed,60963,771,No,yes,Approved,1722.24,2208,2,.
9014151,00743,2023-12-04,Full-Time,230853,702,No,false,denied,798.72,832,2,"Referred by agent."
9016688,00679,10/08/2023,Retired,148842,586,No,,Denied,2830.08,2948,5,"Flagged for manual review."
9020088,01339,2020-03-29,Full-Time,167311,841,Yes,yes,Approved,794.64,1204,1,
9020653,00827,,Full-Time,31750,765,No,yes,Pending,2575.2,4292,1,"Flagged for manual review."
9021445,01176,08/02/2024,Student,227100000,848.0,No,FALSE,Approved,1193.28,1808,1,"Missing bank statements."
9022904,01316,02-16-2021,Full-Time,103951,836,Yes,no,Denied,1606.08,1673,3,N/A
9023070,00391,2024-12-14,Part-Time,231526,835,No,Yes,Pending,2616.6,3115,1,
9023974,00579,04-05-2022,Retired,141295,386,No,No,Approved,4918.2,5855,3,"docs expired"
9025924,00935,"October 21, 2020",Full-Time,105849,673,Yes,No,Denied,1960.2,0,5,N/A
9026721,00523,10-13-2020,Full-Time,21023,717,No,0,Approved,2174.7,3295,4,"Applicant follow-up needed"
9027359,01329,08/08/2024,Full-Time,63096,,No,false,Denied,2399.1,3635,3,"Applicant provided pay stubs."
9028847,00707,"October 14, 2021",Full-Time,223286,676,No,TRUE,Approved,3887.52,4984,4,"Renewal case."
9028938,00276,2021-02-22,Retired,17710,,No,true,"Under Review",698.88,832,5,"docs expired"
9029439,00664,"May 18, 2020",Retired,144281,704,Yes,yes,Approved,747.6,890,3,"Referred by agent."
9032320,00334,2023-06-18,Unemployed,149364,826,Yes,No,Pending,3159.24,3761,3,"Flagged for manual review."
9033175,00284,,Contract,168570,592,No,,Denied,2152.92,2563,2,"Applicant provided pay stubs."
9033196,00237,09/04/2023,Contract,121904,773,No,false,Approved,4016.64,4184,4,"Co-signer pending review."
9033982,00179,"April 19, 2022",Full-Time,129179,752,No,1,Denied,3553.2,4230,1,"Flagged for manual review."
9034667,01317,09/05/2024,Full-Time,25096,665,No,TRUE,Approved,1727.22,2617,4,"Referred by agent."
9034722,00884,10-15-2022,Retired,234065,816,No,no,Denied,3778.2,6297,3,"docs expired"
9034992,01692,,Retired,279513,684,No,false,Approved,3874.08,4612,4,"Missing bank statements."
9036348,01597,2023-11-17,Full-Time,197719,671,No,FALSE,Approved,1317.36,1996,3,"Co-signer pending review."
9036371,01333,09/19/2022,Student,36119,703,Yes,TRUE,Approved,4326,7210,5,"income verified via Plaid"
9037666,01351,14/05/2022,Self-Employed,157286,834.0,No,Yes,Approved,2772.66,4201,4,"Referred by agent."
9038194,00411,14/09/2024,Student,152817,766,No,true,Denied,673.2,1020,4,"Referred by agent."
9040063,01214,03-09-2024,Contract,81895,688,No,false,Approved,558.36,846,5,"Missing bank statements."
9040792,01573,2020-05-11,Self-Employed,25090,,No,No,Approved,5280.6,6770,2,"income verified via Plaid"
9042649,00406,03/21/2022,Student,160201,825,No,No,Denied,4374.72,4557,3,"Flagged for manual review."
9043011,00093,06-22-2021,Retired,44275,654,No,no,Approved,5003.88,5957,4,N/A
9043332,00041,05/11/2021,Self-Employed,171778,364,No,Y,approved,750.6,1251,2,"Applicant provided pay stubs."
9044083,00946,11-04-2024,Part-Time,88116,789,Yes,TRUE,Approved,5125.56,0,5,"Applicant follow-up needed"
9044271,01292,"October 21, 2024",Full-Time,35123,642,No,TRUE,Denied,8898.96,10594,3,"Flagged for manual review."
9044740,00894,"August 03, 2020",Student,146085,603,No,no,Denied,2520,2625,4,"Flagged for manual review."
9045118,01309,12/14/2021,Retired,36671,646,No,no,"Under Review",880.44,1334,1,N/A
9045537,00336,23/04/2024,Student,161210,720,No,Yes,Approved,1791.72,2133,5,"Flagged for manual review."
9045814,01450,09/19/2022,Contract,239640,692,No,,denied,819,1050,2,
9048650,01774,2023-11-26,Full-Time,216480,608,No,yes,"Under Review",1454.4,1515,2,
9053210,01180,21/07/2021,Contract,73546,742,No,,Approved,4467.96,5319,1,"Renewal case."
9055232,01569,03/04/2022,Student,23784,819,No,1,Denied,903,1505,2,"income verified via Plaid"
9055385,00816,"April 04, 2023",Retired,18627,375,No,no,Pending,1616.64,1684,1,"Applicant provided pay stubs."
9062033,01051,"October 15, 2020",Contract,60189,785,No,N,Pending,1434.84,2174,5,
9064409,00168,23/07/2024,Part-Time,177606,681,No,Y,Approved,1011.6,1686,5,.
9066791,00138,2022-02-09,Student,28980,832,No,1,Approved,1722.24,2208,3,"Missing bank statements."
9067174,01020,06/24/2021,Self-Employed,175949,716,No,false,Approved,3208.92,4114,2,.
9067912,00417,2023-07-07,Retired,54054,651,No,Y,Denied,6024.48,7172,1,"Applicant follow-up needed"
9068459,01164,10/28/2021,Student,15491,499,No,1,"Under Review",2071.8,3453,2,
9070011,01321,07-22-2023,Contract,127164,618,No,TRUE,"Under Review",2600.64,2709,1,"income verified via Plaid"
9075642,01631,"September 13, 2020",Student,98419,645,Yes,yes,Approved,3173.82,4069,3,"Applicant provided pay stubs."
9077480,01408,"December 25, 2021",Student,213700000,573,No,0,Approved,1867.8,0,4,"Applicant provided pay stubs."
9077547,00752,10/25/2020,Self-Employed,134832,743,No,No,Approved,3303.36,3441,5,"Flagged for manual review."
9079076,00922,10-29-2023,Part-Time,127563,726,No,0,Approved,1227.84,1279,1,"Co-signer pending review."
9080248,00516,"February 27, 2022",Self-Employed,209836,714,No,no,"Under Review",1122,1700,4,N/A
9080512,01503,2022-05-10,Student,86650,717,No,Y,Pending,1822.2,3037,1,"Flagged for manual review."
9085515,00792,"June 06, 2024",Contract,104426,630,No,yes,Approved,2900.04,4394,4,N/A
9085672,00501,10-07-2024,Retired,128955,,No,FALSE,"Under Review",881.4,1469,5,"income verified via Plaid"
9085675,01654,26/09/2022,Retired,43786,621,No,false,Approved,2903.04,3456,2,"Applicant follow-up needed"
9087758,01420,03/19/2022,Unemployed,60360,844,Yes,1,Withdrawn,3012.24,4564,2,N/A
9088957,00260,,Retired,170237,782,Yes,Y,Pending,2484.24,3764,4,"Referred by agent."
9089552,00506,2021-11-18,Student,32097,393,No,,Pending,1315.08,1686,1,"Co-signer pending review."
9090620,00084,2024-05-24,Student,227487,653,No,false,Denied,6247.92,7438,1,"Flagged for manual review."
9092390,01792,10/10/2020,Contract,159595,,Yes,0,Withdrawn,4828.32,5748,1,"Referred by agent."
9093098,01649,,Contract,133337,707,No,0,Approved,2198.04,2818,4,
9093991,01428,2024-08-16,Full-Time,240753,815,No,Y,Denied,4613.4,7689,4,"Missing bank statements."
9096727,01574,2020-06-25,Retired,203074,687,No,0,Approved,976.56,0,5,"docs expired"
9097209,01531,06/11/2022,Self-Employed,121815,732,No,no,Denied,1239,2065,5,.
9099378,00004,01-30-2023,Unemployed,131313,729,No,0,Pending,1454.04,1731,2,"Applicant follow-up needed"
9101617,01452,12-09-2022,Full-Time,19973,688,No,yes,Pending,2189.76,2281,4,"docs expired"
9101752,00908,2020-05-19,Contract,236553,558,No,TRUE,Pending,3174.6,4810,2,N/A
9101936,00567,"January 14, 2023",Contract,175783,721,No,no,Denied,1706.88,1778,1,"Applicant provided pay stubs."
9102154,00087,03/25/2021,Unemployed,217723,583,No,N,Approved,3845.82,5827,4,"Co-signer pending review."
9105570,00169,2023-05-16,Unemployed,134506,534,No,Yes,Approved,3182.4,4080,3,"docs expired"
9106405,00976,"January 08, 2024",Retired,52371,850,No,FALSE,Approved,1395.42,1789,5,
9107749,01631,10/25/2021,Retired,165463,706,No,Yes,"Under Review",3906.24,4069,2,N/A
9108437,01083,01/05/2020,Full-Time,234227,N/A,No,0,Denied,7860.72,9358,5,n/a
9110209,00577,2024-04-29,Retired,80406,803,No,Y,Denied,1898.88,1978,4,"income verified via Plaid"
9111291,01425,07-24-2023,Self-Employed,155773,759,No,yes,Approved,953.16,1222,2,"Missing bank statements."
9114058,00305,09/10/2021,Unemployed,103200000,845,No,0,Pending,4748.04,7194,3,"Renewal case."
9116149,01367,10/06/2024,Part-Time,241603,611,No,TRUE,Pending,1038.24,1236,3,n/a
9117500,00546,"November 10, 2024",Student,120723,799,No,N,Denied,1516.02,2297,5,
9117892,00960,09-10-2020,FT,199466,702,No,FALSE,Withdrawn,1630.44,1941,1,"Flagged for manual review."
9121363,00455,2020-04-11,Student,41398,811,No,no,withdrawn,3025.62,3879,1,n/a
9122488,01401,2020-05-26,Full-Time,152700000,729,No,true,Pending,2077.32,2473,3,
9122717,00781,2021-10-20,Unemployed,115593,846,No,Yes,denied,2197.8,3330,1,"Co-signer pending review."
9124018,00038,05/18/2020,Retired,139607,,No,0,Withdrawn,4045.86,5187,1,"Referred by agent."
9125699,00873,"February 09, 2023",FT,300072,593,No,0,Denied,7249.92,7552,5,
9129012,01493,"March 13, 2022",Self-Employed,75608,,No,1,Pending,2292.42,2939,4,"Flagged for manual review."
9129724,01126,09/12/2021,Part-Time,197466,773.0,No,0,Withdrawn,3109.44,3239,4,N/A
9130910,00635,05-22-2024,Part-Time,238537,682,No,false,Withdrawn,3010.2,5017,3,"Applicant follow-up needed"
9132544,01277,2020-10-15,Contract,242635,696,No,true,Approved,1623.72,1933,1,
9132981,00234,2024-08-21,Retired,104109,674,No,0,Approved,3661.44,3814,1,"Referred by agent."
9133346,01391,2020-12-11,Unemployed,26359,,No,N,"Under Review",1517.1,1945,5,
9133461,00416,"September 30, 2020",Contract,219028,613,No,FALSE,Denied,3089.58,3961,1,n/a
9135160,00096,10-29-2023,Part-Time,202366,778,No,false,Pending,3038.28,3617,2,
9135547,00553,2023-04-29,Unemployed,143223,687,No,N,Denied,2947.8,4913,1,
9136557,00151,12/20/2021,FT,33665,588,No,1,Approved,2292.6,3821,1,"Flagged for manual review."
9137100,01489,2022-03-24,Full-Time,286444,823,No,Y,Pending,781.2,1302,3,"income verified via Plaid"
9137646,00300,"March 16, 2024",Contract,183346,828,No,N,Approved,4174.8,4970,1,"Applicant follow-up needed"
9138228,01450,07-05-2020,Part-Time,217547,674,No,N,Denied,819,1050,4,"docs expired"
9138450,01529,03/08/2021,Full-Time,151439,769,No,true,Approved,3550.56,4552,1,"income verified via Plaid"
9138625,01089,03/14/2024,Self-Employed,26296,692,No,Y,Approved,2103.36,2191,4,"Co-signer pending review."
9139424,01199,10-21-2024,Self-Employed,2836,,No,no,Pending,2335.8,3893,3,"income verified via Plaid"
9139854,00941,30/08/2022,Retired,116554,537,No,yes,Pending,2230.02,2859,5,"Missing bank statements."
9142586,00684,12-16-2022,Student,219014,N/A,Yes,1,Approved,1045.98,1341,1,"Renewal case."
9143161,01696,13/09/2023,Retired,88122,779,No,Yes,Approved,1333.8,2223,5,"income verified via Plaid"
9147217,00763,"November 05, 2021",Student,240067,757,No,1,Pending,7398.72,7707,2,"Applicant provided pay stubs."
9147485,00746,04/27/2021,Student,39473,721,No,1,Pending,1134.6,1891,2,
9150598,01133,03/10/2023,Unemployed,205295,609,No,1,Approved,838.5,1075,5,"docs expired"
9152521,00856,2021-01-12,Full-Time,194020,849,No,yes,Denied,660.66,847,2,N/A
9152778,00397,08/12/2023,Unemployed,232156,,No,TRUE,"Under Review",815.1,1045,5,"Applicant provided pay stubs."
9154747,01449,10-25-2024,Student,55661,654,No,1,Approved,1481.28,1543,2,"Referred by agent."
9158718,00281,01/08/2020,Part-Time,226105,783,No,yes,Approved,1644,2740,1,
9158952,00857,09/15/2021,Student,33014,660,No,0,Withdrawn,1496.64,1559,1,"Missing bank statements."
9158960,00056,08/06/2023,Full-Time,106332,790,No,Yes,"Under Review",2354.4,3924,4,"Applicant follow-up needed"
9160456,00880,02-08-2024,Full-Time,21494,752,No,yes,Pending,2414.4,2515,3,"Applicant provided pay stubs."
9160469,00850,01/17/2022,Unemployed,58330,643,No,FALSE,Approved,2917.44,3039,5,
9162613,01442,2024-08-24,Contract,86107,496,No,0,Denied,2590.08,2698,5,
9163191,00295,14/09/2021,Contract,29722,801,Yes,1,Denied,3129,5215,4,"Flagged for manual review."
9164462,01739,07-21-2021,Unemployed,100792,,Yes,yes,Approved,3992.04,5118,3,"Referred by agent."
9164934,01497,02/02/2021,Part-Time,176463,495,No,0,Approved,1282.2,2137,5,"income verified via Plaid"
9165705,00552,05/19/2023,Unemployed,255075,,No,false,Approved,5391,8985,1,N/A
9165811,01288,08-13-2020,Part-Time,163658,707,No,Yes,Denied,2052.18,2631,5,n/a
9167294,00256,"October 27, 2021",Part-Time,142917,723,No,0,Denied,1346.4,2244,2,N/A
9167315,01580,"May 18, 2024",Self-Employed,200314,599,No,no,Approved,1044.48,1088,1,"Flagged for manual review."
9169778,00405,2024-03-26,Full-Time,218003,823,No,0,Approved,2051.52,2137,1,n/a
9171282,00646,07/17/2024,Retired,24914,716,No,0,Pending,2747.52,2862,1,"Referred by agent."
9173396,00757,2024-08-29,Contract,201357,636,Yes,FALSE,Denied,1780.2,2967,5,"Missing bank statements."
9174085,00777,"December 05, 2023",Student,126192,617,No,FALSE,Approved,2289.6,2385,5,n/a
9174276,01161,03/04/2024,Contract,222751,707,No,false,Approved,1717.56,2202,2,"Flagged for manual review."
9176537,00649,11/01/2020,Full-Time,167133,793,No,yes,Denied,2054.52,2634,5,"income verified via Plaid"
9177822,01708,02-16-2020,Student,10556,789,No,TRUE,Withdrawn,1855.8,3093,4,
9178233,00511,10/02/2023,Self-Employed,97298,701,No,,Approved,4485.78,5751,2,"Co-signer pending review."
9179490,00122,2021-07-09,Full-Time,133742,704,No,Yes,Approved,1158.3,1485,3,"Referred by agent."
9179694,00535,07-03-2020,Contract,87904,665,No,true,Withdrawn,1001.28,1192,4,"Missing bank statements."
9180725,00793,2023-07-06,Self-Employed,79874,715,No,N,Withdrawn,7774.2,9255,3,"Applicant follow-up needed"
9181524,00614,29/04/2020,Full-Time,46457,598,No,TRUE,Withdrawn,4424.64,4609,1,n/a
9182105,01083,04/01/2020,Student,147100000,609,No,1,Approved,7299.24,9358,3,"Applicant follow-up needed"
9184113,00621,16/07/2020,Self-Employed,99301,446.0,No,Yes,Approved,4012.8,6080,1,N/A
9184357,00949,01/04/2022,Full-Time,45323,823,No,FALSE,Denied,1580.7,2395,1,"docs expired"
9185275,00924,11/13/2024,Unemployed,151964,627,No,true,"Under Review",722.7,1095,5,"Applicant follow-up needed"
9185436,01436,02-24-2022,Student,49206,585,No,1,Denied,3838.56,5816,1,"Applicant provided pay stubs."
9187021,01731,07-29-2022,Self-Employed,39367,657,No,no,Approved,3331.38,4271,4,"Flagged for manual review."
9187268,01265,"August 23, 2023",Full-Time,34169,786,No,FALSE,Denied,5702.4,5940,5,"Referred by agent."
9187915,00908,10-09-2022,Retired,20117,752,No,FALSE,Denied,3174.6,4810,3,"income verified via Plaid"
9189172,00712,20/05/2021,Student,79103,703,No,false,Denied,3927.36,4091,4,"Referred by agent."
9189248,00816,2023-06-23,Unemployed,30695,607,No,0,Denied,1414.56,1684,1,n/a
9191350,00564,02/06/2022,Student,13817,,No,0,"Under Review",4980.48,5188,3,
9191422,01656,"August 26, 2022",Retired,38125,828,No,N,Approved,2208.36,2629,1,n/a
9191677,01093,04/01/2021,Part-Time,104624,768,No,1,Approved,1703.4,2839,4,
9192488,01617,10-11-2021,Part-Time,32990,680,No,FALSE,Approved,537.9,815,1,"income verified via Plaid"
9192708,01279,10/05/2022,Retired,171284,834,No,0,Approved,2841.6,4736,3,"income verified via Plaid"
9193486,00984,"September 17, 2023",Part-Time,57235,776,No,FALSE,Approved,837.54,1269,4,n/a
9195261,01071,26/03/2024,Part-Time,42500000,684,No,N,Denied,3295.68,0,5,"Referred by agent."
9195351,01510,25/12/2021,Self-Employed,30007,600,No,,Withdrawn,1851.84,1929,5,
9195450,00298,21/04/2024,Full-Time,85983,759,No,No,Pending,6532.8,10888,5,"Flagged for manual review."
9196951,01768,02-24-2023,Retired,212623,,Yes,Yes,Denied,2979.24,0,3,"Applicant follow-up needed"
9197242,01011,12/13/2024,Self-Employed,18933,817,No,FALSE,Denied,3478.86,5271,3,.
9198839,00777,"October 21, 2023",Self-Employed,89078,720,No,No,Approved,1574.1,2385,5,"Applicant follow-up needed"
9199482,00040,"October 07, 2024",Self-Employed,212505,493,No,No,Approved,10673.28,11118,5,"Co-signer pending review."
9199847,00202,2021-09-10,Self-Employed,159415,692,No,TRUE,"Under Review",6024.72,7724,2,.
9201997,00622,06-03-2021,Contract,129034,726,No,N,Pending,1446,2410,4,"Referred by agent."
9203019,00866,2020-01-31,Retired,261333,831,No,No,Approved,2079,2475,1,"Referred by agent."
9204849,01016,06/02/2023,Retired,33377,816,No,no,Denied,5998.44,7141,5,.
9204957,00690,11/19/2022,Student,127785,584,No,,Denied,806.4,1344,5,"income verified via Plaid"
9205966,00522,21/04/2021,Self-Employed,79362,719,No,FALSE,Denied,650.1,985,5,"Missing bank statements."
9206214,00986,2023-01-07,Student,244908,728,No,Y,Denied,5369.28,6392,3,n/a
9208273,00597,2024-02-08,Self-Employed,50449,751,No,No,"Under Review",1978.2,2355,3,"Flagged for manual review."
9208490,01619,"August 06, 2024",Contract,146643,646,No,no,Denied,1264.56,1916,4,"Applicant provided pay stubs."
9209376,01092,12-22-2022,Unemployed,120800000,746,No,,Denied,5248.32,7952,1,"Co-signer pending review."
9209418,00671,"December 27, 2021",Contract,175527,805,No,no,Withdrawn,2353.68,2802,2,"Referred by agent."
9211201,00607,20/05/2023,Full-Time,105919,,Yes,0,Approved,906.36,1162,5,"Applicant follow-up needed"
9212119,01490,21/11/2022,Contract,248030,743,Yes,0,Approved,1687.14,2163,5,
9214760,00602,17/06/2021,Self-Employed,154496,712,No,TRUE,Approved,2593.92,3088,5,"Applicant follow-up needed"
9216750,00361,28/02/2023,Contract,87723,704.0,Yes,yes,Approved,2799.72,4242,2,"Applicant provided pay stubs."
9219471,01347,05/27/2024,Student,151717,615,No,N,Approved,483,805,2,"docs expired"
9219991,00191,10/07/2022,Unemployed,227174,726,Yes,1,approved,2318.4,2760,4,"docs expired"
9220897,00773,08-12-2023,Part-Time,196402,704,No,no,Approved,2585.22,3917,2,"Missing bank statements."
9223252,01675,05-31-2024,Contract,83601,792,Yes,Yes,Withdrawn,1310.76,1986,4,.
9225491,01661,"March 23, 2023",Self-Employed,161773,686,No,true,Approved,3553.92,3702,1,"Missing bank statements."
9226685,00121,19/01/2022,Full-Time,171918,,No,No,Denied,1325.22,1699,5,.
9226819,01595,11/08/2024,Self-Employed,116711,772,Yes,Yes,Denied,1550.4,2584,5,"docs expired"
9226922,01773,01-03-2021,Part-Time,102754,719,No,Y,Denied,2969.4,4949,2,"Flagged for manual review."
9229491,00547,2021-09-04,Full-Time,195545,814,No,1,Denied,2553,4255,1,"Referred by agent."
9230712,00050,05-02-2024,Unemployed,17515,758,No,,Approved,4577.04,5868,5,"Applicant follow-up needed"
9231088,01023,26/02/2022,Unemployed,81931,,No,0,Approved,822.12,1054,3,"Renewal case."
9231110,01431,,Part-Time,202208,686,No,,Pending,8727.36,9091,1,"Missing bank statements."
9233299,01564,"March 23, 2022",Full-Time,111512,716,No,1,Approved,2456.52,3722,4,"Missing bank statements."
9234228,01747,01/28/2024,Unemployed,116642,,Yes,Yes,Denied,3535.2,5892,3,"Missing bank statements."
9235030,01799,11-27-2022,PT,91189,582,Yes,0,Denied,8629.92,11064,5,N/A
9236738,00276,2023-08-23,Full-Time,197762,741,Yes,0,Approved,499.2,832,1,"Missing bank statements."
9238673,00899,09/26/2024,Student,107321,,No,No,Denied,1006.8,1678,1,"Flagged for manual review."
9238689,01559,06-03-2024,Part-Time,236929,,No,yes,"Under Review",1069.86,1621,1,"income verified via Plaid"
9239501,00931,"May 04, 2021",PT,276589,817,No,yes,Denied,6371.52,6637,4,"income verified via Plaid"
9240181,00446,12-06-2022,Self-Employed,59050,797,Yes,N,Approved,2453.88,3146,1,"Applicant follow-up needed"
9240586,00622,06-25-2020,Unemployed,94037,716,No,TRUE,Denied,1590.6,0,3,"Missing bank statements."
9243154,01675,,Contract,195577,828,No,N,approved,1549.08,1986,4,"Flagged for manual review."
9243933,01677,03/20/2023,PT,176851,799,No,1,Pending,571.56,866,3,"Flagged for manual review."
9245120,00886,2020-05-26,Student,293428,791,No,0,Approved,2175.36,2266,4,"Missing bank statements."
9247079,01686,01-14-2020,Contract,211165,581,No,0,"Under Review",2496.6,4161,1,"docs expired"
9247615,01402,12/05/2023,Student,89756,580,No,Yes,Approved,871.68,908,4,"Applicant follow-up needed"
9248328,00232,10-16-2020,Full-Time,47815,,No,Yes,Approved,1588.86,2037,1,"Applicant provided pay stubs."
9250008,00537,08/30/2022,Full-Time,324091,678,No,,"Under Review",4345.92,4527,5,"Applicant provided pay stubs."
9250789,00569,10/10/2022,Unemployed,190413,719,Yes,no,Approved,5338.74,8089,3,"income verified via Plaid"
9253637,01794,2020-05-10,Self-Employed,153362,796,No,no,Approved,4845.12,5768,5,.
9258425,00104,"July 26, 2022",Student,43720,617,No,false,Approved,2709,3225,5,"Co-signer pending review."
9258665,01487,02/10/2020,Part-Time,149779,806,No,N,Withdrawn,2957.76,3081,1,"Applicant follow-up needed"
9260606,00745,13/05/2022,Unemployed,161146,534,No,1,Approved,3140.4,5234,1,.
9261918,01517,2020-10-14,Unemployed,153230,696,No,Yes,approved,1189.2,1982,5,"Applicant follow-up needed"
9263343,01584,2024-08-10,Self-Employed,147538,309,No,true,Denied,1123.2,1872,1,"Referred by agent."
9263510,01621,2024-04-06,Student,218497,698,No,yes,Denied,6562.56,6836,5,.
9266117,00922,12/07/2021,Unemployed,77052,732,No,TRUE,Approved,1227.84,1279,1,n/a
9266579,01756,11-28-2023,Unemployed,192368,459,No,No,Denied,6748.2,11247,2,"Applicant follow-up needed"
9267205,00745,"June 23, 2023",Full-Time,17445,724,No,N,Approved,3454.44,5234,1,
9267261,01495,11/14/2021,Contract,238236,690,No,true,Pending,3490.2,5817,1,
9267887,01598,,Full-Time,5966,721,No,Y,Approved,1951.8,3253,5,"Referred by agent."
9268020,01679,"November 16, 2023",PT,87347,803,No,0,Pending,2926.44,4434,1,"docs expired"
9268579,01205,"March 31, 2023",Self-Employed,186509,642,No,TRUE,"Under Review",3111.9,4715,5,"Applicant provided pay stubs."
9269775,01790,"May 24, 2024",Unemployed,112914,659,No,,Pending,2494.8,2970,1,
9273226,01261,06/06/2024,FT,244088,714,No,TRUE,Approved,1510.08,1573,4,"Flagged for manual review."
9273641,01800,05-29-2023,Student,100501,620,No,N,"Under Review",864.36,1029,1,N/A
9274737,00238,05-27-2021,Retired,59956,806,Yes,0,Pending,8317.98,12603,1,N/A
9275599,01658,15/10/2020,Retired,219138,566,Yes,No,Approved,2931.6,3490,5,"Applicant follow-up needed"
9277270,00454,05/19/2021,Student,102892,429,No,N,Denied,1694.88,2568,4,"income verified via Plaid"
9277364,00763,08/14/2023,Contract,24646,,No,FALSE,approved,6473.88,7707,2,"docs expired"
9279443,00179,20/06/2020,Full-Time,180747,759,No,yes,Pending,4060.8,4230,1,"Applicant follow-up needed"
9279929,01601,"November 07, 2023",Student,244947,757,No,TRUE,Approved,1963.08,2337,4,N/A
9285301,01202,2024-07-10,Student,184306,770,No,0,Denied,1554.6,2591,1,"income verified via Plaid"
9287633,00751,"May 21, 2021",Student,78241,N/A,No,N,Approved,1399.86,2121,1,"Renewal case."
9288788,00825,"January 02, 2020",Student,43752,680,No,true,Approved,1275,2125,1,"docs expired"
9289651,01313,2021-11-12,Self-Employed,178647,N/A,No,TRUE,Pending,1544.4,2340,5,"Applicant follow-up needed"
9292097,00392,2024-04-14,Unemployed,213727,634,No,yes,approved,3131.52,3728,4,
9296045,01122,02-17-2020,Self-Employed,223594,517,No,Y,"Under Review",2164.5,2775,4,n/a
9296418,01598,28/04/2024,Contract,60737,847,No,FALSE,Approved,3122.88,3253,5,"Co-signer pending review."
9297114,01155,"May 23, 2020",Full-Time,233018,693,No,no,"Under Review",1850.88,1928,4,n/a
9298417,01590,,Retired,222656,813,No,N,Denied,853.8,1423,4,N/A
9298666,01754,07/31/2024,PT,300125,,No,yes,Denied,4021.92,4788,5,"docs expired"
9299413,01600,07-02-2023,Part-Time,207567,755,No,FALSE,Approved,1850.94,0,2,"docs expired"
9299995,00603,30/06/2022,Part-Time,82620,618,Yes,false,Pending,1014.72,1208,2,N/A
9301917,00897,2023-01-17,Part-Time,73803,401,No,false,Approved,1322.88,1378,1,.
9302131,00265,04/16/2023,Self-Employed,183495,,No,0,Withdrawn,1333.08,1587,5,"Applicant follow-up needed"
9302362,01670,06/14/2022,Unemployed,89351,722,No,No,Denied,4684.68,6006,1,"income verified via Plaid"
9311070,00882,02/04/2022,Contract,124585,811,Yes,N,Withdrawn,3427.2,0,1,N/A
9313203,00582,25/11/2023,Full-Time,165403,601,No,Yes,Denied,1301.4,2169,4,n/a
9315053,01238,02/10/2024,Retired,38420,733,No,1,Denied,1919.28,2908,4,.
9316220,01351,"July 31, 2020",Retired,181249,749,No,Yes,Denied,3276.78,4201,4,"Applicant provided pay stubs."
9317287,00495,10/01/2023,Student,190406,,No,no,Approved,999,1665,4,"Referred by agent."
9318387,01585,05/20/2022,Part-Time,15319,636,No,FALSE,Pending,1163.4,1939,1,"Flagged for manual review."
9321017,01688,2022-01-07,Retired,241385,766,No,N,Approved,2509.08,2987,5,"Renewal case."
9322927,00549,08/14/2022,Contract,74262,685,Yes,false,"Under Review",2849.28,2968,4,"Applicant follow-up needed"
9322984,01557,08/22/2022,Retired,109458,657,Yes,Yes,Approved,2069.34,2653,2,
9325454,01221,02/02/2022,Unemployed,323113,664,No,1,Approved,4694.82,0,4,"Applicant follow-up needed"
9326644,01061,2021-11-24,Full-Time,59092,580,No,0,Pending,2879.52,3428,3,"Renewal case."
9326910,00950,"March 08, 2024",Self-Employed,199208,841,No,N,Approved,3972.48,4138,4,
9326921,00470,04-21-2020,Retired,206291,659,No,,approved,5976.96,6226,4,.
9328279,01058,,Full-Time,144071,819.0,No,TRUE,Approved,735.84,876,1,"Renewal case."
9329119,00356,03/03/2022,Contract,19290,789,No,Y,Denied,4721.64,7154,2,"Flagged for manual review."
9329687,01297,12/26/2021,Part-Time,82348,637,Yes,N,Denied,1092,1300,3,"Applicant provided pay stubs."
9331777,01257,01/12/2023,Unemployed,53036,676,Yes,Yes,Denied,974.4,1015,5,.
9332360,00357,05-11-2021,Part-Time,51118,806,No,yes,Approved,3654,6090,3,"Applicant provided pay stubs."
9333957,01380,12/11/2021,Full-Time,257510,827,No,TRUE,Approved,5507.04,8344,1,
9334263,00858,28/01/2020,Student,29558,726,No,yes,"Under Review",4927.68,5133,2,n/a
9334980,01501,"November 03, 2020",Full-Time,116999,621,Yes,FALSE,Approved,751.2,1252,3,"Missing bank statements."
9336111,01095,07/30/2024,Student,123583,751,No,FALSE,Denied,1002.54,1519,2,.
9336758,00730,"September 08, 2022",Part-Time,89473,630,No,No,Approved,774.54,993,5,
9336982,00941,08/09/2021,Unemployed,103449,712,Yes,1,Pending,2401.56,2859,5,n/a
9339287,01306,"January 29, 2021",Self-Employed,219223,691,No,Yes,Withdrawn,1522.56,1952,4,
9341300,00537,2021-03-20,Student,220101,,No,Yes,Approved,2987.82,4527,3,
9342836,00307,02/10/2023,Self-Employed,192196,762,No,no,Approved,4652.4,7754,1,"income verified via Plaid"
9342949,01299,22/12/2021,Unemployed,34787,N/A,No,FALSE,Denied,883.08,1338,4,"Applicant provided pay stubs."
9344471,00148,03-03-2024,Part-Time,71759,760,No,false,Denied,819,975,3,"Referred by agent."
9344871,01037,"April 16, 2021",Student,168849,301,No,TRUE,Denied,2631.72,3133,1,"Co-signer pending review."
9349097,00831,2020-02-28,Unemployed,61282,716,No,0,Approved,1338,2230,5,
9349719,00568,2023-01-13,Full-Time,52887,775,No,yes,Approved,1866.48,2828,1,"Co-signer pending review."
9351466,01414,01/25/2022,Part-Time,211857,,No,Y,Withdrawn,766.2,1277,5,"Applicant provided pay stubs."
9352254,00899,"September 23, 2021",Self-Employed,208263,719,No,,Denied,1107.48,1678,5,"Applicant follow-up needed"
9352475,00205,10/12/2024,Retired,6105,417,No,,Denied,748.44,1134,5,"Applicant follow-up needed"
9354215,01555,12-18-2022,Self-Employed,120157,302,No,yes,Denied,653.4,990,5,"Applicant provided pay stubs."
9354390,00722,17/10/2024,Student,91563,655,No,N,Withdrawn,8048.64,8384,4,"Co-signer pending review."
9355066,01602,09/29/2021,Unemployed,199756,725,Yes,FALSE,Approved,1659,1975,4,
9357577,01492,"November 27, 2024","Self Employed",90937,586,No,yes,Approved,3573.24,5414,1,
9358589,01330,"January 15, 2020",Unemployed,168098,601,No,no,Approved,986.7,1265,5,"Missing bank statements."
9360951,00991,"September 10, 2022",Part-Time,283760,721,Yes,true,Denied,2044.56,0,3,.
9363184,00960,"December 29, 2024",Full-Time,44656,672.0,No,Y,Pending,1281.06,1941,1,"Applicant provided pay stubs."
9363216,00488,12-05-2020,Unemployed,42510,744,No,true,Approved,1913.34,2899,3,"docs expired"
9363992,00714,2021-11-01,Student,244424,696,No,false,Approved,3201,4850,1,N/A
9364896,01434,,Retired,247944,,Yes,0,Approved,4631.22,7017,3,N/A
9365141,00841,"August 29, 2023",Contract,117557,604,No,Yes,Denied,2335.32,2994,2,"Applicant follow-up needed"
9365596,01261,07-24-2022,Full-Time,12666,377,No,no,Approved,1038.18,1573,1,"Flagged for manual review."
9366458,00802,03-21-2021,Unemployed,38114,784.0,No,TRUE,Pending,1107.48,1678,4,"Missing bank statements."
9367421,00448,07-29-2020,Full-Time,205958,454,Yes,yes,Denied,1264.2,2107,2,
9370882,00347,01-05-2023,Contract,55655,592,Yes,Y,Pending,2339.22,2999,2,"Renewal case."
9372476,00858,,Retired,83433,429,No,yes,Pending,3387.78,5133,2,
9374644,01135,"April 28, 2023","Self Employed",137405,808,No,N,Approved,2251.2,2680,2,"docs expired"
9378745,01507,"July 08, 2020",Unemployed,85998,756,No,Y,Denied,2319.72,2974,3,
9382651,00782,20/06/2021,Student,150222,598,No,,Denied,2583.36,0,3,"income verified via Plaid"
9382924,01781,09-09-2021,Retired,152684,677,Yes,Y,Approved,1407.6,2346,5,"income verified via Plaid"
9384653,00629,"April 18, 2024",Part-Time,63629,844,No,,pending,852.6,1421,3,n/a
9387153,01701,10-14-2024,Unemployed,321794,,No,1,Pending,2507.34,3799,4,"Missing bank statements."
9388131,00972,2022-12-21,Contract,41530,835,No,Y,Pending,1786.62,2707,3,N/A
9388607,00842,"June 13, 2020",Full-Time,51031,763,No,no,Approved,801.84,1028,3,N/A
9389400,00733,"May 04, 2024",Unemployed,57676,653.0,No,true,Approved,1224.6,1570,5,
9389751,01676,30/05/2023,Part-Time,125606,798,No,FALSE,Approved,4937.28,5143,3,"Applicant follow-up needed"
9393521,00856,02-23-2022,Retired,219965,592,No,Y,Approved,660.66,847,2,"docs expired"
9394017,00365,2021-01-07,Full-Time,160562,767,Yes,yes,Approved,1989.96,2369,1,"Applicant provided pay stubs."
9395239,00037,2021-03-02,Part-Time,180356,770,Yes,no,"Under Review",948.36,1129,5,
9395588,00481,2022-08-23,Student,164234,709.0,Yes,false,Approved,1216.38,1843,3,"Applicant follow-up needed"
9396965,01284,"October 28, 2021",Unemployed,54619,659,Yes,true,Approved,3352.8,5588,3,"Co-signer pending review."
9397079,01775,04/24/2022,Unemployed,153927,N/A,No,1,Denied,1168.44,1391,5,
9399087,00663,01-06-2023,Self-Employed,28714,N/A,No,yes,Approved,1527,2545,3,"Renewal case."
9399323,00220,12/18/2024,Student,85582,690,Yes,,Denied,1652.04,2118,3,"Renewal case."
9402775,00040,11-03-2021,Full-Time,314701,590,No,N,"Under Review",10673.28,11118,3,"Renewal case."
9403656,00886,03-10-2023,Unemployed,282828,712,Yes,TRUE,Approved,2175.36,2266,2,"docs expired"
9405406,00132,03-01-2024,Part-Time,105042,728,Yes,No,Denied,1425.84,1828,1,n/a
9408012,00665,12/20/2022,Self-Employed,179430,749,No,false,"Under Review",3183.96,4082,5,"Applicant provided pay stubs."
9408392,01594,05/26/2021,Full-Time,263346,809,No,Y,Approved,5092.92,6063,5,
9408595,00924,01-18-2020,Self-Employed,16228,630,No,,Approved,919.8,1095,4,"Applicant provided pay stubs."
9408948,00762,05-31-2021,Student,135878,793,No,Y,Approved,1118.04,1331,2,N/A
9409361,00386,11-04-2022,Unemployed,163850,742,Yes,yes,Approved,1794,2300,1,"income verified via Plaid"
9409399,01697,06-24-2022,Part-Time,157267,354,No,1,Denied,1125.3,1705,1,
9410855,01598,"July 18, 2021",Contract,100923,830,No,No,Denied,3122.88,3253,2,"Missing bank statements."
9416324,01073,"April 09, 2024",Full-Time,66367,,No,,Denied,794.4,1324,3,
9418677,01689,2023-10-27,Contract,301732,733,No,,Denied,7433.28,7743,4,"Renewal case."
9420443,00072,"September 28, 2021",Retired,176916,769,No,Y,Denied,2070.42,3137,2,"docs expired"
9422052,00352,10-30-2022,Unemployed,191034,728,No,true,pending,1566.18,2373,2,
9423320,01070,"September 19, 2024",Full-Time,155562,593,No,TRUE,Approved,553.2,922,4,"Referred by agent."
9424013,00909,07/02/2024,Retired,194450,791,No,FALSE,Denied,1034.04,0,1,.
9426155,00393,08-06-2024,Student,152769,,No,TRUE,Pending,2611.2,2720,1,n/a
9426213,00860,"November 28, 2022",Self-Employed,305112,687,Yes,Yes,Pending,2626.26,3367,4,"Referred by agent."
9428646,01780,2024-10-18,Self-Employed,153987,,No,no,Pending,6481.8,8310,4,"Flagged for manual review."
9429268,01315,,Part-Time,169800,N/A,No,TRUE,Denied,939.12,1118,3,
9429601,00282,2020-08-02,Self-Employed,157227,679,Yes,TRUE,Approved,1217.28,1268,5,"income verified via Plaid"
9432853,00768,10/07/2021,Full-Time,24717,717,No,true,Denied,5788.44,6891,3,"Referred by agent."
9433008,00993,"June 15, 2023",Unemployed,190756,795,No,N,Approved,680.46,1031,3,"Applicant follow-up needed"
9433601,01369,02-10-2022,Self-Employed,38461,768,No,FALSE,Approved,1604.16,1671,4,"Renewal case."
9433702,00957,10-19-2020,Full-Time,114807,722,No,TRUE,Approved,1345.2,2242,4,"Missing bank statements."
9436523,01127,2020-07-05,Full-Time,115496,,No,FALSE,withdrawn,2304.72,3492,3,N/A
9437519,00694,2024-03-13,Contract,185946,722,No,false,Approved,2402.4,3080,4,"docs expired"
9437988,01375,"January 26, 2021",Self-Employed,131920,773,No,FALSE,Approved,1991.34,2553,4,"Flagged for manual review."
9440669,00030,08-05-2023,Contract,181576,733,No,TRUE,Approved,1860.6,3101,5,"Applicant provided pay stubs."
9440844,00508,03-30-2020,Retired,47517,691,No,false,Approved,498,830,1,"Missing bank statements."
9441964,00137,,Self-Employed,205657,784,No,false,Withdrawn,1912.32,1992,4,"Referred by agent."
9442354,00108,2021-04-22,Full-Time,214025,655,No,no,Approved,1264.38,0,2,"Referred by agent."
9445282,01245,2021-02-25,Student,71498,582,No,,Pending,2657.76,3164,5,n/a
9445589,01729,2024-05-13,Unemployed,52216,479,No,No,Denied,646.62,829,3,"Referred by agent."
9447040,00625,07/11/2020,Self-Employed,234858,450,No,,Approved,2173.08,2587,3,"Renewal case."
9447081,00187,23/12/2020,Full-Time,193956,720,No,false,Denied,1832.64,1909,1,N/A
9447786,00017,2022-07-07,Part-Time,106382,696,No,N,Denied,2089.56,3166,2,
9448072,00597,04-30-2021,Part-Time,190149,782,Yes,,Approved,2260.8,2355,4,"Applicant follow-up needed"
9450938,00752,19/02/2024,Self-Employed,11240,673,No,Y,Approved,3303.36,3441,4,"Co-signer pending review."
9452190,00443,05/12/2022,Self-Employed,226777,647,No,yes,"Under Review",3982.44,4741,5,n/a
9456232,01214,23/04/2022,Student,183797,328,Yes,1,Approved,812.16,846,2,"Flagged for manual review."
9457299,01590,26/09/2021,Part-Time,95398,,No,N,Approved,1109.94,1423,4,"docs expired"
9459496,00784,11/05/2024,Unemployed,182641,697,No,No,Pending,2089.92,2488,3,"income verified via Plaid"
9460532,00078,"October 16, 2020",Self-Employed,107828,780,No,Yes,Pending,1299.54,1969,4,"docs expired"
9461712,01466,2023-09-06,Unemployed,168700,,No,FALSE,Pending,789.36,1196,3,.
9463787,00673,08/09/2024,Self-Employed,75115,643,No,,Approved,3657.06,5541,4,
9468442,00531,"March 02, 2021",Self-Employed,220494,452,Yes,true,Denied,2967,4945,1,"Flagged for manual review."
9472738,00723,16/11/2020,Part-Time,165505,629,No,false,Denied,4350.36,5179,3,n/a
9474803,01351,06-15-2021,Student,86495,652,Yes,true,"Under Review",3276.78,4201,1,"Referred by agent."
9474965,01049,10/14/2024,PT,208139,715,No,Y,approved,1659,1975,1,"Applicant provided pay stubs."
9475924,00123,05-26-2020,FT,199348,783,No,N,Pending,885.36,1054,4,"income verified via Plaid"
9476086,01083,2020-01-21,Contract,71510,395,Yes,false,Withdrawn,8983.68,9358,5,n/a
9476733,01456,2021-11-15,Self-Employed,237397,698,Yes,false,Approved,4120.2,4905,2,
9478830,01518,18/05/2021,Full-Time,172400000,482,Yes,Yes,Approved,3450.72,0,4,"Co-signer pending review."
9480384,01393,2024-05-09,Contract,162468,509,No,yes,Approved,3065.4,5109,5,"income verified via Plaid"
9481139,00056,"November 22, 2023",Self-Employed,127962,,No,Y,Pending,3767.04,3924,1,"Applicant provided pay stubs."
9482952,00667,"September 27, 2020",Unemployed,40444,769,Yes,FALSE,Denied,1519.2,2532,3,
9488255,00856,"October 15, 2022",Unemployed,61710,664,Yes,true,Pending,559.02,847,2,"Referred by agent."
9488464,01684,27/07/2024,Student,53170,839,No,Yes,Approved,2365.74,3033,5,.
9488505,01326,2023-09-15,Full-Time,232525,414,No,yes,Approved,2375.52,2828,4,"Applicant provided pay stubs."
9489947,01404,2021-10-19,Contract,223252,728,No,Yes,withdrawn,930.24,969,1,N/A
9491665,00794,"January 17, 2023",Self-Employed,192345,583,Yes,N,Withdrawn,2336.04,0,1,"Flagged for manual review."
9492696,01770,19/01/2024,Retired,79360,707,No,no,Approved,2215.2,2840,4,n/a
9493091,00976,,Student,125871,693,No,true,Approved,1717.44,1789,3,"Applicant follow-up needed"
9494281,01378,,Part-Time,143608,803,Yes,FALSE,Approved,526.8,878,3,.
9494298,00174,2024-10-30,Part-Time,79261,830,No,yes,Denied,2032.8,2420,2,"income verified via Plaid"
9494666,00931,2020-11-26,Self-Employed,309186,327.0,No,true,approved,5176.86,6637,1,"Flagged for manual review."
9497913,00301,2022-01-20,Self-Employed,39079,796,No,Yes,Approved,1426.8,2378,2,N/A
9499615,00150,01/22/2024,Student,114923,N/A,No,false,Denied,1743.84,2076,1,N/A
9499995,00535,11/28/2023,Contract,103582,,No,0,Denied,929.76,0,5,.
9500738,01225,14/06/2020,Contract,95199,758,No,N,Approved,1639.56,2102,3,"Renewal case."
9501381,00071,05/31/2021,Full-Time,118024,708,No,0,Approved,3045,3625,1,"Renewal case."
9501610,01364,05/12/2023,Contract,154482,592,No,Yes,"Under Review",4212.78,5401,5,"Applicant provided pay stubs."
9502366,00567,,Full-Time,211089,582,No,Y,Approved,1706.88,1778,5,"Missing bank statements."
9504740,01465,2024-12-12,Retired,130733,615,Yes,false,Withdrawn,1768.8,2680,1,"Referred by agent."
9505654,01623,04-26-2024,Full-Time,190136,747,Yes,FALSE,Withdrawn,3582.6,4265,3,"Referred by agent."
9506621,01202,08-21-2022,Contract,199417,670,No,true,Denied,2487.36,2591,3,"Co-signer pending review."
9506885,01640,29/04/2021,Unemployed,221500,677,Yes,1,Pending,3470.4,5784,2,"income verified via Plaid"
9508293,00907,10-21-2022,Self-Employed,102369,716,No,true,Approved,1308.78,1983,3,"docs expired"
9508569,01336,03-23-2022,Part-Time,139994,747,No,Y,Pending,2725.32,3494,2,"Applicant provided pay stubs."
9509900,00995,"December 03, 2021",Student,177484,850,No,yes,Pending,3941.52,5972,4,"Applicant follow-up needed"
9510434,00371,11-20-2024,Contract,27142,823,No,true,"Under Review",1774.5,2275,1,
9510810,00047,08/12/2021,Student,204559,609,No,yes,Approved,4567.92,5438,2,"income verified via Plaid"
9512341,01281,2022-09-14,Retired,145953,668,Yes,Yes,Approved,3020.64,3596,4,N/A
9513086,00233,2023-09-17,Student,38123,727,Yes,Yes,Denied,2512.44,2991,5,"Flagged for manual review."
9516635,00356,2021-04-09,Student,246742,622,Yes,Yes,Denied,4721.64,7154,1,
9516641,01465,05-04-2024,Full-Time,216280,N/A,No,No,Approved,2090.4,2680,4,"income verified via Plaid"
9517361,00504,"August 11, 2020",Contract,110469,682,Yes,Y,Withdrawn,3782.4,3940,4,.
9518421,00305,26/12/2021,Self-Employed,204111,434,No,0,Approved,4748.04,7194,5,N/A
9518529,01315,08/14/2023,Contract,146337,626,No,no,Pending,670.8,1118,3,"Applicant follow-up needed"
9519568,00676,,Retired,102308,465,No,false,Denied,1810.8,3018,5,
9519898,01278,"December 30, 2020",Unemployed,124216,527,No,Y,Denied,1585.32,2402,2,n/a
9520994,01427,05/01/2022,Retired,202100,,No,1,Approved,2421.6,4036,4,"income verified via Plaid"
9522671,01025,22/01/2024,Unemployed,200753,587,No,true,"Under Review",3889.2,4630,5,"docs expired"
9525385,00543,25/08/2020,Retired,27145,806,No,FALSE,Pending,2388.48,2488,3,"Flagged for manual review."
9526562,01722,09/24/2022,Full-Time,248944,678,No,false,Approved,1616.64,1684,4,
9528011,01265,"January 06, 2023",Retired,88747,N/A,Yes,N,Approved,4633.2,5940,3,
9529225,00593,"March 01, 2020",Contract,50473,735,No,true,Denied,3830.4,4560,4,"docs expired"
9530056,00320,,Part-Time,272665,585,No,false,Withdrawn,1869.78,2833,5,"Flagged for manual review."
9532118,00532,,Retired,108403,760,No,no,approved,929.88,1107,5,"Renewal case."
9532244,01762,"June 15, 2022",Part-Time,34170,711,No,no,Denied,1688.28,2558,4,"Flagged for manual review."
9539189,00751,05/30/2020,Contract,238909,593,Yes,1,Approved,1781.64,2121,2,n/a
9539987,01207,11/26/2024,Part-Time,182811,690,No,true,Approved,2157.54,3269,3,"Referred by agent."
9541432,01164,08/16/2021,Retired,238798,,Yes,FALSE,Approved,3314.88,3453,4,"Applicant follow-up needed"
9542400,00342,"December 27, 2022",Part-Time,249254,752,No,Yes,Pending,899.58,1363,3,
9543246,00489,02/21/2024,Student,27618,723,No,Yes,Approved,1606.8,2060,4,"income verified via Plaid"
9543746,01720,"August 14, 2024",Retired,220067,572,No,no,Withdrawn,4766.16,5674,5,"Missing bank statements."
9544000,00661,06-08-2022,Self-Employed,114991,704,No,0,Approved,3837.24,5814,2,n/a
9544168,01278,2020-04-10,Student,161429,442,Yes,0,Approved,1441.2,2402,4,
9545291,00205,21/11/2020,Part-Time,237654,,No,N,Approved,680.4,1134,2,"Referred by agent."
9545795,01714,03/17/2020,Contract,96737,,No,true,Denied,1683,2805,4,
9548465,00968,"March 14, 2021",PT,198135,759,No,N,"Under Review",1963.8,3273,4,
9554194,01453,27/08/2024,Student,231053,,No,TRUE,Denied,2337.66,2997,5,"Renewal case."
9554283,01217,"February 15, 2024",Student,224257,N/A,No,yes,Approved,2316.6,0,1,"Referred by agent."
9556301,01341,19/05/2020,Student,112369,687,Yes,no,Approved,5790.96,6894,2,n/a
9557979,00252,20/03/2021,Unemployed,299795,682,No,yes,Approved,1386,1650,4,
9558081,01485,"April 24, 2021",PT,181561,,No,true,Approved,2436.06,3691,4,"docs expired"
9559192,00340,07/16/2021,Unemployed,97500,,Yes,No,Approved,7164.6,11941,5,n/a
9560388,00632,06/08/2023,Full-Time,44313,,No,no,Approved,4736.94,6073,3,n/a
9560420,00726,10-10-2022,Self-Employed,187641,616,Yes,N,Approved,1597.68,1902,3,n/a
9560686,00022,2021-09-06,Unemployed,86711,772,No,0,Approved,1863.36,1941,2,"Co-signer pending review."
9563124,01422,"September 22, 2022",Contract,26755,709,No,FALSE,Approved,1768.26,2267,3,N/A
9564230,01374,2020-05-28,Full-Time,231344,718,Yes,TRUE,Approved,2250.6,3751,4,N/A
9570676,01332,"August 26, 2023",Part-Time,13236,738,No,N,Approved,2330.46,3531,4,N/A
9571202,00394,29/07/2024,Full-Time,113328,N/A,No,N,Approved,1012.8,1688,5,.
9574375,01136,2024-05-11,Unemployed,71295,778,No,FALSE,Approved,3254.94,4173,2,
9574473,00437,2023-05-05,Student,44217,634,No,yes,Pending,2133.3,2735,3,"docs expired"
9574989,00096,04-06-2021,Full-Time,150997,687,No,no,Approved,2387.22,3617,3,
9575506,00356,"November 03, 2021",Student,69720,656,No,true,"Under Review",6009.36,7154,1,"Missing bank statements."
9575987,01393,18/11/2020,Full-Time,92409,808,No,TRUE,Pending,4291.56,5109,1,N/A
9576406,01124,,Unemployed,137624,731,No,false,"Under Review",3688.32,3842,3,
9578006,00486,"August 09, 2024",Full-Time,46992,N/A,Yes,no,Approved,1998.36,2562,3,"Renewal case."
9578570,00549,11-01-2023,Retired,179692,753,No,true,Pending,2315.04,2968,2,"Applicant follow-up needed"
9579053,00278,2023-05-07,Full-Time,150597,534,No,yes,Denied,2972.4,0,5,n/a
9579750,01015,01-20-2023,Full-Time,182652,,No,,Denied,3765.96,5706,1,"Applicant provided pay stubs."
9580276,01609,,Unemployed,15703,633,No,TRUE,Approved,3796.32,5752,4,"Co-signer pending review."
9580448,01535,"March 11, 2024",Self-Employed,164126,757,No,TRUE,Denied,2878.8,0,1,"Co-signer pending review."
9581705,01258,04/10/2023,Full-Time,128377,778,No,1,Approved,1130.58,1713,5,n/a
9583283,00435,04/08/2021,Self-Employed,164105,,No,1,Denied,1038.6,1731,5,"Applicant follow-up needed"
9584190,01591,27/06/2022,Part-Time,187618,738,No,no,Approved,4371.6,7286,4,"Flagged for manual review."
9587871,01116,24/10/2024,Student,230383,755,No,Y,Pending,4060.68,5206,4,"Flagged for manual review."
9589357,00436,"February 27, 2022",Retired,204748,759,No,N,Denied,2887.56,3702,3,"Co-signer pending review."
9589556,01436,05/04/2023,Student,247520,841,No,,Approved,3838.56,5816,1,.
9591068,00269,19/03/2021,Self-Employed,220045,738,No,false,Denied,1591.2,2040,3,n/a
9591223,00667,2024-08-01,Contract,45591,,No,false,Denied,1974.96,2532,1,N/A
9596235,01194,08/09/2021,Full-Time,41978,594,No,N,Approved,1756.2,2927,1,n/a
9598261,01045,08-30-2023,Part-Time,160503,433,No,Y,Denied,2728.2,4547,1,"Referred by agent."
9598904,01692,,Full-Time,279838,730,No,1,"Under Review",3043.92,4612,2,"Renewal case."
9599621,01782,2021-12-13,"Self Employed",241972,,No,no,Approved,5687.04,5924,3,
9599681,01186,2020-11-27,Contract,210574,760,No,,Approved,3697.98,5603,4,"income verified via Plaid"
9600646,01316,04/25/2022,Student,160346,674,No,No,approved,1606.08,1673,3,"income verified via Plaid"
9601152,00593,26/03/2024,Unemployed,87860,807,No,,Denied,3556.8,0,4,"Applicant provided pay stubs."
9603736,01733,"August 24, 2024",Unemployed,261600000,774,No,,"Under Review",7034.94,10659,2,"Missing bank statements."
9604658,00422,2022-09-02,Part-Time,66910,600,No,1,Denied,834.6,1070,2,N/A
9606071,01670,2024-06-14,Unemployed,323638,766,No,false,Approved,3603.6,6006,2,.
9606772,00076,27/05/2020,PT,237067,722,No,yes,Approved,1269.18,1923,4,"Missing bank statements."
9606975,01344,08/01/2024,Contract,83652,640,No,false,Approved,2547.6,4246,3,N/A
9607678,00078,2020-10-16,Student,241577,,No,true,Denied,1535.82,0,4,"Referred by agent."
9607992,00246,"October 14, 2020",Contract,47600,676,No,FALSE,"Under Review",5000.64,5209,2,
9608167,00141,"November 24, 2023",FT,108917,715,No,,Denied,2384.46,3057,5,n/a
9608435,00970,07/23/2020,Retired,109475,728,No,0,withdrawn,2299.92,2738,4,"Referred by agent."
9611842,00440,2020-02-24,Part-Time,98814,668,No,false,Pending,3829.44,3989,4,.
9613184,00995,2024-07-16,Full-Time,76308,746,No,no,Approved,3583.2,5972,3,"Missing bank statements."
9613185,01737,29/09/2022,Retired,133758,619,No,,Denied,984.48,1172,4,"Applicant follow-up needed"
9613723,01755,08-03-2020,Part-Time,28596,732,No,no,Approved,2689.92,2802,3,"docs expired"
9614009,00463,,"Self Employed",20523,791,No,,Approved,2376,3600,5,"Referred by agent."
9615642,00142,2021-05-03,Contract,160748,759,No,Y,Approved,3211.26,4117,5,"Applicant provided pay stubs."
9615855,00457,10/06/2021,Unemployed,121627,697,Yes,true,Approved,4186.56,4361,3,
9622764,01113,07/03/2022,Self-Employed,175756,773,No,Yes,Approved,1604.16,1671,4,.
9624656,00676,02-01-2021,Part-Time,5291,848,No,N,Withdrawn,2897.28,3018,2,"docs expired"
9626036,00240,11/19/2020,Retired,187183,726,No,false,Pending,2399.4,3999,1,"Flagged for manual review."
9626464,01462,02/29/2020,Full-Time,240134,714,No,0,"Under Review",927,1545,3,"Flagged for manual review."
9629471,01071,"April 30, 2020",Contract,126738,726,No,true,Approved,2059.8,0,3,"Referred by agent."
9631159,01324,10-08-2021,Part-Time,210112,817,No,TRUE,Approved,654.42,839,3,"docs expired"
9632126,00288,06/15/2021,Self-Employed,159017,632,No,1,Denied,2500.8,4168,1,"Co-signer pending review."
9633010,01771,02-11-2024,Student,159048,836,No,Y,Denied,4137.6,4310,1,"Flagged for manual review."
9636297,01776,12-12-2020,Part-Time,181010,646,Yes,false,Approved,3663.36,3816,5,
9637149,01490,12/04/2021,Student,159199,669,No,Y,Approved,1687.14,2163,4,.
9641349,01046,"January 05, 2024",Self-Employed,20941,604,No,,Approved,1072.68,1277,5,"Co-signer pending review."
9643342,01731,08/13/2021,Retired,188750,598,No,TRUE,approved,4100.16,4271,1,.
9643387,01167,2022-12-28,Contract,28018,470,No,1,Pending,4148.76,6286,4,n/a
9645993,01318,"August 27, 2020",FT,167880,815,No,false,Approved,3359.04,3499,1,"Missing bank statements."
9647987,01438,2022-01-15,Full-Time,145614,778,No,false,approved,2224.2,3370,4,"docs expired"
9648899,01185,13/05/2022,Retired,85282,364,No,,Pending,1948.8,2030,1,N/A
9650469,00225,01/12/2023,Self-Employed,182609,749,No,Y,Approved,1064.4,1774,2,n/a
9650819,00112,2020-03-22,Unemployed,117565,607,Yes,,Denied,3068.34,4649,2,
9652450,01358,12-15-2023,Part-Time,126670,708,No,No,Approved,3075.54,3943,4,N/A
9653084,00059,14/10/2022,Student,38475,726,No,No,Approved,1513.2,2522,3,"Referred by agent."
9653945,01753,2021-01-16,Self-Employed,143992,711,Yes,false,Approved,1480.2,2467,5,"docs expired"
9656629,00501,07-06-2022,Full-Time,175772,667,Yes,yes,Pending,1233.96,1469,2,"Applicant provided pay stubs."
9660331,00653,05-20-2020,Part-Time,246013,652,No,FALSE,Denied,909.48,1378,3,N/A
9660403,01258,12/04/2024,Contract,92147,721,No,yes,Approved,1027.8,1713,4,
9661864,00682,"November 27, 2022",Self-Employed,54612,339,No,No,Pending,4539.48,6878,3,"Co-signer pending review."
9662375,00613,15/02/2021,Full-Time,120421,725,No,No,Withdrawn,5291.52,5512,4,"income verified via Plaid"
9663494,00849,01-02-2024,Full-Time,200157,N/A,No,1,approved,1869,2225,4,"docs expired"
9663707,01373,"February 28, 2024",Unemployed,79074,591,Yes,no,Denied,712.92,914,2,"Missing bank statements."
9664678,00284,,Contract,149082,742,No,yes,Denied,1691.58,2563,4,n/a
9665833,01136,07/10/2022,Part-Time,196209,834,No,TRUE,Approved,2754.18,4173,2,"income verified via Plaid"
9667270,00560,2023-01-06,Student,105383,822,Yes,false,Approved,1362.48,1622,3,N/A
9671997,01753,27/12/2020,Full-Time,167240,688,No,1,Approved,2368.32,2467,3,"Applicant provided pay stubs."
9677014,01427,05-25-2024,Retired,185824,385,Yes,true,Pending,3390.24,4036,4,"Applicant provided pay stubs."
9678674,00883,07/02/2021,Student,28076,800,Yes,TRUE,"Under Review",6010.56,6261,5,n/a
9679035,01336,"November 11, 2020",Part-Time,224151,695.0,No,1,Approved,3354.24,0,2,"Applicant provided pay stubs."
9682040,00203,07/22/2021,Retired,145433,,No,No,Approved,1715.22,2199,2,.
9682467,01263,05-28-2024,Contract,76388,730,No,TRUE,Withdrawn,2845.44,2964,3,
9684134,01462,03-11-2022,Retired,142435,614,No,Y,Approved,1019.7,1545,3,"Applicant follow-up needed"
9685320,01032,"April 11, 2023",Student,134139,788.0,No,yes,Denied,2293.2,2940,4,"Applicant provided pay stubs."
9687931,01377,10/24/2020,Retired,132027,755,No,1,Denied,2432.4,4054,4,"Flagged for manual review."
9688810,00469,12/05/2023,Contract,138210,677,No,false,Approved,4565.4,5435,3,"Applicant provided pay stubs."
9689982,00674,"October 29, 2022",Retired,125647,637,No,FALSE,Pending,2955.48,4478,3,"Applicant follow-up needed"
9691333,00291,28/10/2022,Unemployed,104738,632,No,true,Approved,1537.92,1602,2,"Co-signer pending review."
9692629,00319,2023-07-07,Self-Employed,159113,695,No,yes,Denied,1867.14,2829,3,
9692866,00372,08/08/2023,Part-Time,139617,,No,false,Approved,1305.72,1674,2,"Co-signer pending review."
9696188,01468,"February 26, 2020",Contract,88877,781,Yes,N,Denied,1687.62,2557,3,"Renewal case."
9697584,00140,"July 11, 2023",Student,241876,675,Yes,TRUE,Approved,824.34,0,5,
9698096,00528,12-05-2021,Full-Time,247425,690,No,No,denied,5201.28,6192,3,
9698248,00130,08/17/2023,Full-Time,245175,,No,,"Under Review",2982.84,3551,4,"Applicant follow-up needed"
9698834,00032,13/06/2021,Full-Time,41275,736,Yes,FALSE,Pending,848.76,1286,4,n/a
9700372,01565,15/03/2021,Full-Time,197710,600,No,1,Approved,3370.08,4012,5,"Missing bank statements."
9701987,00562,2023-08-13,Unemployed,201159,830,No,1,approved,1317.12,1568,3,"Applicant follow-up needed"
9702767,00076,"July 11, 2021",Full-Time,88338,745,No,true,Pending,1615.32,1923,2,"Applicant provided pay stubs."
9703131,00708,2023-03-16,Student,53600000,715,No,No,Withdrawn,4201.86,5387,3,
9703721,01768,03/12/2021,Unemployed,198791,627,No,1,Pending,2708.4,4514,4,"Flagged for manual review."
9705127,00944,06/08/2024,Part-Time,182061,818,No,N,"Under Review",1236.3,1585,3,"Applicant follow-up needed"
9705726,01643,09/10/2023,Full-Time,144669,N/A,Yes,Yes,Approved,2256.96,2351,3,"income verified via Plaid"
9705973,00306,"June 02, 2022",Part-Time,192928,405,No,No,Pending,1594.8,2658,3,N/A
9706966,01566,26/03/2021,Self-Employed,206948,445.0,Yes,true,Approved,1321.32,1694,4,"Renewal case."
9707259,01415,2022-06-09,Part-Time,189622,834,No,1,Approved,2425.5,3675,4,N/A
9707453,00279,13/09/2023,Contract,130017,707,No,FALSE,Pending,1691.52,1762,1,"Applicant provided pay stubs."
9707996,00470,10-13-2020,Student,202814,597,No,FALSE,Denied,3735.6,6226,5,"Applicant follow-up needed"
9710380,01229,05/04/2021,Self-Employed,171559,724,Yes,,Approved,7371,9450,2,"Co-signer pending review."
9713244,00116,01/11/2021,Retired,21297,,No,no,Denied,2256.6,3761,3,"Referred by agent."
9713341,00918,13/02/2023,Self-Employed,61523,666,Yes,No,Approved,2526.48,3828,3,"docs expired"
9713698,00048,07-27-2022,Part-Time,110176,692,Yes,true,Approved,1829.52,2772,1,"Renewal case."
9714930,01612,09-06-2024,Part-Time,106084,677,No,no,Pending,1405.14,2129,3,"Applicant follow-up needed"
9715461,01232,2021-03-09,Full-Time,190842,845,No,1,Pending,2227.68,2856,2,.
9716251,01567,12-04-2024,Contract,193013,,No,Y,"Under Review",1088.64,1134,4,
9718088,01778,"April 10, 2022",Part-Time,225274,N/A,No,0,Approved,3397.68,4356,5,"Renewal case."
9719516,00206,01-04-2023,Unemployed,108611,734,No,yes,Approved,2157.6,3596,2,
9721292,00122,05-09-2022,Part-Time,188453,744,No,TRUE,Denied,980.1,1485,2,n/a
9723496,01496,10-25-2023,Student,200290,,Yes,FALSE,Denied,4548.18,5831,2,"income verified via Plaid"
9724904,00036,"December 24, 2023",Contract,138082,823,No,yes,Denied,2425.5,3675,2,"income verified via Plaid"
9726275,01262,"January 14, 2024",Retired,166931,689,No,No,Approved,6645.12,6922,4,
9727830,00202,"November 07, 2024","Self Employed",178110,347,No,1,Approved,6024.72,7724,5,"Referred by agent."
9729056,00897,02/07/2023,Retired,84225,718,No,N,Denied,1074.84,1378,5,N/A
9729965,00073,"November 28, 2024",Self-Employed,249130,808,No,no,Denied,2696.76,4086,1,"Applicant follow-up needed"
9731050,00779,2020-07-07,Unemployed,188845,627,No,Yes,"under review",6321.9,8105,3,"Co-signer pending review."
9731331,01299,"July 14, 2022",Student,58638,651,No,TRUE,"Under Review",1043.64,1338,4,"Renewal case."
9733409,00936,2022-01-21,Full-Time,129245,609,No,Yes,Approved,4128.96,6256,1,"docs expired"
9734032,00606,25/11/2021,Retired,59731,622,Yes,true,Denied,2072.64,2159,3,"Co-signer pending review."
9734948,00607,"December 29, 2020",Student,179636,741,No,FALSE,Denied,697.2,1162,3,"Missing bank statements."
9735373,00910,,Part-Time,113674,,No,Yes,Approved,1907.88,2446,5,
9736942,01062,03-24-2021,Unemployed,204537,738,No,Yes,"Under Review",949.2,1130,1,"income verified via Plaid"
9738585,00114,,Retired,177085,691,No,false,Pending,1568.82,2377,4,"Renewal case."
9742805,00073,25/10/2020,Full-Time,84805,731,No,No,denied,3432.24,4086,2,"Renewal case."
9744312,01354,01/25/2022,"Self Employed",135369,822,No,1,Approved,1742.16,2074,4,"Co-signer pending review."
9744472,00485,10/01/2023,Student,147501,837,No,N,"Under Review",2242.68,3398,4,"income verified via Plaid"
9745599,01037,08-08-2023,Retired,19701,701.0,Yes,false,Withdrawn,1879.8,3133,3,"Missing bank statements."
9745838,01503,02/08/2022,Unemployed,123530,703,No,No,Denied,2915.52,3037,2,"Missing bank statements."
9750858,00079,"February 03, 2024",Retired,30773,658,No,true,Denied,2693.76,2806,1,"Applicant provided pay stubs."
9751355,00544,"December 10, 2024",Retired,66882,,No,Y,Pending,2181.66,2797,3,"Applicant follow-up needed"
9751687,00024,2020-06-03,Unemployed,318450,608,No,1,"Under Review",2849.28,2968,4,"income verified via Plaid"
9753763,00860,"October 15, 2023",Retired,70489,753,No,no,Denied,2626.26,3367,1,"docs expired"
9753849,01742,04-26-2022,Unemployed,138553,669,Yes,,denied,2650.8,4418,4,"Applicant provided pay stubs."
9754572,01507,02/21/2023,Unemployed,194524,747,No,0,Approved,2498.16,2974,4,n/a
9755794,01554,11/04/2024,"Self Employed",111621,738,No,,Withdrawn,1187.52,1237,5,"Flagged for manual review."
9755799,00879,2024-02-06,Contract,189560,725,No,No,"Under Review",691.86,887,3,"Co-signer pending review."
9755974,01058,"February 06, 2023",Retired,247389,,No,0,Pending,840.96,876,4,"Co-signer pending review."
9756325,01504,2021-09-18,Self-Employed,173723,743,Yes,No,Pending,6165.9,7905,1,"Referred by agent."
9756944,00684,12/29/2021,Full-Time,29771,747,No,TRUE,Pending,1126.44,1341,1,"Applicant provided pay stubs."
9757434,00097,"June 22, 2021",Retired,238494,613,No,,Approved,1558.08,1623,2,"Flagged for manual review."
9758664,01694,"May 19, 2023",Full-Time,130891,757,No,Yes,"Under Review",1795.56,2302,2,.
9760560,00933,28/05/2021,Part-Time,62717,622,No,false,Approved,1653.12,1722,3,"Applicant provided pay stubs."
9762515,01537,"January 25, 2020",Contract,271229,850,No,No,Denied,881.4,1469,1,"docs expired"
9762610,00914,04-04-2021,Student,282354,849,No,0,Approved,4778.88,4978,3,"Applicant follow-up needed"
9763118,01795,01/07/2022,Student,64333,676,No,false,Denied,6232.32,6492,3,"Flagged for manual review."
9764117,01214,09-24-2023,Contract,65679,N/A,No,,Approved,710.64,846,4,
9765456,01684,01/12/2022,Full-Time,232078,,No,no,Approved,1819.8,3033,4,n/a
9765521,00110,2021-05-16,Full-Time,12868,,No,true,Approved,1946.34,2949,4,"Flagged for manual review."
9766932,01484,"June 18, 2024",Retired,86716,773,Yes,true,"Under Review",2736.24,3508,2,
9768572,00972,2022-10-29,Part-Time,210371,643,No,yes,Denied,2111.46,2707,4,.
9768882,01046,2020-11-03,Student,145067,750,No,true,Denied,1072.68,1277,1,"Co-signer pending review."
9771474,00429,10-17-2021,Contract,195827,821,No,false,Withdrawn,4840.92,0,1,
9774255,01553,18/11/2020,Contract,227400,797,No,false,Approved,1915.2,3192,5,"Missing bank statements."
9774775,00287,"February 20, 2021",Student,120178,800,No,FALSE,Pending,3342,5570,2,"Referred by agent."
9775474,01319,04/24/2021,Unemployed,130346,N/A,No,no,Approved,2247.84,2676,1,"income verified via Plaid"
9776389,01094,"July 17, 2020",Self-Employed,230754,667,No,Y,Denied,3034.56,3161,2,"Applicant follow-up needed"
9778018,00744,01-07-2022,Retired,18074,825,No,N,Withdrawn,2890.68,3706,4,"income verified via Plaid"
9778886,01798,03-25-2020,Self-Employed,266613,368,Yes,false,Approved,6650.88,6928,5,"docs expired"
9779142,00827,05/01/2023,Self-Employed,235497,676,No,yes,Approved,3605.28,4292,5,"docs expired"
9781450,01105,"September 24, 2020",Contract,159863,831,No,Y,Denied,1014.72,1208,2,"Referred by agent."
9781995,00545,,Part-Time,49904,368,No,true,Approved,2066.4,3444,5,"Applicant provided pay stubs."
9782049,00238,01-03-2021,Unemployed,154969,660,No,N,Denied,12098.88,12603,2,"Renewal case."
9785568,00721,06-19-2024,Contract,157834,,No,N,Denied,3470.88,4132,2,"Co-signer pending review."
9786307,00153,09/14/2024,Retired,318858,691,Yes,TRUE,Pending,4274.88,4453,2,n/a
9786929,01080,2022-09-29,Part-Time,87347,753,No,No,Approved,2651.22,4017,5,"Co-signer pending review."
9786992,01505,09/30/2020,Part-Time,19086,823,No,false,Withdrawn,2663.7,3415,3,
9790027,00222,04/19/2020,Student,87980,476,No,Yes,Approved,1655.28,2508,1,"Applicant provided pay stubs."
9790480,01281,2022-10-14,Student,71226,339,No,FALSE,Pending,3020.64,3596,5,
9792697,01148,04/24/2023,Part-Time,195530,,No,no,Denied,1268.4,2114,3,"Applicant follow-up needed"
9793976,01761,"June 07, 2022",Self-Employed,100972,623,No,N,Pending,6935.88,8257,2,.
9794169,00930,22/06/2023,Student,119516,762,Yes,,"Under Review",2181.48,2597,5,"Missing bank statements."
9796311,00631,11-25-2021,Full-Time,155713,766,No,N,Withdrawn,1901.76,1981,2,.
9796858,01771,05/07/2022,Retired,221899,771,No,N,Approved,2586,4310,4,
9797371,00331,2024-01-19,Contract,143710,773.0,No,yes,Denied,1764.48,1838,3,"Flagged for manual review."
9798733,01371,2022-02-08,Self-Employed,105008,671.0,No,true,Approved,3792,3950,3,n/a
9800461,00961,"August 01, 2020",Contract,46040,758,No,,"Under Review",1399.44,1666,4,"Referred by agent."
9800516,01711,"November 19, 2024",Self-Employed,181852,715,No,TRUE,Approved,1486.8,0,4,"Co-signer pending review."
9801722,01465,11/23/2022,Student,160737,637.0,No,yes,Denied,1608,2680,4,.
9802026,00262,23/06/2021,Self-Employed,144155,690,No,1,Approved,1003.2,1045,2,"Applicant follow-up needed"
9802605,00285,"August 07, 2021",Unemployed,93419,799,No,false,pending,2613.78,3351,4,"Applicant follow-up needed"
9803989,01201,"June 15, 2022",Unemployed,188011,662,No,Y,Approved,4458.24,4644,2,N/A
9805940,01034,2021-11-08,Unemployed,223646,729,No,0,Denied,2217.6,3360,4,"docs expired"
9806121,01274,11/08/2022,Unemployed,129895,762,No,yes,Approved,2184,2800,2,"Co-signer pending review."
9812681,00161,,Part-Time,64300000,694,No,FALSE,Denied,3365.04,4006,2,"Co-signer pending review."
9813293,01189,09/06/2020,Contract,197504,691,No,Yes,Denied,3594.36,4279,1,"Applicant follow-up needed"
9813661,01512,"July 15, 2022",Contract,164474,589,No,Y,Denied,2267.46,2907,1,"Missing bank statements."
9816291,00475,04/10/2021,Full-Time,212538,767,No,N,Approved,1921.14,2463,4,"docs expired"
9818147,00300,,Self-Employed,238076,654,No,no,Approved,3876.6,4970,4,"Renewal case."
9818263,01243,2022-10-25,Unemployed,115625,580,Yes,no,Approved,6005.16,7149,2,
9820021,01617,,Part-Time,56023,837,No,0,Approved,684.6,815,3,.
9821331,00884,"October 20, 2024",Full-Time,133001,593,Yes,,Approved,4911.66,6297,4,.
9826867,00914,2023-04-13,Retired,220719,N/A,No,yes,Denied,3285.48,4978,2,
9827616,01524,11/12/2023,Self-Employed,48292,834,No,yes,Approved,1848,2800,1,"Missing bank statements."
9827957,01129,"June 29, 2020",Full-Time,24086,749,No,,Approved,3037.44,3164,1,
9829307,01178,24/09/2024,Unemployed,158028,840,Yes,Y,Denied,2585.28,2693,3,.
9834806,01426,15/08/2022,Self-Employed,321916,626,No,N,Pending,5562.96,7132,1,.
9841311,00299,11-20-2023,Contract,185542,670,No,,Denied,4300.8,4480,2,"Co-signer pending review."
9844144,00496,"February 26, 2024",Student,7157,720,No,1,Denied,2236.26,2867,5,"Renewal case."
9844300,00288,03-30-2024,Contract,150083,766,No,no,Approved,2500.8,4168,5,
9847452,01016,12/29/2022,Full-Time,56792,614,No,Yes,Denied,5998.44,7141,1,"Applicant follow-up needed"
9847541,00701,18/08/2024,Part-Time,38358,742,No,No,Approved,1277.76,1331,4,"Flagged for manual review."
9849722,00552,06-18-2023,Self-Employed,299647,699,No,No,Approved,5930.1,8985,1,"Co-signer pending review."
9850152,01352,"October 29, 2022",Self-Employed,190025,641,Yes,0,Approved,1267.8,2113,1,"Referred by agent."
9855305,00921,"October 29, 2023",Unemployed,90290,N/A,Yes,0,Denied,932.4,1110,2,"income verified via Plaid"
9855423,00931,02/19/2021,Contract,279978,342,No,N,"Under Review",4380.42,6637,4,"Applicant provided pay stubs."
9858463,00299,13/07/2023,Student,67392,694,No,No,Denied,2688,4480,2,"Applicant provided pay stubs."
9861510,01527,"June 06, 2022",Self-Employed,83069,644,No,,Approved,786.72,1192,2,"docs expired"
9862471,01143,08-31-2021,Contract,166282,767,No,0,Denied,1498.8,2498,4,"Applicant provided pay stubs."
9864001,01773,06/25/2021,Student,30156,774,No,TRUE,Approved,4157.16,4949,3,"Applicant follow-up needed"
9864510,01038,2020-05-23,Retired,175610,727,No,N,Denied,4263,7105,1,.
9864540,00928,30/05/2024,Part-Time,41127,773,No,TRUE,Denied,973.8,1623,4,"Applicant follow-up needed"
9865937,01738,03/01/2021,Part-Time,154307,680,Yes,Y,Approved,2030.4,2115,3,
9865986,00020,2020-09-19,Full-Time,132411,,No,yes,Approved,3024,5040,2,"Co-signer pending review."
9867039,01431,04-30-2021,Retired,179767,531,Yes,1,Approved,7090.98,9091,5,"Applicant provided pay stubs."
9867519,01591,12/10/2021,Full-Time,88668,,Yes,0,Approved,6120.24,7286,2,
9867650,01113,04/14/2024,Full-Time,132835,791,No,true,Denied,1002.6,0,1,"Applicant provided pay stubs."
9870545,00863,01-08-2023,Unemployed,137034,619,No,true,"Under Review",828.96,1256,5,
9872014,00598,,Retired,178120,606,No,No,Denied,3352.32,3492,4,"Co-signer pending review."
9872273,01767,12/13/2021,Student,190105,749,No,TRUE,Approved,3865.92,4027,1,"Renewal case."
9872291,01253,"December 15, 2021",Student,104809,592,No,FALSE,Pending,4197.96,5382,2,"income verified via Plaid"
9872731,00030,2023-10-11,Contract,187040,,No,true,Denied,2046.66,3101,5,"Applicant provided pay stubs."
9873145,00574,2020-03-12,Self-Employed,133867,832,No,true,Approved,6584.64,6859,3,N/A
9873585,00609,10/26/2024,"Self Employed",220692,829,Yes,0,Approved,3411,5685,3,
9874575,01427,08-19-2023,FT,46510,N/A,No,0,Denied,2421.6,4036,3,"Applicant follow-up needed"
9874650,00739,"October 13, 2021",Full-Time,242014,680,No,N,Approved,1899,3165,5,"income verified via Plaid"
9875366,00666,04/11/2020,Part-Time,93076,623,No,Y,Denied,1114.08,1688,4,"Co-signer pending review."
9876671,00206,10-13-2021,Part-Time,112356,585,No,Yes,pending,3452.16,3596,1,"Applicant follow-up needed"
9877644,00362,"February 02, 2020",Contract,138583,691,Yes,No,Approved,2528.76,3242,2,"Applicant provided pay stubs."
9880139,01450,2021-04-01,Student,140394,699.0,Yes,No,Withdrawn,882,1050,1,"Missing bank statements."
9880328,00336,2023-10-21,Part-Time,38935,673,No,No,"Under Review",2047.68,2133,4,"docs expired"
9882139,01550,29/01/2024,Part-Time,31262,717,Yes,FALSE,Approved,4288.32,4467,3,"income verified via Plaid"
9882622,01165,01/26/2023,Self-Employed,194638,750,No,1,Approved,534.6,891,5,.
9883186,00211,2024-06-07,Unemployed,192779,703,No,Y,Approved,939.84,1424,5,
9884595,00705,03/15/2020,Part-Time,202238,811,Yes,Yes,Approved,1859.4,3099,5,"Flagged for manual review."
9885478,01538,04/14/2023,Unemployed,62736,727,No,1,"Under Review",1651.2,1720,4,n/a
9885806,00447,"October 03, 2024",Self-Employed,53198,418,No,Yes,Approved,2886,4810,3,"docs expired"
9889139,00430,,"Self Employed",63383,675,Yes,no,Approved,1883.28,2242,5,
9889696,00628,01/24/2020,Full-Time,121527,707,No,no,Approved,3495.96,4482,4,"income verified via Plaid"
9890168,01574,26/08/2024,Full-Time,140273,647,No,N,Approved,751.2,1252,4,"Missing bank statements."
9890239,00717,23/01/2024,Part-Time,65161,722,Yes,yes,Approved,5859,6975,2,
9890438,00297,06-17-2020,Contract,163004,695,No,1,Denied,3010.56,3584,5,"Flagged for manual review."
9891062,01248,2024-12-20,Contract,224098,779,No,true,Pending,5028,8380,4,
9891177,01244,07-08-2021,Student,283532,723,No,N,Denied,7944,8275,5,
9893185,00726,2020-12-20,Full-Time,108565,599,No,0,Denied,1483.56,1902,1,"Co-signer pending review."
9893942,01198,"October 28, 2023",Full-Time,240771,718,No,false,Denied,6632.64,7896,2,
9895923,01746,13/04/2023,Contract,57515,682.0,No,1,Pending,2326.8,2770,1,"Flagged for manual review."
9896584,01416,2021-03-18,Contract,34700000,,Yes,yes,Approved,2854.8,3660,2,
9898372,00246,"January 20, 2020",Student,90126,843,No,FALSE,Approved,5000.64,5209,2,"Applicant provided pay stubs."
9899082,01489,18/04/2022,Retired,201030,674,No,no,Denied,781.2,1302,1,N/A
9901908,00997,2020-05-18,Full-Time,140086,676,No,No,Pending,3795.12,4518,1,"Applicant provided pay stubs."
9904127,00688,"September 06, 2020",Full-Time,158141,741,No,TRUE,Approved,1956.6,3261,4,"income verified via Plaid"
9904368,00535,12/27/2020,Self-Employed,122600000,641,No,N,Pending,1144.32,1192,1,"Co-signer pending review."
9904451,00156,"December 14, 2023",Unemployed,94777,778,No,No,Pending,2572.2,4287,2,n/a
9907116,00993,05/21/2021,Student,95106,822,Yes,true,Approved,989.76,1031,1,.
9909855,00751,2020-11-24,Self-Employed,59700000,675,No,yes,Approved,1399.86,2121,5,n/a
9911422,00711,2023-02-03,Part-Time,241896,615,No,No,Approved,595.8,993,2,"docs expired"
9911536,01177,08/24/2024,Student,19820,665,No,N,Pending,3689.4,4730,4,
9911674,01780,21/01/2024,Retired,131084,590,No,Yes,Approved,6481.8,8310,4,.
9912558,00341,03-30-2021,Contract,106255,728.0,Yes,TRUE,"Under Review",1913.52,2278,3,"income verified via Plaid"
9913487,01567,2024-03-07,Part-Time,37598,706,No,0,Pending,680.4,1134,4,"Co-signer pending review."
9916651,01355,28/08/2023,Part-Time,75452,690,No,0,Pending,4347,0,3,"docs expired"
9917623,01204,"February 05, 2023",Self-Employed,19102,653,No,N,Denied,4400.88,6668,5,"Applicant provided pay stubs."
9917660,00158,"December 22, 2020",Part-Time,127458,754.0,No,no,Denied,753,1255,1,N/A
9917800,00526,"October 18, 2023",Unemployed,230077,694,No,no,Pending,2145.6,3576,3,n/a
9918979,00362,"June 10, 2020",Full-Time,107012,815,No,No,Withdrawn,2139.72,3242,4,"Co-signer pending review."
9920311,01180,2024-01-26,Student,196801,690,No,N,Approved,3191.4,5319,4,"Referred by agent."
9921868,01096,02-10-2020,Self-Employed,72613,545,No,0,Approved,2432.64,2534,5,.
9922033,01246,02-07-2021,Part-Time,197979,624,No,FALSE,Approved,1367.4,2279,4,N/A
9923802,01240,2023-06-06,Full-Time,26210,563,Yes,false,Pending,3331.02,5047,3,
9923933,00124,2022-03-07,Unemployed,24666,642,Yes,TRUE,Pending,954.24,994,4,"Renewal case."
9927094,00240,2023-05-06,Self-Employed,160731,579.0,No,FALSE,Approved,3119.22,3999,3,"Renewal case."
9929515,01224,08-30-2021,Part-Time,64230,,No,FALSE,Denied,2609.64,3954,3,"Flagged for manual review."
9930344,01780,"July 04, 2024",Unemployed,39175,703,No,false,Approved,6481.8,8310,4,n/a
9930734,01776,17/02/2021,Part-Time,114405,811,No,No,Denied,3205.44,3816,4,"Applicant follow-up needed"
9931135,01628,2020-08-30,Unemployed,115108,810,No,No,Approved,5648.64,5884,5,n/a
9931574,01357,03/11/2023,Full-Time,71939,,No,Yes,Approved,1351.2,2252,1,N/A
9932254,00180,06-25-2024,Unemployed,193532,688,No,1,Denied,1315.38,1993,4,"Applicant follow-up needed"
9935131,01101,11-14-2024,Part-Time,145243,682,No,TRUE,Denied,1891.5,2425,4,
9938264,01397,"October 09, 2022",Student,55441,664,No,,Withdrawn,1759.2,2932,4,n/a
9938450,01716,11-20-2023,Student,132535,698,No,false,Denied,1924.56,2916,1,"Applicant provided pay stubs."
9940151,01551,2024-09-13,Retired,45913,666,No,N,approved,1164.24,1764,5,"income verified via Plaid"
9940681,01315,"July 21, 2022",Part-Time,224758,636,No,true,Pending,1073.28,1118,4,n/a
9941237,00573,06-13-2020,Self-Employed,119134,627,No,1,Denied,1621.2,2702,5,"Referred by agent."
9941352,01458,05-12-2022,Unemployed,220839,663,No,Y,Denied,2715.6,4526,5,"Renewal case."
9944306,01771,2023-08-21,Unemployed,63099,839,Yes,FALSE,Approved,3361.8,4310,3,.
9944805,00420,04-02-2020,Retired,55938,763,No,no,Approved,3393.6,5656,4,N/A
9947659,01193,"August 01, 2020",Unemployed,65851,399,No,yes,Approved,4093.32,4873,4,"Flagged for manual review."
9948823,00819,2023-03-29,Contract,206743,755,No,Y,Approved,3703.56,4409,3,
9951517,00283,22/04/2024,Self-Employed,151066,826,No,yes,Approved,1906.8,3178,2,n/a
9954068,01720,01/03/2021,Contract,61701,619,No,false,Pending,4766.16,5674,2,"Applicant follow-up needed"
9954694,01484,24/09/2020,Full-Time,91549,643,Yes,N,Approved,2736.24,3508,5,N/A
9954844,00803,04/17/2020,Self-Employed,115734,800,No,yes,"Under Review",8073.6,0,4,"Applicant provided pay stubs."
9955943,00882,"July 29, 2022",Self-Employed,257665,749,No,no,Approved,4455.36,0,4,"docs expired"
9955982,01778,09/19/2020,Part-Time,208271,713,No,Yes,Approved,3659.04,4356,2,"Renewal case."
9955986,01344,05/14/2024,Retired,173462,803,No,FALSE,Pending,2802.36,4246,1,"Referred by agent."
9956255,01106,02-15-2020,Student,85543,730,No,,Approved,1221.12,1272,2,.
9956450,01404,12/01/2021,Part-Time,73923,766,No,no,Denied,639.54,969,5,"Missing bank statements."
9957837,01307,04/19/2023,Retired,83698,652,No,Y,Approved,960.96,1232,5,"Co-signer pending review."
9958231,00277,08/17/2021,Part-Time,230137,601,Yes,yes,Pending,3126,5210,3,"docs expired"
9958347,00589,09/04/2023,Full-Time,178489,695,No,TRUE,Approved,2052.96,2632,2,
9959966,01547,"February 10, 2022",Unemployed,140262,734,No,true,Approved,2268,3780,3,"Applicant follow-up needed"
9960748,01060,"September 12, 2021",Student,27747,821,No,Y,Approved,2317.56,2759,2,.
9961750,00499,2023-06-19,Part-Time,109335,606,No,no,Denied,2050.8,3418,4,"Missing bank statements."
9963639,00092,2023-06-01,Self-Employed,85071,691,Yes,,Denied,2086.92,3162,1,"Missing bank statements."
9964660,01069,25/08/2024,Contract,25214,714,No,N,Approved,682.44,1034,1,"Flagged for manual review."
9965934,01377,02-01-2020,Self-Employed,227188,728,No,false,Approved,3162.12,4054,5,N/A
9966168,00990,2023-04-18,Retired,259860,597,No,no,Withdrawn,1519.8,2533,4,.
9966695,00029,01-18-2024,Part-Time,193399,775,Yes,Yes,Approved,2813.76,2931,1,"Applicant follow-up needed"
9968121,01371,07-17-2024,Self-Employed,140542,741,Yes,No,withdrawn,3792,3950,2,"Referred by agent."
9968407,00749,20/03/2021,Self-Employed,142364,,Yes,FALSE,Approved,2650.56,2761,4,"docs expired"
9971350,00944,20/07/2024,Unemployed,240355,615,Yes,true,Approved,1046.1,1585,3,"Renewal case."
9971605,00783,"May 21, 2021",Retired,125697,751,Yes,0,Withdrawn,2985.18,0,4,"Renewal case."
9972492,01360,"December 10, 2022",Retired,252500000,757,No,yes,approved,898.8,1498,5,N/A
9972940,00263,11-05-2022,Full-Time,83048,793,No,Y,Pending,1148.28,1367,1,"Missing bank statements."
9972964,01196,12-06-2024,Contract,100288,796,No,1,"Under Review",2156.22,0,5,"Referred by agent."
9973553,01239,"January 14, 2023",Self-Employed,132333,718,No,Y,Denied,608.4,1014,4,"Applicant follow-up needed"
9975692,01379,2024-01-02,Part-Time,236384,,No,false,Withdrawn,3821.4,5790,2,
9976007,00385,05/09/2024,Part-Time,95284,847,No,N,Approved,4259.64,5071,3,"docs expired"
9976115,00926,07/11/2022,Self-Employed,221451,N/A,Yes,1,Pending,5477.64,6521,2,"Co-signer pending review."
9976850,00662,02/24/2020,Full-Time,126080,603.0,No,yes,Approved,1186.38,1521,1,"income verified via Plaid"
9980122,00526,2023-08-26,Self-Employed,52663,798,Yes,no,Approved,2360.16,3576,3,"Renewal case."
9983025,01451,"April 04, 2022",Retired,152388,617,No,FALSE,Approved,3500.28,4167,1,"Flagged for manual review."
9984732,00755,01/21/2024,Unemployed,233993,595,No,true,Approved,4043.16,6126,4,N/A
9985593,00731,02-05-2023,Self-Employed,244290,312,No,yes,Approved,1248.72,1892,5,"income verified via Plaid"
9989440,00238,2021-12-04,Full-Time,59283,377.0,No,no,"Under Review",7561.8,12603,4,"docs expired"
9990952,00879,05/25/2024,Student,99823,701,No,1,Pending,745.08,887,5,N/A
9991171,00588,10-28-2023,Part-Time,48837,791,No,false,Approved,1629.6,1940,2,
9992487,00515,09/09/2023,Full-Time,25327,680,Yes,Yes,Denied,5619.6,6690,3,N/A
9993124,01439,02-11-2024,Part-Time,131463,688,No,true,Denied,3321.6,3460,4,"Flagged for manual review."
9993626,00954,03/06/2021,Unemployed,87438,,Yes,Y,Denied,3580.2,5967,5,"Referred by agent."
9995894,01048,,Student,84661,723,No,No,Approved,6246.24,8008,1,"Co-signer pending review."
9996365,01529,"November 01, 2020",Unemployed,52172,762,No,N,Approved,4369.92,4552,3,"Missing bank statements."
9999202,01734,2023-12-26,Retired,152413,594,No,Yes,Approved,2606.52,3103,4,"Missing bank statements."
9999467,00374,,Self-Employed,34200,456,No,Y,withdrawn,1877.4,2235,4,"docs expired"
9999889,01627,17/09/2023,Part-Time,192506,608,No,,"Under Review",3148.2,5247,4,n/a
