,app_id,property_id,app_date,employment_status,income,credit_score,previously_evicted,has_cosigner,approval_status,premium,monthly_rent,tenants,notes
0,140,357,2020-06-14,Retired,129141,,No,No,Denied,5846.4,6090,3,Renewal case.
1,339,1135,2024-02-24,Retired,227525,,No,Yes,Approved,2572.8,2680,5,
2,664,438,2022-02-25,Full-Time,163743,745.0,No,Yes,Approved,2805.6,3340,4,Applicant provided pay stubs.
3,1365,557,2022-04-24,Contract,70375,687.0,No,No,Pending,2134.2,3557,4,Referred by agent.
4,2528,38,2021-02-16,Retired,142283,,Yes,Yes,Pending,4979.52,5187,5,Referred by agent.
5,5110,483,2020-03-28,Self-Employed,168958,676.0,No,No,Approved,1337.28,1592,2,Co-signer pending review.
6,8277,386,2024-01-29,Student,98060,833.0,No,Yes,Approved,1518.0,2300,2,Flagged for manual review.
7,8386,1432,2020-09-18,Unemployed,124900,698.0,No,No,Under Review,5827.2,6070,4,.
8,9442,1532,2023-03-05,Full-Time,44834,656.0,No,No,Denied,2118.48,2716,4,docs expired
9,10126,207,2021-11-19,Retired,205761,662.0,No,Yes,Pending,3986.4,6644,5,
10,12726,1738,2024-12-25,Part-Time,213156,,No,No,Pending,1776.6,2115,3,docs expired
11,13509,200,2021-11-30,Full-Time,205434,,Yes,Yes,Approved,1840.74,2789,1,Referred by agent.
12,14294,30,2023-02-13,Unemployed,231909,809.0,No,No,Approved,2976.96,3101,4,Missing bank statements.
13,14569,304,2024-04-29,Unemployed,183128,798.0,Yes,No,Denied,1251.0,2085,1,docs expired
14,14590,71,2022-03-05,Full-Time,135994,448.0,No,No,Pending,2827.5,3625,3,
15,16578,941,2020-10-31,Full-Time,212683,654.0,Yes,No,Approved,2230.02,2859,3,
16,17022,1471,2020-07-14,Part-Time,75089,,No,No,Approved,3880.8,4620,3,Applicant provided pay stubs.
17,20568,1143,2022-04-13,Retired,242708,497.0,No,No,Denied,2398.08,2498,1,Missing bank statements.
18,22043,1082,2021-04-17,Part-Time,167814,722.0,No,No,Denied,913.44,1384,3,Flagged for manual review.
19,22113,1614,2022-10-27,Full-Time,161093,779.0,No,Yes,Pending,6505.8,7745,1,Co-signer pending review.
20,22530,105,2022-12-27,Unemployed,243086,811.0,No,No,Withdrawn,4456.92,5714,1,
21,22927,858,2021-07-14,Unemployed,6344,657.0,No,No,Denied,4003.74,5133,2,Missing bank statements.
22,23053,587,2024-02-17,Part-Time,97725,447.0,No,Yes,Pending,5443.2,5670,5,Co-signer pending review.
23,23531,623,,Unemployed,59619,770.0,No,No,Approved,7350.72,7657,2,Applicant follow-up needed
24,25929,1112,2024-12-31,Student,18094,,No,No,Pending,1285.68,1948,3,Renewal case.
25,27031,1424,2023-06-17,Student,117184,842.0,Yes,No,Pending,1940.64,2488,5,
26,28523,863,,Contract,129953,729.0,No,No,Approved,828.96,1256,2,
27,29155,117,2021-12-05,Student,67801,726.0,No,Yes,Denied,1776.06,2691,5,Flagged for manual review.
28,29469,1502,2020-04-05,Retired,205970,717.0,No,No,Approved,1761.0,2935,1,
29,31153,1426,2023-12-11,Retired,239937,552.0,No,No,Approved,6846.72,7132,5,Missing bank statements.
30,32569,960,2021-06-26,Unemployed,135402,659.0,No,No,Denied,1281.06,1941,2,
31,33505,1374,2022-08-03,Student,123900,718.0,Yes,No,Denied,2250.6,3751,5,Renewal case.
32,39831,786,2024-04-30,Part-Time,182546,,No,No,Withdrawn,1992.48,2372,4,
33,40594,1486,2022-07-05,Part-Time,196804,831.0,No,No,Pending,3932.16,4096,2,Co-signer pending review.
34,40885,542,2024-11-16,Retired,79240,730.0,Yes,Yes,Pending,1566.6,1865,3,Missing bank statements.
35,42664,690,2020-12-12,Unemployed,73906,632.0,No,No,Withdrawn,1048.32,1344,2,Missing bank statements.
36,42801,1301,2022-06-21,Student,88287,587.0,No,Yes,Denied,1393.92,2112,5,
37,42852,635,2023-07-09,Student,184446,679.0,No,No,Approved,4816.32,5017,2,.
38,45209,1679,2020-04-20,Student,155017,628.0,Yes,No,Withdrawn,3724.56,4434,4,
39,45214,745,2022-09-30,Unemployed,184947,773.0,No,Yes,Approved,3454.44,5234,3,Referred by agent.
40,47538,138,2020-07-03,Student,222971,759.0,No,No,Approved,2119.68,2208,2,Applicant provided pay stubs.
41,48883,151,2020-07-15,Full-Time,196831,840.0,No,No,Approved,2521.86,0,3,Applicant provided pay stubs.
42,49499,431,2023-11-03,Self-Employed,88403,358.0,No,No,Approved,2804.1,3595,1,Applicant follow-up needed
43,50504,478,2024-10-09,Contract,48496,,No,Yes,Under Review,2903.04,3024,1,
44,50983,1624,2024-05-13,Self-Employed,69518,584.0,No,No,Approved,2680.26,4061,3,
45,53482,1052,2020-04-17,Full-Time,161542,633.0,Yes,No,Approved,2710.5,0,3,
46,56224,1335,2023-06-10,Student,155101,685.0,No,No,Pending,6277.32,7473,5,Applicant follow-up needed
47,58428,177,2023-05-09,Retired,220104,779.0,No,No,Withdrawn,1509.12,1572,1,
48,58625,835,2022-06-25,Part-Time,128630,591.0,No,Yes,Denied,2509.08,2987,2,.
49,60529,1755,2023-02-04,Part-Time,41338,834.0,Yes,No,Approved,1681.2,2802,5,
50,64113,317,2022-11-22,Self-Employed,62462,693.0,No,Yes,Denied,2854.08,2973,1,
51,65031,566,2021-08-28,Unemployed,115814,654.0,No,No,Approved,1177.8,1510,2,
52,66941,395,2021-08-23,Contract,190401,733.0,No,Yes,Denied,2486.4,4144,5,Flagged for manual review.
53,68766,1461,2022-05-29,Retired,41771,705.0,Yes,No,Approved,3621.12,3772,1,Applicant provided pay stubs.
54,70981,212,2023-07-23,Retired,269787,617.0,No,Yes,Under Review,1713.6,1785,4,
55,71141,1637,2020-09-05,Unemployed,242263,693.0,Yes,No,Approved,2810.4,4684,1,
56,71283,571,2022-08-13,Retired,31211,725.0,No,No,Denied,1703.46,2581,2,
57,71327,1218,2020-02-21,Contract,229294,782.0,No,No,Approved,4985.64,7554,4,.
58,71917,1380,2023-08-23,Self-Employed,169250,808.0,No,Yes,Approved,8010.24,8344,1,
59,71995,478,2021-10-18,Self-Employed,249012,611.0,No,No,Approved,1814.4,3024,4,
60,72021,122,2023-10-26,Student,66703,662.0,No,Yes,Approved,1247.4,1485,2,Referred by agent.
61,72452,843,2021-08-20,Full-Time,96593,697.0,Yes,Yes,Withdrawn,1117.74,1433,5,
62,77457,1135,2020-01-04,Retired,158915,696.0,No,No,Approved,2251.2,2680,5,
63,77536,1622,2024-01-27,Retired,98912,478.0,No,Yes,Approved,1770.78,2683,3,Applicant provided pay stubs.
64,77608,938,2022-11-06,Retired,157949,788.0,No,Yes,Approved,3348.0,5580,2,Renewal case.
65,78835,135,2022-07-06,Part-Time,38929,731.0,Yes,Yes,Withdrawn,1298.64,1546,2,Missing bank statements.
66,78900,1277,2022-01-11,Part-Time,132759,624.0,No,No,Pending,1163.52,1212,3,
67,79698,1626,,Part-Time,129683,808.0,Yes,Yes,Approved,3760.68,4477,3,Co-signer pending review.
68,80054,1108,2023-01-02,Retired,67982,630.0,No,No,Approved,1906.8,2270,5,Renewal case.
69,84952,183,2024-09-16,Full-Time,126775,732.0,No,No,Pending,6460.44,7691,2,income verified via Plaid
70,85446,1300,2023-12-12,Unemployed,225455,646.0,No,Yes,Under Review,3037.44,3616,5,Flagged for manual review.
71,85917,1054,2023-04-18,Student,88348,656.0,No,No,Pending,2042.88,2128,5,Referred by agent.
72,86395,805,2022-10-21,Full-Time,179372,367.0,No,Yes,Approved,1257.3,1905,4,
73,86589,384,2021-08-06,Student,31675,760.0,Yes,Yes,Pending,4969.38,6371,5,.
74,88929,1531,2020-02-08,Full-Time,208788,618.0,No,Yes,Approved,1610.7,2065,2,
75,89319,329,2022-06-26,Contract,153876,733.0,Yes,No,Approved,1874.4,2840,3,docs expired
76,91589,1600,2021-12-11,Unemployed,163765,,No,Yes,Pending,1850.94,2373,2,Referred by agent.
77,93901,506,2023-12-09,Part-Time,45964,608.0,No,No,Approved,1315.08,1686,3,Renewal case.
78,97465,493,2021-07-09,Self-Employed,154533,537.0,Yes,Yes,Pending,6987.12,8318,3,
79,98074,160,2023-04-21,Self-Employed,40504,781.0,No,No,Denied,894.6,1065,3,Applicant provided pay stubs.
80,98331,599,2022-05-19,Retired,286252,672.0,No,No,Approved,923.34,1399,2,Referred by agent.
81,98763,1094,2020-08-22,Part-Time,85053,711.0,No,No,Denied,1433.88,1707,2,Applicant provided pay stubs.
82,99221,1237,2021-03-24,Full-Time,164591,814.0,No,No,Approved,932.88,1196,4,
83,99521,1451,2021-08-06,Retired,164566,681.0,No,Yes,Denied,3500.28,4167,1,Applicant provided pay stubs.
84,101283,1067,2022-04-19,Contract,123836,691.0,Yes,Yes,Denied,1911.36,2896,3,
85,102129,20,2022-12-04,Full-Time,39954,605.0,No,Yes,Denied,4233.6,5040,4,Referred by agent.
86,102888,1448,2024-01-17,Self-Employed,21282,709.0,Yes,No,Denied,1903.44,2884,5,Renewal case.
87,103039,145,2021-03-21,Unemployed,184496,830.0,Yes,No,Approved,520.8,868,4,.
88,104681,31,2021-03-18,Part-Time,59925,,No,Yes,Under Review,3008.88,3582,1,docs expired
89,108314,1242,2024-10-31,Student,253626,825.0,No,Yes,Denied,3026.52,3603,3,Missing bank statements.
90,110697,1725,2021-09-10,Self-Employed,254073,799.0,No,Yes,Approved,8069.76,8406,3,Renewal case.
91,111153,43,2024-08-05,Self-Employed,63750,609.0,No,Yes,Approved,2569.32,3294,1,
92,112052,1495,2021-09-19,Self-Employed,87224,633.0,No,Yes,Approved,4537.26,5817,5,Applicant provided pay stubs.
93,113063,4,2024-12-22,Self-Employed,51665,,No,No,Under Review,1454.04,1731,5,
94,113191,1565,2022-07-04,Retired,197044,,No,No,Approved,3370.08,4012,2,Missing bank statements.
95,113530,1024,2024-11-29,Full-Time,222537,653.0,Yes,No,Approved,953.04,1444,2,Applicant provided pay stubs.
96,113555,11,2020-01-31,Self-Employed,21950,835.0,No,Yes,Under Review,3956.7,5995,4,
97,117487,1229,2022-12-25,Retired,234431,832.0,No,No,Pending,6237.0,9450,2,
98,118720,1048,2021-08-02,Self-Employed,318849,778.0,No,No,Denied,4804.8,8008,3,docs expired
99,120737,193,2022-01-04,Full-Time,169945,811.0,No,Yes,Under Review,1707.42,2189,3,Flagged for manual review.
100,125960,650,2020-09-03,Full-Time,136835,725.0,No,No,Denied,1384.5,1775,2,Missing bank statements.
101,126094,1447,2023-07-22,Contract,197756,778.0,No,Yes,Approved,1154.88,1203,4,Renewal case.
102,126356,1400,2020-05-15,Contract,118769,745.0,No,No,Withdrawn,3766.56,4484,3,Applicant provided pay stubs.
103,126975,572,2021-07-29,Self-Employed,213192,580.0,No,No,Under Review,1014.0,1300,3,Flagged for manual review.
104,126996,187,,Student,137349,631.0,No,Yes,Approved,3682.56,3836,1,docs expired
105,128305,1368,,Full-Time,207100,733.0,No,No,Denied,2045.34,3099,4,
106,129108,109,2020-03-19,Retired,81159,655.0,No,Yes,Under Review,1184.04,1794,4,Flagged for manual review.
107,129591,1115,2021-07-14,Student,227905,651.0,No,No,Pending,3333.96,3969,4,
108,131131,1321,2024-04-09,Retired,239168,509.0,No,Yes,Approved,2275.56,2709,3,Flagged for manual review.
109,131136,229,2023-06-03,Full-Time,93093,401.0,No,No,Denied,1559.58,2363,1,Flagged for manual review.
110,132652,218,2021-07-30,Contract,28471,809.0,No,Yes,Denied,2470.38,3743,2,
111,132917,92,2020-09-18,Part-Time,67954,484.0,Yes,Yes,Approved,2086.92,3162,5,.
112,133333,1253,2023-06-13,Self-Employed,141726,387.0,No,No,Approved,3552.12,5382,1,Referred by agent.
113,133448,47,2022-04-23,Retired,145598,758.0,No,Yes,Pending,5220.48,5438,3,Applicant provided pay stubs.
114,133824,1788,2023-01-30,Student,101900,661.0,No,No,Approved,2413.32,2873,3,docs expired
115,135331,1373,2024-05-06,Part-Time,62578,701.0,No,No,Denied,712.92,914,1,income verified via Plaid
116,135394,544,2022-02-06,Unemployed,141288,621.0,Yes,Yes,Withdrawn,1678.2,2797,5,
117,136068,1487,2023-04-14,Student,228101,783.0,No,Yes,Denied,2588.04,3081,2,
118,139268,1606,2022-09-26,Part-Time,291216,779.0,No,Yes,Denied,3695.16,4399,4,Applicant follow-up needed
119,139886,294,2020-05-06,Retired,175300,414.0,No,Yes,Under Review,3264.0,3400,1,Co-signer pending review.
120,140721,487,2023-04-11,Student,27828,743.0,Yes,Yes,Approved,2027.76,2414,1,Missing bank statements.
121,141484,1630,2020-10-26,Student,150789,722.0,Yes,Yes,Approved,884.52,1134,2,Missing bank statements.
122,142441,44,2022-08-14,Unemployed,65221,,No,No,Approved,6562.92,7813,4,Applicant provided pay stubs.
123,146250,1722,2024-01-28,Part-Time,204012,595.0,No,No,Approved,1010.4,1684,3,
124,147567,1330,2021-05-18,Full-Time,218954,661.0,No,Yes,Approved,759.0,1265,2,docs expired
125,147598,116,2021-03-25,Unemployed,37154,686.0,No,No,Approved,3159.24,3761,1,
126,149225,626,2024-11-19,Retired,100080,726.0,No,Yes,Approved,1911.36,1991,1,
127,149420,1395,2024-10-19,Contract,142175,687.0,No,Yes,Approved,2294.16,3476,5,
128,150507,1507,2021-03-16,Unemployed,278141,790.0,No,Yes,Denied,2498.16,2974,3,
129,151498,501,2021-02-27,Contract,46250,712.0,No,Yes,Approved,969.54,1469,2,
130,152406,669,2023-07-22,Retired,236654,660.0,No,Yes,Pending,530.64,804,5,
131,152599,827,2024-06-13,Contract,70668,794.0,No,No,Withdrawn,2832.72,4292,2,docs expired
132,157105,411,2022-07-05,Full-Time,214343,719.0,No,Yes,Approved,979.2,1020,5,income verified via Plaid
133,157323,908,2021-07-22,Full-Time,125073,716.0,No,No,Approved,4617.6,4810,2,Applicant follow-up needed
134,157703,930,2024-08-26,Unemployed,206267,613.0,No,No,Approved,2563.08,3286,4,
135,157864,1791,2024-04-20,Part-Time,181970,714.0,No,Yes,Approved,3003.0,3575,1,Referred by agent.
136,159508,549,2023-03-15,Full-Time,170052,770.0,Yes,No,Approved,1958.88,2968,3,docs expired
137,160038,934,2020-12-03,Part-Time,179512,685.0,No,Yes,Approved,1213.08,1838,1,Missing bank statements.
138,160793,503,2020-12-15,Full-Time,129847,675.0,No,No,Denied,3263.52,4184,4,Referred by agent.
139,169687,118,,Retired,46981,586.0,No,Yes,Pending,4216.8,7028,3,.
140,169720,1071,2023-04-13,Self-Employed,223541,787.0,No,Yes,Approved,3295.68,3433,5,docs expired
141,170238,413,2022-03-19,Part-Time,191032,692.0,No,Yes,Approved,6230.4,6490,3,Missing bank statements.
142,170623,840,2022-01-30,Unemployed,165418,377.0,No,No,Denied,2169.18,2781,1,Referred by agent.
143,172144,760,2023-05-21,Contract,98418,700.0,No,Yes,Denied,1201.86,1821,1,
144,175215,1385,2024-04-12,Retired,155826,347.0,Yes,No,Approved,865.2,0,1,.
145,175514,690,2021-01-10,Contract,137620,594.0,No,Yes,Approved,1290.24,1344,3,
146,180649,74,2023-08-24,Self-Employed,776000,798.0,No,Yes,Denied,9555.84,9954,1,Co-signer pending review.
147,183217,1188,2022-10-04,Part-Time,209218,662.0,Yes,No,Approved,7519.2,12532,5,Applicant follow-up needed
148,185677,755,2021-06-04,Unemployed,268437,644.0,No,No,Withdrawn,3675.6,6126,2,Applicant follow-up needed
149,186316,389,,Unemployed,19113,797.0,No,Yes,Under Review,4840.08,5762,3,.
150,186324,1713,2022-06-03,Retired,92115,,No,No,Approved,5485.92,8312,1,docs expired
151,186643,1345,2022-08-11,Student,137004,693.0,Yes,No,Denied,3549.84,4226,1,
152,189700,933,2023-07-20,Full-Time,223286,570.0,No,No,Approved,1033.2,0,1,Flagged for manual review.
153,191503,1434,2024-11-01,Full-Time,83961,317.0,No,No,Approved,6736.32,7017,3,Flagged for manual review.
154,192095,1597,2022-01-19,Unemployed,160716,781.0,No,Yes,Denied,1317.36,0,4,
155,194002,1512,2020-01-25,Student,119230,470.0,No,Yes,Denied,2441.88,2907,1,
156,197710,890,2020-05-13,Part-Time,190231,508.0,Yes,Yes,Pending,7708.14,11679,4,.
157,200029,588,2022-08-03,Student,56100,647.0,No,No,Pending,1862.4,1940,5,Renewal case.
158,202117,1171,2021-12-07,Part-Time,170559,539.0,No,No,Approved,1850.52,2203,5,
159,203006,985,2024-07-28,Student,187424,,No,No,Approved,1455.72,1733,2,
160,203441,1294,2022-05-16,Unemployed,102257,623.0,No,Yes,Denied,1883.28,2242,3,Applicant follow-up needed
161,204376,1611,2023-10-05,Part-Time,180679,,No,No,Approved,4625.04,5506,1,docs expired
162,204793,373,2024-09-01,Retired,132365,,Yes,No,Denied,4920.0,8200,5,docs expired
163,204948,782,2021-02-19,Retired,101280,826.0,No,No,Approved,2185.92,3312,1,Referred by agent.
164,205143,669,2020-05-05,Student,188629,605.0,Yes,No,Approved,771.84,804,1,Flagged for manual review.
165,205513,1004,2022-05-31,Student,829000,,No,Yes,Pending,5247.36,5466,3,
166,205792,879,2023-01-30,Part-Time,126864,713.0,Yes,No,Denied,532.2,887,2,Missing bank statements.
167,207068,1250,2022-09-05,Unemployed,204948,815.0,No,No,Withdrawn,3649.92,3802,1,Applicant provided pay stubs.
168,207263,1612,2021-07-30,Retired,215022,807.0,No,Yes,Pending,2043.84,2129,5,
169,212326,919,,Retired,233799,,No,Yes,Denied,773.64,921,2,Applicant follow-up needed
170,212669,635,2020-08-15,Retired,91293,825.0,No,Yes,Approved,4214.28,5017,4,Missing bank statements.
171,214269,848,2023-01-31,Full-Time,177616,824.0,No,No,Approved,4599.66,5897,5,
172,215127,1284,2020-01-28,Contract,33538,746.0,No,Yes,Denied,4358.64,5588,1,
173,219335,38,2022-03-25,Retired,154696,829.0,No,No,Approved,4979.52,5187,1,Renewal case.
174,221359,1788,2023-07-04,Full-Time,194479,804.0,Yes,Yes,Approved,2413.32,2873,3,Renewal case.
175,221969,43,2021-10-23,Full-Time,25380,678.0,No,Yes,Pending,1976.4,3294,4,income verified via Plaid
176,223016,1291,2020-09-29,Student,74488,736.0,No,Yes,Approved,1584.6,2641,4,Missing bank statements.
177,225310,255,2023-11-06,Retired,62774,606.0,No,Yes,Approved,3070.2,3655,5,Renewal case.
178,227834,1753,2022-11-15,Self-Employed,212336,630.0,Yes,Yes,Approved,2368.32,2467,1,Co-signer pending review.
179,228132,1284,2020-07-28,Retired,118348,714.0,No,No,Denied,5364.48,5588,1,Renewal case.
180,229894,1687,2020-09-27,Contract,183647,793.0,No,Yes,Denied,2169.0,3615,1,Applicant provided pay stubs.
181,230456,290,2024-10-22,Part-Time,183195,844.0,Yes,No,Denied,1294.8,1660,2,Missing bank statements.
182,231389,737,2020-02-21,Retired,175859,720.0,No,No,Approved,2811.6,4260,1,Referred by agent.
183,231613,1369,2023-12-26,Part-Time,152615,,No,No,Under Review,1002.6,1671,2,.
184,233008,543,2020-06-27,Unemployed,25291,642.0,Yes,Yes,Denied,1492.8,2488,3,Flagged for manual review.
185,234490,634,2023-02-01,Self-Employed,90908,672.0,No,Yes,Approved,1204.56,1434,1,
186,235005,1586,2021-06-02,Student,206049,740.0,No,No,Pending,3695.34,5599,4,
187,237584,333,2021-03-12,Unemployed,58707,,Yes,No,Denied,831.0,1385,2,
188,237842,170,2024-02-23,Contract,180039,807.0,No,No,Denied,4109.76,4281,5,
189,238008,644,2020-02-10,Full-Time,9272,397.0,Yes,No,Approved,3450.24,3594,4,Applicant provided pay stubs.
190,238340,749,2024-08-30,Unemployed,103912,524.0,No,No,Denied,2650.56,2761,5,Flagged for manual review.
191,238672,1766,2021-07-09,Unemployed,49567,686.0,No,Yes,Approved,4246.2,5055,1,
192,240192,221,2023-02-15,Full-Time,91533,581.0,Yes,Yes,Approved,2997.12,3122,4,Referred by agent.
193,243152,1578,2020-12-27,Unemployed,119685,816.0,No,Yes,Denied,5772.48,6872,2,
194,245293,804,2023-09-24,Retired,90190,797.0,Yes,Yes,Withdrawn,1894.2,3157,3,Referred by agent.
195,245728,161,2023-06-17,Part-Time,205277,495.0,No,Yes,Denied,2403.6,4006,2,
196,246025,200,2024-04-26,Unemployed,224514,,No,No,Denied,2342.76,2789,4,income verified via Plaid
197,246932,963,2023-01-07,Part-Time,78716,798.0,No,Yes,Approved,572.22,867,3,
198,247453,510,2024-01-18,Unemployed,44144,762.0,No,No,Denied,1168.8,1948,4,Applicant follow-up needed
199,247865,312,2024-06-26,Self-Employed,221474,,No,Yes,Pending,4027.2,4195,2,income verified via Plaid
200,249173,1690,2023-12-14,Unemployed,169258,784.0,No,Yes,Approved,1349.4,2249,5,docs expired
201,249994,1712,2023-10-27,Self-Employed,30860,693.0,No,No,Pending,1038.6,1731,5,.
202,250164,1021,2022-01-22,Full-Time,156700,691.0,No,Yes,Approved,1992.54,3019,4,Applicant provided pay stubs.
203,251694,1054,2020-04-27,Retired,120540,406.0,No,No,Approved,1659.84,2128,1,Applicant provided pay stubs.
204,252094,1298,2024-10-07,Student,76932,772.0,No,Yes,Approved,884.4,1340,5,.
205,253498,1354,2022-12-22,Self-Employed,91915,357.0,No,No,Approved,1742.16,2074,2,
206,255712,208,2023-09-10,Student,78063,698.0,No,Yes,Denied,511.8,853,1,Missing bank statements.
207,256787,514,2021-11-09,Part-Time,149344,,No,No,Withdrawn,721.5,925,4,
208,258034,153,2023-04-30,Retired,98135,701.0,No,No,Pending,2938.98,4453,3,
209,258195,1266,2023-06-13,Self-Employed,42903,772.0,Yes,Yes,Approved,1062.72,1107,1,Referred by agent.
210,258323,1258,2020-11-04,Contract,212085,693.0,No,No,Denied,1644.48,1713,2,
211,258711,1558,2023-01-23,Unemployed,115730,683.0,No,No,Approved,5439.84,6476,1,income verified via Plaid
212,262313,1539,2023-07-07,Student,125977,,No,No,Pending,5910.96,8956,3,
213,262363,1182,2021-08-22,Part-Time,225082,749.0,Yes,No,Denied,3230.04,4894,5,Renewal case.
214,262735,478,2023-06-28,Contract,246624,693.0,No,No,Denied,1814.4,3024,5,
215,263955,23,2024-11-22,Unemployed,180743,743.0,Yes,No,Approved,3488.64,3634,2,income verified via Plaid
216,264931,1432,2021-02-13,Student,73026,303.0,No,Yes,Under Review,4734.6,6070,5,Applicant follow-up needed
217,268250,499,2024-05-24,Contract,235520,823.0,Yes,Yes,Denied,2050.8,3418,4,.
218,268839,1766,2023-08-29,Contract,8224,,No,Yes,Withdrawn,3033.0,5055,2,Referred by agent.
219,269168,115,2024-08-15,Self-Employed,199273,588.0,Yes,No,Approved,4587.84,4779,2,docs expired
220,272816,1304,2024-07-16,Full-Time,226472,796.0,No,No,Approved,7522.68,11398,5,
221,272865,813,2023-09-28,Retired,80098,613.0,Yes,Yes,Denied,1809.6,2320,4,
222,275265,594,2023-12-15,Self-Employed,37781,524.0,No,Yes,Under Review,1803.6,3006,3,
223,275595,996,2022-12-01,Retired,201691,824.0,No,No,Approved,5286.96,6294,2,
224,276409,1117,2022-02-27,Retired,27368,701.0,No,Yes,Under Review,3110.4,3240,3,.
225,278318,1472,2021-12-19,Contract,120755,606.0,Yes,Yes,Approved,5756.52,6853,5,Missing bank statements.
226,278901,1255,,Contract,114422,,No,No,Approved,5635.5,7225,1,
227,281782,1422,2020-01-23,Unemployed,182240,671.0,No,No,Approved,2176.32,2267,1,Missing bank statements.
228,282101,1310,2024-04-23,Unemployed,184488,686.0,No,No,Denied,2971.8,3810,3,.
229,285699,1033,2021-04-20,Unemployed,56122,690.0,No,No,Approved,2732.16,2846,5,Renewal case.
230,285858,953,2022-08-18,Full-Time,55729,768.0,No,No,Withdrawn,2818.2,4270,1,Missing bank statements.
231,286087,851,2023-05-10,Unemployed,173978,776.0,Yes,No,Denied,1533.48,1966,4,income verified via Plaid
232,286096,834,2023-09-11,Part-Time,107164,751.0,No,Yes,Approved,982.8,1260,5,
233,286739,322,2024-01-14,Student,88367,782.0,No,Yes,Denied,3458.28,4117,4,Applicant follow-up needed
234,288981,1364,2021-06-06,Unemployed,7838,766.0,Yes,No,Approved,4536.84,5401,1,
235,289080,617,2022-11-06,Part-Time,83159,619.0,No,No,Approved,1960.8,3268,4,Renewal case.
236,289530,497,2022-07-31,Unemployed,180367,694.0,No,No,Denied,2233.44,3384,1,
237,289739,234,2024-03-22,Self-Employed,60772,593.0,No,No,Approved,2517.24,3814,5,Missing bank statements.
238,291638,759,2021-01-01,Contract,316338,790.0,Yes,Yes,Denied,4716.6,7861,4,Referred by agent.
239,292528,229,2020-04-26,Contract,164893,740.0,No,No,Denied,1559.58,2363,5,Co-signer pending review.
240,297383,935,2024-02-27,Self-Employed,176507,391.0,No,Yes,Denied,2325.84,3524,1,Missing bank statements.
241,297733,863,2020-08-14,Unemployed,153995,,No,No,Denied,1205.76,1256,3,
242,299364,483,2024-12-14,Full-Time,172850,679.0,No,Yes,Denied,1528.32,1592,2,
243,300771,1155,2023-01-14,Retired,46810,637.0,Yes,Yes,Pending,1850.88,1928,2,Flagged for manual review.
244,300779,1315,2024-07-22,Student,133042,,No,No,Pending,670.8,1118,2,Co-signer pending review.
245,301694,898,2023-08-09,Full-Time,237949,829.0,No,No,Approved,1209.0,2015,3,Renewal case.
246,302965,1789,2023-07-16,Full-Time,44713,,No,No,Approved,2348.58,3011,3,Renewal case.
247,303769,493,2020-12-24,Unemployed,179711,778.0,Yes,Yes,Approved,6987.12,8318,1,Flagged for manual review.
248,304245,1424,2022-07-30,Student,159174,767.0,No,Yes,Under Review,1940.64,2488,3,Flagged for manual review.
249,305750,777,2020-04-05,Part-Time,117523,607.0,No,No,Approved,1860.3,2385,4,Applicant follow-up needed
250,305930,1245,2022-01-09,Self-Employed,185247,737.0,No,No,Pending,2088.24,3164,5,Applicant provided pay stubs.
251,306014,690,2024-07-14,Unemployed,203962,,No,Yes,Pending,887.04,1344,4,
252,308382,1558,2023-10-17,Unemployed,204870,729.0,No,No,Approved,4274.16,6476,1,
253,309024,1718,2022-05-29,Unemployed,158015,,No,No,Under Review,1702.08,1773,3,.
254,309428,453,2022-11-25,Unemployed,188825,801.0,No,No,Pending,1313.4,1990,5,
255,310242,50,2023-05-19,Unemployed,81538,814.0,No,No,Denied,4929.12,5868,1,Missing bank statements.
256,310716,1785,2023-04-05,Retired,105506,,No,Yes,Approved,4646.04,5531,2,
257,312203,1084,2022-07-21,Unemployed,194248,784.0,No,No,Denied,1682.52,2003,2,Flagged for manual review.
258,313244,185,2022-07-04,Unemployed,76047,806.0,No,Yes,Approved,3555.24,4558,5,Applicant follow-up needed
259,315567,802,2020-06-26,Self-Employed,174747,688.0,Yes,No,Approved,2784.96,2901,1,.
260,315753,819,,Part-Time,4551,,No,No,Denied,4232.64,4409,4,Missing bank statements.
261,316339,1322,2020-07-07,Part-Time,59890,366.0,No,No,Pending,2881.32,3694,2,
262,317030,836,2020-11-12,Student,223899,777.0,No,Yes,Pending,2920.5,4425,1,Applicant provided pay stubs.
263,320659,58,2023-12-05,Full-Time,206900,,No,Yes,Approved,1064.58,0,4,Missing bank statements.
264,320823,935,2023-09-03,Full-Time,88468,784.0,No,No,Withdrawn,1671.6,2786,2,.
265,321959,1561,2022-06-25,Full-Time,226668,703.0,Yes,No,Denied,2524.08,3236,5,Applicant provided pay stubs.
266,323342,1705,2023-11-17,Unemployed,119633,709.0,No,Yes,Pending,2477.16,2949,3,Applicant follow-up needed
267,323390,1089,2024-12-28,Full-Time,251166,581.0,No,Yes,Under Review,1840.44,2191,1,Referred by agent.
268,323395,1636,2023-05-03,Full-Time,218891,844.0,No,No,Approved,11028.48,0,3,Referred by agent.
269,324271,935,2020-01-22,Contract,230210,793.0,No,Yes,Withdrawn,2744.82,3519,4,Missing bank statements.
270,325774,1529,2021-03-31,Retired,160516,774.0,No,No,Approved,3550.56,4552,5,
271,326496,728,2024-05-24,Full-Time,80668,624.0,Yes,Yes,Approved,1353.0,2050,3,docs expired
272,327247,450,2020-06-22,Full-Time,47956,714.0,Yes,No,Approved,1341.6,0,2,Referred by agent.
273,328439,1297,2022-08-01,Retired,52063,781.0,No,No,Approved,1014.0,1300,3,income verified via Plaid
274,330969,30,2020-02-04,Contract,63115,637.0,Yes,Yes,Approved,2604.84,3101,4,
275,331714,980,2024-11-26,Retired,170891,720.0,No,No,Under Review,1092.96,1656,1,docs expired
276,331731,1176,,Full-Time,68033,,Yes,No,Approved,1193.28,1808,4,income verified via Plaid
277,333994,1327,2023-01-29,Self-Employed,15605,347.0,No,Yes,Denied,1935.0,3225,5,
278,334707,851,2024-12-17,Full-Time,77918,749.0,No,No,Approved,1887.36,1966,2,income verified via Plaid
279,334724,1131,2020-02-25,Self-Employed,20049,587.0,Yes,No,Approved,1604.16,1671,1,
280,336165,925,2023-04-29,Contract,153347,,No,No,Approved,1831.5,2775,5,Flagged for manual review.
281,336594,772,2022-04-19,Unemployed,160270,712.0,No,Yes,Withdrawn,1692.24,2564,1,Flagged for manual review.
282,337603,185,2022-04-05,Part-Time,308384,624.0,Yes,Yes,Pending,3008.28,4558,4,
283,337667,980,2020-05-11,Full-Time,186121,497.0,Yes,Yes,Pending,1092.96,1656,2,Applicant follow-up needed
284,341377,1754,2021-07-25,Unemployed,224117,330.0,No,Yes,Approved,2872.8,4788,4,Referred by agent.
285,342604,1266,2023-06-16,Full-Time,134650,549.0,No,No,Approved,863.46,1107,3,Flagged for manual review.
286,343425,857,2021-12-13,Student,216361,660.0,Yes,Yes,Approved,935.4,1559,2,
287,346782,518,2023-01-21,Part-Time,178400,818.0,No,No,Approved,2947.56,4466,3,income verified via Plaid
288,348951,347,,Self-Employed,191220,723.0,No,No,Under Review,2519.16,2999,5,.
289,350465,655,2024-12-30,Unemployed,95124,,No,Yes,Approved,2540.34,3849,2,Flagged for manual review.
290,351224,1187,2024-11-30,Full-Time,278427,805.0,Yes,No,Denied,2285.64,2721,3,Flagged for manual review.
291,351584,1737,,Full-Time,45478,757.0,No,Yes,Under Review,703.2,1172,5,Applicant provided pay stubs.
292,353082,1706,2024-05-31,Student,43763,664.0,No,No,Approved,6136.26,7867,5,
293,354367,501,2023-05-17,Retired,69296,353.0,No,Yes,Approved,969.54,1469,5,Renewal case.
294,354655,797,2021-03-12,Part-Time,162097,714.0,No,Yes,Approved,4159.68,0,4,Co-signer pending review.
295,356158,946,2024-09-02,Part-Time,163326,401.0,No,No,Denied,7455.36,7766,2,Flagged for manual review.
296,356704,276,2022-11-23,Retired,89707,417.0,No,Yes,Pending,648.96,832,1,Applicant provided pay stubs.
297,357150,483,2022-09-03,Full-Time,88579,740.0,Yes,Yes,Approved,955.2,1592,5,Referred by agent.
298,357440,1073,2023-12-22,Unemployed,198656,680.0,No,Yes,Approved,1271.04,1324,2,income verified via Plaid
299,357856,1307,2021-03-24,Contract,243594,463.0,No,Yes,Approved,813.12,1232,1,.
300,361077,405,2020-11-08,Student,215852,728.0,Yes,No,Approved,2051.52,2137,3,docs expired
301,361202,1257,2024-10-19,Contract,96544,755.0,Yes,Yes,Denied,791.7,1015,1,
302,365086,286,2020-06-19,Self-Employed,107654,,No,Yes,Denied,9918.72,10332,4,Flagged for manual review.
303,366555,1406,2020-09-11,Contract,64180,830.0,No,No,Withdrawn,3489.6,3635,2,Referred by agent.
304,369234,213,2023-04-05,Self-Employed,260386,810.0,No,No,Approved,4474.08,5736,4,Missing bank statements.
305,369689,716,2022-10-02,Student,185538,773.0,No,Yes,Pending,1738.8,2898,3,
306,369702,146,2022-05-23,Full-Time,211118,770.0,Yes,No,Approved,1463.22,2217,4,Applicant provided pay stubs.
307,370286,1629,,Contract,119437,747.0,No,No,Approved,1609.92,2064,3,Missing bank statements.
308,373672,491,2023-07-19,Retired,211144,765.0,Yes,No,Approved,1570.2,2617,2,.
309,375483,1796,2023-04-29,Unemployed,81178,790.0,Yes,Yes,Approved,2809.8,3345,4,
310,379514,1338,2023-12-13,Full-Time,94202,733.0,Yes,No,Denied,3279.6,5466,2,docs expired
311,381496,1660,2023-10-08,Retired,101496,639.0,No,No,Denied,966.9,1465,2,
312,387277,1179,2022-12-26,Part-Time,243209,693.0,Yes,No,Under Review,6191.04,6449,2,Flagged for manual review.
313,387557,1612,,Self-Employed,142863,692.0,No,Yes,Approved,1405.14,2129,4,
314,389097,502,2021-10-22,Retired,62218,,No,No,Approved,3103.8,5173,4,
315,389122,1651,2024-10-12,Full-Time,171589,844.0,Yes,No,Approved,2325.96,2982,4,Flagged for manual review.
316,389686,428,2024-10-24,Contract,140855,798.0,No,No,Approved,852.54,1093,5,docs expired
317,389990,1097,2022-02-21,Retired,141960,518.0,No,No,Withdrawn,1453.44,1514,2,Renewal case.
318,390525,1356,2022-04-19,Self-Employed,37617,762.0,No,No,Approved,3324.42,5037,3,
319,392182,1275,2023-03-30,Retired,317738,834.0,No,No,Approved,3153.6,3285,2,Renewal case.
320,394342,1769,2023-03-18,Full-Time,154173,614.0,No,No,Pending,5800.86,7437,2,
321,396194,1555,2022-08-14,Self-Employed,39854,647.0,No,No,Under Review,772.2,990,2,.
322,396359,758,2023-02-25,Student,245806,333.0,No,No,Approved,1383.36,2096,2,.
323,398362,1384,2020-03-03,Self-Employed,145219,703.0,No,No,Under Review,2758.86,3537,1,Applicant follow-up needed
324,400692,1139,2020-11-02,Retired,196488,791.0,No,No,Pending,4050.6,6751,2,
325,401091,1597,2020-07-10,Retired,25163,580.0,No,No,Approved,1317.36,1996,4,Referred by agent.
326,403674,845,2021-05-02,Contract,157450,367.0,No,Yes,Withdrawn,5021.52,5978,1,Co-signer pending review.
327,403909,509,2023-11-22,Self-Employed,39699,839.0,No,Yes,Denied,1434.24,1494,2,
328,405975,628,2020-08-23,Student,168631,633.0,No,No,Denied,4302.72,4482,3,Renewal case.
329,406340,774,2020-05-28,Part-Time,91443,778.0,Yes,No,Under Review,3072.42,3939,2,income verified via Plaid
330,409446,798,,Part-Time,58689,670.0,No,Yes,Approved,2875.86,3687,5,income verified via Plaid
331,410745,1448,2022-02-24,Self-Employed,36259,662.0,No,No,Approved,2422.56,2884,1,Missing bank statements.
332,411283,1249,2022-09-01,Self-Employed,245016,836.0,No,Yes,Denied,3152.16,4776,2,income verified via Plaid
333,411712,942,2021-12-09,Part-Time,215368,783.0,Yes,Yes,Withdrawn,1263.6,2106,3,
334,412946,1419,2021-01-12,Self-Employed,147730,671.0,No,No,Denied,2964.36,3529,4,.
335,414358,295,2023-05-25,Part-Time,248774,587.0,No,Yes,Denied,4067.7,5215,4,Referred by agent.
336,415822,490,2020-03-05,Self-Employed,46595,686.0,No,No,Approved,3524.4,5874,5,.
337,419745,1538,,Retired,234031,,Yes,Yes,Withdrawn,1444.8,1720,3,
338,421186,447,2023-05-08,Retired,245688,803.0,No,No,Approved,3751.8,4810,2,
339,421317,943,2021-10-30,Self-Employed,21034,632.0,Yes,Yes,Denied,1805.76,1881,5,Flagged for manual review.
340,423645,1030,2024-09-02,Full-Time,19215,,No,No,Approved,1424.64,1484,2,Missing bank statements.
341,424390,1188,2021-07-28,Full-Time,197900,692.0,No,Yes,Under Review,9774.96,12532,5,Flagged for manual review.
342,424667,662,2022-10-27,Self-Employed,19111,346.0,No,No,Denied,1003.86,1521,2,
343,424679,1608,2024-01-25,Full-Time,66152,718.0,No,Yes,Pending,2242.5,2875,1,income verified via Plaid
344,424743,803,2022-09-02,Contract,95531,683.0,No,Yes,Approved,8073.6,8410,1,Applicant provided pay stubs.
345,425534,1095,2020-04-02,Full-Time,55077,650.0,Yes,Yes,Withdrawn,1458.24,1519,3,Missing bank statements.
346,425664,867,,Unemployed,5030,620.0,No,Yes,Approved,2909.76,3464,3,income verified via Plaid
347,427707,834,2020-12-14,Contract,203708,,No,Yes,Approved,1058.4,1260,4,Renewal case.
348,428510,1766,2022-12-11,Part-Time,174035,768.0,No,Yes,Denied,4246.2,5055,1,Renewal case.
349,428781,841,2020-06-28,Unemployed,238104,,Yes,No,Denied,1976.04,2994,1,
350,429638,1565,2020-09-08,Part-Time,152322,785.0,No,Yes,Approved,3370.08,4012,5,
351,430185,748,2022-01-06,Part-Time,180780,761.0,No,Yes,Pending,2442.0,3700,5,Flagged for manual review.
352,431535,1320,2023-03-20,Retired,105176,653.0,No,Yes,Denied,3361.2,5602,4,Co-signer pending review.
353,433422,538,2022-11-13,Full-Time,162899,632.0,No,Yes,Approved,2897.16,3449,1,Applicant follow-up needed
354,433801,1499,2022-09-19,Student,48051,,No,No,Approved,2052.0,3420,4,Missing bank statements.
355,434594,1637,2021-03-01,Self-Employed,113165,684.0,No,No,Approved,3934.56,4684,1,
356,435672,1609,2020-07-09,Full-Time,284157,788.0,No,Yes,Pending,3796.32,5752,5,Co-signer pending review.
357,436809,1666,2022-07-01,Part-Time,46802,607.0,No,Yes,Pending,1011.66,1297,1,Applicant follow-up needed
358,438917,1587,2024-01-14,Part-Time,187886,331.0,No,Yes,Approved,2265.6,3776,3,.
359,439516,1133,2021-04-20,Full-Time,245187,728.0,No,Yes,Approved,1032.0,1075,3,Flagged for manual review.
360,440077,1746,2021-09-12,Student,120641,672.0,No,Yes,Pending,2659.2,2770,1,Applicant provided pay stubs.
361,440243,1061,2020-10-27,Contract,117201,787.0,No,Yes,Denied,2056.8,3428,5,
362,441284,244,2022-11-28,Self-Employed,251891,663.0,No,No,Approved,1104.0,1840,5,
363,443410,934,2022-06-26,Full-Time,89022,727.0,No,Yes,Under Review,1213.08,1838,5,Co-signer pending review.
364,444953,356,2021-07-19,Full-Time,104129,,Yes,No,Pending,4292.4,7154,4,Missing bank statements.
365,447276,122,2023-09-17,Unemployed,321800,,No,Yes,Approved,891.0,1485,2,Applicant follow-up needed
366,447337,751,2022-12-07,Retired,170864,849.0,No,No,Approved,1781.64,2121,2,income verified via Plaid
367,447441,1191,2020-02-03,Part-Time,68621,732.0,No,No,Denied,752.4,0,4,docs expired
368,447716,931,,Self-Employed,259946,627.0,No,Yes,Approved,6371.52,6637,3,
369,448434,1126,2023-04-20,Retired,11004,702.0,No,Yes,Denied,2720.76,3239,1,Flagged for manual review.
370,448542,1256,2023-04-10,Retired,193965,672.0,No,No,Pending,2401.2,0,1,Flagged for manual review.
371,450253,1237,2024-06-24,Student,222577,796.0,No,Yes,Approved,1004.64,1196,4,docs expired
372,450892,1781,2024-08-09,Full-Time,240752,599.0,No,No,Denied,1548.36,2346,1,
373,452080,1339,2022-10-04,Student,19621,730.0,Yes,Yes,Approved,1011.36,1204,3,
374,454675,1091,2020-06-18,Full-Time,160493,317.0,No,No,Approved,1483.2,2472,4,
375,454963,469,2021-06-12,Contract,179334,849.0,No,Yes,Approved,4565.4,5435,5,
376,456218,1592,2023-01-18,Part-Time,31251,,No,Yes,Approved,2776.02,3559,3,
377,458935,1115,2022-02-09,Unemployed,141273,611.0,No,Yes,Pending,2619.54,3969,4,Missing bank statements.
378,459748,1685,2023-02-17,Self-Employed,40016,,No,No,Approved,4208.64,4384,4,Flagged for manual review.
379,460227,179,2023-09-28,Contract,192816,713.0,No,No,Approved,2538.0,4230,3,Renewal case.
380,462443,1574,2020-12-31,Contract,242263,689.0,Yes,No,Pending,1201.92,1252,5,
381,462541,1173,2021-05-11,Self-Employed,111043,696.0,No,No,Pending,2410.56,2511,4,Applicant follow-up needed
382,462660,381,2020-11-04,Contract,29397,,No,No,Under Review,3076.8,5128,3,Renewal case.
383,465724,91,2021-12-13,Contract,166416,,No,No,Denied,989.52,0,4,Applicant follow-up needed
384,468614,113,2024-06-21,Self-Employed,207687,627.0,Yes,Yes,Pending,1884.12,2243,1,
385,468979,1315,2024-02-24,Self-Employed,187599,776.0,No,Yes,Denied,872.04,1118,2,Co-signer pending review.
386,469287,67,2021-06-24,Full-Time,92134,715.0,Yes,Yes,Approved,3693.36,5596,2,
387,469855,1644,2024-03-14,Retired,136752,776.0,No,No,Approved,1423.8,2373,2,Applicant follow-up needed
388,471392,885,2021-07-27,Full-Time,64610,737.0,No,Yes,Approved,1230.9,1865,1,docs expired
389,471633,774,2022-04-07,Self-Employed,168551,741.0,No,No,Pending,3308.76,3939,3,
390,474975,477,2022-07-31,Unemployed,205704,723.0,Yes,Yes,Approved,1109.76,1156,3,
391,478787,112,2021-12-10,Contract,62501,745.0,No,Yes,Approved,3068.34,4649,2,Missing bank statements.
392,480403,1023,2023-07-28,Contract,140881,680.0,Yes,Yes,Approved,885.36,1054,2,Applicant provided pay stubs.
393,481012,954,2021-10-02,Full-Time,102067,774.0,No,Yes,Approved,4654.26,5967,4,
394,481592,728,2024-03-24,Contract,7068,694.0,Yes,No,Approved,1968.0,2050,3,Missing bank statements.
395,482146,719,2020-09-24,Full-Time,209645,697.0,No,No,Withdrawn,4767.0,7945,3,Flagged for manual review.
396,482881,1788,2023-05-30,Student,198496,764.0,Yes,No,Approved,2413.32,2873,1,docs expired
397,483057,1675,2022-02-27,Full-Time,176135,714.0,No,Yes,Pending,1310.76,1986,1,Flagged for manual review.
398,483450,969,2023-10-27,Contract,174901,648.0,Yes,No,Approved,1268.4,1510,5,Flagged for manual review.
399,484892,1768,2021-11-07,Retired,108800,775.0,No,No,Approved,3791.76,4514,2,
400,487024,710,2020-04-11,Full-Time,176614,812.0,Yes,Yes,Denied,1297.92,1352,4,income verified via Plaid
401,487452,1774,2021-09-16,Self-Employed,212465,793.0,No,No,Approved,909.0,1515,3,Co-signer pending review.
402,489021,42,2023-07-13,Part-Time,164072,791.0,Yes,Yes,Denied,4198.2,6997,2,income verified via Plaid
403,489617,1162,2024-02-27,Student,167390,,No,No,Approved,2184.84,2601,4,.
404,489869,1423,,Retired,100899,680.0,No,No,Approved,5153.28,5368,3,income verified via Plaid
405,491514,1184,2020-04-27,Student,212461,481.0,No,No,Approved,6088.68,7806,4,Applicant follow-up needed
406,492197,13,2021-09-21,Contract,247835,611.0,No,Yes,Denied,2726.1,3495,5,Applicant follow-up needed
407,492404,489,,Part-Time,48456,683.0,No,Yes,Approved,1730.4,2060,4,
408,493812,1688,2024-08-30,Full-Time,212116,746.0,No,No,Under Review,1971.42,2987,5,
409,495646,705,2024-07-03,Full-Time,75187,615.0,No,Yes,Denied,2045.34,3099,4,Missing bank statements.
410,497187,3,2024-05-29,Part-Time,139122,830.0,No,No,Under Review,1197.84,1426,1,Flagged for manual review.
411,500217,1703,2020-07-29,Self-Employed,54704,663.0,No,Yes,Pending,9728.16,12472,2,
412,500606,395,2024-12-21,Self-Employed,92161,385.0,No,Yes,Denied,2735.04,4144,5,docs expired
413,500658,163,2020-05-04,Self-Employed,110675,837.0,No,No,Approved,3305.28,5008,3,docs expired
414,500990,1189,2021-10-02,Contract,67102,626.0,No,No,Pending,3337.62,4279,2,
415,501668,1743,2024-05-10,Contract,88231,683.0,No,No,Approved,1062.72,1107,3,Applicant provided pay stubs.
416,502054,739,2023-11-29,Retired,32119,,Yes,Yes,Approved,2468.7,3165,3,Missing bank statements.
417,503569,1189,2022-03-12,Unemployed,206787,750.0,No,No,Denied,2567.4,4279,3,.
418,504915,1332,2022-03-05,Contract,131255,757.0,No,No,Denied,2754.18,3531,5,Missing bank statements.
419,505558,1587,2024-08-25,Contract,146769,,No,No,Denied,2265.6,3776,1,Referred by agent.
420,505885,1726,2024-08-11,Part-Time,20069,782.0,Yes,No,Approved,2142.0,3570,1,Referred by agent.
421,506137,1230,2022-11-22,Self-Employed,234342,793.0,Yes,No,Approved,2177.28,2592,2,docs expired
422,506341,1256,,Full-Time,108286,681.0,No,No,Denied,3841.92,4002,3,
423,506999,507,2021-03-08,Student,163758,421.0,No,Yes,Under Review,680.94,873,1,.
424,507043,1687,2024-02-17,Full-Time,95924,791.0,No,No,Approved,3036.6,3615,2,income verified via Plaid
425,509012,1114,2022-06-20,Retired,227641,762.0,No,Yes,Pending,1861.2,3102,4,Renewal case.
426,511121,658,2020-05-11,Self-Employed,218084,743.0,No,No,Pending,2648.88,3396,2,Renewal case.
427,511261,105,2024-09-18,Unemployed,149578,737.0,No,No,Denied,4456.92,5714,4,
428,511564,470,2024-07-07,Full-Time,288263,838.0,No,Yes,Approved,4856.28,0,5,docs expired
429,514226,1116,2022-02-15,Full-Time,114231,774.0,Yes,Yes,Under Review,4373.04,5206,1,
430,514536,635,2023-12-20,Unemployed,130925,792.0,No,Yes,Under Review,3311.22,5017,4,
431,514592,25,2021-06-05,Full-Time,20426,774.0,No,No,Approved,7318.08,7623,4,
432,516065,1076,2020-11-23,Student,26023,716.0,No,No,Approved,2484.72,2958,4,Applicant provided pay stubs.
433,516182,588,2024-12-01,Contract,205298,768.0,No,Yes,Approved,1862.4,1940,3,
434,517120,1261,2023-04-26,Part-Time,193029,740.0,No,Yes,Approved,1038.18,1573,1,
435,517144,495,2021-06-11,Unemployed,39670,701.0,No,No,Under Review,1598.4,1665,2,Missing bank statements.
436,519514,1193,2021-09-09,Student,15604,769.0,No,No,Pending,4093.32,4873,3,Missing bank statements.
437,522992,663,2024-02-20,Unemployed,178985,535.0,Yes,No,Under Review,1679.7,2545,3,Renewal case.
438,524170,1412,2020-12-31,Student,169704,703.0,No,No,Pending,1516.8,1580,2,income verified via Plaid
439,524748,73,2022-09-02,Part-Time,226211,663.0,No,Yes,Approved,3187.08,4086,1,
440,524988,1137,2024-10-30,Part-Time,274515,794.0,No,Yes,Denied,789.0,1315,1,Applicant follow-up needed
441,525069,414,2020-12-10,Part-Time,239780,510.0,Yes,Yes,Pending,2018.4,3364,4,docs expired
442,525619,579,2020-07-05,Contract,95018,608.0,No,No,Under Review,4918.2,5855,3,Renewal case.
443,527109,1387,2020-08-11,Retired,234414,586.0,No,No,Under Review,1669.98,2141,3,Missing bank statements.
444,527125,1426,2022-03-24,Student,91395,769.0,No,Yes,Denied,4279.2,7132,2,Applicant provided pay stubs.
445,528819,308,2024-08-25,Self-Employed,227905,778.0,No,Yes,Approved,2894.1,4385,5,income verified via Plaid
446,530388,316,,Student,33136,819.0,No,No,Approved,2156.28,2567,1,
447,531250,1733,2023-02-06,Unemployed,90104,794.0,No,No,Pending,6395.4,10659,5,
448,533516,156,2022-01-25,Self-Employed,132102,,Yes,Yes,Approved,3343.86,4287,5,Flagged for manual review.
449,533614,617,2024-02-28,Self-Employed,88055,733.0,No,Yes,Denied,2156.88,3268,1,
450,535525,29,2020-07-15,Student,276594,606.0,No,No,Under Review,2286.18,2931,5,
451,535614,336,2022-01-21,Self-Employed,183771,690.0,No,No,Denied,1407.78,2133,1,
452,535716,960,2024-06-22,Self-Employed,288401,641.0,Yes,No,Under Review,1164.6,1941,3,.
453,537751,994,2020-02-29,Self-Employed,221899,817.0,No,Yes,Approved,1632.0,1700,3,Renewal case.
454,538926,1764,2021-02-26,Full-Time,226943,444.0,No,No,Approved,3289.2,5482,5,Flagged for manual review.
455,546767,634,2021-05-28,Contract,218772,754.0,No,No,Approved,1376.64,1434,4,
456,546882,610,2023-10-23,Self-Employed,158315,504.0,No,Yes,Approved,1298.4,2164,5,
457,547218,466,2021-09-02,Full-Time,118414,486.0,No,No,Approved,2835.0,3375,2,
458,549484,348,2020-02-03,Unemployed,129988,819.0,No,Yes,Pending,6892.08,8836,4,
459,549894,896,2021-07-14,Student,24805,641.0,No,Yes,Pending,5644.86,7237,5,Missing bank statements.
460,556441,1698,2023-07-16,Part-Time,75531,673.0,No,No,Approved,1889.58,2863,1,
461,556736,1422,2024-04-09,Unemployed,61414,,No,Yes,Denied,1904.28,2267,1,Applicant follow-up needed
462,556990,1216,2020-11-05,Student,197813,795.0,No,Yes,Denied,1414.38,2143,1,docs expired
463,558059,1606,2023-04-05,Retired,62081,424.0,No,No,Withdrawn,2639.4,4399,4,Co-signer pending review.
464,558477,168,2023-05-29,Contract,156262,,No,Yes,Denied,1416.24,1686,4,
465,559734,644,2021-07-01,Part-Time,161723,712.0,Yes,Yes,Approved,2803.32,3594,4,Applicant follow-up needed
466,559859,304,2020-06-29,Full-Time,98816,,No,No,Approved,1376.1,2085,1,Co-signer pending review.
467,562357,586,2021-07-26,Retired,27693,818.0,No,No,Under Review,1471.68,1533,4,Applicant provided pay stubs.
468,562371,517,2021-08-09,Retired,144242,729.0,No,No,Denied,3165.0,5275,4,Missing bank statements.
469,563597,1136,2023-04-17,Self-Employed,20829,788.0,Yes,No,Approved,3505.32,4173,1,
470,564549,740,,Full-Time,36175,,No,No,Pending,1777.38,2693,2,
471,565813,699,2024-02-22,Self-Employed,201956,,No,No,Approved,2600.4,3940,2,Applicant provided pay stubs.
472,566851,414,2024-04-07,Self-Employed,189540,594.0,Yes,Yes,Approved,2623.92,3364,1,Renewal case.
473,567505,119,2022-11-30,Full-Time,131026,759.0,No,Yes,Approved,3161.4,4790,5,Renewal case.
474,567604,369,2021-01-31,Part-Time,117083,699.0,No,No,Denied,1358.28,1617,1,
475,567925,1668,2023-05-01,Part-Time,246496,799.0,No,No,Approved,5005.56,5959,5,
476,571471,1091,2021-01-30,Self-Employed,58930,794.0,No,Yes,Pending,1483.2,2472,2,Flagged for manual review.
477,576753,463,2021-07-10,Full-Time,38463,834.0,No,Yes,Approved,3456.0,3600,5,Applicant provided pay stubs.
478,577095,221,2022-10-05,Student,183641,752.0,No,No,Denied,2622.48,3122,2,Referred by agent.
479,577199,978,2021-07-28,Part-Time,151575,694.0,No,Yes,Approved,1211.52,1262,5,Flagged for manual review.
480,577749,415,2024-04-18,Contract,193639,785.0,No,No,Pending,854.28,1017,4,Missing bank statements.
481,581268,1491,2022-04-14,Student,204393,768.0,No,Yes,Withdrawn,1147.8,1913,3,Renewal case.
482,584552,798,2024-02-01,Part-Time,25273,777.0,No,No,Approved,1887.0,3145,3,
483,584610,1493,2023-12-08,Retired,211016,303.0,No,Yes,Approved,2821.44,2939,1,Co-signer pending review.
484,586108,1538,2020-01-31,Self-Employed,46351,,No,Yes,Pending,1135.2,1720,1,Applicant follow-up needed
485,588558,465,2024-09-15,Self-Employed,103777,,No,No,Approved,1476.54,1893,3,Missing bank statements.
486,588775,1371,2020-11-17,Self-Employed,176103,653.0,No,No,Approved,3318.0,3950,4,income verified via Plaid
487,590144,173,2020-04-18,Full-Time,135518,807.0,No,No,Approved,2128.62,2729,3,
488,590951,207,2022-01-16,Part-Time,55289,801.0,No,Yes,Denied,5580.96,6644,1,Applicant provided pay stubs.
489,591998,565,2020-05-09,Part-Time,102124,698.0,No,No,Withdrawn,1486.08,1548,5,
490,594081,102,2022-03-20,Self-Employed,60747,837.0,No,No,Approved,1909.38,2893,5,Flagged for manual review.
491,594320,1524,2023-01-23,Self-Employed,200253,752.0,No,Yes,Denied,1680.0,2800,5,Referred by agent.
492,594400,887,2023-05-27,Retired,172397,718.0,Yes,No,Approved,3043.8,5073,1,Applicant provided pay stubs.
493,598953,1025,2020-05-05,Part-Time,133613,,No,No,Approved,2778.0,4630,5,Renewal case.
494,601873,1502,2021-08-06,Unemployed,102126,734.0,No,No,Denied,2465.4,2935,1,
495,602927,144,2020-06-23,Self-Employed,221764,708.0,No,No,Under Review,5592.72,6658,1,Flagged for manual review.
496,603863,709,2020-12-16,Self-Employed,19806,688.0,No,Yes,Approved,1809.6,1885,3,.
497,604199,1370,2020-05-17,Student,248670,701.0,No,Yes,Withdrawn,1236.48,1472,3,
498,604458,725,2022-03-27,Part-Time,193343,502.0,No,No,Pending,934.8,1558,4,Flagged for manual review.
499,606036,1080,2022-10-05,Full-Time,95073,675.0,No,No,Pending,2410.2,4017,5,Applicant provided pay stubs.
500,607670,944,2023-12-28,Student,81177,653.0,Yes,Yes,Denied,1331.4,1585,2,
501,612109,843,2021-05-20,Full-Time,222275,793.0,No,Yes,Denied,859.8,1433,1,Missing bank statements.
502,613827,846,2020-04-06,Contract,49192,597.0,Yes,No,Pending,1541.4,1835,2,Co-signer pending review.
503,614025,1130,2020-12-21,Full-Time,191205,,No,No,Denied,3369.6,5616,5,Renewal case.
504,615362,1570,2024-10-28,Part-Time,151959,666.0,No,No,Pending,1084.38,1643,1,Applicant provided pay stubs.
505,619588,701,2024-09-07,Full-Time,183961,782.0,No,Yes,Under Review,1277.76,1331,5,docs expired
506,621461,1226,2024-02-06,Unemployed,77889,500.0,No,Yes,Denied,3095.4,5159,3,Co-signer pending review.
507,621487,486,2023-07-04,Self-Employed,76557,705.0,No,Yes,Pending,2152.08,2562,5,docs expired
508,621660,1568,2020-10-20,Retired,64402,721.0,No,No,Withdrawn,3272.4,5454,1,Flagged for manual review.
509,621844,672,2021-07-25,Contract,822000,701.0,No,No,Pending,2143.2,3572,4,Applicant provided pay stubs.
510,622759,1293,2023-02-08,Full-Time,219643,466.0,No,Yes,Denied,1481.04,2244,4,income verified via Plaid
511,625475,1056,2021-11-18,Unemployed,223737,674.0,No,No,Under Review,896.22,1149,5,
512,626131,1705,2020-08-12,Retired,140968,748.0,No,Yes,Denied,1946.34,2949,4,
513,626767,804,,Self-Employed,31306,687.0,Yes,No,Under Review,2083.62,3157,1,.
514,628701,1698,2024-08-02,Self-Employed,78831,670.0,No,No,Pending,2233.14,2863,2,Flagged for manual review.
515,629052,330,2023-01-17,Contract,46914,743.0,Yes,Yes,Denied,1872.0,1950,5,Applicant follow-up needed
516,630882,372,2023-09-24,Unemployed,155041,634.0,No,No,Approved,1607.04,1674,3,Flagged for manual review.
517,632435,971,2021-10-02,Self-Employed,20478,846.0,Yes,No,Approved,2133.12,2222,5,Co-signer pending review.
518,633187,771,2023-09-05,Full-Time,144737,781.0,No,No,Approved,1733.4,2889,5,
519,633278,637,2024-09-09,Full-Time,20855,730.0,No,No,Approved,2541.24,3258,1,docs expired
520,634961,1496,2022-07-28,Full-Time,81762,705.0,No,Yes,Approved,4898.04,5831,2,Renewal case.
521,637043,1320,2023-07-14,Contract,135740,,No,No,Approved,4705.68,5602,2,Flagged for manual review.
522,637117,753,2022-05-15,Retired,61151,608.0,Yes,Yes,Denied,2276.4,2710,3,
523,637274,1318,2021-10-06,Self-Employed,89762,729.0,No,Yes,Denied,2099.4,3499,1,.
524,639751,1719,2023-02-17,Part-Time,43524,,No,No,Pending,2354.82,3019,1,Applicant follow-up needed
525,641462,176,2022-11-11,Student,238183,806.0,No,No,Approved,6789.72,8083,5,
526,643071,1536,2021-01-13,Self-Employed,188203,748.0,No,No,Under Review,3832.92,4563,5,Applicant follow-up needed
527,643374,1405,,Unemployed,236858,835.0,No,Yes,Approved,2377.8,3963,2,income verified via Plaid
528,647367,1182,2021-12-24,Retired,100070,536.0,No,No,Pending,2936.4,4894,5,Co-signer pending review.
529,648773,1418,2023-01-26,Full-Time,130496,787.0,No,Yes,Approved,3060.48,3188,2,Renewal case.
530,650549,934,2024-12-31,Retired,119650,782.0,Yes,Yes,Pending,1213.08,1838,4,
531,652132,742,2024-04-28,Full-Time,83257,816.0,No,No,Withdrawn,4666.74,5983,3,Applicant provided pay stubs.
532,652443,1568,2022-10-21,Unemployed,111894,736.0,No,No,Approved,3599.64,5454,4,Applicant provided pay stubs.
533,654553,1226,2021-08-14,Student,64765,765.0,No,Yes,Denied,4333.56,5159,1,Renewal case.
534,655627,9,2021-12-16,Part-Time,63790,,No,Yes,Denied,1575.36,1641,1,Applicant follow-up needed
535,657003,1255,,Part-Time,106379,755.0,No,No,Withdrawn,4335.0,7225,5,
536,657070,605,2021-12-12,Retired,235796,692.0,No,Yes,Approved,1388.4,2314,4,docs expired
537,657096,681,2022-07-05,Self-Employed,295900,503.0,Yes,Yes,Approved,3936.24,0,2,
538,657398,1188,2021-06-08,Part-Time,28949,825.0,Yes,Yes,Approved,8271.12,12532,3,
539,660146,408,2021-11-11,Retired,16023,711.0,No,No,Denied,4767.18,7223,2,
540,661966,1053,2024-01-07,Part-Time,210806,818.0,No,No,Denied,1640.4,2734,1,Co-signer pending review.
541,662877,1667,2024-11-24,Student,214501,626.0,No,Yes,Approved,2886.6,4811,3,
542,663119,149,2024-10-01,Self-Employed,221275,672.0,Yes,Yes,Approved,1031.4,1719,4,.
543,668846,408,2023-07-04,Part-Time,95922,391.0,No,No,Pending,6934.08,7223,1,income verified via Plaid
544,669691,15,2021-12-21,Unemployed,255457,421.0,No,Yes,Denied,2135.04,2224,4,Applicant provided pay stubs.
545,671942,509,2024-04-30,Unemployed,152743,732.0,Yes,No,Denied,3647.04,3799,5,docs expired
546,672003,1111,2022-08-01,Unemployed,31123,,Yes,No,Pending,2649.66,3397,2,Co-signer pending review.
547,673545,277,2021-09-24,Retired,18426,,No,No,Approved,4063.8,5210,1,Renewal case.
548,673979,67,2020-04-17,Part-Time,208470,740.0,Yes,Yes,Approved,4364.88,5596,1,income verified via Plaid
549,674345,6,2022-04-29,Part-Time,142349,630.0,No,No,Approved,2282.28,3458,1,Co-signer pending review.
550,675017,1074,2022-08-28,Student,14974,,No,Yes,Approved,3834.48,4916,2,
551,675032,1258,2024-01-17,Contract,100453,786.0,No,No,Pending,1130.58,1713,2,Co-signer pending review.
552,675695,611,2021-06-03,Contract,178091,768.0,No,No,Approved,2465.4,4109,5,docs expired
553,675865,415,2020-05-10,Contract,249656,627.0,No,Yes,Withdrawn,976.32,1017,3,Referred by agent.
554,677027,356,2023-07-18,Part-Time,58235,669.0,Yes,No,Denied,6009.36,7154,5,Flagged for manual review.
555,677091,1730,2022-03-03,Contract,152545,829.0,No,Yes,Approved,3775.8,4495,1,.
556,678317,44,2020-11-10,Retired,96302,625.0,No,No,Approved,6562.92,7813,3,income verified via Plaid
557,678402,667,,Retired,54366,759.0,No,Yes,Pending,1974.96,2532,5,
558,679258,1350,2021-09-04,Unemployed,219108,646.0,No,Yes,Approved,3464.76,4442,1,
559,679277,1655,,Unemployed,74065,633.0,No,Yes,Approved,5913.96,7582,5,Flagged for manual review.
560,680038,331,2022-10-22,Unemployed,161025,754.0,Yes,Yes,Approved,1764.48,1838,1,
561,681789,612,2022-08-31,Contract,134539,,No,No,Approved,4708.8,7848,3,docs expired
562,681871,523,,Part-Time,52428,727.0,No,No,Approved,2767.8,3295,3,Applicant provided pay stubs.
563,682241,60,2021-04-11,Full-Time,200433,701.0,No,Yes,Denied,766.92,1162,2,Renewal case.
564,682245,1549,2023-08-24,Contract,58090,580.0,No,No,Approved,1441.44,1848,2,Applicant follow-up needed
565,685167,1742,2024-10-19,Retired,19472,687.0,No,No,Under Review,4241.28,4418,2,Applicant provided pay stubs.
566,686386,1426,2021-10-15,Contract,99860,806.0,No,No,Denied,6846.72,7132,5,
567,687147,1666,,Unemployed,130739,,No,Yes,Approved,1245.12,1297,4,Missing bank statements.
568,688668,107,2024-05-03,Student,25420,400.0,Yes,Yes,Approved,1991.4,3319,3,Co-signer pending review.
569,689078,627,2020-05-09,Full-Time,40946,835.0,No,No,Approved,2708.4,4514,5,docs expired
570,690795,715,2023-09-26,Part-Time,248415,790.0,No,Yes,Denied,1903.68,1983,5,Missing bank statements.
571,692921,574,2024-12-06,Retired,223429,809.0,No,Yes,Under Review,5350.02,6859,1,Applicant follow-up needed
572,693160,290,2024-10-16,Self-Employed,119640,691.0,No,Yes,Approved,1394.4,1660,3,
573,696908,603,2023-08-25,Self-Employed,82253,,No,No,Approved,797.28,1208,4,
574,697848,165,2024-10-11,Retired,238085,728.0,No,Yes,Under Review,1387.2,2312,5,Flagged for manual review.
575,700436,1750,2022-02-07,Full-Time,214536,814.0,No,No,Denied,5596.8,9328,3,Co-signer pending review.
576,700722,931,2022-11-06,Full-Time,164156,787.0,No,No,Approved,5575.08,6637,3,Referred by agent.
577,705047,812,2023-09-19,Contract,239751,,No,No,Denied,2861.76,2981,5,Applicant follow-up needed
578,705428,74,2023-09-16,Student,115597,698.0,No,Yes,Pending,9555.84,9954,5,
579,707647,289,2022-01-28,Full-Time,144086,705.0,No,No,Approved,2845.08,3387,2,
580,708862,195,2021-11-17,Unemployed,157180,764.0,No,Yes,Approved,3570.6,5410,3,Applicant provided pay stubs.
581,709792,959,2022-12-20,Student,166897,705.0,No,No,Denied,5669.76,5906,5,
582,710492,41,2020-07-19,Full-Time,120201,589.0,No,No,Approved,750.6,1251,2,Flagged for manual review.
583,711204,1340,2024-01-02,Self-Employed,38912,638.0,No,No,Withdrawn,999.6,1666,4,Applicant provided pay stubs.
584,711751,134,2021-06-15,Contract,98022,,No,No,Approved,2438.7,3695,2,Applicant provided pay stubs.
585,711990,1142,2021-03-23,Full-Time,121119,806.0,Yes,No,Approved,3949.92,5064,3,
586,715257,1797,2021-01-08,Retired,30846,553.0,Yes,Yes,Denied,840.96,876,5,
587,716248,286,2023-08-19,Student,246534,702.0,No,Yes,Denied,9918.72,10332,5,Renewal case.
588,716945,566,2021-09-16,Retired,210200,655.0,Yes,No,Withdrawn,1449.6,1510,2,
589,717474,901,2023-01-12,Contract,62131,,No,Yes,Approved,4693.92,5588,1,Referred by agent.
590,719200,753,2024-03-14,Retired,118575,793.0,Yes,No,Denied,2601.6,2710,5,income verified via Plaid
591,719722,1074,2024-10-28,Self-Employed,141987,623.0,No,No,Denied,2949.6,4916,1,Applicant provided pay stubs.
592,720099,461,2024-10-13,Student,88544,615.0,No,Yes,Pending,1679.16,1999,2,
593,721063,888,2021-12-08,Self-Employed,242022,775.0,No,No,Denied,3447.18,5223,5,
594,721512,1644,2020-03-05,Unemployed,224377,,No,No,Approved,1993.32,0,3,
595,721556,1325,2023-02-01,Part-Time,217908,837.0,Yes,No,Approved,2735.4,4559,5,
596,721937,722,2021-10-03,Part-Time,200866,,Yes,No,Under Review,6539.52,8384,4,Missing bank statements.
597,723560,1220,2024-10-13,Unemployed,129814,652.0,No,Yes,Denied,7512.96,0,3,income verified via Plaid
598,724220,463,2022-08-06,Self-Employed,238324,622.0,No,No,Approved,2808.0,3600,2,Missing bank statements.
599,724714,1635,2023-05-30,Contract,233568,,No,No,Under Review,3644.94,4673,2,Flagged for manual review.
600,726706,1679,2021-07-13,Self-Employed,133522,835.0,No,No,Approved,2926.44,4434,4,Applicant follow-up needed
601,728797,1514,2021-08-05,Self-Employed,248900,727.0,No,No,Denied,1933.44,2014,4,
602,732820,1679,2020-04-27,Student,152113,749.0,No,No,Denied,4256.64,4434,1,Missing bank statements.
603,735453,1044,2021-02-09,Self-Employed,123196,587.0,No,Yes,Approved,6220.5,7975,3,.
604,735955,950,2022-04-18,Contract,86263,472.0,No,No,Denied,3972.48,4138,1,Renewal case.
605,736130,1647,2020-01-27,Student,94289,575.0,No,No,Approved,5656.56,7252,3,Missing bank statements.
606,739025,1018,2020-12-28,Student,163246,315.0,No,No,Denied,5060.88,7668,5,
607,739219,1499,2022-10-06,Part-Time,173956,729.0,No,Yes,Pending,1240.2,1590,2,docs expired
608,739680,920,2024-05-28,Full-Time,8278,,No,No,Under Review,2880.36,3429,2,Missing bank statements.
609,739818,920,2020-10-01,Full-Time,26865,835.0,No,Yes,Denied,2263.14,3429,3,Applicant provided pay stubs.
610,740125,1379,2024-08-03,Self-Employed,89268,678.0,No,Yes,Pending,3821.4,5790,1,Applicant provided pay stubs.
611,743333,549,2020-08-28,Unemployed,66163,374.0,Yes,Yes,Approved,2315.04,2968,3,Flagged for manual review.
612,743360,1628,2023-03-09,Part-Time,29970,815.0,No,No,Approved,4589.52,5884,5,income verified via Plaid
613,743784,49,,Part-Time,246303,606.0,No,No,Denied,3568.32,3717,2,Referred by agent.
614,744027,663,2021-01-12,Student,33525,772.0,No,Yes,Denied,1527.0,2545,2,income verified via Plaid
615,747348,296,2023-05-20,Contract,33397,785.0,Yes,No,Approved,626.4,1044,1,Co-signer pending review.
616,748316,1733,2024-02-11,Retired,245632,819.0,Yes,Yes,Approved,7034.94,10659,5,
617,748984,1309,2023-07-19,Part-Time,204679,599.0,No,Yes,Denied,1120.56,1334,4,
618,749139,1018,2024-02-14,Retired,118825,639.0,Yes,Yes,Withdrawn,4600.8,7668,3,Flagged for manual review.
619,750559,1430,2020-03-17,Self-Employed,57678,803.0,No,Yes,Approved,1027.8,1713,5,
620,753284,1664,2022-06-04,Unemployed,143957,690.0,No,No,Denied,2670.72,3424,2,Renewal case.
621,753351,195,2022-09-09,Retired,219207,627.0,No,No,Denied,4219.8,5410,4,
622,754906,1767,2020-09-25,Unemployed,114960,678.0,No,Yes,Pending,3382.68,4027,5,
623,755518,520,2021-09-04,Self-Employed,83804,588.0,No,No,Withdrawn,4618.56,4811,4,Co-signer pending review.
624,757410,830,2023-06-22,Full-Time,227503,681.0,No,No,Approved,2148.6,3581,1,Missing bank statements.
625,758106,590,,Self-Employed,77816,823.0,No,Yes,Denied,10007.76,0,2,.
626,758902,807,2021-09-21,Retired,216541,772.0,No,No,Approved,1089.6,1816,5,
627,759050,1409,2020-07-21,Self-Employed,60290,722.0,Yes,No,Approved,3155.52,3287,3,
628,761371,809,2023-08-28,Contract,93953,762.0,No,Yes,Denied,1387.2,1445,1,.
629,763672,265,2022-12-26,Full-Time,128164,773.0,No,No,Under Review,1237.86,1587,4,
630,764743,570,2021-02-22,Part-Time,316161,782.0,No,No,Withdrawn,4819.08,5737,3,Missing bank statements.
631,765911,779,2023-02-25,Full-Time,175221,696.0,Yes,Yes,Approved,6808.2,8105,2,Missing bank statements.
632,767453,672,2024-12-18,Unemployed,139285,736.0,No,No,Approved,2357.52,3572,4,Missing bank statements.
633,770415,1095,2024-10-25,Full-Time,126164,770.0,Yes,No,Pending,1184.82,1519,1,Applicant provided pay stubs.
634,770735,1091,2021-08-30,Unemployed,126186,801.0,No,Yes,Denied,2373.12,2472,3,Referred by agent.
635,771161,1769,2021-08-29,Full-Time,109038,675.0,No,Yes,Under Review,4462.2,7437,5,income verified via Plaid
636,771539,454,2020-01-20,Full-Time,157278,841.0,No,No,Under Review,2157.12,2568,3,
637,772410,1070,2020-02-23,Student,18264,717.0,No,No,Denied,774.48,922,3,Applicant provided pay stubs.
638,774461,1706,2020-11-01,Self-Employed,187684,455.0,No,No,Pending,6608.28,7867,1,Applicant follow-up needed
639,775724,407,2021-08-18,Part-Time,9715,840.0,Yes,Yes,Approved,844.2,1407,2,Flagged for manual review.
640,776505,1529,,Contract,32693,664.0,Yes,Yes,Approved,4369.92,4552,3,income verified via Plaid
641,779096,1445,2021-09-14,Self-Employed,144257,682.0,Yes,No,Pending,6513.0,8350,5,Renewal case.
642,779484,776,2021-01-19,Self-Employed,154211,848.0,No,Yes,Approved,1359.6,2060,5,
643,779564,581,2023-12-29,Part-Time,70802,,No,No,Approved,3680.88,4382,1,Applicant follow-up needed
644,780352,702,2023-01-16,Self-Employed,26812,,Yes,Yes,Pending,740.4,1234,2,
645,781124,1433,2022-01-28,Student,306079,812.0,No,Yes,Pending,4271.4,7119,1,income verified via Plaid
646,783846,628,2021-11-07,Contract,99386,724.0,Yes,No,Pending,3764.88,4482,1,docs expired
647,784578,1176,2024-10-05,Unemployed,136134,728.0,No,Yes,Denied,1084.8,1808,1,income verified via Plaid
648,785456,15,,Full-Time,176802,698.0,No,No,Pending,1334.4,2224,1,
649,786191,1226,2022-09-21,Self-Employed,46602,587.0,No,Yes,Denied,4024.02,5159,2,Missing bank statements.
650,786617,1587,2024-06-24,Retired,237297,699.0,No,Yes,Denied,2945.28,3776,5,Co-signer pending review.
651,787261,862,2022-05-22,Full-Time,191140,652.0,No,No,Approved,2363.46,3581,5,
652,787281,814,2022-08-25,Full-Time,95264,691.0,Yes,No,Withdrawn,6336.6,10561,3,Renewal case.
653,787300,147,2023-12-29,Retired,233240,731.0,No,Yes,Pending,2271.72,3442,5,Applicant follow-up needed
654,787472,304,2023-04-21,Retired,191700,642.0,No,Yes,Denied,1376.1,2085,3,docs expired
655,789488,509,,Part-Time,220376,603.0,Yes,Yes,Approved,2010.6,3351,3,
656,795296,1596,2022-10-23,Unemployed,100696,823.0,No,Yes,Approved,5245.68,7948,2,Applicant provided pay stubs.
657,795563,174,2020-01-16,Student,160554,821.0,No,No,Approved,2323.2,2420,2,income verified via Plaid
658,797291,76,2023-03-31,Full-Time,211275,,No,Yes,Approved,1615.32,1923,3,
659,797996,680,2023-08-31,Full-Time,216067,764.0,No,Yes,Denied,679.2,1132,5,Applicant follow-up needed
660,799249,157,2023-02-24,Unemployed,312050,,No,No,Under Review,6640.8,11068,4,docs expired
661,800732,1011,2020-12-23,Part-Time,88649,773.0,No,No,Pending,4427.64,5271,3,
662,803723,1431,2020-11-25,Part-Time,4383,489.0,No,Yes,Pending,5454.6,0,5,Co-signer pending review.
663,804857,663,2024-10-27,Contract,129892,757.0,No,No,Denied,2443.2,2545,1,Applicant provided pay stubs.
664,804924,1264,2022-06-03,Student,46927,677.0,No,Yes,Pending,2051.28,3108,1,
665,806192,200,2024-03-19,Student,190099,769.0,No,Yes,Pending,2677.44,2789,3,Flagged for manual review.
666,806564,1677,2021-02-24,Contract,101880,694.0,No,No,Approved,519.6,866,2,.
667,808998,1670,2024-11-25,Full-Time,279821,557.0,No,Yes,Under Review,5765.76,6006,1,Renewal case.
668,809646,1029,2024-03-29,Student,160505,,No,Yes,Under Review,1374.78,2083,1,
669,811816,16,2023-08-06,Full-Time,59855,666.0,No,Yes,Approved,1400.52,2122,3,
670,811948,280,2022-05-25,Full-Time,101381,841.0,No,No,Denied,1092.0,1400,3,Referred by agent.
671,812572,1595,2024-12-29,Full-Time,78830,,Yes,No,Pending,1550.4,2584,2,
672,818270,1229,2023-04-29,Full-Time,144504,760.0,No,Yes,Approved,7371.0,9450,5,Referred by agent.
673,818369,1115,2022-08-19,Contract,225833,412.0,Yes,No,Pending,2619.54,3969,1,
674,819155,160,2021-07-31,Full-Time,106795,,No,No,Withdrawn,1022.4,1065,1,
675,820905,990,2020-03-08,Unemployed,71080,689.0,No,No,Denied,2431.68,2533,4,Referred by agent.
676,821189,1263,2024-01-26,Retired,18022,696.0,Yes,Yes,Denied,2845.44,2964,3,Applicant follow-up needed
677,821319,1540,2021-02-13,Unemployed,241514,,No,Yes,Under Review,2156.88,3268,5,docs expired
678,821877,71,2020-12-06,Self-Employed,270045,711.0,No,Yes,Denied,3480.0,3625,4,
679,822384,1192,2020-03-27,Self-Employed,161135,648.0,Yes,Yes,Under Review,5125.2,8542,1,Applicant follow-up needed
680,822409,1120,2022-08-25,Full-Time,184922,,No,No,Approved,953.94,1223,2,income verified via Plaid
681,822711,896,2023-10-26,Self-Employed,55513,781.0,No,No,Under Review,6079.08,7237,5,Co-signer pending review.
682,823259,448,2023-03-29,Student,234680,681.0,No,Yes,Approved,1390.62,2107,3,docs expired
683,824401,993,2021-11-14,Student,41860,703.0,Yes,No,Pending,680.46,1031,2,income verified via Plaid
684,826692,1263,2020-09-04,Retired,59127,722.0,No,Yes,Approved,2845.44,2964,2,
685,828843,1516,2023-03-27,Self-Employed,72922,789.0,Yes,Yes,Denied,1491.0,2485,1,.
686,828999,1373,2024-04-17,Contract,122397,632.0,No,Yes,Approved,712.92,914,4,
687,829380,496,2022-02-18,Student,167182,734.0,No,No,Approved,2236.26,2867,5,Flagged for manual review.
688,830463,612,2024-12-09,Part-Time,142563,,No,Yes,Approved,5179.68,7848,5,income verified via Plaid
689,830610,1430,2023-06-20,Self-Employed,322117,436.0,Yes,No,Withdrawn,1644.48,1713,4,Renewal case.
690,831162,1714,2022-11-20,Student,217070,677.0,No,Yes,Withdrawn,2187.9,0,5,Flagged for manual review.
691,831396,375,2024-09-23,Part-Time,24512,,No,Yes,Approved,2637.12,2747,3,
692,831707,1717,2021-10-21,Part-Time,126808,478.0,No,Yes,Under Review,2760.78,4183,5,Renewal case.
693,832392,1292,2021-01-06,Unemployed,132343,585.0,No,No,Approved,10170.24,10594,4,Flagged for manual review.
694,833861,1291,2021-06-27,Self-Employed,139464,775.0,No,No,Denied,2535.36,2641,2,
695,834943,1569,2023-02-20,Part-Time,585000,698.0,No,Yes,Under Review,1173.9,1505,1,Missing bank statements.
696,835672,721,2022-08-04,Contract,92895,632.0,No,Yes,Approved,2479.2,0,4,docs expired
697,836341,879,,Part-Time,248795,757.0,Yes,No,Pending,532.2,0,3,
698,838228,1777,2024-12-06,Contract,110400,797.0,No,No,Approved,1348.8,0,3,Renewal case.
699,840648,1003,2020-06-17,Unemployed,296472,586.0,No,No,Approved,6814.08,8736,1,
700,841361,1055,2024-04-14,Student,79894,710.0,Yes,Yes,Approved,3890.7,5895,5,Co-signer pending review.
701,845168,1747,2020-01-23,Retired,20578,790.0,No,No,Approved,3888.72,5892,4,.
702,846059,470,2023-04-11,Contract,229582,,No,No,Approved,4109.16,6226,3,
703,848711,596,2021-07-29,Part-Time,306218,784.0,No,Yes,Approved,2415.6,3660,3,
704,849099,147,2024-08-01,Part-Time,93905,712.0,No,Yes,Approved,3304.32,3442,4,Renewal case.
705,849632,772,2020-02-11,Part-Time,60067,642.0,No,No,Pending,1999.92,2564,5,Applicant provided pay stubs.
706,849754,110,2024-01-06,Full-Time,185873,621.0,No,Yes,Pending,1769.4,2949,5,Applicant follow-up needed
707,850266,923,2020-06-20,Unemployed,192672,831.0,Yes,Yes,Withdrawn,3485.76,3631,1,Flagged for manual review.
708,851089,517,2020-04-29,Unemployed,202102,,No,No,Withdrawn,4114.5,5275,1,
709,851840,669,2023-12-16,Self-Employed,193829,807.0,No,Yes,Approved,675.36,804,5,
710,852422,948,2023-01-12,Student,65076,813.0,No,Yes,Approved,4513.32,5373,4,Renewal case.
711,852671,898,2021-08-29,Full-Time,141251,707.0,No,Yes,Pending,1934.4,2015,1,
712,853688,55,2020-01-09,Student,85728,,No,Yes,Pending,1520.4,1810,3,
713,854251,79,2020-06-30,Contract,118976,682.0,No,No,Withdrawn,2693.76,2806,4,Flagged for manual review.
714,854332,1001,2020-08-13,Part-Time,155363,587.0,No,No,Under Review,2002.56,2086,5,Co-signer pending review.
715,856658,21,2021-07-16,Contract,54023,543.0,No,No,Pending,750.96,894,1,
716,857753,341,2021-06-08,Student,51289,763.0,No,No,Denied,1776.84,2278,3,Flagged for manual review.
717,858853,1664,2020-11-15,Self-Employed,73243,663.0,No,No,Denied,1921.08,2287,4,Missing bank statements.
718,858954,540,2021-07-13,Full-Time,37849,479.0,Yes,Yes,Approved,1535.82,2327,3,docs expired
719,859724,153,2024-07-18,Retired,63130,797.0,No,No,Pending,2671.8,4453,5,
720,862202,1748,2021-06-24,Retired,116337,601.0,No,No,Denied,1265.88,1507,3,income verified via Plaid
721,862963,1620,2020-04-11,Unemployed,220334,,No,Yes,Approved,3224.1,4885,2,Missing bank statements.
722,864146,648,2021-12-02,Unemployed,215278,,No,No,Approved,1462.2,2437,5,
723,865808,642,2023-04-28,Retired,49621,662.0,No,No,Approved,662.22,849,2,
724,868478,1792,2022-04-13,Contract,125929,717.0,No,No,Pending,4828.32,5748,3,
725,868597,670,2021-02-20,Part-Time,39778,,No,Yes,Denied,2472.0,0,2,docs expired
726,870762,784,2023-03-08,Retired,145000,783.0,No,No,Approved,1940.64,2488,3,Referred by agent.
727,873075,1462,2023-02-01,Full-Time,152428,585.0,No,No,Denied,1019.7,1545,3,Missing bank statements.
728,873104,1719,2024-07-16,Unemployed,71774,,No,Yes,Approved,2898.24,3019,4,Applicant provided pay stubs.
729,874532,1463,2021-08-07,Self-Employed,109340,641.0,No,No,Denied,2316.6,3510,5,.
730,875126,319,2020-08-28,Self-Employed,20266,,No,Yes,Approved,1867.14,2829,2,
731,876434,818,2022-05-06,Contract,106771,811.0,No,No,Denied,2419.2,4032,5,
732,876594,652,2023-10-21,Contract,108733,659.0,No,Yes,Under Review,3177.72,3783,4,
733,876774,569,2024-12-01,Full-Time,108638,606.0,Yes,No,Denied,6309.42,8089,2,Flagged for manual review.
734,877229,1788,2024-01-13,Full-Time,117206,749.0,No,Yes,Approved,2758.08,2873,3,income verified via Plaid
735,877791,813,2021-03-02,Contract,153383,626.0,No,No,Under Review,1809.6,2320,3,Referred by agent.
736,883412,88,2022-07-28,Unemployed,131666,647.0,No,Yes,Denied,1293.6,1960,4,
737,883422,424,2022-12-10,Unemployed,22367,755.0,Yes,Yes,Under Review,1074.06,1377,3,
738,883663,879,2022-07-14,Student,45453,727.0,No,No,Under Review,532.2,887,5,Renewal case.
739,885935,976,2020-09-04,Self-Employed,103200,675.0,No,No,Approved,1502.76,1789,1,Renewal case.
740,886410,1458,2024-07-25,Retired,25110,719.0,No,Yes,Denied,2987.16,4526,2,income verified via Plaid
741,887055,912,2023-04-15,Contract,276044,715.0,No,Yes,Approved,1873.8,3123,5,Applicant provided pay stubs.
742,889244,441,2022-03-31,Unemployed,188652,672.0,No,Yes,Approved,3701.94,5609,5,Co-signer pending review.
743,890279,664,2024-04-22,Contract,214000,,No,Yes,Approved,587.4,890,4,
744,890933,902,2021-09-22,Self-Employed,158218,439.0,No,Yes,Pending,2607.54,3343,5,Referred by agent.
745,891369,1559,2024-04-11,Full-Time,24503,794.0,No,No,Approved,1361.64,1621,3,Applicant follow-up needed
746,891633,105,2021-06-06,Unemployed,32623,590.0,No,No,Pending,3771.24,5714,1,.
747,892984,1371,2023-03-13,Retired,194483,770.0,Yes,No,Approved,2370.0,3950,1,Missing bank statements.
748,894034,1360,2024-10-20,Unemployed,194321,762.0,No,Yes,Approved,1438.08,1498,3,
749,895107,980,2022-06-23,Full-Time,220252,,Yes,No,Denied,1092.96,1656,1,Co-signer pending review.
750,896642,497,,Unemployed,178293,817.0,No,No,Approved,2233.44,3384,2,Flagged for manual review.
751,898565,648,2021-10-06,Self-Employed,195979,,Yes,No,Pending,2047.08,2437,1,Referred by agent.
752,899049,1742,2023-08-31,Unemployed,244653,457.0,No,Yes,Approved,3711.12,4418,3,Renewal case.
753,899477,904,,Contract,42518,681.0,No,Yes,Denied,2446.62,3707,2,docs expired
754,902287,1650,,Full-Time,210878,820.0,No,Yes,Pending,2469.48,3166,5,
755,905587,1198,2023-11-18,Unemployed,76477,662.0,No,Yes,Pending,6158.88,7896,2,Applicant follow-up needed
756,905949,1714,2020-03-12,Retired,68472,658.0,No,No,Under Review,2692.8,2805,2,.
757,907530,929,2020-06-11,Full-Time,262317,771.0,No,No,Withdrawn,3641.82,4669,3,Missing bank statements.
758,907754,542,2022-05-19,Retired,113192,459.0,No,Yes,Pending,1230.9,1865,1,Missing bank statements.
759,908223,1233,2022-09-04,Full-Time,74090,622.0,Yes,No,Approved,2569.92,0,3,Missing bank statements.
760,908912,1202,2020-03-29,Unemployed,173221,419.0,No,Yes,Pending,1710.06,2591,3,
761,909188,448,2022-12-02,Full-Time,125803,426.0,No,No,Approved,1390.62,2107,3,
762,911681,1741,2021-10-06,Student,141234,709.0,No,No,Under Review,3503.94,5309,4,Referred by agent.
763,911975,898,2020-08-22,Full-Time,178693,694.0,No,No,Denied,1209.0,2015,5,
764,911980,1090,2023-03-18,Student,11448,,Yes,No,Withdrawn,5252.16,5471,4,
765,912398,183,2020-03-28,Full-Time,108954,724.0,No,Yes,Approved,5998.98,7691,3,docs expired
766,912507,1185,2023-03-14,Contract,121426,,No,Yes,Denied,1583.4,2030,5,Co-signer pending review.
767,912800,568,2022-05-21,Part-Time,220584,608.0,No,No,Denied,1696.8,2828,5,Co-signer pending review.
768,913550,1108,2022-12-19,Full-Time,191390,600.0,No,Yes,Denied,1770.6,2270,4,
769,916713,674,2020-12-07,Contract,114093,735.0,No,No,Approved,4298.88,4478,3,Referred by agent.
770,917273,1519,2021-03-20,Part-Time,210411,695.0,Yes,No,Pending,1924.8,2005,5,Applicant follow-up needed
771,919582,1564,2021-01-25,Unemployed,111528,772.0,No,No,Pending,3573.12,3722,1,
772,920903,216,2023-11-22,Retired,158588,444.0,No,No,Under Review,1113.42,1687,3,Referred by agent.
773,921350,18,2022-08-28,Unemployed,103610,780.0,No,Yes,Approved,2562.24,2669,5,docs expired
774,921765,1116,2021-04-01,Student,25876,747.0,No,Yes,Approved,4373.04,5206,1,Applicant follow-up needed
775,922450,1160,2023-09-15,Student,28467,760.0,No,Yes,Denied,2154.6,3591,5,Renewal case.
776,922894,1379,2020-03-09,Self-Employed,141171,770.0,No,Yes,Approved,4863.6,5790,4,
777,924327,577,2024-05-19,Contract,98453,627.0,No,No,Approved,1542.84,1978,5,Missing bank statements.
778,925712,733,2021-07-31,Self-Employed,125419,633.0,Yes,Yes,Pending,1507.2,1570,1,Missing bank statements.
779,927305,760,,Self-Employed,204040,739.0,No,Yes,Approved,1092.6,1821,2,
780,928937,1065,2022-06-24,Full-Time,234399,,Yes,No,Pending,1627.2,2712,1,Flagged for manual review.
781,929380,1120,2022-02-03,Self-Employed,209291,,No,No,Denied,953.94,1223,3,docs expired
782,929670,1076,2021-01-19,Self-Employed,186025,754.0,No,Yes,Approved,1774.8,2958,5,
783,930166,1548,2020-03-09,Student,142246,731.0,No,No,Denied,5574.66,7147,2,Renewal case.
784,931825,596,,Part-Time,145212,627.0,No,Yes,Approved,2854.8,3660,2,
785,933806,77,2021-11-21,Retired,62546,769.0,No,No,Denied,1652.16,1721,2,Referred by agent.
786,936135,581,2022-11-26,Part-Time,164601,775.0,Yes,No,Approved,3417.96,4382,4,
787,937277,567,2022-01-30,Student,47048,725.0,No,Yes,Approved,1706.88,1778,1,Applicant provided pay stubs.
788,937629,625,2024-03-28,Contract,266930,314.0,No,No,Approved,1552.2,2587,2,
789,939069,1564,,Student,179404,842.0,No,Yes,Denied,2903.16,3722,2,Applicant follow-up needed
790,939299,1455,2021-10-23,Student,101401,794.0,No,No,Approved,6557.46,8407,4,Co-signer pending review.
791,940016,333,2022-10-03,Retired,238226,,No,Yes,Approved,1163.4,1385,5,.
792,940070,1051,2020-07-16,Unemployed,155945,552.0,No,Yes,Denied,1304.4,2174,5,
793,940524,181,2020-09-10,Self-Employed,32897,513.0,No,Yes,Approved,765.24,911,4,
794,941555,909,2024-05-19,Student,273950,729.0,No,No,Approved,738.6,1231,3,
795,943313,1702,2024-05-20,Student,75092,772.0,No,Yes,Approved,1486.98,2253,2,
796,943624,1096,2024-03-27,Self-Employed,222081,711.0,No,Yes,Denied,2432.64,2534,4,Missing bank statements.
797,945347,615,2022-11-27,Student,181487,,No,No,Under Review,3948.12,5982,4,Referred by agent.
798,945933,1319,2020-03-09,Self-Employed,127626,781.0,Yes,Yes,Approved,1766.16,2676,5,income verified via Plaid
799,946389,1037,2022-12-21,Contract,145865,626.0,No,No,Approved,2443.74,3133,4,
800,946875,554,2020-10-21,Unemployed,80411,727.0,Yes,Yes,Denied,4921.8,6310,5,docs expired
801,947395,1113,2024-09-03,Full-Time,157969,830.0,No,Yes,Under Review,1002.6,1671,5,
802,947740,1650,2020-01-14,Retired,248558,691.0,No,No,Denied,2469.48,3166,1,
803,948086,1270,2022-11-01,Student,212111,789.0,No,Yes,Approved,5114.88,5328,2,Co-signer pending review.
804,948197,536,2022-12-14,Retired,32135,708.0,No,Yes,Pending,1087.68,1648,2,docs expired
805,949126,903,2020-04-21,Full-Time,52040,621.0,Yes,Yes,Approved,2919.84,4424,3,income verified via Plaid
806,949692,997,2023-08-19,Unemployed,186556,731.0,No,No,Approved,2981.88,4518,5,.
807,950110,215,2021-09-18,Contract,39859,417.0,No,Yes,Denied,850.56,886,1,Applicant follow-up needed
808,951495,838,2022-10-26,Part-Time,10574,,No,Yes,Approved,5878.08,6123,5,Applicant follow-up needed
809,952113,1302,2020-07-22,Student,17908,586.0,No,No,Approved,1711.08,2037,5,Applicant provided pay stubs.
810,953880,488,2023-07-14,Self-Employed,234718,676.0,No,No,Approved,1739.4,2899,2,Renewal case.
811,954263,112,2024-11-10,Part-Time,185943,411.0,No,No,Withdrawn,3068.34,4649,3,income verified via Plaid
812,955098,867,2023-08-28,Self-Employed,115203,,No,Yes,Approved,2909.76,3464,5,Missing bank statements.
813,956913,446,2021-01-24,Contract,175802,762.0,No,No,Approved,2453.88,3146,1,income verified via Plaid
814,957074,562,2021-01-07,Part-Time,139539,,No,Yes,Approved,940.8,1568,3,
815,958067,319,2023-08-09,Full-Time,112858,778.0,No,Yes,Withdrawn,2376.36,2829,5,Applicant provided pay stubs.
816,958068,1202,2022-01-05,Self-Employed,79954,759.0,Yes,No,Denied,2487.36,2591,2,docs expired
817,958786,793,2021-08-23,Self-Employed,224338,660.0,Yes,Yes,Pending,7218.9,9255,2,Referred by agent.
818,961130,585,,Unemployed,186866,592.0,No,No,Pending,4309.14,6529,5,
819,964103,1654,2023-07-10,Part-Time,56907,652.0,No,No,Withdrawn,2073.6,3456,2,.
820,965766,227,2024-11-24,Student,147613,740.0,No,Yes,Approved,1245.12,1297,4,
821,968562,474,2020-11-16,Part-Time,228613,789.0,No,Yes,Approved,1680.0,1750,5,income verified via Plaid
822,969393,1442,,Unemployed,103891,671.0,Yes,No,Denied,1780.68,2698,3,Referred by agent.
823,969631,372,2023-09-14,Student,55452,696.0,No,Yes,Approved,1406.16,1674,5,
824,970614,604,2022-03-05,Unemployed,72991,834.0,Yes,No,Approved,2097.0,3495,4,income verified via Plaid
825,972623,1135,2023-09-11,Contract,77442,580.0,Yes,Yes,Approved,1768.8,2680,1,.
826,972759,1677,2022-05-05,Contract,32604,714.0,No,No,Approved,727.44,866,5,Referred by agent.
827,973401,1256,2022-11-25,Retired,164991,840.0,No,Yes,Denied,3121.56,4002,1,
828,975391,982,2021-01-01,Contract,54151,737.0,No,Yes,Approved,1516.02,2297,5,
829,975636,1338,2022-01-11,Retired,227200,603.0,No,Yes,Approved,4591.44,5466,3,
830,976232,747,2023-05-14,Contract,205230,731.0,No,No,Denied,2036.58,2611,3,Applicant follow-up needed
831,976238,831,2023-10-06,Contract,90672,604.0,No,No,Approved,1338.0,2230,5,
832,979755,1295,2024-11-11,Retired,40944,668.0,No,No,Under Review,4772.46,7231,5,
833,981289,1611,2020-05-17,Full-Time,206762,632.0,No,No,Denied,3303.6,5506,5,
834,985402,182,2022-10-19,Contract,38975,741.0,Yes,No,Denied,1337.28,1393,5,
835,986006,672,2021-01-20,Student,104664,834.0,No,No,Approved,2357.52,3572,1,.
836,986387,1731,2020-09-30,Part-Time,188901,690.0,No,No,Withdrawn,2818.86,4271,4,Referred by agent.
837,987328,1231,2020-11-29,Part-Time,155557,,No,Yes,Approved,3245.76,3381,2,
838,987380,1657,2024-03-18,Full-Time,230794,673.0,Yes,Yes,Approved,8407.68,8758,5,Co-signer pending review.
839,988638,226,2021-03-11,Retired,309671,,No,No,Approved,1019.7,1545,1,
840,989372,315,2021-10-21,Full-Time,163534,690.0,No,Yes,Pending,656.7,995,3,Referred by agent.
841,992337,343,2020-07-11,Unemployed,121331,649.0,No,Yes,Withdrawn,2063.88,2646,1,
842,992629,583,2020-04-27,Self-Employed,19801,730.0,No,No,Approved,2738.58,3511,5,docs expired
843,994929,116,2023-06-07,Retired,150424,832.0,No,No,Approved,2482.26,3761,1,
844,995046,667,2021-04-12,Student,228454,669.0,No,Yes,Approved,1519.2,0,4,
845,995246,17,2024-04-19,Part-Time,187191,,No,No,Withdrawn,2659.44,3166,4,income verified via Plaid
846,997415,1620,2021-02-15,Full-Time,177632,727.0,Yes,Yes,Withdrawn,4689.6,4885,5,income verified via Plaid
847,1000080,791,2020-01-26,Full-Time,121914,607.0,No,Yes,Approved,4176.96,4351,3,
848,1000609,1522,2024-05-18,Retired,137162,819.0,No,No,Pending,3249.96,3869,2,
849,1000831,694,2020-03-07,Contract,166862,,No,Yes,Approved,727.8,1213,2,Missing bank statements.
850,1000891,404,2021-01-25,Student,209173,645.0,No,No,Approved,7343.04,7649,1,Applicant follow-up needed
851,1002590,453,2021-01-24,Contract,161011,825.0,No,No,Denied,1552.2,1990,3,Applicant follow-up needed
852,1003390,1608,2022-01-27,Student,19387,674.0,No,Yes,Approved,2760.0,2875,1,Co-signer pending review.
853,1003732,494,2023-12-06,Self-Employed,237573,681.0,No,Yes,Denied,3579.0,5965,2,Co-signer pending review.
854,1004655,624,2021-03-25,Part-Time,54994,712.0,Yes,No,Withdrawn,3280.2,3905,2,.
855,1005659,347,2022-11-24,Contract,159096,636.0,No,No,Approved,2879.04,2999,3,
856,1005704,415,2023-06-22,Part-Time,25981,805.0,Yes,No,Denied,671.22,1017,3,
857,1006387,288,2021-05-26,Full-Time,24708,680.0,Yes,No,Approved,3251.04,4168,1,.
858,1007654,1044,2022-08-02,Self-Employed,73791,675.0,Yes,No,Under Review,7656.0,7975,1,Flagged for manual review.
859,1008616,678,2024-03-21,Self-Employed,144291,675.0,No,No,Denied,782.34,0,4,
860,1009713,1796,2022-08-02,Part-Time,67715,670.0,No,No,Denied,2609.1,3345,2,Co-signer pending review.
861,1011367,665,2020-04-05,Student,146577,489.0,No,Yes,Approved,3918.72,4082,4,
862,1012739,35,2023-12-15,Unemployed,190333,748.0,Yes,Yes,Approved,1838.4,1915,1,Missing bank statements.
863,1013513,1261,2020-01-30,Self-Employed,135028,785.0,No,No,Approved,1510.08,1573,2,.
864,1013628,87,2022-06-18,Unemployed,58602,770.0,No,Yes,Approved,5593.92,5827,1,income verified via Plaid
865,1014506,851,2023-01-09,Contract,95540,832.0,No,Yes,Approved,1887.36,1966,1,.
866,1015060,1771,2020-06-08,Retired,174503,748.0,Yes,Yes,Approved,2844.6,4310,5,Renewal case.
867,1017623,1465,2024-01-19,Self-Employed,211585,813.0,No,No,Approved,2251.2,2680,2,
868,1018887,1240,2022-05-29,Part-Time,153698,753.0,No,No,Approved,3028.2,5047,4,Co-signer pending review.
869,1021190,213,2024-03-06,Part-Time,246773,501.0,Yes,Yes,Approved,4474.08,5736,1,Co-signer pending review.
870,1021834,121,2023-09-19,Self-Employed,178286,591.0,No,No,Approved,1631.04,1699,4,
871,1022681,273,,Full-Time,31833,716.0,No,No,Denied,2862.0,4770,3,Co-signer pending review.
872,1024616,83,2024-08-10,Retired,223414,747.0,No,No,Approved,2189.88,3318,5,
873,1027073,168,2021-02-03,Full-Time,170339,641.0,No,No,Approved,1011.6,1686,5,
874,1027209,594,2022-05-29,Student,118368,681.0,Yes,No,Denied,822.36,1246,2,Flagged for manual review.
875,1031661,1787,2020-07-28,Unemployed,200323,623.0,No,Yes,Pending,3229.44,3364,5,
876,1033358,233,2021-11-23,Full-Time,135674,,No,No,Approved,2512.44,2991,3,
877,1033710,96,2022-09-06,Retired,159904,,No,Yes,Approved,3038.28,3617,2,Missing bank statements.
878,1034646,627,2020-09-22,Unemployed,141307,617.0,No,Yes,Approved,2708.4,4514,4,
879,1034977,105,2023-05-18,Student,61801,787.0,No,No,Approved,4456.92,5714,5,Applicant provided pay stubs.
880,1035869,209,2022-11-08,Part-Time,84733,776.0,No,No,Approved,2670.0,4450,2,Renewal case.
881,1036698,1061,2024-07-23,Unemployed,237435,310.0,No,Yes,Approved,3290.88,3428,5,docs expired
882,1040628,669,2020-07-03,Part-Time,47044,671.0,No,No,Approved,627.12,804,4,Applicant follow-up needed
883,1041837,439,2022-05-18,Student,31954,765.0,No,No,Approved,1631.28,1942,1,Renewal case.
884,1043582,1179,2022-02-13,Part-Time,79583,659.0,No,Yes,Approved,5417.16,6449,3,
885,1044415,510,2020-08-31,Contract,136504,722.0,No,No,Approved,1870.08,1948,2,
886,1044451,178,2021-05-08,Student,151126,,No,Yes,Approved,2964.36,3529,5,docs expired
887,1047774,767,2024-11-16,Retired,65447,682.0,No,No,Denied,1686.3,2555,4,income verified via Plaid
888,1048459,943,2024-04-13,Part-Time,226412,826.0,No,Yes,Withdrawn,1128.6,1881,4,income verified via Plaid
889,1055926,1458,2021-03-15,Self-Employed,130552,707.0,No,No,Pending,2987.16,4526,3,
890,1056326,189,2021-09-13,Contract,98442,,Yes,Yes,Pending,2713.2,3230,5,
891,1058930,1554,2023-03-12,Self-Employed,145819,779.0,No,No,Approved,742.2,1237,3,
892,1059760,751,2024-07-03,Full-Time,228100,847.0,No,Yes,Denied,2036.16,2121,2,Applicant follow-up needed
893,1060304,210,,Student,247559,714.0,No,Yes,Denied,1364.4,2274,5,
894,1060553,1638,2024-03-22,Contract,29573,401.0,No,No,Denied,8847.72,10533,2,docs expired
895,1060584,1568,2024-12-19,Unemployed,179816,479.0,Yes,Yes,Denied,3599.64,5454,2,Renewal case.
896,1062509,1594,2021-05-17,Self-Employed,155945,800.0,No,No,Denied,3637.8,6063,4,Renewal case.
897,1063172,876,2023-10-18,Student,41690,701.0,No,Yes,Pending,3882.48,4622,3,
898,1064201,1181,2022-02-02,Student,222859,719.0,Yes,No,Approved,3252.48,3872,4,.
899,1064714,228,2020-11-23,Part-Time,243800,760.0,No,Yes,Approved,1111.32,1323,3,
900,1066500,206,2022-08-26,Full-Time,176733,694.0,No,Yes,Approved,2373.36,3596,5,.
901,1066825,1189,2023-09-03,Part-Time,222916,335.0,No,No,Under Review,3594.36,4279,4,income verified via Plaid
902,1068154,230,2020-11-23,Unemployed,117584,612.0,No,No,Approved,1626.24,1936,3,Co-signer pending review.
903,1068164,1669,2024-02-29,Unemployed,129859,732.0,No,Yes,Approved,1307.04,1556,1,Co-signer pending review.
904,1069063,797,2020-08-26,Part-Time,150142,722.0,No,No,Approved,3379.74,4333,5,
905,1071302,870,2020-08-22,Self-Employed,176800,686.0,No,No,Approved,1198.2,1997,2,Applicant follow-up needed
906,1078065,322,2021-08-28,Unemployed,47560,789.0,No,No,Withdrawn,3952.32,4117,5,
907,1078301,802,2022-09-21,Full-Time,222145,677.0,Yes,No,Approved,1651.98,2503,4,Referred by agent.
908,1078401,1776,,Self-Employed,169876,819.0,No,No,Approved,3663.36,3816,1,
909,1078460,563,2020-05-18,Part-Time,176258,770.0,No,Yes,Pending,4599.0,5475,1,Flagged for manual review.
910,1079409,254,2022-01-12,Part-Time,19056,373.0,No,No,Denied,1321.2,2202,4,income verified via Plaid
911,1080764,1504,2021-05-03,Retired,29753,846.0,Yes,Yes,Approved,6640.2,7905,4,docs expired
912,1082261,1538,2024-04-22,Student,285489,,No,No,Approved,1444.8,1720,4,Applicant follow-up needed
913,1083666,1279,2023-01-10,Full-Time,166364,761.0,No,Yes,Approved,3125.76,4736,5,
914,1091282,1176,2022-09-30,Retired,198849,728.0,No,No,Denied,1410.24,1808,5,Co-signer pending review.
915,1095035,1287,2022-02-02,Contract,172126,,No,No,Under Review,6330.24,6594,4,Co-signer pending review.
916,1095665,840,2023-12-05,Part-Time,137068,521.0,No,Yes,Under Review,2336.04,2781,4,docs expired
917,1096088,1016,2020-12-25,Part-Time,169318,,No,No,Approved,4284.6,7141,3,Applicant follow-up needed
918,1096566,1698,2023-12-02,Contract,152238,702.0,No,No,Under Review,1889.58,2863,1,
919,1096834,962,2021-07-27,Contract,181401,730.0,No,No,Approved,981.96,1169,4,docs expired
920,1096973,820,2021-11-04,Full-Time,184122,645.0,Yes,No,Approved,3969.84,4726,5,.
921,1097030,73,2022-12-22,Full-Time,245195,680.0,No,No,Pending,2451.6,4086,2,
922,1098187,606,2024-07-03,Unemployed,97075,733.0,Yes,Yes,Approved,1684.02,2159,3,Applicant provided pay stubs.
923,1098413,1372,2024-09-15,Retired,186541,765.0,Yes,Yes,Approved,683.76,814,4,.
924,1098436,1074,2024-01-03,Full-Time,110137,358.0,No,Yes,Approved,3834.48,4916,2,Referred by agent.
925,1103102,1739,2020-11-07,Student,245340,435.0,No,Yes,Withdrawn,3377.88,5118,2,Co-signer pending review.
926,1103533,1545,2022-01-17,Contract,186900,712.0,No,No,Denied,1087.2,1812,4,Applicant provided pay stubs.
927,1103900,864,2021-06-18,Student,123102,734.0,No,No,Pending,7061.04,8406,1,income verified via Plaid
928,1106937,1128,2022-07-26,Self-Employed,135714,681.0,No,Yes,Approved,4642.56,0,2,Flagged for manual review.
929,1106952,1036,2023-05-11,Part-Time,115459,732.0,No,No,Withdrawn,2752.68,3277,4,
930,1107669,89,2020-06-07,Self-Employed,168567,810.0,No,Yes,Denied,3073.92,3202,2,Flagged for manual review.
931,1111179,1750,2021-06-18,Self-Employed,43608,651.0,No,No,Pending,6156.48,9328,1,Flagged for manual review.
932,1111525,1611,2022-10-21,Full-Time,60818,673.0,No,Yes,Pending,4294.68,5506,4,Referred by agent.
933,1112185,1474,2024-12-16,Unemployed,89911,785.0,No,Yes,Under Review,4375.68,4558,4,Missing bank statements.
934,1112438,586,2022-10-12,Full-Time,57021,,Yes,No,Approved,1287.72,1533,4,Flagged for manual review.
935,1112621,86,2022-04-08,Student,193734,691.0,No,Yes,Approved,4961.4,8269,4,
936,1117164,120,2024-04-23,Unemployed,216232,773.0,No,No,Approved,3319.2,5532,5,Co-signer pending review.
937,1118962,1557,2023-04-07,Unemployed,186147,729.0,No,Yes,Approved,2546.88,2653,2,Flagged for manual review.
938,1119181,308,2023-02-18,Student,188599,760.0,No,Yes,Denied,4209.6,4385,3,Applicant provided pay stubs.
939,1119731,1512,2023-04-09,Full-Time,261725,767.0,No,Yes,Approved,2441.88,2907,3,Flagged for manual review.
940,1121180,878,2024-07-09,Contract,38978,635.0,No,Yes,Approved,1030.92,1562,4,
941,1122491,553,2023-02-09,Contract,205365,740.0,No,Yes,Pending,3242.58,4913,2,Applicant provided pay stubs.
942,1123783,1411,2023-09-20,Part-Time,245831,832.0,No,Yes,Approved,1451.58,1861,4,Flagged for manual review.
943,1125149,1672,2022-08-24,Part-Time,170070,727.0,No,No,Denied,2632.56,3134,5,Applicant follow-up needed
944,1125614,600,2023-09-17,Part-Time,221002,745.0,No,Yes,Pending,806.4,840,2,Missing bank statements.
945,1125633,1457,2023-01-02,Self-Employed,218684,,No,Yes,Approved,5361.18,8123,2,Applicant provided pay stubs.
946,1126324,1415,2023-04-23,Retired,30512,595.0,Yes,Yes,Pending,2425.5,3675,1,Renewal case.
947,1128046,1397,2022-07-26,Full-Time,38801,588.0,Yes,Yes,Approved,2877.84,3426,3,Applicant follow-up needed
948,1130917,169,2024-11-28,Self-Employed,227015,711.0,Yes,No,Pending,2692.8,4080,5,
949,1131133,314,2023-04-21,Self-Employed,217662,,No,No,Approved,1543.92,1838,2,docs expired
950,1131976,919,2022-10-13,Student,80019,588.0,No,No,Pending,884.16,921,5,docs expired
951,1133207,505,2024-10-23,Retired,298857,701.0,No,Yes,Under Review,5731.2,9552,2,Co-signer pending review.
952,1133238,515,2024-10-13,Self-Employed,231978,779.0,No,Yes,Approved,5619.6,6690,1,
953,1133268,1155,2021-02-19,Student,19672,739.0,No,No,Approved,1156.8,1928,4,
954,1133634,899,2023-11-01,Unemployed,214291,761.0,Yes,No,Approved,1308.84,1678,2,income verified via Plaid
955,1133946,206,2023-04-22,Retired,65487,589.0,No,Yes,Pending,2373.36,3596,5,Flagged for manual review.
956,1135434,380,2020-05-02,Full-Time,96967,681.0,No,No,Approved,4063.8,5210,5,Flagged for manual review.
957,1135453,1782,2024-04-15,Student,18504,683.0,No,Yes,Pending,5687.04,5924,2,Flagged for manual review.
958,1136386,678,2021-08-31,Unemployed,217648,613.0,Yes,Yes,Denied,601.8,1003,5,Missing bank statements.
959,1137389,420,2022-04-21,Unemployed,59897,661.0,No,No,Under Review,5429.76,5656,5,income verified via Plaid
960,1139140,1735,2020-10-28,Contract,139151,474.0,Yes,Yes,Approved,1857.24,2211,3,Missing bank statements.
961,1139298,186,2020-06-23,Full-Time,26205,794.0,No,No,Approved,2821.26,3617,5,Missing bank statements.
962,1140760,1259,2021-11-16,Student,284427,751.0,No,Yes,Approved,7094.4,11824,5,
963,1141229,821,2023-07-31,Unemployed,201300,660.0,No,Yes,Denied,1969.5,2525,3,docs expired
964,1143015,46,2020-10-09,Contract,65970,523.0,No,Yes,Denied,1808.82,2319,1,.
965,1144042,1024,2022-12-06,Self-Employed,122574,848.0,No,No,Approved,866.4,1444,5,
966,1144180,960,2023-07-25,Part-Time,282270,,Yes,No,Denied,1863.36,1941,1,
967,1144421,1184,2023-10-28,Retired,259624,672.0,No,No,Under Review,5151.96,7806,4,Flagged for manual review.
968,1144965,499,2022-01-18,Part-Time,232733,722.0,No,Yes,Pending,2050.8,3418,2,Flagged for manual review.
969,1146928,367,2023-11-05,Part-Time,109605,722.0,No,No,Denied,1702.68,2027,1,income verified via Plaid
970,1148427,899,2023-02-23,Unemployed,140255,831.0,No,Yes,Approved,1006.8,1678,1,
971,1148764,971,2021-10-21,Self-Employed,146397,438.0,No,No,Pending,1466.52,2222,5,
972,1149460,1349,2023-01-24,Retired,35423,525.0,No,No,Approved,1253.76,1306,4,income verified via Plaid
973,1150186,1108,2024-11-12,Unemployed,151620,765.0,No,Yes,Approved,1906.8,2270,5,Missing bank statements.
974,1150338,443,2021-01-05,Retired,245951,,No,Yes,Approved,4551.36,4741,5,
975,1151632,1607,2020-09-06,Contract,2539,725.0,No,Yes,Approved,4017.6,4185,5,Referred by agent.
976,1153814,121,2021-01-24,Part-Time,187329,334.0,No,Yes,Approved,1121.34,1699,2,docs expired
977,1154507,1221,2020-04-27,Part-Time,258212,731.0,No,Yes,Denied,5055.96,6019,5,Renewal case.
978,1156751,1535,2020-02-03,Student,213385,773.0,Yes,No,Denied,4606.08,4798,5,Applicant follow-up needed
979,1158472,661,,Part-Time,213023,823.0,No,No,Denied,4883.76,5814,3,Referred by agent.
980,1160594,955,2023-06-02,Part-Time,168352,779.0,No,Yes,Pending,1539.6,2566,2,Renewal case.
981,1162743,1432,2020-01-08,Student,53947,709.0,Yes,No,Approved,5827.2,6070,1,
982,1165359,980,2023-06-13,Retired,34434,532.0,No,Yes,Denied,1291.68,1656,3,
983,1165919,1177,2023-09-19,Unemployed,35091,777.0,No,No,Approved,2838.0,4730,5,Co-signer pending review.
984,1167452,1541,2023-12-15,Student,249708,,Yes,Yes,Denied,5569.2,6630,4,Renewal case.
985,1168728,550,2020-07-21,Unemployed,216602,766.0,No,Yes,Approved,1843.92,2364,5,
986,1169765,957,2024-08-11,Self-Employed,35842,685.0,No,No,Approved,1345.2,2242,5,Missing bank statements.
987,1170268,387,2023-03-08,Full-Time,177125,716.0,Yes,No,Approved,2453.88,3718,3,
988,1170659,518,2023-05-01,Unemployed,96900,728.0,No,No,Pending,2679.6,4466,5,Renewal case.
989,1170962,924,2024-12-21,Unemployed,131140,756.0,No,No,Pending,919.8,1095,1,
990,1171097,107,2020-09-16,Unemployed,125714,702.0,Yes,No,Denied,2588.82,3319,3,Flagged for manual review.
991,1171930,1544,,Contract,253269,612.0,Yes,No,Withdrawn,2443.56,2909,1,docs expired
992,1173758,841,2021-10-22,Unemployed,206302,771.0,No,Yes,Approved,1976.04,2994,5,docs expired
993,1177352,1441,2021-06-11,Contract,37624,,No,Yes,Denied,3209.64,3821,5,Applicant follow-up needed
994,1178402,865,2020-09-22,Retired,44306,706.0,No,No,Approved,1361.28,1418,3,
995,1178765,1168,2020-02-16,Part-Time,173012,645.0,No,No,Under Review,3151.5,4775,5,
996,1179021,1637,2021-02-26,Student,149340,646.0,No,No,Denied,3091.44,4684,1,Applicant follow-up needed
997,1179603,684,2021-02-26,Contract,204636,651.0,No,Yes,Approved,804.6,1341,2,Co-signer pending review.
998,1179799,1679,2020-02-05,Unemployed,191528,832.0,No,No,Approved,2926.44,4434,3,income verified via Plaid
999,1181477,231,2021-06-16,Full-Time,167875,385.0,No,No,Approved,4374.6,7291,1,.
1000,1182565,601,2023-04-01,Full-Time,152886,792.0,Yes,No,Pending,1112.1,1685,5,income verified via Plaid
1001,1183070,868,2023-04-16,Part-Time,261599,671.0,No,Yes,Approved,2913.12,3468,5,
1002,1183292,1510,2023-10-27,Contract,141044,744.0,No,No,Denied,1273.14,1929,4,income verified via Plaid
1003,1183806,1516,2020-11-27,Full-Time,139716,,No,Yes,Approved,1640.1,2485,4,
1004,1183881,117,2023-04-07,Part-Time,78740,477.0,No,Yes,Pending,2098.98,2691,2,.
1005,1184894,338,2022-05-11,Contract,244190,710.0,No,No,Approved,3587.64,4271,3,Referred by agent.
1006,1185499,634,2022-03-15,Unemployed,71652,332.0,No,Yes,Withdrawn,1376.64,1434,1,income verified via Plaid
1007,1185741,535,2024-07-26,Unemployed,75016,741.0,No,Yes,Under Review,1144.32,1192,5,.
1008,1186814,882,2022-03-25,Contract,302757,765.0,Yes,Yes,Withdrawn,4798.08,5712,5,docs expired
1009,1187021,720,2021-09-27,Student,154436,592.0,No,No,Approved,3599.4,5999,1,
1010,1187528,1150,2022-11-29,Unemployed,28447,718.0,No,No,Denied,9863.88,12646,3,Missing bank statements.
1011,1187986,1374,2020-09-02,Full-Time,14125,635.0,No,Yes,Under Review,3150.84,3751,2,Referred by agent.
1012,1188078,636,2023-12-21,Part-Time,200750,752.0,No,No,Approved,799.68,833,1,Flagged for manual review.
1013,1189500,546,2023-04-30,Full-Time,137394,632.0,Yes,No,Approved,1516.02,2297,4,Flagged for manual review.
1014,1189770,1056,2023-09-04,Full-Time,86394,842.0,No,Yes,Pending,758.34,1149,1,
1015,1190111,146,,Student,30490,596.0,No,Yes,Denied,1463.22,2217,2,Applicant provided pay stubs.
1016,1190542,1709,2020-10-13,Retired,167592,845.0,No,No,Denied,1267.2,1320,3,Referred by agent.
1017,1192810,1457,2024-06-15,Contract,26166,733.0,No,No,Denied,5361.18,8123,5,Referred by agent.
1018,1195878,52,2021-04-07,Part-Time,238833,687.0,Yes,No,Approved,2615.58,3963,2,Referred by agent.
1019,1196260,441,2020-05-06,Retired,19222,793.0,No,No,Under Review,3701.94,5609,3,Renewal case.
1020,1196557,1528,2022-09-13,Part-Time,47058,644.0,No,Yes,Denied,4276.8,4455,4,
1021,1196558,1045,2024-05-03,Contract,43874,774.0,No,Yes,Denied,2728.2,4547,3,Flagged for manual review.
1022,1200211,658,2020-04-08,Retired,194457,,No,No,Approved,2648.88,3396,5,Co-signer pending review.
1023,1200837,477,2021-08-18,Full-Time,231000,614.0,No,Yes,Approved,1109.76,1156,4,.
1024,1201186,791,2024-11-07,Contract,198525,617.0,No,Yes,Pending,3393.78,4351,1,
1025,1201721,608,2024-11-17,Self-Employed,207365,848.0,Yes,No,Withdrawn,3668.28,4367,3,
1026,1203130,889,2021-02-21,Part-Time,173440,,No,No,Denied,3771.6,4490,5,Applicant follow-up needed
1027,1207176,1748,,Retired,92604,718.0,No,Yes,Approved,1265.88,1507,5,
1028,1208104,50,2024-11-25,Part-Time,50495,833.0,No,Yes,Pending,4577.04,5868,2,.
1029,1209153,784,2022-11-12,Part-Time,108907,,No,Yes,Denied,1940.64,2488,1,
1030,1212754,215,2021-02-05,Self-Employed,148635,606.0,No,No,Approved,744.24,886,4,Flagged for manual review.
1031,1214132,389,2020-12-09,Full-Time,71015,,No,No,Approved,4840.08,0,1,docs expired
1032,1214397,1268,2021-09-17,Self-Employed,31516,826.0,No,No,Under Review,4529.4,7549,4,income verified via Plaid
1033,1215273,1641,,Retired,276530,768.0,No,No,Under Review,3647.4,6079,2,
1034,1215674,1099,2021-06-30,Retired,52706,,No,No,Approved,1678.2,2797,2,Applicant follow-up needed
1035,1216933,1585,2021-04-02,Student,220285,642.0,Yes,Yes,Approved,1279.74,1939,3,
1036,1218794,1261,2023-06-07,Full-Time,126612,622.0,No,Yes,Approved,1510.08,1573,4,.
1037,1219303,1756,2020-11-25,Full-Time,218570,810.0,Yes,No,Denied,9447.48,11247,2,
1038,1219921,209,2024-08-04,Full-Time,26161,,No,No,Approved,3738.0,4450,2,Missing bank statements.
1039,1221357,825,2021-05-21,Part-Time,103415,472.0,No,No,Approved,1657.5,2125,1,
1040,1222114,372,2023-07-18,Student,247878,712.0,No,Yes,Pending,1305.72,1674,4,
1041,1222999,421,2022-10-03,Self-Employed,18695,368.0,Yes,Yes,Pending,1904.28,2267,3,Applicant follow-up needed
1042,1224417,1669,2024-12-13,Student,239673,703.0,No,No,Under Review,1213.68,1556,5,Applicant follow-up needed
1043,1225096,895,2022-08-09,Contract,114904,,No,Yes,Approved,1891.5,2425,3,
1044,1225543,1169,2023-10-15,Unemployed,201473,835.0,No,No,Denied,2184.6,3641,4,Referred by agent.
1045,1226328,830,2020-03-09,Part-Time,82872,774.0,No,No,Denied,2363.46,3581,1,Renewal case.
1046,1227814,102,2024-04-30,Part-Time,80357,,Yes,Yes,Approved,2430.12,2893,4,
1047,1228254,36,2024-02-14,Contract,109758,791.0,Yes,No,Denied,2102.4,0,2,
1048,1229953,1407,2021-09-16,Full-Time,60122,827.0,Yes,No,Withdrawn,2652.48,0,5,docs expired
1049,1230000,1167,2021-11-08,Part-Time,257784,682.0,No,Yes,Approved,4148.76,0,1,Flagged for manual review.
1050,1237354,132,2024-11-04,Self-Employed,31165,318.0,No,No,Denied,1535.52,1828,4,Missing bank statements.
1051,1239290,994,2022-09-13,Retired,20397,744.0,No,Yes,Pending,1020.0,1700,4,docs expired
1052,1240588,1194,2022-01-31,Retired,54037,782.0,No,No,Approved,1756.2,2927,4,
1053,1240783,971,2021-07-25,Contract,232685,602.0,No,No,Approved,1733.16,2222,2,Flagged for manual review.
1054,1240863,845,2023-10-13,Part-Time,106119,639.0,Yes,No,Approved,3945.48,5978,4,Applicant provided pay stubs.
1055,1241612,1615,2024-01-22,Contract,70028,629.0,No,Yes,Approved,1018.92,1213,4,Applicant follow-up needed
1056,1242190,1358,2022-03-10,Contract,132946,764.0,No,No,Pending,3785.28,3943,1,
1057,1243089,1480,2022-03-06,Full-Time,120148,749.0,No,Yes,Approved,1034.22,1567,2,Missing bank statements.
1058,1243472,840,2020-08-27,Full-Time,20976,624.0,No,Yes,Approved,2336.04,2781,5,Missing bank statements.
1059,1243477,1510,2024-12-09,Full-Time,120768,763.0,Yes,Yes,Approved,1273.14,1929,5,
1060,1244994,1726,2023-09-09,Self-Employed,58445,637.0,No,Yes,Under Review,2142.0,3570,5,Missing bank statements.
1061,1249687,332,2020-06-11,Retired,194900,709.0,No,Yes,Pending,1380.6,2301,2,Flagged for manual review.
1062,1249951,1602,2020-04-10,Contract,102800,742.0,No,No,Denied,1540.5,1975,5,.
1063,1250752,1283,2021-12-06,Full-Time,170353,798.0,Yes,Yes,Approved,8275.02,10609,2,Applicant follow-up needed
1064,1251713,322,2024-03-22,Full-Time,45325,730.0,No,No,Denied,2717.22,0,3,.
1065,1255191,1122,2022-03-03,Self-Employed,163818,472.0,No,No,Pending,1831.5,2775,2,.
1066,1255523,1239,2022-06-02,Part-Time,241043,788.0,No,Yes,Withdrawn,973.44,1014,3,Renewal case.
1067,1258632,497,,Contract,232760,,Yes,Yes,Denied,3248.64,3384,3,Missing bank statements.
1068,1258871,654,2021-09-06,Part-Time,79777,721.0,Yes,No,Approved,2968.32,3092,4,
1069,1259344,1478,2022-05-24,Full-Time,153900,820.0,No,No,Approved,998.4,1040,3,Applicant provided pay stubs.
1070,1259621,1674,2023-11-24,Full-Time,198968,582.0,No,No,Approved,1449.6,1510,3,
1071,1260906,224,2020-10-09,Retired,247429,747.0,Yes,Yes,Approved,4814.7,7295,3,docs expired
1072,1263993,1042,2023-07-25,Part-Time,50938,590.0,No,No,Approved,1824.42,2339,1,
1073,1264290,1494,2024-06-18,Retired,84720,486.0,Yes,Yes,Approved,2517.0,4195,4,Applicant follow-up needed
1074,1265659,246,2024-12-08,Full-Time,93814,824.0,No,Yes,Under Review,4375.56,5209,1,
1075,1265856,1137,2022-04-18,Retired,78652,609.0,No,No,Pending,1104.6,1315,3,docs expired
1076,1267617,412,2020-08-03,Self-Employed,172330,694.0,Yes,No,Approved,1591.92,2412,1,
1077,1270110,373,,Student,137659,822.0,No,No,Approved,5412.0,8200,5,Co-signer pending review.
1078,1272152,950,2023-01-19,Contract,178251,752.0,No,No,Approved,2731.08,4138,4,Applicant provided pay stubs.
1079,1272538,945,2024-01-27,Unemployed,71939,668.0,No,No,Denied,3411.84,3554,3,
1080,1276905,875,2023-12-18,Part-Time,201155,683.0,Yes,No,Approved,3273.0,5455,1,
1081,1276914,1359,2023-06-09,Contract,142311,756.0,No,No,Approved,2449.26,3711,2,Co-signer pending review.
1082,1278638,129,2020-08-27,Retired,75711,818.0,No,No,Pending,1119.3,1435,3,Referred by agent.
1083,1281864,1361,2021-03-21,Contract,19399,561.0,No,No,Approved,1532.16,1824,1,
1084,1283958,477,2023-05-16,Full-Time,74302,814.0,Yes,No,Approved,693.6,1156,4,Referred by agent.
1085,1285165,693,,Contract,455000,732.0,No,No,Approved,3013.92,3588,1,income verified via Plaid
1086,1285199,838,2021-08-06,Unemployed,102586,789.0,No,Yes,Pending,3673.8,6123,2,Missing bank statements.
1087,1288252,1387,2020-07-10,Retired,132765,678.0,No,Yes,Approved,1413.06,2141,1,
1088,1288889,50,2020-01-25,Self-Employed,140753,659.0,No,Yes,Pending,3872.88,5868,4,
1089,1290032,1259,2023-12-29,Retired,161947,,No,Yes,Withdrawn,11351.04,11824,4,
1090,1291983,1289,2022-07-26,Unemployed,285608,727.0,No,Yes,Denied,1521.0,2535,4,income verified via Plaid
1091,1292305,1018,2022-11-22,Contract,265846,802.0,No,Yes,Denied,5060.88,7668,1,Applicant provided pay stubs.
1092,1292334,193,2022-02-03,Self-Employed,57282,779.0,Yes,Yes,Withdrawn,1313.4,2189,4,Referred by agent.
1093,1292619,203,2021-06-17,Student,192543,684.0,No,Yes,Approved,1847.16,2199,1,Renewal case.
1094,1293608,1142,2023-08-20,Contract,135018,612.0,Yes,No,Approved,4861.44,5064,3,income verified via Plaid
1095,1296123,505,2020-08-18,Contract,196869,693.0,No,Yes,Approved,9169.92,9552,1,
1096,1303727,418,2020-07-31,Self-Employed,248312,569.0,No,Yes,Denied,2691.0,3450,1,
1097,1304173,650,,Self-Employed,73169,800.0,No,No,Denied,1171.5,1775,5,Applicant provided pay stubs.
1098,1304798,1065,2023-03-10,Self-Employed,174495,730.0,No,Yes,Approved,1762.56,1836,4,docs expired
1099,1306133,204,2023-04-04,Full-Time,826000,818.0,Yes,Yes,Approved,892.32,1352,1,
1100,1306217,1018,2021-06-17,Retired,175635,580.0,No,Yes,Denied,4600.8,7668,1,.
1101,1306728,370,2024-08-26,Contract,98531,724.0,Yes,No,Approved,4347.84,4529,4,Co-signer pending review.
1102,1311336,876,2023-07-24,Unemployed,227024,739.0,Yes,No,Under Review,2773.2,4622,1,Referred by agent.
1103,1311512,175,2024-12-19,Unemployed,193052,726.0,No,No,Approved,3985.2,6642,3,
1104,1314388,1021,2024-01-05,Part-Time,168987,656.0,No,Yes,Pending,2354.82,3019,5,Applicant follow-up needed
1105,1315692,1534,,Unemployed,115284,,No,No,Withdrawn,1495.68,1558,4,Applicant provided pay stubs.
1106,1316306,1318,2023-02-27,Self-Employed,138150,635.0,No,No,Pending,2309.34,3499,2,Co-signer pending review.
1107,1317439,823,2021-12-05,Self-Employed,228023,696.0,No,Yes,Withdrawn,5256.42,0,3,Renewal case.
1108,1320159,1705,2022-12-22,Self-Employed,51953,745.0,No,Yes,Withdrawn,2300.22,2949,3,
1109,1321498,12,2021-06-19,Unemployed,135998,672.0,Yes,Yes,Denied,1766.4,1840,2,income verified via Plaid
1110,1323617,1280,2022-12-18,Unemployed,142857,762.0,No,Yes,Denied,1104.0,1840,5,Co-signer pending review.
1111,1324015,221,2024-12-15,Part-Time,105329,773.0,Yes,No,Under Review,2435.16,3122,1,Co-signer pending review.
1112,1325022,1667,2024-05-06,Self-Employed,245968,837.0,Yes,Yes,Approved,4041.24,4811,5,Flagged for manual review.
1113,1325734,512,2023-12-01,Contract,70488,621.0,No,No,Denied,7903.68,8233,4,
1114,1327558,1578,2022-07-16,Self-Employed,69912,767.0,No,No,Under Review,5772.48,6872,4,Applicant follow-up needed
1115,1327635,765,2020-06-06,Full-Time,114942,757.0,No,No,Approved,3472.92,5262,1,
1116,1328779,707,2021-06-24,Unemployed,30588,588.0,No,No,Denied,2990.4,4984,1,
1117,1333167,812,2023-08-24,Contract,27972,644.0,Yes,No,Pending,1788.6,2981,5,.
1118,1333778,414,2024-02-16,Contract,68515,849.0,No,No,Denied,2018.4,3364,2,Missing bank statements.
1119,1333817,1250,2022-06-22,Self-Employed,117010,,No,Yes,Pending,2965.56,3802,2,Referred by agent.
1120,1336220,893,2020-04-07,Full-Time,101515,643.0,Yes,Yes,Denied,3053.7,3915,1,Co-signer pending review.
1121,1336381,1646,2023-12-28,Student,29129,747.0,No,Yes,Pending,4216.8,7028,4,Renewal case.
1122,1337418,1384,2023-01-04,Self-Employed,112081,684.0,Yes,Yes,Pending,2334.42,3537,1,Renewal case.
1123,1337699,13,2024-05-18,Unemployed,118185,758.0,No,No,Withdrawn,2306.7,3495,3,Co-signer pending review.
1124,1339938,17,2020-11-24,Retired,56204,313.0,No,No,Pending,2469.48,3166,2,
1125,1340013,1542,2024-02-05,Unemployed,237755,627.0,No,No,Approved,549.78,833,2,Applicant follow-up needed
1126,1340614,868,2021-11-19,Contract,27331,710.0,No,No,Denied,3329.28,3468,1,Co-signer pending review.
1127,1341372,911,2020-04-15,Student,215699,758.0,Yes,No,Denied,4841.28,5043,1,Co-signer pending review.
1128,1342969,859,2021-10-23,Full-Time,192470,769.0,No,No,Approved,3437.28,5208,4,Applicant follow-up needed
1129,1346546,851,2023-06-07,Part-Time,230545,505.0,No,Yes,Approved,1533.48,1966,1,Applicant follow-up needed
1130,1346790,347,2022-07-19,Retired,172746,849.0,No,Yes,Approved,1979.34,2999,4,
1131,1350123,736,2022-02-18,Self-Employed,64492,704.0,No,Yes,Approved,3036.48,3163,1,
1132,1351816,327,2020-09-02,Unemployed,16185,636.0,Yes,Yes,Denied,3147.0,5245,2,
1133,1355856,458,2024-07-19,Contract,184315,766.0,Yes,Yes,Approved,2857.92,2977,3,
1134,1356632,242,2020-06-07,Contract,293792,779.0,No,No,Denied,2073.96,2469,1,
1135,1357131,1688,2021-08-27,Student,6926,715.0,No,No,Approved,1792.2,2987,5,Renewal case.
1136,1358283,690,2023-02-08,Student,20181,737.0,No,Yes,Withdrawn,1048.32,1344,1,
1137,1358978,954,2023-08-30,Self-Employed,129873,792.0,No,No,Denied,3580.2,5967,1,Applicant provided pay stubs.
1138,1359055,125,2021-11-14,Self-Employed,96450,683.0,No,No,Denied,3672.48,4372,4,income verified via Plaid
1139,1360196,36,,Contract,80414,747.0,No,Yes,Denied,2252.16,2346,2,Referred by agent.
1140,1360329,1088,2020-07-04,Contract,63848,744.0,Yes,Yes,Denied,4657.38,5971,3,Missing bank statements.
1141,1361465,1119,2023-05-14,Retired,241169,784.0,No,Yes,Denied,3144.96,3276,5,income verified via Plaid
1142,1362076,590,2022-06-30,Student,89468,651.0,No,No,Under Review,10007.76,11914,2,Co-signer pending review.
1143,1363683,1213,2023-06-24,Self-Employed,73926,580.0,No,No,Approved,2939.4,4899,5,Referred by agent.
1144,1364576,1474,2020-05-25,Part-Time,284563,694.0,Yes,Yes,Pending,3555.24,4558,3,.
1145,1366063,1007,2020-11-27,Student,170900,684.0,No,No,Approved,1452.36,1862,2,Flagged for manual review.
1146,1369326,648,2024-12-20,Full-Time,223285,583.0,No,No,Approved,1608.42,0,5,Applicant provided pay stubs.
1147,1369948,703,2021-02-26,Part-Time,207630,666.0,No,Yes,Denied,929.04,1106,5,Applicant follow-up needed
1148,1370773,1245,2023-05-04,Full-Time,135681,,Yes,No,Denied,2088.24,3164,1,
1149,1371662,1685,2024-02-27,Contract,163376,774.0,No,Yes,Approved,2630.4,4384,1,Applicant provided pay stubs.
1150,1371848,564,2020-09-07,Contract,182033,801.0,No,No,Approved,4980.48,5188,3,Renewal case.
1151,1373285,923,2022-04-17,Part-Time,135970,,No,Yes,Under Review,2396.46,3631,1,.
1152,1374842,395,2023-08-05,Unemployed,79079,780.0,No,No,Approved,2486.4,4144,2,
1153,1381343,1512,2020-06-17,Full-Time,100522,527.0,No,Yes,Denied,2441.88,2907,5,Applicant provided pay stubs.
1154,1381755,252,2024-02-13,Full-Time,265928,796.0,No,Yes,Approved,1089.0,1650,5,Flagged for manual review.
1155,1381965,702,2020-12-06,Full-Time,45724,698.0,No,Yes,Denied,1036.56,1234,5,Renewal case.
1156,1383577,680,2022-05-24,Student,180931,640.0,No,No,Pending,950.88,1132,2,income verified via Plaid
1157,1383736,1410,2024-01-27,Student,219558,608.0,No,No,Withdrawn,3389.1,4345,4,
1158,1385269,299,2022-05-21,Contract,42711,434.0,No,No,Approved,2956.8,4480,5,docs expired
1159,1390735,1437,2024-11-29,Full-Time,298821,,No,No,Approved,3875.04,4968,4,
1160,1393536,1659,2024-03-28,Contract,144421,674.0,No,Yes,Approved,2287.74,2933,3,
1161,1393706,1651,2023-08-03,Student,71675,687.0,No,No,Approved,1968.12,2982,3,Applicant follow-up needed
1162,1394070,1551,,Student,123323,674.0,No,Yes,Denied,2056.86,2637,1,Applicant follow-up needed
1163,1394208,1547,2023-03-19,Student,232588,758.0,No,Yes,Approved,3628.8,3780,2,income verified via Plaid
1164,1396897,86,2020-11-26,Self-Employed,161877,730.0,No,No,Approved,4961.4,8269,4,.
1165,1397074,1688,2021-06-20,Student,221413,716.0,No,Yes,Pending,2867.52,2987,5,
1166,1398458,1421,2024-03-13,Student,304115,634.0,Yes,Yes,Approved,2304.72,3492,5,Renewal case.
1167,1400056,419,2020-08-15,Self-Employed,198300,752.0,No,No,Under Review,1154.4,1924,4,Missing bank statements.
1168,1402893,1028,2022-01-30,Full-Time,219357,762.0,No,No,Pending,1311.18,1681,2,Renewal case.
1169,1406724,596,2023-04-05,Retired,262467,365.0,No,No,Denied,2854.8,3660,4,
1170,1407333,1619,2020-01-03,Retired,47324,692.0,No,No,Approved,1839.36,1916,3,income verified via Plaid
1171,1408395,924,2022-11-07,Retired,927000,833.0,Yes,Yes,Under Review,1051.2,1095,2,
1172,1410394,359,2024-03-28,Part-Time,57768,747.0,No,No,Denied,1958.04,2331,2,docs expired
1173,1410448,2,2021-07-26,Self-Employed,35179,,Yes,No,Under Review,2588.04,3081,3,Applicant follow-up needed
1174,1411111,500,2022-04-17,Self-Employed,156435,,No,No,Approved,933.6,1556,5,Renewal case.
1175,1413927,1256,2023-11-05,Full-Time,6567,776.0,Yes,No,Approved,3121.56,4002,2,Applicant provided pay stubs.
1176,1413956,1407,2023-10-07,Retired,34593,347.0,No,Yes,Pending,2155.14,2763,2,
1177,1414229,190,2024-02-23,Part-Time,21143,583.0,Yes,Yes,Pending,4449.9,0,5,Flagged for manual review.
1178,1417229,1363,2020-02-09,Unemployed,231888,829.0,Yes,No,Denied,1500.24,1786,3,Applicant follow-up needed
1179,1417457,51,2020-07-03,Full-Time,223290,787.0,No,Yes,Withdrawn,1647.36,2496,3,Applicant follow-up needed
1180,1419638,1501,2024-01-30,Student,96159,473.0,No,No,Denied,976.56,1252,1,Flagged for manual review.
1181,1420433,1229,2023-01-18,Retired,299916,709.0,Yes,No,Denied,6237.0,9450,2,Missing bank statements.
1182,1421031,1423,,Unemployed,80242,580.0,Yes,Yes,Denied,4509.12,5368,1,Missing bank statements.
1183,1421154,916,2024-01-26,Retired,146317,686.0,Yes,No,Denied,1648.92,2114,2,Missing bank statements.
1184,1421324,727,2023-09-25,Student,176465,788.0,No,No,Approved,2252.4,3754,1,Renewal case.
1185,1421337,1652,2024-11-25,Retired,101848,,Yes,No,Denied,1212.12,1554,5,
1186,1425475,702,2021-04-17,Full-Time,177191,773.0,No,No,Pending,740.4,1234,2,Renewal case.
1187,1425917,618,2022-11-25,Self-Employed,24762,,No,Yes,Approved,3618.6,6031,4,
1188,1426083,841,2021-10-11,Retired,44264,,Yes,No,Under Review,2335.32,2994,2,Renewal case.
1189,1426142,173,2022-04-16,Student,19660,818.0,No,Yes,Approved,2128.62,2729,2,Renewal case.
1190,1429156,1047,2024-09-21,Retired,50824,708.0,No,Yes,Approved,1236.18,1873,4,
1191,1432121,1543,2024-12-12,Unemployed,166287,794.0,No,No,Approved,588.06,891,5,Referred by agent.
1192,1432287,338,2024-10-19,Self-Employed,177658,320.0,Yes,Yes,Pending,2818.86,4271,1,
1193,1433872,1176,2020-06-28,Self-Employed,141126,710.0,No,Yes,Withdrawn,1518.72,1808,2,Applicant follow-up needed
1194,1437097,1009,2021-10-08,Student,194473,839.0,No,No,Approved,2437.68,2902,4,Referred by agent.
1195,1438918,133,2022-02-24,Part-Time,79978,718.0,No,No,Approved,3067.2,3195,2,Referred by agent.
1196,1439322,431,2022-08-18,Self-Employed,144725,686.0,No,Yes,Denied,3019.8,3595,1,docs expired
1197,1441459,337,2024-05-26,Self-Employed,13509,806.0,No,Yes,Approved,3193.68,3802,2,Missing bank statements.
1198,1441550,1467,2024-10-25,Contract,38084,663.0,Yes,No,Denied,1393.86,1787,4,
1199,1441633,946,2021-06-22,Contract,214123,561.0,No,No,Denied,5125.56,7766,3,
1200,1442198,885,2022-07-05,Full-Time,164758,844.0,No,No,Approved,1454.7,1865,2,docs expired
1201,1445737,1021,2022-10-24,Unemployed,186807,683.0,Yes,No,Denied,1992.54,3019,4,Applicant provided pay stubs.
1202,1449184,1291,2022-12-14,Unemployed,210570,714.0,No,No,Pending,1584.6,2641,2,Co-signer pending review.
1203,1449910,1600,2022-12-19,Unemployed,139143,600.0,No,No,Pending,2278.08,2373,3,Co-signer pending review.
1204,1454099,587,2022-04-09,Full-Time,37371,584.0,No,No,Approved,5443.2,5670,1,
1205,1454379,426,2021-11-20,Student,201912,423.0,No,No,Denied,3597.0,5450,1,Co-signer pending review.
1206,1454605,814,2020-07-12,Retired,307997,610.0,No,No,Denied,8871.24,0,2,
1207,1454745,1447,2021-12-09,Part-Time,128219,601.0,No,Yes,Approved,721.8,1203,5,
1208,1454878,374,2020-07-09,Self-Employed,254280,586.0,No,No,Approved,1475.1,2235,3,Missing bank statements.
1209,1455321,1592,2021-06-15,Part-Time,182886,708.0,No,Yes,Denied,2989.56,3559,3,Applicant follow-up needed
1210,1455668,805,2021-08-22,Student,244807,701.0,Yes,Yes,Approved,1600.2,1905,3,.
1211,1456185,1296,2020-02-08,Part-Time,211991,617.0,No,Yes,Withdrawn,1197.0,1995,4,Referred by agent.
1212,1456340,1435,2020-02-08,Student,242941,,No,No,Approved,3482.88,3628,5,
1213,1456921,865,2023-01-10,Self-Employed,186474,703.0,No,No,Under Review,850.8,1418,1,.
1214,1457303,1648,2022-09-28,Student,130665,,No,No,Approved,3406.26,4367,1,
1215,1458719,1488,2023-04-10,Retired,168716,787.0,No,Yes,Denied,5110.38,7743,2,Applicant follow-up needed
1216,1458758,1390,2020-08-17,Contract,260183,587.0,No,Yes,Approved,1491.6,2260,5,income verified via Plaid
1217,1459768,368,2022-10-16,Retired,125937,,No,No,Denied,976.8,1628,1,docs expired
1218,1460849,835,2021-05-07,Full-Time,36569,,Yes,No,Denied,2329.86,2987,3,Flagged for manual review.
1219,1463188,137,2022-08-10,Student,175140,728.0,No,Yes,Approved,1314.72,1992,5,Co-signer pending review.
1220,1467817,1641,2022-05-23,Self-Employed,73186,659.0,No,No,Approved,4741.62,6079,3,
1221,1468234,1227,2022-12-17,Self-Employed,91745,604.0,No,No,Pending,1485.0,2250,5,Applicant provided pay stubs.
1222,1469576,211,2020-01-16,Part-Time,126247,424.0,No,No,Approved,939.84,1424,3,Missing bank statements.
1223,1469822,984,2023-09-02,Unemployed,73834,614.0,No,Yes,Approved,1218.24,1269,2,.
1224,1471582,1231,2021-10-13,Full-Time,115115,673.0,No,No,Denied,2028.6,3381,4,.
1225,1473236,1791,2024-07-11,Retired,37901,559.0,No,Yes,Pending,3432.0,3575,4,Co-signer pending review.
1226,1473299,303,2020-08-03,Part-Time,75632,598.0,No,Yes,Denied,3143.4,5239,5,Co-signer pending review.
1227,1474914,1737,2021-08-02,Contract,6318,743.0,No,No,Under Review,1125.12,0,2,income verified via Plaid
1228,1475656,934,2024-04-02,Full-Time,146112,694.0,No,No,Approved,1543.92,1838,4,Flagged for manual review.
1229,1476651,970,2021-05-31,Contract,207947,646.0,No,Yes,Approved,2135.64,2738,2,Referred by agent.
1230,1481405,589,2023-03-05,Retired,78115,764.0,No,Yes,Approved,2210.88,2632,1,
1231,1481937,228,,Retired,214466,,Yes,No,Denied,873.18,1323,2,
1232,1483317,1157,2024-03-03,Unemployed,249036,800.0,No,No,Approved,3727.8,6213,5,Referred by agent.
1233,1484943,955,2024-02-25,Unemployed,77262,693.0,No,Yes,Under Review,2155.44,2566,2,Co-signer pending review.
1234,1486383,1130,2024-02-29,Contract,185208,343.0,No,No,Approved,3369.6,5616,5,
1235,1486530,612,2024-07-14,Retired,243785,768.0,No,Yes,Approved,4708.8,7848,4,
1236,1489550,1010,2022-08-16,Part-Time,169930,529.0,No,No,Denied,726.0,1100,5,Applicant follow-up needed
1237,1494765,1386,2023-08-07,Self-Employed,211848,838.0,No,Yes,Approved,3002.16,3574,2,.
1238,1496024,1693,2023-02-02,Self-Employed,119009,388.0,No,No,Pending,1084.2,1807,4,income verified via Plaid
1239,1496522,910,2021-07-04,Self-Employed,143195,585.0,No,No,Approved,1614.36,2446,4,Referred by agent.
1240,1500803,24,2021-10-22,Student,245707,685.0,Yes,Yes,Approved,2493.12,2968,5,Renewal case.
1241,1503941,1194,2020-08-26,Part-Time,33503,734.0,Yes,Yes,Approved,2458.68,2927,1,
1242,1504152,740,,Self-Employed,116483,810.0,No,No,Approved,2585.28,2693,1,docs expired
1243,1504431,173,2021-05-19,Self-Employed,226424,811.0,No,Yes,Pending,2128.62,2729,1,Renewal case.
1244,1505272,940,2022-07-08,Unemployed,72851,678.0,No,No,Approved,3766.62,5707,4,
1245,1505456,861,2020-06-20,Part-Time,209375,748.0,No,No,Withdrawn,1849.8,3083,1,Flagged for manual review.
1246,1507123,1633,2023-12-27,Full-Time,134283,711.0,No,No,Approved,1821.6,2760,1,
1247,1512010,165,2022-08-08,Retired,61349,783.0,No,Yes,Denied,1387.2,2312,2,Missing bank statements.
1248,1512276,908,2021-06-27,Unemployed,98707,,Yes,Yes,Pending,4040.4,4810,5,
1249,1513103,336,2020-02-02,Full-Time,206593,729.0,Yes,Yes,Pending,1663.74,2133,2,.
1250,1514063,404,2024-05-25,Self-Employed,19985,798.0,No,No,Approved,5966.22,7649,5,Co-signer pending review.
1251,1514838,539,2024-02-12,Contract,235383,654.0,No,No,Denied,3538.86,4537,4,.
1252,1515584,1692,2024-01-03,Part-Time,307984,677.0,No,No,Withdrawn,3597.36,4612,5,Co-signer pending review.
1253,1517068,1329,2022-09-24,Student,94589,623.0,No,No,Approved,2835.3,3635,2,docs expired
1254,1517785,1125,2023-04-27,Contract,124150,742.0,No,No,Denied,1491.0,1775,2,
1255,1517853,859,2024-07-30,Part-Time,82842,587.0,No,No,Approved,3124.8,5208,2,Applicant provided pay stubs.
1256,1518263,1408,2024-07-21,Self-Employed,69598,,No,No,Under Review,2054.58,0,3,docs expired
1257,1522337,26,2020-04-28,Part-Time,221631,,No,Yes,Approved,1000.56,1516,5,Flagged for manual review.
1258,1522400,47,2024-12-19,Student,106399,667.0,Yes,No,Under Review,4241.64,5438,2,.
1259,1524404,1436,2022-05-05,Retired,46349,,No,No,Denied,4885.44,5816,1,
1260,1526213,1632,2023-01-14,Unemployed,180748,,No,Yes,Approved,3559.38,5393,4,
1261,1526936,479,2024-09-20,Full-Time,224791,650.0,No,Yes,Denied,4128.0,6880,4,Applicant follow-up needed
1262,1527507,473,2023-06-16,Retired,40858,601.0,No,Yes,Pending,3367.56,4009,2,Flagged for manual review.
1263,1528048,812,2021-06-12,Retired,127300,790.0,No,No,Approved,2504.04,2981,1,.
1264,1529390,888,2022-06-15,Full-Time,214053,674.0,No,No,Withdrawn,3447.18,5223,2,
1265,1530909,1453,2020-09-19,Unemployed,237100,798.0,No,Yes,Approved,2877.12,0,1,Applicant provided pay stubs.
1266,1532063,286,2020-04-18,Retired,71259,490.0,No,Yes,Approved,8678.88,10332,2,Referred by agent.
1267,1533632,567,2024-04-27,Student,235078,,No,Yes,Denied,1173.48,1778,4,income verified via Plaid
1268,1533855,1729,2023-09-25,Self-Employed,91727,799.0,Yes,No,Approved,497.4,829,2,Renewal case.
1269,1534524,374,2021-01-08,Retired,109161,693.0,No,Yes,Approved,1877.4,2235,4,docs expired
1270,1535615,1541,2020-07-17,Self-Employed,31142,634.0,No,Yes,Under Review,5569.2,6630,5,.
1271,1537924,1693,2021-12-03,Full-Time,120157,,No,No,Approved,1517.88,1807,3,
1272,1538668,289,2020-07-29,Retired,92081,774.0,No,No,Approved,2032.2,3387,4,
1273,1539098,453,2024-07-03,Part-Time,59831,784.0,No,No,Approved,1313.4,1990,4,Missing bank statements.
1274,1539665,1741,2022-05-18,Full-Time,118411,,No,No,Pending,4141.02,5309,5,Referred by agent.
1275,1539762,861,2020-05-23,Student,82194,672.0,Yes,Yes,Approved,1849.8,3083,5,Renewal case.
1276,1541076,1286,2022-10-30,Full-Time,48662,,No,Yes,Denied,1485.66,2251,1,Renewal case.
1277,1541645,15,2022-03-16,Student,76870,670.0,No,Yes,Approved,2135.04,2224,5,Co-signer pending review.
1278,1543265,11,2022-01-03,Full-Time,174385,822.0,No,Yes,Pending,3597.0,5995,1,Flagged for manual review.
1279,1545899,1684,2022-06-26,Contract,21425,793.0,No,Yes,Denied,1819.8,3033,2,
1280,1546217,22,2021-12-01,Student,45689,444.0,No,No,Withdrawn,1513.98,1941,2,Renewal case.
1281,1546447,199,2024-07-30,Contract,170703,829.0,No,Yes,Denied,1110.6,1851,3,income verified via Plaid
1282,1549103,1258,2020-12-01,Unemployed,250000,681.0,No,No,Denied,1644.48,1713,1,.
1283,1553482,1107,2023-09-27,Retired,111345,814.0,No,Yes,Denied,2483.52,3184,3,Referred by agent.
1284,1553772,1741,2022-12-18,Full-Time,209162,724.0,No,Yes,Denied,3185.4,5309,3,Flagged for manual review.
1285,1557077,1159,2020-05-23,Unemployed,62491,713.0,No,No,Denied,1944.6,3241,1,docs expired
1286,1558025,1211,2021-02-20,Student,118243,739.0,No,Yes,Pending,1359.54,1743,3,docs expired
1287,1558860,803,2020-05-08,Self-Employed,168869,835.0,No,No,Denied,8073.6,8410,4,Renewal case.
1288,1559962,981,2024-05-27,Full-Time,107619,586.0,No,No,Withdrawn,544.5,825,3,Flagged for manual review.
1289,1561042,97,2020-11-15,Retired,90760,696.0,No,No,Denied,1558.08,1623,5,Flagged for manual review.
1290,1564220,1489,2024-10-22,Self-Employed,222643,733.0,No,Yes,Denied,859.32,1302,1,Flagged for manual review.
1291,1565132,1241,2021-05-08,Self-Employed,190435,715.0,Yes,No,Approved,1013.76,1536,3,
1292,1567065,363,2021-07-22,Unemployed,56378,758.0,No,No,Under Review,1353.6,1410,1,
1293,1567311,688,2024-07-11,Full-Time,57348,619.0,Yes,Yes,Pending,2543.58,3261,4,
1294,1567610,1140,2022-03-04,Unemployed,161099,808.0,No,Yes,Denied,2327.64,2771,5,docs expired
1295,1568141,605,2020-11-18,Unemployed,142427,691.0,No,Yes,Denied,1943.76,2314,4,
1296,1571175,509,2024-02-04,Full-Time,222138,808.0,No,No,Pending,958.2,1597,1,Applicant provided pay stubs.
1297,1572806,162,2024-02-21,Full-Time,234952,,Yes,No,Approved,927.42,1189,2,Flagged for manual review.
1298,1576505,502,2022-10-26,Full-Time,95268,813.0,No,No,Denied,4966.08,5173,5,Applicant follow-up needed
1299,1576507,1406,2024-11-22,Student,103383,682.0,No,Yes,Pending,2835.3,3635,5,income verified via Plaid
1300,1576766,1167,2022-02-14,Retired,78221,768.0,No,No,Pending,6034.56,6286,3,.
1301,1576769,1413,2021-02-14,Retired,89690,580.0,No,Yes,Approved,1654.2,2757,2,docs expired
1302,1577290,1584,2021-12-17,Part-Time,180754,715.0,No,No,Approved,1797.12,1872,5,income verified via Plaid
1303,1577327,226,2023-09-27,Full-Time,214760,786.0,Yes,Yes,Pending,1019.7,1545,2,Applicant provided pay stubs.
1304,1579921,856,2023-06-12,Retired,157751,724.0,No,Yes,Denied,508.2,847,5,docs expired
1305,1580462,691,2022-11-13,Unemployed,182444,730.0,No,No,Withdrawn,2402.88,2503,3,
1306,1580845,967,2020-12-03,Student,12725,706.0,No,Yes,Approved,1553.16,1849,4,Referred by agent.
1307,1581577,97,2020-09-17,Student,129428,735.0,No,Yes,Denied,1363.32,1623,2,
1308,1583786,51,2020-07-16,Self-Employed,48115,839.0,No,No,Approved,1946.88,2496,1,Flagged for manual review.
1309,1583847,818,2021-11-27,Full-Time,161185,730.0,No,Yes,Denied,2661.12,4032,3,Missing bank statements.
1310,1584350,856,2024-07-26,Part-Time,156003,813.0,Yes,Yes,Approved,813.12,847,4,
1311,1584717,718,2021-06-02,Self-Employed,162800,741.0,Yes,No,Withdrawn,3125.76,4736,4,Applicant provided pay stubs.
1312,1585868,395,2022-11-12,Retired,66625,765.0,Yes,No,Denied,3480.96,4144,4,
1313,1586050,769,2022-01-19,Unemployed,111987,753.0,Yes,Yes,Under Review,3444.0,5740,1,Co-signer pending review.
1314,1586528,907,2020-01-08,Self-Employed,142000,818.0,No,No,Denied,1665.72,1983,4,
1315,1587037,1343,2020-04-25,Unemployed,230906,813.0,No,No,Approved,927.6,1546,1,
1316,1588668,217,2023-12-24,Contract,66503,844.0,Yes,No,Pending,2698.02,3459,1,
1317,1590489,133,2020-06-22,Self-Employed,24385,619.0,No,No,Approved,2683.8,3195,5,Referred by agent.
1318,1592922,1514,2022-10-27,Full-Time,95607,683.0,No,Yes,Pending,1329.24,2014,5,
1319,1593790,934,2020-10-25,Unemployed,39181,779.0,No,Yes,Withdrawn,1433.64,1838,3,Co-signer pending review.
1320,1596735,463,2022-09-29,Self-Employed,138467,313.0,No,Yes,Approved,2376.0,3600,5,Applicant provided pay stubs.
1321,1597978,640,2023-01-06,Full-Time,110400,,No,Yes,Under Review,2271.6,3786,2,
1322,1598066,441,2020-10-08,Self-Employed,169987,743.0,No,Yes,Approved,3701.94,5609,1,.
1323,1598777,664,2021-06-30,Part-Time,93049,593.0,No,No,Pending,534.0,890,3,Missing bank statements.
1324,1599022,1599,,Retired,176334,689.0,Yes,No,Approved,3153.6,3285,4,
1325,1599737,689,,Student,159444,780.0,No,Yes,Approved,1306.2,1555,1,Co-signer pending review.
1326,1600224,173,,Student,205721,726.0,No,No,Denied,2292.36,2729,1,docs expired
1327,1600796,1119,2020-06-23,Full-Time,188190,599.0,No,Yes,Pending,2555.28,3276,2,Applicant provided pay stubs.
1328,1601528,1443,2023-11-12,Unemployed,213424,648.0,No,No,Approved,1779.84,1854,3,Applicant provided pay stubs.
1329,1603264,289,2020-05-28,Unemployed,130794,,No,No,Approved,2641.86,3387,5,Co-signer pending review.
1330,1604626,251,2021-03-09,Full-Time,66225,605.0,No,No,Denied,936.54,1419,1,Renewal case.
1331,1606729,515,2020-12-28,Part-Time,75275,800.0,No,No,Approved,4014.0,6690,5,Flagged for manual review.
1332,1607092,1507,2021-12-19,Full-Time,292139,701.0,Yes,No,Approved,2855.04,2974,3,
1333,1608447,969,2024-05-04,Part-Time,22992,686.0,No,Yes,Withdrawn,1177.8,1510,1,
1334,1609769,205,2020-06-24,Full-Time,80371,667.0,Yes,No,Pending,884.52,1134,4,
1335,1609883,1451,2020-09-13,Unemployed,25406,798.0,No,No,Approved,4000.32,4167,2,income verified via Plaid
1336,1609889,930,2020-09-29,Self-Employed,149840,703.0,No,Yes,Approved,2805.6,3340,4,Renewal case.
1337,1611408,1462,2021-09-04,Full-Time,209411,804.0,Yes,Yes,Withdrawn,927.0,1545,2,Flagged for manual review.
1338,1615899,26,2021-12-04,Student,156802,604.0,Yes,No,Approved,909.6,1516,3,.
1339,1619043,752,2024-05-21,Self-Employed,133443,676.0,Yes,Yes,Under Review,2064.6,3441,5,Applicant provided pay stubs.
1340,1620348,97,2024-10-14,Unemployed,87152,655.0,No,Yes,Approved,1265.94,1623,5,Co-signer pending review.
1341,1621397,812,2023-10-12,Contract,114654,698.0,No,Yes,Approved,1967.46,2981,1,Renewal case.
1342,1622768,713,2020-09-17,Part-Time,225408,660.0,Yes,Yes,Denied,3351.48,5078,2,Flagged for manual review.
1343,1623640,675,2021-06-24,Retired,190424,752.0,Yes,Yes,Denied,2484.9,3765,5,docs expired
1344,1624412,595,2021-08-05,Part-Time,195129,846.0,No,Yes,Approved,1994.4,3324,5,Missing bank statements.
1345,1624576,847,2023-07-25,Full-Time,66626,748.0,No,Yes,Pending,4751.04,5656,2,
1346,1625232,467,2022-11-24,Retired,160420,,No,No,Approved,6529.38,8371,2,Applicant follow-up needed
1347,1626810,1743,2024-07-20,Contract,169547,583.0,No,Yes,Approved,929.88,0,3,Missing bank statements.
1348,1627568,1135,2022-02-13,Part-Time,54575,787.0,No,No,Pending,2251.2,2680,3,Applicant provided pay stubs.
1349,1631280,1707,2020-01-14,Self-Employed,78638,,No,Yes,Denied,5006.4,5960,1,docs expired
1350,1631463,425,,Retired,195200,710.0,No,Yes,Denied,1350.72,1608,2,Renewal case.
1351,1632839,588,2021-09-01,Full-Time,8722,,No,Yes,Denied,1629.6,1940,2,
1352,1635071,1299,2022-10-11,Self-Employed,119289,,No,Yes,Approved,883.08,1338,4,Applicant follow-up needed
1353,1635086,715,2023-06-12,Retired,220463,600.0,No,Yes,Approved,1665.72,1983,3,
1354,1636418,603,2024-10-21,Full-Time,30938,790.0,No,No,Pending,724.8,1208,4,docs expired
1355,1637009,270,2022-04-29,Retired,35842,727.0,Yes,No,Approved,2892.0,4820,3,Applicant follow-up needed
1356,1640027,181,,Self-Employed,58625,,No,No,Under Review,601.26,911,2,
1357,1641836,231,2020-01-07,Contract,186248,708.0,No,No,Pending,6999.36,7291,4,
1358,1642092,1518,2022-06-18,Part-Time,58606,713.0,Yes,Yes,Withdrawn,2654.4,4424,2,
1359,1642462,797,2021-12-30,Contract,183988,373.0,No,No,Approved,2859.78,4333,5,
1360,1642778,836,2021-03-16,Unemployed,218401,722.0,No,No,Approved,4248.0,4425,4,
1361,1643278,1625,2021-01-09,Self-Employed,157095,799.0,No,Yes,Denied,4545.84,5828,1,Applicant provided pay stubs.
1362,1646325,218,2023-02-02,Unemployed,32404,755.0,No,No,Denied,2470.38,3743,4,Flagged for manual review.
1363,1646876,964,2020-08-18,Student,27859,,Yes,No,Denied,4089.6,4260,3,
1364,1648100,1485,2020-02-08,Self-Employed,123925,775.0,Yes,No,Denied,3100.44,3691,2,Flagged for manual review.
1365,1648478,494,2024-02-10,Student,140000,390.0,Yes,Yes,Pending,5010.6,5965,4,Applicant provided pay stubs.
1366,1648846,605,2024-01-12,Self-Employed,169628,817.0,No,Yes,Approved,1804.92,2314,5,
1367,1649903,1262,2023-01-11,Self-Employed,161267,836.0,No,Yes,Approved,5814.48,6922,2,Renewal case.
1368,1653879,231,2024-11-17,Student,159099,689.0,No,No,Approved,6124.44,7291,2,Referred by agent.
1369,1653990,768,2024-10-14,Self-Employed,91937,671.0,No,No,Approved,5374.98,6891,4,
1370,1654210,1176,2022-01-28,Retired,139823,705.0,Yes,Yes,Approved,1084.8,1808,5,Applicant follow-up needed
1371,1655326,1521,2022-10-09,Contract,197004,590.0,No,No,Approved,2601.72,3942,3,Missing bank statements.
1372,1656041,1473,2021-09-06,Contract,77826,586.0,No,Yes,Pending,2817.6,4696,1,docs expired
1373,1656499,455,2024-03-01,Self-Employed,142995,740.0,No,Yes,Withdrawn,3723.84,3879,5,
1374,1657683,1189,,Unemployed,191642,684.0,No,No,Withdrawn,4107.84,4279,4,Applicant provided pay stubs.
1375,1659533,492,2022-01-27,Unemployed,75237,647.0,No,No,Under Review,1409.28,1468,5,Flagged for manual review.
1376,1662339,1092,2020-03-23,Contract,168123,648.0,No,No,Approved,5248.32,7952,1,docs expired
1377,1663603,429,2023-11-07,Student,30273,760.0,Yes,Yes,Pending,5532.48,5763,3,
1378,1664468,1445,2022-06-25,Contract,195905,747.0,No,No,Approved,7014.0,8350,5,Missing bank statements.
1379,1666013,349,2023-03-07,Contract,246360,602.0,No,Yes,Approved,1825.98,2341,4,Co-signer pending review.
1380,1667485,1258,2022-02-22,Student,222800,814.0,No,No,Approved,1027.8,1713,1,Missing bank statements.
1381,1668825,749,2021-04-28,Part-Time,163845,653.0,No,No,Under Review,1656.6,2761,1,Renewal case.
1382,1669384,275,2020-08-07,Self-Employed,52869,663.0,Yes,No,Denied,1108.8,1680,3,income verified via Plaid
1383,1670088,893,2022-04-28,Retired,40385,540.0,Yes,Yes,Approved,2349.0,3915,1,Missing bank statements.
1384,1670492,1559,2021-11-21,Part-Time,209759,831.0,No,Yes,Approved,1069.86,1621,2,docs expired
1385,1672926,1679,,Retired,8610,822.0,No,No,Approved,4256.64,4434,5,income verified via Plaid
1386,1673397,1299,2023-07-19,Part-Time,84969,801.0,Yes,Yes,Approved,1284.48,1338,3,Co-signer pending review.
1387,1673717,325,2024-12-09,Retired,195221,820.0,No,No,Denied,1109.76,1156,3,Renewal case.
1388,1674060,1015,2020-04-30,Self-Employed,318589,695.0,Yes,No,Approved,3423.6,5706,5,
1389,1674102,1269,2023-07-09,Self-Employed,51109,705.0,No,Yes,Denied,1571.46,2381,1,docs expired
1390,1674489,201,2021-01-31,Self-Employed,54377,696.0,Yes,Yes,Approved,1895.4,2430,1,Renewal case.
1391,1675105,1610,2023-02-14,Part-Time,229170,753.0,No,Yes,Under Review,1823.4,3039,3,Applicant provided pay stubs.
1392,1676181,733,2020-08-26,Student,73578,799.0,No,Yes,Pending,1036.2,1570,3,Applicant provided pay stubs.
1393,1677814,452,2023-02-04,Unemployed,186184,738.0,Yes,Yes,Approved,3488.94,4473,2,Applicant follow-up needed
1394,1679918,658,2024-01-24,Part-Time,66369,779.0,No,Yes,Pending,2037.6,3396,1,docs expired
1395,1680531,431,2023-03-16,Retired,154462,633.0,No,No,Denied,3451.2,3595,3,income verified via Plaid
1396,1681040,927,2022-02-23,Contract,62865,390.0,No,Yes,Denied,4608.0,7680,3,income verified via Plaid
1397,1683191,1023,2024-08-27,Self-Employed,196578,693.0,No,Yes,Approved,822.12,1054,5,Renewal case.
1398,1683892,23,2022-07-24,Unemployed,109608,670.0,Yes,No,Denied,3052.56,3634,2,Missing bank statements.
1399,1685707,1524,2020-04-29,Contract,199160,654.0,No,No,Pending,2352.0,2800,2,Referred by agent.
1400,1686474,272,2022-03-13,Full-Time,117799,465.0,No,No,Denied,1060.8,1360,4,Renewal case.
1401,1687231,1364,2021-06-14,Student,68682,670.0,No,Yes,Approved,4536.84,5401,2,
1402,1687755,1305,2024-12-20,Self-Employed,59547,804.0,No,No,Pending,4126.32,6252,4,income verified via Plaid
1403,1689605,1672,2024-05-19,Retired,81650,812.0,No,Yes,Approved,2632.56,3134,1,Co-signer pending review.
1404,1689735,753,2020-09-29,Full-Time,55645,,Yes,No,Approved,1626.0,2710,5,docs expired
1405,1691795,1159,2020-03-27,Self-Employed,236477,645.0,Yes,No,Denied,2139.06,3241,2,
1406,1692720,1398,2021-03-03,Retired,121407,778.0,No,Yes,Approved,2279.16,2922,1,.
1407,1692757,1105,2022-02-05,Full-Time,68343,762.0,No,No,Denied,1159.68,1208,3,Missing bank statements.
1408,1695843,471,2022-04-18,Full-Time,257137,766.0,No,No,Approved,1313.28,1368,5,Renewal case.
1409,1696508,1733,2024-06-07,Full-Time,31032,797.0,No,Yes,Approved,10232.64,10659,1,docs expired
1410,1696940,1653,2022-10-02,Student,238440,452.0,No,No,Approved,2411.76,3092,4,
1411,1700113,1504,2022-07-28,Unemployed,11239,774.0,No,No,Approved,5217.3,7905,1,Flagged for manual review.
1412,1701824,1645,2024-06-01,Unemployed,232018,708.0,No,Yes,Approved,3275.58,4963,5,docs expired
1413,1702550,1594,2021-06-09,Unemployed,257290,844.0,No,No,Pending,5092.92,6063,5,
1414,1704874,582,2021-10-16,Retired,186614,376.0,No,Yes,Approved,3042.78,3901,4,income verified via Plaid
1415,1706491,57,2021-01-18,Unemployed,139460,509.0,No,No,Approved,4116.42,6237,3,
1416,1708953,1221,2023-10-09,Student,123099,729.0,No,Yes,Denied,4694.82,6019,3,Flagged for manual review.
1417,1709531,907,2024-10-29,Retired,114586,,No,No,Approved,1903.68,1983,4,docs expired
1418,1711674,1412,2024-02-19,Part-Time,77429,,No,Yes,Pending,1516.8,1580,4,Flagged for manual review.
1419,1715292,1501,2021-07-26,Part-Time,248429,728.0,No,Yes,Approved,1051.68,1252,5,Referred by agent.
1420,1716241,1732,2024-10-28,Contract,275596,796.0,No,No,Pending,1006.2,1677,3,.
1421,1716514,1489,2021-01-14,Self-Employed,138453,668.0,Yes,No,Under Review,781.2,1302,2,Applicant provided pay stubs.
1422,1719459,1474,2024-11-26,Full-Time,289142,,No,Yes,Pending,3555.24,4558,5,Referred by agent.
1423,1720765,361,2024-12-10,Contract,156990,629.0,No,No,Approved,2799.72,4242,2,docs expired
1424,1721894,1018,2020-04-06,Full-Time,26484,,No,No,Approved,6441.12,7668,3,Renewal case.
1425,1724477,1295,2020-10-13,Student,167607,654.0,No,Yes,Pending,4772.46,7231,4,Missing bank statements.
1426,1724656,77,2023-12-15,Contract,49837,604.0,No,Yes,Denied,1652.16,1721,2,Renewal case.
1427,1728974,1387,2020-02-25,Part-Time,140500,495.0,No,No,Denied,2055.36,2141,5,Renewal case.
1428,1729254,502,,Full-Time,232634,599.0,No,No,Approved,3103.8,5173,4,Flagged for manual review.
1429,1729842,134,2021-08-10,Student,147675,831.0,No,Yes,Approved,3547.2,3695,4,
1430,1731331,716,2021-09-22,Unemployed,240462,735.0,No,No,Approved,1738.8,2898,5,income verified via Plaid
1431,1731530,1034,2024-07-31,Self-Employed,51173,705.0,No,Yes,Approved,3225.6,3360,2,
1432,1734113,72,2021-09-21,Student,83594,660.0,No,No,Approved,2635.08,3137,2,
1433,1735816,220,2022-04-02,Full-Time,122014,792.0,No,No,Under Review,1397.88,2118,2,Applicant follow-up needed
1434,1736561,265,2022-09-21,Part-Time,68800,635.0,Yes,Yes,Approved,1333.08,1587,4,income verified via Plaid
1435,1743367,743,2021-09-19,Unemployed,225375,772.0,No,Yes,Approved,798.72,832,3,docs expired
1436,1745657,1484,2022-12-22,Full-Time,117389,616.0,Yes,No,Pending,2946.72,3508,3,
1437,1746149,865,2022-07-17,Retired,78402,632.0,No,No,Approved,1191.12,1418,1,Renewal case.
1438,1746804,1278,2023-02-23,Part-Time,121996,600.0,Yes,No,Denied,1585.32,2402,2,
1439,1748491,797,2024-04-21,Self-Employed,117828,616.0,No,No,Pending,2599.8,4333,4,Renewal case.
1440,1749150,1721,2020-02-17,Retired,126658,772.0,No,Yes,Denied,1078.74,1383,4,Missing bank statements.
1441,1750585,1288,2021-06-04,Student,69695,844.0,No,No,Denied,2210.04,2631,3,income verified via Plaid
1442,1751502,922,2020-07-25,Self-Employed,161804,766.0,No,Yes,Denied,767.4,1279,5,Co-signer pending review.
1443,1752600,743,2020-01-25,Contract,88341,801.0,No,No,Approved,698.88,832,4,
1444,1753238,732,2023-10-14,Part-Time,231643,840.0,No,No,Pending,1807.74,2739,3,Applicant follow-up needed
1445,1753815,1749,2023-10-18,Self-Employed,215571,766.0,No,No,Approved,1336.14,1713,5,
1446,1754251,1748,2024-01-19,Student,227074,843.0,Yes,No,Approved,904.2,1507,1,
1447,1755948,1011,2022-06-21,Part-Time,21631,650.0,No,No,Denied,5060.16,5271,2,.
1448,1758277,104,2023-07-20,Self-Employed,185565,626.0,No,Yes,Withdrawn,2128.5,3225,1,Applicant follow-up needed
1449,1762766,105,2024-01-04,Student,181549,,No,No,Approved,4799.76,5714,5,Referred by agent.
1450,1767479,685,2022-04-24,Unemployed,236137,,No,Yes,Approved,1207.92,1438,3,Missing bank statements.
1451,1769140,401,2020-06-26,Contract,243934,822.0,No,Yes,Pending,3903.0,6505,4,income verified via Plaid
1452,1770106,956,2024-06-02,Student,115037,481.0,No,No,Withdrawn,2082.6,3471,3,Co-signer pending review.
1453,1771224,919,2022-04-29,Unemployed,433000,736.0,No,No,Approved,884.16,921,3,Flagged for manual review.
1454,1771644,366,2020-06-24,Contract,6850,811.0,No,Yes,Approved,3296.16,3924,3,
1455,1771831,666,2020-04-15,Part-Time,26579,,Yes,No,Approved,1114.08,1688,2,Missing bank statements.
1456,1773757,170,2022-07-28,Full-Time,70890,664.0,No,No,Denied,3596.04,4281,2,
1457,1775601,807,2020-05-18,Unemployed,59342,680.0,No,No,Under Review,1743.36,1816,5,Renewal case.
1458,1776102,1189,2021-12-10,Retired,186828,648.0,No,Yes,Approved,3337.62,4279,5,Missing bank statements.
1459,1778360,1257,2023-12-01,Retired,159485,759.0,No,Yes,Denied,609.0,1015,4,Referred by agent.
1460,1780025,129,2024-06-11,Student,88059,739.0,No,Yes,Denied,947.1,1435,4,
1461,1781132,176,2024-09-17,Unemployed,153051,673.0,No,Yes,Withdrawn,6304.74,8083,5,Referred by agent.
1462,1782416,1324,2021-06-01,Self-Employed,194338,791.0,No,No,Under Review,704.76,839,3,
1463,1788741,887,2023-07-23,Contract,125309,,No,No,Denied,3956.94,5073,1,Renewal case.
1464,1789081,1055,2023-04-11,Self-Employed,47358,616.0,No,Yes,Approved,5659.2,5895,4,
1465,1789464,19,2022-10-18,Student,98624,,No,No,Pending,2235.48,2866,2,docs expired
1466,1789709,1629,2022-10-09,Full-Time,112049,833.0,No,No,Under Review,1609.92,2064,1,
1467,1789782,272,2023-09-16,Retired,56817,609.0,No,No,Denied,897.6,1360,5,Referred by agent.
1468,1791289,535,2023-01-22,Student,232173,776.0,No,Yes,Approved,715.2,1192,2,Referred by agent.
1469,1791420,1210,2021-03-29,Full-Time,50484,752.0,No,No,Approved,2459.52,2928,1,income verified via Plaid
1470,1791713,1352,2020-04-30,Retired,116645,658.0,No,No,Pending,1648.14,2113,1,Co-signer pending review.
1471,1791869,1798,2023-05-27,Student,234868,674.0,No,No,Approved,4572.48,6928,3,.
1472,1793618,691,2022-12-08,Full-Time,112436,777.0,No,No,Pending,2402.88,2503,2,Applicant follow-up needed
1473,1794054,1365,2024-12-19,Full-Time,201035,,No,No,Denied,2748.6,4581,5,
1474,1796934,1371,2022-07-24,Self-Employed,156012,745.0,No,Yes,Approved,2607.0,3950,3,Applicant provided pay stubs.
1475,1798660,1536,2021-10-30,Full-Time,300561,,No,No,Withdrawn,3559.14,4563,4,Applicant provided pay stubs.
1476,1800061,72,2020-11-22,Contract,18593,706.0,No,No,Approved,2446.86,3137,1,Referred by agent.
1477,1801923,282,2020-02-09,Part-Time,228098,668.0,No,No,Approved,760.8,1268,1,
1478,1802722,1194,2023-05-18,Unemployed,87226,694.0,No,No,Denied,2283.06,2927,2,
1479,1805528,583,2024-05-16,Student,209652,748.0,No,Yes,Denied,2106.6,3511,5,Renewal case.
1480,1805632,183,2021-09-16,Student,30197,,No,No,Denied,4614.6,7691,3,.
1481,1806457,1219,2022-07-27,Self-Employed,248163,,Yes,No,Approved,1869.0,3115,4,
1482,1807221,1392,2022-06-18,Retired,307607,715.0,No,No,Denied,5605.38,8493,1,Flagged for manual review.
1483,1809310,299,2022-01-08,Full-Time,51024,644.0,No,No,Denied,3494.4,4480,4,Applicant follow-up needed
1484,1810017,496,2023-11-19,Student,171281,792.0,No,No,Approved,2752.32,2867,5,Applicant follow-up needed
1485,1810670,177,2022-06-06,Retired,208614,741.0,Yes,No,Approved,1226.16,1572,1,docs expired
1486,1812172,287,2024-10-05,Part-Time,217531,750.0,No,Yes,Approved,4344.6,5570,1,income verified via Plaid
1487,1812315,1065,2024-08-04,Full-Time,202823,771.0,No,Yes,Pending,1060.92,1263,1,Applicant follow-up needed
1488,1814909,366,2022-01-04,Retired,140426,722.0,No,Yes,Denied,3767.04,3924,2,Applicant follow-up needed
1489,1814961,1351,2024-10-18,Unemployed,104440,713.0,No,No,Approved,2520.6,4201,5,Applicant provided pay stubs.
1490,1815895,1142,2023-05-04,Full-Time,120262,815.0,Yes,No,Approved,3038.4,5064,5,
1491,1817505,1796,2022-01-12,Contract,141402,,No,Yes,Denied,2207.7,3345,2,Renewal case.
1492,1818193,1595,,Unemployed,84905,608.0,No,No,Approved,1705.44,2584,2,Applicant provided pay stubs.
1493,1818928,511,2024-11-19,Self-Employed,6122,707.0,No,No,Approved,4485.78,5751,3,Applicant provided pay stubs.
1494,1819240,971,2023-06-30,Full-Time,35452,795.0,No,Yes,Denied,2133.12,2222,5,Renewal case.
1495,1821236,700,2024-07-06,Part-Time,313505,722.0,No,No,Approved,1828.32,2344,4,Referred by agent.
1496,1822279,830,2024-04-07,Unemployed,240867,828.0,No,No,Approved,3437.76,3581,4,Co-signer pending review.
1497,1822434,390,2023-12-13,Student,258000,760.0,No,Yes,Approved,975.36,1016,2,Missing bank statements.
1498,1822782,688,2024-07-19,Self-Employed,235686,592.0,No,No,Approved,2739.24,3261,1,
1499,1825876,705,2023-12-26,Student,222704,646.0,No,Yes,Withdrawn,2603.16,3099,4,Renewal case.
1500,1826465,1298,2022-12-18,Unemployed,198287,,No,No,Under Review,1125.6,1340,5,Applicant provided pay stubs.
1501,1827858,624,2021-04-05,Part-Time,117884,715.0,No,No,Approved,3045.9,3905,4,Renewal case.
1502,1828507,56,2023-12-28,Student,127176,620.0,Yes,No,Approved,3060.72,3924,2,income verified via Plaid
1503,1830353,1605,2024-06-19,Full-Time,172098,741.0,No,No,Approved,1900.8,2880,2,Applicant follow-up needed
1504,1831789,353,2020-01-31,Student,161796,539.0,No,Yes,Approved,2350.08,2448,2,Referred by agent.
1505,1831931,1069,2024-11-07,Contract,27480,,No,No,Approved,620.4,1034,3,docs expired
1506,1832134,78,2021-03-08,Contract,165535,793.0,No,Yes,Approved,1299.54,1969,1,Flagged for manual review.
1507,1833273,367,2024-02-22,Part-Time,225239,639.0,No,Yes,Approved,1337.82,2027,1,Applicant follow-up needed
1508,1833891,429,2022-04-08,Contract,90883,812.0,No,Yes,Approved,4495.14,5763,5,Missing bank statements.
1509,1835780,1240,2024-05-21,Contract,50662,779.0,No,No,Approved,3936.66,5047,5,Applicant follow-up needed
1510,1838888,1616,2024-10-23,Retired,208955,599.0,No,Yes,Approved,3034.8,5058,4,
1511,1843409,1654,2023-02-09,Student,155900,729.0,No,Yes,Approved,3317.76,0,4,Applicant provided pay stubs.
1512,1844151,150,2020-08-04,Student,35949,606.0,No,Yes,Approved,1370.16,2076,5,Applicant follow-up needed
1513,1845110,789,2024-03-31,Self-Employed,247513,792.0,No,No,Approved,673.86,1021,4,
1514,1845452,1658,2021-04-05,Unemployed,177023,593.0,No,No,Denied,2722.2,0,1,docs expired
1515,1845959,1768,2024-12-14,Full-Time,242600,,No,No,Approved,3791.76,4514,1,
1516,1848112,606,2021-11-17,Part-Time,63550,773.0,No,No,Approved,1424.94,2159,2,Applicant follow-up needed
1517,1849959,1304,2024-10-18,Unemployed,119014,673.0,No,Yes,Withdrawn,8890.44,11398,2,Flagged for manual review.
1518,1850808,348,2021-09-11,Contract,82485,674.0,No,Yes,Withdrawn,8482.56,8836,4,
1519,1852203,953,2022-08-22,Part-Time,234945,687.0,No,Yes,Approved,2818.2,4270,1,
1520,1853141,1464,2024-01-17,Student,205904,810.0,Yes,No,Approved,3150.0,3750,1,Applicant follow-up needed
1521,1854472,1129,2022-03-14,Contract,30939,701.0,Yes,Yes,Approved,2657.76,3164,4,Referred by agent.
1522,1856152,1428,2024-08-27,Retired,123503,754.0,No,No,Approved,7381.44,7689,3,Missing bank statements.
1523,1857134,668,2020-10-05,Unemployed,105345,367.0,No,No,Withdrawn,3251.16,4926,4,.
1524,1859474,1493,2023-05-29,Student,65812,801.0,No,No,Denied,1939.74,2939,3,docs expired
1525,1859772,731,2024-12-04,Student,25144,549.0,No,Yes,Denied,1816.32,1892,1,Applicant follow-up needed
1526,1860223,1695,2021-10-05,Self-Employed,177628,768.0,No,No,Withdrawn,4281.48,5097,5,
1527,1860725,1158,,Student,30435,,No,Yes,Withdrawn,1416.0,1475,5,docs expired
1528,1864997,1383,2022-12-26,Self-Employed,211840,727.0,No,Yes,Approved,2385.24,3058,5,Renewal case.
1529,1871190,1781,2024-03-08,Full-Time,153661,791.0,No,Yes,Under Review,1970.64,2346,4,.
1530,1871667,1015,2023-01-25,Full-Time,230919,,No,No,Denied,3765.96,5706,4,Co-signer pending review.
1531,1872296,673,2023-12-20,Part-Time,138229,687.0,Yes,Yes,Approved,4321.98,5541,4,
1532,1873606,244,2024-04-10,Student,122410,461.0,No,No,Approved,1104.0,1840,1,Flagged for manual review.
1533,1877270,126,2020-10-11,Full-Time,88095,,No,No,Pending,1876.56,2234,1,income verified via Plaid
1534,1877292,1104,2020-05-27,Retired,189113,629.0,No,Yes,Denied,2867.28,0,3,Applicant follow-up needed
1535,1877404,1650,2020-04-18,Self-Employed,188191,720.0,No,No,Approved,1899.6,3166,5,
1536,1877703,365,2023-10-09,Retired,161708,664.0,No,Yes,Approved,1421.4,2369,4,Renewal case.
1537,1879897,398,2024-11-05,Unemployed,23226,759.0,Yes,No,Withdrawn,4660.32,5548,4,Flagged for manual review.
1538,1880021,618,2020-03-03,Student,161509,626.0,No,Yes,Withdrawn,4704.18,6031,4,Renewal case.
1539,1880760,809,2022-12-02,Unemployed,57947,734.0,No,Yes,Denied,953.7,1445,4,
1540,1882314,1244,2021-01-09,Student,65286,647.0,No,No,Approved,4965.0,8275,3,Co-signer pending review.
1541,1882447,43,2022-04-10,Retired,164457,744.0,Yes,No,Denied,2766.96,3294,4,
1542,1883714,619,2020-10-16,Retired,274245,811.0,No,Yes,Pending,8628.48,10272,5,
1543,1884308,926,,Self-Employed,109721,,No,No,Pending,3912.6,0,1,Co-signer pending review.
1544,1885278,45,2023-11-16,Part-Time,44140,691.0,No,No,Under Review,2020.26,3061,5,
1545,1886261,1462,2021-02-03,Self-Employed,65689,671.0,No,Yes,Pending,1019.7,1545,2,Applicant follow-up needed
1546,1888087,320,2024-04-03,Full-Time,176709,,No,Yes,Approved,2719.68,2833,5,income verified via Plaid
1547,1889259,577,2020-03-20,Unemployed,37617,830.0,No,No,Approved,1898.88,1978,2,Renewal case.
1548,1890408,245,2024-01-09,Self-Employed,243635,692.0,No,Yes,Approved,2578.68,3306,5,
1549,1891454,561,2021-09-02,Student,31982,669.0,No,No,Pending,1638.72,1707,2,Missing bank statements.
1550,1892683,1792,2020-04-27,Retired,126530,626.0,No,No,Approved,4828.32,5748,2,Referred by agent.
1551,1893502,1105,2022-09-11,Student,160444,696.0,No,Yes,Denied,724.8,1208,2,
1552,1895735,1149,2023-02-28,Retired,207697,666.0,Yes,No,Under Review,6922.56,7211,1,Renewal case.
1553,1896093,1754,2023-06-03,Unemployed,311977,711.0,No,No,Denied,3160.08,4788,2,
1554,1896431,508,2020-02-07,Unemployed,240762,754.0,Yes,No,Withdrawn,647.4,0,5,Co-signer pending review.
1555,1897278,740,2021-01-04,Part-Time,77816,766.0,Yes,Yes,Denied,1615.8,2693,3,
1556,1897292,321,2023-03-04,Unemployed,62095,773.0,No,Yes,Denied,3966.6,6010,5,Referred by agent.
1557,1901030,1579,2022-10-07,Retired,56907,723.0,Yes,Yes,Under Review,1770.12,2682,5,Renewal case.
1558,1901261,204,2020-05-30,Unemployed,137440,834.0,Yes,No,Denied,1054.56,1352,2,Applicant follow-up needed
1559,1902227,432,2022-11-03,Self-Employed,135362,825.0,Yes,Yes,Approved,1934.46,2931,2,income verified via Plaid
1560,1902904,1107,2024-09-24,Part-Time,60741,792.0,No,Yes,Withdrawn,1910.4,3184,3,.
1561,1904231,865,2022-05-20,Full-Time,798000,658.0,No,No,Approved,1106.04,1418,4,docs expired
1562,1904884,376,2022-08-22,Unemployed,125449,,No,No,Approved,2451.12,2918,5,Renewal case.
1563,1905584,101,2022-03-16,Contract,44968,719.0,No,Yes,Under Review,2420.04,2881,4,Missing bank statements.
1564,1906015,1075,2023-07-14,Part-Time,153133,842.0,No,Yes,Under Review,3417.96,4382,4,Co-signer pending review.
1565,1907577,1279,2023-08-18,Student,242495,831.0,No,Yes,Approved,3694.08,0,5,
1566,1908771,1262,2023-08-08,Part-Time,84881,551.0,No,Yes,Pending,5814.48,6922,2,
1567,1912163,1054,2023-02-16,Part-Time,50736,487.0,Yes,Yes,Withdrawn,2042.88,2128,3,
1568,1915584,104,2020-01-06,Contract,173786,771.0,No,Yes,Under Review,3096.0,3225,5,Renewal case.
1569,1915922,1535,2020-04-07,Part-Time,139881,402.0,No,Yes,Denied,3742.44,4798,3,
1570,1916200,406,2024-07-25,Self-Employed,66326,829.0,No,No,Approved,3827.88,4557,3,Applicant follow-up needed
1571,1916373,1228,2024-02-14,Contract,164897,682.0,No,No,Approved,739.2,1120,2,
1572,1917386,551,2022-12-01,Self-Employed,226142,720.0,No,No,Denied,3732.3,4785,4,Referred by agent.
1573,1918706,1253,2020-03-07,Contract,110272,,No,No,Pending,3229.2,5382,5,Co-signer pending review.
1574,1918905,756,2023-04-23,Student,247900,705.0,Yes,Yes,Under Review,903.54,1369,1,Missing bank statements.
1575,1919260,363,2021-06-28,Full-Time,34507,650.0,No,No,Approved,846.0,1410,2,Referred by agent.
1576,1920108,997,2024-12-16,Retired,48441,640.0,No,No,Denied,2981.88,4518,5,Renewal case.
1577,1921340,232,2023-02-06,Full-Time,248737,677.0,No,No,Approved,1955.52,2037,4,
1578,1921664,910,2023-08-21,Self-Employed,173363,790.0,No,Yes,Approved,1467.6,2446,5,
1579,1922045,1686,2020-05-20,Full-Time,184152,675.0,No,No,Denied,2496.6,4161,1,
1580,1922112,868,2023-07-16,Contract,167518,751.0,No,No,Under Review,2913.12,3468,4,Applicant provided pay stubs.
1581,1924473,1208,2023-08-31,Part-Time,11450,600.0,No,No,Denied,1824.0,1900,2,Applicant provided pay stubs.
1582,1925984,141,2021-05-26,Part-Time,190601,686.0,No,Yes,Approved,2017.62,3057,1,.
1583,1928094,1160,2023-11-21,Contract,122189,,No,Yes,Denied,2154.6,3591,1,Missing bank statements.
1584,1931930,919,2023-05-03,Self-Employed,227045,799.0,No,No,Denied,718.38,921,5,.
1585,1932946,1255,2023-06-22,Contract,130899,715.0,No,Yes,Denied,6069.0,0,2,Referred by agent.
1586,1934188,306,2023-11-01,Unemployed,99642,721.0,Yes,Yes,Pending,1594.8,2658,4,Renewal case.
1587,1935616,1412,2022-09-04,Full-Time,47115,729.0,No,No,Denied,1516.8,1580,4,.
1588,1935695,516,2023-10-15,Unemployed,19765,607.0,No,No,Approved,1428.0,1700,5,Referred by agent.
1589,1935857,154,2024-07-30,Student,192341,788.0,No,Yes,Denied,1327.68,1383,4,Missing bank statements.
1590,1937101,42,2022-08-18,Part-Time,178638,686.0,No,Yes,Under Review,5457.66,6997,3,
1591,1937417,74,2023-02-22,Self-Employed,319822,741.0,No,No,Pending,5972.4,9954,2,Referred by agent.
1592,1937511,995,2023-07-15,Self-Employed,52141,604.0,No,No,Approved,5733.12,5972,2,
1593,1940363,1098,2022-11-13,Unemployed,19083,,No,No,Withdrawn,3255.84,0,2,
1594,1940378,1021,2020-06-09,Unemployed,141087,625.0,No,Yes,Approved,2354.82,3019,3,
1595,1941049,1393,2020-12-05,Full-Time,109100,702.0,No,No,Denied,3065.4,5109,1,docs expired
1596,1942971,1272,2024-11-05,Full-Time,243933,792.0,No,No,Denied,1726.8,2878,2,Applicant provided pay stubs.
1597,1943421,1358,2023-08-07,Student,132135,787.0,No,No,Denied,3075.54,3943,2,.
1598,1944481,626,2020-12-13,Unemployed,45623,780.0,No,Yes,Approved,1194.6,1991,4,Missing bank statements.
1599,1946507,1785,,Part-Time,231018,604.0,No,Yes,Approved,5309.76,5531,1,.
1600,1946951,1559,2021-01-03,Full-Time,35519,,No,Yes,Pending,1556.16,0,4,Renewal case.
1601,1947092,839,2022-12-10,Full-Time,201407,,No,Yes,Pending,2830.74,4289,2,
1602,1947879,1115,2020-07-08,Student,142440,684.0,No,No,Withdrawn,2381.4,3969,4,Flagged for manual review.
1603,1948970,1040,2020-06-29,Part-Time,102136,342.0,No,No,Denied,2119.26,2717,1,docs expired
1604,1950347,1167,2023-03-17,Full-Time,83666,807.0,Yes,No,Pending,4148.76,6286,3,Applicant provided pay stubs.
1605,1954019,1722,2024-07-04,Full-Time,117725,740.0,No,Yes,Under Review,1010.4,1684,3,
1606,1956214,1081,2022-11-28,Retired,263979,809.0,No,Yes,Pending,5405.76,5631,4,
1607,1956409,139,2021-11-26,Full-Time,78642,752.0,No,No,Approved,5700.48,5938,5,Flagged for manual review.
1608,1956602,1174,2024-02-22,Part-Time,37384,700.0,No,No,Approved,1637.16,1949,5,
1609,1957909,1366,2020-02-04,Unemployed,131784,660.0,Yes,Yes,Pending,4884.48,5088,4,Renewal case.
1610,1962081,818,2022-05-11,Contract,142373,634.0,No,No,Approved,3144.96,4032,4,Applicant provided pay stubs.
1611,1962678,963,2021-12-17,Full-Time,165153,583.0,No,No,Approved,832.32,867,4,Co-signer pending review.
1612,1965328,64,2022-10-02,Retired,63733,659.0,Yes,No,Approved,2248.8,3748,2,income verified via Plaid
1613,1965611,415,2020-08-31,Contract,206186,,No,No,Approved,671.22,1017,5,income verified via Plaid
1614,1966063,1107,2020-04-06,Student,323794,407.0,No,No,Denied,2674.56,3184,3,docs expired
1615,1966833,1344,2023-11-27,Unemployed,248958,693.0,No,No,Pending,2547.6,4246,4,docs expired
1616,1967404,90,2023-02-07,Part-Time,99832,767.0,No,Yes,Pending,4397.4,5235,4,Referred by agent.
1617,1967960,920,2023-03-26,Part-Time,228417,770.0,No,Yes,Approved,2057.4,3429,1,income verified via Plaid
1618,1969583,300,2022-11-19,Retired,18738,788.0,No,Yes,Approved,3876.6,4970,4,Renewal case.
1619,1972455,980,2023-07-31,Full-Time,22474,739.0,No,No,Approved,1291.68,0,2,
1620,1972523,864,2021-01-06,Unemployed,271443,850.0,No,Yes,Approved,6556.68,8406,5,
1621,1972683,677,2020-09-04,Full-Time,66874,,Yes,No,Pending,1096.2,1827,3,Applicant provided pay stubs.
1622,1973186,1168,2024-04-10,Retired,245952,671.0,No,No,Approved,4584.0,4775,2,Referred by agent.
1623,1974533,1196,2023-08-02,Self-Employed,241110,481.0,No,Yes,Pending,2744.28,3267,1,Flagged for manual review.
1624,1975084,804,2022-04-26,Unemployed,40596,598.0,No,No,Approved,2083.62,3157,5,Referred by agent.
1625,1977365,1004,2021-11-16,Self-Employed,153702,731.0,No,Yes,Denied,3607.56,5466,1,Referred by agent.
1626,1978573,1587,2023-03-31,Student,130390,,No,No,Pending,3624.96,3776,2,Referred by agent.
1627,1978714,1655,2021-01-04,Self-Employed,226228,617.0,Yes,Yes,Approved,4549.2,7582,1,Referred by agent.
1628,1979185,613,2020-07-05,Unemployed,48252,749.0,No,No,Withdrawn,4299.36,0,5,
1629,1983750,640,2023-12-19,Student,28063,684.0,No,No,Under Review,2953.08,3786,2,.
1630,1984370,1354,2020-06-04,Self-Employed,153212,665.0,No,Yes,Under Review,1244.4,2074,4,
1631,1984511,269,2020-04-17,Unemployed,25899,780.0,No,No,Approved,1958.4,0,5,Flagged for manual review.
1632,1984848,516,2022-07-16,Part-Time,107349,794.0,No,Yes,Denied,1632.0,1700,2,Flagged for manual review.
1633,1985599,1498,2024-09-27,Contract,75543,827.0,Yes,No,Pending,1869.6,3116,1,Applicant follow-up needed
1634,1986200,652,2022-08-08,Full-Time,225422,589.0,No,No,Denied,3631.68,3783,1,Referred by agent.
1635,1987444,270,2024-05-23,Self-Employed,58452,659.0,No,No,Approved,4048.8,4820,3,docs expired
1636,1988845,1669,,Full-Time,46204,,No,Yes,Approved,1307.04,1556,5,Co-signer pending review.
1637,1989334,377,2024-05-02,Unemployed,86601,,No,No,Approved,1368.0,1425,2,income verified via Plaid
1638,1990080,1191,2020-05-12,Full-Time,249035,710.0,No,No,Approved,827.64,1254,2,Flagged for manual review.
1639,1990228,945,2021-08-18,Unemployed,108126,832.0,No,No,Approved,1100.22,1667,4,
1640,1991658,938,2023-03-05,Unemployed,60709,681.0,No,No,Approved,4352.4,5580,2,docs expired
1641,1992139,92,2023-05-17,Contract,212356,711.0,Yes,Yes,Denied,2466.36,3162,2,Applicant provided pay stubs.
1642,1992470,179,2024-06-02,Retired,161623,665.0,No,Yes,Approved,3299.4,0,1,Renewal case.
1643,1996488,446,2023-05-15,Unemployed,81122,,No,No,Denied,1887.6,3146,3,Renewal case.
1644,1996989,568,2020-07-10,Part-Time,248000,730.0,No,No,Denied,1866.48,0,5,
1645,2000721,553,2023-05-26,Retired,230319,613.0,Yes,Yes,Approved,3242.58,4913,2,
1646,2001832,1480,2020-03-17,Student,245171,700.0,No,No,Under Review,1034.22,1567,2,Co-signer pending review.
1647,2002867,208,2020-02-17,Student,125856,708.0,No,No,Approved,562.98,853,2,
1648,2003482,52,,Retired,50676,,No,No,Approved,3091.14,3963,4,Flagged for manual review.
1649,2005441,84,2021-08-01,Contract,180892,689.0,Yes,No,Approved,4462.8,7438,1,
1650,2005658,445,2021-11-15,Self-Employed,222444,683.0,Yes,No,Denied,1088.34,1649,4,Missing bank statements.
1651,2006083,119,2021-10-21,Part-Time,118651,749.0,No,No,Under Review,3736.2,4790,2,Applicant provided pay stubs.
1652,2006521,780,2020-10-09,Student,73177,640.0,No,Yes,Pending,2123.88,3218,4,
1653,2006550,1553,2024-05-17,Retired,226197,673.0,No,Yes,Pending,2489.76,3192,4,
1654,2009166,30,2022-05-05,Self-Employed,201274,,Yes,Yes,Denied,2976.96,3101,4,Applicant follow-up needed
1655,2010430,1735,2024-07-06,Self-Employed,199632,794.0,No,Yes,Approved,1459.26,2211,2,docs expired
1656,2011435,690,2023-11-03,Student,220415,712.0,No,No,Approved,1290.24,1344,1,docs expired
1657,2015567,437,,Part-Time,217372,,No,No,Denied,1805.1,2735,5,
1658,2017215,88,2022-01-17,Retired,321311,756.0,No,No,Approved,1528.8,1960,1,docs expired
1659,2017337,1434,2023-08-03,Full-Time,95348,721.0,No,Yes,Approved,4210.2,7017,2,Flagged for manual review.
1660,2018148,1532,2020-02-11,Contract,161982,794.0,No,No,Withdrawn,1629.6,2716,5,
1661,2019608,1570,2021-01-16,Retired,246478,,No,No,Denied,1889.4,3149,2,Applicant provided pay stubs.
1662,2022325,564,2023-08-15,Student,75140,731.0,No,Yes,Denied,3112.8,0,5,
1663,2022560,1624,2024-08-08,Part-Time,137259,698.0,No,Yes,Under Review,3898.56,4061,4,.
1664,2023242,534,2023-01-09,Part-Time,32731,813.0,No,Yes,Withdrawn,1964.82,2977,2,Applicant follow-up needed
1665,2026738,59,2024-07-07,Unemployed,82215,,No,Yes,Approved,1967.16,2522,5,Applicant follow-up needed
1666,2031887,169,2022-03-20,Contract,120872,752.0,Yes,No,Approved,2448.0,4080,2,Flagged for manual review.
1667,2031958,1127,2023-12-17,Retired,141480,650.0,No,No,Denied,2304.72,3492,2,Missing bank statements.
1668,2033171,374,2021-07-14,Self-Employed,80590,360.0,No,Yes,Approved,1877.4,0,3,
1669,2035750,768,2022-07-27,Retired,54116,750.0,No,Yes,Under Review,5788.44,6891,3,income verified via Plaid
1670,2036391,303,2020-01-28,Unemployed,184905,,No,Yes,Under Review,5029.44,5239,4,Flagged for manual review.
1671,2037924,1498,2021-04-06,Full-Time,51044,704.0,No,No,Approved,2617.44,3116,4,income verified via Plaid
1672,2038510,1529,2024-05-16,Full-Time,222428,,No,Yes,Under Review,3550.56,4552,5,Co-signer pending review.
1673,2038798,1597,2020-08-29,Part-Time,164556,704.0,No,No,Pending,1556.88,1996,5,Flagged for manual review.
1674,2038968,377,2024-04-30,Retired,242978,721.0,No,Yes,Approved,940.5,1425,2,
1675,2039194,1540,2024-06-21,Part-Time,129223,798.0,Yes,Yes,Under Review,2745.12,3268,3,Missing bank statements.
1676,2040270,154,2021-03-07,Unemployed,139517,605.0,No,Yes,Pending,1161.72,1383,2,docs expired
1677,2040755,1093,2022-11-05,Retired,227561,709.0,No,No,Withdrawn,2384.76,2839,5,Applicant provided pay stubs.
1678,2040847,465,2022-01-27,Full-Time,121109,577.0,Yes,Yes,Approved,1590.12,0,1,
1679,2041280,384,2023-07-13,Part-Time,70384,786.0,No,No,Approved,3822.6,6371,4,
1680,2042859,1585,2021-10-05,Unemployed,238970,775.0,Yes,Yes,Approved,1628.76,1939,2,Applicant follow-up needed
1681,2043186,1789,2024-11-24,Self-Employed,109284,767.0,No,Yes,Denied,2890.56,3011,4,Flagged for manual review.
1682,2043209,1710,2022-06-13,Full-Time,4435,841.0,No,Yes,Denied,5437.44,5664,5,Applicant provided pay stubs.
1683,2043778,1119,2023-07-19,Part-Time,154532,603.0,No,Yes,Approved,2751.84,3276,5,income verified via Plaid
1684,2044165,1782,2021-11-28,Self-Employed,169013,827.0,No,Yes,Pending,4620.72,5924,2,Applicant provided pay stubs.
1685,2045236,259,2022-04-09,Unemployed,222387,749.0,No,No,Approved,2401.2,4002,4,Referred by agent.
1686,2046288,1791,2023-08-26,Unemployed,63282,430.0,No,No,Denied,3432.0,3575,5,
1687,2049963,184,2020-05-02,Retired,79963,678.0,No,Yes,Pending,3515.16,5326,3,income verified via Plaid
1688,2050550,977,2024-04-21,Student,220615,781.0,No,Yes,Approved,2548.92,3862,4,
1689,2053123,366,2020-05-04,Unemployed,102789,777.0,Yes,Yes,Approved,3767.04,3924,2,
1690,2054413,1688,2020-12-13,Retired,107947,832.0,No,No,Pending,2867.52,2987,3,
1691,2056958,1551,2020-09-14,Retired,140955,776.0,Yes,No,Pending,1025.64,1554,2,Flagged for manual review.
1692,2060691,1430,2020-03-06,Part-Time,295776,,Yes,No,Approved,1438.92,1713,2,Renewal case.
1693,2062420,915,2021-01-17,Retired,170214,823.0,No,No,Pending,4241.28,4418,5,Applicant follow-up needed
1694,2063647,1659,2024-07-22,Student,78492,705.0,No,No,Pending,1759.8,2933,3,
1695,2064777,180,,Unemployed,107743,584.0,No,Yes,Pending,1195.8,1993,3,Missing bank statements.
1696,2065774,1066,2023-01-15,Student,179640,795.0,Yes,Yes,Approved,1825.32,2173,1,.
1697,2065987,551,2024-06-27,Student,69061,815.0,No,No,Denied,2871.0,4785,4,
1698,2066789,1562,2020-05-21,Contract,242319,658.0,Yes,Yes,Denied,3303.3,4235,5,
1699,2067638,964,2020-02-05,Unemployed,122304,,No,Yes,Approved,4089.6,4260,3,Referred by agent.
1700,2068281,1590,2024-04-10,Contract,207353,744.0,No,No,Under Review,853.8,1423,5,
1701,2069513,1560,2022-06-24,Self-Employed,230678,720.0,Yes,No,Approved,3532.8,3680,1,Referred by agent.
1702,2071535,375,2023-03-15,Contract,218011,,No,Yes,Approved,1648.2,2747,4,
1703,2078471,1440,2024-11-04,Part-Time,151265,471.0,No,No,Pending,1063.92,1612,5,
1704,2079571,734,2020-04-17,Self-Employed,48593,726.0,No,No,Pending,1601.28,1668,1,Renewal case.
1705,2080561,1089,2021-04-14,Full-Time,242290,395.0,Yes,Yes,Pending,1708.98,2191,2,Flagged for manual review.
1706,2081870,1337,2020-04-12,Unemployed,277871,743.0,No,Yes,Approved,1440.0,2400,2,Missing bank statements.
1707,2082036,236,2022-08-11,Full-Time,89395,761.0,No,Yes,Denied,4432.32,4617,1,Flagged for manual review.
1708,2084703,1675,2024-01-28,Self-Employed,249144,582.0,Yes,No,Denied,1906.56,1986,5,
1709,2085809,843,2024-11-17,Full-Time,152901,642.0,No,No,Approved,1203.72,1433,5,
1710,2086014,1512,,Contract,179088,694.0,No,Yes,Denied,1918.62,2907,4,
1711,2088689,627,2020-06-13,Unemployed,80152,684.0,No,No,Approved,2979.24,4514,1,Flagged for manual review.
1712,2090246,505,2024-02-01,Student,323004,605.0,No,Yes,Approved,9169.92,9552,4,Co-signer pending review.
1713,2091239,1081,2020-06-19,Part-Time,254865,764.0,No,Yes,Denied,4730.04,5631,2,Applicant follow-up needed
1714,2091391,709,,Part-Time,216164,485.0,Yes,No,Denied,1131.0,1885,3,docs expired
1715,2092226,527,2022-11-15,Self-Employed,173394,,No,No,Under Review,1626.24,2464,4,docs expired
1716,2094200,1376,2020-10-01,Contract,205571,574.0,No,No,Denied,1618.32,2452,4,
1717,2096323,720,2020-05-19,Retired,93395,799.0,No,No,Pending,3959.34,0,2,Missing bank statements.
1718,2097943,705,2023-10-24,Self-Employed,119770,791.0,No,Yes,Denied,1859.4,3099,1,
1719,2098543,934,2024-06-20,Unemployed,12281,828.0,No,No,Approved,1213.08,1838,5,Renewal case.
1720,2100151,739,2020-02-28,Part-Time,32586,806.0,No,No,Approved,2468.7,3165,5,
1721,2100857,1149,2021-09-24,Student,49079,795.0,No,Yes,Approved,6057.24,7211,4,Missing bank statements.
1722,2101115,216,2020-09-02,Self-Employed,49172,738.0,No,Yes,Denied,1619.52,1687,3,
1723,2101967,662,2023-01-19,Unemployed,207531,587.0,No,Yes,Approved,1460.16,1521,3,
1724,2104247,853,2021-01-15,Full-Time,110896,758.0,No,No,Approved,1943.7,2945,2,
1725,2104818,750,2021-04-30,Student,3094,687.0,No,No,Denied,3277.68,3902,1,.
1726,2106897,632,2020-10-19,Self-Employed,189879,581.0,No,No,Approved,3643.8,6073,4,Renewal case.
1727,2108424,1758,2020-12-12,Part-Time,203671,428.0,Yes,No,Withdrawn,5778.24,6019,2,Applicant follow-up needed
1728,2110720,113,2021-12-14,Retired,150355,824.0,No,No,Withdrawn,1884.12,2243,2,
1729,2111941,1043,2021-07-24,Unemployed,126566,732.0,No,No,Denied,1875.06,2841,1,Flagged for manual review.
1730,2113290,1173,2020-05-05,Self-Employed,103299,754.0,No,No,Pending,2410.56,2511,3,Missing bank statements.
1731,2113794,277,2020-02-23,Part-Time,22892,,No,No,Approved,4376.4,5210,2,Missing bank statements.
1732,2114013,794,2020-03-09,Unemployed,318388,796.0,No,Yes,Pending,2669.76,2781,5,Missing bank statements.
1733,2115514,1505,2021-06-03,Unemployed,204069,706.0,No,No,Pending,2868.6,3415,1,docs expired
1734,2115915,1154,2024-08-13,Unemployed,88883,613.0,Yes,Yes,Under Review,1635.0,2725,5,Applicant provided pay stubs.
1735,2115974,202,,Full-Time,188233,641.0,No,No,Approved,4634.4,7724,4,Co-signer pending review.
1736,2117184,1786,2021-06-19,Part-Time,162314,681.0,No,Yes,Denied,805.2,1342,3,
1737,2117257,151,2022-12-15,Retired,189111,694.0,Yes,No,Pending,3668.16,3821,5,Applicant provided pay stubs.
1738,2118829,878,2020-11-09,Retired,70339,,No,No,Withdrawn,1218.36,1562,3,income verified via Plaid
1739,2119803,333,2020-10-01,Full-Time,54055,610.0,No,No,Pending,914.1,1385,5,Applicant follow-up needed
1740,2119923,1032,2022-01-29,Part-Time,75823,643.0,No,Yes,Pending,2469.6,2940,1,
1741,2122035,1037,2020-05-10,Unemployed,176942,,No,Yes,Denied,2631.72,3133,2,
1742,2122163,679,2022-01-27,Self-Employed,195641,750.0,No,Yes,Withdrawn,1768.8,2948,2,
1743,2126323,778,2022-10-04,Retired,182864,780.0,No,No,Under Review,1382.7,2095,3,income verified via Plaid
1744,2126714,1132,2024-03-27,Unemployed,137727,529.0,No,No,Pending,3331.02,5047,4,Co-signer pending review.
1745,2126994,1207,2022-03-12,Part-Time,163225,582.0,No,Yes,Denied,1961.4,3269,5,income verified via Plaid
1746,2127363,640,2020-02-16,Contract,39521,598.0,No,Yes,Approved,3634.56,3786,2,
1747,2128776,353,2020-02-08,Part-Time,190028,608.0,No,Yes,Pending,2350.08,2448,4,Missing bank statements.
1748,2132627,1723,2022-04-06,Unemployed,162321,726.0,Yes,No,Approved,1474.2,1755,4,Referred by agent.
1749,2133086,1402,2023-05-13,Unemployed,82937,770.0,No,Yes,Pending,762.72,908,3,
1750,2133644,1206,2021-07-16,Retired,227674,677.0,No,No,Denied,2804.76,3339,4,
1751,2140393,128,2021-10-19,Full-Time,82332,,No,No,Under Review,7369.92,7677,2,Applicant provided pay stubs.
1752,2141822,280,2020-09-13,Self-Employed,43705,446.0,No,Yes,Approved,840.0,1400,5,.
1753,2143389,1538,2023-07-23,Self-Employed,94338,764.0,No,Yes,Approved,1341.6,1720,2,Referred by agent.
1754,2143409,1197,2022-07-25,Part-Time,148788,849.0,No,No,Approved,1520.64,2304,2,Missing bank statements.
1755,2145377,550,2022-04-23,Part-Time,185731,719.0,No,Yes,Withdrawn,1843.92,2364,5,
1756,2145638,644,2021-06-28,Self-Employed,141000,701.0,No,Yes,Approved,3450.24,3594,5,Co-signer pending review.
1757,2147852,1335,2021-04-14,Contract,141409,657.0,No,No,Approved,7174.08,7473,5,Missing bank statements.
1758,2150204,700,2023-01-19,Retired,189686,671.0,Yes,No,Approved,1406.4,2344,4,Applicant provided pay stubs.
1759,2151758,1029,2020-12-29,Student,161975,717.0,No,No,Approved,1374.78,2083,5,docs expired
1760,2152790,156,2022-06-19,Contract,118485,795.0,No,No,Withdrawn,4115.52,4287,3,
1761,2153288,1553,2023-03-19,Contract,35359,662.0,No,Yes,Denied,2106.72,3192,4,
1762,2154868,809,2024-12-02,Full-Time,146651,751.0,No,Yes,Approved,953.7,1445,4,Renewal case.
1763,2157024,1775,2024-09-27,Self-Employed,76105,654.0,No,Yes,Denied,918.06,1391,5,
1764,2158621,12,2022-11-17,Full-Time,28159,,No,No,Denied,1104.0,1840,2,
1765,2158946,1507,2022-04-05,Contract,255591,655.0,No,No,Pending,2498.16,2974,4,Co-signer pending review.
1766,2160060,1018,2020-05-11,Part-Time,61805,417.0,No,Yes,Under Review,5981.04,7668,2,Applicant provided pay stubs.
1767,2160253,1194,2022-09-27,Retired,109047,751.0,No,No,Pending,2458.68,2927,1,income verified via Plaid
1768,2162245,1570,,Student,168669,848.0,Yes,No,Denied,1190.4,1240,5,income verified via Plaid
1769,2162253,726,2020-06-09,Self-Employed,39678,,No,No,Approved,1141.2,1902,4,
1770,2162571,1376,2024-06-14,Full-Time,242608,,No,Yes,Withdrawn,2059.68,2452,5,docs expired
1771,2163145,1604,2022-04-07,Retired,144341,731.0,No,No,Approved,3805.62,4879,1,Co-signer pending review.
1772,2164194,1002,2020-07-21,Self-Employed,76503,790.0,No,Yes,Approved,4987.8,8313,5,Flagged for manual review.
1773,2164761,1550,2023-07-10,Self-Employed,235541,664.0,No,Yes,Denied,3484.26,4467,2,Applicant provided pay stubs.
1774,2164962,1695,2021-09-07,Retired,156799,737.0,No,No,Denied,4281.48,5097,3,Co-signer pending review.
1775,2173341,1708,2022-02-27,Full-Time,193620,735.0,No,No,Denied,2969.28,3093,2,
1776,2173423,374,,Retired,996000,417.0,No,Yes,Withdrawn,1341.0,2235,2,Flagged for manual review.
1777,2176400,872,2023-05-12,Student,219288,713.0,Yes,No,Approved,1573.26,2017,1,Flagged for manual review.
1778,2178949,511,2022-03-17,Retired,186057,320.0,No,No,Denied,3450.6,5751,1,Flagged for manual review.
1779,2181531,612,2024-07-26,Part-Time,116770,,No,Yes,Denied,4708.8,7848,2,Referred by agent.
1780,2181663,1417,2021-11-24,Self-Employed,152715,362.0,No,Yes,Approved,3402.3,5155,1,Applicant follow-up needed
1781,2183226,558,2021-10-11,Self-Employed,120932,615.0,No,No,Pending,4006.08,4173,3,docs expired
1782,2183485,418,2024-05-27,Contract,66444,516.0,Yes,Yes,Approved,2898.0,3450,3,Applicant provided pay stubs.
1783,2184240,448,2023-08-13,Contract,18394,798.0,No,Yes,Pending,1643.46,2107,4,Flagged for manual review.
1784,2188454,1191,2023-06-11,Self-Employed,150484,539.0,Yes,Yes,Approved,752.4,1254,5,Co-signer pending review.
1785,2189085,539,2024-02-21,Retired,112890,831.0,No,No,Approved,2994.42,4537,1,
1786,2191576,1223,2021-09-26,Student,118727,770.0,No,Yes,Approved,3113.22,4717,5,Referred by agent.
1787,2193825,1096,2022-01-17,Part-Time,144277,807.0,No,Yes,Approved,1672.44,2534,1,Missing bank statements.
1788,2195230,1247,2022-03-28,Part-Time,229197,712.0,No,No,Approved,3829.02,4909,2,
1789,2195352,1131,2021-10-01,Student,238760,792.0,No,Yes,Approved,1102.86,1671,3,income verified via Plaid
1790,2195541,141,2022-09-02,Student,92530,836.0,No,No,Approved,2567.88,3057,2,
1791,2196614,1773,2020-12-06,Retired,88835,843.0,No,No,Approved,4751.04,4949,4,Missing bank statements.
1792,2197320,495,2022-06-06,Student,248115,590.0,No,No,Approved,999.0,1665,5,
1793,2197597,13,2022-10-22,Student,191700,826.0,No,No,Denied,2097.0,3495,5,
1794,2200237,541,2024-09-05,Part-Time,137002,706.0,No,No,Under Review,3028.2,5047,5,Applicant follow-up needed
1795,2203033,1165,2022-09-20,Unemployed,127692,699.0,No,No,Denied,855.36,891,5,
1796,2204089,579,2024-12-13,Part-Time,225942,686.0,No,Yes,Pending,4918.2,5855,1,Missing bank statements.
1797,2204424,81,2023-02-02,Part-Time,223074,563.0,No,No,Pending,3061.44,3189,1,
1798,2204979,1347,2022-01-06,Retired,221228,555.0,No,No,Approved,676.2,805,1,
1799,2205549,850,2024-09-14,Contract,59394,796.0,No,No,Approved,2370.42,3039,4,
1800,2208023,196,2024-01-05,Contract,127673,574.0,Yes,Yes,Approved,7880.64,8209,1,Applicant follow-up needed
1801,2210091,1439,2022-08-05,Retired,51344,705.0,No,No,Approved,2698.8,3460,3,income verified via Plaid
1802,2211018,352,2023-02-14,Full-Time,157718,,No,Yes,Withdrawn,2278.08,2373,1,Applicant provided pay stubs.
1803,2211934,1515,2024-01-09,Part-Time,199073,672.0,No,Yes,Pending,1101.54,1669,4,Renewal case.
1804,2212040,378,2024-11-16,Unemployed,145295,714.0,No,Yes,Under Review,1826.88,1903,3,income verified via Plaid
1805,2216292,257,2021-05-23,Part-Time,163763,698.0,No,Yes,Approved,2525.4,4209,2,
1806,2216834,1747,2021-04-08,Self-Employed,91332,748.0,No,Yes,Approved,4595.76,5892,4,Applicant provided pay stubs.
1807,2218445,1126,2023-12-08,Part-Time,188392,803.0,No,No,Approved,3109.44,3239,1,
1808,2221269,355,2020-07-24,Self-Employed,186455,734.0,No,No,Pending,7762.56,8086,4,
1809,2223241,538,2021-04-21,Student,235156,675.0,Yes,Yes,Denied,2690.22,3449,5,
1810,2224050,490,2023-05-17,Student,55499,835.0,No,Yes,Approved,5639.04,5874,1,Applicant follow-up needed
1811,2225622,1419,2020-01-26,Retired,200200,784.0,Yes,No,Approved,3387.84,0,5,Co-signer pending review.
1812,2226205,1694,2022-03-12,Self-Employed,109250,632.0,Yes,No,Denied,1795.56,2302,5,
1813,2226989,763,2024-10-30,Full-Time,230024,725.0,No,Yes,Denied,6011.46,7707,4,
1814,2231125,711,2024-02-15,Part-Time,150418,693.0,No,No,Approved,655.38,993,5,Missing bank statements.
1815,2233437,1214,2020-06-28,Student,234692,585.0,No,No,Denied,558.36,846,4,income verified via Plaid
1816,2234047,972,2022-11-29,Full-Time,223595,750.0,No,No,Approved,1786.62,2707,1,
1817,2234605,840,2020-12-15,Self-Employed,81310,,No,No,Approved,1668.6,2781,2,Applicant follow-up needed
1818,2238620,1152,2021-01-11,Contract,104930,729.0,No,Yes,Approved,5432.64,5659,5,.
1819,2238747,941,2021-02-09,Self-Employed,101558,722.0,No,Yes,Denied,1715.4,2859,5,Applicant provided pay stubs.
1820,2240749,906,2023-04-24,Part-Time,203296,707.0,No,No,Approved,5464.32,5692,3,Flagged for manual review.
1821,2242399,1191,2020-08-31,Unemployed,169733,661.0,No,No,Approved,1053.36,1254,1,Applicant follow-up needed
1822,2243149,524,2024-06-08,Student,119255,796.0,No,No,Pending,3024.84,3601,4,Co-signer pending review.
1823,2249257,990,2020-01-17,Contract,22334,772.0,No,No,Approved,1671.78,2533,1,Co-signer pending review.
1824,2251683,836,2021-07-08,Retired,169220,807.0,No,Yes,Denied,2920.5,4425,4,docs expired
1825,2253400,242,2022-01-21,Unemployed,121035,760.0,No,Yes,Denied,2370.24,2469,4,Applicant follow-up needed
1826,2253657,1457,2020-09-29,Contract,60473,618.0,No,No,Approved,5361.18,8123,5,Co-signer pending review.
1827,2253823,1048,2021-03-17,Student,306924,751.0,No,No,Approved,4804.8,8008,3,
1828,2255628,1121,2020-05-27,Self-Employed,301679,789.0,No,No,Approved,1173.6,1956,2,
1829,2255846,566,2023-09-11,Part-Time,58460,847.0,No,No,Under Review,1268.4,1510,3,
1830,2256928,1697,2021-03-03,Part-Time,154207,726.0,Yes,No,Approved,1329.9,1705,1,
1831,2257559,226,2024-06-17,Student,156322,847.0,No,Yes,Withdrawn,1483.2,1545,2,Referred by agent.
1832,2257789,1481,2023-06-22,Contract,222671,759.0,No,No,Denied,1250.76,1489,5,income verified via Plaid
1833,2259184,1744,2021-04-22,Student,222010,748.0,No,Yes,Denied,7486.08,7798,1,Missing bank statements.
1834,2260956,596,2024-05-30,Full-Time,64382,352.0,No,No,Denied,3513.6,3660,4,Applicant provided pay stubs.
1835,2263502,1284,2023-10-26,Full-Time,38443,742.0,No,Yes,Approved,3352.8,5588,3,
1836,2264033,1205,2022-06-05,Retired,82369,724.0,No,No,Approved,2829.0,4715,5,Missing bank statements.
1837,2267963,803,,Unemployed,84781,625.0,No,Yes,Approved,6559.8,8410,5,
1838,2269278,1214,2022-04-25,Unemployed,108300,818.0,No,No,Pending,659.88,846,4,docs expired
1839,2269998,1212,2024-12-20,Contract,37544,324.0,No,No,Denied,952.38,1443,1,Referred by agent.
1840,2272104,633,2022-11-08,Unemployed,123638,822.0,No,No,Approved,3639.48,4666,1,Applicant follow-up needed
1841,2272337,716,2023-10-29,Retired,23913,789.0,No,No,Withdrawn,2260.44,2898,2,docs expired
1842,2273839,774,2024-07-06,Unemployed,90983,771.0,No,No,Pending,2363.4,3939,5,Referred by agent.
1843,2274431,1067,2022-05-14,Student,170828,590.0,No,No,Approved,2258.88,2896,5,income verified via Plaid
1844,2278602,231,2020-12-18,Full-Time,139735,783.0,No,No,Approved,4812.06,7291,2,.
1845,2279947,1128,2021-01-09,Full-Time,26021,712.0,No,No,Approved,5713.92,5952,5,income verified via Plaid
1846,2282089,152,2021-10-25,Retired,38982,382.0,No,No,Under Review,1563.54,2369,4,
1847,2284538,1502,2020-09-01,Unemployed,234910,,No,No,Approved,2289.3,2935,3,Referred by agent.
1848,2287015,465,,Self-Employed,46939,744.0,No,No,Approved,1817.28,1893,4,Renewal case.
1849,2288399,1672,2020-12-24,Self-Employed,44977,567.0,Yes,Yes,Denied,1880.4,3134,3,Co-signer pending review.
1850,2289416,1637,2023-07-28,Part-Time,129345,786.0,No,No,Approved,2810.4,4684,3,docs expired
1851,2290008,1654,2023-05-30,Unemployed,202485,695.0,No,No,Denied,2903.04,3456,3,
1852,2291905,1653,2022-04-03,Student,206191,762.0,Yes,Yes,Approved,1443.96,1719,4,Renewal case.
1853,2292661,1586,2022-01-03,Unemployed,140910,710.0,No,No,Approved,3695.34,0,1,Flagged for manual review.
1854,2293660,1798,2021-06-17,Contract,177906,,No,Yes,Denied,4156.8,6928,2,Renewal case.
1855,2293674,679,2021-12-14,Full-Time,224925,650.0,No,No,Pending,1945.68,2948,2,Applicant follow-up needed
1856,2295147,1641,2024-11-13,Unemployed,299042,665.0,No,No,Denied,3647.4,6079,1,Co-signer pending review.
1857,2298363,946,2023-05-22,Full-Time,86933,729.0,Yes,No,Approved,4659.6,7766,1,
1858,2298750,995,2024-12-03,Retired,156567,715.0,Yes,Yes,Approved,5016.48,5972,3,Referred by agent.
1859,2298805,362,2022-09-13,Self-Employed,111215,584.0,No,Yes,Approved,2139.72,3242,4,
1860,2300853,1010,2021-04-30,Unemployed,162057,647.0,No,Yes,Approved,660.0,1100,1,Applicant follow-up needed
1861,2301826,320,2024-10-07,Contract,172116,681.0,No,Yes,Approved,2719.68,2833,4,income verified via Plaid
1862,2304066,714,2020-08-16,Contract,207844,692.0,No,Yes,Approved,3783.0,4850,3,Flagged for manual review.
1863,2306980,1360,2020-05-17,Part-Time,178269,729.0,No,No,Approved,898.8,1498,1,
1864,2307199,116,2021-08-14,Contract,107905,701.0,No,Yes,Pending,3610.56,3761,5,Missing bank statements.
1865,2307317,1460,2021-05-17,Self-Employed,29032,326.0,Yes,Yes,Approved,1084.38,1643,5,Applicant provided pay stubs.
1866,2308161,932,2022-04-30,Student,164970,729.0,No,Yes,Approved,4534.92,5814,3,
1867,2309020,1086,2021-10-25,Student,96244,715.0,No,No,Approved,2928.0,4880,1,Flagged for manual review.
1868,2311678,1693,2023-04-11,Contract,143237,,No,Yes,Approved,1517.88,1807,1,Missing bank statements.
1869,2311991,119,2021-08-29,Unemployed,241264,726.0,No,No,Denied,4023.6,4790,4,docs expired
1870,2312696,637,2024-05-23,Full-Time,37707,835.0,No,No,Approved,2541.24,3258,3,Renewal case.
1871,2314964,863,2022-07-23,Retired,85567,594.0,Yes,Yes,Denied,1055.04,1256,2,Applicant provided pay stubs.
1872,2316114,1419,,Retired,121800,706.0,Yes,Yes,Approved,2329.14,3529,3,
1873,2316820,274,2024-08-20,Unemployed,79927,,No,No,Approved,4044.48,4213,1,Renewal case.
1874,2319753,656,2022-06-01,Full-Time,229707,673.0,No,No,Approved,3054.0,5090,3,
1875,2320095,1312,2022-03-09,Student,37428,834.0,No,No,Approved,582.0,970,3,Referred by agent.
1876,2321224,111,2021-04-14,Self-Employed,221704,794.0,No,Yes,Approved,1363.56,0,5,
1877,2322083,1503,2022-03-20,Part-Time,246477,685.0,No,Yes,Approved,1822.2,3037,5,
1878,2322092,962,2023-04-19,Unemployed,165175,393.0,No,Yes,Approved,701.4,1169,4,Applicant follow-up needed
1879,2325593,1631,2024-01-24,Student,20741,644.0,No,No,Pending,3906.24,4069,1,Applicant provided pay stubs.
1880,2328813,606,2021-11-23,Self-Employed,34873,772.0,No,Yes,Pending,1684.02,2159,4,Referred by agent.
1881,2329952,847,2023-10-24,Full-Time,211878,790.0,Yes,Yes,Pending,3393.6,5656,5,Applicant provided pay stubs.
1882,2331645,1094,2023-10-04,Self-Employed,55411,610.0,No,No,Denied,2328.0,3880,5,Applicant follow-up needed
1883,2331890,171,2020-04-13,Unemployed,59931,813.0,Yes,No,Approved,3948.36,5062,1,Co-signer pending review.
1884,2332142,956,2021-10-28,Student,226508,746.0,Yes,Yes,Approved,2082.6,3471,1,.
1885,2333745,401,2023-10-05,Self-Employed,75316,707.0,Yes,Yes,Approved,4293.3,6505,5,
1886,2334255,937,2020-12-31,Self-Employed,125545,809.0,No,Yes,Approved,2222.22,2849,5,Applicant provided pay stubs.
1887,2335060,641,2020-11-06,Unemployed,134729,374.0,No,No,Approved,2443.2,2545,3,
1888,2335115,426,2023-03-05,Retired,114798,614.0,No,No,Denied,5232.0,5450,1,
1889,2335951,1139,2020-08-06,Self-Employed,48029,738.0,No,Yes,Approved,6480.96,6751,3,Missing bank statements.
1890,2336696,1409,2023-04-27,Self-Employed,59411,795.0,No,Yes,Approved,2761.08,3287,3,docs expired
1891,2336966,715,2023-11-22,Part-Time,108260,791.0,No,No,Denied,1903.68,1983,2,docs expired
1892,2337446,1285,2023-04-03,Retired,108074,400.0,No,No,Pending,4075.2,4245,1,Applicant follow-up needed
1893,2337882,282,2023-05-04,Unemployed,166530,673.0,No,No,Denied,989.04,1268,4,
1894,2339023,1392,,Part-Time,220910,630.0,Yes,No,Denied,6624.54,8493,2,
1895,2339224,1611,2020-05-26,Contract,19586,682.0,No,No,Approved,4294.68,5506,4,income verified via Plaid
1896,2339298,198,2021-09-28,Student,70613,730.0,No,Yes,Withdrawn,2242.8,0,5,
1897,2340421,659,2022-08-01,Retired,149275,,No,No,Denied,4920.24,6308,1,
1898,2342092,1236,2022-06-05,Unemployed,174431,385.0,No,No,Denied,2104.32,2192,3,Renewal case.
1899,2343323,426,,Self-Employed,122771,675.0,No,Yes,Denied,3597.0,5450,5,
1900,2344835,1303,2022-12-04,Contract,89093,743.0,No,No,Denied,5998.08,0,4,Flagged for manual review.
1901,2345127,1551,2021-05-12,Student,115207,603.0,No,Yes,Approved,2887.68,3008,4,docs expired
1902,2345716,599,2024-03-17,Unemployed,312687,684.0,No,No,Approved,923.34,1399,1,
1903,2346049,834,2024-06-13,Part-Time,104781,564.0,No,No,Approved,982.8,1260,5,Applicant follow-up needed
1904,2346064,188,2021-07-15,Full-Time,59309,522.0,Yes,Yes,Denied,1287.36,1341,4,Applicant follow-up needed
1905,2346691,971,2024-05-09,Self-Employed,60672,597.0,No,No,Denied,1866.48,2222,5,
1906,2348817,979,2022-03-10,Contract,153199,825.0,No,Yes,Approved,1614.48,1922,2,income verified via Plaid
1907,2348939,1085,2022-03-20,Unemployed,115897,624.0,No,No,Approved,2934.0,4890,3,Missing bank statements.
1908,2350317,1170,2023-04-18,Retired,78527,620.0,No,No,Withdrawn,2519.04,2624,4,
1909,2350591,105,2022-08-12,Self-Employed,130078,703.0,No,No,Under Review,3428.4,5714,5,Flagged for manual review.
1910,2351035,610,2021-04-01,Self-Employed,119736,691.0,Yes,Yes,Denied,1298.4,2164,5,Referred by agent.
1911,2351048,384,,Student,153490,430.0,No,Yes,Denied,3822.6,6371,4,Flagged for manual review.
1912,2351650,1748,2021-12-10,Student,65950,777.0,No,Yes,Approved,1265.88,1507,4,
1913,2352669,1726,2023-09-16,Retired,116073,744.0,No,Yes,Pending,2998.8,3570,2,Referred by agent.
1914,2352682,572,2021-11-07,Contract,59472,,No,Yes,Approved,858.0,1300,4,Applicant provided pay stubs.
1915,2354033,9,,Contract,187106,590.0,No,No,Approved,1575.36,1641,5,Applicant follow-up needed
1916,2354982,1662,2024-12-15,Student,147951,707.0,No,No,Denied,4882.02,6259,4,Referred by agent.
1917,2356412,1659,,Retired,56124,,No,Yes,Withdrawn,2287.74,2933,1,
1918,2357319,568,2022-04-10,Student,103325,687.0,No,Yes,Approved,1696.8,2828,4,
1919,2358342,1420,2023-02-15,Part-Time,322693,736.0,Yes,No,Withdrawn,3012.24,4564,1,Applicant provided pay stubs.
1920,2359143,1396,2022-04-04,Self-Employed,28072,755.0,Yes,Yes,Withdrawn,2458.56,3152,1,Applicant provided pay stubs.
1921,2360625,1599,2024-09-10,Unemployed,83545,802.0,No,No,Under Review,2168.1,0,3,income verified via Plaid
1922,2364037,1505,2020-04-29,Self-Employed,19574,695.0,No,Yes,Denied,3278.4,3415,5,Applicant follow-up needed
1923,2365593,165,2023-01-18,Retired,65452,740.0,No,Yes,Withdrawn,1525.92,2312,2,Missing bank statements.
1924,2366642,1276,2020-06-14,Self-Employed,52220,520.0,No,No,Denied,1862.28,2217,2,Applicant provided pay stubs.
1925,2368375,1094,2024-12-18,Retired,161541,848.0,Yes,Yes,Approved,1432.86,2171,1,docs expired
1926,2373354,318,2024-10-13,Self-Employed,143656,514.0,No,No,Under Review,1168.32,1217,1,Flagged for manual review.
1927,2373423,1167,2022-09-02,Self-Employed,98612,776.0,Yes,No,Denied,4903.08,6286,5,
1928,2374552,462,2020-06-17,Self-Employed,39483,825.0,No,Yes,Approved,1414.8,2358,3,
1929,2374657,1598,2021-04-22,Self-Employed,72863,676.0,Yes,No,Denied,2537.34,3253,4,Flagged for manual review.
1930,2375311,149,2022-07-30,Part-Time,249866,611.0,No,No,Approved,1031.4,1719,5,
1931,2376283,213,2022-04-21,Student,211303,580.0,No,Yes,Approved,4474.08,5736,4,docs expired
1932,2376953,1037,2022-03-29,Retired,52266,,No,No,Approved,1879.8,3133,3,docs expired
1933,2377244,511,2023-04-14,Retired,268151,793.0,No,Yes,Pending,3450.6,5751,1,Co-signer pending review.
1934,2377651,21,2024-10-03,Contract,239187,820.0,No,No,Approved,697.32,894,1,docs expired
1935,2377885,334,2024-10-14,Retired,45464,591.0,No,No,Approved,2933.58,3761,5,Renewal case.
1936,2378557,421,2022-06-29,Part-Time,69241,580.0,No,No,Pending,1904.28,0,1,
1937,2379020,422,2022-12-09,Full-Time,221801,646.0,No,No,Approved,642.0,1070,2,Applicant provided pay stubs.
1938,2379133,1116,2021-08-17,Unemployed,246153,800.0,No,No,Approved,3435.96,5206,5,
1939,2379550,1607,2023-01-06,Retired,81525,699.0,No,No,Approved,3515.4,4185,5,.
1940,2385241,1674,2020-04-24,Retired,172119,730.0,No,Yes,Denied,1177.8,1510,2,Flagged for manual review.
1941,2385347,1638,2020-10-05,Part-Time,90978,676.0,No,No,Approved,10111.68,10533,5,Renewal case.
1942,2387646,1515,,Student,31711,667.0,No,Yes,Approved,1101.54,1669,3,Missing bank statements.
1943,2391001,370,2024-12-24,Unemployed,102658,646.0,No,No,Approved,4347.84,4529,4,Missing bank statements.
1944,2392291,1661,2023-09-08,Retired,75466,,No,Yes,Approved,2887.56,3702,5,income verified via Plaid
1945,2393557,798,2024-04-01,Student,229800,767.0,Yes,Yes,Approved,2845.44,3648,3,.
1946,2395185,1251,2023-10-19,Part-Time,134107,662.0,No,No,Approved,4105.14,5263,5,
1947,2397613,1326,2021-04-09,Contract,69419,515.0,No,Yes,Pending,2714.88,2828,5,Renewal case.
1948,2397892,696,2022-01-19,Part-Time,5738,738.0,No,Yes,Denied,3149.52,4772,4,Missing bank statements.
1949,2400118,1023,2023-09-09,Retired,51590,749.0,No,No,Pending,632.4,1054,1,Flagged for manual review.
1950,2400165,1104,2020-03-07,Part-Time,151850,683.0,No,No,Approved,3528.96,3676,3,docs expired
1951,2400751,634,2021-04-11,Self-Employed,92282,552.0,No,Yes,Approved,1204.56,1434,2,Flagged for manual review.
1952,2401032,206,2022-03-13,Student,184324,682.0,No,No,Withdrawn,2804.88,3596,3,Co-signer pending review.
1953,2403128,724,2021-10-30,Self-Employed,18484,592.0,No,Yes,Approved,1639.2,2732,5,Referred by agent.
1954,2404876,1453,2024-06-16,Self-Employed,223276,753.0,No,Yes,Approved,2877.12,2997,3,docs expired
1955,2405716,1638,2020-12-07,Retired,161298,756.0,No,Yes,Denied,8847.72,10533,3,
1956,2409877,994,2020-03-13,Unemployed,141100,,Yes,No,Denied,1632.0,1700,3,
1957,2411596,1752,2021-04-12,Full-Time,184830,677.0,Yes,Yes,Approved,1210.2,2017,5,Applicant follow-up needed
1958,2412581,225,2020-10-18,Student,24896,816.0,No,Yes,Approved,1064.4,1774,5,Applicant follow-up needed
1959,2414638,1180,2020-06-21,Retired,109193,,No,No,Withdrawn,3510.54,5319,1,docs expired
1960,2415953,991,2023-07-30,Student,34338,718.0,No,No,Approved,2336.64,2434,5,Renewal case.
1961,2417628,769,2021-07-20,Full-Time,94959,627.0,No,Yes,Denied,3444.0,5740,1,
1962,2418046,1679,2022-05-29,Full-Time,91450,725.0,No,Yes,Approved,4256.64,4434,2,.
1963,2422062,237,2023-05-24,Retired,133626,329.0,No,Yes,Pending,3263.52,4184,3,
1964,2422567,1566,2020-08-03,Self-Employed,137758,762.0,No,Yes,Approved,1016.4,1694,1,.
1965,2424253,141,,Part-Time,20312,686.0,No,No,Pending,2017.62,3057,1,income verified via Plaid
1966,2424441,148,,Contract,143535,692.0,No,Yes,Denied,819.0,975,1,
1967,2428124,1437,2020-06-26,Full-Time,193377,822.0,No,No,Pending,3278.88,4968,5,Referred by agent.
1968,2430300,127,2020-08-26,Contract,83860,801.0,No,Yes,Withdrawn,775.8,1293,5,Applicant follow-up needed
1969,2430694,767,2024-01-01,Full-Time,78344,779.0,No,No,Approved,2146.2,2555,5,Co-signer pending review.
1970,2431618,293,,Unemployed,220110,532.0,No,No,Denied,2920.32,3042,1,Referred by agent.
1971,2431695,1653,2022-01-11,Student,191315,839.0,Yes,Yes,Denied,2815.68,2933,2,Missing bank statements.
1972,2432426,1191,2022-12-17,Contract,154548,709.0,Yes,Yes,Approved,827.64,1254,2,Missing bank statements.
1973,2433463,1466,2020-01-13,Student,178525,,No,No,Approved,789.36,1196,3,income verified via Plaid
1974,2433722,834,2022-07-04,Unemployed,113189,823.0,Yes,No,Pending,756.0,1260,5,income verified via Plaid
1975,2434032,322,2024-10-12,Retired,11208,774.0,No,Yes,Pending,2717.22,4117,3,Flagged for manual review.
1976,2435138,1060,2024-12-25,Full-Time,165507,744.0,No,Yes,Withdrawn,1820.94,2759,3,
1977,2435197,493,2020-08-22,Student,244034,742.0,No,No,Denied,4990.8,8318,1,Missing bank statements.
1978,2435259,1179,2022-12-30,Student,134503,,No,Yes,Denied,5030.22,6449,1,
1979,2439597,1083,2022-10-01,Retired,284628,,No,Yes,Approved,7299.24,9358,4,Co-signer pending review.
1980,2440799,148,2023-10-12,Retired,141745,,No,Yes,Approved,819.0,975,5,
1981,2441229,45,2020-05-12,Full-Time,97219,694.0,No,No,Approved,2387.58,3061,3,Missing bank statements.
1982,2441604,1402,,Full-Time,136654,582.0,No,Yes,Approved,599.28,908,3,Co-signer pending review.
1983,2441635,307,2022-09-16,Retired,217083,605.0,No,No,Approved,6513.36,7754,2,income verified via Plaid
1984,2442344,683,2021-06-21,Student,137812,,No,No,Approved,1649.4,2749,5,Co-signer pending review.
1985,2442417,978,2023-04-03,Student,214454,704.0,No,Yes,Approved,832.92,1262,5,Flagged for manual review.
1986,2442564,1417,2020-10-15,Contract,188709,779.0,No,No,Approved,4330.2,5155,1,
1987,2442668,263,2024-05-15,Full-Time,51917,,Yes,Yes,Withdrawn,902.22,1367,2,
1988,2442967,3,2020-12-27,Contract,69261,738.0,Yes,No,Denied,1112.28,1426,4,income verified via Plaid
1989,2443546,1203,2023-03-23,Self-Employed,293023,,No,Yes,Approved,1918.08,1998,2,
1990,2445664,928,2023-08-03,Student,103497,740.0,No,Yes,Approved,1265.94,1623,5,.
1991,2449105,1449,2020-11-01,Self-Employed,125317,,No,Yes,Approved,2949.18,3781,4,
1992,2451072,470,2020-05-30,Retired,98504,743.0,Yes,No,Approved,3735.6,6226,3,.
1993,2451212,247,2023-06-15,Self-Employed,138700,674.0,No,No,Denied,814.8,1358,1,Applicant follow-up needed
1994,2451881,766,2021-07-21,Contract,187246,801.0,Yes,No,Denied,4818.24,5019,1,
1995,2451996,799,2024-09-22,Contract,131877,677.0,No,Yes,Approved,1982.76,2542,5,Applicant provided pay stubs.
1996,2452832,1443,2022-10-03,Student,166578,817.0,No,No,Approved,1112.4,1854,4,Missing bank statements.
1997,2455835,1462,2021-11-28,Part-Time,234466,843.0,Yes,Yes,Approved,1205.1,1545,1,Missing bank statements.
1998,2456482,88,2020-02-08,Retired,85192,776.0,No,Yes,Approved,1176.0,1960,5,Applicant follow-up needed
1999,2456992,389,2020-03-27,Self-Employed,235272,729.0,No,Yes,Pending,3457.2,0,1,Flagged for manual review.
2000,2458294,470,2024-10-14,Student,145463,,Yes,Yes,Denied,4856.28,6226,2,
2001,2458418,677,2020-04-27,Part-Time,247406,693.0,No,No,Withdrawn,1534.68,1827,2,
2002,2460700,1569,2020-08-23,Unemployed,124032,738.0,Yes,Yes,Denied,1264.2,1505,5,Renewal case.
2003,2460899,520,2021-04-15,Full-Time,86522,714.0,No,No,Pending,3175.26,4811,5,
2004,2460958,527,2024-12-26,Contract,80843,765.0,No,No,Approved,1478.4,2464,3,income verified via Plaid
2005,2462885,1196,2021-03-13,Retired,213572,797.0,Yes,No,Denied,1960.2,3267,4,Flagged for manual review.
2006,2462929,1542,2020-11-10,Full-Time,79839,736.0,No,No,Approved,499.8,833,2,.
2007,2463574,868,2022-04-16,Retired,151260,773.0,No,Yes,Under Review,2288.88,3468,2,Renewal case.
2008,2465906,81,2022-02-18,Retired,98119,675.0,No,No,Under Review,2104.74,3189,4,income verified via Plaid
2009,2466494,287,2024-03-28,Retired,81570,517.0,No,No,Denied,4344.6,5570,2,
2010,2469943,868,2021-07-23,Part-Time,104154,823.0,No,No,Under Review,2913.12,3468,4,income verified via Plaid
2011,2469975,840,2021-02-28,Student,12745,781.0,No,No,Approved,1668.6,2781,5,Missing bank statements.
2012,2474254,1068,2022-05-21,Retired,237357,626.0,No,Yes,Withdrawn,3534.3,5355,4,.
2013,2474759,301,2024-11-08,Full-Time,163637,645.0,No,No,Denied,1997.52,2378,5,Missing bank statements.
2014,2477440,88,2023-05-09,Contract,243361,798.0,No,Yes,Denied,1176.0,1960,2,Missing bank statements.
2015,2477470,950,2024-03-03,Full-Time,201397,,No,Yes,Withdrawn,3227.64,4138,1,Applicant provided pay stubs.
2016,2477601,456,2023-12-24,Retired,107531,623.0,Yes,No,Approved,672.0,0,1,Applicant provided pay stubs.
2017,2478950,1186,2022-05-08,Unemployed,216268,555.0,No,No,Withdrawn,5378.88,5603,2,
2018,2480181,1660,2022-07-14,Part-Time,248000,730.0,No,No,Approved,879.0,1465,2,Applicant provided pay stubs.
2019,2481013,216,2021-01-20,Part-Time,75557,735.0,No,Yes,Denied,1417.08,0,2,
2020,2481315,1403,2023-08-30,Unemployed,78441,838.0,Yes,No,Approved,1978.08,2536,4,
2021,2482243,757,2021-02-06,Self-Employed,67613,758.0,Yes,No,Approved,2492.28,2967,3,income verified via Plaid
2022,2482390,307,2023-03-21,Retired,118989,364.0,No,Yes,Denied,6513.36,7754,4,Applicant provided pay stubs.
2023,2484191,966,2022-10-31,Student,27045,746.0,No,Yes,Approved,5015.64,0,2,income verified via Plaid
2024,2487800,895,2021-01-21,Part-Time,208153,745.0,No,No,Denied,1600.5,2425,5,.
2025,2490141,970,2021-04-04,Self-Employed,62400,641.0,No,No,Approved,1642.8,2738,4,Applicant follow-up needed
2026,2490596,1611,2021-04-19,Self-Employed,40839,582.0,No,Yes,Approved,3633.96,5506,5,Applicant provided pay stubs.
2027,2491747,1778,2022-11-11,Unemployed,217362,656.0,No,Yes,Withdrawn,2613.6,4356,4,
2028,2492289,1759,2020-05-01,Self-Employed,184518,604.0,No,Yes,Under Review,2433.48,2897,3,Applicant provided pay stubs.
2029,2494322,985,2023-03-08,Full-Time,221191,691.0,No,No,Pending,1351.74,1733,5,income verified via Plaid
2030,2494490,1107,2022-11-07,Full-Time,191298,781.0,No,Yes,Under Review,3056.64,3184,5,Referred by agent.
2031,2496221,306,2022-05-15,Retired,139981,783.0,No,Yes,Under Review,2551.68,2658,3,Referred by agent.
2032,2496287,1670,2024-07-04,Self-Employed,275710,618.0,No,Yes,Approved,5045.04,6006,4,
2033,2496496,1556,2024-04-24,Contract,96112,796.0,No,No,Under Review,2448.0,2550,3,Renewal case.
2034,2497443,1532,2022-02-21,Student,120180,630.0,No,No,Pending,2118.48,2716,3,docs expired
2035,2499616,1530,2023-08-10,Retired,36253,,No,No,Approved,7788.48,8113,5,docs expired
2036,2500780,490,2024-01-17,Part-Time,161537,745.0,Yes,Yes,Pending,4581.72,5874,5,income verified via Plaid
2037,2501838,47,2021-10-08,Self-Employed,55552,615.0,No,No,Denied,4567.92,5438,4,docs expired
2038,2501932,1114,2023-04-18,Retired,175659,622.0,No,No,Approved,1861.2,3102,3,income verified via Plaid
2039,2504382,1172,2022-01-26,Self-Employed,110952,654.0,No,No,Denied,2298.12,3482,5,Flagged for manual review.
2040,2506071,37,2024-05-22,Self-Employed,204573,748.0,No,Yes,Pending,677.4,1129,3,
2041,2507790,1593,2020-04-18,Unemployed,125901,,No,Yes,Approved,5112.96,5326,1,Applicant follow-up needed
2042,2508572,924,2023-04-04,Full-Time,53175,847.0,No,No,Approved,1051.2,1095,4,
2043,2510394,924,2024-10-05,Part-Time,224036,690.0,No,Yes,Approved,919.8,1095,2,
2044,2511940,777,,Self-Employed,84239,642.0,No,Yes,Approved,2289.6,2385,2,income verified via Plaid
2045,2512271,889,2020-09-16,Full-Time,36783,828.0,No,No,Denied,3771.6,4490,5,Co-signer pending review.
2046,2513688,561,2020-11-18,Contract,123453,850.0,No,No,Denied,1331.46,1707,1,
2047,2515016,656,2022-02-15,Contract,210754,787.0,No,Yes,Withdrawn,3359.4,5090,5,docs expired
2048,2516378,792,2020-02-14,Unemployed,136908,833.0,Yes,No,Approved,3690.96,4394,1,Applicant follow-up needed
2049,2517555,731,2020-12-22,Full-Time,67897,710.0,No,Yes,Approved,1135.2,1892,2,Renewal case.
2050,2517640,716,2022-05-18,Part-Time,90797,843.0,No,Yes,Approved,1912.68,2898,5,
2051,2522750,1412,2021-11-19,Contract,78942,705.0,No,Yes,Denied,1042.8,1580,2,Missing bank statements.
2052,2524923,404,2020-02-21,Retired,61987,738.0,No,Yes,Approved,5048.34,7649,4,
2053,2525525,1105,2022-08-18,Self-Employed,248935,438.0,No,Yes,Denied,797.28,1208,3,.
2054,2526844,987,2021-08-05,Self-Employed,132009,768.0,No,Yes,Denied,3391.8,0,2,Applicant provided pay stubs.
2055,2527765,1620,2021-07-02,Full-Time,202541,784.0,Yes,Yes,Pending,3224.1,4885,2,
2056,2528243,463,2023-11-04,Part-Time,81861,,No,Yes,Denied,3024.0,3600,4,Missing bank statements.
2057,2528653,703,2023-02-02,Part-Time,174663,722.0,No,No,Under Review,1061.76,1106,1,Missing bank statements.
2058,2528985,1192,2022-06-22,Unemployed,149263,746.0,No,No,Pending,5125.2,8542,5,income verified via Plaid
2059,2530900,1057,2022-02-10,Full-Time,20325,779.0,No,No,Under Review,3382.08,3523,2,Renewal case.
2060,2531487,245,2022-08-17,Student,239901,338.0,No,No,Approved,2777.04,3306,5,
2061,2532770,1019,2022-01-27,Self-Employed,72091,446.0,No,No,Approved,1644.6,2741,4,income verified via Plaid
2062,2533416,232,2023-04-02,Self-Employed,236459,655.0,No,No,Under Review,1955.52,2037,3,Co-signer pending review.
2063,2533844,1602,2023-01-25,Part-Time,161245,670.0,No,Yes,Denied,1896.0,0,4,
2064,2534569,612,2021-08-14,Contract,132228,705.0,No,Yes,Under Review,5179.68,7848,3,docs expired
2065,2535192,926,2020-03-10,Part-Time,73469,699.0,No,No,Approved,4303.86,6521,5,
2066,2538308,690,2022-02-12,Part-Time,13664,607.0,Yes,No,Denied,806.4,1344,3,income verified via Plaid
2067,2541840,386,2021-01-20,Student,110686,,No,Yes,Approved,2208.0,2300,4,Applicant provided pay stubs.
2068,2542740,541,2022-11-07,Retired,119144,846.0,No,No,Approved,4239.48,5047,1,Referred by agent.
2069,2542745,928,2022-05-25,Self-Employed,103254,657.0,No,Yes,Pending,1071.18,1623,1,Applicant provided pay stubs.
2070,2542983,454,2023-12-01,Contract,200428,817.0,Yes,No,Pending,1694.88,2568,2,.
2071,2545699,524,2021-03-01,Unemployed,131645,806.0,No,No,Denied,3456.96,3601,1,.
2072,2547461,878,2022-07-16,Self-Employed,89992,843.0,No,Yes,Approved,1218.36,1562,3,
2073,2547582,1496,2022-10-24,Retired,8373,816.0,No,No,Denied,3848.46,5831,3,
2074,2548299,76,2022-12-28,Student,142742,647.0,No,Yes,Approved,1269.18,1923,4,Flagged for manual review.
2075,2551903,1172,2024-08-20,Self-Employed,104143,679.0,No,Yes,Pending,2924.88,3482,4,Applicant provided pay stubs.
2076,2557339,87,2020-03-08,Contract,36799,686.0,No,Yes,Pending,3845.82,5827,4,Co-signer pending review.
2077,2559367,1652,2021-11-28,Unemployed,185512,731.0,No,No,Denied,932.4,1554,2,Flagged for manual review.
2078,2559897,204,2024-07-31,Unemployed,105573,771.0,No,Yes,Withdrawn,892.32,1352,4,income verified via Plaid
2079,2560743,826,2021-05-29,Student,62774,740.0,No,Yes,Approved,4297.92,4477,5,docs expired
2080,2562549,992,2021-06-18,Retired,134351,688.0,No,No,Approved,3421.08,4386,5,Flagged for manual review.
2081,2565365,261,2021-10-16,Retired,136323,,No,No,Approved,964.92,0,1,
2082,2565959,1601,2022-07-07,Retired,67611,801.0,No,Yes,Approved,1963.08,2337,4,Missing bank statements.
2083,2566341,457,2021-02-07,Unemployed,17903,332.0,No,No,Pending,2878.26,4361,2,Flagged for manual review.
2084,2567496,1513,2023-06-26,Self-Employed,76499,728.0,No,No,Approved,4718.34,7149,2,Applicant follow-up needed
2085,2567502,754,2023-07-29,Self-Employed,116558,781.0,No,No,Under Review,5411.52,5637,3,Applicant provided pay stubs.
2086,2567525,824,,Unemployed,57544,751.0,Yes,No,Approved,1611.84,1679,5,
2087,2568285,1715,2021-10-07,Unemployed,235326,,No,Yes,Approved,3540.6,4215,4,Flagged for manual review.
2088,2568505,246,2021-09-28,Full-Time,44441,763.0,No,No,Denied,3125.4,5209,1,docs expired
2089,2568728,1528,2023-10-30,Part-Time,81351,696.0,Yes,Yes,Approved,3474.9,4455,4,Flagged for manual review.
2090,2569400,1142,2023-10-14,Full-Time,125213,758.0,No,No,Withdrawn,3038.4,5064,1,
2091,2571838,97,2024-02-27,Part-Time,194882,,No,Yes,Denied,1071.18,1623,3,
2092,2573180,421,2024-04-04,Student,18433,683.0,No,No,Denied,2176.32,2267,4,Flagged for manual review.
2093,2575501,769,2022-08-19,Student,167612,829.0,Yes,No,Denied,4477.2,5740,5,docs expired
2094,2575812,32,2023-01-11,Part-Time,242084,678.0,No,Yes,Approved,1003.08,1286,5,Renewal case.
2095,2578583,1540,2020-10-15,Contract,131205,739.0,No,No,Withdrawn,3137.28,3268,1,
2096,2580632,85,,Student,664000,781.0,No,Yes,Approved,1302.0,1550,3,Flagged for manual review.
2097,2580644,1045,2021-03-04,Self-Employed,64216,325.0,No,No,Approved,4365.12,0,3,
2098,2581957,1738,2020-06-23,Unemployed,38562,821.0,No,No,Pending,1269.0,2115,3,Missing bank statements.
2099,2583000,346,2020-08-31,Full-Time,110545,688.0,No,Yes,Withdrawn,2397.6,3996,3,
2100,2586170,1641,2023-11-21,Retired,228543,734.0,No,Yes,Approved,5106.36,6079,3,
2101,2587015,1425,2021-02-01,Full-Time,25189,796.0,No,Yes,Denied,733.2,1222,4,Applicant follow-up needed
2102,2589339,85,2021-04-05,Self-Employed,142614,679.0,No,No,Approved,1302.0,1550,1,Missing bank statements.
2103,2591216,950,2021-12-05,Student,56085,422.0,No,No,Approved,2482.8,4138,5,Renewal case.
2104,2593308,224,2024-01-02,Unemployed,52344,799.0,No,Yes,Approved,5690.1,7295,1,.
2105,2595297,1366,2020-12-25,Retired,174605,555.0,No,Yes,Pending,4273.92,5088,2,Renewal case.
2106,2596869,553,2023-03-07,Part-Time,141078,755.0,No,No,Approved,3242.58,4913,1,.
2107,2596900,662,2021-11-23,Unemployed,155528,633.0,No,No,Pending,1003.86,1521,1,Renewal case.
2108,2597739,1767,2023-08-26,Retired,200543,756.0,Yes,No,Denied,3382.68,4027,2,Flagged for manual review.
2109,2601162,800,2024-01-02,Student,171887,581.0,Yes,No,Denied,2293.44,2389,4,docs expired
2110,2603415,201,2020-05-27,Retired,26739,,No,No,Pending,1895.4,2430,5,Applicant provided pay stubs.
2111,2604975,13,2020-01-09,Retired,80381,497.0,No,No,Denied,2935.8,0,3,Missing bank statements.
2112,2605477,145,2022-03-17,Self-Employed,243471,377.0,Yes,No,Pending,677.04,868,5,Referred by agent.
2113,2606606,96,2021-10-30,Unemployed,20171,480.0,No,No,Approved,3472.32,3617,2,Renewal case.
2114,2606671,1223,2020-06-29,Contract,191975,,No,Yes,Under Review,2830.2,4717,2,
2115,2606793,1223,2024-01-04,Student,21295,770.0,No,No,Denied,3679.26,4717,4,docs expired
2116,2607259,246,2020-04-29,Unemployed,142472,683.0,Yes,Yes,Approved,5000.64,5209,4,
2117,2608184,538,2021-12-21,Self-Employed,6518,709.0,No,No,Approved,2069.4,3449,2,
2118,2612940,995,2020-01-01,Contract,60468,801.0,No,No,Approved,5016.48,5972,5,Renewal case.
2119,2613803,1684,2022-07-27,Contract,237416,631.0,No,Yes,Under Review,2547.72,3033,4,
2120,2613933,1027,,Student,125777,435.0,No,No,Approved,2206.8,3678,2,
2121,2614052,718,2023-01-12,Retired,222820,748.0,Yes,Yes,Pending,4546.56,4736,3,income verified via Plaid
2122,2614936,1037,2021-09-22,Unemployed,123408,637.0,No,Yes,Denied,2067.78,3133,3,income verified via Plaid
2123,2615410,1651,2020-01-22,Contract,42051,613.0,No,Yes,Approved,1968.12,2982,1,Missing bank statements.
2124,2615676,1564,2023-02-23,Retired,199229,788.0,No,Yes,Approved,2903.16,3722,5,Referred by agent.
2125,2616981,25,2022-11-08,Student,67954,596.0,Yes,No,Approved,4573.8,7623,5,Applicant provided pay stubs.
2126,2617642,1083,2021-09-10,Full-Time,230890,689.0,No,No,Under Review,7860.72,9358,5,.
2127,2619594,648,2024-01-20,Student,28964,711.0,Yes,No,Withdrawn,1900.86,2437,2,.
2128,2619747,896,2023-12-20,Unemployed,168383,759.0,No,No,Pending,5644.86,7237,2,income verified via Plaid
2129,2620001,382,2021-09-16,Student,120709,475.0,No,Yes,Denied,3195.0,5325,2,Renewal case.
2130,2620849,762,2021-02-16,Student,75786,811.0,Yes,Yes,Under Review,1118.04,1331,3,
2131,2621911,1662,2024-08-01,Contract,101470,779.0,Yes,No,Under Review,5257.56,6259,5,
2132,2622450,1208,2021-04-13,Full-Time,192322,550.0,No,Yes,Approved,1482.0,0,4,
2133,2624062,60,2022-06-06,Retired,31624,710.0,No,Yes,Denied,766.92,1162,2,docs expired
2134,2626672,764,2022-08-10,Part-Time,30496,,Yes,No,Denied,8424.96,8776,5,Flagged for manual review.
2135,2626817,714,2020-07-22,Retired,9051,644.0,No,No,Approved,2910.0,4850,5,docs expired
2136,2627070,1065,2023-07-11,Retired,124019,714.0,Yes,No,Denied,1326.0,1700,1,
2137,2628135,390,2024-05-22,Unemployed,189076,813.0,No,No,Approved,792.48,1016,4,income verified via Plaid
2138,2628930,1660,2021-11-30,Self-Employed,217560,681.0,No,Yes,Denied,1406.4,1465,2,Applicant follow-up needed
2139,2629653,938,2020-03-25,Unemployed,220439,599.0,No,Yes,Pending,3348.0,5580,4,Flagged for manual review.
2140,2630588,628,2023-05-31,Contract,214654,,Yes,No,Denied,3764.88,4482,1,Co-signer pending review.
2141,2632079,505,2020-07-15,Retired,161895,386.0,No,No,Denied,8023.68,9552,4,Co-signer pending review.
2142,2632539,1273,2023-01-17,Part-Time,172634,747.0,No,No,Approved,4608.0,7680,3,Applicant follow-up needed
2143,2633140,488,2021-10-20,Contract,255304,620.0,No,No,Pending,1913.34,2899,5,income verified via Plaid
2144,2635966,994,2021-09-16,Self-Employed,14465,604.0,Yes,No,Approved,1020.0,1700,1,Missing bank statements.
2145,2638113,1621,2020-08-25,Part-Time,125291,744.0,No,Yes,Approved,5332.08,6836,1,Applicant follow-up needed
2146,2638781,1176,,Unemployed,182065,739.0,No,Yes,Pending,1518.72,1808,3,Missing bank statements.
2147,2639686,1581,2023-02-02,Student,133355,,No,Yes,Withdrawn,634.92,814,4,Flagged for manual review.
2148,2641384,79,2021-07-05,Self-Employed,245720,,Yes,No,Denied,2693.76,2806,4,docs expired
2149,2641470,1112,2022-04-28,Contract,146979,485.0,No,Yes,Approved,1636.32,1948,3,
2150,2641984,566,2020-02-17,Student,127761,815.0,No,No,Approved,1177.8,1510,1,
2151,2642826,1036,2020-12-19,Unemployed,95163,303.0,No,Yes,Approved,2752.68,3277,3,Applicant follow-up needed
2152,2643481,641,2020-03-02,Unemployed,74324,594.0,No,No,Denied,2137.8,2545,1,docs expired
2153,2644020,1287,2023-05-16,Self-Employed,221547,803.0,Yes,Yes,Approved,5143.32,6594,2,Applicant follow-up needed
2154,2646283,792,,Self-Employed,240358,473.0,No,Yes,Withdrawn,2636.4,4394,1,income verified via Plaid
2155,2648119,1392,,Part-Time,237688,790.0,No,Yes,Under Review,7134.12,8493,1,Applicant follow-up needed
2156,2653987,807,2020-02-18,Retired,144290,677.0,No,No,Under Review,1416.48,1816,5,Co-signer pending review.
2157,2656603,1517,,Retired,235081,,No,Yes,Denied,1308.12,1982,2,Applicant follow-up needed
2158,2656775,1150,2022-08-15,Unemployed,185500,,No,Yes,Approved,10622.64,12646,1,Flagged for manual review.
2159,2657069,615,2024-02-03,Contract,120290,841.0,No,No,Pending,3589.2,5982,1,Co-signer pending review.
2160,2657491,356,2022-08-27,Unemployed,195810,799.0,No,Yes,Approved,5580.12,7154,2,Applicant provided pay stubs.
2161,2657923,469,2024-09-25,Unemployed,55326,593.0,No,Yes,Approved,5217.6,5435,3,docs expired
2162,2657971,178,2021-09-08,Self-Employed,25007,687.0,No,Yes,Pending,3387.84,3529,4,Renewal case.
2163,2658341,104,2022-12-06,Full-Time,180415,622.0,No,No,Approved,2515.5,3225,5,Applicant follow-up needed
2164,2659768,1015,2021-11-15,Student,76367,596.0,No,Yes,Denied,3765.96,5706,3,Renewal case.
2165,2659931,551,2021-01-14,Full-Time,223930,757.0,No,Yes,Approved,2871.0,4785,3,Applicant provided pay stubs.
2166,2661400,363,2022-12-12,Contract,148107,732.0,No,Yes,Denied,1353.6,1410,3,
2167,2663893,114,2021-07-06,Part-Time,128413,734.0,No,Yes,Denied,1996.68,2377,5,.
2168,2664242,1005,2021-08-16,Unemployed,218428,,No,Yes,Approved,1018.92,1213,3,Applicant follow-up needed
2169,2664517,656,2021-01-14,Full-Time,47825,694.0,No,Yes,Pending,3359.4,5090,5,Flagged for manual review.
2170,2665500,1445,2022-05-10,Unemployed,209597,615.0,Yes,No,Denied,6513.0,8350,2,Co-signer pending review.
2171,2668893,897,,Self-Employed,236497,840.0,No,No,Denied,1322.88,1378,4,income verified via Plaid
2172,2670083,1485,2021-03-27,Retired,140946,,No,No,Approved,2878.98,3691,5,Flagged for manual review.
2173,2673965,1027,2020-12-18,Part-Time,158338,628.0,No,Yes,Approved,3089.52,3678,1,Missing bank statements.
2174,2674438,1256,2022-01-17,Retired,6999,638.0,No,No,Denied,3361.68,4002,2,
2175,2678496,307,,Student,76507,712.0,No,Yes,Approved,6513.36,7754,2,Applicant provided pay stubs.
2176,2679878,1499,2024-06-04,Full-Time,202464,,No,No,Under Review,2309.4,3849,3,Flagged for manual review.
2177,2681490,513,2024-05-23,Full-Time,137786,767.0,No,No,Approved,1729.2,2620,3,Co-signer pending review.
2178,2681763,1791,2023-03-23,Full-Time,130894,385.0,Yes,Yes,Approved,2145.0,3575,2,Applicant provided pay stubs.
2179,2682147,1789,2023-06-04,Unemployed,147085,798.0,Yes,No,Denied,2348.58,3011,1,Referred by agent.
2180,2682374,1527,2024-07-31,Self-Employed,61399,,No,No,Approved,786.72,1192,5,docs expired
2181,2683278,772,2022-02-01,Full-Time,84162,698.0,No,No,Denied,1999.92,2564,4,Renewal case.
2182,2684941,805,2021-07-26,Retired,238342,734.0,No,Yes,Under Review,1828.8,1905,5,Referred by agent.
2183,2685847,54,2024-12-01,Student,158593,,No,No,Approved,4200.9,6365,1,
2184,2687323,490,2024-09-23,Unemployed,38290,672.0,No,No,Approved,3876.84,5874,2,.
2185,2687841,943,2020-06-02,Full-Time,135034,746.0,No,Yes,Approved,1580.04,1881,1,Renewal case.
2186,2691096,1205,2022-04-10,Retired,150640,596.0,No,No,Approved,4526.4,4715,2,docs expired
2187,2691320,491,2023-02-17,Student,118066,722.0,No,No,Withdrawn,1350.18,1731,2,Applicant provided pay stubs.
2188,2692048,1258,2022-05-03,Retired,62120,707.0,No,No,Under Review,1336.14,1713,4,
2189,2692477,980,,Student,142091,782.0,Yes,Yes,Approved,1391.04,1656,2,Referred by agent.
2190,2692520,142,2022-12-16,Self-Employed,222461,850.0,No,Yes,Pending,2717.22,4117,5,
2191,2693591,303,2020-02-06,Part-Time,180710,714.0,No,Yes,Approved,4086.42,5239,5,Missing bank statements.
2192,2693857,84,2024-05-03,Retired,24394,635.0,No,No,Withdrawn,5801.64,7438,3,Applicant follow-up needed
2193,2694250,795,2023-10-30,Self-Employed,183589,721.0,Yes,Yes,Under Review,1476.48,1538,5,Co-signer pending review.
2194,2696317,1552,2023-01-29,Student,40519,623.0,No,Yes,Approved,711.48,847,5,income verified via Plaid
2195,2700462,1632,2022-03-03,Self-Employed,49179,,Yes,Yes,Approved,3235.8,5393,5,Applicant provided pay stubs.
2196,2702114,327,2022-01-13,Contract,25871,740.0,Yes,Yes,Under Review,5035.2,5245,2,Co-signer pending review.
2197,2706299,682,2024-01-19,Part-Time,244041,590.0,No,No,Denied,5777.52,6878,2,income verified via Plaid
2198,2706418,934,2024-08-27,Full-Time,192031,761.0,Yes,Yes,Under Review,1543.92,1838,1,Co-signer pending review.
2199,2707162,1521,2023-06-20,Self-Employed,107209,577.0,No,Yes,Under Review,2365.2,3942,1,income verified via Plaid
2200,2707800,1780,2023-09-07,Self-Employed,109519,846.0,No,No,Denied,4986.0,8310,4,Applicant provided pay stubs.
2201,2708507,984,,Full-Time,140561,306.0,No,Yes,Under Review,761.4,1269,1,Applicant follow-up needed
2202,2708568,1200,2023-11-15,Unemployed,150062,736.0,Yes,Yes,Approved,1299.6,2166,5,Applicant provided pay stubs.
2203,2709284,913,2021-02-15,Student,91262,809.0,No,Yes,Approved,522.6,871,1,
2204,2709402,164,2020-02-15,Self-Employed,882000,814.0,No,Yes,Approved,2333.52,2778,2,
2205,2709558,310,2024-09-29,Retired,8893,,No,Yes,Withdrawn,816.6,1361,4,
2206,2710014,40,2021-08-17,Unemployed,178205,758.0,No,No,Under Review,10673.28,11118,1,Co-signer pending review.
2207,2710371,492,2023-07-11,Part-Time,117885,421.0,Yes,No,Pending,1233.12,1468,1,Applicant follow-up needed
2208,2710791,487,2022-08-12,Part-Time,35782,731.0,No,No,Approved,1448.4,2414,4,Missing bank statements.
2209,2714248,1063,,Full-Time,109107,,No,No,Denied,1530.24,1594,3,Flagged for manual review.
2210,2715489,1142,2020-05-06,Retired,132814,699.0,No,No,Approved,4253.76,5064,3,Co-signer pending review.
2211,2717036,1651,2023-05-14,Self-Employed,255860,,No,Yes,Approved,1968.12,2982,1,Co-signer pending review.
2212,2717409,247,2021-06-12,Contract,147213,778.0,No,Yes,Approved,896.28,1358,1,Applicant provided pay stubs.
2213,2718536,348,2021-05-26,Contract,208852,679.0,Yes,Yes,Approved,8482.56,8836,4,
2214,2718733,1401,2023-02-15,Self-Employed,75484,657.0,No,Yes,Pending,2077.32,2473,5,Renewal case.
2215,2719946,622,2023-10-29,Self-Employed,123161,725.0,No,No,Pending,1879.8,2410,1,Co-signer pending review.
2216,2721015,1269,2021-02-12,Self-Employed,228065,704.0,No,Yes,Under Review,1428.6,2381,3,Co-signer pending review.
2217,2722305,1430,2024-09-27,Contract,175123,739.0,Yes,Yes,Approved,1027.8,1713,2,Renewal case.
2218,2723832,1611,,Contract,131546,638.0,No,No,Approved,3633.96,5506,4,Renewal case.
2219,2724215,1056,2020-07-19,Retired,61993,735.0,No,Yes,Approved,758.34,1149,4,income verified via Plaid
2220,2725534,723,,Retired,90180,628.0,No,Yes,Approved,3418.14,5179,1,Applicant provided pay stubs.
2221,2726460,1465,2023-02-21,Self-Employed,71419,631.0,Yes,Yes,Approved,1768.8,2680,1,
2222,2726837,1315,2023-04-25,Part-Time,62605,729.0,No,Yes,Denied,737.88,1118,2,Co-signer pending review.
2223,2727827,1032,2020-11-27,Self-Employed,106513,,No,No,Withdrawn,2822.4,2940,1,income verified via Plaid
2224,2730614,1704,2023-11-25,Retired,102248,677.0,No,Yes,Approved,805.8,1343,2,.
2225,2732019,1129,2023-07-18,Full-Time,186775,,No,No,Denied,1898.4,3164,3,Renewal case.
2226,2732534,1722,2024-12-10,Self-Employed,197945,645.0,No,No,Denied,1414.56,1684,2,Applicant provided pay stubs.
2227,2739021,1134,2023-06-30,Part-Time,59299,729.0,No,Yes,Approved,3170.16,3774,3,
2228,2740386,49,2020-01-17,Retired,116500,697.0,No,No,Pending,2453.22,3717,3,
2229,2740586,1408,2023-11-25,Part-Time,170708,696.0,No,No,Denied,2614.92,3113,3,Missing bank statements.
2230,2740725,700,,Full-Time,143543,703.0,No,Yes,Approved,1406.4,2344,5,Applicant provided pay stubs.
2231,2742588,975,2020-08-10,Retired,207060,698.0,Yes,Yes,Approved,4493.16,5349,5,Co-signer pending review.
2232,2745789,1007,,Student,187763,709.0,Yes,Yes,Approved,1452.36,0,4,Renewal case.
2233,2751301,1151,2020-04-18,Part-Time,77031,673.0,No,No,Approved,3301.8,5503,3,
2234,2752871,124,2022-03-02,Student,192300,792.0,No,No,Approved,954.24,994,1,Referred by agent.
2235,2753642,1128,2020-04-26,Retired,198565,,No,No,Approved,3928.32,5952,2,
2236,2753704,547,2020-04-08,Retired,111400,725.0,No,No,Denied,2808.3,4255,2,Missing bank statements.
2237,2753875,25,2020-10-05,Self-Employed,69545,650.0,Yes,No,Under Review,5945.94,7623,3,Applicant follow-up needed
2238,2754678,782,2021-09-17,Student,228060,694.0,No,No,Pending,2185.92,3312,4,Referred by agent.
2239,2755595,108,2022-11-17,Unemployed,73875,585.0,Yes,Yes,Approved,972.6,1621,3,Missing bank statements.
2240,2756363,418,2023-01-09,Retired,172453,697.0,No,Yes,Approved,2070.0,3450,2,
2241,2760179,1701,2023-03-06,Part-Time,68949,594.0,Yes,Yes,Withdrawn,3647.04,3799,1,
2242,2762311,1219,2022-04-24,Part-Time,231753,811.0,Yes,Yes,Withdrawn,2429.7,3115,5,.
2243,2764394,1135,2023-12-02,Contract,103760,759.0,No,Yes,Approved,2572.8,2680,1,docs expired
2244,2764953,608,,Self-Employed,73918,,No,No,Approved,2620.2,4367,5,Referred by agent.
2245,2765844,347,2023-08-23,Unemployed,241163,605.0,No,No,Approved,2339.22,2999,5,Applicant provided pay stubs.
2246,2767357,714,2020-03-16,Student,22115,629.0,No,Yes,Approved,2910.0,4850,2,
2247,2768155,642,2020-06-24,Self-Employed,35125,711.0,Yes,No,Denied,815.04,849,4,Missing bank statements.
2248,2769292,478,2024-02-03,Retired,210913,681.0,No,Yes,Approved,2358.72,3024,5,Referred by agent.
2249,2771406,700,2022-02-27,Contract,110380,744.0,No,No,Denied,1547.04,2344,1,income verified via Plaid
2250,2776585,1440,2020-12-05,Unemployed,167423,687.0,No,No,Denied,1547.52,1612,5,.
2251,2778120,339,2021-02-12,Full-Time,264933,807.0,No,Yes,Under Review,6006.0,9100,5,.
2252,2778820,598,2020-05-09,Contract,152446,,No,No,Denied,2723.76,3492,3,Applicant provided pay stubs.
2253,2780600,84,2020-08-06,Student,37219,804.0,No,No,Denied,5801.64,7438,5,Applicant follow-up needed
2254,2780888,92,2021-07-29,Retired,152055,595.0,No,Yes,Approved,2086.92,3162,4,Co-signer pending review.
2255,2782315,193,2023-12-08,Retired,38402,722.0,No,Yes,Approved,2101.44,2189,5,Missing bank statements.
2256,2782387,1642,2020-09-17,Unemployed,70135,618.0,No,Yes,Approved,2065.14,3129,3,Applicant follow-up needed
2257,2782656,1645,2021-04-09,Contract,60027,740.0,No,Yes,Approved,4764.48,4963,5,Applicant follow-up needed
2258,2783680,1234,2021-05-15,Contract,84350,838.0,No,Yes,Denied,3234.6,5391,4,
2259,2784636,97,2020-02-18,Contract,140312,357.0,No,No,Approved,1363.32,1623,2,docs expired
2260,2786152,1794,2023-05-17,Contract,42104,777.0,No,Yes,Approved,4499.04,5768,3,.
2261,2786715,543,2022-01-20,Student,27941,486.0,No,Yes,Pending,1492.8,2488,2,Referred by agent.
2262,2786740,1048,,Unemployed,278114,613.0,No,No,Approved,5285.28,8008,4,Applicant follow-up needed
2263,2788049,345,2022-08-16,Unemployed,196996,594.0,No,Yes,Approved,4541.04,5406,4,Applicant provided pay stubs.
2264,2789399,1015,2022-09-15,Part-Time,66487,603.0,No,Yes,Approved,3423.6,5706,3,.
2265,2791920,720,2021-04-18,Self-Employed,139225,732.0,No,Yes,Denied,4679.22,5999,1,
2266,2792425,1202,2022-03-12,Full-Time,166343,754.0,No,Yes,Denied,1554.6,2591,2,.
2267,2796935,1000,2020-09-10,Unemployed,125273,649.0,Yes,Yes,Approved,898.8,1070,2,Applicant provided pay stubs.
2268,2797120,318,2020-06-10,Retired,238677,759.0,No,Yes,Approved,730.2,1217,2,Renewal case.
2269,2799283,656,2022-09-08,Student,139377,,No,Yes,Denied,3970.2,5090,4,Referred by agent.
2270,2799863,207,2021-08-18,Retired,105887,816.0,No,No,Approved,4385.04,6644,2,
2271,2800673,416,2020-04-05,Self-Employed,74185,,No,No,Denied,3327.24,3961,1,Missing bank statements.
2272,2802054,1458,,Student,71209,804.0,No,Yes,Denied,3801.84,4526,3,
2273,2802958,1800,2023-12-17,Part-Time,178328,617.0,No,No,Approved,617.4,1029,1,Co-signer pending review.
2274,2803422,1494,2024-06-16,Retired,178320,690.0,No,Yes,Denied,3523.8,4195,3,
2275,2803481,611,2024-04-15,Unemployed,138481,753.0,No,No,Pending,2465.4,4109,5,
2276,2804168,1575,2024-06-04,Unemployed,189240,742.0,No,Yes,Approved,2676.48,2788,1,
2277,2804310,48,2023-08-19,Full-Time,45836,,No,Yes,Approved,2661.12,2772,1,Flagged for manual review.
2278,2804471,1233,2023-03-26,Retired,45661,761.0,No,No,Under Review,1606.2,2677,4,.
2279,2805656,20,2022-02-11,Unemployed,258372,722.0,No,No,Approved,3931.2,5040,3,Applicant provided pay stubs.
2280,2806216,689,2022-07-30,Self-Employed,145660,780.0,No,No,Approved,1026.3,1555,1,Flagged for manual review.
2281,2806462,712,2024-04-21,Full-Time,135957,,No,Yes,Denied,3190.98,4091,3,Co-signer pending review.
2282,2806908,1312,2023-02-15,Unemployed,39676,777.0,Yes,Yes,Pending,931.2,970,4,Applicant provided pay stubs.
2283,2807062,1623,2023-11-16,Student,248780,660.0,No,Yes,Withdrawn,4094.4,4265,5,Flagged for manual review.
2284,2807273,1336,2022-10-05,Full-Time,141636,494.0,No,Yes,Denied,2096.4,3494,4,
2285,2819247,1554,2023-10-03,Self-Employed,197505,761.0,No,No,Approved,964.86,1237,2,Co-signer pending review.
2286,2819969,687,2023-04-02,Retired,232846,802.0,No,Yes,Pending,6584.76,7839,3,Flagged for manual review.
2287,2822402,1777,2023-01-18,Unemployed,236400,846.0,No,No,Approved,1888.32,2248,2,
2288,2823268,1307,2023-03-25,Retired,144369,772.0,Yes,Yes,Under Review,960.96,1232,5,Missing bank statements.
2289,2823849,101,2020-07-06,Unemployed,144653,681.0,No,Yes,Denied,1728.6,2881,5,.
2290,2824380,675,2022-11-08,Student,81052,690.0,Yes,Yes,Denied,3162.6,3765,4,Applicant follow-up needed
2291,2824982,740,2024-08-31,Retired,56265,,No,Yes,Approved,1615.8,2693,2,Applicant follow-up needed
2292,2825067,1456,2024-04-10,Self-Employed,246281,694.0,No,Yes,Approved,4120.2,4905,2,Flagged for manual review.
2293,2828058,1035,2020-04-02,Unemployed,153774,681.0,No,No,Withdrawn,4590.72,4782,3,.
2294,2828166,782,,Unemployed,243082,763.0,Yes,No,Pending,2782.08,3312,5,
2295,2828991,1315,2021-08-09,Retired,233831,702.0,No,No,Approved,670.8,1118,1,
2296,2831264,558,2023-03-26,Self-Employed,238074,612.0,No,No,Approved,4006.08,4173,2,
2297,2833015,1213,2023-12-13,Contract,150569,714.0,No,No,Denied,4115.16,4899,4,Applicant provided pay stubs.
2298,2833115,1201,2022-07-06,Full-Time,32096,836.0,No,Yes,Withdrawn,3065.04,0,3,
2299,2833322,369,2021-04-27,Student,129114,792.0,No,Yes,Approved,1358.28,1617,2,Applicant follow-up needed
2300,2833907,1369,2023-09-06,Student,25899,672.0,Yes,No,Under Review,1303.38,1671,5,
2301,2834904,1454,2024-05-30,Contract,156117,798.0,No,Yes,Under Review,702.0,1170,4,income verified via Plaid
2302,2835200,1694,2021-05-12,Contract,63640,,No,No,Approved,2209.92,2302,4,
2303,2835835,549,2023-01-03,Student,102141,773.0,No,Yes,Approved,1780.8,2968,2,
2304,2836055,199,2020-11-21,Full-Time,136897,300.0,No,Yes,Denied,1443.78,1851,3,
2305,2839765,310,2023-09-22,Part-Time,93065,660.0,Yes,Yes,Approved,1306.56,1361,2,Flagged for manual review.
2306,2843329,586,2021-08-02,Student,18989,736.0,No,No,Approved,1011.78,1533,2,Applicant provided pay stubs.
2307,2843448,331,2023-04-08,Full-Time,172591,690.0,No,No,Denied,1543.92,1838,3,
2308,2844733,722,2024-02-05,Self-Employed,179425,495.0,No,No,Approved,5030.4,8384,2,Co-signer pending review.
2309,2846227,81,2023-08-30,Unemployed,148309,711.0,Yes,No,Under Review,3061.44,3189,4,Renewal case.
2310,2846793,500,2020-06-02,Student,19601,829.0,No,Yes,Approved,933.6,1556,4,Applicant provided pay stubs.
2311,2846953,1292,2020-04-15,Part-Time,149680,770.0,No,Yes,Approved,6356.4,10594,1,
2312,2847249,1569,2023-11-17,Self-Employed,34268,631.0,Yes,Yes,Under Review,1444.8,1505,3,.
2313,2847273,878,2024-08-19,Student,144596,813.0,Yes,No,Approved,1499.52,1562,3,.
2314,2848471,325,2024-07-30,Self-Employed,58749,625.0,Yes,No,Approved,901.68,1156,4,Referred by agent.
2315,2849112,311,2021-05-17,Retired,107600,809.0,No,No,Pending,1809.06,2741,4,Applicant provided pay stubs.
2316,2852586,899,2021-05-01,Contract,127060,721.0,No,No,Denied,1107.48,1678,1,Applicant provided pay stubs.
2317,2854986,492,2024-01-17,Contract,219201,766.0,No,Yes,Approved,968.88,1468,5,Renewal case.
2318,2855696,475,2020-11-19,Full-Time,18170,639.0,Yes,Yes,Approved,1921.14,2463,3,docs expired
2319,2856360,844,2024-07-29,Contract,59732,611.0,No,Yes,Denied,2456.52,3722,5,Missing bank statements.
2320,2860542,461,2021-03-27,Retired,196023,441.0,No,No,Approved,1199.4,1999,4,
2321,2866453,1047,2023-04-02,Self-Employed,192982,814.0,No,No,Under Review,1236.18,1873,5,Applicant provided pay stubs.
2322,2868073,838,2024-06-14,Full-Time,77508,842.0,No,No,Denied,5878.08,6123,5,Co-signer pending review.
2323,2868385,533,,Part-Time,82703,734.0,No,No,Approved,2020.26,3061,2,Referred by agent.
2324,2874077,921,2023-01-10,Self-Employed,149723,829.0,No,No,Pending,1065.6,0,3,
2325,2877414,925,2021-03-28,Part-Time,243721,695.0,No,Yes,Approved,1665.0,2775,5,Renewal case.
2326,2877530,1746,,Student,190330,762.0,No,Yes,Denied,2326.8,2770,2,Missing bank statements.
2327,2877880,1742,2023-05-27,Unemployed,44777,779.0,Yes,Yes,Withdrawn,3711.12,4418,4,
2328,2879601,524,2024-09-25,Student,174584,789.0,No,Yes,Denied,3024.84,3601,2,Co-signer pending review.
2329,2879602,541,2024-03-25,Unemployed,137500,723.0,Yes,Yes,Approved,3331.02,5047,2,income verified via Plaid
2330,2881030,931,2020-05-20,Self-Employed,312382,794.0,No,Yes,Pending,3982.2,6637,2,docs expired
2331,2881164,1389,2022-10-21,Unemployed,42027,672.0,No,Yes,Pending,1702.8,2580,5,
2332,2882559,1221,2024-09-03,Part-Time,165142,587.0,No,Yes,Pending,3972.54,6019,2,docs expired
2333,2882584,550,2024-07-07,Student,142266,,No,No,Denied,1560.24,2364,1,
2334,2882859,987,2023-03-01,Unemployed,102432,647.0,No,Yes,Withdrawn,4409.34,5653,5,.
2335,2882959,1417,2020-12-08,Retired,53787,,No,Yes,Approved,4020.9,5155,1,Missing bank statements.
2336,2883247,1447,2022-10-26,Retired,194056,706.0,Yes,No,Denied,793.98,1203,4,Applicant provided pay stubs.
2337,2883720,1116,2023-04-23,Contract,127955,747.0,No,No,Approved,4060.68,5206,3,income verified via Plaid
2338,2889205,1486,2020-11-04,Full-Time,129507,598.0,No,No,Denied,3194.88,4096,2,Referred by agent.
2339,2889759,1071,2024-05-06,Contract,243545,733.0,No,No,Approved,2265.78,3433,4,Co-signer pending review.
2340,2889849,1724,2020-04-07,Student,122666,784.0,No,No,Approved,723.24,861,4,Missing bank statements.
2341,2889995,1113,2024-10-24,Unemployed,53765,850.0,No,Yes,Approved,1002.6,1671,3,income verified via Plaid
2342,2895036,683,2024-11-04,Part-Time,126338,603.0,No,No,Approved,1814.34,2749,5,income verified via Plaid
2343,2895464,1075,2024-05-13,Retired,33542,666.0,No,No,Pending,3417.96,4382,4,income verified via Plaid
2344,2896186,1508,2023-04-11,Self-Employed,215628,837.0,Yes,No,Pending,5077.8,8463,4,Referred by agent.
2345,2896733,1635,2020-03-02,Full-Time,201500,609.0,No,No,Denied,3644.94,4673,5,
2346,2900019,1272,,Contract,29278,479.0,No,No,Approved,2762.88,2878,2,income verified via Plaid
2347,2900267,879,2020-06-03,Part-Time,26106,781.0,Yes,Yes,Approved,585.42,887,3,
2348,2902414,402,2022-08-06,Student,184229,710.0,No,No,Denied,2506.14,3213,3,
2349,2902492,321,2023-05-15,Full-Time,53536,,Yes,No,Withdrawn,3606.0,6010,5,Flagged for manual review.
2350,2905346,315,2020-08-11,Contract,132389,819.0,No,Yes,Approved,776.1,995,1,
2351,2906304,390,2022-04-02,Unemployed,32622,622.0,Yes,No,Withdrawn,853.44,1016,2,Applicant provided pay stubs.
2352,2907125,876,2020-02-17,Retired,54755,768.0,No,Yes,Pending,3882.48,4622,4,Applicant follow-up needed
2353,2908493,148,2023-08-25,Full-Time,130911,839.0,No,No,Approved,819.0,975,5,Applicant follow-up needed
2354,2909138,1403,2021-01-02,Unemployed,105340,842.0,No,No,Approved,2130.24,2536,3,Applicant provided pay stubs.
2355,2909509,1117,2021-10-04,Part-Time,140039,581.0,Yes,No,Approved,1944.0,3240,4,Co-signer pending review.
2356,2910449,1004,2022-11-27,Student,244447,584.0,Yes,No,Denied,3607.56,5466,1,Flagged for manual review.
2357,2910566,795,2020-06-15,Unemployed,164761,600.0,No,No,Denied,1015.08,1538,4,
2358,2910927,804,2020-08-18,Student,82117,669.0,No,Yes,Under Review,2083.62,3157,3,Missing bank statements.
2359,2912007,491,2020-10-09,Full-Time,123082,780.0,No,Yes,Approved,1608.6,1915,1,Missing bank statements.
2360,2914364,640,2024-07-25,Unemployed,27111,627.0,No,No,Under Review,2953.08,3786,5,Flagged for manual review.
2361,2915474,204,2021-09-26,Unemployed,113354,782.0,No,Yes,Pending,811.2,1352,1,Applicant follow-up needed
2362,2920092,778,2024-07-12,Unemployed,18203,807.0,No,No,Approved,1257.0,2095,3,Applicant follow-up needed
2363,2920294,601,2021-12-28,Retired,118423,846.0,No,Yes,Denied,1112.1,0,2,Co-signer pending review.
2364,2921563,156,2021-11-28,Unemployed,182933,778.0,No,No,Pending,2572.2,4287,5,Renewal case.
2365,2923732,1661,2020-04-13,Unemployed,223580,690.0,Yes,No,Approved,2221.2,3702,5,Missing bank statements.
2366,2924486,1590,2024-06-05,Self-Employed,83142,712.0,Yes,No,Approved,939.18,1423,1,
2367,2927134,535,2021-09-04,Part-Time,175070,703.0,No,Yes,Approved,786.72,1192,4,Referred by agent.
2368,2927831,1308,2024-08-02,Contract,152403,618.0,Yes,Yes,Approved,3026.4,5044,4,income verified via Plaid
2369,2929117,40,2021-04-24,Self-Employed,99001,710.0,No,Yes,Approved,6670.8,11118,2,
2370,2931028,981,2024-11-19,Student,155176,726.0,No,No,Approved,495.0,825,3,Applicant follow-up needed
2371,2931476,1529,2020-09-13,Contract,214864,754.0,No,No,Under Review,4369.92,4552,2,.
2372,2931717,1232,2022-10-21,Student,34409,776.0,No,Yes,Approved,2227.68,2856,5,Applicant provided pay stubs.
2373,2932342,1542,2020-09-16,Unemployed,129523,,No,No,Approved,799.68,833,1,Applicant provided pay stubs.
2374,2933591,119,2022-11-13,Unemployed,127603,717.0,No,Yes,Denied,2874.0,4790,4,Applicant provided pay stubs.
2375,2935027,1537,2024-01-31,Unemployed,111456,572.0,Yes,Yes,Denied,2064.66,2647,2,
2376,2935272,559,2022-07-23,Contract,25959,622.0,No,Yes,Under Review,1133.4,1889,4,.
2377,2939128,437,2023-05-31,Student,154147,472.0,No,No,Denied,2133.3,2735,5,Renewal case.
2378,2940260,111,2024-01-23,Full-Time,165985,732.0,No,No,Under Review,1611.48,2066,4,docs expired
2379,2942686,1647,2020-09-10,Retired,257909,703.0,No,Yes,Approved,6091.68,7252,5,
2380,2943649,1230,2022-05-08,Contract,236153,,No,No,Approved,2488.32,2592,1,docs expired
2381,2944196,835,2024-03-29,Contract,171600,751.0,No,No,Approved,2509.08,2987,4,Applicant provided pay stubs.
2382,2945451,657,2024-03-05,Student,101921,654.0,Yes,No,Pending,1596.0,0,2,Renewal case.
2383,2946507,1492,2021-12-02,Student,83104,657.0,Yes,No,Pending,5197.44,5414,1,docs expired
2384,2951616,1181,2020-01-01,Student,84523,447.0,Yes,Yes,Withdrawn,3020.16,3872,2,income verified via Plaid
2385,2952111,1251,2024-07-11,Contract,124491,830.0,No,Yes,Denied,4420.92,5263,4,.
2386,2952472,427,2023-03-18,Full-Time,219585,798.0,No,No,Denied,1102.2,1670,3,Referred by agent.
2387,2952595,1132,2022-12-29,Retired,190600,751.0,No,No,Denied,3028.2,5047,1,Missing bank statements.
2388,2955295,472,,Contract,162526,680.0,No,No,Denied,1073.16,1626,5,Referred by agent.
2389,2955658,1714,2022-06-26,Contract,55858,680.0,No,No,Denied,1851.3,2805,4,Referred by agent.
2390,2958424,785,,Contract,85249,788.0,No,No,Pending,3613.74,4633,2,Applicant provided pay stubs.
2391,2961687,891,2022-05-10,Student,142629,620.0,No,Yes,Denied,5007.36,5216,1,income verified via Plaid
2392,2963288,1204,2022-04-13,Contract,187711,676.0,No,No,Approved,5201.04,6668,5,income verified via Plaid
2393,2965863,123,2020-10-25,Retired,104834,610.0,Yes,No,Under Review,822.12,1054,1,Applicant follow-up needed
2394,2966434,726,2024-08-08,Part-Time,181074,754.0,No,No,Approved,1825.92,1902,1,Referred by agent.
2395,2968029,387,2023-06-28,Part-Time,57088,772.0,No,No,Approved,3569.28,3718,5,.
2396,2968368,366,2023-11-26,Unemployed,214709,843.0,No,No,Approved,3060.72,3924,1,
2397,2968904,679,2020-11-01,Student,195565,,No,No,Withdrawn,1945.68,2948,2,
2398,2969818,353,2024-10-16,Part-Time,207176,550.0,No,Yes,Approved,2350.08,2448,5,
2399,2969895,1134,2021-11-14,Self-Employed,239296,718.0,No,Yes,Denied,3170.16,3774,5,
2400,2969974,267,2021-02-13,Full-Time,194776,726.0,No,No,Pending,4883.34,7399,5,
2401,2970584,289,2024-10-31,Student,23214,740.0,No,Yes,Pending,2641.86,3387,3,Co-signer pending review.
2402,2971309,970,2024-11-16,Student,213064,712.0,No,No,Approved,2135.64,2738,2,Co-signer pending review.
2403,2971854,1083,,Contract,123047,,Yes,No,Pending,7299.24,9358,4,Applicant provided pay stubs.
2404,2971935,150,2022-02-05,Retired,33762,714.0,No,Yes,Approved,1245.6,2076,2,Applicant provided pay stubs.
2405,2975730,527,2021-12-11,Retired,56590,,Yes,No,Denied,2069.76,2464,5,
2406,2977760,1773,2020-07-16,Contract,102864,759.0,No,Yes,Denied,4751.04,4949,2,Referred by agent.
2407,2978274,206,2022-05-30,Self-Employed,207982,584.0,Yes,No,Pending,3020.64,3596,3,Co-signer pending review.
2408,2978715,66,2022-06-18,Self-Employed,306000,759.0,No,Yes,Approved,1659.6,2766,5,income verified via Plaid
2409,2978873,779,2024-01-20,Retired,78687,730.0,No,No,Denied,4863.0,8105,3,Applicant provided pay stubs.
2410,2978977,1736,2020-06-20,Full-Time,30513,,No,No,Denied,2100.78,3183,4,Referred by agent.
2411,2980898,964,2021-07-26,Full-Time,101121,332.0,No,No,Approved,2811.6,4260,5,
2412,2982692,721,2020-11-04,Retired,108507,745.0,No,Yes,Approved,3470.88,4132,3,Co-signer pending review.
2413,2983217,332,2024-02-27,Student,34009,588.0,No,No,Approved,1794.78,2301,2,Applicant follow-up needed
2414,2984816,616,2023-12-14,Contract,116879,694.0,No,No,Approved,5956.8,6205,2,Applicant provided pay stubs.
2415,2985568,712,2024-08-20,Contract,214596,692.0,No,Yes,Denied,2700.06,4091,5,
2416,2985923,394,2023-11-07,Unemployed,118057,684.0,No,No,Under Review,1417.92,1688,1,Renewal case.
2417,2987823,755,2022-05-16,Contract,86515,681.0,No,No,Approved,4778.28,6126,3,
2418,2989928,323,2022-10-07,Self-Employed,168863,706.0,No,Yes,Denied,3598.2,5997,5,Applicant provided pay stubs.
2419,2989931,785,2022-11-15,Full-Time,93637,645.0,No,No,Withdrawn,2779.8,4633,2,Referred by agent.
2420,2990421,70,2022-02-05,Retired,197493,581.0,Yes,Yes,Withdrawn,1469.76,1531,5,
2421,2990519,32,2024-11-19,Unemployed,188875,,No,Yes,Pending,1080.24,1286,5,
2422,2990666,818,2021-12-29,Self-Employed,204027,327.0,No,Yes,Approved,2661.12,4032,4,Applicant follow-up needed
2423,2996461,613,,Student,32236,740.0,No,Yes,Denied,4630.08,5512,2,
2424,2997653,44,2022-03-30,Retired,95937,632.0,No,Yes,Approved,4687.8,7813,1,
2425,2999171,308,2024-03-10,Student,127276,710.0,No,Yes,Approved,2631.0,4385,2,Renewal case.
2426,2999350,457,2020-07-13,Self-Employed,128565,625.0,No,Yes,Approved,2878.26,4361,3,Flagged for manual review.
2427,3000030,1680,2021-08-20,Full-Time,211386,694.0,No,Yes,Withdrawn,2572.44,3298,3,
2428,3000487,1410,2022-08-12,Self-Employed,117656,,Yes,No,Approved,3389.1,4345,5,
2429,3000890,902,2024-08-21,Full-Time,75797,599.0,No,Yes,Approved,2808.12,3343,4,Renewal case.
2430,3001127,138,2020-03-13,Unemployed,230378,688.0,No,Yes,Pending,1324.8,2208,5,Co-signer pending review.
2431,3002289,387,2022-05-12,Retired,131120,811.0,Yes,Yes,Denied,2230.8,3718,4,.
2432,3002877,1302,2024-07-23,Student,43955,834.0,No,No,Approved,1344.42,2037,5,
2433,3002933,1132,2024-03-21,Student,233456,467.0,Yes,Yes,Approved,3331.02,5047,1,
2434,3005407,1521,2020-11-05,Student,234700,588.0,No,Yes,Approved,2365.2,0,5,
2435,3005730,822,2020-12-25,Unemployed,216165,610.0,Yes,Yes,Approved,698.04,831,4,Renewal case.
2436,3007117,855,2024-04-23,Self-Employed,166927,749.0,Yes,No,Approved,595.32,902,3,
2437,3008100,26,2021-10-14,Part-Time,158741,812.0,No,No,Approved,1182.48,0,1,.
2438,3008354,364,2022-01-13,Contract,54947,316.0,No,No,Withdrawn,2643.84,2754,2,Flagged for manual review.
2439,3009747,1456,2021-06-21,Contract,70148,730.0,No,No,Approved,3825.9,4905,4,Applicant follow-up needed
2440,3010792,426,2022-12-12,Retired,774000,,No,No,Pending,5232.0,5450,1,Missing bank statements.
2441,3011446,172,2021-08-05,Retired,240444,732.0,Yes,No,Withdrawn,2800.38,4243,1,Applicant follow-up needed
2442,3013387,356,2023-09-06,Self-Employed,210796,782.0,No,Yes,Under Review,5580.12,7154,5,Applicant provided pay stubs.
2443,3013472,1066,2020-04-21,Student,239093,587.0,Yes,No,Pending,2086.08,2173,2,Applicant provided pay stubs.
2444,3015049,1561,2023-02-15,Self-Employed,91746,670.0,No,No,Under Review,2135.76,3236,1,
2445,3015446,951,2020-03-29,Full-Time,216665,,No,No,Approved,1480.2,0,2,Flagged for manual review.
2446,3017957,140,2023-06-24,Part-Time,66445,726.0,No,No,Denied,1199.04,1249,4,Flagged for manual review.
2447,3019145,495,2021-08-02,Student,137560,741.0,Yes,No,Pending,1298.7,1665,5,
2448,3019364,940,2021-07-02,Student,118608,,No,No,Approved,3766.62,5707,5,Missing bank statements.
2449,3021474,1631,2024-03-19,Unemployed,240787,697.0,No,Yes,Approved,3906.24,4069,5,Referred by agent.
2450,3022344,683,2021-05-26,Student,174534,660.0,No,No,Approved,1649.4,2749,2,Flagged for manual review.
2451,3022408,964,2020-04-14,Part-Time,32791,820.0,No,No,Pending,4089.6,4260,2,income verified via Plaid
2452,3022922,1414,2023-05-12,Unemployed,210618,702.0,No,No,Approved,996.06,1277,1,Missing bank statements.
2453,3023310,1605,2024-08-18,Retired,4955,679.0,No,No,Approved,2246.4,2880,5,Co-signer pending review.
2454,3024219,1251,2023-02-28,Self-Employed,99656,751.0,No,No,Denied,4420.92,5263,5,
2455,3026137,500,,Retired,220377,753.0,No,No,Pending,1213.68,1556,5,
2456,3031545,554,,Contract,192549,,Yes,Yes,Pending,4164.6,6310,3,income verified via Plaid
2457,3031878,1022,2024-05-22,Self-Employed,244400,304.0,No,No,Pending,2615.76,3114,1,.
2458,3032476,1144,2020-09-17,Student,107717,373.0,No,Yes,Under Review,2756.82,4177,3,Applicant follow-up needed
2459,3032728,1614,2023-11-20,Contract,31331,705.0,No,No,Denied,7435.2,7745,2,Renewal case.
2460,3033062,953,2020-04-14,Full-Time,27759,715.0,No,No,Approved,3586.8,4270,4,Applicant follow-up needed
2461,3033294,612,2024-09-23,Self-Employed,85616,846.0,Yes,Yes,Denied,4708.8,0,4,Referred by agent.
2462,3033645,1152,2020-01-07,Student,92239,584.0,Yes,No,Approved,4414.02,5659,3,.
2463,3034194,871,2021-04-15,Self-Employed,292214,826.0,Yes,Yes,Under Review,2522.4,4204,3,
2464,3034953,1075,2021-05-11,Unemployed,133034,623.0,No,No,Approved,3680.88,4382,3,Flagged for manual review.
2465,3035257,1553,2023-10-22,Part-Time,165388,712.0,No,No,Denied,2489.76,3192,3,docs expired
2466,3036992,1645,2021-06-12,Part-Time,239915,785.0,No,No,Approved,2977.8,4963,2,Applicant provided pay stubs.
2467,3037481,1364,2021-10-19,Unemployed,145229,816.0,No,Yes,Denied,4212.78,5401,5,
2468,3042193,1560,,Retired,27324,,No,No,Approved,2428.8,3680,4,Flagged for manual review.
2469,3042195,839,2022-08-10,Retired,53293,670.0,Yes,Yes,Denied,2830.74,4289,1,Flagged for manual review.
2470,3042596,1260,2022-07-28,Contract,164341,,No,Yes,Under Review,2705.28,2818,4,
2471,3042615,513,2023-10-03,Retired,5868,,No,Yes,Denied,1729.2,2620,4,Applicant provided pay stubs.
2472,3044200,257,2020-12-08,Student,89389,848.0,No,No,Approved,2525.4,4209,4,Missing bank statements.
2473,3044413,629,2022-12-06,Unemployed,211862,600.0,No,No,Denied,1364.16,1421,1,income verified via Plaid
2474,3045855,99,2023-05-06,Unemployed,172648,748.0,Yes,No,Approved,3066.24,3194,2,Co-signer pending review.
2475,3047542,94,2023-08-03,Full-Time,233715,760.0,No,No,Approved,3929.28,4093,2,Missing bank statements.
2476,3048107,280,2021-09-05,Full-Time,169513,648.0,Yes,No,Approved,1344.0,1400,3,
2477,3048945,1052,2023-07-25,Retired,21000,687.0,No,No,Approved,2293.5,3475,4,docs expired
2478,3049025,602,2020-04-27,Contract,54722,678.0,No,No,Under Review,2593.92,3088,2,Co-signer pending review.
2479,3049205,411,2022-08-08,Retired,94733,702.0,No,No,Denied,612.0,1020,1,Applicant follow-up needed
2480,3051430,392,2021-08-05,Part-Time,121026,749.0,No,Yes,Denied,2460.48,3728,4,Renewal case.
2481,3053218,1699,2024-10-18,Contract,226257,601.0,No,Yes,Denied,904.8,1508,3,
2482,3054097,711,2022-09-19,Student,24869,,No,No,Denied,655.38,993,5,
2483,3056210,1555,2020-10-16,Retired,177062,,No,Yes,Pending,772.2,990,1,Flagged for manual review.
2484,3057528,454,2022-06-23,Contract,215489,616.0,Yes,Yes,Pending,2465.28,2568,5,Flagged for manual review.
2485,3057905,148,2023-11-30,Student,122908,845.0,No,Yes,Approved,760.5,975,4,Applicant provided pay stubs.
2486,3059448,101,2023-11-24,Part-Time,26879,538.0,Yes,Yes,Withdrawn,1728.6,2881,1,Referred by agent.
2487,3059643,1565,2020-09-04,Retired,27537,781.0,No,No,Denied,3370.08,4012,1,Renewal case.
2488,3060548,390,2024-06-07,Full-Time,101778,758.0,Yes,Yes,Approved,975.36,1016,3,.
2489,3063961,135,2020-08-02,Full-Time,238146,525.0,No,No,Pending,927.6,1546,1,
2490,3065226,1041,,Contract,156721,710.0,No,Yes,Approved,1825.2,3042,2,Referred by agent.
2491,3066214,285,2021-01-08,Part-Time,68690,769.0,Yes,No,Approved,2814.84,3351,4,Referred by agent.
2492,3069983,1487,2024-01-26,Contract,149729,543.0,No,Yes,Approved,2403.18,3081,3,Applicant provided pay stubs.
2493,3070283,1155,2023-07-27,Self-Employed,13368,734.0,No,Yes,Approved,1850.88,1928,5,income verified via Plaid
2494,3072961,1428,2024-03-25,Full-Time,113149,,No,No,Approved,6458.76,7689,4,
2495,3073489,1008,2022-07-29,Contract,167679,688.0,Yes,No,Approved,7053.48,8397,3,docs expired
2496,3073969,1345,2020-01-30,Unemployed,167902,685.0,No,No,Denied,3296.28,4226,1,docs expired
2497,3074634,1011,2022-10-13,Retired,69327,758.0,No,No,Approved,5060.16,5271,1,Flagged for manual review.
2498,3075157,1039,2024-05-12,Unemployed,186778,,No,Yes,Approved,3111.36,3241,2,Co-signer pending review.
2499,3080268,697,2023-03-23,Part-Time,102674,720.0,No,No,Approved,2534.22,3249,5,
2500,3081704,691,2020-06-06,Full-Time,59526,709.0,No,No,Approved,1952.34,2503,4,Referred by agent.
2501,3081800,1092,2024-03-13,Contract,186336,683.0,Yes,No,Approved,4771.2,7952,3,Applicant follow-up needed
2502,3082264,174,2020-10-08,Contract,143428,676.0,No,No,Approved,1887.6,2420,3,
2503,3082454,569,2020-11-12,Self-Employed,35320,,No,No,Pending,6794.76,8089,4,
2504,3084147,658,2021-12-06,Part-Time,132411,738.0,No,Yes,Approved,2852.64,3396,1,Applicant provided pay stubs.
2505,3085022,532,2023-06-16,Contract,98020,683.0,Yes,No,Denied,1062.72,1107,3,Co-signer pending review.
2506,3085373,476,2024-03-25,Part-Time,63511,730.0,No,Yes,Approved,2096.16,3176,3,
2507,3086003,1713,,Contract,53560,745.0,Yes,Yes,Approved,7979.52,8312,2,Renewal case.
2508,3086847,1263,,Retired,99691,,No,Yes,Under Review,1956.24,2964,4,
2509,3087276,1279,2022-03-06,Part-Time,206382,666.0,No,No,Approved,2841.6,4736,5,Applicant follow-up needed
2510,3087473,1223,2020-05-12,Unemployed,49466,712.0,No,Yes,Pending,3962.28,4717,5,Renewal case.
2511,3089237,175,2023-05-07,Retired,134730,680.0,Yes,No,Approved,6376.32,6642,4,income verified via Plaid
2512,3089572,39,2021-12-27,Self-Employed,50660,682.0,No,No,Denied,2574.78,3301,5,Applicant follow-up needed
2513,3090471,269,2020-12-11,Student,215230,593.0,No,No,Approved,1591.2,2040,1,Referred by agent.
2514,3090573,1646,2021-11-11,Student,204745,717.0,No,Yes,Under Review,5903.52,7028,2,Missing bank statements.
2515,3098045,1036,2024-06-22,Part-Time,300742,630.0,No,No,Under Review,2556.06,3277,1,.
2516,3098187,1704,2022-10-10,Student,37386,758.0,No,Yes,Denied,886.38,1343,1,Co-signer pending review.
2517,3098764,637,2020-12-20,Contract,188920,754.0,No,No,Denied,1954.8,3258,2,Co-signer pending review.
2518,3099586,947,2023-10-20,Full-Time,114864,573.0,No,Yes,Approved,1925.22,2917,4,
2519,3102980,1140,2022-02-11,Unemployed,65693,622.0,No,No,Approved,1662.6,2771,2,Referred by agent.
2520,3104664,1622,,Unemployed,8967,813.0,Yes,Yes,Approved,2092.74,2683,1,Applicant follow-up needed
2521,3109023,948,2021-05-11,Full-Time,186178,814.0,Yes,Yes,Approved,5158.08,5373,1,Missing bank statements.
2522,3109115,239,2024-04-18,Part-Time,124608,824.0,No,No,Approved,3853.08,5838,1,docs expired
2523,3109716,632,2023-07-03,Retired,259850,847.0,No,Yes,Denied,4736.94,6073,2,income verified via Plaid
2524,3110419,1029,2020-03-26,Student,88809,,Yes,No,Pending,1624.74,2083,3,Applicant provided pay stubs.
2525,3112238,484,2021-03-21,Contract,124278,,No,Yes,Under Review,747.0,1245,5,
2526,3113666,1787,2020-12-04,Unemployed,220122,672.0,No,No,Denied,2220.24,3364,4,Applicant follow-up needed
2527,3114224,1606,2023-03-03,Self-Employed,286864,746.0,No,Yes,Denied,2639.4,4399,4,Renewal case.
2528,3114736,1735,2020-07-26,Self-Employed,71492,788.0,No,No,Withdrawn,1459.26,2211,3,Applicant follow-up needed
2529,3115756,1024,2021-11-11,Contract,192355,382.0,No,Yes,Approved,1126.32,0,4,Applicant provided pay stubs.
2530,3117128,1280,2024-11-02,Contract,134314,706.0,No,No,Denied,1545.6,1840,2,Co-signer pending review.
2531,3117903,262,2023-03-29,Self-Employed,25414,713.0,Yes,No,Approved,877.8,1045,4,Co-signer pending review.
2532,3122612,19,2021-06-10,Student,141248,798.0,Yes,Yes,Denied,2751.36,2866,2,.
2533,3124048,71,2020-11-18,Student,79833,697.0,No,Yes,Denied,3480.0,3625,4,docs expired
2534,3125801,373,2023-10-18,Student,191960,836.0,No,No,Approved,6888.0,8200,5,Applicant follow-up needed
2535,3126849,1102,2022-05-06,Contract,63287,846.0,Yes,Yes,Approved,1963.92,2338,3,Missing bank statements.
2536,3127034,501,2020-12-24,Retired,170340,603.0,No,No,Approved,969.54,1469,1,Applicant provided pay stubs.
2537,3128402,1198,2024-06-24,Full-Time,225872,845.0,No,Yes,Approved,7580.16,7896,5,
2538,3131794,1433,2021-10-10,Retired,205938,675.0,No,Yes,Approved,5552.82,7119,1,Referred by agent.
2539,3133054,107,2023-04-16,Student,19415,606.0,No,Yes,Approved,3186.24,3319,2,Missing bank statements.
2540,3133124,284,2023-12-15,Full-Time,54213,676.0,No,Yes,Under Review,2152.92,2563,2,Renewal case.
2541,3134224,136,2024-04-05,Full-Time,213260,847.0,No,No,Pending,1098.72,1308,3,Missing bank statements.
2542,3138057,1130,2023-09-29,Self-Employed,193601,,No,Yes,Approved,4380.48,5616,2,Co-signer pending review.
2543,3138675,1345,2021-09-28,Full-Time,231209,,No,Yes,Under Review,2789.16,4226,5,
2544,3143694,504,2020-09-19,Retired,180146,698.0,No,No,Approved,2600.4,3940,3,Applicant provided pay stubs.
2545,3145272,825,2021-12-27,Student,128300,509.0,No,No,Denied,1657.5,2125,2,.
2546,3149387,687,2024-06-07,Unemployed,202754,,Yes,No,Approved,6584.76,7839,5,Flagged for manual review.
2547,3153098,943,2024-11-15,Self-Employed,196743,473.0,Yes,Yes,Denied,1241.46,1881,3,Applicant follow-up needed
2548,3153314,1704,2023-03-08,Student,176691,814.0,No,Yes,Approved,805.8,1343,3,
2549,3156560,1278,2023-10-25,Student,150000,678.0,No,No,Pending,2305.92,2402,5,income verified via Plaid
2550,3158831,1621,2024-12-25,Self-Employed,237633,748.0,No,Yes,Approved,6562.56,6836,3,.
2551,3159266,617,2020-10-26,Full-Time,276382,,No,No,Withdrawn,2549.04,3268,5,
2552,3160860,798,,Unemployed,50930,792.0,No,No,Approved,2800.56,3334,3,Referred by agent.
2553,3162141,1548,2022-06-07,Self-Employed,159625,317.0,No,No,Approved,6003.48,7147,4,
2554,3165748,870,2021-10-30,Unemployed,69669,581.0,No,Yes,Denied,1917.12,1997,5,Renewal case.
2555,3165920,125,2022-03-13,Self-Employed,134356,793.0,No,No,Denied,2623.2,4372,1,Applicant provided pay stubs.
2556,3166418,162,2020-07-03,Self-Employed,204552,374.0,No,Yes,Withdrawn,927.42,1189,4,
2557,3167399,486,2020-12-10,Retired,130158,747.0,No,Yes,Approved,1690.92,2562,3,
2558,3170097,1014,2023-01-07,Full-Time,128298,,No,Yes,Approved,4452.0,7420,3,Renewal case.
2559,3170226,1295,2020-12-31,Unemployed,19481,785.0,Yes,Yes,Approved,4338.6,7231,2,
2560,3171016,236,2021-12-16,Part-Time,46870,,No,No,Denied,4432.32,4617,1,
2561,3174858,449,2023-01-12,Self-Employed,43947,675.0,No,No,Approved,1747.98,2241,5,Applicant follow-up needed
2562,3175076,1279,2021-12-07,Part-Time,75472,800.0,No,Yes,Denied,3978.24,4736,4,income verified via Plaid
2563,3175846,20,2023-08-06,Student,54449,689.0,No,Yes,Under Review,3931.2,5040,3,Renewal case.
2564,3175865,862,2021-05-28,Full-Time,185104,597.0,Yes,No,Pending,2148.6,3581,3,Applicant follow-up needed
2565,3175894,117,2024-07-15,Student,172163,702.0,Yes,No,Pending,2583.36,2691,2,
2566,3176141,1140,2024-02-02,Retired,243904,762.0,No,Yes,Approved,2327.64,2771,4,Applicant provided pay stubs.
2567,3184415,1569,2021-06-27,Retired,62240,782.0,Yes,Yes,Approved,993.3,1505,3,
2568,3184664,973,2024-05-29,Self-Employed,131158,591.0,No,No,Pending,4067.58,6163,1,.
2569,3185641,1155,,Retired,169855,753.0,No,Yes,Approved,1619.52,1928,3,Flagged for manual review.
2570,3190708,896,2022-05-11,Unemployed,59857,,Yes,No,Approved,6947.52,7237,5,Referred by agent.
2571,3192450,447,2024-04-10,Unemployed,56249,581.0,No,Yes,Pending,4040.4,4810,1,Referred by agent.
2572,3193354,1536,2024-02-06,Contract,256278,798.0,No,No,Denied,3011.58,4563,1,docs expired
2573,3196424,1,2023-02-21,Self-Employed,139419,785.0,No,No,Approved,816.96,851,2,
2574,3197106,1535,2023-12-04,Student,241960,840.0,No,Yes,Approved,4030.32,4798,1,.
2575,3198551,149,2020-07-28,Contract,133348,367.0,No,No,Approved,1134.54,1719,5,Flagged for manual review.
2576,3198767,1039,2020-07-24,Contract,246741,,Yes,No,Approved,2722.44,3241,2,Flagged for manual review.
2577,3205993,397,2021-08-13,Unemployed,244463,,No,No,Approved,815.1,1045,2,Applicant provided pay stubs.
2578,3207097,688,2022-11-18,Full-Time,87321,676.0,No,Yes,Denied,2739.24,3261,2,Co-signer pending review.
2579,3207157,1363,2023-08-03,Part-Time,171729,684.0,No,No,Approved,1500.24,1786,1,
2580,3207957,781,2023-05-24,Student,269629,647.0,No,Yes,Approved,3196.8,3330,2,Referred by agent.
2581,3208883,1421,2023-11-09,Part-Time,268186,613.0,No,No,Denied,2304.72,3492,3,
2582,3209525,1379,2020-07-17,Contract,31349,,No,No,Approved,4516.2,0,4,Flagged for manual review.
2583,3211595,787,2023-02-13,Self-Employed,113233,680.0,Yes,No,Approved,1557.36,1854,5,Flagged for manual review.
2584,3212658,1052,2022-09-06,Part-Time,191410,693.0,Yes,No,Pending,3336.0,3475,4,Renewal case.
2585,3212946,1451,2021-02-12,Retired,198520,720.0,No,Yes,Approved,2500.2,4167,1,income verified via Plaid
2586,3216871,397,2021-05-31,Part-Time,16883,768.0,No,No,Pending,815.1,1045,5,
2587,3217388,1209,2021-06-30,Self-Employed,100593,701.0,No,Yes,Under Review,1555.8,2593,3,income verified via Plaid
2588,3218081,591,,Unemployed,93982,770.0,No,No,Withdrawn,2546.28,3858,2,
2589,3218431,1746,2021-02-26,Retired,119622,678.0,No,No,Denied,2326.8,2770,4,
2590,3221907,1242,2021-04-18,Student,285606,763.0,No,Yes,Denied,2377.98,3603,3,income verified via Plaid
2591,3224304,1510,2021-06-15,Full-Time,224753,614.0,No,No,Approved,1504.62,1929,2,
2592,3224382,1373,2021-08-02,Unemployed,119679,787.0,No,Yes,Pending,767.76,914,5,Co-signer pending review.
2593,3225211,617,2020-10-06,Self-Employed,20197,663.0,Yes,Yes,Denied,3137.28,0,5,income verified via Plaid
2594,3226925,1528,2023-04-10,Contract,58986,,Yes,No,Approved,2940.3,4455,4,
2595,3229839,996,2021-01-01,Student,21565,820.0,No,No,Pending,4909.32,6294,4,Applicant provided pay stubs.
2596,3230749,1798,2024-03-26,Unemployed,64617,737.0,No,No,Withdrawn,5819.52,6928,3,Applicant provided pay stubs.
2597,3230870,231,,Full-Time,229361,768.0,No,No,Pending,5686.98,7291,1,docs expired
2598,3231284,1243,2024-04-07,Unemployed,166048,,No,No,Approved,4289.4,7149,4,Renewal case.
2599,3233483,909,2024-04-12,Retired,68835,776.0,No,Yes,Denied,1181.76,1231,4,
2600,3235299,698,2020-07-31,Part-Time,76115,850.0,Yes,Yes,Denied,3584.64,3734,2,Renewal case.
2601,3235340,1588,2022-06-19,Full-Time,123159,778.0,No,Yes,Approved,9196.2,11790,3,
2602,3238924,611,2020-02-01,Part-Time,21549,678.0,No,Yes,Approved,3205.02,4109,2,Renewal case.
2603,3239756,1361,2020-06-04,Contract,107624,671.0,Yes,Yes,Denied,1203.84,1824,4,Co-signer pending review.
2604,3241571,1363,2023-11-27,Unemployed,213772,528.0,No,No,Approved,1071.6,1786,3,Applicant provided pay stubs.
2605,3246155,63,2023-05-01,Unemployed,165136,723.0,No,No,Approved,5567.76,8436,3,Referred by agent.
2606,3246939,1730,2020-02-23,Part-Time,233075,831.0,No,No,Pending,4315.2,4495,1,
2607,3248607,139,2023-09-26,Retired,46378,322.0,No,Yes,Approved,4631.64,5938,5,income verified via Plaid
2608,3248778,1216,2022-08-04,Contract,151813,629.0,No,No,Pending,1285.8,2143,1,Missing bank statements.
2609,3252128,1627,2020-05-17,Full-Time,75965,,No,No,Denied,3463.02,5247,3,docs expired
2610,3252493,408,2022-12-29,Student,168010,789.0,No,No,Approved,4767.18,7223,5,
2611,3252561,1585,2023-04-17,Contract,153830,644.0,No,No,Approved,1628.76,1939,4,Applicant follow-up needed
2612,3252953,869,2020-02-06,Unemployed,211368,762.0,Yes,No,Under Review,1704.0,1775,5,
2613,3253224,1747,2021-02-27,Student,31897,717.0,No,No,Approved,3888.72,5892,5,Flagged for manual review.
2614,3253529,181,2022-09-23,Contract,188829,804.0,No,No,Pending,546.6,911,2,.
2615,3253841,584,2023-02-28,Retired,98271,830.0,Yes,No,Withdrawn,2313.3,3505,1,income verified via Plaid
2616,3255381,427,2023-05-25,Full-Time,101872,,No,No,Approved,1002.0,1670,3,Missing bank statements.
2617,3257246,579,2020-03-26,Unemployed,104985,692.0,No,Yes,Approved,4918.2,5855,5,income verified via Plaid
2618,3257322,1368,2022-12-23,Full-Time,224312,764.0,Yes,No,Approved,2603.16,3099,3,.
2619,3257879,1637,2023-02-14,Self-Employed,114793,,No,Yes,Denied,3653.52,4684,1,
2620,3259952,128,2021-01-22,Self-Employed,107594,779.0,No,No,Approved,5066.82,7677,5,
2621,3260142,1321,2021-01-21,Student,93887,804.0,No,Yes,Approved,1625.4,2709,2,Missing bank statements.
2622,3260827,832,2024-08-01,Part-Time,140784,780.0,No,Yes,Approved,1449.84,1726,5,docs expired
2623,3263518,1631,2023-08-25,Part-Time,108035,,No,No,Denied,2685.54,4069,2,Renewal case.
2624,3264023,1189,2020-05-12,Part-Time,177379,,No,Yes,Approved,3337.62,4279,3,Applicant follow-up needed
2625,3267750,1453,2023-12-06,Self-Employed,146886,755.0,No,No,Under Review,1798.2,2997,1,docs expired
2626,3270560,1090,2023-12-31,Retired,146462,776.0,No,Yes,Approved,4267.38,5471,5,
2627,3270599,1543,2020-12-20,Contract,42814,596.0,No,No,Approved,694.98,891,2,Referred by agent.
2628,3272808,1448,2020-06-08,Full-Time,245733,626.0,No,No,Denied,2422.56,2884,2,
2629,3273577,73,2022-12-26,Unemployed,116738,665.0,Yes,Yes,Approved,3922.56,4086,5,docs expired
2630,3274208,637,2021-10-04,Part-Time,117500,438.0,No,No,Approved,3127.68,3258,1,docs expired
2631,3275006,1311,2024-08-19,Student,83421,601.0,No,Yes,Approved,1264.2,1505,3,
2632,3275157,636,2023-07-25,Full-Time,169176,,No,Yes,Denied,649.74,833,2,income verified via Plaid
2633,3276684,1175,2020-01-19,Retired,199365,700.0,Yes,Yes,Under Review,6707.52,6987,2,
2634,3278531,1533,2024-10-26,Retired,236241,695.0,No,Yes,Approved,4286.04,6494,3,
2635,3282193,1502,2023-09-02,Self-Employed,22100,614.0,Yes,Yes,Approved,1937.1,2935,3,Referred by agent.
2636,3283718,1680,2021-04-28,Full-Time,177733,719.0,No,Yes,Approved,2770.32,3298,5,Missing bank statements.
2637,3285611,346,2024-11-16,Retired,208510,,No,Yes,Pending,2397.6,3996,3,Applicant follow-up needed
2638,3287466,1514,2023-03-17,Self-Employed,101783,,No,No,Under Review,1208.4,2014,1,Missing bank statements.
2639,3287855,818,2023-10-18,Full-Time,119649,718.0,No,Yes,Under Review,2661.12,4032,3,.
2640,3288245,443,2024-04-02,Retired,174175,,No,No,Pending,3982.44,4741,2,Missing bank statements.
2641,3289754,1300,2020-09-10,Retired,322602,720.0,No,Yes,Approved,1020.36,1546,5,
2642,3290657,146,2023-08-06,Contract,153894,,No,Yes,Approved,1862.28,2217,4,
2643,3290780,911,2022-05-02,Unemployed,118068,678.0,Yes,Yes,Approved,3328.38,5043,4,Referred by agent.
2644,3291737,344,2022-12-30,Student,135540,435.0,No,Yes,Approved,4010.16,4774,1,.
2645,3292343,285,2023-04-23,Self-Employed,213377,749.0,Yes,No,Approved,2613.78,3351,5,
2646,3293095,475,2022-05-27,Contract,185441,674.0,No,Yes,Denied,2364.48,2463,5,Flagged for manual review.
2647,3293423,1530,2024-05-14,Student,34700,669.0,No,Yes,Approved,5354.58,8113,4,Renewal case.
2648,3294133,399,2024-07-15,Student,95588,780.0,No,Yes,Approved,2041.92,2127,2,docs expired
2649,3294463,1345,2021-10-04,Self-Employed,21339,731.0,No,No,Denied,2789.16,4226,4,.
2650,3294568,351,2022-05-22,Unemployed,66540,,No,Yes,Approved,2449.8,4083,4,Flagged for manual review.
2651,3295155,177,,Part-Time,191384,615.0,No,Yes,Under Review,1226.16,1572,3,docs expired
2652,3295678,444,2023-03-02,Self-Employed,225572,830.0,No,Yes,Under Review,1800.6,3001,3,
2653,3299206,502,2023-09-26,Full-Time,52059,614.0,No,Yes,Approved,4966.08,5173,4,Applicant follow-up needed
2654,3300707,193,2022-11-29,Contract,166185,518.0,No,No,Approved,1313.4,2189,2,Applicant provided pay stubs.
2655,3301415,1051,2021-10-21,Student,35936,647.0,No,No,Under Review,1826.16,2174,1,Flagged for manual review.
2656,3302994,383,2024-11-18,Part-Time,198927,775.0,No,No,Pending,1956.9,2965,2,Applicant follow-up needed
2657,3303991,777,2022-07-20,Student,205653,776.0,Yes,Yes,Denied,2003.4,2385,3,
2658,3306222,857,2021-01-27,Part-Time,121185,519.0,No,No,Approved,1216.02,1559,1,
2659,3306422,909,2023-02-06,Full-Time,93303,,No,No,Approved,960.18,1231,4,income verified via Plaid
2660,3311307,39,2020-09-29,Full-Time,168760,660.0,No,No,Pending,3168.96,3301,2,Co-signer pending review.
2661,3311871,650,,Unemployed,210139,,No,Yes,Approved,1171.5,1775,4,Referred by agent.
2662,3313836,864,2024-06-09,Self-Employed,197185,568.0,No,Yes,Approved,7061.04,8406,2,
2663,3313871,1617,2020-02-13,Unemployed,226555,703.0,No,No,Denied,684.6,815,1,Applicant follow-up needed
2664,3315306,1197,2020-05-20,Unemployed,211504,654.0,No,Yes,Under Review,1382.4,2304,1,Missing bank statements.
2665,3315694,1176,2024-06-13,Part-Time,2010,589.0,Yes,No,Approved,1735.68,1808,4,Renewal case.
2666,3316983,946,2023-02-12,Unemployed,204378,777.0,No,No,Pending,6057.48,7766,5,
2667,3317818,240,2023-06-03,Contract,106936,763.0,No,No,Pending,3359.16,3999,1,Co-signer pending review.
2668,3317859,1516,2020-12-15,Part-Time,124623,659.0,Yes,No,Withdrawn,1491.0,2485,5,Renewal case.
2669,3318666,1590,2020-07-12,Unemployed,239917,714.0,Yes,No,Under Review,1195.32,1423,5,income verified via Plaid
2670,3318668,49,2022-01-17,Unemployed,190553,805.0,No,No,Denied,3122.28,3717,5,
2671,3323036,1749,2022-01-02,Contract,88800,393.0,No,No,Denied,829.62,1257,3,.
2672,3323121,991,2021-10-09,Unemployed,210666,565.0,No,No,Approved,2336.64,2434,5,
2673,3323945,522,2022-06-20,Contract,36756,728.0,No,Yes,Denied,650.1,985,3,Co-signer pending review.
2674,3325018,516,2022-08-19,Part-Time,107902,803.0,No,No,Approved,1632.0,1700,5,
2675,3325442,551,2021-03-08,Unemployed,211230,531.0,No,No,Approved,3158.1,4785,2,Missing bank statements.
2676,3325591,1410,2021-07-11,Self-Employed,52735,835.0,No,No,Under Review,3389.1,4345,5,docs expired
2677,3327048,542,2024-08-04,Self-Employed,128684,803.0,No,No,Pending,1454.7,1865,3,Applicant follow-up needed
2678,3327496,1355,2022-11-03,Full-Time,168377,788.0,No,Yes,Approved,4036.5,5175,2,
2679,3329054,904,2020-05-10,Retired,221387,642.0,No,No,Approved,3113.88,3707,2,Applicant provided pay stubs.
2680,3329175,1055,2020-01-19,Retired,92556,841.0,No,No,Under Review,3890.7,5895,2,
2681,3330643,1202,2021-05-16,Part-Time,104891,735.0,Yes,No,Denied,2176.44,2591,1,Referred by agent.
2682,3331347,1691,2022-02-27,Self-Employed,18629,600.0,No,Yes,Approved,1256.64,1904,4,income verified via Plaid
2683,3331958,1729,2024-10-17,Unemployed,172925,788.0,Yes,Yes,Approved,497.4,829,1,Co-signer pending review.
2684,3333365,23,2023-10-03,Retired,33550,753.0,No,No,Under Review,2398.44,3634,3,Applicant provided pay stubs.
2685,3333883,759,2024-04-04,Student,286510,796.0,No,No,Approved,5188.26,7861,5,
2686,3334788,1534,2023-08-21,Contract,119787,351.0,No,No,Denied,1215.24,1558,2,Applicant provided pay stubs.
2687,3336520,1700,2023-03-20,Retired,25815,799.0,No,Yes,Denied,1762.56,1836,5,income verified via Plaid
2688,3340794,1091,2020-02-05,Contract,112728,680.0,No,No,Denied,1483.2,2472,3,Referred by agent.
2689,3342037,1354,2022-12-12,Contract,96035,668.0,No,Yes,Pending,1617.72,2074,1,.
2690,3342691,196,2022-02-25,Part-Time,224675,823.0,No,No,Approved,6895.56,8209,4,Applicant provided pay stubs.
2691,3343919,681,2020-10-14,Full-Time,104976,685.0,No,No,Denied,4498.56,4686,5,Co-signer pending review.
2692,3345074,1479,2021-02-16,Part-Time,29884,799.0,No,Yes,Approved,1293.6,1960,1,Flagged for manual review.
2693,3345810,1264,2021-04-17,Part-Time,229466,682.0,No,Yes,Denied,2424.24,0,5,
2694,3345889,1589,2022-04-30,Unemployed,225224,,No,No,Withdrawn,1720.8,2868,4,
2695,3346276,388,2023-09-04,Part-Time,170405,673.0,No,No,Withdrawn,2447.94,3709,1,.
2696,3347750,1679,2021-10-22,Self-Employed,140539,799.0,No,No,Pending,3458.52,4434,3,Missing bank statements.
2697,3348303,223,2024-05-04,Part-Time,229847,655.0,No,Yes,Approved,5432.64,0,5,Co-signer pending review.
2698,3350998,525,2020-01-01,Unemployed,180804,723.0,No,No,Approved,2102.4,2190,2,Applicant provided pay stubs.
2699,3352168,291,2022-03-12,Unemployed,79697,681.0,Yes,No,Denied,1537.92,1602,5,Flagged for manual review.
2700,3352299,41,2022-05-04,Contract,214993,781.0,No,No,Approved,1200.96,1251,3,
2701,3354023,818,2020-08-08,Self-Employed,13197,671.0,No,Yes,Approved,2419.2,4032,5,docs expired
2702,3354813,1778,2023-09-08,Student,234932,654.0,No,No,Pending,2613.6,4356,3,Applicant provided pay stubs.
2703,3355445,83,2022-05-20,Unemployed,85636,752.0,No,No,Approved,2588.04,3318,3,Applicant provided pay stubs.
2704,3356739,1244,2022-12-18,Full-Time,158303,591.0,No,Yes,Denied,6454.5,8275,3,Applicant provided pay stubs.
2705,3359003,245,2024-04-21,Self-Employed,44956,701.0,No,Yes,Approved,3173.76,3306,3,docs expired
2706,3359203,1225,2024-04-16,Retired,129947,745.0,Yes,No,Denied,1261.2,2102,3,
2707,3359910,347,2023-10-27,Part-Time,74130,689.0,No,No,Pending,2519.16,2999,5,income verified via Plaid
2708,3360394,1097,2020-09-17,Part-Time,96389,726.0,No,No,Denied,2551.56,3866,2,
2709,3361924,1629,2022-12-03,Student,42986,699.0,No,No,Pending,1609.92,2064,2,Missing bank statements.
2710,3362816,751,2021-07-25,Self-Employed,45142,693.0,No,No,Denied,1781.64,2121,4,Applicant follow-up needed
2711,3364291,1432,2022-02-13,Contract,286544,679.0,No,Yes,Pending,3642.0,6070,1,Referred by agent.
2712,3364669,1618,2023-09-26,Unemployed,144178,687.0,No,No,Denied,2655.36,2766,5,Applicant provided pay stubs.
2713,3367237,785,2022-07-24,Contract,69496,,No,No,Denied,4447.68,4633,1,docs expired
2714,3367593,1004,2022-10-14,Part-Time,100675,651.0,No,No,Approved,5247.36,5466,4,Renewal case.
2715,3369571,848,2023-12-04,Retired,111556,794.0,No,No,Approved,4599.66,5897,4,income verified via Plaid
2716,3370820,539,2022-01-13,Retired,24550,838.0,No,No,Under Review,4355.52,4537,2,.
2717,3372353,628,2023-03-25,Student,145675,737.0,No,Yes,Approved,3764.88,4482,4,Flagged for manual review.
2718,3378133,1152,2022-04-17,Contract,98575,,Yes,No,Approved,3734.94,5659,2,Renewal case.
2719,3380742,1069,2021-12-19,Unemployed,33814,586.0,No,Yes,Approved,682.44,1034,2,Missing bank statements.
2720,3381626,1461,,Unemployed,158905,658.0,No,Yes,Pending,2942.16,3772,4,
2721,3382699,193,2024-11-02,Self-Employed,69367,737.0,No,Yes,Approved,2101.44,2189,1,Renewal case.
2722,3382815,402,2021-11-26,Self-Employed,80780,721.0,Yes,Yes,Denied,1927.8,3213,5,docs expired
2723,3382896,1270,2020-06-29,Part-Time,171046,580.0,No,No,Approved,3196.8,5328,4,
2724,3384401,220,2022-11-23,Self-Employed,157146,,No,No,Approved,1652.04,2118,3,
2725,3385110,1337,2021-06-21,Unemployed,143998,760.0,No,Yes,Approved,1584.0,2400,1,
2726,3386804,1078,2023-03-03,Unemployed,70903,701.0,No,No,Approved,2930.88,3053,3,Applicant provided pay stubs.
2727,3386890,226,2024-12-17,Part-Time,254437,660.0,No,Yes,Denied,1205.1,1545,4,.
2728,3388252,366,2024-09-28,Contract,101956,597.0,No,Yes,Approved,2589.84,3924,4,Co-signer pending review.
2729,3389280,503,2021-06-18,Part-Time,205419,693.0,No,No,Pending,2761.44,4184,2,Missing bank statements.
2730,3389426,229,2021-02-22,Student,179547,632.0,No,No,Under Review,2268.48,2363,1,Flagged for manual review.
2731,3391215,1447,2022-07-24,Retired,177139,,No,No,Approved,938.34,1203,4,.
2732,3391290,39,2021-03-22,Contract,47007,755.0,Yes,No,Approved,1980.6,3301,4,
2733,3393080,879,2023-01-05,Full-Time,210015,770.0,No,No,Approved,851.52,887,3,Applicant follow-up needed
2734,3395905,793,2022-12-15,Unemployed,309323,,No,Yes,Withdrawn,5553.0,9255,5,
2735,3396177,608,2020-10-04,Unemployed,158613,711.0,No,Yes,Denied,2620.2,4367,3,
2736,3396571,867,2023-04-30,Student,83510,643.0,No,No,Approved,3325.44,3464,5,
2737,3397835,1077,,Retired,75067,739.0,Yes,Yes,Approved,1212.0,2020,5,
2738,3398287,273,2020-05-31,Unemployed,64348,833.0,No,No,Approved,4006.8,4770,1,
2739,3398966,789,2020-06-06,Full-Time,83973,603.0,Yes,Yes,Denied,673.86,1021,4,Applicant provided pay stubs.
2740,3401160,843,2024-05-22,Part-Time,213398,483.0,No,No,Approved,945.78,1433,2,
2741,3401964,563,2021-02-16,Student,148464,668.0,No,No,Denied,3285.0,5475,4,income verified via Plaid
2742,3404166,1176,2021-10-18,Self-Employed,27541,422.0,No,Yes,Approved,1410.24,1808,3,docs expired
2743,3404295,1011,2024-06-25,Part-Time,184237,769.0,Yes,No,Approved,5060.16,5271,1,Flagged for manual review.
2744,3404671,608,2021-06-24,Full-Time,161117,699.0,No,Yes,Approved,3406.26,4367,2,Missing bank statements.
2745,3405769,1463,2020-02-25,Unemployed,176422,817.0,No,No,Approved,2106.0,3510,3,
2746,3406750,80,2022-04-23,Full-Time,184813,748.0,Yes,No,Withdrawn,2992.32,3117,4,Referred by agent.
2747,3409198,1504,2020-04-29,Unemployed,225057,661.0,No,No,Approved,4743.0,7905,5,
2748,3410316,1710,2020-04-15,Self-Employed,199689,,No,Yes,Denied,3738.24,5664,5,Applicant provided pay stubs.
2749,3410685,705,2020-09-09,Contract,138715,752.0,No,No,Denied,2975.04,3099,1,docs expired
2750,3410938,635,2022-02-04,Unemployed,170437,454.0,No,No,Approved,3010.2,5017,4,Missing bank statements.
2751,3411901,1420,2023-09-05,Part-Time,229453,455.0,No,No,Approved,3012.24,4564,5,Applicant follow-up needed
2752,3412437,1363,2020-01-10,Student,209845,646.0,Yes,Yes,Denied,1178.76,1786,3,Co-signer pending review.
2753,3413329,1481,2020-02-14,Student,123232,771.0,No,No,Approved,1429.44,1489,3,Applicant follow-up needed
2754,3413361,582,2023-02-11,Full-Time,232718,740.0,No,Yes,Approved,2122.56,2211,4,Applicant provided pay stubs.
2755,3413901,353,2022-02-16,Student,187676,593.0,Yes,No,Approved,1615.68,2448,5,income verified via Plaid
2756,3414039,775,2020-06-26,Student,68967,647.0,No,No,Denied,673.8,1123,4,Missing bank statements.
2757,3414222,752,2023-10-25,Self-Employed,247563,790.0,Yes,Yes,Approved,3303.36,3441,1,Referred by agent.
2758,3417442,1726,2023-01-31,Self-Employed,71011,791.0,No,No,Denied,3427.2,3570,2,Applicant provided pay stubs.
2759,3418078,1610,2024-12-13,Unemployed,126361,675.0,Yes,No,Denied,2370.42,3039,4,docs expired
2760,3419409,1149,2022-05-16,Full-Time,242273,730.0,No,Yes,Withdrawn,5624.58,7211,4,income verified via Plaid
2761,3420114,591,2021-10-28,Unemployed,46790,764.0,No,Yes,Pending,2546.28,3858,3,
2762,3420292,654,2022-11-16,Retired,197316,774.0,No,No,Denied,2968.32,3092,3,Co-signer pending review.
2763,3421322,293,2023-01-28,Self-Employed,148669,602.0,No,No,Approved,2007.72,3042,3,Applicant follow-up needed
2764,3421345,1351,2023-11-27,Retired,34909,615.0,No,No,Pending,2772.66,4201,3,
2765,3422788,1678,2020-06-25,Student,110514,756.0,No,No,Pending,2027.22,2599,3,Applicant follow-up needed
2766,3424007,1163,2022-09-19,Student,233585,723.0,No,No,Denied,1395.9,2115,4,Applicant follow-up needed
2767,3425120,261,2023-03-08,Part-Time,185762,618.0,No,No,Denied,1488.24,1908,5,Flagged for manual review.
2768,3425329,1736,2022-10-03,Unemployed,151300,712.0,No,Yes,Pending,1909.8,3183,2,Referred by agent.
2769,3428076,821,2023-09-26,Unemployed,29985,,No,No,Approved,2424.0,2525,1,Co-signer pending review.
2770,3428182,942,2024-11-02,Contract,241133,,Yes,No,Approved,1769.04,2106,3,Renewal case.
2771,3428457,983,2021-12-14,Full-Time,241900,754.0,No,No,Approved,5136.78,7783,5,.
2772,3429786,233,2022-12-23,Contract,120889,743.0,No,Yes,Denied,1794.6,2991,2,Referred by agent.
2773,3431191,1229,2020-01-23,Unemployed,38593,689.0,No,No,Denied,7371.0,9450,5,docs expired
2774,3434049,1123,2020-08-28,Full-Time,167583,690.0,No,No,Approved,1137.18,1723,3,docs expired
2775,3434386,482,2023-07-19,Student,117492,354.0,No,No,Pending,762.0,1270,2,Renewal case.
2776,3435971,1151,2020-12-01,Unemployed,158614,731.0,Yes,No,Approved,3301.8,5503,1,income verified via Plaid
2777,3436393,31,2023-06-26,Self-Employed,236871,534.0,No,Yes,Under Review,2793.96,3582,3,
2778,3438835,1391,2022-11-09,Student,112156,738.0,Yes,No,Denied,1867.2,1945,1,
2779,3439707,1166,2021-10-12,Retired,73530,,No,No,Denied,1848.96,1926,3,Renewal case.
2780,3440690,910,2024-05-17,Unemployed,181861,713.0,No,No,Approved,1614.36,2446,1,Flagged for manual review.
2781,3441030,168,2023-12-30,Contract,44857,679.0,No,No,Approved,1112.76,1686,5,Referred by agent.
2782,3442199,568,,Retired,216541,694.0,Yes,Yes,Approved,2375.52,2828,4,
2783,3442481,755,2024-10-04,Self-Employed,34730,523.0,No,No,Approved,4778.28,6126,5,income verified via Plaid
2784,3446725,457,2023-12-06,Unemployed,246675,,No,Yes,Denied,2616.6,4361,3,Referred by agent.
2785,3451812,1475,2020-08-25,Contract,168893,,Yes,No,Approved,1447.68,1856,5,
2786,3454445,487,2022-11-04,Student,55167,,No,No,Denied,2027.76,2414,5,
2787,3454541,375,2024-08-04,Retired,201923,616.0,No,Yes,Approved,2637.12,2747,1,Flagged for manual review.
2788,3454989,409,2020-03-29,Self-Employed,48879,,Yes,Yes,Approved,4195.2,6992,3,
2789,3455113,1225,2020-05-31,Contract,23511,,Yes,Yes,Approved,1261.2,2102,2,Missing bank statements.
2790,3456217,1596,2022-03-02,Unemployed,205433,738.0,No,No,Denied,4768.8,7948,3,income verified via Plaid
2791,3456479,580,2022-09-08,Self-Employed,168217,791.0,Yes,No,Pending,2503.2,2980,2,.
2792,3461236,1446,2022-04-09,Unemployed,230562,,No,No,Denied,2225.4,3709,4,Co-signer pending review.
2793,3461287,573,2020-03-24,Self-Employed,128066,687.0,No,No,Approved,2269.68,2702,2,Referred by agent.
2794,3462595,1115,,Full-Time,29255,704.0,No,No,Approved,3810.24,3969,5,
2795,3462869,1300,2022-01-07,Retired,174200,391.0,No,Yes,Denied,1962.0,3270,1,Applicant follow-up needed
2796,3465696,308,2022-11-05,Self-Employed,173364,848.0,Yes,No,Withdrawn,2894.1,4385,4,
2797,3467003,1548,2023-03-16,Self-Employed,145909,776.0,No,No,Approved,4288.2,7147,5,Applicant follow-up needed
2798,3467825,963,2024-02-06,Contract,192660,721.0,No,No,Withdrawn,572.22,867,4,
2799,3470452,449,2022-11-04,Student,8472,727.0,No,No,Denied,2151.36,2241,2,Renewal case.
2800,3472954,699,2023-05-19,Retired,112256,632.0,No,Yes,Approved,2364.0,3940,2,
2801,3475201,1152,2024-05-09,Contract,184757,593.0,No,No,Pending,3734.94,5659,3,income verified via Plaid
2802,3475359,1627,2021-11-07,Unemployed,195937,838.0,Yes,No,Denied,5037.12,5247,3,
2803,3475988,961,2022-03-29,Self-Employed,209343,784.0,No,Yes,Denied,1599.36,1666,1,docs expired
2804,3479116,1233,2020-02-24,Unemployed,79015,761.0,No,No,Denied,2088.06,2677,2,Applicant provided pay stubs.
2805,3480603,211,2023-02-21,Retired,121843,828.0,No,No,Approved,854.4,1424,5,Co-signer pending review.
2806,3482055,1197,2022-03-04,Contract,24075,767.0,Yes,Yes,Approved,1935.36,2304,2,
2807,3482401,1217,2021-01-05,Contract,144789,797.0,No,No,Denied,1782.0,2970,3,Missing bank statements.
2808,3483140,464,2021-12-10,Contract,197893,837.0,No,Yes,Pending,4290.72,5108,1,
2809,3483346,1504,2022-03-28,Unemployed,64048,754.0,Yes,No,Withdrawn,6640.2,7905,2,
2810,3484002,545,2020-02-26,Contract,23985,738.0,No,No,Approved,2273.04,3444,3,Referred by agent.
2811,3485398,727,2021-03-09,Self-Employed,156917,752.0,No,No,Approved,3603.84,3754,1,Missing bank statements.
2812,3489910,1677,2023-04-11,Full-Time,154300,396.0,No,No,Approved,571.56,866,2,Co-signer pending review.
2813,3490562,287,2020-12-12,Contract,52805,628.0,No,Yes,Approved,4678.8,5570,2,
2814,3490664,1473,2022-04-18,Full-Time,40484,791.0,No,No,Approved,3099.36,4696,3,Missing bank statements.
2815,3491182,1472,2021-07-26,Part-Time,172676,597.0,Yes,No,Approved,4522.98,6853,4,income verified via Plaid
2816,3493265,101,2020-10-21,Contract,18406,737.0,No,Yes,Pending,1728.6,2881,2,
2817,3494568,551,2024-04-29,Contract,23477,554.0,Yes,No,Withdrawn,4019.4,4785,4,Referred by agent.
2818,3494775,74,2021-12-17,Full-Time,168907,677.0,No,No,Denied,8361.36,9954,3,Flagged for manual review.
2819,3496127,369,2020-08-14,Contract,131377,770.0,No,Yes,Withdrawn,1358.28,1617,3,Co-signer pending review.
2820,3496880,189,2020-02-11,Unemployed,23858,715.0,Yes,No,Approved,2131.8,3230,2,docs expired
2821,3497101,31,2022-12-27,Student,240320,,No,No,Denied,2793.96,3582,5,Renewal case.
2822,3498549,890,2021-07-18,Student,296571,788.0,No,No,Approved,11211.84,11679,3,Renewal case.
2823,3498572,1193,2020-06-22,Full-Time,79411,775.0,Yes,Yes,Denied,4093.32,4873,2,docs expired
2824,3500255,219,2023-02-04,Retired,230039,718.0,No,Yes,Approved,1468.8,2448,4,
2825,3501129,1320,2020-03-08,Contract,230153,757.0,No,No,Approved,4705.68,5602,4,
2826,3502121,885,2023-12-01,Full-Time,217918,606.0,No,Yes,Approved,1790.4,1865,4,
2827,3502503,220,2023-01-10,Student,242420,650.0,No,Yes,Approved,1397.88,2118,4,docs expired
2828,3502575,439,2020-12-13,Part-Time,153877,798.0,Yes,Yes,Denied,1281.72,1942,5,Applicant provided pay stubs.
2829,3505849,677,2022-10-20,Unemployed,203536,692.0,No,Yes,Withdrawn,1753.92,1827,3,
2830,3507444,803,2024-08-04,Full-Time,109269,637.0,Yes,No,Denied,5046.0,8410,4,
2831,3509517,1442,2020-02-12,Contract,165078,709.0,No,Yes,Pending,2266.32,2698,3,Missing bank statements.
2832,3509691,1448,2023-06-01,Full-Time,137670,786.0,No,No,Withdrawn,2422.56,2884,1,docs expired
2833,3510952,1219,2022-03-14,Contract,155824,,No,Yes,Denied,2429.7,3115,1,docs expired
2834,3511523,1789,2023-08-06,Full-Time,131345,433.0,No,No,Denied,2348.58,3011,3,
2835,3512649,758,2023-12-01,Unemployed,26498,427.0,No,No,Approved,1383.36,2096,1,Renewal case.
2836,3514340,1702,2022-05-04,Part-Time,202935,728.0,No,No,Approved,2162.88,2253,3,Renewal case.
2837,3514917,68,2024-05-03,Unemployed,183968,797.0,No,No,Approved,1055.88,1257,3,Missing bank statements.
2838,3516404,930,2022-08-09,Self-Employed,200704,594.0,No,No,Approved,1391.28,2108,1,
2839,3519373,1281,2020-12-14,Part-Time,64872,302.0,No,Yes,Denied,3020.64,3596,4,
2840,3525335,819,2023-10-10,Student,151303,704.0,No,Yes,Pending,3439.02,4409,2,
2841,3528374,174,2023-03-29,Self-Employed,74136,,No,Yes,Approved,1452.0,2420,3,income verified via Plaid
2842,3528732,1304,2023-11-13,Unemployed,108256,,No,No,Approved,10942.08,11398,1,
2843,3530119,1609,2023-01-17,Student,50137,645.0,No,Yes,Approved,3451.2,5752,5,Missing bank statements.
2844,3530983,528,2023-06-12,Contract,145243,589.0,No,Yes,Pending,4829.76,6192,5,income verified via Plaid
2845,3531550,1428,2020-10-27,Part-Time,193294,791.0,No,No,Denied,4613.4,7689,2,docs expired
2846,3533640,1527,2024-09-21,Student,153543,685.0,Yes,Yes,Approved,715.2,1192,4,Renewal case.
2847,3536606,1279,2020-12-16,Retired,240242,743.0,No,Yes,Pending,4546.56,4736,4,income verified via Plaid
2848,3537410,153,2022-10-09,Full-Time,211740,618.0,No,Yes,Denied,2938.98,4453,1,
2849,3537891,553,2020-10-28,Part-Time,145148,621.0,No,Yes,Approved,2947.8,4913,3,Flagged for manual review.
2850,3538952,439,2023-04-06,Part-Time,25129,798.0,No,No,Denied,1165.2,0,4,
2851,3539510,989,2021-10-21,Part-Time,181229,715.0,No,Yes,Denied,1108.8,1848,3,Referred by agent.
2852,3540802,1225,2022-07-30,Self-Employed,29962,438.0,Yes,Yes,Approved,1639.56,2102,5,Missing bank statements.
2853,3541462,208,2023-06-27,Part-Time,213095,809.0,No,No,Approved,562.98,853,4,Applicant provided pay stubs.
2854,3542741,210,2023-05-28,Unemployed,164220,722.0,No,Yes,Approved,2183.04,2274,5,
2855,3543696,677,2023-10-22,Unemployed,126071,769.0,Yes,Yes,Approved,1096.2,1827,2,Missing bank statements.
2856,3545614,995,2024-09-27,Unemployed,51837,698.0,No,Yes,Approved,3583.2,5972,3,Applicant follow-up needed
2857,3545864,619,2020-03-13,Part-Time,44675,,Yes,No,Approved,6163.2,10272,4,Co-signer pending review.
2858,3547234,655,2023-10-31,Part-Time,277620,677.0,Yes,Yes,Approved,3695.04,3849,1,docs expired
2859,3547968,1269,2022-12-25,Self-Employed,53467,773.0,No,No,Approved,1571.46,2381,3,Applicant follow-up needed
2860,3549152,580,2022-09-29,Student,45147,,No,No,Denied,2503.2,2980,3,Co-signer pending review.
2861,3549954,1693,2023-11-05,Contract,106275,769.0,No,No,Under Review,1734.72,1807,1,Flagged for manual review.
2862,3549992,186,2024-09-10,Self-Employed,6524,681.0,No,Yes,Denied,3472.32,3617,5,Flagged for manual review.
2863,3551225,899,2024-06-06,Retired,29099,845.0,No,No,Withdrawn,1107.48,1678,2,docs expired
2864,3551301,1054,2022-03-13,Unemployed,200900,606.0,No,No,Under Review,1276.8,2128,4,
2865,3552037,1427,2023-05-12,Retired,216240,492.0,No,No,Denied,3390.24,4036,4,docs expired
2866,3552663,136,2021-12-08,Self-Employed,146563,333.0,No,No,Pending,1098.72,0,2,Renewal case.
2867,3553143,39,2022-05-07,Part-Time,247333,770.0,No,Yes,Denied,1980.6,3301,3,
2868,3553470,1286,2021-06-29,Part-Time,164575,685.0,No,Yes,Approved,1890.84,2251,4,Applicant follow-up needed
2869,3556312,1729,,Contract,2048,731.0,Yes,Yes,Approved,696.36,829,3,
2870,3557279,190,2021-02-15,Full-Time,201920,730.0,Yes,Yes,Approved,4449.9,5705,4,Referred by agent.
2871,3558828,773,2024-02-29,Contract,96487,532.0,No,No,Approved,3290.28,3917,5,Referred by agent.
2872,3558914,639,2024-07-29,Contract,234402,551.0,Yes,Yes,Denied,3441.48,4097,4,
2873,3560325,194,2023-11-03,Full-Time,73287,637.0,Yes,No,Pending,2739.6,4566,2,Applicant provided pay stubs.
2874,3563810,781,,Unemployed,281128,771.0,Yes,No,Denied,1998.0,3330,4,
2875,3564152,1227,2022-02-08,Part-Time,185358,,No,No,Approved,2160.0,2250,5,Missing bank statements.
2876,3564184,1649,2024-01-27,Retired,110327,826.0,No,No,Approved,2705.28,2818,2,Applicant provided pay stubs.
2877,3564639,1749,,Student,210627,798.0,No,Yes,Under Review,1122.0,1870,2,docs expired
2878,3565309,1211,2023-07-27,Part-Time,226330,,No,Yes,Under Review,1150.38,1743,3,Applicant provided pay stubs.
2879,3567305,1587,2024-08-19,Unemployed,206760,,No,No,Withdrawn,2945.28,3776,5,
2880,3568194,1413,2024-05-10,Part-Time,185300,723.0,No,Yes,Denied,2315.88,2757,5,Missing bank statements.
2881,3570183,978,2021-11-20,Student,87268,456.0,Yes,No,Approved,984.36,1262,4,
2882,3573558,1208,2022-09-10,Part-Time,202879,757.0,No,No,Approved,1140.0,1900,4,Applicant follow-up needed
2883,3577623,502,2020-11-10,Unemployed,80203,816.0,No,No,Approved,4345.32,5173,3,Missing bank statements.
2884,3579011,1555,2020-10-29,Retired,111654,625.0,No,No,Approved,653.4,990,2,Co-signer pending review.
2885,3579206,617,2020-04-27,Full-Time,13629,805.0,No,No,Approved,2156.88,3268,4,
2886,3581137,964,2024-02-29,Contract,279880,710.0,Yes,No,Approved,2811.6,4260,5,income verified via Plaid
2887,3583502,878,,Self-Employed,236412,727.0,No,Yes,Under Review,937.2,1562,1,Flagged for manual review.
2888,3584054,694,2020-08-12,Student,185136,742.0,No,No,Pending,1185.0,1975,1,docs expired
2889,3585984,298,2022-11-22,Full-Time,80503,,No,No,Approved,10452.48,10888,4,
2890,3590102,320,2021-03-23,Retired,68361,564.0,No,No,Withdrawn,2379.72,2833,1,docs expired
2891,3590858,1430,2022-11-15,Full-Time,221449,609.0,No,No,Under Review,1027.8,1713,4,Applicant provided pay stubs.
2892,3592039,372,2021-07-08,Unemployed,151363,741.0,No,No,Denied,1406.16,1674,1,.
2893,3592617,1306,2022-07-24,Full-Time,47073,744.0,No,No,Approved,1639.68,1952,1,Renewal case.
2894,3592807,215,2020-07-04,Contract,71256,,Yes,No,Approved,531.6,886,1,.
2895,3594498,848,2023-06-18,Student,120886,719.0,No,Yes,Denied,4953.48,5897,2,Applicant follow-up needed
2896,3595282,283,2022-05-26,Retired,28220,712.0,No,No,Approved,3050.88,3178,4,Applicant provided pay stubs.
2897,3595911,1716,2024-03-19,Part-Time,224104,743.0,No,No,Denied,2449.44,2916,3,.
2898,3598148,23,2024-10-07,Retired,74757,625.0,No,No,Under Review,2834.52,3634,2,Applicant provided pay stubs.
2899,3600713,418,2021-10-25,Retired,96817,735.0,Yes,No,Denied,2277.0,3450,2,Flagged for manual review.
2900,3600871,778,2023-11-03,Self-Employed,112344,796.0,No,Yes,Approved,1634.1,2095,1,Applicant provided pay stubs.
2901,3600873,446,2022-12-09,Unemployed,248294,335.0,No,No,Pending,2453.88,3146,2,.
2902,3600950,267,2022-06-20,Part-Time,101055,395.0,Yes,No,Approved,5771.22,7399,1,income verified via Plaid
2903,3602894,1589,2022-07-31,Unemployed,84122,611.0,No,No,Denied,2753.28,2868,1,Applicant follow-up needed
2904,3605543,249,2023-08-06,Part-Time,191369,534.0,No,Yes,Approved,2760.12,4182,5,
2905,3606026,1050,2024-08-18,Retired,22325,784.0,No,No,Denied,1420.44,1691,2,
2906,3606317,428,2020-03-13,Self-Employed,171452,725.0,No,Yes,Pending,918.12,1093,3,Flagged for manual review.
2907,3607106,898,2021-02-22,Unemployed,241846,,Yes,No,Withdrawn,1692.6,2015,4,Applicant provided pay stubs.
2908,3610993,1492,2024-01-28,Part-Time,39535,684.0,Yes,No,Pending,5197.44,5414,3,Missing bank statements.
2909,3612926,1746,2021-05-30,Part-Time,185813,732.0,No,Yes,Denied,2659.2,2770,1,Renewal case.
2910,3613126,372,2020-09-03,Contract,122966,850.0,No,Yes,Pending,1305.72,1674,5,
2911,3613683,1396,2024-03-02,Contract,67845,682.0,No,Yes,Approved,2458.56,3152,1,.
2912,3615504,231,2020-05-24,Full-Time,111951,804.0,No,No,Pending,6999.36,7291,5,Applicant provided pay stubs.
2913,3616977,264,2021-09-14,Unemployed,244582,823.0,No,No,Denied,934.56,1416,2,docs expired
2914,3617317,601,2024-05-26,Student,19223,369.0,Yes,Yes,Approved,1112.1,1685,5,
2915,3617580,1310,,Full-Time,165051,,No,No,Approved,3657.6,3810,1,docs expired
2916,3619005,1466,2023-05-01,Full-Time,246700,600.0,No,Yes,Approved,1148.16,1196,2,Flagged for manual review.
2917,3621862,280,2024-02-17,Unemployed,109829,757.0,No,Yes,Approved,1176.0,0,5,Renewal case.
2918,3622838,1094,2024-03-11,Contract,230760,341.0,No,No,Denied,2046.24,2436,2,Renewal case.
2919,3623103,1621,2022-07-05,Student,129360,648.0,No,No,Approved,4511.76,6836,2,Renewal case.
2920,3626036,451,2024-01-26,Part-Time,48896,515.0,No,No,Under Review,3598.32,5452,2,Flagged for manual review.
2921,3626255,1590,2023-12-13,Retired,94452,,No,Yes,Approved,1195.32,1423,5,
2922,3626670,303,2021-01-12,Retired,243077,765.0,No,No,Pending,4400.76,5239,3,
2923,3628714,913,2020-04-15,Contract,72121,647.0,No,No,Pending,574.86,871,2,
2924,3629184,1765,2024-07-14,Retired,137787,712.0,No,No,Under Review,2426.4,4044,5,income verified via Plaid
2925,3629415,223,2024-02-19,Unemployed,53375,772.0,No,Yes,Approved,4414.02,5659,4,docs expired
2926,3631168,1707,2024-08-21,Self-Employed,188474,713.0,No,Yes,Withdrawn,4648.8,5960,4,Referred by agent.
2927,3636654,1710,2021-12-04,Student,217334,787.0,No,No,Approved,5437.44,5664,3,income verified via Plaid
2928,3637300,60,,Contract,208120,737.0,No,No,Denied,697.2,1162,1,Co-signer pending review.
2929,3637640,557,2024-11-18,Part-Time,36998,787.0,No,Yes,Denied,2134.2,3557,4,income verified via Plaid
2930,3638045,708,2020-04-10,Student,231251,617.0,Yes,No,Under Review,3555.42,5387,4,Applicant provided pay stubs.
2931,3638258,704,2020-12-28,Contract,137569,686.0,No,No,Approved,2468.4,4114,1,Applicant follow-up needed
2932,3639183,29,2023-07-28,Self-Employed,312421,469.0,No,Yes,Approved,1758.6,2931,5,
2933,3642646,1168,2022-10-25,Retired,61001,661.0,Yes,Yes,Approved,4011.0,4775,4,Applicant follow-up needed
2934,3643295,1371,2024-12-28,Student,235207,302.0,No,No,Approved,3081.0,3950,2,Missing bank statements.
2935,3644959,409,2020-08-02,Contract,34684,720.0,No,No,Denied,4195.2,6992,3,Flagged for manual review.
2936,3646591,1541,2022-06-08,Student,180674,743.0,No,Yes,Denied,3978.0,6630,4,
2937,3646881,466,2021-10-13,Self-Employed,248429,754.0,No,No,Approved,2835.0,3375,4,Missing bank statements.
2938,3647140,759,2021-05-09,Contract,107273,,Yes,No,Approved,4716.6,7861,4,Missing bank statements.
2939,3648611,3,2020-01-18,Contract,69711,771.0,No,No,Withdrawn,1197.84,1426,1,Applicant follow-up needed
2940,3648951,1165,2023-08-19,Retired,57954,816.0,Yes,Yes,Pending,748.44,891,2,Applicant provided pay stubs.
2941,3651338,264,2022-11-01,Contract,241672,847.0,No,No,Approved,1104.48,1416,5,docs expired
2942,3653802,504,2020-08-23,Unemployed,60806,821.0,No,No,Under Review,3073.2,3940,2,Applicant provided pay stubs.
2943,3654366,970,2024-09-13,Part-Time,366000,751.0,No,Yes,Approved,1807.08,2738,4,income verified via Plaid
2944,3654912,589,2023-12-21,Retired,6599,602.0,Yes,No,Approved,2210.88,2632,5,
2945,3658281,1123,2023-09-13,Full-Time,94208,781.0,No,No,Approved,1447.32,0,1,
2946,3658375,1435,2023-04-22,Self-Employed,220999,817.0,No,Yes,Approved,2829.84,3628,5,Renewal case.
2947,3664089,1285,2022-10-06,Contract,2227,722.0,No,No,Approved,3565.8,4245,3,.
2948,3665201,1192,2023-02-05,Unemployed,286185,720.0,No,No,Withdrawn,7175.28,8542,5,Missing bank statements.
2949,3669102,1248,2020-02-06,Part-Time,141948,739.0,No,No,Withdrawn,7039.2,8380,2,Missing bank statements.
2950,3669520,589,2020-02-03,Self-Employed,76118,808.0,No,No,Approved,1737.12,2632,5,Applicant follow-up needed
2951,3669718,1300,2023-03-27,Unemployed,238335,583.0,No,Yes,Approved,1990.8,2370,4,docs expired
2952,3670096,178,2020-03-30,Self-Employed,204900,756.0,No,Yes,Approved,2329.14,3529,1,Co-signer pending review.
2953,3670689,1259,2022-01-03,Full-Time,67683,594.0,No,Yes,Approved,7803.84,11824,5,Flagged for manual review.
2954,3670759,496,2020-08-12,Self-Employed,151088,754.0,Yes,No,Approved,1720.2,2867,3,Referred by agent.
2955,3671687,240,2023-06-21,Unemployed,185088,749.0,Yes,Yes,Pending,2639.34,3999,5,
2956,3672073,912,2021-07-10,Contract,225369,,No,No,Pending,2061.18,3123,5,Referred by agent.
2957,3672546,1445,2021-08-19,Full-Time,132504,747.0,No,Yes,Denied,5010.0,8350,4,.
2958,3674447,1275,2021-12-10,Unemployed,242793,574.0,Yes,No,Denied,1971.0,3285,3,Applicant follow-up needed
2959,3675502,1261,2020-09-24,Student,160274,318.0,No,No,Approved,943.8,1573,5,
2960,3676147,1566,2020-02-16,Student,54553,772.0,No,Yes,Approved,1118.04,1694,1,
2961,3676192,162,2021-10-19,Unemployed,241570,741.0,No,Yes,Withdrawn,998.76,1189,2,Applicant provided pay stubs.
2962,3678711,223,2022-08-02,Retired,134700,830.0,No,Yes,Approved,3734.94,5659,1,Missing bank statements.
2963,3684741,835,2021-12-08,Self-Employed,156347,603.0,No,Yes,Pending,2867.52,2987,2,.
2964,3685038,1764,2021-11-15,Unemployed,190543,375.0,No,No,Approved,4604.88,5482,3,income verified via Plaid
2965,3685285,1584,2024-11-22,Student,111110,,No,No,Pending,1235.52,1872,3,Flagged for manual review.
2966,3690773,332,2021-07-29,Unemployed,195532,,No,No,Denied,1380.6,2301,2,Co-signer pending review.
2967,3691106,955,2020-11-07,Retired,110282,651.0,No,No,Approved,2155.44,2566,2,Co-signer pending review.
2968,3691779,1033,2021-08-17,Self-Employed,242207,764.0,Yes,No,Approved,1707.6,2846,5,Applicant follow-up needed
2969,3691934,1303,2021-04-03,Student,181530,760.0,No,Yes,Approved,5998.08,6248,3,.
2970,3693164,1719,2023-05-05,Contract,135211,762.0,No,Yes,Approved,1811.4,3019,3,Missing bank statements.
2971,3694004,175,2023-06-15,Unemployed,240349,742.0,No,No,Pending,3985.2,6642,5,income verified via Plaid
2972,3695378,1045,2021-06-27,Full-Time,171329,748.0,No,Yes,Approved,4365.12,4547,5,Renewal case.
2973,3696202,842,2021-11-11,Student,193705,,No,Yes,Pending,616.8,1028,2,Referred by agent.
2974,3697308,384,2021-02-13,Retired,201853,737.0,No,No,Approved,3822.6,6371,5,Applicant follow-up needed
2975,3697463,106,2021-05-14,Contract,100722,688.0,No,No,Denied,2857.8,4330,3,income verified via Plaid
2976,3697663,1182,2020-01-11,Part-Time,283974,774.0,No,No,Approved,4698.24,4894,3,income verified via Plaid
2977,3701017,251,2023-10-16,Self-Employed,58717,725.0,No,Yes,Approved,1362.24,1419,5,Referred by agent.
2978,3701046,1795,2020-01-11,Student,191427,402.0,No,Yes,Pending,3895.2,6492,5,docs expired
2979,3702962,612,2021-10-01,Student,170045,654.0,No,Yes,Approved,4708.8,7848,1,
2980,3704028,1263,2021-02-20,Part-Time,219311,703.0,No,No,Approved,1956.24,2964,1,
2981,3704327,1748,2020-08-14,Full-Time,77598,,No,Yes,Denied,1446.72,1507,1,.
2982,3705724,370,2021-04-27,Unemployed,189987,626.0,No,No,Approved,2717.4,4529,5,Co-signer pending review.
2983,3705775,1658,2024-01-18,Unemployed,235379,840.0,No,Yes,Withdrawn,2722.2,3490,3,income verified via Plaid
2984,3706720,410,2023-04-25,Part-Time,232301,554.0,No,Yes,Denied,997.92,1188,2,
2985,3707076,1041,2022-07-12,Full-Time,207081,744.0,No,No,Approved,2920.32,3042,3,Flagged for manual review.
2986,3707207,1279,2021-01-27,Contract,211896,728.0,No,No,Approved,3978.24,4736,1,.
2987,3707321,500,2021-11-26,Self-Employed,129156,590.0,No,Yes,Approved,1213.68,1556,1,
2988,3708329,808,2024-10-25,Part-Time,59931,712.0,No,No,Withdrawn,1293.24,1658,2,
2989,3709367,838,2020-08-07,Retired,140938,582.0,No,No,Approved,5878.08,6123,1,
2990,3710985,1445,2024-06-27,Part-Time,118878,,No,No,Denied,5010.0,8350,1,Applicant provided pay stubs.
2991,3710998,1654,2022-08-29,Unemployed,8622,735.0,No,No,Pending,2695.68,3456,1,
2992,3711187,861,2024-06-15,Part-Time,209432,790.0,No,No,Approved,2959.68,3083,4,income verified via Plaid
2993,3712772,1409,2023-07-12,Unemployed,244391,,No,Yes,Approved,3155.52,3287,1,Flagged for manual review.
2994,3713065,613,2020-08-30,Student,145499,,No,No,Denied,4299.36,5512,1,Applicant provided pay stubs.
2995,3715724,672,2022-05-08,Retired,86771,786.0,No,Yes,Approved,2786.16,3572,5,Renewal case.
2996,3717587,81,2024-11-10,Student,59421,741.0,No,Yes,Pending,2487.42,3189,1,Co-signer pending review.
2997,3718727,640,2022-12-18,Contract,157253,398.0,No,Yes,Denied,3634.56,3786,5,Flagged for manual review.
2998,3720002,1269,2024-11-18,Full-Time,91814,756.0,No,No,Denied,1857.18,2381,4,Applicant follow-up needed
2999,3720179,726,2024-06-17,Part-Time,17339,628.0,No,No,Withdrawn,1483.56,1902,4,Co-signer pending review.
3000,3720479,1257,2024-02-06,Part-Time,221754,716.0,Yes,No,Approved,974.4,1015,2,Missing bank statements.
3001,3721613,652,2023-03-31,Contract,236329,,No,Yes,Approved,3177.72,3783,1,
3002,3722688,1179,2020-12-29,Self-Employed,109404,695.0,No,No,Approved,5030.22,6449,5,Flagged for manual review.
3003,3724809,1760,2020-01-30,Unemployed,73983,647.0,No,Yes,Denied,1263.0,2105,2,
3004,3725960,1472,2023-03-10,Self-Employed,46268,784.0,No,Yes,Approved,4111.8,6853,3,Applicant provided pay stubs.
3005,3727624,78,2020-08-16,Part-Time,116494,675.0,No,No,Pending,1535.82,1969,3,Flagged for manual review.
3006,3727653,616,2024-03-17,Full-Time,206329,746.0,No,No,Approved,4095.3,6205,2,Referred by agent.
3007,3729018,781,2024-04-03,Part-Time,101500,696.0,Yes,No,Denied,2597.4,3330,4,Missing bank statements.
3008,3731568,1793,2022-08-25,Full-Time,18092,681.0,No,No,Approved,2109.36,3196,3,Missing bank statements.
3009,3732593,965,2023-05-06,Full-Time,114316,546.0,Yes,Yes,Approved,2201.16,2822,3,Referred by agent.
3010,3733087,935,2020-07-09,Part-Time,18903,742.0,No,No,Denied,2391.6,3986,4,docs expired
3011,3735981,1127,2023-03-22,Part-Time,107347,752.0,No,No,Approved,2723.76,3492,1,Co-signer pending review.
3012,3737319,923,2020-02-14,Full-Time,188025,819.0,No,No,Denied,2178.6,3631,3,.
3013,3738205,4,2020-12-19,Retired,138020,748.0,No,No,Denied,1661.76,1731,2,.
3014,3739279,378,2024-11-11,Unemployed,147616,496.0,Yes,Yes,Withdrawn,1484.34,1903,3,
3015,3740090,371,2021-02-27,Full-Time,169104,616.0,No,No,Pending,1365.0,2275,1,Renewal case.
3016,3743792,121,2021-04-09,Full-Time,37080,684.0,No,Yes,Approved,1325.22,1699,3,Applicant follow-up needed
3017,3746291,1636,2020-04-06,Part-Time,64316,591.0,No,Yes,Under Review,7582.08,11488,1,
3018,3746446,1546,2021-12-28,Student,93326,793.0,No,Yes,Denied,1234.2,1870,2,Applicant follow-up needed
3019,3746991,1052,2020-09-07,Contract,107286,651.0,No,Yes,Pending,2085.0,3475,2,Renewal case.
3020,3747110,1260,2022-03-03,Contract,246828,795.0,No,Yes,Approved,2198.04,2818,5,.
3021,3754540,210,2022-05-14,Full-Time,18257,804.0,Yes,No,Pending,1910.16,2274,2,
3022,3755681,1281,2023-03-04,Full-Time,171113,483.0,No,No,Approved,3452.16,3596,1,income verified via Plaid
3023,3755795,1240,2022-02-08,Student,20342,722.0,No,No,Withdrawn,4845.12,5047,3,Flagged for manual review.
3024,3755814,486,2023-04-25,Student,221745,772.0,No,Yes,Approved,1537.2,2562,4,Missing bank statements.
3025,3758600,1247,2020-06-28,Unemployed,32012,655.0,No,Yes,Pending,3239.94,4909,2,docs expired
3026,3759459,1633,2024-11-10,Student,29803,,Yes,Yes,Denied,1821.6,2760,3,.
3027,3759681,1003,2023-11-08,Student,63856,843.0,No,Yes,Approved,6814.08,8736,4,Renewal case.
3028,3761451,227,2022-04-06,Unemployed,211073,716.0,No,Yes,Withdrawn,778.2,1297,1,.
3029,3764040,951,2022-09-22,Retired,203563,826.0,No,Yes,Approved,2072.28,2467,1,income verified via Plaid
3030,3764061,524,2021-03-11,Full-Time,207345,347.0,Yes,No,Denied,2376.66,3601,2,
3031,3764990,1163,2024-12-28,Unemployed,69909,778.0,No,Yes,Denied,1767.0,2945,2,Applicant follow-up needed
3032,3767036,1755,2023-03-06,Contract,97416,443.0,Yes,Yes,Denied,2353.68,2802,1,Renewal case.
3033,3768818,1008,2021-06-11,Student,21230,810.0,No,Yes,Approved,5038.2,8397,3,.
3034,3769125,400,2022-05-16,Unemployed,32724,372.0,No,No,Denied,4589.52,5884,5,Missing bank statements.
3035,3769405,948,2021-07-21,Part-Time,18126,669.0,No,Yes,Approved,4190.94,5373,5,Flagged for manual review.
3036,3770476,1331,2024-03-27,Part-Time,95826,600.0,No,Yes,Pending,3395.28,4042,1,Co-signer pending review.
3037,3770958,78,2024-12-18,Full-Time,153650,620.0,No,No,Approved,1653.96,1969,2,
3038,3772214,1531,2022-03-05,Part-Time,73205,700.0,No,Yes,Withdrawn,1239.0,2065,5,income verified via Plaid
3039,3778959,675,2024-06-07,Student,93365,,No,No,Approved,2936.7,3765,4,.
3040,3779085,1544,2024-08-08,Full-Time,238557,782.0,Yes,No,Approved,1185.6,1976,3,
3041,3780567,85,2021-01-23,Full-Time,220639,721.0,No,No,Denied,1209.0,1550,3,Co-signer pending review.
3042,3781124,892,2020-11-18,Unemployed,46097,,No,Yes,Approved,2774.52,0,1,Applicant provided pay stubs.
3043,3782145,577,2023-02-20,Student,203527,653.0,No,Yes,Denied,1186.8,1978,5,Missing bank statements.
3044,3784681,691,2024-04-02,Retired,21357,850.0,No,No,Denied,1952.34,2503,1,Applicant follow-up needed
3045,3787056,1411,2024-09-07,Part-Time,249981,606.0,No,No,Approved,1116.6,1861,3,
3046,3787380,162,2021-05-23,Contract,192067,793.0,No,Yes,Approved,784.74,1189,1,Co-signer pending review.
3047,3787589,432,2021-10-05,Retired,230119,682.0,No,No,Pending,1758.6,2931,4,Co-signer pending review.
3048,3789894,1092,2024-03-27,Self-Employed,228588,797.0,No,Yes,Approved,6679.68,7952,3,
3049,3790258,306,2020-10-23,Retired,27024,710.0,No,Yes,Approved,1754.28,2658,3,Referred by agent.
3050,3791613,712,2022-04-30,Contract,53780,699.0,No,Yes,Denied,3436.44,4091,3,Applicant follow-up needed
3051,3791715,1287,2021-10-29,Self-Employed,241840,561.0,No,No,Approved,6330.24,6594,4,.
3052,3793030,475,2020-10-16,Unemployed,172236,,Yes,No,Approved,1477.8,2463,2,
3053,3794130,160,2022-01-12,Self-Employed,24090,696.0,No,No,Denied,1022.4,0,4,Co-signer pending review.
3054,3795025,1388,2024-12-23,Part-Time,38440,718.0,No,No,Pending,1085.4,1809,4,Missing bank statements.
3055,3795133,1430,2022-08-16,Student,252400,705.0,No,No,Approved,1130.58,1713,4,Flagged for manual review.
3056,3797205,1178,2022-01-27,Unemployed,211487,581.0,No,Yes,Pending,2262.12,2693,5,Applicant provided pay stubs.
3057,3797441,1352,2022-04-16,Self-Employed,127252,751.0,No,Yes,Denied,1394.58,2113,5,Co-signer pending review.
3058,3801712,515,2022-01-15,Student,320422,643.0,No,No,Approved,5619.6,6690,4,Renewal case.
3059,3802612,713,2024-09-15,Full-Time,95926,772.0,No,No,Approved,3046.8,5078,4,
3060,3802815,34,2024-06-22,Self-Employed,213756,685.0,Yes,Yes,Pending,859.2,1432,4,Co-signer pending review.
3061,3803115,221,2023-09-17,Student,232100,797.0,No,Yes,Denied,2622.48,3122,2,Flagged for manual review.
3062,3805211,235,2022-11-08,Full-Time,56012,682.0,Yes,Yes,Under Review,926.64,1188,4,docs expired
3063,3807272,1794,2022-10-15,Student,165000,785.0,Yes,No,Under Review,3460.8,5768,5,
3064,3807348,661,2022-12-02,Part-Time,105013,789.0,No,Yes,Denied,4534.92,5814,4,Co-signer pending review.
3065,3807957,1000,2022-08-17,Full-Time,31507,,No,Yes,Pending,642.0,1070,3,Renewal case.
3066,3808071,774,2022-09-06,Student,18383,671.0,No,No,Approved,3308.76,3939,3,docs expired
3067,3810943,128,2020-04-20,Retired,244636,,No,No,Approved,6448.68,7677,3,
3068,3811682,218,2020-05-16,Part-Time,54792,620.0,Yes,No,Denied,3144.12,3743,4,
3069,3812618,52,2021-04-20,Full-Time,169962,487.0,No,Yes,Denied,2377.8,3963,1,Renewal case.
3070,3813371,901,2023-04-29,Part-Time,169385,752.0,No,Yes,Under Review,3352.8,5588,1,.
3071,3817327,1539,2024-05-02,Contract,66497,755.0,No,No,Pending,7523.04,0,1,Applicant follow-up needed
3072,3821005,320,2020-01-16,Self-Employed,258917,829.0,No,Yes,Approved,2209.74,2833,1,income verified via Plaid
3073,3823397,1262,2022-06-29,Self-Employed,22721,,No,Yes,Approved,5399.16,6922,3,
3074,3823483,547,2020-02-08,Part-Time,212549,771.0,Yes,No,Approved,2553.0,4255,1,
3075,3823749,785,2024-10-04,Contract,206400,688.0,No,No,Approved,3613.74,4633,3,Referred by agent.
3076,3824221,777,2024-04-21,Part-Time,99334,,No,No,Under Review,2289.6,2385,1,Applicant follow-up needed
3077,3824880,489,2022-12-17,Part-Time,156010,583.0,No,Yes,Pending,1359.6,2060,2,docs expired
3078,3828860,1083,2022-07-02,Full-Time,145730,847.0,No,No,Withdrawn,8983.68,9358,5,
3079,3831128,824,2023-01-28,Unemployed,243602,335.0,No,Yes,Denied,1611.84,1679,1,docs expired
3080,3833267,977,2023-03-11,Unemployed,53876,810.0,No,Yes,Under Review,3707.52,3862,4,docs expired
3081,3833726,45,2024-07-23,Contract,13762,424.0,No,No,Pending,2571.24,3061,4,
3082,3835189,972,2023-10-02,Part-Time,170264,630.0,No,No,Pending,2111.46,2707,5,Referred by agent.
3083,3836026,278,2024-04-28,Unemployed,132858,807.0,No,No,Approved,3864.12,4954,3,Referred by agent.
3084,3836871,1305,2020-11-06,Self-Employed,252673,584.0,No,Yes,Approved,4876.56,6252,4,Co-signer pending review.
3085,3837800,141,2024-06-05,Retired,191817,785.0,No,No,Approved,2384.46,3057,5,docs expired
3086,3839365,588,2024-04-18,Part-Time,200148,582.0,No,No,Approved,1164.0,1940,4,
3087,3839967,905,2024-11-29,Full-Time,173503,759.0,Yes,No,Approved,5158.14,6613,4,Renewal case.
3088,3840513,1036,2024-06-08,Contract,120367,797.0,No,Yes,Denied,3145.92,3277,4,
3089,3841182,261,2020-01-23,Unemployed,175812,726.0,Yes,Yes,Approved,1640.1,2485,3,Renewal case.
3090,3842948,253,2021-02-10,Retired,80036,813.0,No,No,Denied,2539.68,3848,3,Referred by agent.
3091,3846190,567,2020-05-08,Part-Time,146622,705.0,No,No,Approved,1066.8,1778,3,Flagged for manual review.
3092,3846921,944,2021-01-11,Part-Time,213969,635.0,No,No,Approved,1046.1,1585,3,
3093,3847006,659,2023-04-25,Unemployed,151752,779.0,No,Yes,Approved,3784.8,6308,4,Missing bank statements.
3094,3847616,1500,2022-06-17,Retired,84379,743.0,No,Yes,Denied,3187.86,4087,5,Missing bank statements.
3095,3847874,1556,2024-07-09,Student,59558,467.0,No,Yes,Approved,2142.0,2550,4,Referred by agent.
3096,3848096,1662,2021-03-31,Self-Employed,232159,,Yes,Yes,Approved,3755.4,6259,4,Referred by agent.
3097,3848277,258,2023-04-08,Unemployed,234900,,No,Yes,Approved,1799.82,2727,2,
3098,3849034,1246,2022-12-02,Retired,46744,,Yes,Yes,Denied,1914.36,2279,4,
3099,3849056,1319,2024-10-18,Unemployed,164683,567.0,Yes,No,Approved,2568.96,2676,4,docs expired
3100,3849857,818,2021-04-13,Unemployed,210201,815.0,No,Yes,Denied,2419.2,4032,1,income verified via Plaid
3101,3851641,1745,2021-08-12,Retired,19817,785.0,No,Yes,Denied,5021.94,7609,5,
3102,3851709,1517,2024-06-26,Full-Time,47484,511.0,No,Yes,Denied,1308.12,1982,5,docs expired
3103,3857867,1081,2024-01-23,Full-Time,146884,685.0,No,Yes,Pending,3716.46,5631,5,Applicant provided pay stubs.
3104,3858551,447,2024-06-06,Retired,161532,776.0,No,No,Under Review,3751.8,4810,4,.
3105,3866099,1434,2024-10-31,Part-Time,213612,703.0,No,No,Denied,5473.26,7017,1,Missing bank statements.
3106,3868425,625,2024-11-19,Unemployed,157173,608.0,No,Yes,Pending,1552.2,2587,5,Referred by agent.
3107,3870786,1390,2020-11-26,Retired,256821,,Yes,No,Under Review,1898.4,2260,1,Applicant follow-up needed
3108,3873785,1146,2022-04-24,Self-Employed,228696,623.0,No,Yes,Denied,1228.26,1861,3,.
3109,3876120,1570,2022-10-17,Contract,232809,,No,No,Approved,1485.0,2250,3,Missing bank statements.
3110,3876174,234,2021-07-01,Student,37594,,No,No,Denied,3203.76,3814,2,
3111,3877327,1153,2024-01-29,Full-Time,166129,733.0,No,No,Under Review,891.0,1485,4,Applicant provided pay stubs.
3112,3878376,817,2020-05-23,Retired,193014,,No,Yes,Withdrawn,2781.6,4636,1,
3113,3879699,686,2021-03-14,Student,113957,,No,No,Pending,2664.42,4037,4,Missing bank statements.
3114,3883622,387,2024-12-31,Full-Time,132406,759.0,No,No,Approved,2230.8,3718,2,
3115,3885433,293,2022-10-09,Retired,23921,,Yes,No,Approved,2372.76,3042,1,Co-signer pending review.
3116,3885667,126,2024-11-25,Part-Time,157335,670.0,Yes,Yes,Approved,1742.52,2234,5,docs expired
3117,3887191,1633,2020-09-11,Part-Time,950000,759.0,No,Yes,Approved,1656.0,2760,2,Referred by agent.
3118,3887702,1032,2022-09-21,Self-Employed,49149,666.0,Yes,No,Denied,2469.6,2940,4,docs expired
3119,3889422,1609,,Self-Employed,145440,594.0,No,No,Approved,4831.68,5752,2,docs expired
3120,3891468,1471,2022-12-21,Part-Time,161133,,No,No,Approved,4435.2,4620,4,Flagged for manual review.
3121,3891707,952,2021-01-04,Contract,150815,849.0,No,Yes,Denied,932.4,1554,4,
3122,3892102,1393,2022-07-29,Retired,163198,702.0,No,No,Approved,3985.02,5109,5,Co-signer pending review.
3123,3892921,451,2024-06-22,Student,64818,,No,Yes,Pending,3271.2,5452,2,
3124,3894419,1313,2020-05-15,Contract,177091,589.0,Yes,No,Approved,1544.4,2340,3,
3125,3895477,13,2024-06-16,Student,205539,785.0,No,Yes,Denied,2306.7,0,5,Co-signer pending review.
3126,3896176,1460,2020-10-05,Self-Employed,99534,733.0,No,Yes,Approved,2186.34,2803,1,.
3127,3897919,347,2020-05-15,Contract,105881,820.0,No,No,Approved,1979.34,2999,2,
3128,3898023,933,2023-06-13,Self-Employed,127957,825.0,No,Yes,Pending,1653.12,1722,1,Missing bank statements.
3129,3898765,1698,2023-10-07,Full-Time,26348,798.0,Yes,No,Under Review,1717.8,2863,4,Missing bank statements.
3130,3900287,463,2020-07-18,Part-Time,32242,,No,Yes,Approved,3456.0,0,4,income verified via Plaid
3131,3900584,1528,2022-04-23,Part-Time,6878,669.0,Yes,Yes,Withdrawn,3474.9,4455,3,Flagged for manual review.
3132,3901659,94,2023-04-09,Contract,198780,653.0,No,Yes,Approved,2701.38,4093,2,
3133,3902644,35,2022-09-24,Part-Time,196746,714.0,No,No,Approved,1608.6,1915,2,Referred by agent.
3134,3908203,1483,2023-07-01,Contract,246190,695.0,No,Yes,Under Review,7182.84,8551,1,docs expired
3135,3909366,735,2024-04-12,Part-Time,120223,634.0,No,No,Approved,2759.04,2874,1,
3136,3918710,1763,2020-12-01,Student,103607,411.0,Yes,No,Withdrawn,5595.84,5829,1,
3137,3922749,754,2021-11-14,Part-Time,298546,842.0,No,Yes,Denied,5411.52,5637,4,income verified via Plaid
3138,3923662,1345,2024-11-28,Full-Time,100984,,No,Yes,Pending,3296.28,4226,4,
3139,3924889,1729,2024-08-21,Contract,229938,,No,Yes,Denied,795.84,829,1,Referred by agent.
3140,3925093,1270,2021-12-07,Student,192288,428.0,Yes,No,Withdrawn,4475.52,5328,3,
3141,3926910,640,2021-03-10,Retired,4211,787.0,No,Yes,Approved,3634.56,3786,2,Missing bank statements.
3142,3927920,534,2024-03-05,Contract,184195,780.0,No,Yes,Approved,2857.92,2977,3,income verified via Plaid
3143,3928588,1500,2022-08-16,Contract,33673,677.0,No,Yes,Denied,3923.52,4087,4,income verified via Plaid
3144,3931548,449,,Retired,223610,820.0,Yes,Yes,Under Review,1747.98,2241,2,
3145,3934567,1042,2020-05-26,Unemployed,40541,644.0,No,No,Approved,1543.74,2339,2,Co-signer pending review.
3146,3935327,1765,2020-08-20,Part-Time,63349,812.0,No,No,Approved,3154.32,4044,1,income verified via Plaid
3147,3936707,1177,2022-11-17,Retired,101134,786.0,No,No,Approved,3689.4,4730,4,Applicant provided pay stubs.
3148,3938394,966,2024-07-26,Self-Employed,258267,610.0,No,No,Pending,3582.6,5971,1,
3149,3939292,1337,2021-12-01,Student,63775,350.0,No,Yes,Approved,1584.0,2400,3,.
3150,3939940,783,2024-10-12,Full-Time,30398,684.0,Yes,Yes,Approved,2985.18,4523,2,
3151,3945060,1124,2022-08-14,Full-Time,478000,769.0,No,No,Pending,2996.76,3842,4,Missing bank statements.
3152,3945102,857,2022-08-08,Retired,244200,663.0,No,No,Denied,1216.02,1559,5,docs expired
3153,3946073,1033,2020-07-23,Student,32848,,No,No,Denied,1878.36,2846,5,
3154,3946483,945,2021-08-30,Retired,222421,594.0,No,Yes,Under Review,896.94,1359,3,
3155,3946615,1179,2020-10-18,Self-Employed,24069,826.0,No,Yes,Approved,5417.16,6449,5,Applicant provided pay stubs.
3156,3949526,1588,2023-08-04,Part-Time,18133,796.0,Yes,No,Denied,9196.2,11790,1,
3157,3949780,309,2020-01-29,Full-Time,262648,,No,Yes,Approved,3851.52,4012,1,
3158,3951341,1247,2024-06-14,Self-Employed,187359,594.0,No,No,Approved,4712.64,4909,3,Missing bank statements.
3159,3955128,469,2020-04-24,Self-Employed,191606,678.0,Yes,Yes,Under Review,4565.4,0,5,Co-signer pending review.
3160,3957297,518,2022-08-30,Self-Employed,139497,685.0,Yes,Yes,Approved,4287.36,4466,1,
3161,3957449,750,,Self-Employed,160723,587.0,No,Yes,Withdrawn,2575.32,3902,3,docs expired
3162,3958182,813,2023-10-22,Self-Employed,65862,823.0,No,No,Withdrawn,2227.2,2320,4,
3163,3959182,1546,,Student,146256,582.0,Yes,Yes,Approved,1458.6,1870,1,Co-signer pending review.
3164,3960647,1656,2022-03-25,Unemployed,103452,759.0,Yes,No,Withdrawn,2208.36,2629,2,
3165,3960999,338,2022-05-29,Self-Employed,212216,793.0,No,Yes,Approved,3331.38,4271,3,
3166,3962172,521,2022-09-05,Unemployed,123604,737.0,No,Yes,Denied,783.72,933,2,Missing bank statements.
3167,3963603,727,,Unemployed,174526,695.0,No,No,Approved,3603.84,3754,4,Renewal case.
3168,3965035,131,2021-02-13,Unemployed,35669,644.0,No,No,Approved,760.2,1267,3,.
3169,3965210,285,2021-02-01,Retired,70054,637.0,No,No,Approved,3216.96,3351,2,
3170,3965537,595,2024-08-25,Part-Time,174981,798.0,No,No,Pending,2792.16,3324,1,docs expired
3171,3965544,638,2023-11-10,Part-Time,46375,690.0,No,No,Approved,1628.76,1939,3,Flagged for manual review.
3172,3966759,1063,2020-01-10,Retired,13291,771.0,No,Yes,Approved,956.4,1594,2,
3173,3967609,366,2021-10-09,Self-Employed,201434,835.0,Yes,No,Approved,2589.84,3924,5,
3174,3967950,1308,2021-09-10,Unemployed,57297,713.0,No,Yes,Denied,3934.32,5044,3,.
3175,3969437,1263,2023-02-07,Part-Time,202869,665.0,No,Yes,Withdrawn,2845.44,2964,2,Co-signer pending review.
3176,3970347,366,2021-05-28,Student,156732,767.0,Yes,No,Denied,2354.4,3924,2,Applicant provided pay stubs.
3177,3970887,654,2023-12-24,Student,168260,710.0,No,Yes,Withdrawn,2040.72,3092,2,
3178,3971008,1075,2020-01-03,Full-Time,243984,845.0,No,Yes,Denied,2892.12,4382,3,Co-signer pending review.
3179,3971062,984,2023-11-16,Student,154430,585.0,No,Yes,Under Review,1218.24,1269,5,Missing bank statements.
3180,3973163,1242,2023-01-18,Part-Time,141672,692.0,Yes,Yes,Denied,2810.34,3603,3,Referred by agent.
3181,3974745,360,2021-05-28,Part-Time,247032,809.0,Yes,Yes,Denied,4473.0,5325,3,
3182,3975102,819,2021-05-08,Unemployed,183466,693.0,No,Yes,Under Review,2645.4,4409,5,Applicant follow-up needed
3183,3975877,489,2020-06-24,Student,182698,584.0,No,No,Under Review,1236.0,2060,2,Flagged for manual review.
3184,3980741,1738,2020-10-14,Unemployed,198952,815.0,No,No,Denied,1776.6,2115,4,Missing bank statements.
3185,3983138,967,2020-10-21,Full-Time,165600,664.0,No,No,Approved,1220.34,1849,5,docs expired
3186,3983582,1779,2020-05-29,Full-Time,125262,764.0,No,Yes,Denied,1172.34,1503,2,Flagged for manual review.
3187,3984209,140,2024-08-24,Self-Employed,20604,756.0,No,Yes,Approved,1049.16,1249,1,.
3188,3985620,1660,2022-01-18,Retired,241630,826.0,No,No,Denied,966.9,1465,5,Co-signer pending review.
3189,3986329,18,2021-10-27,Full-Time,179488,699.0,No,No,Pending,2081.82,2669,3,Flagged for manual review.
3190,3989515,419,2021-11-09,Retired,97134,508.0,No,No,Pending,1269.84,1924,3,Referred by agent.
3191,3989562,1002,2021-11-17,Full-Time,180907,618.0,Yes,Yes,Approved,6982.92,8313,4,docs expired
3192,3990508,137,,Part-Time,45914,786.0,Yes,No,Approved,1553.76,1992,3,Flagged for manual review.
3193,3991467,114,2024-02-16,Student,177893,722.0,No,No,Denied,2281.92,2377,1,Missing bank statements.
3194,3992087,211,2021-05-17,Full-Time,220492,607.0,No,No,Under Review,939.84,1424,5,Flagged for manual review.
3195,3992441,525,2020-02-15,Contract,297395,731.0,No,No,Approved,2102.4,2190,4,Applicant follow-up needed
3196,3992691,1750,2022-11-26,Full-Time,28746,673.0,No,No,Denied,6156.48,9328,3,
3197,3995605,605,2023-12-04,Student,159762,754.0,No,Yes,Denied,1943.76,2314,5,Missing bank statements.
3198,3996309,1542,2021-02-17,Retired,129116,331.0,No,Yes,Approved,699.72,833,3,docs expired
3199,3998511,108,2024-08-20,Unemployed,90730,,Yes,No,Approved,1264.38,1621,2,Referred by agent.
3200,3998726,1135,2020-10-11,Student,203690,535.0,Yes,Yes,Pending,2572.8,2680,4,income verified via Plaid
3201,3998950,308,2024-07-15,Student,180466,,Yes,No,Denied,2631.0,4385,3,income verified via Plaid
3202,4000156,106,2021-07-01,Student,202553,684.0,No,No,Withdrawn,2857.8,4330,5,Applicant provided pay stubs.
3203,4001332,441,2021-04-12,Retired,233500,684.0,Yes,Yes,Denied,3365.4,5609,1,
3204,4001416,85,2023-09-13,Full-Time,68301,825.0,No,No,Denied,1023.0,1550,3,
3205,4003552,115,2021-08-28,Unemployed,185106,430.0,No,Yes,Denied,3727.62,4779,4,Missing bank statements.
3206,4003860,1199,2024-12-20,Student,162086,722.0,No,Yes,Denied,2569.38,3893,3,
3207,4004022,749,2020-05-25,Unemployed,223277,646.0,Yes,Yes,Approved,1656.6,2761,2,Missing bank statements.
3208,4005795,380,2024-10-06,Student,249905,647.0,No,Yes,Withdrawn,4063.8,5210,3,Renewal case.
3209,4006293,671,2021-02-08,Student,62056,603.0,No,No,Approved,2353.68,2802,3,Applicant follow-up needed
3210,4006381,669,2023-10-26,Retired,75433,524.0,No,No,Withdrawn,627.12,804,5,
3211,4006628,604,2022-10-03,Full-Time,64480,648.0,Yes,No,Denied,2306.7,3495,2,Applicant follow-up needed
3212,4006716,4,2021-09-20,Contract,240571,,No,Yes,Pending,1350.18,1731,4,
3213,4007986,1611,2021-08-09,Part-Time,23314,,No,Yes,Denied,5285.76,5506,4,Applicant provided pay stubs.
3214,4008186,365,2024-12-14,Contract,68884,814.0,No,Yes,Denied,1847.82,2369,3,Applicant follow-up needed
3215,4008476,39,,Self-Employed,221917,740.0,No,No,Approved,2574.78,3301,3,Applicant provided pay stubs.
3216,4010052,46,2021-03-06,Retired,182237,694.0,No,No,Approved,2226.24,2319,2,.
3217,4010177,891,2022-08-20,Part-Time,180199,454.0,Yes,No,Denied,5007.36,5216,4,Missing bank statements.
3218,4011095,203,2024-08-02,Unemployed,183852,606.0,No,No,Denied,2111.04,2199,4,docs expired
3219,4011460,1176,2024-12-26,Full-Time,148863,693.0,No,No,Denied,1193.28,1808,2,Referred by agent.
3220,4011739,1189,2024-11-03,Part-Time,171523,,Yes,No,Approved,2567.4,4279,4,Missing bank statements.
3221,4012051,380,2020-02-01,Retired,178384,747.0,No,Yes,Denied,3438.6,5210,1,Applicant follow-up needed
3222,4012196,1104,2020-04-19,Self-Employed,244708,615.0,Yes,No,Withdrawn,3087.84,3676,4,Renewal case.
3223,4012566,1211,2020-09-22,Unemployed,192854,671.0,No,No,Denied,1045.8,1743,5,Flagged for manual review.
3224,4013271,1521,2022-09-21,Unemployed,294829,,No,No,Denied,3311.28,3942,5,docs expired
3225,4013320,614,2023-05-19,Self-Employed,240399,,No,No,Pending,3871.56,4609,3,
3226,4015617,762,2023-10-16,Retired,23639,,No,No,Approved,1038.18,1331,4,.
3227,4017401,1109,2024-08-15,Contract,25014,690.0,No,No,Withdrawn,5953.08,7087,3,Flagged for manual review.
3228,4019044,480,2022-07-01,Retired,71302,729.0,No,No,Approved,3763.2,4480,4,
3229,4022163,1537,2020-07-19,Full-Time,90968,707.0,No,Yes,Approved,2100.6,3501,4,Co-signer pending review.
3230,4023266,550,2023-12-12,Contract,24804,771.0,Yes,No,Under Review,1418.4,2364,5,
3231,4023550,1398,2020-01-27,Self-Employed,132761,847.0,No,No,Approved,1928.52,2922,5,income verified via Plaid
3232,4025365,465,2021-12-24,Self-Employed,169167,584.0,No,No,Approved,1135.8,1893,3,
3233,4025888,93,2024-10-31,Unemployed,87524,761.0,Yes,No,Denied,5003.88,0,5,Referred by agent.
3234,4027347,1672,2020-06-30,Student,91591,604.0,No,No,Withdrawn,2632.56,3134,3,
3235,4027466,1353,2022-01-22,Self-Employed,80323,,No,No,Approved,817.32,973,1,
3236,4028926,1411,2022-03-28,Contract,170657,612.0,No,No,Approved,1116.6,1861,2,Referred by agent.
3237,4030441,264,2024-11-03,Self-Employed,312059,,Yes,No,Denied,1104.48,1416,4,
3238,4041527,254,2022-08-22,Part-Time,13983,734.0,No,No,Denied,2161.2,3602,1,Missing bank statements.
3239,4041647,1015,2024-02-16,Part-Time,143400,737.0,No,Yes,Denied,4793.04,5706,5,docs expired
3240,4042211,745,2022-07-22,Contract,227499,697.0,No,Yes,Denied,5024.64,5234,3,Co-signer pending review.
3241,4044930,1530,2023-03-31,Unemployed,205891,706.0,No,No,Pending,6328.14,0,2,Renewal case.
3242,4047516,1696,2020-10-24,Self-Employed,153185,,Yes,Yes,Pending,1333.8,2223,4,Applicant provided pay stubs.
3243,4050051,127,2024-10-18,Full-Time,139586,706.0,Yes,Yes,Denied,1241.28,1293,1,
3244,4052031,355,2024-11-14,Part-Time,217102,684.0,No,No,Denied,4851.6,8086,5,
3245,4052909,1757,2022-07-05,Self-Employed,78679,644.0,No,No,Approved,2662.92,3414,1,Missing bank statements.
3246,4054232,682,2021-09-21,Self-Employed,106672,625.0,Yes,Yes,Approved,6602.88,6878,2,Co-signer pending review.
3247,4055676,1226,2022-03-04,Part-Time,181870,586.0,No,No,Denied,4333.56,5159,5,
3248,4057092,1601,2020-12-25,Contract,31555,496.0,No,Yes,Pending,1822.86,2337,2,Applicant provided pay stubs.
3249,4057099,1130,2024-07-19,Unemployed,244034,,No,No,Withdrawn,3369.6,5616,2,docs expired
3250,4058091,1448,2023-06-09,Unemployed,60359,,No,Yes,Approved,2249.52,2884,2,Applicant provided pay stubs.
3251,4058908,1117,2020-11-19,Full-Time,196908,773.0,No,Yes,Denied,2138.4,3240,4,Co-signer pending review.
3252,4062308,1600,2020-12-03,Self-Employed,113697,,No,No,Approved,1993.32,2373,4,.
3253,4063560,1047,2023-12-08,Part-Time,142537,723.0,No,Yes,Approved,1460.94,1873,3,Missing bank statements.
3254,4063907,1778,2023-04-08,Self-Employed,24522,694.0,No,No,Approved,3659.04,4356,5,Co-signer pending review.
3255,4064621,1365,2022-09-08,Self-Employed,123587,300.0,No,No,Pending,3848.04,4581,1,Renewal case.
3256,4065118,367,2022-08-11,Self-Employed,115581,,No,Yes,Approved,1945.92,2027,1,Co-signer pending review.
3257,4065891,1728,2023-07-04,Full-Time,139392,651.0,Yes,No,Pending,6202.56,7384,1,Co-signer pending review.
3258,4066511,549,2023-03-18,Student,29815,736.0,No,No,Under Review,2315.04,2968,3,Applicant follow-up needed
3259,4066737,1426,,Part-Time,90801,,No,No,Denied,5562.96,7132,4,Referred by agent.
3260,4067880,681,2020-01-07,Student,318389,744.0,Yes,Yes,Approved,4498.56,4686,5,Missing bank statements.
3261,4072797,529,2020-12-28,Unemployed,13677,774.0,Yes,No,Approved,3611.52,3762,3,Applicant follow-up needed
3262,4073882,984,2023-03-18,Unemployed,134800,675.0,No,No,Denied,1218.24,1269,5,
3263,4074274,875,2020-05-09,Self-Employed,82447,,No,No,Denied,4582.2,5455,3,income verified via Plaid
3264,4075435,1529,2021-11-11,Part-Time,206709,822.0,No,Yes,Pending,3823.68,4552,1,.
3265,4075726,710,2024-08-18,Contract,167445,729.0,No,No,Approved,1297.92,1352,3,
3266,4076658,1554,2023-11-09,Contract,20610,702.0,No,Yes,Approved,1039.08,1237,2,Flagged for manual review.
3267,4076791,1159,2022-09-19,Full-Time,114221,821.0,Yes,No,Approved,2139.06,3241,3,.
3268,4080981,1540,2022-11-20,Self-Employed,211901,,Yes,Yes,Denied,3137.28,3268,3,.
3269,4085304,1345,2020-05-20,Retired,144092,801.0,No,No,Approved,3549.84,4226,5,Missing bank statements.
3270,4085694,733,,Full-Time,237030,584.0,No,No,Approved,1224.6,1570,2,Applicant follow-up needed
3271,4086222,963,2022-09-07,Student,117903,791.0,No,No,Pending,832.32,867,2,Flagged for manual review.
3272,4089385,1675,2021-05-26,Retired,248700,836.0,No,Yes,Withdrawn,1668.24,1986,4,
3273,4090445,1099,2020-10-26,Part-Time,41525,784.0,No,Yes,Withdrawn,1846.02,0,2,Flagged for manual review.
3274,4090652,1728,2023-03-06,Part-Time,131146,683.0,No,No,Approved,4430.4,7384,3,docs expired
3275,4090895,1358,2020-07-06,Unemployed,182200,747.0,Yes,Yes,Approved,3312.12,3943,2,
3276,4091296,881,2022-03-05,Unemployed,192556,668.0,No,Yes,Approved,4795.2,7992,1,Referred by agent.
3277,4091853,1779,2021-02-18,Contract,127224,384.0,No,Yes,Denied,1262.52,1503,3,
3278,4095490,1534,2020-04-16,Contract,35748,816.0,No,No,Approved,1308.72,1558,3,
3279,4095554,85,2020-08-01,Part-Time,175819,691.0,Yes,No,Withdrawn,930.0,1550,1,.
3280,4096060,1259,2024-06-20,Contract,105435,,No,Yes,Approved,7803.84,11824,1,Missing bank statements.
3281,4097928,1102,2023-03-27,Student,215872,686.0,No,No,Pending,1963.92,2338,4,Referred by agent.
3282,4099958,272,,Part-Time,159227,615.0,No,Yes,Denied,897.6,1360,5,
3283,4100573,795,2024-08-16,Student,74826,674.0,No,No,Pending,1015.08,1538,2,
3284,4100608,904,2024-07-25,Contract,126633,635.0,No,Yes,Pending,2224.2,3707,2,Applicant follow-up needed
3285,4101914,1584,2023-11-20,Contract,148907,729.0,No,Yes,Approved,1235.52,1872,1,
3286,4102255,769,2024-11-30,Retired,236380,582.0,No,Yes,Approved,5510.4,5740,1,Applicant follow-up needed
3287,4105938,275,2022-03-06,Self-Employed,313682,704.0,No,Yes,Approved,1310.4,1680,4,Referred by agent.
3288,4107651,1345,2021-02-26,Full-Time,166509,739.0,No,Yes,Denied,2535.6,4226,2,docs expired
3289,4107978,813,2020-05-07,Unemployed,119703,,No,No,Denied,2227.2,2320,4,Renewal case.
3290,4109443,1724,2020-09-29,Part-Time,237054,466.0,Yes,No,Pending,568.26,861,4,.
3291,4111972,202,2023-09-20,Self-Employed,156916,693.0,No,No,Approved,5097.84,7724,4,Applicant follow-up needed
3292,4115822,1171,2022-09-03,Self-Employed,188330,749.0,No,No,Withdrawn,1718.34,2203,5,Applicant follow-up needed
3293,4116620,33,2024-09-18,Contract,175124,785.0,No,Yes,Withdrawn,1065.6,1110,3,Missing bank statements.
3294,4117653,1415,2024-01-12,Self-Employed,215970,301.0,Yes,No,Approved,2205.0,3675,1,
3295,4118756,410,2020-11-13,Part-Time,158578,755.0,No,No,Under Review,1140.48,1188,4,Applicant provided pay stubs.
3296,4121708,32,2021-10-07,Full-Time,34275,743.0,No,Yes,Under Review,1003.08,1286,3,
3297,4122164,1717,2021-09-21,Full-Time,243165,577.0,No,No,Approved,4015.68,0,2,Co-signer pending review.
3298,4122757,72,2023-12-16,Retired,84359,683.0,No,No,Approved,3011.52,3137,5,Referred by agent.
3299,4125806,752,2024-10-26,Retired,130515,664.0,No,No,Approved,2683.98,3441,4,Flagged for manual review.
3300,4127463,435,2021-02-15,Unemployed,62622,810.0,No,Yes,Under Review,1038.6,1731,2,Missing bank statements.
3301,4129671,1689,2024-12-18,Retired,306246,711.0,No,Yes,Denied,4645.8,7743,3,Flagged for manual review.
3302,4130766,1762,2023-03-19,Student,52143,753.0,No,No,Denied,1688.28,2558,4,
3303,4132619,172,2021-01-15,Student,148190,445.0,Yes,Yes,Approved,3564.12,4243,3,income verified via Plaid
3304,4133138,1271,2023-04-28,Part-Time,940000,773.0,No,Yes,Denied,4272.0,4450,2,Missing bank statements.
3305,4139131,841,2020-12-26,Self-Employed,144603,618.0,Yes,Yes,Approved,1976.04,2994,5,income verified via Plaid
3306,4140014,438,2021-12-30,Full-Time,246901,677.0,No,No,Pending,3206.4,3340,2,
3307,4142051,472,2023-11-04,Self-Employed,139620,825.0,No,Yes,Denied,1560.96,1626,1,income verified via Plaid
3308,4143087,85,2023-08-06,Contract,119318,584.0,Yes,Yes,Denied,930.0,1550,1,Missing bank statements.
3309,4143334,267,2022-05-07,Student,46332,749.0,No,No,Pending,4439.4,7399,1,Missing bank statements.
3310,4147222,1075,2024-07-18,Self-Employed,132169,458.0,No,No,Approved,2629.2,4382,4,.
3311,4149143,181,2022-01-08,Retired,125970,569.0,No,No,Denied,546.6,911,2,Applicant follow-up needed
3312,4149620,487,2020-11-03,Unemployed,122742,723.0,No,No,Approved,1593.24,2414,3,
3313,4150107,1413,2024-01-20,Student,42250,713.0,Yes,No,Pending,2150.46,2757,2,Missing bank statements.
3314,4151067,1143,2024-03-29,Self-Employed,23145,728.0,Yes,Yes,Approved,1648.68,2498,4,Applicant provided pay stubs.
3315,4154785,305,2024-08-14,Contract,36314,,Yes,No,Pending,6042.96,7194,1,
3316,4155143,642,2023-08-01,Unemployed,130900,793.0,Yes,No,Approved,560.34,849,3,income verified via Plaid
3317,4155183,130,2020-02-25,Unemployed,207336,789.0,Yes,Yes,Denied,2788.8,0,5,.
3318,4156976,656,2022-04-25,Part-Time,230418,747.0,No,No,Approved,3054.0,5090,1,Missing bank statements.
3319,4162133,1757,2024-08-30,Part-Time,190008,,No,Yes,Approved,2253.24,3414,1,Flagged for manual review.
3320,4162735,47,2021-01-06,Student,190860,739.0,No,Yes,Approved,4241.64,5438,5,docs expired
3321,4164111,1257,2021-03-12,Retired,75025,581.0,No,No,Denied,669.9,1015,2,Renewal case.
3322,4164871,384,2023-08-23,Student,165889,761.0,No,Yes,Denied,5351.64,6371,5,income verified via Plaid
3323,4165729,864,,Student,53682,764.0,No,No,Denied,5547.96,8406,3,docs expired
3324,4165777,1529,2024-02-01,Unemployed,114172,667.0,No,No,Approved,3004.32,4552,2,Referred by agent.
3325,4167995,1156,2023-08-17,Self-Employed,5946,809.0,No,No,Denied,4825.92,5027,1,
3326,4170836,339,2023-04-15,Full-Time,211805,639.0,No,No,Approved,7098.0,9100,4,Applicant provided pay stubs.
3327,4171355,1468,2021-05-09,Part-Time,190732,807.0,No,Yes,Pending,2147.88,2557,4,
3328,4172709,1709,,Part-Time,48098,755.0,No,No,Pending,1267.2,1320,4,Missing bank statements.
3329,4173773,1693,2020-01-09,Full-Time,74852,798.0,No,No,Approved,1734.72,1807,3,Flagged for manual review.
3330,4175256,374,2021-06-11,Part-Time,218955,830.0,No,Yes,Denied,2145.6,2235,2,.
3331,4176925,852,,Unemployed,110756,677.0,Yes,Yes,Denied,840.84,1078,1,.
3332,4177590,57,2022-09-24,Retired,192359,618.0,No,Yes,Approved,5987.52,6237,3,
3333,4178377,849,2023-10-23,Unemployed,133587,770.0,No,Yes,Approved,1335.0,0,4,Applicant follow-up needed
3334,4179305,1734,2023-04-24,Retired,203864,671.0,No,Yes,Withdrawn,1861.8,3103,4,income verified via Plaid
3335,4180532,732,2020-08-26,Self-Employed,164644,648.0,Yes,No,Pending,3049.2,3630,3,Applicant follow-up needed
3336,4180765,913,2020-08-31,Unemployed,151611,603.0,No,No,Pending,836.16,871,4,
3337,4181211,1182,2023-03-24,Unemployed,220603,683.0,No,No,Denied,4110.96,4894,3,
3338,4182801,461,2020-10-17,Part-Time,96318,737.0,No,Yes,Denied,1559.22,1999,4,Referred by agent.
3339,4184899,349,2023-03-01,Unemployed,135728,403.0,No,Yes,Approved,2247.36,2341,2,
3340,4185122,1574,2023-05-03,Contract,60469,737.0,Yes,Yes,Approved,1201.92,1252,1,
3341,4190883,1203,2022-06-30,Contract,291866,719.0,No,Yes,Pending,1678.32,1998,2,.
3342,4193475,338,2022-03-09,Student,121623,605.0,Yes,No,Denied,2562.6,4271,5,
3343,4195167,1597,,Contract,107390,801.0,No,No,Pending,1556.88,0,5,Missing bank statements.
3344,4195253,824,2023-08-29,Unemployed,209316,,Yes,No,Withdrawn,1611.84,1679,1,
3345,4195571,610,2020-09-02,Self-Employed,77996,720.0,No,Yes,Denied,1687.92,2164,2,Referred by agent.
3346,4198299,1203,,Self-Employed,13575,838.0,No,Yes,Denied,1318.68,1998,3,docs expired
3347,4198932,1263,2023-01-03,Full-Time,180928,,No,No,Approved,1778.4,2964,1,.
3348,4199119,1692,2023-11-18,Self-Employed,237143,790.0,No,Yes,Denied,4427.52,4612,2,.
3349,4201998,389,2024-12-02,Full-Time,68073,786.0,No,No,Under Review,3802.92,5762,4,Renewal case.
3350,4202435,46,2022-09-11,Self-Employed,78218,618.0,Yes,Yes,Denied,1391.4,2319,1,Applicant follow-up needed
3351,4202647,1555,2021-07-31,Self-Employed,173359,635.0,No,No,Approved,772.2,990,4,Missing bank statements.
3352,4204790,216,2021-06-06,Part-Time,50668,305.0,No,Yes,Pending,1619.52,1687,5,.
3353,4205070,1611,2023-12-26,Self-Employed,57756,,No,No,Approved,5285.76,5506,3,
3354,4209589,921,2023-09-25,Student,238501,724.0,No,Yes,Denied,666.0,1110,2,Missing bank statements.
3355,4210918,642,,Student,158283,760.0,No,Yes,Approved,662.22,849,3,income verified via Plaid
3356,4211149,389,2024-12-02,Part-Time,26560,765.0,No,Yes,Pending,4494.36,5762,4,
3357,4211384,1071,2024-01-14,Part-Time,221306,761.0,No,No,Approved,2677.74,3433,3,Co-signer pending review.
3358,4211599,730,2024-02-20,Full-Time,85938,687.0,No,No,Denied,834.12,993,4,
3359,4212312,1391,2020-04-21,Full-Time,129999,,No,Yes,Approved,1633.8,1945,3,Missing bank statements.
3360,4212425,915,2023-05-27,Student,132140,758.0,No,No,Approved,4241.28,4418,2,Applicant follow-up needed
3361,4215112,1164,2021-08-31,Contract,236566,805.0,No,No,Pending,2693.34,3453,1,Applicant follow-up needed
3362,4215866,1231,2024-05-26,Part-Time,95943,675.0,No,Yes,Denied,2231.46,3381,1,Applicant follow-up needed
3363,4216175,693,2020-06-15,Full-Time,314823,842.0,No,No,Pending,2152.8,3588,1,
3364,4217129,545,2023-11-30,Contract,168433,845.0,No,Yes,Under Review,2066.4,3444,2,.
3365,4219922,142,2023-01-28,Self-Employed,173800,673.0,No,No,Under Review,3211.26,4117,5,docs expired
3366,4220848,52,2021-03-29,Self-Employed,51636,743.0,No,No,Denied,2377.8,3963,2,Flagged for manual review.
3367,4221643,1355,2020-05-24,Retired,248303,760.0,Yes,Yes,Pending,4347.0,5175,4,Referred by agent.
3368,4223128,309,2022-09-20,Student,186243,798.0,Yes,No,Approved,3129.36,4012,3,Co-signer pending review.
3369,4226344,1396,2021-10-06,Contract,19917,675.0,No,No,Pending,2647.68,3152,5,
3370,4230589,1027,2024-08-08,Unemployed,30624,797.0,No,No,Denied,2206.8,3678,5,Renewal case.
3371,4231800,126,2023-03-21,Retired,139898,808.0,No,No,Denied,1340.4,2234,1,Missing bank statements.
3372,4231992,97,2024-01-24,Retired,64538,703.0,No,No,Approved,973.8,1623,4,
3373,4232179,55,,Retired,78111,773.0,Yes,Yes,Approved,1520.4,1810,3,.
3374,4235010,51,2022-12-19,Self-Employed,82902,665.0,Yes,Yes,Approved,2396.16,2496,3,
3375,4235079,861,2023-05-29,Contract,88271,846.0,No,Yes,Denied,2589.72,3083,5,Flagged for manual review.
3376,4238406,1073,2021-01-12,Part-Time,172465,433.0,Yes,Yes,Approved,1112.16,1324,3,Referred by agent.
3377,4239992,1591,2021-03-29,Student,134620,,No,No,Approved,5683.08,7286,4,Missing bank statements.
3378,4240103,247,2021-09-28,Full-Time,19845,782.0,No,No,Denied,1303.68,1358,2,Referred by agent.
3379,4245813,1207,2024-04-13,Student,149180,781.0,No,No,Pending,3138.24,3269,1,Referred by agent.
3380,4246083,845,2023-07-08,Self-Employed,197253,605.0,No,No,Approved,4662.84,5978,3,
3381,4246354,201,2020-11-30,Student,21394,683.0,No,No,Approved,1895.4,2430,3,Renewal case.
3382,4248949,835,2021-08-11,Self-Employed,39333,708.0,No,Yes,Approved,1792.2,2987,2,
3383,4250668,479,2023-01-23,Full-Time,239193,772.0,No,Yes,Under Review,5366.4,6880,5,Co-signer pending review.
3384,4254127,133,2021-05-14,Full-Time,7160,688.0,No,Yes,Approved,3067.2,3195,2,Applicant follow-up needed
3385,4255954,350,2024-10-02,Contract,134252,764.0,No,No,Approved,7591.32,11502,2,Applicant provided pay stubs.
3386,4256613,356,2024-12-13,Retired,216094,643.0,Yes,No,Approved,4721.64,7154,3,Missing bank statements.
3387,4257162,1653,2022-11-20,Part-Time,212936,779.0,No,No,Denied,1282.38,1943,4,income verified via Plaid
3388,4257519,244,2021-01-02,Full-Time,2669,751.0,No,No,Approved,1545.6,1840,2,Applicant follow-up needed
3389,4257920,437,2024-03-21,Unemployed,110938,688.0,No,No,Denied,2297.4,2735,2,Co-signer pending review.
3390,4258663,739,2022-11-02,Contract,225076,727.0,No,No,Approved,2468.7,3165,2,Flagged for manual review.
3391,4258790,46,2023-03-18,Part-Time,179010,595.0,No,Yes,Approved,1947.96,2319,5,Renewal case.
3392,4260709,169,2022-04-06,Self-Employed,235504,739.0,No,Yes,Approved,3182.4,4080,3,Missing bank statements.
3393,4261696,1221,2020-03-30,Unemployed,186713,599.0,No,No,Approved,5055.96,6019,5,
3394,4264905,903,2021-02-03,Unemployed,110165,635.0,No,Yes,Pending,2654.4,4424,5,
3395,4265916,1569,2024-01-16,Unemployed,128211,,No,No,Pending,993.3,1505,2,Referred by agent.
3396,4266935,1795,2020-09-28,Student,229888,635.0,No,No,Pending,5453.28,6492,3,Co-signer pending review.
3397,4267921,1282,2024-11-25,Unemployed,56752,770.0,No,Yes,Withdrawn,1796.76,2139,2,Applicant provided pay stubs.
3398,4269895,1456,2023-09-17,Self-Employed,76731,824.0,No,Yes,Pending,3237.3,4905,2,
3399,4270508,1798,2021-04-23,Part-Time,27882,773.0,Yes,No,Pending,4156.8,6928,5,Referred by agent.
3400,4272804,607,2023-06-01,Full-Time,59473,,No,No,Under Review,697.2,1162,5,Co-signer pending review.
3401,4273886,30,2024-01-17,Full-Time,108874,784.0,No,No,Approved,2604.84,3101,2,Applicant provided pay stubs.
3402,4274285,407,2020-08-01,Part-Time,240173,748.0,No,Yes,Approved,1097.46,1407,3,Flagged for manual review.
3403,4276713,1153,2024-08-30,Full-Time,145000,384.0,No,No,Under Review,891.0,1485,5,
3404,4278767,1464,2021-02-22,Student,39414,706.0,No,Yes,Pending,3150.0,3750,1,Applicant follow-up needed
3405,4278827,444,2024-11-30,Contract,61049,585.0,No,No,Approved,2880.96,3001,3,
3406,4280245,1561,2020-09-08,Full-Time,213970,844.0,No,No,Pending,2718.24,3236,4,Renewal case.
3407,4285865,245,2022-02-26,Full-Time,238901,794.0,No,No,Denied,1983.6,3306,1,income verified via Plaid
3408,4286739,304,2020-10-11,Retired,126051,672.0,Yes,No,Pending,1626.3,2085,4,Missing bank statements.
3409,4287554,1616,2021-11-28,Contract,130611,698.0,No,Yes,Denied,4248.72,5058,3,income verified via Plaid
3410,4287723,468,2020-10-18,Self-Employed,79363,833.0,No,Yes,Approved,1857.6,3096,1,
3411,4288321,1667,2022-06-22,Student,127352,811.0,No,No,Approved,4618.56,4811,5,
3412,4289346,577,2023-09-08,Student,64144,,No,No,Denied,1542.84,1978,1,docs expired
3413,4289857,1009,2021-11-20,Retired,131596,,No,No,Approved,2785.92,2902,4,income verified via Plaid
3414,4291261,1042,2022-12-02,Part-Time,218701,760.0,No,Yes,Denied,1403.4,2339,2,
3415,4291481,1061,2023-04-28,Part-Time,97794,715.0,No,Yes,Approved,2673.84,3428,1,docs expired
3416,4291992,1754,2022-07-16,Self-Employed,157241,590.0,No,Yes,Under Review,3734.64,4788,5,Renewal case.
3417,4293837,1663,2020-01-29,Self-Employed,37575,782.0,No,No,Denied,1862.28,2217,1,
3418,4295198,1517,2021-11-14,Contract,187356,734.0,No,Yes,Denied,1189.2,1982,2,Referred by agent.
3419,4296975,1504,2021-11-19,Unemployed,138690,,No,Yes,Withdrawn,7588.8,7905,2,docs expired
3420,4297657,984,2022-03-08,Full-Time,216215,301.0,No,No,Denied,761.4,1269,4,
3421,4300438,17,2023-05-16,Full-Time,61255,784.0,Yes,No,Approved,2089.56,3166,2,Applicant provided pay stubs.
3422,4301133,933,2024-07-26,Full-Time,109935,,No,No,Approved,1033.2,1722,4,Renewal case.
3423,4301985,1184,2022-10-08,Contract,892000,587.0,No,Yes,Under Review,7493.76,7806,1,
3424,4302615,780,2020-03-05,Unemployed,53601,605.0,No,Yes,Under Review,3089.28,3218,2,Applicant follow-up needed
3425,4303015,1552,2020-08-17,Unemployed,84467,781.0,No,No,Under Review,711.48,847,5,
3426,4304740,1444,2024-09-18,Student,186572,341.0,No,No,Under Review,1072.5,1375,5,Flagged for manual review.
3427,4305591,1599,2022-09-02,Student,319079,799.0,No,Yes,Withdrawn,2759.4,3285,4,Applicant provided pay stubs.
3428,4306173,817,2020-08-29,Student,249426,780.0,No,No,Approved,3059.76,4636,1,
3429,4306590,1418,2024-03-14,Full-Time,36485,621.0,No,Yes,Approved,1912.8,3188,5,Missing bank statements.
3430,4308067,620,2023-04-25,Self-Employed,191575,344.0,No,Yes,Pending,2035.8,2610,4,Co-signer pending review.
3431,4308832,1787,2024-05-11,Retired,153299,,No,Yes,Under Review,2825.76,3364,4,
3432,4309618,787,2021-06-28,Contract,188122,834.0,No,No,Approved,1779.84,1854,4,Renewal case.
3433,4309636,313,2024-03-06,Student,49179,796.0,No,Yes,Pending,2502.72,2607,3,income verified via Plaid
3434,4311725,1080,2022-10-04,Unemployed,128300,681.0,No,No,Denied,3856.32,4017,5,Missing bank statements.
3435,4313991,336,2024-02-05,Student,111753,677.0,No,Yes,Withdrawn,1279.8,2133,1,
3436,4314976,1166,2023-06-06,Contract,157819,786.0,No,Yes,Denied,1271.16,1926,2,
3437,4315995,1709,2021-11-10,Part-Time,114077,693.0,Yes,No,Denied,871.2,1320,3,
3438,4316542,650,2020-02-27,Self-Employed,48003,631.0,No,No,Pending,1491.0,1775,2,docs expired
3439,4317415,294,2021-05-13,Part-Time,97352,692.0,No,Yes,Under Review,2040.0,3400,5,Applicant provided pay stubs.
3440,4320975,2,2020-09-18,Self-Employed,208735,374.0,No,Yes,Pending,2957.76,3081,3,Renewal case.
3441,4323368,1352,2020-05-13,Contract,81117,790.0,No,Yes,Approved,1648.14,2113,1,
3442,4323709,265,2022-06-08,Unemployed,137796,681.0,No,Yes,Approved,1333.08,1587,1,
3443,4324256,895,2022-07-21,Part-Time,155315,,No,Yes,Approved,1600.5,2425,3,Flagged for manual review.
3444,4325561,1785,2021-07-19,Self-Employed,155374,588.0,No,Yes,Pending,3650.46,5531,3,docs expired
3445,4325881,1130,2023-12-25,Unemployed,111968,606.0,No,Yes,Denied,4717.44,5616,5,Applicant follow-up needed
3446,4326218,930,2021-10-22,Student,229299,752.0,No,Yes,Approved,2392.8,3988,1,docs expired
3447,4326603,311,2024-01-10,Retired,215429,781.0,No,No,Approved,1644.6,2741,5,Applicant follow-up needed
3448,4329586,1147,2024-02-05,Student,125529,,Yes,No,Under Review,1275.84,1329,5,.
3449,4330422,368,2020-05-11,Student,113916,769.0,No,Yes,Approved,976.8,1628,3,Renewal case.
3450,4332272,1186,2022-10-24,Unemployed,34079,686.0,No,No,Approved,3361.8,5603,1,
3451,4334437,924,2021-03-18,Part-Time,217238,817.0,No,No,Approved,722.7,1095,2,Missing bank statements.
3452,4334902,227,2024-07-06,Unemployed,155651,805.0,No,No,Withdrawn,1089.48,1297,5,
3453,4335017,302,2024-08-31,Contract,197679,,Yes,Yes,Denied,2592.0,2700,3,docs expired
3454,4335591,1291,2020-01-30,Full-Time,97447,670.0,No,Yes,Approved,1743.06,2641,1,Applicant follow-up needed
3455,4339093,204,2023-12-04,Retired,245785,690.0,No,No,Denied,1054.56,1352,2,Referred by agent.
3456,4339157,671,2020-03-04,Unemployed,74696,656.0,No,No,Approved,2689.92,2802,1,Co-signer pending review.
3457,4340162,905,2020-04-11,Retired,68268,721.0,No,No,Approved,5158.14,6613,3,
3458,4340492,1342,2020-09-13,Part-Time,113446,724.0,No,Yes,Approved,3475.68,4456,5,Applicant follow-up needed
3459,4341136,1422,2023-03-02,Self-Employed,158244,666.0,No,No,Approved,2176.32,2267,2,
3460,4342941,1781,2022-03-14,Retired,213540,611.0,No,Yes,Approved,1407.6,2346,3,
3461,4344163,1194,2021-07-08,Retired,58815,,No,Yes,Denied,1756.2,2927,2,.
3462,4344502,1125,2020-04-27,Full-Time,123045,679.0,No,No,Withdrawn,1171.5,1775,5,Flagged for manual review.
3463,4345068,1628,2022-03-13,Contract,170544,730.0,No,Yes,Pending,3530.4,5884,2,.
3464,4348552,36,2022-02-02,Full-Time,54430,546.0,No,Yes,Approved,3685.44,3839,3,income verified via Plaid
3465,4348715,1455,2024-09-22,Full-Time,177991,837.0,No,No,Pending,8070.72,8407,5,
3466,4348986,726,2022-10-09,Full-Time,199619,682.0,No,Yes,Approved,1141.2,1902,4,
3467,4350673,1102,2024-04-20,Unemployed,206469,786.0,No,No,Withdrawn,2244.48,2338,3,Applicant provided pay stubs.
3468,4352729,401,2020-12-17,Self-Employed,298864,644.0,Yes,Yes,Denied,5073.9,6505,4,docs expired
3469,4355372,965,,Unemployed,230566,752.0,No,No,Pending,1693.2,2822,2,
3470,4357747,1124,2022-11-05,Self-Employed,238933,678.0,No,No,Under Review,3227.28,0,3,Missing bank statements.
3471,4359770,71,2021-01-21,Self-Employed,33628,402.0,No,No,Withdrawn,3480.0,3625,4,Missing bank statements.
3472,4362032,1109,2020-08-24,Retired,97728,786.0,No,Yes,Denied,6803.52,7087,2,Missing bank statements.
3473,4362341,1593,2022-06-29,Full-Time,194401,689.0,No,Yes,Approved,5112.96,5326,5,.
3474,4365196,123,2020-09-19,Student,96381,749.0,No,No,Denied,1011.84,1054,4,Flagged for manual review.
3475,4366701,285,2020-09-02,Contract,72084,417.0,Yes,Yes,Under Review,2010.6,3351,4,Referred by agent.
3476,4369213,1320,2023-10-28,Unemployed,204609,655.0,No,No,Approved,3697.32,5602,2,
3477,4370544,581,2021-01-09,Unemployed,166235,621.0,No,No,Approved,3417.96,4382,1,
3478,4371578,299,2024-07-25,Student,134568,671.0,No,Yes,Approved,2956.8,4480,2,Applicant provided pay stubs.
3479,4376938,1667,2024-01-02,Part-Time,155500,762.0,No,No,Approved,3752.58,4811,1,
3480,4378135,1764,2022-11-02,Part-Time,246169,841.0,No,Yes,Approved,3289.2,5482,5,docs expired
3481,4379725,776,2022-01-29,Retired,54632,804.0,No,Yes,Approved,1359.6,2060,3,
3482,4380114,1533,2024-07-06,Self-Employed,67904,765.0,No,No,Approved,4286.04,6494,3,.
3483,4381579,969,,Unemployed,194718,724.0,No,No,Denied,996.6,1510,2,docs expired
3484,4383545,1656,2020-05-01,Contract,104260,637.0,No,No,Approved,1577.4,2629,1,Renewal case.
3485,4387488,405,2020-07-06,Part-Time,111343,773.0,No,Yes,Approved,1282.2,2137,1,Applicant follow-up needed
3486,4387857,1692,2024-05-20,Retired,69973,719.0,No,Yes,Approved,3874.08,4612,3,
3487,4388237,1395,2022-07-20,Contract,166601,,No,Yes,Pending,2919.84,3476,5,Applicant provided pay stubs.
3488,4390780,1577,,Self-Employed,69680,,No,No,Approved,3880.14,5879,1,docs expired
3489,4392175,598,2024-11-05,Contract,141220,301.0,No,Yes,Pending,3352.32,3492,5,.
3490,4392475,217,2021-07-26,Part-Time,231130,696.0,No,No,Denied,3320.64,3459,3,Flagged for manual review.
3491,4392593,864,2022-09-20,Student,47125,613.0,No,No,Approved,6556.68,8406,3,Flagged for manual review.
3492,4393670,483,2020-03-07,Part-Time,237911,,No,No,Denied,1337.28,1592,5,Renewal case.
3493,4395577,1770,2021-03-03,Full-Time,114688,,Yes,Yes,Pending,1704.0,2840,2,.
3494,4396811,1686,2022-11-01,Unemployed,149758,480.0,No,No,Approved,3245.58,4161,5,
3495,4396860,1063,2021-11-04,Part-Time,223977,324.0,No,Yes,Approved,1530.24,1594,2,Referred by agent.
3496,4397262,944,2022-09-15,Student,98492,410.0,No,No,Approved,1331.4,1585,3,docs expired
3497,4400668,1547,2023-05-23,Self-Employed,321929,735.0,No,No,Pending,2948.4,3780,2,Co-signer pending review.
3498,4400732,1095,2023-10-12,Full-Time,112842,714.0,No,Yes,Approved,1002.54,1519,3,
3499,4402078,525,2023-10-04,Contract,161865,734.0,No,Yes,Denied,2102.4,2190,4,Flagged for manual review.
3500,4404022,253,2024-09-20,Full-Time,94391,647.0,No,Yes,Approved,3232.32,3848,2,income verified via Plaid
3501,4404117,731,2020-04-09,Contract,217101,723.0,Yes,Yes,Approved,1475.76,1892,5,income verified via Plaid
3502,4404461,387,2020-12-12,Unemployed,211906,659.0,No,Yes,Withdrawn,2453.88,3718,2,
3503,4404673,1563,2022-01-18,Student,94883,714.0,No,Yes,Denied,2766.72,2882,1,
3504,4406922,53,2021-08-25,Unemployed,153667,707.0,No,Yes,Approved,4676.16,4871,3,
3505,4407496,915,2024-04-29,Unemployed,200791,,No,No,Denied,3711.12,4418,5,Referred by agent.
3506,4408919,1705,,Full-Time,29230,668.0,Yes,Yes,Approved,2477.16,2949,5,Applicant provided pay stubs.
3507,4411535,745,2024-11-14,Part-Time,148372,627.0,No,No,Approved,5024.64,5234,2,Referred by agent.
3508,4412691,1765,2022-01-08,Retired,51594,770.0,No,No,Withdrawn,2669.04,4044,4,.
3509,4413053,756,2020-05-05,Self-Employed,875000,746.0,Yes,Yes,Approved,821.4,1369,5,
3510,4414140,234,2022-09-12,Self-Employed,225090,518.0,No,No,Denied,3203.76,3814,4,
3511,4415008,1723,2021-04-23,Self-Employed,197301,820.0,No,No,Denied,1474.2,1755,3,income verified via Plaid
3512,4415620,978,2021-02-18,Full-Time,166454,445.0,No,No,Denied,757.2,1262,4,Applicant provided pay stubs.
3513,4417030,1404,2020-04-28,Full-Time,52091,761.0,Yes,No,Pending,581.4,969,4,
3514,4417547,1780,2020-02-21,Retired,277316,728.0,No,No,Denied,6980.4,8310,4,Missing bank statements.
3515,4418608,1154,2022-10-31,Student,224653,729.0,No,Yes,Approved,2616.0,2725,5,Applicant provided pay stubs.
3516,4418888,54,2023-04-16,Unemployed,151531,812.0,No,No,Denied,6110.4,6365,2,
3517,4418896,26,2021-10-06,Retired,89947,655.0,No,No,Denied,1273.44,1516,1,Flagged for manual review.
3518,4420135,1747,2021-12-25,Unemployed,111598,821.0,No,No,Approved,3535.2,5892,5,docs expired
3519,4420764,998,2020-02-18,Unemployed,155295,616.0,No,No,Denied,4257.6,4435,1,.
3520,4421822,1516,2021-05-05,Unemployed,145624,408.0,No,Yes,Denied,1938.3,2485,3,
3521,4422158,807,2020-05-17,Part-Time,148418,664.0,No,Yes,Withdrawn,1743.36,1816,5,Missing bank statements.
3522,4426288,204,2021-06-25,Self-Employed,123302,672.0,No,Yes,Pending,1135.68,1352,1,Co-signer pending review.
3523,4426855,1367,2021-07-09,Full-Time,224387,701.0,No,Yes,Denied,815.76,1236,5,
3524,4429150,1408,,Contract,196791,771.0,No,Yes,Pending,2428.14,3113,4,
3525,4429218,1195,2024-09-20,Full-Time,88171,771.0,No,No,Approved,2632.2,4387,4,
3526,4432681,826,2023-07-03,Self-Employed,159271,722.0,No,Yes,Approved,4297.92,4477,3,Renewal case.
3527,4433000,1473,2024-11-02,Full-Time,144789,621.0,No,No,Approved,3944.64,4696,1,Missing bank statements.
3528,4433270,917,2021-09-18,Part-Time,55664,595.0,No,No,Approved,1391.88,1657,5,.
3529,4433368,1034,2022-11-17,Student,67693,488.0,No,Yes,Pending,2016.0,3360,2,Flagged for manual review.
3530,4433852,423,2022-01-17,Contract,139700,758.0,No,Yes,Denied,7162.56,7461,3,
3531,4436146,605,2020-02-21,Student,78497,304.0,No,No,Under Review,1527.24,0,3,
3532,4437097,570,2021-04-25,Student,248675,,No,No,Approved,5507.52,5737,5,
3533,4439281,177,2024-04-20,Unemployed,161637,701.0,No,Yes,Approved,1320.48,1572,3,
3534,4439703,1376,2023-08-04,Full-Time,205580,695.0,No,Yes,Approved,1912.56,2452,5,Applicant follow-up needed
3535,4439898,1621,2021-11-24,Unemployed,247767,764.0,No,No,Denied,6562.56,6836,3,Renewal case.
3536,4440003,972,2020-02-13,Self-Employed,69228,562.0,No,Yes,Withdrawn,1624.2,2707,4,
3537,4442001,771,2024-07-15,Unemployed,22325,810.0,No,Yes,Denied,1733.4,2889,2,Applicant follow-up needed
3538,4442121,983,2024-04-07,Full-Time,134542,792.0,Yes,No,Approved,4669.8,7783,2,Flagged for manual review.
3539,4443946,1102,2024-06-07,Part-Time,157197,824.0,Yes,No,Approved,1823.64,2338,2,Co-signer pending review.
3540,4444023,1064,2023-05-25,Part-Time,220630,707.0,No,No,Denied,1511.4,2519,3,Flagged for manual review.
3541,4444838,1757,2021-06-06,Self-Employed,112041,725.0,No,No,Denied,2048.4,3414,5,Renewal case.
3542,4444856,230,2024-10-25,Student,220748,725.0,No,Yes,Denied,1858.56,1936,3,income verified via Plaid
3543,4444896,371,2022-09-22,Unemployed,136627,746.0,No,Yes,Approved,1774.5,2275,4,Renewal case.
3544,4445145,1560,2020-04-15,Student,198441,744.0,No,No,Approved,2208.0,3680,3,Applicant follow-up needed
3545,4446724,882,2023-09-17,Part-Time,141771,767.0,Yes,No,Approved,4798.08,5712,4,Renewal case.
3546,4448297,1262,2021-01-27,Part-Time,229032,618.0,No,Yes,Approved,5814.48,6922,2,
3547,4449555,605,2021-02-19,Contract,247971,709.0,Yes,No,Approved,2221.44,2314,3,Applicant follow-up needed
3548,4452018,475,2024-10-17,Full-Time,77190,345.0,No,No,Approved,2364.48,2463,4,Applicant follow-up needed
3549,4452213,1469,2022-03-14,Part-Time,41840,489.0,No,Yes,Denied,2310.84,2751,5,Applicant provided pay stubs.
3550,4453167,263,2021-05-10,Self-Employed,32725,633.0,No,Yes,Denied,902.22,1367,3,Co-signer pending review.
3551,4453836,35,2020-02-29,Retired,82404,413.0,No,Yes,Pending,1838.4,1915,4,Missing bank statements.
3552,4454773,214,2023-07-11,Retired,184133,767.0,No,Yes,Approved,3258.06,4177,4,Applicant provided pay stubs.
3553,4454943,791,2022-06-03,Student,49297,,No,No,Approved,3393.78,4351,1,
3554,4457243,1336,2021-05-07,Part-Time,118364,676.0,No,No,Approved,3354.24,3494,4,income verified via Plaid
3555,4458297,746,2022-08-18,Full-Time,240198,709.0,No,No,Approved,1815.36,0,3,
3556,4460429,596,2023-07-24,Full-Time,107489,405.0,Yes,Yes,Approved,3074.4,3660,1,Applicant provided pay stubs.
3557,4460519,745,2022-10-16,Retired,36838,803.0,No,No,Denied,4396.56,5234,2,
3558,4462073,402,2023-02-23,Student,168669,763.0,No,No,Approved,2120.58,3213,4,Flagged for manual review.
3559,4462100,838,2020-09-24,Retired,107858,518.0,No,Yes,Pending,5878.08,6123,2,docs expired
3560,4462905,1754,2021-12-10,Retired,137480,373.0,No,No,Approved,4596.48,4788,1,docs expired
3561,4464053,1070,2020-04-27,Student,226592,,No,Yes,Approved,885.12,922,5,Co-signer pending review.
3562,4464727,76,2022-11-17,Unemployed,77314,406.0,Yes,No,Approved,1269.18,1923,1,Flagged for manual review.
3563,4466038,569,2024-01-24,Unemployed,142400,624.0,No,No,Under Review,7765.44,8089,3,Renewal case.
3564,4466336,556,,Self-Employed,46723,798.0,Yes,No,Pending,2240.04,3394,2,Renewal case.
3565,4467469,208,2021-10-13,Student,44073,746.0,Yes,No,Approved,511.8,853,4,.
3566,4468884,212,2022-11-17,Retired,152279,843.0,No,Yes,Denied,1392.3,1785,1,.
3567,4473180,850,2023-07-28,Retired,156916,,No,Yes,Denied,2370.42,3039,2,Co-signer pending review.
3568,4475987,1151,2022-10-25,Retired,212359,679.0,No,Yes,Pending,4292.34,5503,3,
3569,4478330,429,2023-05-31,Contract,75386,,No,No,Under Review,5532.48,5763,2,
3570,4478593,1394,2024-08-28,Retired,142558,724.0,No,No,Denied,1347.36,1604,1,Applicant provided pay stubs.
3571,4479373,152,2020-06-14,Retired,210055,,No,No,Approved,2274.24,2369,5,Referred by agent.
3572,4479842,1338,2020-05-16,Self-Employed,198379,,Yes,Yes,Approved,5247.36,5466,1,Renewal case.
3573,4480198,486,2023-03-03,Contract,72936,606.0,No,Yes,Approved,1998.36,2562,1,
3574,4480801,2,2024-01-09,Part-Time,190975,,No,No,Denied,2588.04,3081,2,Applicant provided pay stubs.
3575,4483565,1094,2020-06-16,Full-Time,154273,788.0,No,Yes,Pending,2150.4,2240,3,
3576,4486797,518,2021-11-30,Retired,154311,,No,Yes,Denied,3751.44,4466,1,
3577,4487151,1618,2022-02-02,Self-Employed,193868,689.0,Yes,Yes,Approved,2323.44,2766,5,docs expired
3578,4487510,854,2023-01-19,Self-Employed,76478,763.0,Yes,No,Approved,2232.96,2326,3,Flagged for manual review.
3579,4489166,924,2023-08-17,Self-Employed,964000,752.0,No,No,Approved,722.7,1095,4,Referred by agent.
3580,4489533,1660,2021-01-19,Full-Time,40990,,Yes,Yes,Pending,879.0,1465,4,
3581,4491070,715,2020-08-24,Full-Time,285883,709.0,No,Yes,Denied,1903.68,1983,4,Applicant provided pay stubs.
3582,4491211,623,2022-03-07,Unemployed,164182,450.0,No,No,Denied,5053.62,7657,1,.
3583,4491843,1516,2022-09-13,Contract,33702,728.0,No,Yes,Pending,2087.4,2485,4,Applicant provided pay stubs.
3584,4492046,391,2023-05-17,Self-Employed,126618,664.0,No,No,Under Review,2616.6,3115,5,Co-signer pending review.
3585,4493861,143,2022-06-10,Retired,175779,308.0,No,No,Withdrawn,1657.32,1973,5,
3586,4494571,165,2023-05-18,Retired,131695,,No,Yes,Denied,1803.36,2312,1,
3587,4494993,353,2020-07-07,Unemployed,159315,681.0,No,Yes,Under Review,2350.08,2448,4,Co-signer pending review.
3588,4495383,719,2021-02-10,Student,194226,772.0,No,Yes,Approved,6197.1,7945,2,Missing bank statements.
3589,4499252,1410,2023-10-21,Retired,211513,727.0,No,Yes,Approved,2607.0,4345,5,Co-signer pending review.
3590,4499627,1352,2021-11-06,Part-Time,137392,788.0,No,Yes,Pending,2028.48,2113,2,income verified via Plaid
3591,4501592,581,2021-05-27,Retired,136667,732.0,No,No,Denied,3680.88,4382,4,
3592,4501747,897,2022-09-17,Part-Time,150100,,No,No,Approved,1322.88,1378,4,.
3593,4501815,1584,2024-06-06,Full-Time,138231,591.0,No,Yes,Denied,1123.2,1872,2,docs expired
3594,4503125,1379,2024-11-02,Contract,78252,615.0,Yes,Yes,Under Review,4863.6,0,1,Referred by agent.
3595,4505155,1701,2021-08-07,Self-Employed,161803,463.0,No,Yes,Pending,2279.4,3799,5,Applicant follow-up needed
3596,4505608,373,2020-07-21,Contract,179712,593.0,No,Yes,Pending,5412.0,8200,5,income verified via Plaid
3597,4508596,1512,2021-01-30,Contract,174638,452.0,No,Yes,Approved,2267.46,2907,2,
3598,4509443,1164,2023-08-23,Full-Time,35522,605.0,Yes,No,Denied,2071.8,3453,1,Applicant provided pay stubs.
3599,4510230,450,2021-08-10,Full-Time,200964,458.0,No,No,Denied,1135.2,1720,2,income verified via Plaid
3600,4510727,1787,2023-05-16,Retired,74352,726.0,Yes,Yes,Pending,3229.44,3364,1,Referred by agent.
3601,4513628,1216,2021-08-22,Full-Time,44340,738.0,No,Yes,Denied,1800.12,2143,3,Co-signer pending review.
3602,4513830,1091,2024-12-15,Full-Time,149356,692.0,Yes,No,Denied,1631.52,2472,2,Applicant follow-up needed
3603,4518128,82,2022-07-16,Unemployed,128712,693.0,No,No,Approved,2023.56,2409,1,
3604,4520613,54,2020-10-07,Unemployed,131759,713.0,No,No,Approved,6110.4,6365,4,.
3605,4520891,1191,2024-10-08,Retired,177870,816.0,No,Yes,Approved,978.12,1254,1,Co-signer pending review.
3606,4523195,549,2024-11-25,Full-Time,36082,673.0,No,No,Denied,1958.88,2968,1,income verified via Plaid
3607,4524849,839,2021-11-02,Unemployed,218742,824.0,No,No,Denied,2573.4,4289,2,
3608,4526494,20,2020-04-16,Self-Employed,134408,,Yes,No,Approved,3931.2,5040,4,Applicant follow-up needed
3609,4526891,1260,2020-05-28,Self-Employed,234617,752.0,No,Yes,Withdrawn,2367.12,2818,4,
3610,4527162,1529,2022-03-10,Self-Employed,169241,685.0,No,No,Approved,3004.32,4552,3,docs expired
3611,4527361,447,2024-06-26,Full-Time,68974,719.0,No,Yes,Denied,3174.6,4810,3,docs expired
3612,4528703,1493,2023-04-26,Full-Time,37440,841.0,No,No,Withdrawn,1939.74,2939,4,Co-signer pending review.
3613,4530552,133,2024-01-03,Retired,114418,634.0,No,Yes,Approved,2683.8,3195,5,Referred by agent.
3614,4531441,982,2020-11-17,Retired,86624,,No,Yes,Approved,1516.02,2297,5,
3615,4531749,1,2020-03-03,Full-Time,108400,791.0,No,No,Under Review,663.78,851,5,
3616,4534522,1381,2024-04-22,Self-Employed,55739,790.0,No,Yes,Pending,932.58,1413,2,
3617,4535844,1660,2024-07-24,Full-Time,42902,,No,No,Under Review,1406.4,1465,1,.
3618,4536360,1368,2022-10-13,Unemployed,90161,524.0,No,Yes,Denied,2417.22,3099,1,Flagged for manual review.
3619,4538204,1450,2020-09-22,Student,136875,652.0,No,No,Approved,630.0,1050,3,
3620,4539205,546,2024-12-26,Part-Time,65866,699.0,No,No,Pending,1516.02,2297,1,income verified via Plaid
3621,4539989,480,2024-09-27,Self-Employed,158771,468.0,No,No,Denied,3763.2,4480,5,
3622,4540369,275,2021-09-24,Self-Employed,121097,707.0,No,Yes,Denied,1008.0,1680,3,.
3623,4540772,261,2022-03-06,Retired,154182,616.0,Yes,Yes,Approved,2232.6,3721,3,Renewal case.
3624,4543227,1777,2021-01-30,Self-Employed,83976,755.0,Yes,No,Approved,1348.8,2248,3,
3625,4545442,1787,2022-08-21,Contract,138864,700.0,No,No,Denied,2623.92,3364,4,docs expired
3626,4547794,899,2022-06-20,Contract,41663,,No,No,Denied,1107.48,1678,4,Referred by agent.
3627,4549503,1797,2024-09-09,Contract,26026,722.0,No,No,Denied,578.16,876,2,.
3628,4549817,82,2021-03-25,Self-Employed,208884,744.0,No,Yes,Pending,1445.4,2409,2,.
3629,4551078,1757,2022-01-11,Unemployed,91338,704.0,No,No,Approved,2253.24,3414,1,.
3630,4552739,1665,2024-04-02,Contract,37079,817.0,No,No,Approved,3533.4,4530,3,Referred by agent.
3631,4556786,437,2022-04-03,Full-Time,130922,746.0,No,No,Approved,1641.0,2735,5,
3632,4557015,1468,2021-05-22,Self-Employed,107772,658.0,No,Yes,Approved,1994.46,2557,2,Renewal case.
3633,4557125,813,2020-12-01,Part-Time,37252,662.0,Yes,Yes,Denied,1531.2,2320,3,Applicant provided pay stubs.
3634,4559064,1464,2021-07-19,Self-Employed,99940,714.0,No,Yes,Approved,3150.0,3750,1,
3635,4560663,177,,Contract,179400,751.0,No,No,Approved,1320.48,1572,2,
3636,4561277,176,2023-02-11,Full-Time,71183,763.0,No,No,Denied,6304.74,8083,2,income verified via Plaid
3637,4561952,1058,2020-03-10,Contract,18321,748.0,No,No,Approved,525.6,0,3,Applicant follow-up needed
3638,4563615,13,2020-06-11,Self-Employed,200291,745.0,No,Yes,Approved,2935.8,3495,2,docs expired
3639,4563885,467,2023-08-16,Retired,115330,656.0,No,Yes,Withdrawn,6529.38,8371,5,docs expired
3640,4564189,1796,2024-03-28,Student,194315,686.0,No,No,Approved,2609.1,0,3,.
3641,4564240,996,2024-12-09,Self-Employed,159321,816.0,No,Yes,Pending,5286.96,6294,1,Referred by agent.
3642,4564640,1494,2023-12-28,Unemployed,69507,759.0,No,Yes,Denied,3272.1,4195,2,Referred by agent.
3643,4564989,1576,2020-09-24,Retired,63383,701.0,No,No,Denied,3474.6,5791,4,
3644,4565465,1777,2023-01-26,Part-Time,97414,671.0,No,Yes,Approved,1888.32,2248,1,docs expired
3645,4567087,1375,2021-05-01,Self-Employed,46466,677.0,No,No,Approved,1684.98,2553,3,Renewal case.
3646,4568549,123,2021-05-25,Student,31352,679.0,No,Yes,Under Review,695.64,1054,4,Renewal case.
3647,4569362,1304,2022-09-29,Unemployed,57357,595.0,No,No,Approved,7522.68,11398,3,Renewal case.
3648,4572638,449,2024-12-08,Retired,84160,764.0,No,Yes,Pending,1479.06,2241,2,docs expired
3649,4573607,638,2023-05-03,Retired,153335,515.0,Yes,No,Approved,1279.74,1939,4,docs expired
3650,4575285,1032,2023-07-30,Contract,57351,609.0,No,No,Approved,1764.0,2940,3,
3651,4575392,1412,2022-06-12,Contract,146920,,No,No,Approved,1516.8,1580,1,
3652,4577451,645,2021-07-16,Full-Time,87708,391.0,No,Yes,Approved,6887.04,7174,1,.
3653,4578992,915,2023-09-16,Part-Time,209443,732.0,No,Yes,Denied,3446.04,4418,1,
3654,4579466,1499,2024-04-16,Full-Time,86879,787.0,No,No,Denied,2068.56,0,1,
3655,4580809,1570,2023-01-28,Student,122479,,No,No,Denied,2596.8,2705,3,Referred by agent.
3656,4582142,1559,2021-11-23,Contract,72855,795.0,No,No,Denied,1264.38,1621,1,Flagged for manual review.
3657,4582440,882,2024-10-13,Self-Employed,277860,691.0,No,No,Denied,3769.92,5712,1,Applicant follow-up needed
3658,4583368,913,,Full-Time,220697,820.0,No,No,Approved,679.38,871,2,Applicant provided pay stubs.
3659,4584058,830,2023-02-10,Unemployed,99966,803.0,No,No,Approved,2793.18,3581,5,
3660,4585334,347,2024-01-28,Retired,119032,399.0,No,No,Pending,2339.22,2999,2,Referred by agent.
3661,4586744,585,2021-12-05,Unemployed,202859,768.0,No,No,Denied,4309.14,6529,4,Applicant provided pay stubs.
3662,4586820,613,2022-09-22,Contract,47600,751.0,No,No,Denied,4630.08,5512,2,Renewal case.
3663,4588386,1534,2024-06-24,Student,169159,751.0,No,Yes,Approved,1308.72,1558,3,
3664,4591306,1478,2023-03-26,Unemployed,86173,,No,No,Denied,998.4,1040,1,
3665,4591981,1084,2023-10-02,Part-Time,131446,691.0,No,No,Approved,1321.98,2003,1,
3666,4598641,416,2024-02-05,Full-Time,2706,681.0,No,Yes,Approved,3802.56,3961,4,docs expired
3667,4598862,521,2024-08-17,Retired,53021,,No,No,Under Review,895.68,933,3,Referred by agent.
3668,4599276,1481,2024-08-03,Full-Time,60447,729.0,Yes,Yes,Approved,1161.42,1489,3,Renewal case.
3669,4600993,917,2023-09-23,Full-Time,65055,709.0,No,Yes,Denied,1590.72,1657,5,Renewal case.
3670,4601999,1537,2024-05-02,Part-Time,286499,,No,No,Approved,2415.6,3660,1,docs expired
3671,4602478,1554,2023-09-17,Contract,176600,,No,Yes,Pending,964.86,1237,4,
3672,4602519,1553,2024-07-03,Self-Employed,111432,796.0,No,Yes,Approved,3064.32,3192,2,
3673,4603210,1705,2024-09-22,Self-Employed,166159,773.0,No,No,Pending,2300.22,2949,1,
3674,4603331,752,,Self-Employed,82973,734.0,No,No,Pending,2890.44,3441,1,income verified via Plaid
3675,4603548,1653,2023-11-15,Retired,51637,793.0,No,No,Approved,3758.4,3915,3,Flagged for manual review.
3676,4604966,997,2020-05-03,Full-Time,205868,826.0,Yes,Yes,Denied,3524.04,4518,2,Applicant provided pay stubs.
3677,4605542,418,2022-12-13,Contract,45363,767.0,No,No,Denied,2691.0,3450,4,Applicant follow-up needed
3678,4606188,1305,2023-11-24,Retired,426000,756.0,Yes,Yes,Pending,5251.68,6252,3,
3679,4607528,1326,,Unemployed,69568,,No,No,Under Review,2205.84,0,2,
3680,4608514,1145,2024-07-17,Student,192400,790.0,No,Yes,Approved,2442.6,4071,1,Referred by agent.
3681,4611850,1109,2024-07-19,Student,167570,779.0,No,No,Approved,6803.52,7087,2,Applicant provided pay stubs.
3682,4612407,944,2023-05-19,Part-Time,179813,,Yes,No,Approved,951.0,1585,4,
3683,4614088,683,2023-08-01,Self-Employed,102164,763.0,Yes,No,Denied,1814.34,2749,5,Flagged for manual review.
3684,4617103,1177,2022-05-04,Part-Time,171703,436.0,No,No,Under Review,2838.0,4730,4,docs expired
3685,4619802,1226,2022-02-16,Contract,155060,808.0,No,Yes,Denied,4333.56,5159,4,
3686,4620707,529,2021-01-10,Self-Employed,88346,657.0,No,Yes,Denied,2482.92,3762,5,
3687,4622292,1347,2023-05-17,Contract,60653,682.0,No,Yes,Approved,627.9,805,4,Flagged for manual review.
3688,4623124,1090,2022-09-01,Contract,65364,,No,Yes,Denied,4267.38,5471,2,
3689,4623361,211,2022-06-14,Part-Time,55530,670.0,No,No,Approved,1110.72,1424,5,income verified via Plaid
3690,4624602,999,2020-11-06,Self-Employed,127274,778.0,No,Yes,Pending,1587.6,2646,2,.
3691,4627335,164,2022-04-23,Part-Time,160030,,No,No,Denied,1833.48,2778,5,Missing bank statements.
3692,4628316,1282,2024-01-18,Student,50102,647.0,No,No,Denied,1796.76,2139,4,Applicant follow-up needed
3693,4629787,1310,2022-12-14,Student,114850,765.0,Yes,No,Pending,2971.8,0,1,Applicant provided pay stubs.
3694,4630239,1264,2021-09-20,Self-Employed,44825,,No,Yes,Under Review,2051.28,3108,3,.
3695,4630344,690,2021-03-04,Self-Employed,25728,,No,No,Approved,806.4,1344,4,
3696,4630899,870,2020-08-03,Student,88246,676.0,Yes,Yes,Denied,1198.2,1997,2,Applicant follow-up needed
3697,4632716,1020,2021-09-06,Contract,95405,594.0,No,Yes,Under Review,3949.44,4114,5,Renewal case.
3698,4634782,688,2021-04-13,Contract,240931,699.0,No,No,Withdrawn,2739.24,3261,4,Flagged for manual review.
3699,4635222,1531,2020-08-05,Full-Time,32610,,No,Yes,Approved,1982.4,2065,3,
3700,4636129,1412,2024-03-17,Unemployed,37031,,No,Yes,Approved,1232.4,0,5,Co-signer pending review.
3701,4639372,724,2023-03-04,Student,80473,621.0,No,Yes,Under Review,2130.96,2732,3,Missing bank statements.
3702,4641313,1374,2021-08-31,Retired,279042,709.0,No,No,Under Review,2475.66,3751,2,.
3703,4641653,917,2022-12-26,Part-Time,131117,,Yes,No,Pending,994.2,1657,1,
3704,4641768,514,2021-12-21,Student,116372,692.0,No,No,Approved,610.5,925,2,
3705,4645206,552,2024-10-14,Part-Time,195624,731.0,No,No,Approved,8625.6,8985,4,
3706,4646457,1170,,Part-Time,176308,807.0,No,No,Denied,1574.4,2624,2,Referred by agent.
3707,4647503,686,2024-12-21,Part-Time,151087,731.0,No,Yes,Approved,3148.86,4037,4,Applicant provided pay stubs.
3708,4648232,1396,2022-12-30,Unemployed,96238,635.0,Yes,No,Pending,2080.32,3152,3,
3709,4648527,561,2021-03-09,Part-Time,237400,808.0,No,No,Denied,1126.62,1707,3,Renewal case.
3710,4648685,1259,2023-08-14,Full-Time,33248,602.0,Yes,Yes,Under Review,7094.4,11824,5,Flagged for manual review.
3711,4649022,1499,2022-03-14,Full-Time,235839,,No,No,Pending,1746.24,1819,2,.
3712,4651515,1096,2021-06-28,Unemployed,242240,681.0,Yes,No,Approved,1976.52,2534,1,
3713,4651902,341,2022-06-19,Full-Time,232183,782.0,No,No,Pending,2186.88,2278,1,
3714,4651952,78,2023-04-18,Full-Time,45911,530.0,Yes,No,Pending,1653.96,1969,1,Applicant follow-up needed
3715,4652629,64,2021-03-06,Unemployed,126740,740.0,No,Yes,Approved,2473.68,3748,1,docs expired
3716,4652660,1481,2021-02-04,Unemployed,160994,613.0,No,No,Approved,1161.42,1489,4,income verified via Plaid
3717,4652979,710,2024-03-30,Unemployed,108466,790.0,No,No,Under Review,1135.68,1352,5,
3718,4653283,58,2024-08-08,Self-Employed,42045,603.0,No,Yes,Approved,1064.58,1613,3,Applicant provided pay stubs.
3719,4653306,791,2023-09-08,Self-Employed,27919,801.0,No,Yes,Approved,3393.78,4351,4,income verified via Plaid
3720,4653374,646,2023-08-01,Self-Employed,240126,607.0,Yes,No,Withdrawn,2747.52,2862,5,income verified via Plaid
3721,4654055,432,2022-01-26,Self-Employed,4307,401.0,No,No,Under Review,2286.18,2931,5,
3722,4654966,1002,2022-07-01,Unemployed,65975,816.0,No,No,Pending,5486.58,8313,3,
3723,4659223,594,2021-11-27,Part-Time,242407,766.0,No,No,Approved,1524.12,1954,3,
3724,4661598,837,2020-12-01,Full-Time,117967,819.0,No,No,Denied,3303.0,5505,2,.
3725,4661786,1700,2020-10-08,Full-Time,248131,831.0,No,Yes,Approved,1211.76,1836,5,Applicant provided pay stubs.
3726,4662872,487,2023-08-29,Contract,121326,686.0,Yes,Yes,Denied,1593.24,2414,1,.
3727,4663482,890,2023-01-01,Student,30581,797.0,No,No,Denied,9109.62,0,4,Applicant follow-up needed
3728,4663776,663,2024-12-27,Part-Time,176100,,No,Yes,Denied,1527.0,2545,5,.
3729,4665910,875,2020-02-04,Unemployed,71946,731.0,No,No,Denied,5236.8,5455,1,
3730,4668466,819,2020-08-17,Full-Time,69775,822.0,No,No,Denied,3703.56,4409,3,Co-signer pending review.
3731,4669637,1648,2023-07-23,Full-Time,9794,720.0,Yes,Yes,Approved,2620.2,4367,5,income verified via Plaid
3732,4671345,1548,2023-02-14,Full-Time,241031,786.0,No,No,Denied,4717.02,7147,4,Renewal case.
3733,4671638,171,2022-03-09,Self-Employed,100728,683.0,No,No,Denied,3037.2,5062,3,.
3734,4671724,1216,2022-05-10,Retired,39986,691.0,No,No,Pending,1414.38,2143,3,Applicant provided pay stubs.
3735,4677010,1490,2021-10-13,Self-Employed,161281,724.0,No,No,Pending,1427.58,2163,1,Applicant follow-up needed
3736,4677444,186,2023-01-26,Retired,77834,587.0,No,Yes,Approved,3038.28,3617,1,Renewal case.
3737,4679486,621,2020-08-24,Self-Employed,194448,,No,No,Denied,3648.0,6080,3,
3738,4679567,1517,2021-03-27,Unemployed,71415,687.0,Yes,No,Approved,1664.88,1982,1,.
3739,4682402,548,2021-06-26,Full-Time,86996,727.0,Yes,No,Pending,4118.52,4903,4,
3740,4682505,1087,2024-04-18,Retired,197592,688.0,No,No,Denied,4892.94,6273,4,Referred by agent.
3741,4682817,1358,2024-11-17,Self-Employed,168869,701.0,No,No,Pending,3312.12,3943,4,.
3742,4683879,816,2024-10-20,Unemployed,180766,692.0,No,No,Approved,1313.52,1684,5,docs expired
3743,4685284,803,2022-08-29,Contract,30010,760.0,No,Yes,Denied,5046.0,8410,1,docs expired
3744,4686897,755,2020-01-02,Retired,15633,,No,Yes,Approved,3675.6,6126,5,Applicant provided pay stubs.
3745,4686956,364,2022-03-07,Full-Time,207402,,No,No,Withdrawn,2148.12,2754,5,Missing bank statements.
3746,4691784,225,2024-05-08,Self-Employed,37172,602.0,No,Yes,Pending,1170.84,1774,4,
3747,4696750,1100,2024-01-23,Unemployed,11886,638.0,No,No,Pending,2586.48,3316,3,
3748,4697768,717,2023-03-16,Student,39790,724.0,No,Yes,Denied,6696.0,6975,3,Applicant follow-up needed
3749,4698934,1111,2023-05-04,Unemployed,96561,656.0,No,Yes,Withdrawn,2649.66,3397,1,docs expired
3750,4700823,42,2022-08-28,Self-Employed,211175,606.0,No,No,Denied,6717.12,6997,3,income verified via Plaid
3751,4703431,1161,2023-07-19,Full-Time,147180,,No,No,Approved,1849.68,2202,5,
3752,4704601,1696,2021-08-11,Retired,102200,749.0,Yes,No,Approved,1333.8,2223,5,
3753,4704813,158,2021-12-27,Self-Employed,10969,778.0,No,No,Approved,978.9,1255,5,
3754,4707963,882,2020-03-12,Self-Employed,70510,808.0,No,No,Approved,3769.92,5712,5,
3755,4709593,1268,2021-11-25,Student,204520,,No,No,Approved,5888.22,7549,3,Missing bank statements.
3756,4710682,411,2023-07-18,Retired,61566,750.0,No,Yes,Approved,856.8,1020,3,
3757,4711874,242,2020-11-06,Full-Time,123906,819.0,No,No,Approved,2073.96,2469,5,
3758,4715384,1652,2023-07-28,Unemployed,47728,510.0,No,Yes,Approved,1305.36,1554,2,docs expired
3759,4720141,22,2022-05-09,Part-Time,185508,841.0,No,Yes,Denied,1630.44,1941,3,Applicant provided pay stubs.
3760,4721678,1463,2022-06-18,Part-Time,173097,699.0,No,No,Approved,2948.4,3510,1,Renewal case.
3761,4722093,1385,2023-06-18,Student,123822,605.0,No,No,Approved,1211.28,1442,3,
3762,4722423,392,2022-01-05,Part-Time,89109,718.0,Yes,Yes,Approved,3131.52,3728,1,Applicant provided pay stubs.
3763,4722667,221,2024-11-24,Contract,4367,750.0,No,No,Withdrawn,2622.48,3122,3,docs expired
3764,4723660,1746,2023-09-26,Student,99622,676.0,Yes,No,Approved,1662.0,2770,3,
3765,4724279,1366,2023-05-13,Student,213937,807.0,Yes,Yes,Denied,4273.92,5088,1,Missing bank statements.
3766,4725910,162,2023-12-31,Contract,63036,,No,No,Under Review,784.74,1189,2,income verified via Plaid
3767,4726156,1308,2024-11-26,Retired,90336,733.0,No,No,Pending,3026.4,5044,4,
3768,4726788,1419,2021-12-24,Contract,89364,789.0,No,No,Approved,2117.4,3529,4,.
3769,4726970,1742,2020-10-21,Unemployed,133551,845.0,No,No,Approved,2650.8,0,3,
3770,4726989,1203,2020-01-25,Retired,94512,767.0,Yes,Yes,Denied,1918.08,1998,3,
3771,4727749,919,2023-01-12,Student,182682,793.0,No,No,Approved,607.86,921,2,
3772,4728660,1498,2022-05-30,Retired,52024,720.0,No,No,Approved,2056.56,3116,5,
3773,4729679,1364,2021-10-02,Part-Time,90418,799.0,Yes,No,Pending,5184.96,5401,3,
3774,4731319,1406,2023-01-26,Contract,161182,648.0,Yes,Yes,Approved,2181.0,3635,4,
3775,4733195,1081,2023-02-01,Retired,283266,792.0,No,No,Pending,5405.76,5631,3,Flagged for manual review.
3776,4735558,659,2020-12-11,Student,22611,783.0,No,No,Denied,5298.72,6308,1,Referred by agent.
3777,4737808,911,2020-06-07,Unemployed,158323,703.0,No,No,Denied,3025.8,5043,2,
3778,4741226,1636,2021-03-11,Contract,58997,739.0,No,Yes,Withdrawn,6892.8,11488,1,Missing bank statements.
3779,4741465,380,2021-07-18,Part-Time,108921,821.0,Yes,No,Pending,3126.0,5210,3,income verified via Plaid
3780,4741589,1137,2023-04-29,Retired,86768,656.0,No,No,Approved,867.9,1315,5,Applicant provided pay stubs.
3781,4741679,1718,2022-03-11,Part-Time,132839,766.0,No,Yes,Approved,1489.32,1773,2,income verified via Plaid
3782,4743207,1734,2021-10-27,Part-Time,83448,771.0,No,No,Approved,2606.52,3103,4,docs expired
3783,4746621,930,2022-06-03,Contract,191826,625.0,No,Yes,Denied,3168.0,3300,2,docs expired
3784,4747526,737,2023-03-20,Self-Employed,162106,629.0,Yes,No,Denied,2556.0,4260,4,docs expired
3785,4748533,1674,2022-05-14,Full-Time,155022,,No,No,Withdrawn,1177.8,1510,5,docs expired
3786,4749693,312,2021-11-15,Unemployed,236650,769.0,No,Yes,Approved,4027.2,4195,4,Applicant follow-up needed
3787,4749983,1004,2024-03-01,Full-Time,102792,482.0,Yes,Yes,Under Review,3607.56,5466,1,Applicant follow-up needed
3788,4750185,1774,2023-12-17,Contract,117952,777.0,No,No,Denied,1454.4,1515,2,
3789,4750408,27,2020-06-10,Self-Employed,64860,724.0,No,Yes,Approved,1202.76,1542,4,
3790,4750677,87,,Contract,140633,712.0,No,Yes,Approved,4894.68,5827,3,Flagged for manual review.
3791,4752811,1150,2023-01-18,Part-Time,121179,,Yes,No,Withdrawn,12140.16,12646,3,
3792,4754723,1752,2023-11-15,Unemployed,135273,737.0,No,Yes,Under Review,1331.22,2017,4,Renewal case.
3793,4755663,629,2020-06-21,Student,199508,845.0,No,Yes,Approved,937.86,1421,1,income verified via Plaid
3794,4756323,1692,2022-06-24,Unemployed,253736,504.0,No,Yes,Approved,2767.2,4612,2,Applicant follow-up needed
3795,4757019,746,2024-08-06,Part-Time,92753,753.0,Yes,No,Denied,1588.44,1891,2,Applicant follow-up needed
3796,4758178,823,2024-11-17,Full-Time,59539,724.0,No,Yes,Approved,5660.76,6739,5,Flagged for manual review.
3797,4758391,1314,2024-01-03,Full-Time,114478,624.0,Yes,No,Approved,2448.6,4081,1,income verified via Plaid
3798,4758780,1712,2024-01-14,Part-Time,40538,703.0,No,Yes,Approved,1661.76,1731,5,income verified via Plaid
3799,4760124,45,2021-04-21,Self-Employed,282300,735.0,No,No,Approved,1836.6,3061,2,
3800,4761194,798,2022-07-05,Student,283977,612.0,No,Yes,Denied,1222.2,1455,4,Flagged for manual review.
3801,4761244,1248,2022-03-08,Contract,223482,830.0,Yes,No,Pending,5028.0,8380,2,
3802,4765634,1418,2023-06-12,Unemployed,85203,757.0,No,Yes,Approved,3060.48,3188,1,
3803,4765771,1433,2022-03-05,Student,49024,784.0,No,Yes,Denied,5552.82,7119,1,Renewal case.
3804,4766008,985,2021-11-29,Student,57303,731.0,No,No,Denied,1039.8,1733,3,
3805,4767455,798,2024-01-14,Part-Time,70272,706.0,No,No,Approved,2646.72,2757,3,
3806,4768680,57,2024-11-28,Self-Employed,48396,809.0,No,No,Approved,5239.08,6237,1,Co-signer pending review.
3807,4769568,1792,2021-06-13,Part-Time,8146,773.0,Yes,Yes,Approved,3793.68,5748,1,Missing bank statements.
3808,4771142,1562,2020-06-15,Student,242640,695.0,No,Yes,Denied,3303.3,4235,3,
3809,4773187,1209,2021-03-10,Contract,217492,730.0,No,Yes,Pending,1711.38,2593,2,Missing bank statements.
3810,4776720,1390,2020-08-12,Self-Employed,320823,704.0,No,No,Withdrawn,1356.0,2260,2,Renewal case.
3811,4777604,365,,Full-Time,67073,694.0,No,No,Approved,1421.4,0,3,
3812,4779087,818,2020-04-02,Contract,179270,,No,No,Denied,2661.12,4032,1,Applicant follow-up needed
3813,4779699,1029,2020-07-12,Retired,238059,626.0,Yes,No,Approved,1249.8,2083,3,Applicant follow-up needed
3814,4781139,527,2021-09-03,Self-Employed,79917,494.0,No,Yes,Approved,1921.92,2464,3,
3815,4783917,187,2021-09-19,Contract,154115,717.0,Yes,Yes,Denied,1416.0,2360,4,Referred by agent.
3816,4784694,1011,2022-02-05,Self-Employed,167190,,No,No,Denied,4427.64,0,1,
3817,4784939,1346,2023-10-09,Self-Employed,73856,601.0,No,No,Approved,1962.6,3271,5,Applicant provided pay stubs.
3818,4789907,879,2021-08-28,Full-Time,149163,677.0,No,Yes,Approved,851.52,887,5,Missing bank statements.
3819,4789932,1698,2024-04-15,Full-Time,26051,598.0,No,No,Under Review,2404.92,2863,4,.
3820,4790197,591,2022-08-10,Full-Time,290254,786.0,No,Yes,Under Review,3009.24,3858,3,Flagged for manual review.
3821,4790320,737,2024-03-04,Student,44130,,Yes,No,Approved,2811.6,4260,2,Flagged for manual review.
3822,4791861,320,2021-08-31,Self-Employed,192264,700.0,No,No,Denied,2209.74,2833,3,docs expired
3823,4792241,1770,2023-08-28,Retired,199882,737.0,No,Yes,Pending,1874.4,2840,3,.
3824,4794960,290,2022-08-02,Retired,237750,,No,Yes,Approved,1593.6,1660,5,Applicant follow-up needed
3825,4795388,375,2024-06-02,Part-Time,31791,332.0,Yes,Yes,Under Review,1813.02,2747,4,Applicant provided pay stubs.
3826,4798590,1437,,Retired,272168,681.0,No,Yes,Approved,4769.28,4968,3,Missing bank statements.
3827,4798609,281,2023-03-21,Student,195191,707.0,Yes,No,Denied,2301.6,2740,1,income verified via Plaid
3828,4799023,1636,2022-11-30,Contract,79978,619.0,Yes,Yes,Pending,7582.08,11488,1,Applicant provided pay stubs.
3829,4799730,1619,2022-11-25,Part-Time,233256,838.0,No,Yes,Approved,1494.48,1916,5,Renewal case.
3830,4801532,1383,2021-05-01,Student,226998,599.0,No,No,Approved,2568.72,3058,5,Applicant provided pay stubs.
3831,4801891,1026,2023-05-10,Student,13705,,No,No,Denied,3955.38,5993,4,Referred by agent.
3832,4803055,772,2024-07-18,Contract,178824,672.0,Yes,No,Denied,1999.92,0,1,.
3833,4804635,847,2021-11-01,Full-Time,112712,829.0,No,Yes,Pending,3393.6,5656,3,Applicant provided pay stubs.
3834,4804953,1654,,Contract,68804,673.0,Yes,No,Approved,2280.96,3456,5,Applicant follow-up needed
3835,4805163,272,2020-03-11,Part-Time,28103,788.0,No,Yes,Approved,1305.6,1360,4,
3836,4805398,1682,2023-06-19,Self-Employed,95536,,No,Yes,Approved,4915.68,5852,3,Referred by agent.
3837,4805726,464,2024-08-25,Self-Employed,161554,432.0,Yes,Yes,Denied,4290.72,5108,5,Renewal case.
3838,4806080,538,2023-05-27,Self-Employed,7020,668.0,Yes,No,Withdrawn,2897.16,3449,2,Applicant follow-up needed
3839,4806103,461,2020-07-14,Unemployed,147139,667.0,No,No,Pending,1559.22,1999,2,
3840,4808707,559,2023-10-11,Full-Time,231132,,No,Yes,Approved,1246.74,1889,3,
3841,4810490,1182,2021-05-10,Unemployed,188830,,Yes,No,Approved,4110.96,0,5,Applicant provided pay stubs.
3842,4812213,505,2024-07-04,Contract,48822,751.0,Yes,No,Pending,7450.56,9552,3,
3843,4813360,156,2022-03-04,Self-Employed,71431,615.0,No,No,Withdrawn,4115.52,4287,1,income verified via Plaid
3844,4813905,846,2021-03-02,Self-Employed,135592,737.0,No,No,Pending,1211.1,1835,3,income verified via Plaid
3845,4814102,1293,2023-07-23,Part-Time,17302,762.0,No,Yes,Approved,2154.24,2244,3,
3846,4814312,464,2020-08-14,Retired,246870,711.0,No,No,Pending,3371.28,5108,5,.
3847,4816071,1173,2021-06-12,Student,19891,798.0,No,No,Pending,1506.6,2511,1,income verified via Plaid
3848,4817827,1214,2022-08-22,Unemployed,158803,675.0,Yes,Yes,Approved,507.6,846,1,income verified via Plaid
3849,4818371,172,2023-04-29,Retired,135273,612.0,No,Yes,Approved,4073.28,4243,5,.
3850,4818952,169,2023-07-04,Retired,42205,778.0,Yes,No,Approved,3427.2,4080,5,
3851,4822158,1279,2024-08-17,Retired,125706,665.0,No,No,Denied,3694.08,4736,2,.
3852,4826288,1217,2020-03-12,Part-Time,122889,747.0,No,Yes,Pending,2851.2,2970,5,
3853,4826829,743,2022-04-03,Full-Time,52615,588.0,No,No,Denied,499.2,832,2,
3854,4829042,726,2021-10-25,Self-Employed,239915,320.0,No,No,Approved,1255.32,1902,2,
3855,4829340,1180,2020-04-28,Full-Time,29192,778.0,No,Yes,Denied,4467.96,5319,3,docs expired
3856,4829391,1280,2024-01-18,Part-Time,97722,839.0,No,Yes,Approved,1545.6,1840,4,Renewal case.
3857,4831050,339,2020-05-09,Part-Time,243480,,No,Yes,Pending,8736.0,9100,4,Renewal case.
3858,4831724,1120,,Unemployed,156738,677.0,Yes,No,Denied,1027.32,1223,4,Flagged for manual review.
3859,4832080,1135,2022-03-15,Full-Time,209270,843.0,No,No,Under Review,1768.8,2680,3,Applicant follow-up needed
3860,4832280,163,2021-05-27,Retired,25321,669.0,No,Yes,Pending,4807.68,5008,3,
3861,4832637,1174,2022-09-05,Unemployed,77017,656.0,Yes,Yes,Approved,2005.08,3038,1,Applicant provided pay stubs.
3862,4834710,294,2023-03-26,Full-Time,181140,,No,No,Denied,2040.0,3400,1,Co-signer pending review.
3863,4836519,1342,2020-03-22,Full-Time,56720,718.0,Yes,No,Denied,3743.04,4456,3,Missing bank statements.
3864,4837640,823,2020-12-21,Part-Time,226582,765.0,Yes,No,Denied,4447.74,6739,2,Applicant follow-up needed
3865,4837908,1257,2022-11-20,Full-Time,97625,,No,No,Approved,974.4,1015,5,
3866,4838453,393,2021-04-08,Self-Employed,230560,302.0,No,No,Denied,2121.6,2720,3,Applicant provided pay stubs.
3867,4839566,17,2020-03-26,Full-Time,92420,649.0,Yes,No,Approved,3039.36,3166,2,Flagged for manual review.
3868,4841845,1365,2024-01-10,Unemployed,219925,643.0,No,No,Approved,3023.46,4581,2,Referred by agent.
3869,4842496,417,2022-02-12,Self-Employed,93066,630.0,No,No,Approved,4733.52,7172,2,Missing bank statements.
3870,4842639,916,2024-04-25,Full-Time,155301,416.0,Yes,Yes,Denied,1395.24,2114,3,
3871,4842789,830,2022-10-08,Self-Employed,148183,,No,Yes,Pending,2363.46,3581,3,income verified via Plaid
3872,4848868,1207,2024-06-28,Self-Employed,152283,718.0,Yes,No,Denied,3138.24,3269,1,
3873,4849157,1345,2024-09-16,Retired,78439,691.0,No,No,Denied,4056.96,4226,3,
3874,4849413,1263,2021-12-15,Full-Time,168047,599.0,No,Yes,Approved,2489.76,2964,5,Flagged for manual review.
3875,4850062,757,2021-09-13,Contract,137985,756.0,No,Yes,Pending,1780.2,2967,2,Missing bank statements.
3876,4850108,950,2022-03-20,Contract,159975,757.0,No,Yes,Withdrawn,2731.08,4138,5,Renewal case.
3877,4850206,1415,2020-09-04,Contract,229019,712.0,No,Yes,Approved,3528.0,3675,4,
3878,4851532,1340,2022-10-23,Self-Employed,233286,744.0,No,No,Approved,1099.56,1666,3,docs expired
3879,4852490,457,2021-04-14,Self-Employed,63078,745.0,No,No,Approved,2878.26,4361,2,
3880,4853959,517,2023-01-04,Unemployed,191150,765.0,Yes,No,Approved,3165.0,5275,5,Co-signer pending review.
3881,4855166,817,2021-08-21,Retired,213018,729.0,No,No,Pending,3059.76,4636,2,Referred by agent.
3882,4855277,364,2024-09-16,Contract,82044,825.0,No,No,Approved,1817.64,2754,4,Applicant follow-up needed
3883,4856770,301,2022-07-05,Student,22164,846.0,Yes,No,Denied,1854.84,2378,5,income verified via Plaid
3884,4860004,1590,2020-08-20,Part-Time,149972,632.0,No,No,Approved,939.18,1423,4,
3885,4861458,917,2024-05-28,Self-Employed,136152,729.0,No,No,Pending,1093.62,1657,4,Renewal case.
3886,4863540,738,2020-10-19,Contract,33677,742.0,No,Yes,Pending,3475.08,4137,2,Flagged for manual review.
3887,4865245,762,2023-05-12,Contract,87194,702.0,Yes,No,Approved,798.6,1331,2,Applicant provided pay stubs.
3888,4865285,979,2020-07-21,Student,88795,742.0,No,Yes,Denied,1614.48,1922,5,Renewal case.
3889,4867165,827,2022-03-27,Full-Time,67148,692.0,No,No,Denied,2832.72,4292,3,Applicant provided pay stubs.
3890,4867430,1023,2021-09-21,Unemployed,3639,718.0,No,Yes,Approved,885.36,1054,1,
3891,4867441,1667,2023-06-25,Self-Employed,156868,626.0,No,Yes,Under Review,4618.56,4811,5,Missing bank statements.
3892,4871248,119,2021-08-25,Retired,71058,,No,No,Denied,3736.2,4790,1,.
3893,4872970,1033,2021-04-22,Retired,811000,,No,No,Approved,2390.64,2846,3,Applicant follow-up needed
3894,4874562,414,2024-08-18,Full-Time,71190,676.0,No,Yes,Denied,2825.76,3364,5,
3895,4877742,1274,2024-05-24,Full-Time,207000,787.0,No,Yes,Approved,2352.0,2800,4,Applicant provided pay stubs.
3896,4885365,1031,2020-09-15,Contract,95620,791.0,Yes,No,Denied,2034.24,2119,5,docs expired
3897,4885579,704,2021-01-26,Retired,220476,,No,No,Approved,3208.92,4114,5,
3898,4885738,1287,2023-10-21,Self-Employed,224149,,No,Yes,Approved,6330.24,6594,3,Applicant follow-up needed
3899,4886650,310,2023-04-21,Part-Time,35724,680.0,No,No,Pending,898.26,1361,4,Missing bank statements.
3900,4887360,565,,Self-Employed,110149,692.0,No,No,Pending,928.8,1548,3,Renewal case.
3901,4888257,348,2022-01-30,Part-Time,161583,786.0,No,No,Withdrawn,6892.08,8836,4,income verified via Plaid
3902,4888310,1325,2022-07-18,Unemployed,23278,601.0,No,Yes,Denied,3008.94,4559,3,Co-signer pending review.
3903,4890746,393,2021-08-07,Contract,11502,666.0,No,No,Denied,1632.0,2720,3,
3904,4891199,206,2023-01-22,Part-Time,177908,816.0,No,No,Approved,2804.88,3596,4,.
3905,4892029,1718,2022-12-21,Contract,160582,632.0,No,No,Denied,1382.94,1773,4,Missing bank statements.
3906,4893348,690,2021-04-07,Contract,35334,616.0,No,No,Approved,1128.96,1344,2,Applicant follow-up needed
3907,4893709,1553,2020-04-07,Unemployed,210805,468.0,No,Yes,Approved,2106.72,3192,5,Applicant provided pay stubs.
3908,4895021,908,2024-12-12,Full-Time,206811,678.0,No,Yes,Denied,2886.0,4810,5,Referred by agent.
3909,4895503,154,2024-01-21,Contract,40786,663.0,No,Yes,Approved,1327.68,1383,3,Applicant provided pay stubs.
3910,4895759,220,2020-05-14,Retired,182121,,No,No,Approved,2033.28,2118,5,Referred by agent.
3911,4897527,1052,2020-05-10,Student,202855,833.0,Yes,Yes,Denied,3336.0,3475,1,Co-signer pending review.
3912,4899454,162,2023-01-02,Self-Employed,155313,,No,Yes,Approved,713.4,1189,4,Co-signer pending review.
3913,4901296,640,2024-11-02,Self-Employed,220433,784.0,Yes,Yes,Under Review,3634.56,3786,3,Missing bank statements.
3914,4902099,340,2024-03-11,Unemployed,105822,747.0,No,Yes,Approved,10030.44,11941,2,docs expired
3915,4902408,1174,2021-05-17,Student,230944,780.0,No,Yes,Withdrawn,993.6,1656,2,Referred by agent.
3916,4902899,1558,2024-06-01,Part-Time,159973,827.0,No,Yes,Pending,4274.16,6476,2,
3917,4903389,135,2022-08-21,Part-Time,162917,747.0,No,Yes,Approved,927.6,1546,2,.
3918,4904274,968,2023-09-17,Contract,49680,550.0,Yes,Yes,Denied,2160.18,3273,1,Applicant follow-up needed
3919,4907143,1423,2023-03-16,Student,167736,,Yes,Yes,Approved,4187.04,5368,2,.
3920,4909432,416,2021-02-21,Self-Employed,58517,758.0,No,Yes,Under Review,2376.6,3961,1,
3921,4910946,817,2024-03-05,Full-Time,125635,691.0,No,Yes,Withdrawn,2781.6,4636,4,Flagged for manual review.
3922,4911234,888,2023-05-10,Unemployed,130890,761.0,Yes,No,Approved,3447.18,5223,2,Renewal case.
3923,4911337,358,2022-01-17,Full-Time,238629,742.0,No,No,Pending,1626.24,1936,3,Missing bank statements.
3924,4912811,1034,2020-10-09,Unemployed,233037,687.0,No,Yes,Denied,2217.6,3360,3,
3925,4913080,793,2023-12-06,Contract,108182,739.0,No,Yes,Withdrawn,8884.8,9255,4,Co-signer pending review.
3926,4914767,1662,2023-08-05,Contract,188107,322.0,Yes,Yes,Denied,6008.64,6259,3,income verified via Plaid
3927,4915127,682,2024-04-28,Unemployed,109910,790.0,No,No,Pending,4126.8,6878,3,docs expired
3928,4915757,682,,Full-Time,130627,608.0,No,Yes,Approved,4126.8,6878,1,Applicant provided pay stubs.
3929,4915938,1658,2023-11-03,Retired,129773,631.0,No,No,Pending,2303.4,3490,5,
3930,4916289,1638,2020-05-27,Full-Time,206700,773.0,Yes,No,Pending,6951.78,10533,1,
3931,4918148,74,2024-04-09,Retired,7238,789.0,No,No,Denied,7764.12,0,5,Applicant follow-up needed
3932,4919979,710,2024-09-05,Retired,244708,,No,Yes,Under Review,811.2,1352,3,Renewal case.
3933,4920858,323,2024-07-15,Retired,315101,,No,Yes,Approved,5757.12,5997,1,.
3934,4922283,1628,,Part-Time,24837,768.0,No,Yes,Under Review,3883.44,5884,2,Flagged for manual review.
3935,4924985,1707,2023-10-30,Full-Time,139217,790.0,No,No,Approved,3576.0,5960,1,Applicant provided pay stubs.
3936,4925048,1486,2024-05-01,Self-Employed,97987,,No,Yes,Under Review,2457.6,4096,3,Missing bank statements.
3937,4925084,1518,2020-09-19,Retired,91804,630.0,No,Yes,Approved,2654.4,4424,2,Missing bank statements.
3938,4926963,169,2022-11-16,Unemployed,60352,459.0,No,Yes,Approved,2448.0,4080,5,Missing bank statements.
3939,4927021,27,2020-03-08,Retired,89426,669.0,Yes,No,Pending,1480.32,1542,5,Renewal case.
3940,4927152,405,2023-12-15,Self-Employed,165946,742.0,No,Yes,Approved,2051.52,2137,1,Applicant provided pay stubs.
3941,4927499,1323,2023-02-27,Student,237696,753.0,Yes,No,Approved,1307.52,1362,3,Referred by agent.
3942,4928474,87,2024-08-03,Self-Employed,196281,794.0,No,Yes,Denied,3496.2,5827,1,Applicant provided pay stubs.
3943,4929129,1242,,Retired,61170,583.0,No,Yes,Withdrawn,2377.98,3603,1,
3944,4929744,1731,2021-10-26,Student,183233,,No,Yes,Pending,3587.64,4271,2,
3945,4932858,166,2021-03-07,Retired,216788,708.0,No,No,Approved,2882.88,3003,3,.
3946,4933479,1680,2024-04-27,Part-Time,141063,624.0,No,Yes,Approved,2770.32,3298,2,Applicant provided pay stubs.
3947,4940002,117,2022-05-08,Part-Time,74013,655.0,Yes,No,Denied,2583.36,2691,4,Applicant provided pay stubs.
3948,4940800,1240,2023-01-07,Unemployed,142988,,No,No,Approved,4845.12,5047,2,Applicant follow-up needed
3949,4941041,535,2023-10-30,Contract,45834,601.0,No,No,Denied,1001.28,1192,2,Flagged for manual review.
3950,4941673,769,2022-05-21,Retired,25383,580.0,No,Yes,Denied,5510.4,5740,4,
3951,4942095,468,2023-12-27,Retired,64854,767.0,No,No,Denied,2600.64,3096,2,.
3952,4942447,1122,2024-09-21,Part-Time,189257,827.0,No,Yes,Approved,2164.5,2775,5,.
3953,4942835,868,2020-08-18,Retired,56048,,No,Yes,Approved,2080.8,3468,5,
3954,4944904,544,2023-01-04,Retired,143931,,No,Yes,Pending,2685.12,2797,1,Applicant provided pay stubs.
3955,4944911,974,2020-11-15,Full-Time,288791,,Yes,No,Approved,4231.5,5425,2,.
3956,4946882,1496,2024-03-07,Full-Time,57492,624.0,No,Yes,Approved,3848.46,0,1,
3957,4947262,810,2021-06-13,Retired,75212,810.0,Yes,Yes,Pending,6426.24,6694,2,docs expired
3958,4948929,561,2024-05-30,Full-Time,70435,674.0,No,No,Approved,1638.72,1707,4,Missing bank statements.
3959,4949274,60,2020-01-25,Student,220608,775.0,No,No,Denied,697.2,1162,3,
3960,4949495,901,2021-01-26,Unemployed,64383,716.0,No,Yes,Approved,5364.48,5588,4,Applicant provided pay stubs.
3961,4951606,657,2024-10-19,Student,190388,,No,Yes,Pending,1824.0,1900,3,
3962,4952596,1777,2020-05-27,Part-Time,99677,670.0,No,Yes,Denied,1753.44,2248,1,income verified via Plaid
3963,4952619,1029,2020-09-22,Part-Time,180902,582.0,No,No,Denied,1749.72,2083,1,Applicant follow-up needed
3964,4955846,102,2020-02-02,Student,39718,691.0,No,Yes,Withdrawn,1909.38,2893,5,docs expired
3965,4959537,1713,2022-09-05,Contract,159672,,No,Yes,Approved,6982.08,8312,5,
3966,4959901,56,2022-07-01,Self-Employed,177666,329.0,No,No,Denied,2589.84,3924,5,.
3967,4962036,1040,2023-11-30,Full-Time,68105,,Yes,Yes,Approved,2119.26,2717,4,
3968,4962437,352,2021-12-25,Full-Time,113871,598.0,No,No,Pending,1423.8,2373,3,Renewal case.
3969,4964851,214,2024-06-24,Student,235706,639.0,No,No,Denied,2506.2,4177,1,Applicant provided pay stubs.
3970,4965868,1556,2024-06-22,Unemployed,198197,754.0,No,No,Denied,1683.0,2550,4,
3971,4966420,1278,2023-06-19,Full-Time,130110,755.0,Yes,Yes,Approved,2305.92,2402,2,Renewal case.
3972,4967036,1185,2020-08-29,Retired,24082,730.0,No,Yes,Denied,1705.2,2030,3,Flagged for manual review.
3973,4967343,603,2024-11-16,Unemployed,232727,,Yes,Yes,Pending,724.8,1208,3,Flagged for manual review.
3974,4968556,406,2024-10-18,Full-Time,109293,705.0,Yes,Yes,Denied,3007.62,4557,3,
3975,4968839,441,2024-06-28,Unemployed,205321,701.0,No,Yes,Pending,3365.4,5609,4,Flagged for manual review.
3976,4968889,87,2021-11-07,Self-Employed,420000,683.0,No,Yes,Approved,3845.82,5827,1,Referred by agent.
3977,4972495,880,2024-03-26,Self-Employed,123330,799.0,No,No,Denied,2112.6,2515,4,Flagged for manual review.
3978,4972848,1609,2020-10-27,Part-Time,199108,651.0,No,Yes,Approved,3796.32,5752,5,
3979,4973670,657,2023-12-19,Unemployed,184686,790.0,No,No,Approved,1596.0,1900,3,Referred by agent.
3980,4975063,147,2024-12-18,Contract,191856,818.0,No,Yes,Denied,2684.76,3442,2,Co-signer pending review.
3981,4975493,347,2021-05-05,Student,79895,742.0,Yes,No,Denied,2879.04,2999,4,
3982,4975765,699,2023-01-14,Student,227527,727.0,No,No,Approved,3309.6,3940,4,Referred by agent.
3983,4976427,557,2023-04-24,Student,344000,679.0,No,Yes,Withdrawn,2134.2,3557,1,
3984,4976510,1002,2021-03-29,Unemployed,93649,818.0,No,No,Denied,4987.8,8313,2,Referred by agent.
3985,4978353,1131,2023-06-23,Student,59342,,No,No,Denied,1102.86,1671,2,income verified via Plaid
3986,4978747,1028,2024-12-02,Retired,247495,332.0,No,No,Approved,2386.8,3060,3,Missing bank statements.
3987,4981446,1012,2022-05-23,Contract,72486,690.0,No,No,Approved,3468.66,4447,2,Flagged for manual review.
3988,4984884,987,2022-08-31,Retired,101084,666.0,No,Yes,Approved,3391.8,5653,5,
3989,4985314,629,2020-08-12,Self-Employed,149577,682.0,No,No,Denied,937.86,1421,1,
3990,4985376,107,2023-01-22,Contract,168140,788.0,No,Yes,Approved,2190.54,3319,4,
3991,4985505,1123,2022-04-19,Student,37014,671.0,Yes,Yes,Approved,1654.08,1723,1,
3992,4985655,1375,2021-10-09,Unemployed,135309,796.0,Yes,Yes,Denied,2450.88,2553,5,Applicant provided pay stubs.
3993,4986483,793,2022-04-13,Student,191959,678.0,No,Yes,Denied,5553.0,9255,1,Co-signer pending review.
3994,4986760,1084,2024-01-25,Contract,227412,582.0,No,Yes,Approved,1922.88,2003,2,income verified via Plaid
3995,4987680,1793,2024-10-11,Full-Time,245890,,No,Yes,Withdrawn,2492.88,3196,5,.
3996,4988436,813,2021-10-14,Student,221618,586.0,No,No,Denied,1809.6,2320,2,
3997,4989029,1293,2024-11-30,Full-Time,56168,797.0,No,No,Pending,2154.24,2244,2,
3998,4990029,1426,2024-02-11,Contract,220530,715.0,No,No,Pending,6846.72,7132,2,Missing bank statements.
3999,4990394,1501,2021-09-10,Self-Employed,168547,724.0,No,No,Approved,976.56,1252,1,Renewal case.
4000,4991597,597,2021-10-30,Student,93876,683.0,No,No,Withdrawn,1413.0,2355,3,
4001,4993658,462,2021-09-16,Part-Time,38235,640.0,No,No,Approved,1556.28,2358,2,Referred by agent.
4002,4993696,1741,,Full-Time,94782,641.0,No,No,Approved,3503.94,5309,4,docs expired
4003,4995324,813,2021-07-14,Student,148969,668.0,No,No,Denied,1809.6,2320,4,Referred by agent.
4004,4996191,271,2024-12-15,Contract,25475,,No,No,Approved,7805.76,8131,5,Co-signer pending review.
4005,4996724,554,2021-08-12,Contract,195821,692.0,No,Yes,Approved,3786.0,6310,3,Renewal case.
4006,4997059,113,2023-10-20,Full-Time,200179,689.0,No,Yes,Approved,1345.8,2243,1,Applicant follow-up needed
4007,5000242,1063,2023-09-13,Self-Employed,9416,721.0,Yes,No,Denied,1530.24,1594,1,Renewal case.
4008,5002115,994,2023-10-02,Part-Time,187711,692.0,No,No,Pending,1020.0,1700,3,.
4009,5005248,1168,2024-05-30,Self-Employed,76936,,No,No,Pending,3151.5,4775,4,
4010,5005418,14,2020-06-17,Full-Time,113519,689.0,No,No,Under Review,1300.2,2167,4,Flagged for manual review.
4011,5005967,942,2022-09-22,Student,44187,,No,No,Approved,1389.96,2106,4,Missing bank statements.
4012,5006378,369,2021-08-06,Self-Employed,26385,602.0,No,No,Withdrawn,970.2,1617,5,
4013,5006392,320,2023-03-08,Self-Employed,187855,797.0,Yes,Yes,Approved,2719.68,2833,5,Co-signer pending review.
4014,5007061,1418,2022-05-20,Unemployed,143233,811.0,No,Yes,Withdrawn,2104.08,3188,3,Flagged for manual review.
4015,5009776,99,2021-07-08,Retired,92843,404.0,No,Yes,Approved,2491.32,3194,4,Applicant follow-up needed
4016,5010553,968,2020-11-30,Student,231144,301.0,No,No,Approved,2160.18,3273,4,Applicant provided pay stubs.
4017,5011045,788,2021-02-05,Retired,146934,794.0,Yes,No,Approved,4475.52,5328,3,Co-signer pending review.
4018,5012407,1317,2020-06-17,Contract,230741,764.0,No,No,Approved,2041.26,2617,3,Applicant provided pay stubs.
4019,5012992,903,2021-01-04,Contract,40092,798.0,No,No,Approved,2654.4,4424,2,Renewal case.
4020,5014609,1050,2021-03-29,Unemployed,132866,747.0,Yes,Yes,Approved,1116.06,1691,1,docs expired
4021,5014861,517,2020-04-06,Self-Employed,170309,816.0,No,Yes,Denied,5064.0,5275,3,Co-signer pending review.
4022,5015648,199,2023-06-24,Retired,55105,711.0,Yes,Yes,Denied,1776.96,1851,2,
4023,5018299,1481,2022-02-21,Retired,57162,846.0,No,Yes,Denied,1161.42,1489,3,.
4024,5020291,46,2024-07-12,Contract,175953,349.0,No,No,Approved,1808.82,2319,3,docs expired
4025,5021101,1591,2022-04-18,Self-Employed,63655,763.0,No,No,Pending,4371.6,7286,3,Renewal case.
4026,5021351,693,2023-03-28,Part-Time,47401,,No,Yes,Approved,3013.92,3588,3,
4027,5023539,1630,2021-02-01,Full-Time,113712,723.0,Yes,Yes,Pending,748.44,1134,5,Co-signer pending review.
4028,5024700,601,2020-12-20,Contract,218453,792.0,No,Yes,Denied,1011.0,1685,1,Flagged for manual review.
4029,5024867,1179,2023-08-24,Full-Time,178262,773.0,No,Yes,Approved,5030.22,6449,1,Missing bank statements.
4030,5025514,1677,,Part-Time,106242,670.0,No,Yes,Pending,519.6,866,2,
4031,5025853,1448,2020-01-12,Student,204991,,No,Yes,Under Review,2422.56,2884,1,
4032,5027362,1703,2023-06-13,Unemployed,28937,763.0,No,No,Approved,7483.2,12472,3,
4033,5032352,1135,2023-12-30,Unemployed,75198,712.0,Yes,No,Approved,1608.0,2680,3,.
4034,5032401,614,2022-02-08,Self-Employed,77320,,Yes,Yes,Approved,3871.56,4609,3,.
4035,5035555,827,2024-07-15,Retired,198512,627.0,No,No,Approved,3605.28,4292,4,Referred by agent.
4036,5038059,456,2022-07-26,Contract,34654,816.0,No,No,Pending,940.8,1120,4,
4037,5040178,2,2024-08-05,Retired,121800,598.0,Yes,No,Denied,2403.18,3081,1,
4038,5040264,1547,2023-12-20,Part-Time,118298,322.0,No,No,Approved,3175.2,3780,2,Missing bank statements.
4039,5041460,1617,2020-12-23,Part-Time,235946,739.0,No,Yes,Approved,684.6,815,4,Renewal case.
4040,5041467,1241,2023-10-14,Unemployed,15357,761.0,No,No,Withdrawn,1474.56,1536,4,docs expired
4041,5041850,284,2020-10-21,Self-Employed,74000,835.0,No,No,Approved,2152.92,2563,5,Applicant provided pay stubs.
4042,5042711,1754,2023-04-01,Retired,106074,773.0,No,Yes,Approved,3734.64,4788,4,
4043,5044581,99,2021-05-31,Retired,228531,757.0,Yes,No,Approved,2682.96,3194,2,
4044,5047563,1667,2023-01-23,Full-Time,31583,775.0,No,No,Under Review,3752.58,4811,1,Renewal case.
4045,5047707,76,2023-07-21,Student,64407,671.0,Yes,No,Denied,1846.08,1923,5,
4046,5048557,514,2023-06-01,Unemployed,62459,765.0,No,Yes,Approved,555.0,925,4,Missing bank statements.
4047,5049758,1771,2020-12-11,Retired,100192,347.0,No,No,Withdrawn,3361.8,4310,2,income verified via Plaid
4048,5055162,1689,2021-07-20,Self-Employed,234442,799.0,No,Yes,Approved,4645.8,7743,3,Renewal case.
4049,5056745,949,2020-05-08,Unemployed,113104,734.0,No,Yes,Approved,1580.7,2395,5,docs expired
4050,5056976,1337,2020-11-24,Part-Time,115999,640.0,No,No,Withdrawn,1440.0,2400,4,Applicant follow-up needed
4051,5058765,776,2024-09-17,Retired,226611,,No,Yes,Approved,1730.4,2060,3,Applicant follow-up needed
4052,5060015,997,2023-04-25,Student,42386,,No,No,Approved,3524.04,4518,4,
4053,5060301,1010,2020-10-11,Contract,73523,834.0,No,No,Denied,726.0,1100,3,
4054,5060556,627,2023-07-16,Full-Time,247251,698.0,Yes,No,Pending,3520.92,4514,2,Applicant follow-up needed
4055,5063217,245,2021-09-13,Unemployed,39291,612.0,No,Yes,Pending,3173.76,3306,4,
4056,5064160,1312,2023-01-10,Retired,158029,607.0,No,No,Approved,756.6,970,4,Referred by agent.
4057,5064458,958,2021-12-29,Self-Employed,28944,744.0,No,No,Under Review,1447.8,2413,4,Applicant follow-up needed
4058,5067339,633,2022-08-04,Self-Employed,224187,480.0,No,No,Denied,2799.6,4666,5,Flagged for manual review.
4059,5067946,1135,2021-05-17,Full-Time,56088,623.0,Yes,No,Approved,1608.0,2680,3,Co-signer pending review.
4060,5070989,1681,2020-07-03,Part-Time,6734,772.0,No,No,Approved,2995.74,4539,2,
4061,5071197,1398,,Retired,65337,614.0,No,Yes,Denied,1753.2,2922,5,.
4062,5071846,166,2021-01-28,Contract,219724,,Yes,Yes,Approved,1801.8,3003,3,Referred by agent.
4063,5074113,1585,2020-09-14,Student,118414,773.0,Yes,Yes,Approved,1512.42,0,5,income verified via Plaid
4064,5075134,627,2021-11-12,Part-Time,227388,697.0,No,Yes,Denied,2979.24,4514,4,Applicant follow-up needed
4065,5076656,1028,2020-06-27,Retired,130781,688.0,No,No,Pending,861.3,1305,3,
4066,5076795,1026,2023-05-20,Unemployed,206077,655.0,No,Yes,Denied,3595.8,5993,1,Applicant follow-up needed
4067,5078186,1593,2023-12-25,Unemployed,144574,740.0,No,No,Withdrawn,4154.28,0,2,docs expired
4068,5078829,628,2024-04-20,Full-Time,39797,767.0,No,No,Approved,4302.72,4482,5,Flagged for manual review.
4069,5080875,907,2022-10-10,Retired,93431,839.0,No,No,Pending,1189.8,1983,1,Applicant follow-up needed
4070,5085188,347,2022-01-25,Self-Employed,93804,696.0,No,No,Withdrawn,2339.22,2999,2,Referred by agent.
4071,5085434,1065,2023-04-07,Unemployed,53698,673.0,Yes,Yes,Approved,2319.36,2416,5,
4072,5086133,1331,2022-10-06,Self-Employed,47443,823.0,No,Yes,Pending,3880.32,4042,5,Co-signer pending review.
4073,5087045,703,2023-04-26,Contract,208518,,No,No,Pending,929.04,1106,2,.
4074,5087649,941,2022-01-22,Student,99753,569.0,No,No,Approved,1886.94,2859,2,income verified via Plaid
4075,5088728,1306,,Contract,209562,724.0,Yes,Yes,Withdrawn,1522.56,0,2,
4076,5090859,933,2023-10-04,Retired,240243,842.0,No,No,Approved,1343.16,1722,4,Applicant follow-up needed
4077,5094276,1211,2021-01-15,Retired,196836,,No,No,Approved,1359.54,1743,4,Renewal case.
4078,5095408,628,2021-06-25,Contract,204316,817.0,Yes,No,Under Review,3764.88,4482,4,.
4079,5096239,619,2024-01-19,Retired,110706,713.0,Yes,No,Pending,9861.12,10272,2,Renewal case.
4080,5097172,905,2021-11-29,Part-Time,143391,714.0,No,No,Withdrawn,5554.92,6613,2,docs expired
4081,5098028,743,2021-10-13,Full-Time,192987,641.0,No,No,Pending,648.96,832,1,income verified via Plaid
4082,5098080,494,2024-07-28,Full-Time,99174,774.0,No,No,Under Review,3579.0,5965,5,docs expired
4083,5098675,925,2023-11-10,Student,54100,752.0,No,No,Approved,2664.0,2775,2,.
4084,5100027,59,2021-09-05,Part-Time,167730,728.0,No,No,Denied,1513.2,2522,3,Missing bank statements.
4085,5101386,99,2020-12-06,Unemployed,122199,,No,Yes,Approved,2491.32,3194,1,
4086,5101475,1327,2023-04-04,Unemployed,72234,693.0,No,Yes,Withdrawn,2515.5,3225,5,income verified via Plaid
4087,5101507,1212,2024-05-25,Student,197807,,No,Yes,Withdrawn,1212.12,1443,1,Co-signer pending review.
4088,5103209,1261,2023-01-14,Self-Employed,82611,521.0,No,Yes,Approved,1510.08,0,2,Co-signer pending review.
4089,5103646,1052,2023-01-22,Part-Time,87439,773.0,No,No,Denied,2293.5,3475,3,Co-signer pending review.
4090,5104138,1588,2023-08-08,Self-Employed,126390,753.0,No,Yes,Approved,9903.6,11790,5,.
4091,5105297,1781,2023-12-09,Self-Employed,47581,683.0,No,Yes,Approved,1970.64,2346,1,Flagged for manual review.
4092,5105414,1440,2024-04-17,Self-Employed,304878,733.0,No,Yes,Approved,1063.92,1612,2,Flagged for manual review.
4093,5106122,1129,2024-12-08,Self-Employed,78745,,Yes,Yes,Under Review,1898.4,3164,1,docs expired
4094,5106165,478,2022-07-22,Self-Employed,85418,760.0,No,No,Under Review,1814.4,3024,3,
4095,5107561,89,2023-03-29,Retired,286669,710.0,Yes,No,Denied,2113.32,3202,4,.
4096,5108222,350,2024-09-14,Full-Time,58120,805.0,Yes,No,Approved,9661.68,11502,5,Renewal case.
4097,5108358,923,2020-12-28,Unemployed,45437,812.0,Yes,No,Under Review,2178.6,3631,5,Renewal case.
4098,5110259,851,2020-03-08,Student,114358,788.0,Yes,No,Under Review,1887.36,1966,4,
4099,5112546,1743,2024-08-29,Contract,140509,760.0,No,Yes,Denied,1062.72,1107,5,Renewal case.
4100,5114727,549,2022-05-27,Full-Time,70286,370.0,No,Yes,Denied,1958.88,2968,1,
4101,5114772,889,2021-08-27,Full-Time,82239,673.0,No,No,Pending,2694.0,4490,3,Applicant follow-up needed
4102,5117117,665,2023-09-22,Part-Time,37815,684.0,No,No,Approved,2694.12,4082,4,Applicant follow-up needed
4103,5117348,729,2022-11-13,Contract,891000,660.0,No,No,Approved,1617.72,2074,4,Applicant provided pay stubs.
4104,5117470,24,2020-04-01,Unemployed,252392,750.0,Yes,No,Under Review,2315.04,2968,3,Referred by agent.
4105,5118795,302,2024-09-29,Part-Time,268652,850.0,Yes,Yes,Denied,1782.0,2700,2,Applicant provided pay stubs.
4106,5119072,1503,2021-11-07,Full-Time,242564,755.0,Yes,Yes,Denied,2915.52,3037,1,.
4107,5120774,910,2022-10-22,Retired,138200,737.0,No,No,Approved,2348.16,2446,2,Applicant follow-up needed
4108,5121242,1102,2022-10-09,Unemployed,221700,568.0,No,Yes,Approved,1543.08,2338,5,Missing bank statements.
4109,5121408,98,2023-04-15,Full-Time,66747,821.0,No,No,Pending,1862.4,1940,5,
4110,5121534,537,2023-10-30,Unemployed,173269,,No,No,Approved,3802.68,4527,2,Applicant follow-up needed
4111,5122697,740,2021-01-25,Contract,125078,614.0,No,No,Denied,1777.38,2693,2,Applicant provided pay stubs.
4112,5127648,1035,2022-11-07,Unemployed,16086,782.0,Yes,No,Withdrawn,3156.12,4782,1,Referred by agent.
4113,5130909,762,2022-06-12,Student,220595,,No,Yes,Pending,798.6,1331,5,income verified via Plaid
4114,5132093,866,2022-12-15,Retired,235391,346.0,No,No,Approved,2079.0,2475,4,Referred by agent.
4115,5133652,662,2022-09-06,Retired,205817,807.0,No,No,Approved,1003.86,1521,2,Renewal case.
4116,5134522,950,2021-04-24,Unemployed,25481,794.0,No,No,Approved,3475.92,4138,3,
4117,5136024,1348,2024-10-07,Unemployed,192772,,No,Yes,Denied,6287.4,7485,2,Flagged for manual review.
4118,5136982,367,2023-10-29,Part-Time,162707,608.0,No,Yes,Pending,1581.06,2027,1,Applicant provided pay stubs.
4119,5138026,1102,2020-04-11,Self-Employed,183182,591.0,Yes,No,Pending,1402.8,2338,3,Renewal case.
4120,5139285,407,2022-07-06,Part-Time,143058,739.0,Yes,Yes,Approved,844.2,1407,2,Applicant follow-up needed
4121,5139460,1013,2024-06-06,Student,19017,766.0,No,No,Denied,2277.24,2711,2,income verified via Plaid
4122,5140289,407,2021-07-20,Contract,231232,,No,Yes,Under Review,844.2,1407,4,Co-signer pending review.
4123,5140969,567,2023-01-08,Contract,218976,719.0,No,Yes,Approved,1386.84,1778,5,Referred by agent.
4124,5141067,481,2020-03-02,Unemployed,243070,750.0,No,No,Approved,1548.12,1843,5,
4125,5142696,1363,2022-08-04,Unemployed,6610,754.0,No,Yes,Denied,1500.24,1786,2,Missing bank statements.
4126,5144566,1708,2020-04-10,Self-Employed,124416,605.0,Yes,No,Approved,2969.28,3093,1,Missing bank statements.
4127,5145033,864,2022-01-06,Full-Time,263575,711.0,No,No,Approved,5547.96,8406,3,Co-signer pending review.
4128,5145998,1489,2020-03-01,Contract,242253,388.0,No,No,Denied,1093.68,1302,4,Renewal case.
4129,5146178,456,2020-07-03,Retired,137206,724.0,No,No,Approved,873.6,1120,2,docs expired
4130,5146374,629,2024-03-04,Contract,8188,676.0,No,No,Pending,1108.38,1421,1,Co-signer pending review.
4131,5146429,178,2024-03-23,Contract,131756,448.0,No,Yes,Under Review,2752.62,3529,5,Renewal case.
4132,5148156,739,2020-06-05,Self-Employed,207226,588.0,No,Yes,Pending,2658.6,3165,4,
4133,5148998,111,2020-01-31,Retired,111741,740.0,No,No,Denied,1239.6,2066,4,.
4134,5149160,975,2024-09-21,Unemployed,59177,652.0,Yes,Yes,Approved,3530.34,5349,3,
4135,5149967,159,2022-07-23,Retired,143359,716.0,Yes,Yes,Denied,930.72,1108,4,Applicant provided pay stubs.
4136,5152335,1712,2023-01-05,Retired,162294,766.0,Yes,No,Denied,1661.76,1731,1,Applicant follow-up needed
4137,5154592,135,2020-08-18,Contract,218463,795.0,No,Yes,Denied,1205.88,1546,2,
4138,5154991,1716,2022-07-21,Part-Time,39537,742.0,Yes,No,Approved,1749.6,2916,5,.
4139,5157976,450,,Student,145716,786.0,Yes,No,Under Review,1341.6,1720,4,Flagged for manual review.
4140,5158345,954,2021-12-19,Part-Time,91781,774.0,No,No,Approved,5012.28,5967,4,Applicant follow-up needed
4141,5159619,269,2022-04-12,Full-Time,202090,,Yes,Yes,Approved,1713.6,2040,3,Flagged for manual review.
4142,5160476,1525,2024-10-06,Unemployed,26718,745.0,No,Yes,Pending,2798.04,3331,5,
4143,5162339,757,2021-02-14,Student,310593,724.0,Yes,No,Approved,2848.32,2967,5,Applicant provided pay stubs.
4144,5165228,1673,2023-10-21,Retired,185728,721.0,No,No,Approved,4208.1,5395,2,income verified via Plaid
4145,5166779,599,2021-01-21,Student,37128,723.0,No,Yes,Denied,1175.16,1399,4,
4146,5167193,1588,2021-08-08,Self-Employed,199166,841.0,No,Yes,Approved,9903.6,11790,1,Renewal case.
4147,5167205,253,2021-06-16,Contract,71087,,No,Yes,Pending,3001.44,3848,1,Referred by agent.
4148,5167389,812,2024-02-13,Full-Time,53254,,No,No,Approved,1788.6,2981,4,
4149,5169106,814,2021-12-22,Student,46442,626.0,No,No,Withdrawn,8871.24,10561,3,
4150,5170947,225,2024-06-14,Retired,195039,608.0,No,No,Approved,1383.72,1774,3,Renewal case.
4151,5173768,233,2020-11-04,Full-Time,213089,494.0,No,No,Withdrawn,2512.44,2991,2,
4152,5177289,1390,2024-06-03,Unemployed,199677,710.0,No,No,Approved,1491.6,2260,3,income verified via Plaid
4153,5188209,1402,2023-10-14,Retired,110357,734.0,No,Yes,Approved,762.72,908,4,docs expired
4154,5188428,357,2023-11-21,Retired,144409,695.0,No,Yes,Under Review,5115.6,6090,4,Renewal case.
4155,5189848,896,2024-11-27,Part-Time,234585,715.0,No,No,Denied,6947.52,7237,1,income verified via Plaid
4156,5190463,903,2022-10-24,Contract,27268,734.0,No,No,Denied,2919.84,4424,1,
4157,5191044,1714,2024-01-31,Retired,68985,716.0,No,No,Denied,2187.9,2805,2,Renewal case.
4158,5192910,1445,2021-09-21,Self-Employed,221604,735.0,No,Yes,Withdrawn,7014.0,8350,1,income verified via Plaid
4159,5193253,1727,2020-01-06,Retired,68522,662.0,Yes,Yes,Approved,3369.6,3510,1,Applicant provided pay stubs.
4160,5197014,1106,2023-10-25,Part-Time,210663,849.0,No,No,Pending,1221.12,1272,1,Applicant follow-up needed
4161,5198980,474,2020-08-15,Full-Time,114098,403.0,No,No,Denied,1680.0,1750,4,Referred by agent.
4162,5199633,1601,2021-11-24,Part-Time,228120,592.0,No,No,Under Review,1542.42,2337,3,income verified via Plaid
4163,5199807,1064,2020-12-25,Unemployed,232879,747.0,Yes,Yes,Pending,1511.4,2519,2,Applicant follow-up needed
4164,5200068,1176,2021-07-01,Contract,107026,754.0,No,Yes,Under Review,1193.28,1808,5,Flagged for manual review.
4165,5200219,194,2021-08-08,Part-Time,140032,587.0,Yes,No,Under Review,3561.48,4566,4,.
4166,5202018,1018,2023-10-30,Unemployed,241399,727.0,No,No,Approved,4600.8,7668,3,Renewal case.
4167,5204348,1463,2020-06-27,Full-Time,219378,658.0,Yes,Yes,Pending,2948.4,3510,4,
4168,5205595,1323,2021-11-07,Retired,46004,687.0,No,Yes,Denied,898.92,1362,4,income verified via Plaid
4169,5208175,95,2020-06-21,Retired,221968,752.0,No,Yes,Denied,3802.26,5761,2,Missing bank statements.
4170,5209652,1268,2024-12-07,Self-Employed,29945,716.0,No,No,Approved,7247.04,7549,2,Co-signer pending review.
4171,5210250,1076,2024-04-02,Contract,143677,757.0,No,Yes,Approved,2839.68,2958,1,.
4172,5211277,129,2020-03-03,Student,16444,405.0,Yes,Yes,Withdrawn,947.1,1435,4,docs expired
4173,5213373,1794,2021-11-25,Self-Employed,137840,842.0,No,No,Approved,3460.8,5768,4,income verified via Plaid
4174,5214312,877,2023-07-15,Unemployed,130450,830.0,No,No,Pending,2548.2,4247,3,docs expired
4175,5215152,112,2021-08-07,Unemployed,174952,617.0,Yes,Yes,Approved,4463.04,4649,1,.
4176,5215508,1043,2023-08-26,Part-Time,138908,667.0,No,No,Approved,2386.44,2841,3,
4177,5216399,789,2020-04-08,Student,161965,754.0,No,No,Under Review,612.6,1021,1,.
4178,5217648,728,2024-10-04,Unemployed,138229,439.0,No,No,Approved,1599.0,0,3,
4179,5217906,657,2024-07-10,Full-Time,19556,666.0,Yes,No,Pending,1596.0,1900,4,.
4180,5218983,865,2022-02-23,Self-Employed,86111,602.0,No,No,Approved,935.88,1418,1,Renewal case.
4181,5219803,1258,2022-05-13,Part-Time,320400,603.0,No,No,Denied,1438.92,1713,5,Co-signer pending review.
4182,5220299,385,2022-04-19,Part-Time,237342,590.0,No,Yes,Approved,4868.16,5071,1,.
4183,5222598,1454,2022-12-29,Full-Time,40694,311.0,No,No,Pending,912.6,1170,2,Missing bank statements.
4184,5224127,1055,2024-10-07,Self-Employed,201624,724.0,No,Yes,Approved,3890.7,5895,4,Flagged for manual review.
4185,5225199,1381,2023-04-16,Self-Employed,218505,580.0,No,Yes,Denied,1186.92,1413,5,Applicant follow-up needed
4186,5225665,506,2021-06-20,Part-Time,62779,636.0,No,No,Withdrawn,1112.76,1686,1,
4187,5227795,649,2020-11-28,Retired,193970,791.0,No,No,Approved,2528.64,2634,5,
4188,5228379,1398,2023-06-15,Full-Time,77470,,No,Yes,Denied,2805.12,2922,2,
4189,5228390,391,2020-11-17,Retired,173358,,No,Yes,Approved,2990.4,3115,5,Co-signer pending review.
4190,5229553,559,2023-08-17,Part-Time,248419,699.0,No,Yes,Denied,1246.74,1889,1,Referred by agent.
4191,5230240,327,2021-01-14,Retired,308000,701.0,No,No,Approved,3461.7,0,2,income verified via Plaid
4192,5230796,814,2024-01-17,Unemployed,120658,720.0,No,Yes,Approved,8871.24,10561,3,Applicant provided pay stubs.
4193,5232461,1157,2023-12-15,Unemployed,199242,,No,No,Approved,3727.8,6213,4,Missing bank statements.
4194,5234706,1043,2021-08-23,Retired,185958,742.0,No,No,Approved,1875.06,2841,4,
4195,5235075,1025,2020-10-21,Unemployed,200096,673.0,No,Yes,Approved,2778.0,4630,2,docs expired
4196,5236163,864,2024-05-21,Part-Time,28453,,Yes,Yes,Withdrawn,6556.68,8406,4,income verified via Plaid
4197,5237319,1313,2022-05-02,Part-Time,94899,747.0,No,No,Denied,1404.0,2340,5,Co-signer pending review.
4198,5238416,1118,2022-09-24,Part-Time,145872,552.0,No,Yes,Denied,1294.92,1962,2,
4199,5238574,235,2024-04-18,Retired,147168,756.0,No,No,Withdrawn,784.08,1188,4,income verified via Plaid
4200,5239605,444,2023-12-13,Full-Time,49023,648.0,No,No,Approved,2880.96,3001,3,
4201,5239619,460,2020-10-18,Self-Employed,28472,356.0,Yes,No,Approved,1861.44,2216,1,docs expired
4202,5241226,1791,2022-06-01,Full-Time,30721,591.0,No,No,Denied,3432.0,0,3,income verified via Plaid
4203,5242410,127,2022-07-21,Part-Time,242736,514.0,No,No,Denied,853.38,1293,2,Co-signer pending review.
4204,5242959,1315,2023-08-19,Self-Employed,104720,693.0,No,No,Approved,737.88,1118,3,.
4205,5244185,1133,2024-10-18,Retired,103429,807.0,No,No,Denied,903.0,1075,1,Referred by agent.
4206,5245268,153,2021-07-26,Retired,271154,766.0,No,No,Withdrawn,3473.34,4453,1,
4207,5246859,1346,2020-04-03,Part-Time,209600,823.0,No,No,Denied,2747.64,3271,4,
4208,5247199,1325,2020-11-02,Contract,15679,712.0,No,No,Under Review,3556.02,4559,4,
4209,5248101,1381,2024-06-17,Part-Time,212460,345.0,No,Yes,Approved,1186.92,1413,1,
4210,5248661,1768,,Student,27210,569.0,No,No,Approved,3520.92,4514,4,
4211,5249757,1741,2021-08-18,Contract,26391,,No,No,Approved,4459.56,5309,1,Referred by agent.
4212,5251377,1037,2022-10-26,Self-Employed,125235,780.0,No,Yes,Approved,2631.72,3133,1,
4213,5251652,564,2022-05-17,Unemployed,126003,383.0,Yes,Yes,Approved,3424.08,5188,4,Missing bank statements.
4214,5252287,1689,2021-09-03,Contract,95955,817.0,No,Yes,Approved,6504.12,7743,3,
4215,5255238,1146,2020-05-13,Contract,235874,683.0,Yes,No,Denied,1786.56,1861,4,Flagged for manual review.
4216,5255742,1595,2024-03-26,Self-Employed,154920,,Yes,No,Approved,2480.64,2584,2,Applicant follow-up needed
4217,5256758,79,2023-08-05,Self-Employed,144702,843.0,Yes,No,Approved,2188.68,2806,2,.
4218,5258334,7,2020-04-15,Self-Employed,164159,767.0,No,No,Approved,1706.76,2586,1,Renewal case.
4219,5258368,1407,2020-03-17,Part-Time,30365,,No,No,Approved,1657.8,2763,3,
4220,5263418,560,2020-01-14,Retired,54046,488.0,No,Yes,Denied,973.2,1622,5,Renewal case.
4221,5263956,1113,2023-07-18,Contract,79832,659.0,Yes,Yes,Withdrawn,1604.16,1671,1,Referred by agent.
4222,5266306,1468,2020-06-06,Retired,163059,708.0,No,Yes,Approved,1534.2,2557,1,
4223,5269008,800,2022-10-16,Self-Employed,109572,671.0,No,No,Denied,2006.76,2389,3,Missing bank statements.
4224,5269577,263,2024-04-02,Contract,108146,824.0,No,No,Withdrawn,820.2,1367,2,.
4225,5269742,843,2020-02-01,Retired,8223,737.0,No,No,Denied,859.8,1433,1,docs expired
4226,5270105,1034,2023-12-10,Part-Time,101413,,No,No,Approved,3225.6,3360,3,Flagged for manual review.
4227,5271014,126,2021-10-02,Unemployed,49436,479.0,No,Yes,Approved,1340.4,2234,4,.
4228,5273055,71,2020-11-27,Full-Time,161753,663.0,No,No,Denied,3045.0,3625,4,docs expired
4229,5274021,121,2023-10-06,Self-Employed,37671,624.0,No,No,Pending,1631.04,1699,1,Flagged for manual review.
4230,5275393,1704,2024-07-06,Self-Employed,247318,667.0,No,Yes,Denied,886.38,1343,1,
4231,5277890,1533,2023-07-21,Self-Employed,226768,,No,Yes,Approved,6234.24,6494,3,
4232,5278131,1033,2023-05-30,Retired,240053,596.0,No,No,Approved,1878.36,2846,4,.
4233,5278533,792,2023-07-05,Part-Time,26705,793.0,Yes,Yes,Denied,2900.04,4394,1,.
4234,5279037,1476,2024-07-23,Full-Time,140043,750.0,No,Yes,Approved,2403.6,4006,4,Applicant provided pay stubs.
4235,5280416,601,2024-06-17,Unemployed,203057,583.0,No,No,Withdrawn,1011.0,1685,1,.
4236,5281081,1317,2022-08-15,Student,99399,802.0,Yes,Yes,Denied,1727.22,2617,1,Flagged for manual review.
4237,5282083,1543,2021-08-20,Self-Employed,177874,758.0,No,Yes,Pending,534.6,891,1,.
4238,5282097,560,2021-04-21,Retired,6886,651.0,No,No,Withdrawn,1362.48,1622,5,Co-signer pending review.
4239,5282218,485,2023-07-25,Self-Employed,149317,768.0,No,Yes,Pending,3262.08,3398,4,
4240,5282924,1089,2020-05-14,Student,161031,835.0,No,No,Pending,1840.44,2191,5,income verified via Plaid
4241,5283665,492,2022-09-03,Part-Time,187200,,No,Yes,Denied,1409.28,1468,5,income verified via Plaid
4242,5285348,492,2020-07-16,Self-Employed,37217,817.0,No,No,Denied,1233.12,1468,1,docs expired
4243,5285882,230,2021-09-22,Part-Time,117830,823.0,No,Yes,Denied,1626.24,1936,1,Applicant provided pay stubs.
4244,5286316,63,2021-04-04,Contract,124066,654.0,Yes,No,Pending,5567.76,8436,5,Renewal case.
4245,5286725,1320,2021-07-11,Student,98566,769.0,No,No,Withdrawn,5377.92,5602,1,Applicant follow-up needed
4246,5286748,1700,2022-09-23,Contract,119403,676.0,No,Yes,Approved,1542.24,1836,5,Applicant provided pay stubs.
4247,5288170,713,2021-10-17,Student,233436,716.0,No,No,Approved,4265.52,5078,5,
4248,5291006,363,2023-05-12,Unemployed,112893,749.0,No,No,Denied,1353.6,1410,4,
4249,5292840,1158,2024-03-23,Retired,147877,793.0,No,Yes,Approved,1416.0,1475,5,Applicant follow-up needed
4250,5293032,121,2024-10-28,Part-Time,205497,850.0,No,No,Denied,1019.4,1699,1,Co-signer pending review.
4251,5293322,471,2021-12-24,Self-Employed,92831,833.0,Yes,Yes,Approved,1149.12,1368,1,
4252,5294938,553,2024-09-12,Student,228458,701.0,No,Yes,Approved,3832.14,0,4,Flagged for manual review.
4253,5295154,809,2023-05-31,Self-Employed,121499,757.0,Yes,Yes,Approved,1387.2,1445,2,
4254,5297674,419,2022-01-09,Student,85647,438.0,No,Yes,Approved,1616.16,1924,1,Flagged for manual review.
4255,5301138,31,2024-12-19,Unemployed,147344,651.0,No,Yes,Approved,2149.2,3582,5,Co-signer pending review.
4256,5302215,1325,2020-11-13,Retired,104098,754.0,Yes,Yes,Approved,3008.94,4559,4,Applicant follow-up needed
4257,5302864,228,2022-04-02,Unemployed,17485,704.0,No,Yes,Denied,873.18,1323,5,Applicant follow-up needed
4258,5304948,1537,2023-09-16,Self-Employed,33645,817.0,Yes,Yes,Approved,850.8,1418,4,Referred by agent.
4259,5305852,1497,2023-10-13,Contract,53476,762.0,No,Yes,Under Review,1666.86,2137,3,income verified via Plaid
4260,5306127,1743,2022-05-23,Self-Employed,8835,812.0,No,Yes,Denied,664.2,1107,1,Applicant follow-up needed
4261,5306261,731,2023-01-17,Retired,167218,760.0,No,No,Approved,1816.32,1892,5,Referred by agent.
4262,5308864,806,2022-02-04,Retired,19175,599.0,No,No,Pending,1340.46,2031,1,docs expired
4263,5309460,911,2022-08-14,Unemployed,113093,,No,No,Denied,3328.38,5043,4,Co-signer pending review.
4264,5310293,139,2024-12-22,Part-Time,128635,654.0,No,No,Denied,4987.92,5938,1,Co-signer pending review.
4265,5310987,1659,2020-06-07,Full-Time,35836,319.0,No,No,Approved,2463.72,2933,3,
4266,5311494,1426,2021-06-27,Retired,146529,757.0,No,Yes,Pending,5990.88,7132,4,.
4267,5311813,1061,2023-02-04,Part-Time,23470,656.0,No,No,Under Review,2056.8,3428,5,Applicant provided pay stubs.
4268,5312493,745,2021-10-04,Unemployed,111211,785.0,No,No,Approved,3454.44,5234,2,Flagged for manual review.
4269,5314199,1571,2024-04-20,Retired,238317,790.0,No,Yes,Denied,4086.42,5239,2,Referred by agent.
4270,5314327,1420,2023-09-26,Retired,282058,828.0,No,No,Approved,3833.76,4564,4,
4271,5314512,55,2022-05-27,Part-Time,38688,742.0,No,Yes,Denied,1411.8,1810,3,Applicant follow-up needed
4272,5315662,1009,2022-12-02,Self-Employed,61326,646.0,No,Yes,Denied,1915.32,2902,5,.
4273,5316015,645,2023-10-31,Student,92120,790.0,No,No,Pending,4304.4,7174,5,Applicant follow-up needed
4274,5316110,1185,2022-09-23,Full-Time,69655,792.0,No,Yes,Approved,1948.8,2030,2,
4275,5316733,955,2020-06-02,Retired,69893,590.0,No,No,Denied,2001.48,2566,5,
4276,5320565,1719,2021-06-28,Part-Time,177494,747.0,Yes,Yes,Approved,1992.54,3019,1,Applicant follow-up needed
4277,5321061,1698,2020-03-31,Contract,116233,,No,Yes,Approved,2233.14,2863,2,Applicant provided pay stubs.
4278,5321574,928,2021-03-23,Full-Time,151760,589.0,No,No,Pending,973.8,1623,5,Referred by agent.
4279,5322876,652,2020-02-02,Student,65163,724.0,No,No,Withdrawn,2269.8,3783,4,
4280,5325241,595,2021-03-13,Part-Time,241619,727.0,Yes,Yes,Approved,2592.72,3324,4,docs expired
4281,5327192,205,2024-01-29,Student,240451,715.0,No,Yes,Denied,748.44,1134,2,
4282,5331566,1395,2020-07-10,Student,169763,841.0,No,No,Withdrawn,2294.16,3476,2,.
4283,5337028,611,2022-02-18,Student,17406,777.0,No,No,Denied,3205.02,4109,5,.
4284,5338859,289,2024-03-20,Unemployed,90276,729.0,Yes,Yes,Approved,2235.42,0,3,Renewal case.
4285,5339288,1364,2024-11-13,Self-Employed,232497,666.0,No,No,Denied,5184.96,5401,2,Referred by agent.
4286,5339964,968,2020-06-08,Retired,180336,652.0,No,Yes,Approved,2160.18,3273,1,Referred by agent.
4287,5341491,1554,2021-12-19,Contract,127309,727.0,No,No,Approved,1187.52,1237,3,Applicant provided pay stubs.
4288,5341682,720,,Unemployed,149648,826.0,No,Yes,Approved,5759.04,5999,3,
4289,5342161,1032,2021-03-03,Full-Time,109262,675.0,No,No,Under Review,1940.4,2940,1,Co-signer pending review.
4290,5342546,314,2022-09-05,Retired,184025,,No,No,Under Review,1764.48,1838,3,
4291,5344469,1283,2020-04-03,Part-Time,229772,757.0,No,Yes,Pending,8911.56,10609,3,
4292,5346030,709,,Self-Employed,121464,678.0,No,No,Pending,1131.0,1885,4,Applicant provided pay stubs.
4293,5348647,1060,2020-11-07,Contract,2357,791.0,No,No,Approved,2648.64,2759,2,Renewal case.
4294,5349908,855,2022-09-02,Full-Time,141482,487.0,No,No,Under Review,595.32,902,2,Renewal case.
4295,5350323,1486,2020-10-16,Full-Time,39316,600.0,No,No,Approved,3194.88,4096,1,Renewal case.
4296,5351668,168,2022-11-17,Student,63844,680.0,Yes,No,Approved,1416.24,1686,1,
4297,5352824,962,2021-05-06,Student,71076,701.0,No,No,Approved,911.82,1169,3,Applicant follow-up needed
4298,5352947,170,2024-07-16,Student,50816,778.0,No,Yes,Pending,4109.76,4281,1,Renewal case.
4299,5352997,811,2022-01-04,Full-Time,246584,831.0,No,No,Approved,1503.84,1928,4,Applicant provided pay stubs.
4300,5354531,293,2022-02-22,Unemployed,185070,726.0,No,No,Denied,2372.76,3042,4,docs expired
4301,5354997,118,2023-04-16,Full-Time,220547,774.0,No,No,Denied,6746.88,7028,4,Applicant follow-up needed
4302,5355677,601,2022-12-18,Student,145323,710.0,Yes,Yes,Denied,1415.4,1685,1,.
4303,5358183,1385,2024-07-02,Full-Time,75270,777.0,No,Yes,Approved,1384.32,1442,2,Co-signer pending review.
4304,5358669,1213,2024-04-18,Self-Employed,170753,752.0,No,No,Withdrawn,3233.34,4899,1,
4305,5358761,510,2021-09-03,Self-Employed,138447,,No,No,Approved,1285.68,1948,5,Co-signer pending review.
4306,5359677,1783,2022-05-12,Unemployed,76436,,Yes,Yes,Denied,6497.28,6768,1,Missing bank statements.
4307,5362502,1252,2020-05-05,Self-Employed,118916,658.0,No,No,Denied,3595.2,3745,1,
4308,5363149,323,2024-07-13,Self-Employed,264075,513.0,Yes,Yes,Denied,5757.12,5997,3,
4309,5363783,1310,,Self-Employed,110152,668.0,Yes,Yes,Approved,3657.6,3810,5,Referred by agent.
4310,5366407,645,2020-10-07,Full-Time,177987,740.0,No,No,Approved,5595.72,7174,1,
4311,5367007,281,2020-05-09,Unemployed,236522,693.0,Yes,No,Denied,1808.4,2740,5,
4312,5367608,1342,2023-12-20,Self-Employed,243716,694.0,No,No,Withdrawn,4277.76,4456,2,
4313,5368209,592,2020-07-23,Unemployed,311145,776.0,No,Yes,Denied,4892.94,6273,4,Missing bank statements.
4314,5370247,59,2020-11-21,Contract,27749,,Yes,No,Denied,1664.52,2522,5,Renewal case.
4315,5370591,913,2024-01-09,Full-Time,163948,,Yes,Yes,Approved,574.86,871,2,
4316,5371116,342,2021-09-22,Student,203301,832.0,No,No,Approved,1144.92,1363,1,Flagged for manual review.
4317,5372215,887,2023-01-11,Contract,100041,640.0,No,No,Approved,3956.94,5073,2,
4318,5372618,499,2022-07-15,Contract,213834,,Yes,No,Withdrawn,3281.28,3418,1,Flagged for manual review.
4319,5378143,1346,,Full-Time,231664,580.0,No,Yes,Pending,2551.38,3271,3,docs expired
4320,5379039,314,2022-12-22,Student,58191,825.0,No,No,Withdrawn,1433.64,1838,5,Co-signer pending review.
4321,5383121,1536,2021-08-09,Student,40086,689.0,No,Yes,Denied,3832.92,4563,5,Applicant provided pay stubs.
4322,5383843,1219,2022-10-15,Self-Employed,40303,454.0,No,No,Pending,2429.7,3115,1,
4323,5383930,458,2020-05-10,Retired,249575,,No,No,Approved,2322.06,2977,2,Applicant follow-up needed
4324,5384056,951,2021-05-15,Unemployed,37488,705.0,No,No,Under Review,2368.32,2467,1,Co-signer pending review.
4325,5384110,1381,2022-01-09,Student,213704,719.0,No,No,Under Review,1186.92,1413,3,Renewal case.
4326,5384490,1092,2023-05-01,Student,163825,799.0,No,Yes,Withdrawn,4771.2,7952,3,
4327,5385162,254,2022-05-05,Unemployed,213800,696.0,No,Yes,Approved,2177.4,3629,2,Applicant follow-up needed
4328,5388118,979,2023-01-27,Self-Employed,215508,,No,No,Denied,1499.16,1922,1,Applicant provided pay stubs.
4329,5388537,563,2022-09-28,Contract,148084,782.0,No,Yes,Approved,3613.5,5475,5,docs expired
4330,5390331,1631,2022-04-30,Unemployed,196170,713.0,No,Yes,Pending,3173.82,4069,3,Missing bank statements.
4331,5393167,360,2022-12-06,Part-Time,101169,568.0,No,No,Approved,4473.0,5325,2,
4332,5394235,231,2024-04-09,Retired,235702,,No,Yes,Denied,6999.36,7291,1,Co-signer pending review.
4333,5394519,1460,2021-01-05,Full-Time,212700,765.0,No,No,Approved,2767.8,3295,4,
4334,5396304,621,2024-05-18,Student,78022,772.0,Yes,No,Denied,4742.4,6080,3,.
4335,5396395,1790,2024-06-07,Self-Employed,88422,616.0,No,No,Approved,2851.2,2970,3,
4336,5396416,776,2022-11-14,Part-Time,248152,719.0,No,Yes,Withdrawn,1977.6,2060,3,Missing bank statements.
4337,5397068,231,2022-02-17,Unemployed,163582,438.0,No,No,Approved,4374.6,7291,4,Referred by agent.
4338,5399371,437,2023-11-21,Student,128710,744.0,No,Yes,Denied,2625.6,2735,4,Co-signer pending review.
4339,5400083,340,2023-10-02,Part-Time,191261,743.0,No,No,Approved,7164.6,11941,4,
4340,5401800,1290,2023-11-19,Unemployed,242386,,Yes,Yes,Pending,1997.76,2081,5,Co-signer pending review.
4341,5402861,525,2020-04-08,Contract,75067,710.0,No,Yes,Denied,1314.0,2190,2,Flagged for manual review.
4342,5402992,1718,2023-04-29,Student,161474,482.0,No,No,Approved,1382.94,1773,3,docs expired
4343,5403970,1654,2023-11-11,Unemployed,179953,789.0,No,No,Approved,2903.04,3456,5,docs expired
4344,5405397,882,2022-10-30,Part-Time,31265,632.0,No,Yes,Denied,4798.08,5712,1,
4345,5408332,533,2022-11-20,Full-Time,179516,525.0,Yes,No,Approved,2938.56,3061,2,income verified via Plaid
4346,5409089,154,2024-11-11,Full-Time,5861,786.0,No,No,Approved,1327.68,1383,5,.
4347,5412759,381,2023-08-28,Unemployed,45476,756.0,No,No,Approved,3076.8,5128,2,
4348,5413727,448,2021-12-04,Self-Employed,195311,,No,Yes,Denied,1769.88,2107,2,Referred by agent.
4349,5413998,633,,Self-Employed,110930,,No,Yes,Approved,3919.44,4666,2,Applicant follow-up needed
4350,5414357,21,2020-02-22,Full-Time,168301,,No,Yes,Approved,750.96,894,3,
4351,5415746,969,,Self-Employed,157347,726.0,No,No,Denied,906.0,1510,1,
4352,5416225,626,2024-07-03,Unemployed,33108,,No,No,Pending,1552.98,1991,4,income verified via Plaid
4353,5418152,1091,2024-06-13,Unemployed,100316,781.0,No,Yes,Pending,2373.12,2472,2,docs expired
4354,5418468,1334,2024-03-23,Retired,323564,790.0,No,Yes,Approved,7789.98,11803,1,Flagged for manual review.
4355,5418507,1056,2021-08-27,Retired,154708,,No,Yes,Pending,758.34,1149,2,
4356,5418997,991,2023-09-21,Unemployed,49519,795.0,No,No,Approved,2336.64,2434,3,
4357,5420025,1703,2020-10-21,Retired,217715,754.0,Yes,Yes,Denied,9728.16,12472,3,Missing bank statements.
4358,5420675,549,2020-10-21,Part-Time,106074,737.0,No,No,Approved,1958.88,2968,1,docs expired
4359,5420806,1107,2024-10-15,Full-Time,260621,763.0,No,No,Approved,2674.56,3184,3,.
4360,5422002,1462,2021-10-08,Student,161443,827.0,No,Yes,Approved,1205.1,1545,2,income verified via Plaid
4361,5422097,1797,2022-06-11,Student,150008,391.0,Yes,No,Withdrawn,525.6,876,3,
4362,5424890,785,2022-07-01,Student,94374,,No,Yes,Approved,3613.74,4633,3,income verified via Plaid
4363,5427311,649,2022-06-17,Self-Employed,196885,679.0,No,No,Denied,1580.4,2634,4,Referred by agent.
4364,5427726,1469,2022-08-07,Full-Time,175909,635.0,Yes,Yes,Approved,2145.78,2751,5,Flagged for manual review.
4365,5428918,1059,2021-09-18,Student,197557,825.0,Yes,No,Approved,3234.24,3369,5,Renewal case.
4366,5429457,1261,2020-07-20,Contract,198518,512.0,No,No,Denied,1226.94,1573,3,income verified via Plaid
4367,5431256,973,2021-09-17,Retired,228463,794.0,Yes,No,Approved,3697.8,6163,5,
4368,5432856,500,2024-05-19,Contract,164920,726.0,No,No,Pending,933.6,1556,1,
4369,5435117,802,2023-04-19,Contract,165648,772.0,No,Yes,Approved,1821.6,2760,4,
4370,5435588,99,2020-11-24,Contract,82435,715.0,Yes,Yes,Denied,3066.24,3194,3,
4371,5436599,516,2024-06-03,Part-Time,174205,594.0,No,No,Pending,1428.0,1700,4,
4372,5437878,1541,2022-11-22,Contract,57310,592.0,Yes,Yes,Approved,4375.8,6630,5,Applicant provided pay stubs.
4373,5438015,1142,2024-12-20,Contract,119626,762.0,No,No,Approved,3342.24,5064,5,income verified via Plaid
4374,5438274,1169,2021-08-18,Full-Time,19710,645.0,No,No,Approved,2839.98,3641,3,Renewal case.
4375,5440078,1094,2021-07-31,Part-Time,76330,767.0,No,No,Withdrawn,1846.02,2797,1,.
4376,5440898,622,2023-12-03,Student,92165,692.0,No,Yes,Pending,1879.8,2410,2,docs expired
4377,5442181,1482,2020-05-21,Student,109122,704.0,No,No,Denied,11067.84,11529,4,
4378,5442773,1252,2024-08-14,Full-Time,185869,565.0,No,Yes,Approved,2921.1,3745,4,
4379,5445013,1760,2020-01-24,Retired,149417,638.0,No,No,Approved,1389.3,2105,2,
4380,5445224,1497,2023-01-07,Part-Time,189911,785.0,No,Yes,Under Review,1282.2,2137,2,
4381,5446036,7,2024-06-18,Part-Time,145371,,No,Yes,Approved,2482.56,2586,5,.
4382,5446399,1087,2024-06-23,Part-Time,240377,659.0,Yes,Yes,Approved,6022.08,6273,3,Referred by agent.
4383,5447707,1476,2024-11-22,Part-Time,94268,605.0,Yes,Yes,Approved,2403.6,4006,3,
4384,5447852,24,2024-07-20,Self-Employed,54944,,Yes,No,Approved,2849.28,2968,4,Renewal case.
4385,5451160,1412,2023-10-31,Full-Time,79094,308.0,No,No,Under Review,1042.8,1580,5,
4386,5451542,1361,2023-06-04,Self-Employed,218238,790.0,No,Yes,Denied,1203.84,1824,3,Renewal case.
4387,5451944,1705,2022-08-03,Unemployed,39683,504.0,No,No,Denied,2300.22,2949,5,Applicant provided pay stubs.
4388,5452709,184,2020-05-21,Student,87815,,No,No,Approved,5112.96,5326,4,Missing bank statements.
4389,5453293,583,2020-07-04,Contract,225075,785.0,No,Yes,Under Review,3370.56,3511,3,Flagged for manual review.
4390,5455804,969,2024-09-04,Student,127395,703.0,No,Yes,Approved,1177.8,1510,1,Applicant follow-up needed
4391,5458610,946,2023-01-16,Student,195102,797.0,No,No,Approved,4659.6,7766,3,
4392,5459948,642,2022-11-01,Student,158044,780.0,No,Yes,Denied,713.16,849,4,Renewal case.
4393,5463466,1136,2021-04-22,Part-Time,143900,772.0,Yes,No,Approved,3254.94,4173,5,Applicant provided pay stubs.
4394,5463518,112,2020-08-21,Full-Time,79982,684.0,No,No,Pending,4463.04,4649,3,
4395,5466933,796,2021-06-02,Unemployed,33190,760.0,No,No,Denied,890.34,1349,3,Renewal case.
4396,5467192,623,2020-11-16,Student,63901,654.0,No,No,Denied,7350.72,7657,5,docs expired
4397,5469636,1708,2020-12-10,Retired,19348,,No,Yes,Pending,2041.38,0,4,docs expired
4398,5469885,534,2021-10-15,Unemployed,3850,,No,No,Denied,2500.68,2977,1,
4399,5470334,1677,2022-07-30,Part-Time,18328,750.0,No,Yes,Pending,675.48,866,2,
4400,5471297,418,2021-08-16,Student,144876,732.0,No,No,Approved,2898.0,3450,3,Applicant follow-up needed
4401,5471663,455,2020-09-12,Retired,65378,681.0,No,No,Approved,3025.62,3879,3,Co-signer pending review.
4402,5471889,1418,2020-03-11,Retired,92984,631.0,No,No,Pending,1912.8,0,5,Co-signer pending review.
4403,5472627,1375,2024-08-09,Part-Time,80066,781.0,No,No,Approved,1991.34,2553,4,Applicant provided pay stubs.
4404,5473427,1449,2021-01-31,Full-Time,39503,713.0,No,No,Approved,1269.18,1923,1,
4405,5479311,864,2023-12-12,Part-Time,234958,623.0,No,Yes,Approved,5547.96,8406,4,docs expired
4406,5481938,1170,2023-10-15,Student,96260,515.0,No,Yes,Denied,2519.04,0,3,
4407,5482291,1721,2020-01-05,Self-Employed,126998,782.0,No,No,Denied,2613.78,3351,2,Applicant follow-up needed
4408,5483817,126,2021-03-05,Full-Time,73356,724.0,No,No,Withdrawn,1876.56,2234,2,.
4409,5484480,657,2020-09-21,Contract,234799,710.0,No,No,Approved,1824.0,1900,3,Missing bank statements.
4410,5484676,1333,2023-09-22,Unemployed,149188,605.0,No,Yes,Approved,4326.0,7210,3,docs expired
4411,5485362,885,2023-01-27,Student,163084,,No,Yes,Approved,1119.0,1865,1,Referred by agent.
4412,5487936,112,2023-09-02,Part-Time,53961,673.0,No,No,Denied,4463.04,4649,1,.
4413,5488531,779,2022-08-28,Retired,216470,799.0,No,Yes,Approved,6321.9,8105,2,.
4414,5489205,1599,2021-01-23,Part-Time,200718,764.0,No,Yes,Approved,3153.6,0,4,
4415,5491650,582,2020-05-16,Self-Employed,131477,790.0,No,No,Pending,2834.52,3634,2,
4416,5492349,1192,2021-06-14,Self-Employed,37893,842.0,No,Yes,Approved,5637.72,8542,5,
4417,5492380,1406,,Self-Employed,134271,813.0,No,No,Approved,2835.3,3635,4,
4418,5492787,479,2024-10-04,Unemployed,96276,818.0,No,No,Withdrawn,4128.0,6880,1,Referred by agent.
4419,5493557,598,2024-01-06,Part-Time,151129,745.0,No,Yes,Withdrawn,2723.76,3492,4,docs expired
4420,5496062,786,2023-12-16,Retired,136242,576.0,No,No,Withdrawn,1992.48,2372,4,
4421,5497042,826,2020-11-24,Part-Time,235449,,No,Yes,Under Review,2686.2,4477,2,
4422,5497191,470,2023-04-26,Unemployed,213580,,No,No,Approved,5229.84,6226,4,
4423,5497662,1102,2022-07-15,Unemployed,161738,327.0,No,No,Approved,2244.48,2338,3,
4424,5500616,686,2020-08-25,Part-Time,220658,,No,No,Approved,3148.86,4037,4,
4425,5506298,1664,2021-10-10,Self-Employed,161714,787.0,No,No,Approved,2322.24,2419,4,
4426,5508905,1643,2023-07-01,Retired,123335,655.0,No,No,Approved,1777.2,0,4,.
4427,5509983,1678,2024-06-12,Full-Time,210594,730.0,Yes,No,Denied,2183.16,2599,5,Flagged for manual review.
4428,5510082,127,2020-06-06,Contract,14028,842.0,No,No,Approved,1086.12,1293,3,docs expired
4429,5511298,744,2021-04-25,Part-Time,154442,680.0,No,No,Denied,2890.68,3706,3,docs expired
4430,5516110,1243,,Student,18894,,No,No,Pending,4718.34,7149,2,
4431,5516210,949,2021-10-17,Part-Time,40502,718.0,No,No,Denied,1868.1,2395,4,
4432,5516304,174,,Retired,221915,598.0,No,No,Approved,1452.0,2420,4,Referred by agent.
4433,5516499,1476,2021-11-22,Contract,242371,763.0,No,Yes,Denied,2403.6,4006,1,Renewal case.
4434,5517023,1670,2024-11-15,Contract,136498,809.0,No,No,Approved,5045.04,6006,1,Co-signer pending review.
4435,5517454,1607,2022-09-18,Unemployed,45965,595.0,Yes,Yes,Denied,2762.1,4185,4,.
4436,5518326,1041,2023-12-07,Full-Time,111992,741.0,No,Yes,Approved,2007.72,3042,5,Applicant provided pay stubs.
4437,5520189,930,2023-09-17,Part-Time,190658,651.0,Yes,Yes,Pending,1099.8,1410,4,Applicant provided pay stubs.
4438,5527284,293,2024-12-15,Contract,205920,708.0,No,No,Denied,2555.28,3042,5,
4439,5527778,487,2023-10-20,Contract,175195,817.0,Yes,Yes,Approved,1882.92,2414,3,
4440,5534933,249,2022-02-07,Unemployed,47146,796.0,No,No,Denied,2509.2,4182,5,.
4441,5534978,1188,2020-10-25,Part-Time,148002,742.0,No,Yes,Pending,12030.72,12532,4,.
4442,5535879,1706,2023-07-11,Part-Time,232310,600.0,No,Yes,Approved,6608.28,7867,5,.
4443,5536222,825,2024-06-13,Retired,229277,748.0,No,Yes,Denied,1402.5,2125,2,
4444,5537137,53,,Full-Time,158923,726.0,No,No,Approved,2922.6,0,2,Flagged for manual review.
4445,5537262,1205,2021-06-06,Contract,48095,558.0,No,No,Under Review,3677.7,4715,3,Co-signer pending review.
4446,5541246,46,2023-07-04,Part-Time,179375,699.0,No,No,Approved,1391.4,2319,1,
4447,5541467,114,,Unemployed,124258,675.0,No,No,Under Review,2281.92,2377,5,Flagged for manual review.
4448,5541787,920,2023-08-11,Retired,214336,837.0,No,Yes,Approved,2880.36,3429,1,Co-signer pending review.
4449,5545115,284,2021-06-24,Full-Time,71741,,No,Yes,Approved,1691.58,2563,5,docs expired
4450,5546815,49,2024-06-02,Contract,177226,772.0,Yes,Yes,Pending,3568.32,3717,3,Applicant follow-up needed
4451,5547430,752,2022-09-26,Unemployed,36595,780.0,No,Yes,Approved,2683.98,3441,2,
4452,5550204,253,,Student,235434,813.0,No,No,Approved,3001.44,3848,4,income verified via Plaid
4453,5551004,1041,2022-12-12,Contract,124299,768.0,Yes,No,Pending,2372.76,3042,2,
4454,5552204,324,2021-08-26,Self-Employed,74191,769.0,No,Yes,Approved,2076.36,3146,4,.
4455,5552630,1147,2021-09-09,Part-Time,179205,818.0,No,Yes,Under Review,2899.68,3452,2,Renewal case.
4456,5554206,886,2022-09-22,Part-Time,210304,720.0,No,No,Denied,1359.6,2266,5,Referred by agent.
4457,5554777,1228,2023-12-17,Unemployed,197145,553.0,No,No,Withdrawn,940.8,1120,3,
4458,5555823,1346,2023-04-14,Full-Time,214228,468.0,No,No,Approved,2747.64,3271,1,
4459,5556690,1550,2022-12-12,Full-Time,137725,594.0,Yes,Yes,Approved,4288.32,4467,2,Renewal case.
4460,5556838,45,2020-10-19,Contract,284232,721.0,No,Yes,Withdrawn,2938.56,3061,2,.
4461,5558216,985,2020-03-03,Contract,39896,764.0,Yes,Yes,Denied,1663.68,1733,4,
4462,5560049,1331,2022-11-08,Unemployed,227046,647.0,No,Yes,Approved,3152.76,4042,4,Missing bank statements.
4463,5560612,63,2022-08-09,Part-Time,136613,765.0,Yes,No,Approved,5567.76,8436,4,Applicant follow-up needed
4464,5561439,466,2024-05-10,Retired,156226,766.0,No,No,Denied,2025.0,3375,2,
4465,5561650,1628,,Unemployed,183944,812.0,No,Yes,Denied,4589.52,5884,4,docs expired
4466,5562679,633,2021-09-02,Self-Employed,223789,761.0,No,No,Pending,3919.44,4666,5,Co-signer pending review.
4467,5564052,1502,2023-09-22,Unemployed,74391,671.0,No,No,Approved,2289.3,2935,5,Co-signer pending review.
4468,5564727,125,2022-04-09,Self-Employed,135022,726.0,No,Yes,Pending,3672.48,4372,1,income verified via Plaid
4469,5565649,1358,2024-10-19,Unemployed,194229,748.0,No,No,Approved,3785.28,3943,5,docs expired
4470,5565842,47,2023-12-24,Part-Time,244778,745.0,No,Yes,Approved,4567.92,5438,3,.
4471,5566768,512,2023-05-01,Contract,157422,,No,No,Withdrawn,4939.8,8233,3,docs expired
4472,5569318,42,2024-01-07,Full-Time,68621,526.0,No,No,Pending,4618.02,6997,2,
4473,5569559,760,2022-03-05,Full-Time,58139,794.0,No,No,Pending,1092.6,1821,1,
4474,5570734,419,2020-10-26,Part-Time,246412,,Yes,No,Under Review,1500.72,1924,3,income verified via Plaid
4475,5572842,1398,2022-10-28,Contract,137161,,No,No,Denied,2454.48,2922,1,docs expired
4476,5575631,1794,2021-07-30,Contract,107681,787.0,No,No,Approved,5537.28,5768,3,Co-signer pending review.
4477,5577479,315,2023-05-19,Full-Time,39691,730.0,No,Yes,Denied,955.2,995,3,Referred by agent.
4478,5577725,2,2023-12-29,Retired,97393,489.0,Yes,Yes,Under Review,2403.18,3081,5,income verified via Plaid
4479,5578211,689,2022-08-01,Part-Time,125774,762.0,No,Yes,Under Review,1306.2,1555,5,
4480,5578715,836,2024-05-03,Unemployed,40385,673.0,No,Yes,Denied,2920.5,4425,5,income verified via Plaid
4481,5579333,1130,2024-02-05,Retired,195914,428.0,No,Yes,Pending,4380.48,5616,3,Referred by agent.
4482,5580094,1796,2022-05-06,Part-Time,54773,602.0,Yes,No,Approved,3211.2,3345,3,docs expired
4483,5582481,674,,Self-Employed,60682,740.0,No,No,Approved,2686.8,4478,1,.
4484,5584418,812,2020-08-17,Part-Time,94897,,Yes,No,Pending,2325.18,2981,1,Applicant follow-up needed
4485,5585130,1661,,Unemployed,156041,830.0,No,No,Under Review,2443.32,3702,4,Renewal case.
4486,5586257,463,2024-12-31,Contract,198938,651.0,Yes,Yes,Denied,3024.0,3600,2,
4487,5586330,1491,2023-02-18,Part-Time,137300,779.0,Yes,No,Denied,1492.14,1913,4,
4488,5587902,161,2020-08-04,Contract,247876,771.0,Yes,Yes,Pending,3365.04,4006,5,docs expired
4489,5589183,198,2021-12-28,Full-Time,228314,767.0,No,Yes,Pending,3588.48,3738,5,Renewal case.
4490,5589280,984,2020-03-05,Self-Employed,126940,765.0,No,No,Pending,989.82,1269,5,Flagged for manual review.
4491,5590420,1310,2021-02-07,Unemployed,25146,749.0,No,No,Denied,2514.6,3810,3,
4492,5590602,387,2020-01-02,Contract,211946,688.0,Yes,No,Approved,2230.8,3718,3,Co-signer pending review.
4493,5591397,568,2020-08-25,Contract,246984,,No,No,Denied,1866.48,2828,5,
4494,5593931,155,2021-10-24,Student,60961,720.0,Yes,No,Denied,4062.72,4232,3,
4495,5594127,1350,2023-12-11,Contract,79407,304.0,No,No,Under Review,3731.28,4442,3,docs expired
4496,5595669,1462,2021-06-18,Self-Employed,207997,693.0,No,No,Denied,1019.7,1545,2,
4497,5595873,572,2023-10-24,Self-Employed,196190,622.0,No,No,Pending,1014.0,1300,2,Applicant provided pay stubs.
4498,5596202,552,2020-02-01,Retired,93932,701.0,No,No,Denied,7008.3,8985,1,Missing bank statements.
4499,5596591,356,2022-10-03,Retired,95270,621.0,No,Yes,Approved,6009.36,7154,2,.
4500,5596704,1105,2023-08-19,Part-Time,216228,776.0,No,No,Withdrawn,1014.72,1208,3,Flagged for manual review.
4501,5597184,1511,2021-09-15,Self-Employed,200683,799.0,Yes,Yes,Under Review,2935.8,4893,5,Applicant follow-up needed
4502,5598079,816,2021-12-19,Part-Time,192600,840.0,No,No,Approved,1111.44,1684,4,
4503,5600510,30,2022-11-25,Student,55717,693.0,No,Yes,Approved,2976.96,3101,2,
4504,5602292,566,2023-03-02,Contract,32302,816.0,No,Yes,Approved,1177.8,1510,2,income verified via Plaid
4505,5602694,529,2024-07-07,Part-Time,134963,724.0,No,No,Denied,3611.52,3762,2,Applicant provided pay stubs.
4506,5604582,1232,2021-01-20,Unemployed,39615,741.0,No,No,Approved,2227.68,2856,2,
4507,5605392,82,2023-11-18,Retired,53068,,No,No,Approved,2312.64,2409,1,Co-signer pending review.
4508,5606969,1194,2024-06-16,Contract,191383,,No,Yes,Under Review,1756.2,2927,3,Applicant follow-up needed
4509,5611304,1221,2021-06-26,Full-Time,138676,680.0,No,Yes,Denied,5055.96,6019,4,.
4510,5613422,670,2021-02-03,Self-Employed,183687,,No,No,Denied,3213.6,0,1,
4511,5615641,372,2022-10-09,Self-Employed,124400,625.0,No,No,Approved,1607.04,1674,2,
4512,5617076,755,2023-05-12,Full-Time,82011,,No,Yes,Denied,5880.96,6126,1,Missing bank statements.
4513,5618390,1773,2021-08-08,Part-Time,79794,677.0,No,No,Denied,4751.04,4949,4,.
4514,5618444,672,2020-05-23,Part-Time,103887,600.0,No,No,Approved,3000.48,3572,3,Co-signer pending review.
4515,5619388,1233,2023-04-14,Retired,56637,378.0,No,Yes,Denied,2248.68,2677,2,Referred by agent.
4516,5623241,1382,2024-02-01,Unemployed,144995,686.0,No,No,Approved,885.0,1475,1,Applicant provided pay stubs.
4517,5626620,1454,,Retired,138944,659.0,No,No,Denied,982.8,1170,3,income verified via Plaid
4518,5626644,1458,2021-10-25,Unemployed,141942,666.0,No,No,Approved,2715.6,4526,5,docs expired
4519,5627127,1468,2024-12-16,Student,198580,676.0,No,Yes,Withdrawn,1994.46,2557,3,Missing bank statements.
4520,5627348,1343,2024-03-15,Part-Time,79019,605.0,No,Yes,Pending,1205.88,1546,3,Referred by agent.
4521,5627771,928,2020-12-19,Full-Time,184686,765.0,No,Yes,Denied,1071.18,0,1,
4522,5631672,477,2022-03-13,Student,128412,585.0,Yes,Yes,Pending,971.04,1156,5,Applicant follow-up needed
4523,5634469,280,2020-05-18,Student,249675,485.0,Yes,No,Approved,924.0,1400,2,Missing bank statements.
4524,5636127,1696,2024-06-28,Part-Time,236601,750.0,No,Yes,Approved,1867.32,2223,1,docs expired
4525,5636418,869,2020-08-04,Retired,235193,702.0,No,No,Approved,1171.5,1775,5,Flagged for manual review.
4526,5638925,650,2021-03-27,Retired,167966,,No,Yes,Approved,1491.0,1775,5,income verified via Plaid
4527,5645093,1597,2020-04-19,Student,68336,826.0,No,No,Approved,1556.88,1996,5,Renewal case.
4528,5645098,911,2021-03-10,Student,212364,783.0,No,No,Denied,4841.28,5043,5,income verified via Plaid
4529,5645488,1606,2024-11-01,Full-Time,131068,,No,Yes,Pending,4223.04,4399,3,Co-signer pending review.
4530,5646425,252,2022-06-27,Self-Employed,288996,811.0,No,No,Approved,1089.0,1650,4,docs expired
4531,5647280,1246,2021-11-12,Student,245192,690.0,No,No,Denied,1504.14,2279,4,
4532,5647925,841,2024-02-20,Student,209678,683.0,No,No,Approved,1976.04,2994,5,
4533,5648350,1605,2024-12-05,Retired,117754,,Yes,Yes,Approved,1728.0,2880,1,docs expired
4534,5649990,1059,2023-09-08,Student,33353,580.0,No,No,Withdrawn,3234.24,3369,1,Applicant follow-up needed
4535,5651161,150,2023-08-22,Full-Time,231869,750.0,No,No,Withdrawn,1992.96,2076,1,Co-signer pending review.
4536,5651256,784,2024-02-16,Retired,98162,,Yes,No,Approved,1940.64,2488,4,Applicant follow-up needed
4537,5651287,1625,2024-07-20,Unemployed,147000,384.0,No,Yes,Approved,4545.84,5828,3,
4538,5653556,549,,Part-Time,122886,752.0,No,No,Approved,1958.88,2968,4,income verified via Plaid
4539,5658146,978,2023-11-14,Full-Time,105180,675.0,Yes,No,Denied,1211.52,1262,2,
4540,5659847,1516,2021-02-01,Retired,53028,616.0,No,Yes,Approved,1640.1,2485,5,
4541,5659922,269,2022-12-13,Self-Employed,149068,702.0,No,Yes,Approved,1713.6,2040,1,.
4542,5660148,1393,2021-06-08,Retired,37807,748.0,No,No,Approved,3371.94,5109,4,
4543,5660510,614,2020-02-19,Retired,51444,821.0,No,Yes,Pending,3595.02,4609,5,Renewal case.
4544,5660578,664,2023-07-03,Retired,126826,798.0,No,Yes,Pending,747.6,890,4,Flagged for manual review.
4545,5661964,817,2024-12-11,Student,118482,669.0,No,No,Denied,3894.24,0,4,
4546,5662714,1028,,Self-Employed,190423,445.0,No,Yes,Approved,1345.08,2038,5,Referred by agent.
4547,5662964,3,2022-03-29,Full-Time,129867,,No,No,Approved,1197.84,1426,1,.
4548,5663067,215,2022-09-20,Student,110465,755.0,No,No,Under Review,850.56,886,1,
4549,5665767,1340,2023-01-13,Full-Time,189388,698.0,No,No,Approved,1099.56,1666,1,.
4550,5667219,426,2020-09-20,Part-Time,231741,772.0,No,Yes,Approved,4578.0,5450,5,Applicant follow-up needed
4551,5667636,1365,2022-10-23,Self-Employed,68577,703.0,Yes,No,Pending,3573.18,4581,4,Applicant follow-up needed
4552,5669549,480,2021-03-28,Self-Employed,201466,729.0,No,Yes,Approved,3494.4,4480,4,Referred by agent.
4553,5671410,229,2024-05-29,Contract,36877,324.0,No,Yes,Approved,1843.14,2363,5,Flagged for manual review.
4554,5672720,1073,2022-07-30,Self-Employed,72481,745.0,No,No,Approved,1032.72,1324,5,Flagged for manual review.
4555,5673403,1679,2022-07-10,Student,186678,497.0,No,Yes,Approved,2926.44,4434,2,
4556,5675503,223,2021-04-24,Unemployed,72610,740.0,No,No,Under Review,4753.56,5659,1,
4557,5676298,379,2024-05-20,Part-Time,140496,718.0,No,No,Pending,1195.26,1811,4,Flagged for manual review.
4558,5676636,1062,2020-02-01,Self-Employed,201608,528.0,No,No,Approved,1084.8,1130,5,Applicant provided pay stubs.
4559,5676694,86,2022-01-16,Part-Time,232805,782.0,No,No,Under Review,6945.96,8269,1,income verified via Plaid
4560,5676829,7,2024-06-06,Retired,90443,791.0,No,Yes,Approved,1706.76,2586,5,Missing bank statements.
4561,5677500,923,2022-01-02,Self-Employed,74702,,No,No,Approved,2178.6,3631,1,income verified via Plaid
4562,5680518,375,,Unemployed,100510,338.0,No,No,Pending,2637.12,2747,4,Referred by agent.
4563,5680591,563,2024-08-30,Unemployed,178488,810.0,No,Yes,Withdrawn,4270.5,0,4,Applicant provided pay stubs.
4564,5681288,188,2021-12-04,Retired,154658,676.0,Yes,Yes,Denied,804.6,1341,4,income verified via Plaid
4565,5681317,901,2022-06-19,Student,248935,703.0,No,No,Approved,4358.64,5588,3,Missing bank statements.
4566,5681357,802,2021-07-25,Full-Time,154856,787.0,No,No,Denied,1416.96,1476,4,Applicant follow-up needed
4567,5682391,267,2020-07-03,Self-Employed,296751,781.0,No,No,Approved,7103.04,7399,4,Referred by agent.
4568,5683705,909,2024-06-03,Unemployed,37709,364.0,No,No,Approved,812.46,1231,2,
4569,5683744,781,2021-09-01,Contract,84347,637.0,Yes,No,Approved,3196.8,3330,4,.
4570,5684474,962,2024-07-24,Student,46755,797.0,No,Yes,Approved,771.54,1169,3,income verified via Plaid
4571,5688001,300,2024-12-02,Contract,121307,657.0,Yes,Yes,Pending,4174.8,4970,2,
4572,5689834,306,2020-03-29,Unemployed,118522,687.0,No,No,Approved,1754.28,2658,2,income verified via Plaid
4573,5693797,960,2024-01-26,Student,128759,,No,No,Pending,1164.6,1941,4,Applicant provided pay stubs.
4574,5695623,1781,2021-05-31,Contract,54928,778.0,No,Yes,Approved,1829.88,2346,5,
4575,5695624,1650,2022-07-18,Retired,160368,534.0,No,No,Approved,3039.36,3166,4,docs expired
4576,5696654,481,2023-11-23,Retired,142135,,No,Yes,Approved,1548.12,1843,5,
4577,5696862,233,2020-06-10,Full-Time,113100,677.0,No,No,Denied,1794.6,2991,2,Applicant provided pay stubs.
4578,5697536,47,2020-02-28,Self-Employed,177269,606.0,No,Yes,Approved,5220.48,5438,3,Co-signer pending review.
4579,5697588,1149,2024-11-19,Retired,175148,662.0,No,Yes,Denied,6057.24,7211,1,Applicant provided pay stubs.
4580,5698235,535,2023-03-21,Unemployed,99083,817.0,Yes,Yes,Withdrawn,715.2,1192,2,
4581,5700029,644,2023-07-10,Unemployed,234861,612.0,No,No,Denied,2372.04,3594,1,Renewal case.
4582,5701092,63,2021-01-03,Self-Employed,88931,739.0,No,No,Approved,6580.08,8436,1,
4583,5702605,287,2020-07-11,Contract,75875,709.0,No,No,Approved,3676.2,5570,2,Co-signer pending review.
4584,5703576,1688,2023-09-01,Student,63750,339.0,No,No,Under Review,2509.08,2987,5,Co-signer pending review.
4585,5706581,1383,2020-02-26,Full-Time,189168,,No,Yes,Approved,1834.8,3058,2,Applicant provided pay stubs.
4586,5706912,1111,2020-11-23,Contract,78911,572.0,No,No,Pending,3261.12,3397,3,docs expired
4587,5707063,284,2021-07-02,Full-Time,203512,698.0,No,No,Approved,1691.58,2563,5,
4588,5707069,498,2020-01-10,Student,177802,,Yes,No,Approved,1078.2,1797,3,
4589,5708372,1729,2020-05-23,Student,59830,647.0,No,No,Denied,547.14,829,4,docs expired
4590,5713151,1025,2021-12-02,Part-Time,181125,691.0,No,Yes,Approved,4444.8,4630,2,
4591,5714774,841,2020-02-05,Student,214284,737.0,No,No,Approved,1976.04,2994,5,.
4592,5716220,1784,,Self-Employed,174065,404.0,No,No,Denied,1314.6,2191,3,Referred by agent.
4593,5718085,214,2022-03-19,Self-Employed,27102,398.0,No,Yes,Pending,3258.06,4177,3,Applicant provided pay stubs.
4594,5722301,634,2024-05-06,Student,70750,690.0,No,Yes,Approved,860.4,1434,3,Applicant provided pay stubs.
4595,5723086,1728,2022-09-13,Student,211087,,No,Yes,Denied,4873.44,7384,5,
4596,5723439,1039,2021-11-04,Student,109520,754.0,Yes,No,Approved,1944.6,3241,5,
4597,5725510,1733,2023-09-28,Part-Time,237070,699.0,No,No,Pending,6395.4,10659,4,Renewal case.
4598,5726295,128,,Retired,276836,682.0,No,No,Denied,7369.92,7677,3,Referred by agent.
4599,5726388,555,2022-12-06,Unemployed,46032,751.0,No,No,Approved,1896.0,3160,2,docs expired
4600,5728407,1003,2024-06-18,Full-Time,322381,808.0,No,No,Denied,7338.24,8736,5,
4601,5730864,529,2021-01-11,Self-Employed,245510,816.0,No,No,Denied,2934.36,3762,4,Applicant provided pay stubs.
4602,5732979,655,2023-02-11,Unemployed,273941,760.0,No,Yes,Approved,3233.16,3849,3,Referred by agent.
4603,5734812,373,2020-10-23,Contract,210291,716.0,No,Yes,Approved,6396.0,8200,4,income verified via Plaid
4604,5737402,292,2022-10-05,Self-Employed,169782,411.0,No,No,Withdrawn,575.4,959,2,Flagged for manual review.
4605,5737635,674,2023-06-09,Full-Time,126357,820.0,Yes,No,Approved,2955.48,4478,3,
4606,5737731,1725,2021-03-27,Contract,242261,821.0,No,No,Approved,5043.6,8406,4,income verified via Plaid
4607,5738703,295,2023-07-25,Retired,150255,734.0,No,Yes,Denied,3129.0,5215,2,
4608,5739254,1512,2020-03-11,Retired,97145,680.0,No,Yes,Approved,1744.2,2907,4,Renewal case.
4609,5739652,594,2022-07-19,Self-Employed,131997,829.0,No,No,Approved,759.6,1266,4,Renewal case.
4610,5741656,285,2022-08-03,Full-Time,87535,591.0,No,No,Approved,2010.6,3351,5,
4611,5742462,627,2024-07-08,Part-Time,86390,725.0,No,No,Approved,3791.76,4514,3,Missing bank statements.
4612,5742590,1764,2021-06-15,Student,120972,733.0,No,Yes,Approved,3289.2,5482,5,income verified via Plaid
4613,5747150,1725,2023-10-12,Self-Employed,208270,828.0,No,No,Under Review,8069.76,8406,1,
4614,5747399,1781,2023-07-04,Part-Time,170349,802.0,No,Yes,Under Review,2252.16,0,2,Applicant provided pay stubs.
4615,5752128,198,2022-08-24,Contract,92170,,No,No,Denied,3139.92,3738,2,.
4616,5752203,164,2021-03-27,Unemployed,139388,627.0,No,No,Approved,2333.52,2778,5,
4617,5752391,1761,2020-06-17,Full-Time,126939,422.0,No,No,Denied,7926.72,8257,1,.
4618,5752422,180,2020-02-15,Student,232127,,No,No,Approved,1674.12,1993,5,Referred by agent.
4619,5752483,1105,,Part-Time,129454,824.0,No,No,Denied,797.28,1208,3,Referred by agent.
4620,5752766,617,2020-04-02,Part-Time,165197,,No,Yes,Pending,2549.04,3268,5,
4621,5753785,132,2021-10-23,Unemployed,57615,797.0,Yes,No,Approved,1535.52,1828,3,Applicant provided pay stubs.
4622,5754283,118,2024-06-23,Full-Time,79837,754.0,No,No,Approved,5903.52,7028,3,docs expired
4623,5754691,1465,2023-12-20,Student,93567,,No,Yes,Approved,2572.8,2680,4,Co-signer pending review.
4624,5755750,1016,,Full-Time,198976,789.0,No,No,Withdrawn,5998.44,7141,3,
4625,5758621,329,2022-06-07,Contract,161237,646.0,No,Yes,Denied,1704.0,2840,2,.
4626,5759411,1195,2022-12-11,Full-Time,72217,813.0,No,No,Denied,2632.2,4387,2,
4627,5759527,1030,2020-03-14,Student,180557,782.0,Yes,Yes,Approved,890.4,1484,4,Flagged for manual review.
4628,5763081,1068,2021-03-15,Self-Employed,189822,696.0,No,No,Pending,3213.0,5355,1,docs expired
4629,5767610,1014,2024-11-29,Self-Employed,174151,803.0,No,No,Approved,7123.2,7420,1,Flagged for manual review.
4630,5767867,33,2023-05-10,Retired,157154,774.0,No,Yes,Denied,865.8,1110,3,.
4631,5769248,1506,2022-06-06,Contract,275022,726.0,No,No,Approved,2103.36,2191,3,Renewal case.
4632,5770246,866,,Part-Time,57774,780.0,No,Yes,Withdrawn,2376.0,2475,3,
4633,5771969,1463,2020-12-10,Self-Employed,720000,,No,No,Under Review,2106.0,3510,3,
4634,5772814,1406,2022-01-10,Contract,22630,588.0,No,No,Withdrawn,2835.3,3635,4,Co-signer pending review.
4635,5775751,1758,2024-03-27,Part-Time,172058,,No,No,Under Review,3611.4,6019,1,Renewal case.
4636,5777632,74,2022-08-04,Part-Time,139818,775.0,No,No,Approved,6569.64,9954,4,Co-signer pending review.
4637,5781138,57,2024-01-26,Full-Time,115070,778.0,No,No,Approved,5987.52,6237,4,
4638,5781562,1006,2024-07-22,Self-Employed,165053,724.0,No,Yes,Denied,3943.8,4695,4,
4639,5782109,323,2024-01-23,Contract,208689,707.0,No,Yes,Approved,5037.48,5997,3,Applicant follow-up needed
4640,5785294,435,2024-06-08,Contract,149967,746.0,No,No,Approved,1350.18,1731,3,Applicant provided pay stubs.
4641,5786061,725,2024-03-12,Self-Employed,130988,629.0,No,No,Approved,1495.68,1558,1,
4642,5788056,1421,2022-09-19,Unemployed,312010,376.0,Yes,No,Approved,2304.72,3492,1,income verified via Plaid
4643,5788574,1090,,Part-Time,181036,740.0,Yes,No,Denied,3282.6,5471,4,
4644,5789472,319,2021-11-04,Self-Employed,119200,,No,No,Approved,2206.62,2829,5,income verified via Plaid
4645,5789536,1215,2023-08-27,Contract,53511,747.0,No,Yes,Denied,2452.32,3144,1,Applicant follow-up needed
4646,5791257,608,2020-11-19,Full-Time,186643,744.0,No,Yes,Approved,2620.2,4367,1,Flagged for manual review.
4647,5792259,1264,2020-07-31,Retired,224321,792.0,Yes,No,Withdrawn,2424.24,3108,3,Applicant follow-up needed
4648,5792521,175,2024-11-06,Contract,122128,709.0,No,Yes,Denied,4383.72,6642,5,
4649,5793787,864,,Student,123983,782.0,No,No,Approved,8069.76,8406,1,Flagged for manual review.
4650,5795331,630,2021-12-25,Full-Time,172290,597.0,No,No,Approved,1171.5,1775,3,Applicant provided pay stubs.
4651,5796328,569,2022-05-29,Self-Employed,102805,711.0,No,Yes,Denied,5338.74,8089,3,.
4652,5799889,1605,2023-06-26,Unemployed,171425,510.0,No,No,Withdrawn,1728.0,2880,2,Co-signer pending review.
4653,5800977,159,2022-03-10,Unemployed,46270,789.0,No,Yes,Approved,664.8,1108,1,
4654,5801776,383,2021-10-31,Retired,37069,725.0,No,No,Under Review,2846.4,2965,4,Applicant provided pay stubs.
4655,5802176,1525,2022-02-15,Unemployed,74360,768.0,No,No,Denied,2598.18,3331,2,income verified via Plaid
4656,5802866,753,2021-08-13,Part-Time,90087,697.0,No,Yes,Under Review,1626.0,2710,5,
4657,5803029,5,2024-07-28,Full-Time,201565,726.0,No,No,Approved,3274.32,3898,2,Missing bank statements.
4658,5803179,1386,2024-01-26,Part-Time,175314,661.0,No,Yes,Withdrawn,2358.84,3574,5,income verified via Plaid
4659,5803333,1189,2020-02-02,Self-Employed,119294,786.0,No,No,Pending,2567.4,4279,5,
4660,5804110,747,2024-01-24,Full-Time,231642,618.0,No,Yes,Approved,2506.56,2611,5,income verified via Plaid
4661,5804704,1077,2021-03-12,Student,211918,350.0,No,No,Under Review,1575.6,2020,2,Co-signer pending review.
4662,5805992,1421,2021-04-03,Contract,181177,703.0,No,Yes,Pending,2304.72,3492,5,Flagged for manual review.
4663,5806314,1067,2023-06-26,Student,56892,740.0,Yes,Yes,Denied,2258.88,2896,5,Applicant provided pay stubs.
4664,5808002,1523,2021-12-16,Retired,144487,,No,No,Denied,6349.98,8141,3,Flagged for manual review.
4665,5808299,526,2023-10-01,Student,210750,758.0,No,No,Withdrawn,2789.28,3576,1,Missing bank statements.
4666,5808315,1098,,Self-Employed,106942,707.0,No,Yes,Approved,3255.84,3876,3,Renewal case.
4667,5809622,1244,2023-10-12,Full-Time,88740,662.0,No,Yes,Withdrawn,4965.0,8275,5,Applicant provided pay stubs.
4668,5810486,136,2022-09-22,Student,148073,822.0,No,Yes,Under Review,784.8,1308,2,Co-signer pending review.
4669,5810786,556,2022-12-29,Part-Time,70240,768.0,No,No,Approved,2850.96,3394,2,Referred by agent.
4670,5814647,702,2021-08-21,Retired,259489,796.0,Yes,No,Pending,1036.56,1234,3,Co-signer pending review.
4671,5815254,1147,2021-02-12,Self-Employed,92220,729.0,No,No,Approved,1395.0,2325,4,Renewal case.
4672,5815513,1012,2022-04-12,Student,236489,744.0,No,No,Pending,3735.48,4447,4,Referred by agent.
4673,5817716,933,2021-09-06,Unemployed,209989,,No,No,Pending,1343.16,1722,3,Flagged for manual review.
4674,5819644,1462,2023-02-12,Part-Time,219308,648.0,No,Yes,Approved,927.0,1545,1,
4675,5819828,1046,2023-04-13,Self-Employed,29015,785.0,No,No,Approved,1225.92,1277,5,.
4676,5819960,77,2023-05-05,Contract,193423,667.0,No,Yes,Under Review,1135.86,1721,4,
4677,5820314,101,2023-12-12,Full-Time,142042,830.0,Yes,No,Denied,2247.18,2881,1,.
4678,5822949,1367,2021-03-24,Retired,223765,612.0,No,No,Withdrawn,741.6,1236,3,Renewal case.
4679,5826252,1186,,Unemployed,28609,712.0,No,No,Approved,3361.8,5603,2,income verified via Plaid
4680,5826942,559,2024-02-22,Retired,202500,,No,No,Approved,1586.76,1889,3,docs expired
4681,5828699,1343,2023-05-05,Self-Employed,205441,809.0,No,No,Under Review,927.6,1546,4,
4682,5829928,1749,2021-07-12,Retired,63368,352.0,No,No,Under Review,1830.84,0,5,Referred by agent.
4683,5830341,1667,2023-11-23,Full-Time,26382,695.0,No,No,Approved,4618.56,4811,3,Missing bank statements.
4684,5830541,1110,2020-03-18,Contract,148448,748.0,Yes,Yes,Approved,1372.14,2079,1,Flagged for manual review.
4685,5831478,1538,2021-12-18,Part-Time,299945,,No,Yes,Pending,1032.0,1720,1,Applicant follow-up needed
4686,5831990,1512,2020-06-25,Unemployed,74720,735.0,Yes,Yes,Denied,2441.88,2907,2,
4687,5832210,119,2021-06-13,Part-Time,221104,710.0,Yes,No,Denied,4598.4,4790,2,Flagged for manual review.
4688,5832759,1695,2021-08-09,Student,36171,735.0,Yes,Yes,Under Review,3364.02,5097,2,Renewal case.
4689,5833340,561,2021-05-29,Self-Employed,9335,583.0,Yes,No,Pending,1638.72,1707,5,Applicant provided pay stubs.
4690,5834548,1576,2021-02-24,Self-Employed,18055,642.0,No,Yes,Withdrawn,3822.06,5791,5,income verified via Plaid
4691,5835291,492,2024-10-05,Contract,125473,766.0,No,Yes,Under Review,1233.12,1468,5,.
4692,5838505,1675,2021-05-21,Student,234256,659.0,No,No,Approved,1310.76,1986,5,docs expired
4693,5838988,419,2021-10-19,Student,22550,674.0,No,No,Under Review,1616.16,1924,2,
4694,5840018,99,2023-01-31,Retired,70501,730.0,No,No,Approved,2491.32,3194,1,Applicant provided pay stubs.
4695,5841525,980,2023-11-25,Retired,241894,661.0,No,No,Approved,1589.76,1656,1,docs expired
4696,5842160,276,2024-06-02,Self-Employed,24162,772.0,No,Yes,Approved,798.72,832,5,
4697,5845021,750,2020-02-22,Part-Time,175411,817.0,No,No,Approved,3043.56,3902,5,docs expired
4698,5845926,804,2024-07-21,Contract,34420,681.0,No,No,Withdrawn,3030.72,3157,4,Referred by agent.
4699,5846004,1118,2021-08-05,Self-Employed,141208,590.0,No,Yes,Approved,1648.08,1962,1,Renewal case.
4700,5847089,1459,2022-05-05,Full-Time,229858,831.0,No,Yes,Withdrawn,1993.86,3021,4,docs expired
4701,5847589,447,,Self-Employed,93349,582.0,No,No,Approved,3751.8,4810,2,Flagged for manual review.
4702,5848606,251,2022-08-07,Self-Employed,185422,317.0,No,Yes,Pending,1191.96,1419,3,Co-signer pending review.
4703,5848647,1210,2023-06-03,Full-Time,41406,680.0,No,Yes,Under Review,2283.84,2928,1,Referred by agent.
4704,5850870,241,2020-03-13,Part-Time,169154,670.0,No,No,Approved,1406.46,2131,4,
4705,5853137,1211,2022-04-17,Retired,54280,649.0,No,Yes,Denied,1673.28,1743,5,
4706,5853454,863,2024-06-26,Retired,140648,675.0,No,Yes,Pending,979.68,1256,2,Referred by agent.
4707,5855638,1596,2020-01-19,Contract,158918,752.0,Yes,No,Approved,6676.32,7948,4,Referred by agent.
4708,5855927,1604,2021-02-13,Contract,47727,,No,No,Under Review,2927.4,4879,3,
4709,5856723,851,2024-07-24,Part-Time,140568,776.0,No,No,Denied,1179.6,1966,4,income verified via Plaid
4710,5860484,1221,2024-08-09,Self-Employed,209402,690.0,No,Yes,Under Review,5055.96,6019,1,
4711,5860790,1622,2024-12-21,Self-Employed,209282,837.0,No,No,Pending,1770.78,2683,3,Referred by agent.
4712,5860834,802,2023-01-22,Self-Employed,97566,679.0,No,Yes,Approved,2556.48,2663,1,Missing bank statements.
4713,5863946,1444,2021-03-13,Retired,84736,691.0,No,No,Denied,907.5,1375,5,Missing bank statements.
4714,5866148,1347,2020-09-15,Retired,66101,745.0,No,Yes,Pending,483.0,805,2,Renewal case.
4715,5867283,1222,2021-09-19,Student,67889,681.0,No,No,Denied,2532.66,3247,4,.
4716,5868017,939,2022-12-05,Part-Time,162832,840.0,No,No,Approved,1872.78,2401,3,
4717,5868454,1087,2024-03-23,Contract,233897,742.0,No,No,Under Review,5269.32,6273,5,income verified via Plaid
4718,5869646,1776,2023-10-09,Retired,185536,783.0,No,No,Pending,2976.48,3816,2,
4719,5870179,1250,2023-04-13,Unemployed,198137,739.0,Yes,No,Approved,3193.68,3802,2,
4720,5872047,1536,,Contract,117477,759.0,No,Yes,Approved,3011.58,4563,3,Flagged for manual review.
4721,5872474,249,2021-09-16,Unemployed,46910,760.0,No,No,Approved,4014.72,4182,3,Flagged for manual review.
4722,5873041,448,2024-10-28,Contract,121680,813.0,No,No,Denied,1390.62,2107,3,.
4723,5874200,149,2023-02-16,Part-Time,35716,,No,Yes,Denied,1650.24,1719,3,income verified via Plaid
4724,5874458,55,2023-02-07,Self-Employed,221430,836.0,No,Yes,Denied,1194.6,1810,5,Renewal case.
4725,5875434,654,2020-01-25,Retired,77830,751.0,No,Yes,Withdrawn,2968.32,3092,5,Missing bank statements.
4726,5876476,1750,2023-01-17,Retired,12588,697.0,No,No,Approved,7835.52,9328,3,Flagged for manual review.
4727,5876687,845,,Part-Time,19804,693.0,No,No,Pending,3586.8,5978,4,Co-signer pending review.
4728,5879492,1781,2021-01-13,Full-Time,71938,804.0,No,Yes,Approved,1548.36,2346,2,Renewal case.
4729,5880177,579,2022-07-12,Self-Employed,33278,768.0,No,No,Pending,3513.0,5855,2,income verified via Plaid
4730,5881135,85,2023-01-20,Full-Time,111020,784.0,No,No,Approved,1023.0,1550,5,.
4731,5881436,1765,2021-04-10,Self-Employed,200852,749.0,Yes,Yes,Denied,3396.96,4044,1,Applicant follow-up needed
4732,5881958,1499,2020-05-01,Retired,164166,700.0,No,No,Approved,3115.2,3245,5,Co-signer pending review.
4733,5882848,637,2020-07-10,Retired,226804,720.0,No,No,Pending,2150.28,3258,5,.
4734,5883278,215,2022-03-04,Retired,95571,665.0,No,No,Denied,691.08,886,1,
4735,5884798,1233,2023-12-08,Self-Employed,321556,764.0,No,No,Approved,2248.68,2677,2,Referred by agent.
4736,5886099,252,2024-05-07,Retired,294157,730.0,No,No,Approved,1089.0,1650,5,Applicant provided pay stubs.
4737,5886975,324,2023-09-29,Contract,140047,769.0,Yes,No,Denied,1887.6,3146,3,docs expired
4738,5888575,1497,2022-09-03,Self-Employed,33274,742.0,No,Yes,Approved,1795.08,2137,2,.
4739,5888880,1710,2021-08-14,Student,93137,724.0,No,No,Under Review,5437.44,5664,2,Referred by agent.
4740,5889925,837,2021-05-26,Retired,158996,773.0,No,No,Denied,3633.3,5505,5,docs expired
4741,5890928,2,2023-05-01,Retired,118254,704.0,Yes,Yes,Approved,2588.04,3081,4,
4742,5891684,1106,2020-07-01,Part-Time,191372,,No,Yes,Pending,1068.48,1272,1,Co-signer pending review.
4743,5891847,325,2022-04-18,Contract,76119,,No,No,Pending,971.04,1156,1,
4744,5892015,926,2022-07-31,Student,191857,,No,No,Pending,5477.64,6521,4,Applicant provided pay stubs.
4745,5892036,217,2021-05-07,Contract,208329,628.0,No,Yes,Denied,2075.4,3459,4,.
4746,5896651,1270,2021-09-12,Full-Time,232532,645.0,No,No,Approved,4475.52,5328,1,.
4747,5897326,1446,2023-02-27,Self-Employed,14238,764.0,No,No,Pending,2893.02,3709,3,
4748,5898478,747,2021-02-21,Retired,149118,616.0,No,Yes,Approved,2506.56,2611,3,.
4749,5902878,950,2022-04-10,Part-Time,18475,705.0,No,No,Pending,3475.92,4138,4,
4750,5904285,1436,2020-12-11,Part-Time,108796,823.0,No,No,Under Review,5583.36,5816,5,Flagged for manual review.
4751,5905073,1606,2022-12-29,Unemployed,7768,789.0,Yes,No,Approved,2903.34,4399,2,
4752,5907580,987,2021-04-05,Full-Time,203248,739.0,No,Yes,Denied,4409.34,5653,3,.
4753,5907820,1438,2021-09-10,Self-Employed,92387,676.0,No,Yes,Withdrawn,2830.8,3370,5,Applicant provided pay stubs.
4754,5910566,809,2021-08-06,Student,223897,802.0,No,Yes,Approved,1213.8,1445,5,Flagged for manual review.
4755,5912611,1068,2021-06-22,Contract,156800,617.0,No,Yes,Denied,5140.8,5355,5,docs expired
4756,5912746,1555,2020-09-29,Unemployed,162034,617.0,No,No,Withdrawn,831.6,990,1,Referred by agent.
4757,5913709,583,2020-12-29,Self-Employed,110270,671.0,No,No,Withdrawn,2317.26,3511,3,
4758,5913975,380,2020-01-03,Retired,114763,,No,No,Denied,5001.6,5210,5,income verified via Plaid
4759,5914345,704,2021-05-25,Student,148703,846.0,No,Yes,Pending,3455.76,4114,2,
4760,5915065,16,2022-09-03,Retired,222116,612.0,No,No,Denied,1400.52,2122,3,
4761,5915472,313,2021-12-05,Full-Time,158190,743.0,No,No,Under Review,2033.46,2607,1,
4762,5916964,75,2021-09-18,Self-Employed,116579,717.0,No,Yes,Approved,7172.76,8539,2,Co-signer pending review.
4763,5918046,669,2021-11-01,Unemployed,209424,785.0,No,No,Approved,627.12,804,3,
4764,5918058,974,,Part-Time,177912,,No,No,Approved,4557.0,5425,1,Applicant follow-up needed
4765,5918104,1195,2024-03-19,Part-Time,121860,757.0,No,No,Approved,2632.2,4387,5,
4766,5919120,1460,2024-10-25,Self-Employed,176305,753.0,Yes,No,Pending,2409.66,3651,2,Referred by agent.
4767,5919229,1451,2023-05-25,Full-Time,76095,781.0,No,No,Approved,2750.22,4167,3,Co-signer pending review.
4768,5919262,440,2022-12-31,Student,54914,748.0,No,Yes,Pending,3829.44,3989,5,Renewal case.
4769,5920524,609,2020-11-04,Part-Time,133262,732.0,No,No,Approved,4434.3,5685,5,
4770,5922583,1751,2021-12-27,Self-Employed,238117,423.0,No,Yes,Approved,1046.64,1246,5,docs expired
4771,5922660,903,2023-04-15,Unemployed,50979,317.0,Yes,No,Denied,3716.16,4424,2,Co-signer pending review.
4772,5923825,1130,2023-11-29,Full-Time,196666,646.0,No,No,Approved,4717.44,0,5,Referred by agent.
4773,5924353,1359,2024-02-15,Unemployed,209275,,No,No,Approved,2226.6,3711,4,income verified via Plaid
4774,5925477,497,2024-11-15,Part-Time,71628,562.0,No,Yes,Under Review,2639.52,3384,4,Missing bank statements.
4775,5925761,1724,2022-07-31,Student,56056,765.0,No,No,Approved,516.6,861,2,
4776,5927354,181,2022-09-25,Full-Time,95847,535.0,No,No,Denied,601.26,911,5,Co-signer pending review.
4777,5927751,241,2022-04-02,Student,37524,685.0,No,Yes,Approved,1278.6,2131,2,Applicant provided pay stubs.
4778,5928395,361,2022-09-15,Contract,233227,487.0,Yes,Yes,Approved,3563.28,4242,2,Applicant follow-up needed
4779,5929019,343,2023-03-11,Part-Time,79104,543.0,No,No,Denied,1587.6,2646,4,
4780,5929329,762,2024-06-10,Self-Employed,62457,656.0,No,No,Approved,1038.18,1331,2,Renewal case.
4781,5929357,889,2020-11-07,Self-Employed,166586,735.0,No,Yes,Denied,4310.4,4490,3,Referred by agent.
4782,5930903,758,,Retired,194621,721.0,Yes,No,Denied,1634.88,2096,5,
4783,5933756,154,2023-06-17,Full-Time,12911,692.0,No,No,Pending,1078.74,1383,1,
4784,5935163,802,2020-05-16,Part-Time,115810,744.0,No,Yes,Approved,1456.62,2207,5,income verified via Plaid
4785,5935784,275,2022-09-20,Unemployed,315789,716.0,No,No,Approved,1008.0,1680,5,Applicant follow-up needed
4786,5937719,1746,2022-11-21,Contract,232956,741.0,Yes,Yes,Denied,2659.2,2770,3,income verified via Plaid
4787,5938065,1444,2024-04-22,Contract,74221,845.0,No,No,Approved,1072.5,1375,2,Co-signer pending review.
4788,5939162,1092,2023-06-07,Student,59031,397.0,No,No,Pending,5248.32,7952,5,.
4789,5943360,116,2021-11-02,Unemployed,170919,759.0,No,No,Approved,3610.56,3761,5,Flagged for manual review.
4790,5944142,57,2022-04-28,Contract,67634,583.0,Yes,Yes,Denied,3742.2,6237,3,
4791,5945451,1564,2024-10-30,Unemployed,98153,679.0,No,No,Pending,2903.16,3722,5,
4792,5948410,1634,2023-07-04,Full-Time,188275,616.0,No,Yes,Denied,7798.08,8123,2,.
4793,5949096,866,,Self-Employed,314884,583.0,No,Yes,Approved,1930.5,2475,5,.
4794,5949540,1603,2020-11-01,Retired,156016,779.0,No,No,Approved,2712.36,3229,4,
4795,5949597,608,2020-06-26,Retired,34871,,No,Yes,Denied,3406.26,4367,1,Renewal case.
4796,5949759,320,2024-06-25,Self-Employed,224424,762.0,No,Yes,Pending,2719.68,2833,4,income verified via Plaid
4797,5950048,467,,Self-Employed,204239,753.0,Yes,No,Denied,6529.38,8371,2,Applicant provided pay stubs.
4798,5950788,1646,,Part-Time,122052,685.0,No,No,Denied,4638.48,7028,2,Flagged for manual review.
4799,5951436,1314,2020-11-01,Student,222600,832.0,Yes,No,Pending,3917.76,4081,5,docs expired
4800,5952627,1175,2021-03-02,Contract,266741,314.0,No,No,Approved,4192.2,6987,2,Missing bank statements.
4801,5952995,1617,2024-05-20,Part-Time,87738,594.0,Yes,Yes,Approved,489.0,815,1,income verified via Plaid
4802,5954542,1042,2023-05-13,Unemployed,223871,703.0,Yes,No,Withdrawn,1824.42,2339,2,.
4803,5955951,1352,2024-01-18,Student,71667,692.0,Yes,No,Approved,1774.92,2113,1,Missing bank statements.
4804,5956187,1138,2023-12-17,Student,80442,685.0,No,No,Pending,3224.1,4885,2,Co-signer pending review.
4805,5960371,1780,2020-07-05,Self-Employed,92961,671.0,No,No,Approved,4986.0,8310,2,Applicant follow-up needed
4806,5961228,1218,2021-05-12,Retired,63054,765.0,No,No,Approved,6345.36,7554,5,Flagged for manual review.
4807,5961450,952,2020-03-12,Part-Time,73036,,No,Yes,Denied,1025.64,1554,2,Applicant provided pay stubs.
4808,5963760,1464,2024-11-24,Full-Time,177504,718.0,No,Yes,Withdrawn,2475.0,3750,1,docs expired
4809,5964747,632,2023-03-29,Contract,285665,666.0,No,Yes,Denied,4736.94,6073,4,Referred by agent.
4810,5966580,1142,2020-02-21,Retired,189085,776.0,No,Yes,Approved,3949.92,5064,5,.
4811,5967416,1776,2023-11-21,Retired,82766,393.0,No,Yes,Under Review,2976.48,3816,5,Applicant provided pay stubs.
4812,5968199,1267,2020-06-08,Contract,200949,674.0,No,No,Approved,4084.92,4863,3,Referred by agent.
4813,5968354,844,2021-09-22,Part-Time,5757,,No,No,Withdrawn,2456.52,3722,3,
4814,5969011,1082,2023-02-16,Retired,61829,466.0,No,Yes,Under Review,1079.52,1384,3,
4815,5970860,257,2022-12-05,Part-Time,116902,806.0,No,Yes,Denied,3283.02,4209,4,Applicant provided pay stubs.
4816,5971190,1729,2023-04-26,Part-Time,51270,670.0,Yes,Yes,Denied,497.4,829,1,Applicant follow-up needed
4817,5972081,956,2022-11-09,Contract,279832,841.0,No,Yes,Denied,2290.86,3471,2,
4818,5972154,491,2021-01-25,Part-Time,111610,783.0,No,Yes,Approved,2395.14,3629,3,Referred by agent.
4819,5974076,740,2021-03-18,Retired,114396,814.0,No,No,Denied,1615.8,2693,5,Applicant provided pay stubs.
4820,5975068,1283,2021-06-07,Contract,713000,,No,Yes,Under Review,10184.64,10609,2,Co-signer pending review.
4821,5977405,258,2024-10-25,Part-Time,186942,,No,No,Pending,1636.2,2727,2,
4822,5977418,1347,2020-08-16,Full-Time,113515,581.0,No,No,Approved,627.9,805,1,
4823,5978600,88,2021-11-30,Full-Time,172855,614.0,No,No,Denied,1528.8,1960,4,Referred by agent.
4824,5979032,203,2021-05-25,Full-Time,140241,705.0,No,No,Withdrawn,1319.4,2199,3,Co-signer pending review.
4825,5979471,1195,2020-05-30,Student,109428,694.0,Yes,No,Pending,4211.52,4387,5,
4826,5980163,770,2023-09-27,Unemployed,247402,,No,No,Denied,5483.28,8308,5,income verified via Plaid
4827,5987413,1059,2021-01-03,Unemployed,218325,825.0,No,No,Pending,2021.4,3369,4,income verified via Plaid
4828,5987876,445,2023-09-23,Self-Employed,51320,619.0,No,No,Denied,1385.16,1649,4,income verified via Plaid
4829,5988889,1683,2024-02-19,Retired,239573,830.0,No,Yes,Denied,4670.4,4865,4,Flagged for manual review.
4830,5991891,1133,2021-06-29,Part-Time,41370,,No,Yes,Pending,709.5,1075,3,docs expired
4831,5993523,338,2023-04-11,Unemployed,85436,780.0,Yes,Yes,Approved,2562.6,4271,4,Applicant provided pay stubs.
4832,5996216,1017,2024-03-12,Self-Employed,134488,667.0,No,No,Approved,2640.0,4400,5,Applicant provided pay stubs.
4833,5997374,1078,2021-04-27,Contract,225154,735.0,No,Yes,Withdrawn,2381.34,3053,5,
4834,6002176,494,2023-12-27,Student,242516,649.0,No,No,Approved,5726.4,5965,1,Applicant follow-up needed
4835,6002977,716,2021-02-23,Retired,193698,730.0,No,No,Approved,2434.32,2898,5,
4836,6007601,524,2021-05-23,Part-Time,217324,661.0,Yes,No,Denied,2808.78,3601,1,
4837,6010192,1103,2022-11-20,Self-Employed,129692,812.0,No,Yes,Pending,1146.6,1470,1,
4838,6010699,1383,2021-08-27,Full-Time,133105,841.0,Yes,Yes,Approved,1834.8,3058,5,income verified via Plaid
4839,6011842,804,2023-04-16,Full-Time,231194,792.0,No,Yes,Denied,2462.46,3157,4,Applicant provided pay stubs.
4840,6015450,1313,2022-11-08,Self-Employed,248819,496.0,No,No,Withdrawn,2246.4,2340,5,Applicant follow-up needed
4841,6015715,1638,2022-04-15,Full-Time,150118,738.0,Yes,Yes,Approved,6319.8,10533,2,Missing bank statements.
4842,6018022,1306,2023-03-09,Contract,201426,769.0,No,No,Under Review,1639.68,1952,1,
4843,6018401,635,2024-01-27,Unemployed,94149,734.0,No,No,Denied,3010.2,5017,2,
4844,6018812,427,2021-05-14,Student,246661,,No,No,Pending,1102.2,1670,2,
4845,6019811,96,2022-02-10,Self-Employed,246604,812.0,No,Yes,Denied,2821.26,3617,1,
4846,6020221,687,2023-10-25,Retired,213315,715.0,No,No,Approved,7525.44,7839,4,Referred by agent.
4847,6021487,162,2020-06-02,Part-Time,20419,803.0,Yes,Yes,Approved,1141.44,1189,2,Applicant provided pay stubs.
4848,6021998,682,2024-07-01,Full-Time,15560,797.0,No,Yes,Approved,6602.88,6878,4,Referred by agent.
4849,6023850,759,2020-08-09,Student,140507,589.0,Yes,No,Approved,4716.6,7861,2,Referred by agent.
4850,6026360,1328,2024-05-10,Self-Employed,80611,761.0,No,No,Approved,4447.56,5702,4,Missing bank statements.
4851,6026373,589,2023-03-06,Retired,47871,,No,Yes,Approved,2052.96,2632,4,docs expired
4852,6027413,750,2023-12-07,Part-Time,134921,581.0,No,Yes,Denied,2341.2,3902,2,docs expired
4853,6027864,41,2021-06-04,Self-Employed,105119,679.0,Yes,Yes,Approved,750.6,1251,5,Renewal case.
4854,6030822,1440,2021-10-22,Part-Time,287134,749.0,No,No,Approved,1547.52,1612,3,
4855,6031765,1691,2024-09-17,Self-Employed,180017,785.0,No,No,Pending,1142.4,1904,2,Flagged for manual review.
4856,6033477,1174,2022-12-16,Unemployed,128076,670.0,No,Yes,Approved,2240.94,2873,4,
4857,6034103,7,2022-10-22,Self-Employed,795000,828.0,No,No,Denied,2482.56,2586,4,Renewal case.
4858,6036950,1500,2021-08-17,Unemployed,158841,,No,Yes,Approved,3187.86,4087,2,Referred by agent.
4859,6038933,250,2022-07-27,Part-Time,97592,799.0,No,Yes,Approved,1369.2,1630,5,
4860,6040461,343,2020-03-02,Part-Time,158222,816.0,No,No,Approved,1587.6,2646,2,
4861,6040472,926,2022-02-03,Unemployed,122874,349.0,No,Yes,Approved,6260.16,6521,3,
4862,6041591,1656,2023-05-15,Student,127699,,No,No,Pending,1735.14,2629,4,income verified via Plaid
4863,6042365,1246,2020-10-15,Part-Time,172612,720.0,No,No,Approved,1367.4,2279,3,Missing bank statements.
4864,6042437,1176,2020-12-04,Contract,119255,337.0,No,No,Denied,1410.24,1808,4,Renewal case.
4865,6043031,844,2021-03-13,Self-Employed,18467,638.0,No,Yes,Approved,3573.12,3722,5,.
4866,6043254,266,2021-08-18,Student,228514,767.0,Yes,No,Under Review,2589.12,2697,5,.
4867,6044368,751,2020-05-14,Self-Employed,103147,609.0,No,Yes,Pending,1654.38,2121,3,Applicant provided pay stubs.
4868,6044590,1726,2024-07-24,Student,172984,738.0,No,Yes,Denied,2998.8,3570,5,Applicant provided pay stubs.
4869,6048428,100,2020-10-17,Self-Employed,226008,739.0,No,Yes,Denied,1480.2,2467,2,income verified via Plaid
4870,6048429,1331,2020-07-17,Self-Employed,93368,676.0,No,No,Denied,3395.28,4042,2,Renewal case.
4871,6049858,732,2021-12-01,Self-Employed,168374,436.0,No,Yes,Denied,2643.48,3147,4,income verified via Plaid
4872,6050174,1240,2024-10-08,Unemployed,45287,702.0,No,Yes,Pending,3028.2,5047,4,Missing bank statements.
4873,6054758,1301,2023-09-02,Part-Time,240030,649.0,Yes,Yes,Approved,2027.52,2112,4,Renewal case.
4874,6055786,894,2020-07-05,Retired,90348,781.0,No,Yes,Under Review,1732.5,2625,4,Applicant follow-up needed
4875,6055986,1168,2024-04-28,Self-Employed,190136,583.0,No,No,Pending,4011.0,4775,3,
4876,6056189,1420,2024-07-16,Part-Time,26244,,No,Yes,Approved,3012.24,4564,3,
4877,6057674,1529,2020-12-25,Student,125289,675.0,No,Yes,Pending,3550.56,4552,1,.
4878,6060159,1106,2023-07-23,Part-Time,102852,,No,Yes,Denied,1068.48,1272,5,income verified via Plaid
4879,6061388,22,2021-06-18,Contract,106400,745.0,No,Yes,Approved,1513.98,1941,5,
4880,6061498,790,2020-07-11,Full-Time,91073,830.0,No,Yes,Approved,5011.44,5966,3,Flagged for manual review.
4881,6063381,1443,2024-01-29,Full-Time,157009,748.0,Yes,No,Denied,1557.36,1854,4,Referred by agent.
4882,6063698,771,2024-10-22,Student,67357,733.0,No,No,Pending,1733.4,2889,2,
4883,6066735,1671,2023-12-12,Part-Time,165564,731.0,No,No,Denied,3282.72,3908,5,
4884,6069229,631,2022-12-25,Retired,5122,,No,Yes,Pending,1188.6,1981,4,docs expired
4885,6069462,206,2021-06-12,Self-Employed,151264,,No,No,Denied,2157.6,3596,4,Applicant provided pay stubs.
4886,6069739,1319,2020-03-14,Self-Employed,224080,,No,Yes,Under Review,2568.96,2676,3,
4887,6069827,285,2021-04-25,Self-Employed,226106,654.0,No,No,Approved,3216.96,0,1,Applicant follow-up needed
4888,6070092,546,2020-04-05,Self-Employed,196202,737.0,No,Yes,Denied,1929.48,2297,2,
4889,6070197,851,2021-12-29,Student,33799,590.0,No,No,Under Review,1179.6,0,4,.
4890,6081285,646,2024-02-02,Self-Employed,51375,,No,Yes,Approved,2747.52,2862,5,Referred by agent.
4891,6081959,1350,2020-12-12,Part-Time,226176,762.0,Yes,No,Approved,2931.72,4442,1,Co-signer pending review.
4892,6082308,389,2023-01-05,Full-Time,94705,720.0,No,No,Approved,5531.52,5762,1,
4893,6082733,1472,2021-06-10,Student,201643,759.0,No,No,Approved,6578.88,6853,4,Referred by agent.
4894,6083188,533,2023-03-07,Unemployed,54827,652.0,No,No,Pending,2938.56,3061,5,
4895,6084349,427,2024-02-12,Contract,135313,630.0,Yes,No,Denied,1302.6,1670,3,Renewal case.
4896,6085278,513,2023-05-06,Self-Employed,40601,605.0,No,Yes,Under Review,2200.8,2620,4,Missing bank statements.
4897,6086729,198,2021-11-27,Student,148803,705.0,No,Yes,Withdrawn,3588.48,3738,1,Applicant provided pay stubs.
4898,6089936,970,2021-09-17,Retired,721000,722.0,No,No,Approved,2628.48,0,4,.
4899,6090163,289,2023-04-17,Full-Time,208567,732.0,Yes,Yes,Approved,2235.42,3387,3,
4900,6090620,1354,2020-03-31,Retired,54515,703.0,No,No,Approved,1244.4,2074,1,Missing bank statements.
4901,6095178,1379,2023-05-06,Part-Time,31362,698.0,No,Yes,Denied,4516.2,0,1,docs expired
4902,6096236,356,2020-06-08,Part-Time,165140,800.0,No,Yes,Denied,4292.4,7154,4,.
4903,6096575,513,2022-02-24,Contract,83684,599.0,Yes,No,Pending,2515.2,2620,4,Flagged for manual review.
4904,6097668,365,2021-01-27,Part-Time,168652,727.0,No,Yes,Under Review,1563.54,2369,5,Applicant provided pay stubs.
4905,6098189,939,2023-04-06,Retired,232403,831.0,No,No,Pending,1872.78,2401,5,
4906,6107221,1128,2021-09-15,Retired,146489,728.0,No,Yes,Denied,3571.2,5952,4,Co-signer pending review.
4907,6108416,1393,2021-02-21,Retired,197821,779.0,No,Yes,Approved,3985.02,5109,2,
4908,6111480,679,2023-03-05,Unemployed,235209,787.0,No,No,Pending,2476.32,0,3,Missing bank statements.
4909,6112337,1294,,Part-Time,20639,824.0,No,Yes,Approved,2152.32,2242,1,
4910,6115971,1435,2023-07-16,Retired,76636,754.0,No,No,Denied,3047.52,3628,2,
4911,6116350,1223,2023-12-20,Contract,793000,693.0,No,No,Approved,2830.2,4717,3,
4912,6117750,1078,2023-08-26,Contract,86517,700.0,No,Yes,Under Review,1831.8,3053,3,Renewal case.
4913,6121087,1395,2023-07-10,Student,151241,735.0,No,No,Pending,2294.16,3476,4,Applicant provided pay stubs.
4914,6121122,1633,2020-08-02,Retired,743000,821.0,No,No,Withdrawn,1656.0,2760,4,Applicant follow-up needed
4915,6121160,1012,2022-06-21,Full-Time,67225,589.0,No,Yes,Approved,4269.12,4447,3,Flagged for manual review.
4916,6121609,1131,2020-03-18,Retired,126189,692.0,Yes,No,Approved,1002.6,1671,2,
4917,6123108,318,2024-12-25,Contract,117657,523.0,No,Yes,Denied,803.22,1217,3,Referred by agent.
4918,6124191,1486,2020-02-15,Student,47773,804.0,No,No,Denied,3440.64,4096,3,.
4919,6127894,1436,2022-02-08,Part-Time,199553,783.0,Yes,Yes,Approved,4885.44,5816,5,
4920,6130619,889,2022-03-01,Full-Time,242939,466.0,No,No,Approved,4310.4,4490,3,.
4921,6133390,902,2023-02-08,Part-Time,142128,331.0,No,No,Approved,3209.28,3343,3,Missing bank statements.
4922,6136395,201,2024-07-14,Self-Employed,181535,,Yes,Yes,Approved,1895.4,2430,3,
4923,6136535,661,2024-11-21,Unemployed,99294,714.0,No,Yes,Pending,3837.24,5814,2,Missing bank statements.
4924,6137035,1779,2024-01-11,Retired,166416,755.0,Yes,Yes,Approved,1262.52,1503,1,.
4925,6138788,772,2023-01-25,Contract,203574,317.0,No,No,Approved,2461.44,2564,1,docs expired
4926,6139158,919,2021-12-20,Full-Time,41648,802.0,No,Yes,Approved,718.38,921,2,Flagged for manual review.
4927,6139270,1767,2022-01-11,Part-Time,186962,814.0,No,No,Pending,3865.92,4027,3,Applicant follow-up needed
4928,6141310,484,2020-09-21,Unemployed,268612,841.0,No,Yes,Denied,821.7,1245,3,
4929,6143297,1532,2024-05-31,Contract,235187,762.0,No,No,Denied,2281.44,2716,5,Applicant provided pay stubs.
4930,6143383,1533,2020-08-06,Part-Time,131485,697.0,No,No,Under Review,3896.4,6494,5,Renewal case.
4931,6146168,81,2020-05-07,Part-Time,238072,746.0,No,Yes,Approved,2678.76,3189,2,
4932,6147369,497,2023-12-31,Retired,199404,723.0,No,No,Approved,2842.56,3384,3,Co-signer pending review.
4933,6147813,1031,2021-03-09,Full-Time,27659,,No,No,Under Review,2034.24,2119,2,Applicant provided pay stubs.
4934,6149579,46,2021-02-18,Full-Time,80333,670.0,No,Yes,Denied,1391.4,2319,1,income verified via Plaid
4935,6150186,1680,2023-04-01,Unemployed,153611,812.0,No,Yes,Pending,2770.32,3298,2,
4936,6150275,117,2020-08-01,Self-Employed,21618,808.0,No,No,Approved,2583.36,2691,3,
4937,6151004,1272,2024-09-22,Retired,139440,656.0,No,No,Approved,2762.88,2878,4,docs expired
4938,6151132,1577,2020-11-06,Self-Employed,108248,738.0,No,No,Denied,4585.62,5879,5,income verified via Plaid
4939,6156130,1685,2023-01-17,Contract,35225,767.0,No,Yes,Pending,4208.64,4384,5,Missing bank statements.
4940,6156295,1312,2023-09-18,Contract,178876,698.0,Yes,Yes,Approved,814.8,970,3,Co-signer pending review.
4941,6160490,197,2023-02-06,Contract,64397,449.0,Yes,Yes,Approved,3750.78,5683,4,Applicant follow-up needed
4942,6161548,917,2021-10-07,Retired,79755,626.0,No,No,Pending,1391.88,1657,5,Applicant provided pay stubs.
4943,6162076,806,2020-12-18,Student,84724,,Yes,Yes,Pending,1706.04,2031,3,
4944,6163052,327,2022-04-14,Student,41013,839.0,No,No,Denied,4405.8,5245,5,Flagged for manual review.
4945,6167629,310,2023-12-13,Contract,151100,730.0,No,No,Approved,1061.58,1361,1,Missing bank statements.
4946,6167761,836,2021-03-08,Student,89163,742.0,No,Yes,Approved,3717.0,4425,4,income verified via Plaid
4947,6168010,571,2023-09-05,Retired,102113,718.0,No,No,Denied,2013.18,2581,3,Missing bank statements.
4948,6168045,450,2022-09-30,Part-Time,184680,715.0,No,No,Withdrawn,1444.8,1720,5,Applicant provided pay stubs.
4949,6170012,246,2020-02-05,Part-Time,44071,,Yes,Yes,Under Review,4063.02,0,3,Applicant follow-up needed
4950,6170070,1221,,Contract,34866,807.0,No,No,Pending,5778.24,6019,5,
4951,6170904,1149,2024-09-20,Self-Employed,68452,,No,Yes,Approved,5624.58,7211,2,docs expired
4952,6170919,1794,2021-06-10,Self-Employed,50750,,No,Yes,Approved,3460.8,5768,3,Applicant provided pay stubs.
4953,6172888,649,2024-06-25,Full-Time,52158,586.0,Yes,No,Denied,2212.56,2634,1,
4954,6177213,1680,2020-04-18,Full-Time,253559,667.0,No,Yes,Withdrawn,2176.68,3298,2,.
4955,6177658,162,,Retired,192351,614.0,Yes,No,Denied,784.74,1189,3,Flagged for manual review.
4956,6181761,1005,2020-04-18,Part-Time,229906,836.0,No,No,Approved,800.58,0,2,Flagged for manual review.
4957,6182208,367,2020-11-05,Unemployed,48598,798.0,No,No,Approved,1702.68,2027,5,
4958,6184927,135,2020-04-20,Part-Time,73480,540.0,No,Yes,Approved,1484.16,1546,3,
4959,6186050,1089,2021-11-16,Unemployed,77178,704.0,No,Yes,Approved,2103.36,2191,2,Applicant provided pay stubs.
4960,6186906,324,2023-05-15,Contract,230600,797.0,No,Yes,Pending,2076.36,0,5,Co-signer pending review.
4961,6188917,945,2022-01-30,Part-Time,38870,480.0,No,No,Approved,1194.0,1990,1,.
4962,6189221,1009,2022-11-17,Part-Time,85561,723.0,No,No,Pending,1741.2,2902,4,Renewal case.
4963,6189841,1268,2023-07-20,Self-Employed,163289,664.0,Yes,Yes,Approved,4529.4,7549,2,docs expired
4964,6191787,1329,2022-09-06,Student,72113,772.0,Yes,No,Denied,2835.3,3635,3,Co-signer pending review.
4965,6192547,245,2021-03-22,Self-Employed,161613,688.0,No,Yes,Under Review,2578.68,3306,4,
4966,6193761,1100,2022-03-04,Self-Employed,242700,,No,No,Approved,2188.56,3316,5,
4967,6194498,1080,2021-10-31,Contract,18074,628.0,No,No,Denied,3133.26,4017,5,Flagged for manual review.
4968,6195810,1502,2024-04-18,Retired,19285,739.0,Yes,No,Approved,1937.1,2935,4,
4969,6198151,1645,2021-04-13,Contract,185617,658.0,No,Yes,Denied,2977.8,4963,3,Missing bank statements.
4970,6199225,1702,2023-11-02,Self-Employed,190810,,No,No,Denied,1892.52,2253,4,income verified via Plaid
4971,6199912,1604,2023-05-24,Unemployed,86174,830.0,No,No,Pending,3805.62,4879,1,income verified via Plaid
4972,6204120,887,2024-09-21,Contract,207908,672.0,No,Yes,Denied,3348.18,5073,4,Applicant provided pay stubs.
4973,6204269,60,2024-05-31,Unemployed,210233,525.0,No,Yes,Approved,976.08,1162,5,
4974,6204956,519,2020-01-24,Full-Time,107300,332.0,No,Yes,Denied,5677.44,5914,1,
4975,6205216,814,2022-10-03,Self-Employed,113495,640.0,No,No,Denied,8871.24,10561,2,income verified via Plaid
4976,6206510,1374,2020-09-08,Part-Time,129892,830.0,No,No,Approved,3150.84,3751,3,income verified via Plaid
4977,6206632,1572,2021-12-17,Student,272989,771.0,No,Yes,Under Review,5664.96,6744,2,
4978,6207928,309,2023-11-18,Part-Time,77507,674.0,No,Yes,Approved,3129.36,4012,5,Referred by agent.
4979,6209786,500,2023-10-03,Retired,109334,704.0,Yes,No,Pending,1307.04,1556,3,income verified via Plaid
4980,6209896,1340,2020-12-13,Retired,182433,711.0,No,Yes,Denied,1599.36,1666,1,.
4981,6210844,580,2020-03-21,Self-Employed,173882,741.0,No,No,Under Review,2860.8,2980,4,Referred by agent.
4982,6211091,1785,2020-08-10,Retired,186700,784.0,Yes,Yes,Denied,3318.6,5531,4,Flagged for manual review.
4983,6211878,878,2024-12-20,Contract,111406,770.0,No,Yes,Denied,1499.52,1562,1,.
4984,6212681,893,2022-11-20,Student,224457,,Yes,No,Approved,3053.7,3915,1,
4985,6217013,1741,2022-05-03,Unemployed,64029,732.0,No,Yes,Approved,4459.56,5309,4,.
4986,6220407,246,2022-09-29,Contract,62615,708.0,No,Yes,Under Review,4063.02,5209,3,Applicant follow-up needed
4987,6221568,877,2024-08-28,Self-Employed,197422,717.0,No,No,Approved,2548.2,4247,2,Renewal case.
4988,6227060,330,2022-01-13,Self-Employed,136973,826.0,No,Yes,Approved,1170.0,1950,1,
4989,6227793,1681,2024-01-18,Self-Employed,259234,685.0,No,Yes,Approved,3812.76,4539,4,income verified via Plaid
4990,6228930,1665,2023-03-19,Contract,72221,591.0,No,Yes,Pending,2989.8,4530,2,Missing bank statements.
4991,6231356,249,2023-08-04,Part-Time,135853,,No,Yes,Pending,4014.72,4182,1,Co-signer pending review.
4992,6232331,621,2024-04-22,Retired,141923,777.0,Yes,No,Under Review,5836.8,6080,1,
4993,6232711,1156,2024-06-22,Self-Employed,160000,664.0,Yes,No,Under Review,3016.2,5027,1,Applicant provided pay stubs.
4994,6233307,1494,2020-10-03,Contract,220702,758.0,Yes,Yes,Approved,3272.1,0,4,Missing bank statements.
4995,6233989,1361,2023-04-09,Retired,135332,836.0,No,No,Approved,1532.16,1824,2,Co-signer pending review.
4996,6235203,1021,2020-07-31,Part-Time,253646,685.0,No,No,Withdrawn,2898.24,3019,4,Flagged for manual review.
4997,6235249,1391,2023-12-06,Retired,73088,707.0,No,No,Pending,1633.8,1945,5,Missing bank statements.
4998,6235415,762,2021-05-13,Retired,247011,772.0,No,Yes,Denied,1038.18,1331,4,
4999,6240217,188,2023-11-30,Self-Employed,68684,716.0,No,Yes,Approved,1045.98,1341,1,Referred by agent.
5000,6242361,1325,2020-03-23,Part-Time,148300,681.0,No,No,Approved,2735.4,4559,1,Co-signer pending review.
5001,6243029,1270,2023-12-27,Contract,41288,630.0,Yes,Yes,Approved,3196.8,5328,2,income verified via Plaid
5002,6243401,65,2022-12-31,Retired,242797,772.0,No,Yes,Approved,984.6,1641,4,Renewal case.
5003,6243690,868,2020-10-17,Self-Employed,222300,750.0,No,No,Under Review,2705.04,3468,5,docs expired
5004,6245161,1172,2024-12-17,Self-Employed,41461,,No,Yes,Approved,2089.2,3482,5,Missing bank statements.
5005,6245205,1237,2022-11-15,Full-Time,214579,697.0,No,Yes,Approved,1004.64,1196,3,docs expired
5006,6245899,1748,2020-04-15,Unemployed,126491,768.0,No,Yes,Pending,1175.46,1507,3,Flagged for manual review.
5007,6248265,548,2020-04-14,Contract,125619,737.0,Yes,Yes,Pending,4706.88,4903,2,
5008,6250859,134,2020-09-23,Retired,219382,721.0,No,No,Approved,3103.8,3695,3,
5009,6253128,1631,2023-07-20,Student,47960,592.0,No,Yes,Denied,3906.24,4069,2,
5010,6253269,39,2024-03-04,Part-Time,106427,700.0,Yes,Yes,Pending,2178.66,3301,4,Applicant follow-up needed
5011,6254729,363,2022-03-30,Full-Time,115791,701.0,No,Yes,Approved,846.0,1410,2,
5012,6254842,1690,2020-07-10,Unemployed,33523,,No,No,Approved,1349.4,2249,5,Applicant provided pay stubs.
5013,6255726,1595,2021-07-01,Part-Time,230526,772.0,No,No,Approved,1705.44,2584,2,Co-signer pending review.
5014,6257787,101,2023-12-11,Self-Employed,240557,,Yes,No,Under Review,2247.18,2881,1,.
5015,6257871,494,2022-07-22,Retired,145037,809.0,No,Yes,Denied,4652.7,5965,4,Applicant follow-up needed
5016,6258625,304,2022-02-03,Full-Time,90259,766.0,No,No,Denied,1751.4,2085,1,docs expired
5017,6259282,556,2023-11-13,Part-Time,120791,539.0,No,Yes,Pending,2036.4,3394,1,Co-signer pending review.
5018,6260425,1040,2022-04-18,Contract,84322,765.0,No,Yes,Denied,2119.26,2717,1,docs expired
5019,6260440,1467,2024-02-02,Full-Time,39248,704.0,No,No,Approved,1072.2,1787,4,Applicant follow-up needed
5020,6262064,1306,2020-05-16,Self-Employed,10011,635.0,No,Yes,Approved,1288.32,1952,4,.
5021,6263721,1619,2020-07-27,Student,80044,778.0,No,No,Approved,1839.36,1916,2,
5022,6264924,671,2022-08-02,Part-Time,59566,676.0,No,Yes,Denied,1681.2,2802,5,income verified via Plaid
5023,6266761,141,2021-03-15,Part-Time,224298,796.0,Yes,No,Approved,2017.62,3057,1,Missing bank statements.
5024,6269777,1481,2024-10-16,Retired,197630,705.0,No,Yes,Approved,1161.42,1489,4,Referred by agent.
5025,6271162,1377,2022-08-16,Full-Time,82108,649.0,No,No,Denied,3405.36,4054,2,docs expired
5026,6275765,1294,2023-08-23,Part-Time,87414,623.0,No,No,Approved,2152.32,2242,5,Flagged for manual review.
5027,6275996,591,2021-09-17,Contract,202166,,No,Yes,Under Review,2546.28,3858,5,Applicant follow-up needed
5028,6276036,840,2022-12-06,Student,186256,625.0,Yes,Yes,Denied,2336.04,2781,3,Co-signer pending review.
5029,6276758,1077,,Unemployed,128945,826.0,No,Yes,Under Review,1212.0,2020,3,income verified via Plaid
5030,6277230,764,2020-03-15,Unemployed,196401,783.0,No,Yes,Approved,8424.96,8776,4,income verified via Plaid
5031,6277410,1660,2022-12-27,Retired,160456,784.0,No,No,Approved,1406.4,1465,3,Applicant follow-up needed
5032,6278610,79,2020-06-16,Self-Employed,219294,736.0,No,Yes,Approved,2357.04,2806,2,
5033,6278671,676,2022-08-20,Contract,45466,774.0,No,Yes,Approved,1810.8,3018,1,
5034,6281407,358,2023-07-02,Retired,182138,638.0,No,No,Withdrawn,1510.08,1936,2,Applicant follow-up needed
5035,6281873,931,2021-05-30,Full-Time,216444,,No,Yes,Approved,3982.2,6637,2,.
5036,6282540,1650,2023-03-04,Contract,173525,672.0,Yes,No,Pending,3039.36,3166,4,income verified via Plaid
5037,6283230,1246,2020-03-21,Retired,122812,668.0,No,No,Pending,1777.62,2279,3,
5038,6283852,1182,2023-06-05,Part-Time,193339,758.0,No,No,Approved,3817.32,4894,2,Missing bank statements.
5039,6284117,254,2022-08-29,Contract,179021,691.0,No,No,Approved,1268.28,0,3,
5040,6285188,1634,2022-12-04,Self-Employed,9091,587.0,No,No,Under Review,4873.8,8123,1,
5041,6285545,1512,2023-08-05,Self-Employed,140257,,No,No,Pending,2441.88,2907,2,Flagged for manual review.
5042,6286126,1071,2021-04-17,Contract,117902,817.0,No,Yes,Approved,2883.72,3433,1,Referred by agent.
5043,6287635,95,2024-01-05,Contract,12572,600.0,No,No,Denied,3802.26,5761,1,Co-signer pending review.
5044,6288771,246,2024-03-25,Unemployed,199643,,No,Yes,Approved,4063.02,5209,3,Applicant follow-up needed
5045,6289345,15,2022-03-27,Contract,106938,,No,Yes,Denied,1868.16,2224,4,income verified via Plaid
5046,6289453,1309,2020-01-27,Self-Employed,64946,,No,Yes,Denied,880.44,1334,2,
5047,6290039,1398,2021-11-14,Unemployed,227798,804.0,No,Yes,Denied,2805.12,2922,2,docs expired
5048,6290162,611,2022-08-12,Contract,96477,606.0,No,Yes,Pending,3205.02,4109,3,
5049,6290781,1119,2023-02-13,Part-Time,38509,790.0,No,No,Pending,2751.84,3276,3,.
5050,6291622,599,2023-12-21,Contract,43578,646.0,No,No,Pending,1091.22,1399,5,
5051,6292114,1459,2023-04-08,Student,114499,,No,No,Pending,2356.38,0,5,Missing bank statements.
5052,6293541,605,2024-11-18,Full-Time,151609,592.0,No,Yes,Pending,1804.92,2314,4,Renewal case.
5053,6296311,1429,2023-09-28,Full-Time,213482,787.0,Yes,No,Denied,3785.04,4506,2,.
5054,6297252,640,2022-07-30,Contract,189693,666.0,No,No,Pending,3180.24,3786,3,.
5055,6298264,50,2023-11-04,Full-Time,121178,632.0,No,No,Pending,4577.04,5868,5,Referred by agent.
5056,6298991,29,2023-09-30,Student,313580,676.0,No,No,Withdrawn,1934.46,2931,1,
5057,6300212,234,2024-04-09,Self-Employed,159557,836.0,No,No,Denied,3203.76,0,2,Co-signer pending review.
5058,6300457,1025,2021-03-03,Part-Time,241070,689.0,No,Yes,Under Review,3889.2,4630,5,income verified via Plaid
5059,6302216,870,2020-08-18,Unemployed,49361,747.0,No,Yes,Approved,1677.48,1997,4,Renewal case.
5060,6303386,412,2020-01-02,Full-Time,140632,752.0,No,Yes,Denied,1881.36,2412,2,Applicant provided pay stubs.
5061,6303442,1229,2024-07-13,Contract,77977,771.0,Yes,Yes,Approved,6237.0,9450,3,.
5062,6303862,640,2024-11-12,Contract,33639,611.0,No,No,Approved,3634.56,3786,1,Flagged for manual review.
5063,6305487,745,2022-01-31,Self-Employed,235619,694.0,No,No,Approved,3454.44,5234,3,docs expired
5064,6307215,1124,2022-11-04,Full-Time,145147,547.0,No,Yes,Withdrawn,3227.28,3842,2,income verified via Plaid
5065,6312230,1361,2021-09-25,Student,191040,607.0,No,Yes,Approved,1094.4,1824,3,Referred by agent.
5066,6313178,678,2021-10-05,Self-Employed,128921,582.0,Yes,No,Approved,962.88,1003,2,
5067,6316203,448,2023-09-03,Retired,58705,657.0,Yes,Yes,Denied,1643.46,2107,2,
5068,6316525,1650,2020-08-31,Full-Time,152535,,No,No,Withdrawn,1899.6,3166,2,
5069,6317141,1157,2022-07-12,Contract,18052,,No,No,Under Review,5218.92,6213,5,Co-signer pending review.
5070,6317358,252,2024-08-07,Self-Employed,260880,583.0,Yes,Yes,Under Review,1584.0,1650,3,Co-signer pending review.
5071,6318138,1172,2020-01-17,Retired,114351,611.0,No,Yes,Withdrawn,3342.72,3482,5,income verified via Plaid
5072,6319286,1315,2020-05-31,Self-Employed,237672,791.0,No,No,Pending,872.04,1118,2,
5073,6319645,954,2024-02-06,Full-Time,55466,789.0,No,No,Approved,5012.28,5967,5,
5074,6320066,1246,2023-12-08,Student,55182,744.0,No,No,Withdrawn,1914.36,2279,2,Referred by agent.
5075,6320820,1076,2020-06-01,Unemployed,153837,624.0,No,Yes,Denied,1952.28,2958,2,
5076,6323048,138,2024-04-21,Contract,137157,568.0,No,No,Approved,1324.8,2208,3,.
5077,6323287,488,2024-10-22,Full-Time,157925,,Yes,No,Denied,1913.34,2899,5,Applicant provided pay stubs.
5078,6323330,1147,2021-11-11,Unemployed,107882,612.0,No,No,Pending,1054.8,1758,3,Referred by agent.
5079,6323483,1378,2020-10-14,Self-Employed,187746,693.0,No,Yes,Pending,526.8,878,3,
5080,6326977,645,2020-05-22,Part-Time,14216,770.0,No,No,Pending,4304.4,7174,3,Missing bank statements.
5081,6328748,191,2020-04-20,Retired,238844,581.0,No,No,Under Review,2152.8,2760,2,
5082,6330336,396,2020-02-26,Full-Time,241092,351.0,No,No,Approved,2586.6,4311,3,.
5083,6331460,314,2022-04-15,Part-Time,164921,648.0,No,No,Denied,1102.8,1838,4,
5084,6333800,1708,2021-08-23,Full-Time,154321,,No,Yes,Approved,2598.12,3093,1,.
5085,6334867,1147,2024-12-12,Retired,232406,717.0,No,Yes,Withdrawn,2043.36,3096,3,
5086,6336752,215,2023-07-22,Full-Time,47824,748.0,No,No,Denied,744.24,886,5,
5087,6337644,732,,Student,198148,792.0,No,No,Under Review,2420.16,2521,1,Referred by agent.
5088,6338701,1196,,Retired,100110,754.0,No,No,Approved,3136.32,3267,1,Co-signer pending review.
5089,6339549,453,2020-06-15,Retired,157831,,Yes,Yes,Under Review,1313.4,1990,2,docs expired
5090,6341455,57,2020-11-04,Part-Time,201425,594.0,No,No,Denied,4116.42,6237,3,Referred by agent.
5091,6341958,1080,2023-08-26,Retired,79394,696.0,No,No,Under Review,2410.2,4017,5,Flagged for manual review.
5092,6343659,1333,2024-03-26,Full-Time,133258,763.0,Yes,Yes,Approved,5623.8,7210,3,docs expired
5093,6343687,1304,2021-05-19,Student,200675,,No,Yes,Approved,8890.44,11398,2,Co-signer pending review.
5094,6346521,1399,2021-03-08,Part-Time,84712,669.0,Yes,Yes,Approved,712.2,1187,4,
5095,6348041,99,2020-04-07,Self-Employed,99102,690.0,Yes,Yes,Pending,2682.96,3194,4,
5096,6348741,1047,2020-09-21,Contract,34434,845.0,No,Yes,Denied,1573.32,1873,5,Flagged for manual review.
5097,6350895,60,2020-10-23,Part-Time,21271,749.0,No,No,Pending,1115.52,1162,3,income verified via Plaid
5098,6351451,1022,2020-04-19,Full-Time,47994,731.0,No,Yes,Approved,2428.92,3114,1,
5099,6352267,1460,2024-02-11,Part-Time,47313,707.0,No,No,Pending,1489.62,2257,2,
5100,6353332,221,2020-11-10,Retired,160262,759.0,No,No,Withdrawn,1873.2,3122,5,income verified via Plaid
5101,6355108,1018,2023-12-09,Self-Employed,87085,580.0,Yes,Yes,Denied,5981.04,7668,3,
5102,6355603,1020,2020-07-01,Student,51001,610.0,No,No,Withdrawn,3208.92,4114,3,Renewal case.
5103,6359915,1360,2020-11-14,Part-Time,136033,788.0,No,No,Under Review,1438.08,1498,4,
5104,6359955,531,2022-12-16,Part-Time,35036,382.0,No,No,Pending,4747.2,4945,5,Co-signer pending review.
5105,6361312,1166,2021-05-18,Unemployed,194215,679.0,No,No,Approved,1848.96,1926,5,.
5106,6362926,1763,2022-08-10,Unemployed,200698,600.0,No,No,Approved,3847.14,5829,1,.
5107,6363668,726,2024-01-22,Self-Employed,75420,,Yes,No,Approved,1597.68,1902,5,Applicant provided pay stubs.
5108,6364985,800,2022-03-26,Retired,143308,632.0,No,No,Denied,1576.74,2389,5,
5109,6367619,1737,2023-06-16,Part-Time,166870,802.0,Yes,Yes,Denied,773.52,1172,2,
5110,6368339,1417,,Retired,172045,521.0,No,No,Approved,3093.0,5155,5,Missing bank statements.
5111,6369845,1472,2022-08-15,Retired,164844,717.0,No,No,Pending,5345.34,6853,3,Flagged for manual review.
5112,6374308,1780,2024-11-19,Student,264793,,No,Yes,Pending,6980.4,8310,5,.
5113,6374454,874,2022-10-28,Part-Time,145279,793.0,No,Yes,Approved,3516.6,5861,5,Flagged for manual review.
5114,6374807,1197,2023-08-14,Contract,145556,782.0,Yes,Yes,Denied,1520.64,2304,1,.
5115,6375036,1362,2022-05-23,Retired,42417,592.0,No,No,Approved,3793.92,3952,5,income verified via Plaid
5116,6375873,97,2021-02-15,Contract,146356,784.0,No,Yes,Denied,1363.32,1623,1,
5117,6378653,296,2024-12-30,Part-Time,228811,739.0,No,No,Approved,814.32,1044,4,Missing bank statements.
5118,6378788,160,2020-11-13,Self-Employed,210368,717.0,No,No,Denied,830.7,1065,5,Referred by agent.
5119,6378858,15,2023-04-04,Student,303760,825.0,No,No,Denied,1467.84,2224,2,Missing bank statements.
5120,6381627,1056,2020-04-25,Self-Employed,29535,,Yes,No,Approved,965.16,1149,3,Referred by agent.
5121,6383276,594,2020-03-21,Retired,220909,773.0,No,No,Approved,2295.72,2733,2,Applicant provided pay stubs.
5122,6384170,1528,2020-02-03,Unemployed,109225,741.0,No,Yes,Approved,2673.0,4455,4,.
5123,6384382,1769,2020-10-06,Self-Employed,131080,723.0,No,Yes,Withdrawn,4462.2,7437,2,docs expired
5124,6385108,563,2023-09-21,Contract,210440,676.0,No,No,Denied,3285.0,5475,2,
5125,6385951,534,2021-11-08,Retired,46899,712.0,No,No,Approved,2857.92,2977,4,.
5126,6387473,1041,2024-03-15,Part-Time,135409,518.0,No,Yes,Denied,2920.32,3042,1,
5127,6391321,618,2024-06-03,Full-Time,35931,735.0,No,No,Approved,4704.18,6031,4,Renewal case.
5128,6391700,1277,,Full-Time,206172,722.0,No,Yes,Approved,1293.0,2155,4,income verified via Plaid
5129,6391702,1140,2023-02-23,Part-Time,182800,633.0,No,Yes,Withdrawn,1662.6,2771,3,
5130,6397878,571,,Self-Employed,184033,763.0,No,Yes,Approved,2168.04,2581,3,Flagged for manual review.
5131,6398743,370,2022-03-08,Retired,219594,,No,Yes,Approved,2717.4,4529,1,
5132,6398894,1152,2021-08-14,Student,38586,710.0,No,Yes,Approved,3395.4,5659,1,
5133,6401195,322,2023-08-07,Retired,202863,,Yes,Yes,Denied,2717.22,4117,2,Applicant provided pay stubs.
5134,6402890,1583,2022-02-25,Part-Time,150431,840.0,No,Yes,Approved,2677.08,3187,3,
5135,6404530,546,2020-04-11,Retired,217644,690.0,Yes,No,Approved,2205.12,2297,1,Co-signer pending review.
5136,6404536,357,,Unemployed,204052,338.0,No,Yes,Denied,4019.4,6090,2,
5137,6404586,1096,2022-07-23,Self-Employed,127284,839.0,Yes,Yes,Denied,1672.44,2534,3,docs expired
5138,6405086,1297,2021-03-21,Retired,24289,670.0,Yes,Yes,Approved,780.0,1300,4,Flagged for manual review.
5139,6406938,1379,2022-01-14,Part-Time,141842,797.0,No,No,Approved,3821.4,5790,5,Applicant provided pay stubs.
5140,6407790,446,2024-07-20,Part-Time,32674,,No,No,Approved,3020.16,3146,1,
5141,6408024,1074,2020-07-19,Self-Employed,132967,673.0,No,No,Pending,2949.6,4916,5,
5142,6409284,584,2023-01-03,Unemployed,80304,590.0,No,Yes,Denied,2103.0,3505,5,Renewal case.
5143,6409449,961,2022-06-29,Student,56283,688.0,No,No,Approved,1599.36,1666,5,
5144,6412316,462,2024-09-24,Unemployed,188026,766.0,No,No,Approved,2263.68,2358,2,Applicant follow-up needed
5145,6412345,672,2020-10-21,Self-Employed,182705,714.0,No,No,Approved,2143.2,3572,5,Applicant provided pay stubs.
5146,6415767,761,2024-03-11,Part-Time,63505,721.0,No,No,Approved,4925.76,5131,5,Applicant follow-up needed
5147,6416248,167,2020-12-17,Retired,31187,,No,No,Approved,2686.2,0,1,Referred by agent.
5148,6416585,188,2021-11-10,Student,171380,651.0,No,No,Under Review,885.06,1341,1,docs expired
5149,6419123,942,2023-01-18,Retired,86377,799.0,No,No,Under Review,1389.96,2106,1,.
5150,6419228,1149,,Contract,130788,718.0,No,No,Approved,6057.24,7211,3,Applicant follow-up needed
5151,6419911,1266,2024-11-25,Full-Time,115349,,No,No,Denied,863.46,1107,4,
5152,6422501,403,2020-08-15,Full-Time,201781,783.0,No,No,Approved,1836.9,2355,4,docs expired
5153,6422772,1357,2023-09-14,Full-Time,38300,798.0,No,No,Approved,2161.92,2252,4,docs expired
5154,6426609,1668,,Student,2955,665.0,No,Yes,Denied,5005.56,5959,4,
5155,6428606,1505,2020-03-30,Retired,212228,751.0,No,Yes,Pending,2049.0,3415,4,
5156,6429133,1112,2024-01-03,Self-Employed,21882,713.0,No,Yes,Approved,1519.44,1948,4,Applicant follow-up needed
5157,6430053,1254,2022-09-17,Retired,117188,789.0,No,No,Denied,3158.1,4785,3,Referred by agent.
5158,6431753,692,2021-02-06,Student,254646,700.0,No,No,Approved,1941.06,2941,1,Applicant follow-up needed
5159,6436448,1198,2022-12-22,Part-Time,167354,788.0,Yes,No,Withdrawn,5211.36,7896,3,docs expired
5160,6439368,1600,2024-09-18,Retired,172497,697.0,No,Yes,Denied,1850.94,2373,5,docs expired
5161,6440360,445,2023-12-20,Unemployed,83682,497.0,No,Yes,Approved,1088.34,1649,3,Co-signer pending review.
5162,6440614,671,2022-02-12,Part-Time,159868,358.0,No,No,Denied,2353.68,2802,5,
5163,6442147,154,,Part-Time,29276,593.0,No,Yes,Approved,1078.74,1383,1,Co-signer pending review.
5164,6444758,155,2021-12-14,Unemployed,201163,788.0,No,No,Pending,3300.96,4232,2,Applicant follow-up needed
5165,6448174,143,2020-01-26,Part-Time,142672,646.0,Yes,Yes,Denied,1657.32,1973,5,income verified via Plaid
5166,6448743,1011,2020-02-27,Part-Time,31207,850.0,No,Yes,Pending,4427.64,5271,3,Referred by agent.
5167,6450724,1087,2023-06-03,Self-Employed,279336,766.0,No,No,Pending,3763.8,6273,5,Renewal case.
5168,6452947,503,2024-03-17,Contract,107206,,Yes,No,Withdrawn,2510.4,4184,2,Co-signer pending review.
5169,6453321,109,2023-06-26,Full-Time,117206,619.0,No,Yes,Denied,1184.04,1794,2,
5170,6456392,304,2023-12-29,Self-Employed,398000,736.0,Yes,No,Denied,1626.3,2085,5,
5171,6458275,19,2024-01-10,Part-Time,18025,461.0,No,Yes,Approved,2407.44,2866,4,Renewal case.
5172,6458912,503,2021-07-15,Student,58797,646.0,No,No,Approved,2510.4,4184,3,
5173,6459879,699,2024-08-26,Unemployed,168487,632.0,No,No,Pending,3309.6,3940,3,Applicant provided pay stubs.
5174,6461317,745,2021-11-13,Part-Time,144448,838.0,Yes,Yes,Approved,3454.44,5234,3,Applicant provided pay stubs.
5175,6461454,1780,2022-03-28,Student,105175,510.0,No,Yes,Approved,5484.6,8310,4,Missing bank statements.
5176,6465085,184,,Self-Employed,260322,,No,Yes,Denied,4473.84,5326,1,Flagged for manual review.
5177,6465341,1313,,Contract,11434,726.0,No,Yes,Approved,1965.6,2340,5,
5178,6466190,432,2021-09-26,Self-Employed,92381,704.0,No,Yes,Denied,1758.6,2931,4,income verified via Plaid
5179,6467730,247,2021-04-07,Self-Employed,45133,338.0,No,No,Denied,1140.72,1358,5,income verified via Plaid
5180,6468220,1292,2022-06-26,Full-Time,130773,682.0,Yes,No,Approved,10170.24,10594,3,income verified via Plaid
5181,6468596,527,2020-08-09,Student,174068,780.0,No,Yes,Approved,1626.24,2464,3,Applicant provided pay stubs.
5182,6468732,160,2021-07-25,Part-Time,153264,850.0,Yes,No,Under Review,1022.4,1065,1,
5183,6470821,903,2023-10-20,Contract,170299,770.0,No,Yes,Approved,4247.04,4424,4,
5184,6473462,1753,2024-11-07,Student,173183,583.0,No,Yes,Approved,1480.2,2467,1,docs expired
5185,6473575,174,2024-04-17,Retired,134956,792.0,No,No,Denied,1887.6,2420,2,.
5186,6475331,237,2021-12-02,Self-Employed,237002,632.0,No,Yes,Approved,3263.52,4184,4,Applicant provided pay stubs.
5187,6479757,1281,2023-03-23,Self-Employed,248794,731.0,No,No,Pending,2804.88,3596,1,Flagged for manual review.
5188,6479813,363,2024-11-06,Part-Time,238038,739.0,No,Yes,Denied,1184.4,1410,1,income verified via Plaid
5189,6480421,90,2023-03-17,Part-Time,35737,,Yes,No,Approved,5025.6,5235,4,Applicant follow-up needed
5190,6482651,361,2021-07-04,Part-Time,86427,800.0,No,Yes,Denied,2545.2,4242,4,Missing bank statements.
5191,6482931,1212,2024-04-10,Part-Time,185325,713.0,No,No,Approved,1125.54,1443,3,
5192,6483820,1018,2024-12-03,Contract,300714,712.0,No,Yes,Approved,7361.28,7668,3,
5193,6484708,653,2024-01-08,Part-Time,223854,703.0,No,No,Denied,2306.88,2403,4,
5194,6486970,128,2023-01-01,Part-Time,37248,577.0,No,Yes,Approved,5066.82,7677,1,docs expired
5195,6488605,163,2024-10-17,Student,60317,,Yes,Yes,Approved,3906.24,5008,2,.
5196,6488720,856,2023-06-06,Retired,68094,,No,Yes,Approved,711.48,847,5,.
5197,6489436,1612,2024-11-03,Full-Time,9124,811.0,No,Yes,Approved,2043.84,2129,1,Applicant provided pay stubs.
5198,6489469,804,2022-06-03,Self-Employed,238640,738.0,No,No,Denied,2083.62,3157,2,Missing bank statements.
5199,6489614,1421,2021-04-30,Unemployed,322030,655.0,No,Yes,Under Review,2723.76,3492,2,Applicant follow-up needed
5200,6496499,1531,2021-10-31,Student,193669,,No,Yes,Denied,1362.9,2065,5,Flagged for manual review.
5201,6497309,1270,2023-03-13,Student,278656,815.0,No,Yes,Denied,3516.48,5328,1,Applicant follow-up needed
5202,6497549,1797,2022-11-15,Retired,53790,581.0,Yes,No,Approved,578.16,876,3,income verified via Plaid
5203,6498672,545,2020-06-20,Self-Employed,52480,778.0,No,No,Pending,2273.04,3444,4,Co-signer pending review.
5204,6499065,728,2023-11-13,Part-Time,77153,718.0,No,No,Denied,1599.0,2050,3,
5205,6499989,1314,2021-01-28,Self-Employed,96036,373.0,No,No,Approved,2693.46,4081,2,Referred by agent.
5206,6500129,420,,Self-Employed,120605,800.0,No,Yes,Under Review,3732.96,5656,4,
5207,6501407,1202,2023-08-05,Self-Employed,103932,746.0,No,No,Denied,2176.44,2591,1,Missing bank statements.
5208,6501712,1198,2020-07-27,Contract,222909,840.0,No,Yes,Denied,4737.6,7896,5,
5209,6503623,1279,2021-05-23,Self-Employed,241236,,No,No,Withdrawn,3978.24,4736,3,Flagged for manual review.
5210,6505999,317,2023-10-19,Student,143439,711.0,Yes,No,Approved,2318.94,0,3,
5211,6507463,802,2023-05-30,Contract,209136,625.0,No,No,Denied,1444.8,2408,1,Renewal case.
5212,6510807,1711,2023-08-03,Self-Employed,193041,787.0,No,Yes,Denied,2378.88,0,4,
5213,6511968,787,2020-09-17,Student,243263,824.0,No,No,Approved,1223.64,1854,3,docs expired
5214,6513061,1662,2021-03-13,Unemployed,205405,748.0,No,Yes,Approved,3755.4,6259,5,Applicant follow-up needed
5215,6513387,1341,2023-03-16,Self-Employed,67805,637.0,No,Yes,Denied,4136.4,6894,5,docs expired
5216,6513408,483,2024-10-04,Contract,196375,757.0,No,No,Approved,1337.28,1592,2,Referred by agent.
5217,6513724,1152,,Student,192296,761.0,No,No,Denied,4753.56,5659,2,Missing bank statements.
5218,6517038,1056,2021-03-14,Part-Time,217318,827.0,No,Yes,Denied,758.34,1149,4,Applicant follow-up needed
5219,6517969,1050,2020-03-15,Retired,148100,711.0,No,Yes,Withdrawn,1116.06,1691,2,income verified via Plaid
5220,6522077,1097,2024-03-28,Full-Time,201482,,No,No,Approved,1207.14,1829,3,
5221,6526998,1054,2020-11-17,Full-Time,234135,718.0,No,Yes,Approved,1659.84,2128,1,.
5222,6527520,1760,2023-08-06,Student,194816,786.0,No,No,Withdrawn,1263.0,2105,1,income verified via Plaid
5223,6528261,874,2021-03-28,Student,27018,718.0,No,Yes,Approved,3868.26,5861,3,Applicant follow-up needed
5224,6528638,953,2020-08-17,Retired,216137,657.0,No,No,Approved,3586.8,4270,2,
5225,6529115,359,2021-07-06,Full-Time,291245,573.0,No,No,Approved,2237.76,2331,1,
5226,6530191,582,2021-05-13,Unemployed,246442,638.0,No,Yes,Approved,1517.1,1945,4,income verified via Plaid
5227,6530695,1435,2024-08-30,Full-Time,189398,672.0,No,No,Denied,3047.52,3628,5,docs expired
5228,6534484,626,2020-07-24,Student,135689,594.0,No,No,Pending,1194.6,1991,1,Co-signer pending review.
5229,6535271,556,2022-06-18,Full-Time,180738,420.0,No,No,Pending,3258.24,3394,5,
5230,6535416,653,2022-02-15,Student,232598,,Yes,Yes,Pending,3834.24,3994,1,Renewal case.
5231,6536838,473,2020-03-03,Self-Employed,84995,791.0,No,No,Denied,3367.56,4009,1,Applicant follow-up needed
5232,6538433,1722,2020-06-06,Part-Time,232609,648.0,Yes,No,Approved,1616.64,1684,4,Missing bank statements.
5233,6539247,291,2022-08-29,Contract,295408,435.0,No,Yes,Withdrawn,1537.92,1602,4,Referred by agent.
5234,6540731,1180,2021-03-17,Student,133200,731.0,No,No,Pending,3510.54,5319,3,Referred by agent.
5235,6542701,1087,2022-09-15,Self-Employed,212842,312.0,No,No,Denied,6022.08,6273,4,Flagged for manual review.
5236,6542782,465,2022-06-28,Part-Time,106789,647.0,No,No,Approved,1476.54,1893,5,Renewal case.
5237,6542964,438,2020-07-25,Self-Employed,224742,753.0,Yes,Yes,Denied,2004.0,3340,2,
5238,6543522,1617,2021-08-26,Contract,62909,840.0,No,Yes,Denied,684.6,815,3,docs expired
5239,6543764,266,2020-01-13,Student,243898,656.0,No,Yes,Pending,1618.2,2697,3,.
5240,6545221,771,2023-01-14,Self-Employed,167377,753.0,No,Yes,Approved,2426.76,2889,3,Missing bank statements.
5241,6545510,1445,2021-02-20,Self-Employed,88888,688.0,No,Yes,Approved,8016.0,8350,1,Applicant follow-up needed
5242,6545672,271,2023-04-01,Part-Time,196640,836.0,No,Yes,Approved,6342.18,8131,3,.
5243,6548555,1154,,Full-Time,213558,811.0,No,No,Denied,1798.5,2725,1,.
5244,6549532,289,2022-11-15,Full-Time,511000,,No,No,Approved,2235.42,3387,4,docs expired
5245,6551176,345,2022-10-18,Student,982000,605.0,Yes,No,Under Review,5189.76,5406,3,.
5246,6552113,206,2020-08-03,Full-Time,69160,508.0,No,No,Pending,2157.6,3596,4,
5247,6552658,1424,2024-09-29,Self-Employed,93617,343.0,No,No,Withdrawn,1940.64,2488,5,Flagged for manual review.
5248,6552843,284,2020-08-29,Contract,77611,725.0,No,No,Pending,1691.58,2563,5,Applicant provided pay stubs.
5249,6552925,1559,2024-02-29,Part-Time,192628,664.0,No,No,Denied,1361.64,1621,3,Co-signer pending review.
5250,6554689,1032,2020-05-12,Student,96183,687.0,Yes,No,Approved,2469.6,2940,1,Flagged for manual review.
5251,6554958,185,2021-08-16,Student,98564,759.0,No,No,Approved,4375.68,4558,1,Renewal case.
5252,6555771,385,2021-01-08,Self-Employed,309055,586.0,No,No,Approved,4868.16,5071,1,Applicant provided pay stubs.
5253,6556606,1459,2022-12-13,Contract,212601,664.0,No,No,Approved,2537.64,3021,1,Missing bank statements.
5254,6556641,1448,2023-04-21,Contract,78316,,No,No,Pending,2422.56,2884,5,Applicant follow-up needed
5255,6557540,855,2023-02-05,Full-Time,236066,696.0,No,No,Approved,703.56,902,2,Flagged for manual review.
5256,6557751,1349,2023-01-13,Self-Employed,239404,806.0,No,Yes,Approved,2075.4,3459,4,
5257,6562537,950,2024-07-09,Full-Time,187473,317.0,Yes,No,Approved,2482.8,4138,3,Flagged for manual review.
5258,6563111,1318,2022-11-22,Full-Time,43001,716.0,No,Yes,Pending,2099.4,3499,1,Applicant provided pay stubs.
5259,6563311,986,2022-03-19,Full-Time,50653,633.0,No,No,Approved,6136.32,6392,3,income verified via Plaid
5260,6563955,1364,2024-06-10,Retired,173031,749.0,No,No,Pending,4536.84,5401,1,Applicant provided pay stubs.
5261,6566221,517,2023-04-22,Part-Time,63249,580.0,No,Yes,Approved,4114.5,5275,2,income verified via Plaid
5262,6569887,656,2022-11-14,Student,189955,690.0,No,No,Approved,4886.4,5090,3,Applicant provided pay stubs.
5263,6573207,27,2021-10-30,Self-Employed,237385,835.0,No,Yes,Pending,1202.76,1542,3,
5264,6573343,1659,2022-08-16,Contract,248300,769.0,No,No,Under Review,2815.68,2933,3,Missing bank statements.
5265,6573702,1800,2023-03-01,Unemployed,218691,788.0,No,No,Pending,987.84,1029,3,Renewal case.
5266,6577199,1795,2020-01-03,Full-Time,233624,777.0,No,No,Under Review,6232.32,6492,2,income verified via Plaid
5267,6577268,1436,2023-01-29,Unemployed,111143,733.0,No,Yes,Denied,5583.36,5816,3,docs expired
5268,6581427,348,2023-06-07,Student,36688,727.0,No,Yes,Approved,5301.6,8836,4,income verified via Plaid
5269,6583394,1697,2020-01-05,Student,62889,644.0,No,Yes,Approved,1023.0,1705,3,Flagged for manual review.
5270,6583569,118,2022-01-23,Retired,145882,656.0,Yes,No,Denied,6746.88,7028,5,Applicant follow-up needed
5271,6584408,14,2023-09-21,Full-Time,63245,,Yes,No,Approved,1690.26,2167,1,Missing bank statements.
5272,6585986,491,2020-05-20,Contract,310038,717.0,No,No,Approved,1473.36,1754,5,Applicant follow-up needed
5273,6586412,531,2024-01-22,Retired,193527,788.0,No,Yes,Approved,4747.2,4945,1,.
5274,6587831,795,2023-03-15,Unemployed,98602,686.0,No,No,Approved,1291.92,1538,2,Applicant provided pay stubs.
5275,6588317,717,2024-02-08,Part-Time,126731,791.0,No,No,Denied,5440.5,6975,5,Renewal case.
5276,6591031,1312,2022-01-21,Retired,20501,,No,No,Approved,582.0,970,5,
5277,6593208,1505,2020-04-06,Unemployed,34272,710.0,No,No,Denied,2868.6,3415,3,
5278,6593334,262,2022-05-01,Full-Time,182205,519.0,Yes,Yes,Pending,877.8,1045,5,Missing bank statements.
5279,6594509,1263,2023-05-13,Retired,137728,,Yes,Yes,Approved,2489.76,2964,1,Missing bank statements.
5280,6595386,649,2021-06-30,Student,44964,834.0,Yes,No,Approved,2528.64,2634,4,
5281,6595964,1734,2020-09-12,Contract,206600,844.0,No,Yes,Denied,1861.8,3103,5,Applicant follow-up needed
5282,6597371,1507,2024-02-28,Part-Time,98096,779.0,Yes,No,Denied,2319.72,2974,2,Applicant provided pay stubs.
5283,6599302,516,2020-10-21,Part-Time,146764,,No,No,Under Review,1326.0,1700,1,Missing bank statements.
5284,6601131,610,2023-10-04,Retired,69680,729.0,No,Yes,Approved,1817.76,2164,5,
5285,6601201,674,2020-04-23,Student,155817,753.0,No,No,Approved,3761.52,4478,2,Applicant follow-up needed
5286,6602803,1289,2024-12-03,Part-Time,301831,690.0,No,Yes,Pending,2433.6,2535,4,income verified via Plaid
5287,6603336,1321,2022-09-30,Self-Employed,13304,728.0,No,Yes,Denied,1625.4,2709,5,
5288,6603779,376,2022-07-10,Retired,66486,773.0,No,No,Approved,2801.28,2918,4,Applicant provided pay stubs.
5289,6604268,1403,2023-03-01,Student,145186,461.0,No,No,Approved,2130.24,2536,1,
5290,6605188,311,2021-03-22,Contract,34955,,No,No,Approved,1644.6,2741,3,Co-signer pending review.
5291,6605570,198,2023-04-16,Student,202475,805.0,Yes,Yes,Approved,2915.64,3738,3,
5292,6606487,189,2023-12-15,Full-Time,183842,733.0,Yes,No,Withdrawn,3100.8,3230,1,Applicant follow-up needed
5293,6609485,630,2024-02-24,Self-Employed,20525,755.0,No,Yes,Approved,1384.5,1775,5,Co-signer pending review.
5294,6609621,768,2020-12-11,Student,160317,750.0,No,Yes,Approved,4548.06,6891,3,
5295,6610460,476,2023-10-05,Student,99969,778.0,No,No,Approved,2477.28,3176,1,.
5296,6610643,573,2024-06-30,Part-Time,203990,410.0,No,No,Approved,2593.92,2702,4,
5297,6613531,130,2020-06-07,Full-Time,48959,651.0,No,Yes,Under Review,2385.0,3975,3,Flagged for manual review.
5298,6615825,1225,2024-09-29,Self-Employed,222849,655.0,Yes,No,Approved,1261.2,0,1,Missing bank statements.
5299,6616305,512,2020-07-09,Student,115220,722.0,Yes,Yes,Denied,6421.74,8233,5,Applicant follow-up needed
5300,6618466,1668,2024-11-01,Student,100172,514.0,No,No,Denied,5720.64,5959,2,Referred by agent.
5301,6619883,666,2020-10-08,Self-Employed,104211,631.0,Yes,No,Denied,1114.08,1688,2,
5302,6620697,49,2020-06-28,Full-Time,191564,584.0,Yes,No,Under Review,2230.2,3717,1,Renewal case.
5303,6623717,516,2023-03-23,Student,182499,427.0,No,Yes,Denied,1122.0,1700,2,
5304,6624651,427,2022-11-19,Contract,25974,634.0,No,No,Approved,1002.0,1670,1,Referred by agent.
5305,6624931,1581,2020-05-14,Student,249255,763.0,No,No,Withdrawn,634.92,0,1,Flagged for manual review.
5306,6629010,756,2023-04-03,Retired,111490,605.0,Yes,No,Denied,903.54,1369,1,Applicant follow-up needed
5307,6629485,1787,,Student,248875,745.0,No,Yes,Pending,2623.92,3364,5,
5308,6629995,1063,2022-04-17,Self-Employed,158019,681.0,No,No,Approved,1338.96,1594,5,Referred by agent.
5309,6631763,266,2023-11-20,Retired,415000,708.0,No,Yes,Approved,2265.48,2697,1,
5310,6633634,1609,2023-05-23,Student,204773,607.0,No,No,Denied,5521.92,5752,3,Missing bank statements.
5311,6634320,610,2024-06-09,Part-Time,132104,676.0,Yes,No,Approved,1428.24,2164,3,Referred by agent.
5312,6636972,1678,,Full-Time,160089,695.0,No,No,Under Review,2183.16,2599,1,Renewal case.
5313,6638088,79,2021-06-24,Retired,133328,744.0,No,Yes,Approved,2357.04,2806,5,Missing bank statements.
5314,6638551,774,2023-06-27,Student,210871,642.0,No,No,Pending,3072.42,3939,4,
5315,6642261,73,2021-03-13,Self-Employed,88653,849.0,No,No,Approved,2451.6,4086,4,
5316,6643265,957,2022-04-17,Unemployed,241295,660.0,No,No,Under Review,1345.2,2242,4,Missing bank statements.
5317,6645804,1762,2023-11-29,Full-Time,132619,588.0,Yes,Yes,Denied,1995.24,0,4,Flagged for manual review.
5318,6648467,1343,2023-06-08,Retired,152960,814.0,No,Yes,Denied,1484.16,1546,4,Applicant follow-up needed
5319,6648521,1330,2021-07-04,Contract,234058,694.0,No,No,Approved,834.9,1265,1,
5320,6649833,287,2024-09-28,Part-Time,151523,659.0,No,Yes,Withdrawn,4678.8,5570,1,docs expired
5321,6655382,1383,2022-03-25,Part-Time,194069,810.0,No,No,Approved,2935.68,3058,2,docs expired
5322,6655391,1407,2024-08-10,Full-Time,51006,374.0,No,No,Approved,1823.58,2763,1,.
5323,6656142,919,2022-12-04,Student,148502,765.0,Yes,Yes,Denied,884.16,921,2,
5324,6656788,508,2021-10-23,Student,176856,822.0,No,No,Under Review,796.8,830,5,Missing bank statements.
5325,6657324,1480,2020-06-01,Full-Time,77520,686.0,No,No,Denied,1034.22,0,1,Missing bank statements.
5326,6659460,437,2023-10-22,Retired,34169,616.0,No,Yes,Denied,2133.3,2735,2,
5327,6661621,1468,2023-03-16,Contract,182768,762.0,No,Yes,Pending,1687.62,2557,5,Applicant provided pay stubs.
5328,6661687,43,2020-09-10,Self-Employed,166426,637.0,No,Yes,Approved,3162.24,3294,4,Applicant provided pay stubs.
5329,6661940,1248,2024-05-03,Unemployed,192596,775.0,No,Yes,Under Review,6536.4,8380,4,
5330,6662604,1703,2020-12-02,Retired,33407,689.0,Yes,Yes,Approved,10476.48,12472,4,Flagged for manual review.
5331,6667406,1661,2022-08-20,Full-Time,221804,748.0,No,No,Pending,2443.32,3702,4,.
5332,6668963,668,2020-05-30,Contract,128841,,Yes,Yes,Pending,2955.6,4926,4,Applicant follow-up needed
5333,6669777,1310,2024-08-05,Unemployed,21274,593.0,No,No,Under Review,3200.4,3810,3,
5334,6669863,111,2020-02-16,Self-Employed,184908,496.0,No,No,Approved,1363.56,2066,4,
5335,6672933,671,,Retired,74642,791.0,No,Yes,Approved,2689.92,2802,5,Applicant provided pay stubs.
5336,6673053,1719,2023-08-17,Full-Time,95824,721.0,No,Yes,Denied,2898.24,3019,4,.
5337,6673288,622,2021-05-14,Self-Employed,236663,631.0,No,No,Denied,2024.4,2410,5,
5338,6673831,1008,2020-12-25,Student,222325,702.0,No,Yes,Pending,7053.48,8397,3,Applicant provided pay stubs.
5339,6674413,1498,2023-10-05,Self-Employed,57691,771.0,Yes,Yes,Under Review,2991.36,3116,1,Co-signer pending review.
5340,6676296,1094,2023-02-27,Self-Employed,87777,651.0,Yes,Yes,Denied,1402.2,2337,3,Co-signer pending review.
5341,6676353,1283,2024-02-20,Part-Time,184921,845.0,No,No,Denied,7001.94,10609,1,income verified via Plaid
5342,6676505,733,,Self-Employed,110068,831.0,No,Yes,Under Review,1036.2,1570,1,.
5343,6677773,1549,2020-10-21,Contract,66193,782.0,No,Yes,Withdrawn,1108.8,1848,3,
5344,6680094,755,2021-01-25,Self-Employed,278703,,No,No,Approved,4778.28,6126,3,Co-signer pending review.
5345,6680446,395,2022-05-10,Self-Employed,58439,,Yes,Yes,Withdrawn,2735.04,4144,2,
5346,6685844,1621,2021-03-17,Full-Time,73631,763.0,No,No,Pending,4511.76,6836,2,.
5347,6686779,1515,2023-12-20,Contract,240352,723.0,No,Yes,Approved,1301.82,1669,5,Applicant provided pay stubs.
5348,6687274,1762,2020-09-17,Part-Time,448000,757.0,No,No,Approved,1688.28,2558,4,Referred by agent.
5349,6687802,323,2020-02-27,Student,232157,600.0,No,No,Under Review,5037.48,5997,2,Applicant follow-up needed
5350,6689001,1618,2021-02-26,Student,90307,839.0,No,Yes,Pending,2157.48,2766,1,Applicant follow-up needed
5351,6689930,928,2024-04-02,Part-Time,33391,786.0,Yes,No,Denied,1363.32,1623,3,Co-signer pending review.
5352,6691230,808,2021-09-05,Unemployed,91189,,No,No,Approved,1293.24,1658,1,
5353,6691631,836,2022-04-11,Contract,1673,625.0,Yes,No,Pending,2920.5,4425,1,
5354,6691774,1387,2020-09-12,Self-Employed,188900,667.0,No,Yes,Under Review,1284.6,2141,3,
5355,6691898,457,2024-01-14,Self-Employed,228505,776.0,Yes,No,Denied,2878.26,4361,2,
5356,6692828,1234,2024-08-01,Unemployed,260200,752.0,No,Yes,Approved,4204.98,5391,2,
5357,6694749,2,2024-09-15,Full-Time,75569,,No,No,Approved,2403.18,3081,3,Renewal case.
5358,6695148,156,2022-10-18,Contract,164574,684.0,No,Yes,Approved,4115.52,4287,3,Missing bank statements.
5359,6695192,1707,2024-06-08,Self-Employed,238358,688.0,No,No,Approved,3933.6,5960,2,Co-signer pending review.
5360,6696191,750,2022-12-05,Student,35779,715.0,No,No,Approved,2575.32,3902,2,.
5361,6696312,1552,2024-11-22,Contract,67688,677.0,Yes,No,Approved,660.66,847,4,Applicant provided pay stubs.
5362,6697676,360,2024-10-02,Part-Time,219620,712.0,Yes,No,Denied,3195.0,5325,5,Co-signer pending review.
5363,6703207,705,2020-02-06,Part-Time,39136,,No,No,Approved,2603.16,3099,4,Referred by agent.
5364,6703258,1152,2022-08-27,Unemployed,91285,708.0,Yes,No,Approved,4753.56,5659,3,Missing bank statements.
5365,6703485,247,2023-09-02,Retired,102586,661.0,No,Yes,Under Review,1140.72,1358,3,income verified via Plaid
5366,6704783,312,2021-12-23,Student,182146,789.0,No,No,Under Review,3523.8,4195,1,
5367,6705307,1394,2022-10-08,Part-Time,249940,716.0,No,Yes,Denied,1058.64,1604,4,Co-signer pending review.
5368,6706078,1697,2024-08-02,Retired,113704,367.0,No,Yes,Pending,1023.0,1705,4,
5369,6710005,1348,2023-06-08,Retired,67036,737.0,No,No,Withdrawn,6287.4,7485,5,Referred by agent.
5370,6710397,126,2020-03-06,Student,13114,815.0,No,No,Pending,1340.4,2234,4,
5371,6711309,1268,2020-10-09,Student,39638,,Yes,Yes,Approved,6341.16,7549,3,
5372,6711319,1380,2022-01-06,Unemployed,52031,739.0,No,Yes,Denied,7008.96,8344,2,.
5373,6713030,993,2024-12-14,Unemployed,68844,678.0,No,Yes,Denied,866.04,1031,5,.
5374,6713128,491,2022-02-06,Self-Employed,311520,759.0,No,Yes,Withdrawn,1716.0,2200,4,
5375,6714062,1494,2020-05-15,Part-Time,239964,726.0,No,No,Approved,4027.2,4195,5,
5376,6716330,1316,2023-01-08,Full-Time,116332,647.0,No,No,Approved,1405.32,1673,5,Referred by agent.
5377,6717384,1256,2023-03-25,Unemployed,110254,760.0,No,Yes,Approved,3361.68,4002,4,
5378,6719258,1301,2022-05-25,Full-Time,232299,,Yes,No,Denied,1393.92,2112,5,Renewal case.
5379,6719300,1045,2023-01-08,Self-Employed,87971,743.0,No,Yes,Approved,3001.02,4547,5,income verified via Plaid
5380,6719334,643,2022-12-15,Retired,235625,346.0,Yes,Yes,Pending,1763.58,2261,1,
5381,6720091,324,2022-11-06,Student,99863,715.0,No,No,Pending,3020.16,3146,3,
5382,6723494,155,2021-08-17,Full-Time,9305,712.0,No,No,Approved,4062.72,4232,2,Referred by agent.
5383,6724503,956,2021-03-22,Part-Time,131292,534.0,Yes,No,Approved,2082.6,3471,3,Missing bank statements.
5384,6725170,908,2023-04-29,Unemployed,150221,619.0,No,No,Denied,4617.6,4810,1,income verified via Plaid
5385,6725640,1127,2020-09-04,Full-Time,26783,798.0,No,Yes,Pending,3352.32,3492,5,
5386,6727773,878,2021-04-10,Retired,201181,810.0,No,Yes,Approved,937.2,1562,5,Applicant follow-up needed
5387,6727826,1561,2020-08-13,Student,192854,736.0,No,Yes,Approved,3106.56,3236,5,
5388,6731499,271,2020-03-06,Part-Time,79104,697.0,Yes,Yes,Under Review,6342.18,8131,1,
5389,6732354,478,2023-04-05,Part-Time,181727,646.0,No,No,Denied,2903.04,3024,4,Flagged for manual review.
5390,6733200,1228,,Contract,55656,827.0,No,No,Approved,940.8,1120,3,docs expired
5391,6733251,1295,2022-04-04,Retired,123515,622.0,No,Yes,Denied,6941.76,7231,5,
5392,6735243,1620,2020-08-31,Full-Time,117243,609.0,No,Yes,Denied,2931.0,4885,3,
5393,6735994,1089,2020-04-10,Part-Time,188427,696.0,No,No,Under Review,1446.06,2191,5,income verified via Plaid
5394,6736910,83,2022-08-30,Full-Time,143541,682.0,No,No,Denied,3185.28,3318,5,
5395,6738007,1202,2024-01-18,Unemployed,89144,,No,No,Approved,1554.6,2591,1,income verified via Plaid
5396,6742022,630,2020-10-31,Full-Time,173446,793.0,No,Yes,Approved,1384.5,1775,4,Referred by agent.
5397,6744262,24,2022-03-10,Unemployed,309771,696.0,No,Yes,Approved,1780.8,2968,2,
5398,6745447,107,2022-02-21,Student,141564,640.0,No,Yes,Denied,2190.54,3319,2,
5399,6745873,884,,Unemployed,140905,661.0,Yes,No,Approved,4911.66,6297,3,Renewal case.
5400,6746142,1774,2023-01-31,Contract,212926,663.0,Yes,Yes,Approved,1454.4,1515,1,Applicant provided pay stubs.
5401,6747290,72,2021-09-09,Full-Time,88328,784.0,No,Yes,Approved,2635.08,3137,5,
5402,6749586,393,2022-08-02,Self-Employed,66914,676.0,Yes,No,Under Review,1632.0,2720,1,docs expired
5403,6750000,401,2024-08-31,Student,250252,695.0,No,No,Withdrawn,6244.8,0,3,.
5404,6750357,460,,Contract,87917,754.0,No,Yes,Approved,1861.44,2216,2,Referred by agent.
5405,6750572,1528,2021-08-13,Contract,155298,724.0,No,Yes,Approved,3742.2,4455,1,Applicant provided pay stubs.
5406,6751121,650,2024-02-05,Unemployed,19477,783.0,No,No,Denied,1171.5,1775,3,Flagged for manual review.
5407,6751224,531,2022-02-01,Part-Time,158900,584.0,No,Yes,Under Review,3263.7,4945,4,.
5408,6751783,729,2024-07-20,Self-Employed,22413,721.0,No,Yes,Denied,1742.16,2074,3,Co-signer pending review.
5409,6752243,1003,2021-06-21,Part-Time,50377,,Yes,Yes,Denied,8386.56,8736,2,Referred by agent.
5410,6753689,679,2024-12-29,Self-Employed,68715,659.0,No,Yes,Denied,2299.44,2948,3,Applicant provided pay stubs.
5411,6755916,1396,2020-01-27,Full-Time,195767,334.0,No,No,Approved,2458.56,0,3,Applicant provided pay stubs.
5412,6758160,290,2024-05-03,Retired,92345,591.0,No,No,Approved,1593.6,1660,4,Referred by agent.
5413,6759496,1348,,Self-Employed,210719,521.0,Yes,No,Approved,4491.0,7485,4,Missing bank statements.
5414,6760207,264,2024-09-02,Part-Time,358000,695.0,No,No,Pending,934.56,1416,4,income verified via Plaid
5415,6762840,1418,2021-05-15,Student,237191,775.0,No,No,Under Review,2104.08,3188,4,Applicant provided pay stubs.
5416,6763498,1539,2020-10-25,Self-Employed,179541,,Yes,Yes,Approved,8597.76,8956,5,
5417,6764768,1075,2024-03-10,Full-Time,131231,785.0,No,No,Denied,4206.72,4382,2,Renewal case.
5418,6765415,1629,2022-03-12,Part-Time,168772,,No,Yes,Approved,1733.76,2064,3,Missing bank statements.
5419,6766486,1239,,Student,128152,672.0,No,Yes,Approved,851.76,1014,5,.
5420,6766712,1412,2021-12-08,Self-Employed,86746,743.0,No,No,Approved,1516.8,1580,3,.
5421,6767373,178,2020-07-08,Unemployed,299474,826.0,No,Yes,Approved,2329.14,3529,3,
5422,6767449,1575,2020-12-22,Retired,149487,410.0,Yes,Yes,Approved,2174.64,2788,2,Co-signer pending review.
5423,6768248,939,,Retired,249723,350.0,No,No,Approved,1440.6,2401,2,Applicant follow-up needed
5424,6769735,1474,2023-06-12,Student,200580,617.0,No,No,Approved,2734.8,4558,3,docs expired
5425,6770588,863,2022-04-09,Contract,14961,604.0,Yes,No,Approved,828.96,1256,1,
5426,6771969,584,2022-03-10,Contract,187472,584.0,No,No,Approved,2103.0,3505,5,
5427,6772029,305,2023-05-25,Student,175910,708.0,No,Yes,Approved,6042.96,7194,2,Applicant provided pay stubs.
5428,6772066,19,2023-04-29,Self-Employed,139351,651.0,No,Yes,Approved,2751.36,2866,5,
5429,6772262,1638,2020-06-29,Unemployed,230641,711.0,Yes,No,Denied,8215.74,10533,3,Renewal case.
5430,6773351,872,2021-12-04,Contract,71828,610.0,No,Yes,Denied,1331.22,2017,4,Applicant follow-up needed
5431,6773503,753,2023-01-30,Retired,230917,698.0,No,Yes,Denied,2113.8,0,3,income verified via Plaid
5432,6774017,229,2023-09-26,Part-Time,51842,752.0,Yes,No,Approved,1417.8,2363,5,
5433,6775461,854,2023-06-14,Unemployed,89234,840.0,No,No,Under Review,2232.96,2326,5,income verified via Plaid
5434,6776313,1624,2020-01-24,Retired,207185,791.0,No,No,Denied,3167.58,4061,5,
5435,6778102,1338,2023-04-12,Unemployed,227237,740.0,No,Yes,Approved,3279.6,5466,3,
5436,6778794,705,2020-03-30,Contract,174073,599.0,No,Yes,Denied,2975.04,3099,1,Renewal case.
5437,6779064,400,2021-12-29,Contract,61720,650.0,No,No,Denied,5648.64,5884,4,
5438,6779869,1365,2020-05-14,Full-Time,227652,693.0,No,No,Under Review,3848.04,4581,1,Applicant provided pay stubs.
5439,6780372,596,2023-10-30,Full-Time,89666,799.0,No,Yes,Under Review,3074.4,3660,5,Flagged for manual review.
5440,6780623,1225,2023-07-12,Full-Time,119004,,Yes,Yes,Denied,1261.2,2102,1,Flagged for manual review.
5441,6780991,1210,2022-12-31,Retired,162990,674.0,No,No,Approved,1756.8,2928,5,Renewal case.
5442,6781154,185,2020-12-21,Part-Time,111913,706.0,No,No,Denied,3828.72,4558,5,Referred by agent.
5443,6782639,278,2024-12-22,Contract,108140,770.0,No,Yes,Pending,2972.4,4954,5,Renewal case.
5444,6785055,1796,2021-09-03,Retired,156557,680.0,No,No,Denied,2207.7,3345,5,
5445,6786452,477,2020-09-03,Self-Employed,219725,771.0,No,Yes,Approved,901.68,1156,1,Missing bank statements.
5446,6786589,1389,2020-11-23,Part-Time,37160,,No,Yes,Approved,2476.8,2580,2,Missing bank statements.
5447,6786591,928,2023-04-02,Unemployed,216567,791.0,Yes,Yes,Pending,1363.32,1623,5,Flagged for manual review.
5448,6787508,160,,Full-Time,66268,,Yes,Yes,Approved,830.7,1065,4,
5449,6788776,1370,2024-12-26,Retired,194120,800.0,No,No,Approved,1148.16,1472,3,
5450,6789616,1107,2021-12-18,Full-Time,34737,754.0,Yes,No,Denied,2483.52,3184,1,Applicant follow-up needed
5451,6790547,742,2022-01-04,Self-Employed,12297,682.0,Yes,No,Approved,3589.8,5983,4,.
5452,6790686,1352,2024-08-23,Full-Time,136813,690.0,No,No,Approved,1774.92,2113,1,
5453,6791250,769,2024-02-24,Contract,281062,780.0,No,Yes,Withdrawn,3444.0,5740,5,
5454,6791471,828,2020-10-18,Contract,72065,850.0,No,No,Approved,2053.44,2139,5,Applicant provided pay stubs.
5455,6794874,1251,2022-01-29,Contract,23228,735.0,No,No,Approved,5052.48,5263,4,Missing bank statements.
5456,6795603,514,2021-06-13,Unemployed,170283,800.0,No,No,Approved,888.0,925,3,
5457,6795819,318,2022-04-03,Retired,50771,645.0,No,No,Pending,1168.32,1217,2,Co-signer pending review.
5458,6798851,1088,2022-03-16,Full-Time,145146,788.0,Yes,Yes,Denied,5732.16,5971,4,Applicant follow-up needed
5459,6802222,922,,Retired,276195,,No,Yes,Approved,1227.84,1279,5,Co-signer pending review.
5460,6804082,1619,2022-04-21,Retired,27344,733.0,No,Yes,Under Review,1264.56,1916,2,.
5461,6807097,1237,2021-09-07,Full-Time,136509,587.0,No,No,Pending,717.6,1196,4,docs expired
5462,6808572,684,2021-11-22,Retired,221934,700.0,No,Yes,Denied,885.06,1341,4,docs expired
5463,6809400,1702,2022-05-26,Self-Employed,157269,,No,Yes,Pending,2162.88,2253,2,income verified via Plaid
5464,6809876,1163,2022-07-28,Unemployed,29445,847.0,No,No,Approved,998.4,1664,5,Co-signer pending review.
5465,6810979,184,2022-08-06,Self-Employed,185907,757.0,No,No,Approved,4154.28,5326,3,Co-signer pending review.
5466,6811518,1551,2024-09-25,Part-Time,110048,736.0,Yes,Yes,Pending,2617.92,2727,1,
5467,6812429,718,2023-12-29,Full-Time,145747,785.0,No,No,Pending,3978.24,4736,1,docs expired
5468,6812644,333,2022-06-30,Part-Time,118071,725.0,No,No,Pending,914.1,1385,1,Renewal case.
5469,6813815,697,2024-10-30,Part-Time,42074,,No,No,Denied,3119.04,3249,1,
5470,6816512,1364,2024-10-31,Part-Time,181700,687.0,Yes,No,Denied,4536.84,5401,1,
5471,6817369,1406,2024-07-28,Self-Employed,115805,749.0,Yes,No,Approved,3053.4,3635,3,Flagged for manual review.
5472,6819273,92,,Unemployed,195014,733.0,No,Yes,Denied,2466.36,3162,2,.
5473,6823103,1755,2023-05-21,Retired,137792,795.0,No,Yes,Pending,2353.68,2802,5,income verified via Plaid
5474,6823550,1049,2020-08-16,Contract,167156,747.0,No,No,Denied,1659.0,1975,2,docs expired
5475,6824344,1121,2021-10-25,Self-Employed,310909,837.0,No,No,Approved,1173.6,1956,1,
5476,6824793,332,2022-12-21,Part-Time,202300,594.0,No,No,Pending,2208.96,2301,3,Co-signer pending review.
5477,6825863,99,2024-12-29,Full-Time,183259,,No,Yes,Approved,2682.96,3194,3,income verified via Plaid
5478,6826707,470,2024-03-01,Part-Time,314925,,No,Yes,Under Review,3735.6,0,1,Referred by agent.
5479,6828140,1091,2022-02-14,Self-Employed,158301,645.0,No,No,Denied,2373.12,2472,2,Applicant follow-up needed
5480,6830071,635,2021-04-28,Part-Time,176294,741.0,No,Yes,Approved,4816.32,5017,3,Applicant follow-up needed
5481,6830803,1753,,Self-Employed,105474,725.0,No,No,Denied,1480.2,2467,3,Co-signer pending review.
5482,6830870,377,2020-01-13,Retired,179568,616.0,No,Yes,Pending,1197.0,1425,2,
5483,6832217,209,2020-01-07,Student,74296,377.0,No,No,Approved,3471.0,4450,4,Renewal case.
5484,6833753,404,2020-11-30,Self-Employed,13141,570.0,No,No,Denied,6425.16,7649,3,Applicant provided pay stubs.
5485,6834868,126,2023-11-25,Unemployed,222339,835.0,No,Yes,Pending,2144.64,2234,4,Applicant provided pay stubs.
5486,6839942,667,2024-05-10,Full-Time,244528,734.0,No,Yes,Under Review,2430.72,2532,3,Applicant follow-up needed
5487,6840939,1265,2024-10-12,Part-Time,21722,834.0,No,No,Pending,5702.4,5940,2,Co-signer pending review.
5488,6841115,1672,2020-03-23,Contract,68783,736.0,No,No,Denied,2632.56,3134,3,income verified via Plaid
5489,6841930,494,2022-09-19,Unemployed,151900,826.0,No,No,Approved,5010.6,5965,2,Referred by agent.
5490,6844715,1257,2023-12-09,Contract,173523,815.0,Yes,Yes,Under Review,609.0,1015,2,
5491,6844951,1416,2022-01-17,Contract,75771,606.0,No,No,Denied,3513.6,3660,5,Co-signer pending review.
5492,6845027,945,2022-04-18,Contract,175846,689.0,Yes,Yes,Approved,1801.8,2145,3,income verified via Plaid
5493,6845593,497,2021-03-31,Full-Time,77927,741.0,Yes,No,Denied,2233.44,3384,1,
5494,6846552,332,2023-10-02,Unemployed,227691,741.0,No,No,Approved,1518.66,2301,3,Applicant follow-up needed
5495,6846808,1758,2022-11-21,Part-Time,60856,694.0,Yes,Yes,Under Review,3972.54,6019,3,
5496,6847618,1407,2021-11-03,Contract,628000,403.0,Yes,No,Approved,2652.48,2763,5,Flagged for manual review.
5497,6848280,436,2023-10-03,Retired,40182,777.0,No,Yes,Pending,3109.68,3702,5,
5498,6851523,1091,2020-08-03,Retired,218265,729.0,Yes,Yes,Denied,1631.52,2472,4,Renewal case.
5499,6851845,194,2020-09-30,Unemployed,108442,727.0,No,No,Approved,3561.48,4566,2,income verified via Plaid
5500,6851981,615,2024-08-21,Contract,247765,845.0,No,Yes,Approved,5024.88,5982,3,Missing bank statements.
5501,6852949,1232,2020-05-04,Part-Time,117723,735.0,No,No,Pending,2399.04,2856,4,docs expired
5502,6853015,820,2020-01-14,Contract,109870,,No,Yes,Pending,3969.84,4726,1,
5503,6854345,783,2024-05-27,Unemployed,238537,760.0,No,No,Approved,2985.18,4523,5,Missing bank statements.
5504,6856113,1394,2021-04-15,Self-Employed,406000,671.0,No,Yes,Approved,1347.36,1604,3,
5505,6856999,674,2020-10-20,Full-Time,226152,,No,Yes,Approved,4298.88,4478,1,docs expired
5506,6857714,1703,2020-04-07,Self-Employed,69291,688.0,Yes,Yes,Pending,9728.16,12472,3,income verified via Plaid
5507,6862090,479,,Self-Employed,34252,624.0,No,Yes,Pending,4540.8,6880,4,Renewal case.
5508,6863311,1029,,Retired,111521,504.0,No,No,Approved,1749.72,2083,1,Missing bank statements.
5509,6864507,718,2024-03-07,Contract,86546,747.0,No,No,Denied,2841.6,0,5,Missing bank statements.
5510,6864932,1007,2023-11-03,Full-Time,34898,727.0,No,Yes,Approved,1228.92,1862,4,docs expired
5511,6865953,218,2021-07-27,Unemployed,116269,708.0,No,Yes,Approved,3593.28,3743,3,Applicant provided pay stubs.
5512,6866781,1231,2023-01-03,Part-Time,40352,361.0,No,No,Approved,3245.76,3381,5,
5513,6869306,837,2022-03-24,Retired,227307,701.0,No,No,Approved,5284.8,5505,4,Flagged for manual review.
5514,6869619,1635,,Full-Time,223282,,No,Yes,Under Review,3084.18,4673,4,
5515,6870120,877,2022-07-31,Contract,197303,850.0,No,Yes,Denied,2803.02,4247,4,
5516,6870746,1332,,Student,11320,773.0,No,No,Approved,2754.18,3531,3,
5517,6870762,1592,2023-07-09,Student,112706,614.0,Yes,No,Under Review,2348.94,3559,1,Missing bank statements.
5518,6870895,299,2022-05-20,Part-Time,178604,674.0,No,Yes,Approved,3494.4,4480,5,income verified via Plaid
5519,6870899,1787,2023-03-08,Contract,128133,790.0,No,Yes,Approved,2220.24,3364,3,Applicant provided pay stubs.
5520,6873555,724,2021-03-06,Part-Time,93526,,No,No,Approved,2294.88,2732,4,Applicant follow-up needed
5521,6874429,410,2024-01-10,Retired,130845,616.0,No,Yes,Approved,712.8,1188,2,
5522,6874890,954,,Contract,61195,702.0,No,Yes,Approved,3938.22,5967,4,.
5523,6878075,1095,2020-03-21,Full-Time,224413,791.0,No,Yes,Pending,1275.96,1519,3,Applicant follow-up needed
5524,6881780,399,2020-04-23,Full-Time,168611,511.0,No,Yes,Denied,2041.92,2127,3,
5525,6882930,843,2023-09-01,Unemployed,105459,747.0,No,Yes,Denied,1117.74,1433,1,Referred by agent.
5526,6882938,824,2020-10-03,Full-Time,152827,662.0,No,No,Approved,1611.84,1679,1,Flagged for manual review.
5527,6883721,1496,2022-05-26,Self-Employed,116844,616.0,No,No,Denied,4898.04,5831,5,
5528,6883854,1424,2021-10-20,Full-Time,106218,503.0,Yes,No,Approved,1940.64,2488,2,
5529,6884704,1270,2021-07-17,Contract,285162,,Yes,No,Approved,5114.88,5328,5,
5530,6885450,1082,2020-07-25,Self-Employed,116531,,No,Yes,Approved,913.44,1384,4,Co-signer pending review.
5531,6886677,960,2021-10-10,Unemployed,257565,814.0,No,Yes,Approved,1281.06,1941,3,Missing bank statements.
5532,6886805,1043,2022-03-18,Unemployed,41454,389.0,Yes,Yes,Denied,1875.06,2841,1,Applicant follow-up needed
5533,6889861,274,2022-09-05,Retired,152371,715.0,No,No,Approved,3286.14,4213,5,income verified via Plaid
5534,6893091,473,2020-05-20,Student,248900,664.0,Yes,Yes,Denied,3127.02,4009,4,Renewal case.
5535,6893491,740,2024-07-27,Student,119731,772.0,No,Yes,Pending,2585.28,2693,2,
5536,6895387,72,2024-10-04,Self-Employed,50238,684.0,Yes,No,Denied,1882.2,3137,2,
5537,6895724,337,2020-01-05,Student,89980,549.0,No,Yes,Approved,3649.92,3802,4,
5538,6895829,1574,2021-01-12,Self-Employed,108920,473.0,Yes,Yes,Pending,751.2,1252,3,Missing bank statements.
5539,6897110,1686,2021-10-03,Self-Employed,60858,720.0,No,Yes,Denied,3495.24,4161,1,docs expired
5540,6898586,123,2023-06-26,Retired,178399,519.0,No,No,Under Review,1011.84,1054,1,Co-signer pending review.
5541,6899270,651,2023-08-08,Contract,51304,633.0,Yes,No,Approved,2932.8,4888,4,Flagged for manual review.
5542,6899834,1086,2024-09-23,Part-Time,139324,,Yes,Yes,Withdrawn,3806.4,4880,2,Renewal case.
5543,6900282,1159,2021-02-18,Retired,86210,762.0,Yes,Yes,Approved,2527.98,3241,1,.
5544,6900393,1181,2020-02-15,Self-Employed,90583,782.0,No,Yes,Under Review,2555.52,3872,5,Missing bank statements.
5545,6902096,1669,2020-02-27,Full-Time,84908,703.0,No,Yes,Withdrawn,933.6,1556,4,
5546,6903903,579,2020-02-13,Contract,125855,804.0,No,Yes,Approved,4918.2,5855,2,
5547,6908214,1534,,Part-Time,76575,742.0,No,Yes,Denied,1495.68,0,1,docs expired
5548,6911554,788,2024-08-06,Self-Employed,155198,762.0,No,No,Approved,4475.52,5328,1,Co-signer pending review.
5549,6911565,222,2022-03-18,Part-Time,191879,750.0,No,No,Denied,1655.28,2508,5,
5550,6914188,542,2023-07-06,Contract,20441,746.0,No,No,Withdrawn,1119.0,1865,5,
5551,6915211,222,2022-11-06,Contract,49750,699.0,No,Yes,Approved,1655.28,2508,2,
5552,6918717,989,2022-07-13,Retired,182224,673.0,No,Yes,Withdrawn,1552.32,1848,5,Referred by agent.
5553,6919690,775,2023-01-20,Part-Time,207400,611.0,Yes,No,Withdrawn,943.32,1123,2,
5554,6927436,1744,2020-06-01,Self-Employed,47796,,No,No,Approved,5146.68,7798,3,Renewal case.
5555,6928359,1232,2022-12-25,Part-Time,224100,811.0,Yes,Yes,Approved,1713.6,2856,2,.
5556,6928947,1360,2023-05-31,Student,6343,,No,Yes,Approved,1438.08,1498,1,
5557,6929544,567,2020-05-10,Unemployed,61231,,No,No,Pending,1066.8,1778,4,
5558,6934086,49,2020-02-23,Contract,122667,793.0,No,No,Withdrawn,2453.22,3717,2,
5559,6934598,576,2021-07-14,Part-Time,25287,641.0,No,No,Pending,1090.32,1652,5,income verified via Plaid
5560,6935810,124,2024-11-29,Part-Time,230286,591.0,No,Yes,Under Review,775.32,994,3,
5561,6937911,98,2024-10-09,Retired,75420,774.0,No,Yes,Pending,1862.4,1940,2,income verified via Plaid
5562,6939264,109,2024-10-01,Full-Time,206546,741.0,Yes,Yes,Approved,1506.96,0,5,
5563,6940731,212,2024-12-04,Full-Time,264993,,No,No,Denied,1713.6,1785,1,Applicant follow-up needed
5564,6941879,584,2024-01-16,Full-Time,86082,715.0,Yes,Yes,Denied,3364.8,3505,4,Applicant provided pay stubs.
5565,6943121,547,2020-05-26,Contract,204453,559.0,No,Yes,Denied,2808.3,4255,4,Renewal case.
5566,6945437,625,2022-09-25,Contract,239440,396.0,No,Yes,Approved,2017.86,2587,4,Referred by agent.
5567,6945442,645,2020-01-31,Unemployed,40909,850.0,Yes,No,Pending,4734.84,7174,5,Renewal case.
5568,6946165,726,2020-04-07,Retired,229882,675.0,No,Yes,Pending,1597.68,1902,3,
5569,6946647,1088,,Retired,184177,589.0,Yes,No,Approved,3582.6,5971,5,
5570,6946687,408,2020-01-12,Self-Employed,39107,,No,Yes,Withdrawn,5633.94,7223,1,.
5571,6949583,391,2023-04-28,Full-Time,237899,,No,Yes,Denied,2616.6,3115,3,
5572,6950017,1556,2023-02-09,Unemployed,25914,675.0,Yes,Yes,Approved,1989.0,2550,4,Applicant follow-up needed
5573,6950414,365,2021-11-25,Contract,92870,768.0,No,Yes,Denied,1847.82,2369,1,Renewal case.
5574,6950914,996,2021-12-08,Part-Time,209964,451.0,Yes,No,Pending,3776.4,6294,1,income verified via Plaid
5575,6951255,1458,2023-10-26,Full-Time,48702,712.0,No,No,Approved,3801.84,4526,5,
5576,6954716,1322,2024-08-29,Unemployed,154400,597.0,Yes,Yes,Approved,3102.96,3694,3,Applicant provided pay stubs.
5577,6955473,987,2020-12-04,Retired,67018,348.0,No,Yes,Under Review,3730.98,5653,5,Renewal case.
5578,6956378,1419,2024-01-08,Part-Time,76427,325.0,No,No,Pending,2752.62,3529,2,Referred by agent.
5579,6957438,1429,2021-08-24,Contract,214084,618.0,Yes,Yes,Denied,2703.6,4506,5,.
5580,6959022,413,2022-06-11,Student,160675,689.0,No,No,Denied,3894.0,6490,1,Applicant provided pay stubs.
5581,6959975,1422,2024-09-26,Self-Employed,131573,685.0,No,No,Withdrawn,1496.22,2267,3,
5582,6961184,1057,2024-08-27,Contract,138825,841.0,No,No,Withdrawn,3382.08,3523,1,income verified via Plaid
5583,6961631,744,2020-05-25,Student,248991,730.0,No,Yes,Pending,3557.76,3706,3,Missing bank statements.
5584,6963347,679,2023-06-18,Contract,117004,,No,No,Denied,2830.08,2948,2,
5585,6963351,1380,2024-07-02,Unemployed,144025,,No,No,Approved,8010.24,8344,1,docs expired
5586,6964111,439,2022-04-08,Student,31969,,No,Yes,Pending,1864.32,1942,5,Applicant provided pay stubs.
5587,6964419,708,2023-03-19,Part-Time,135909,735.0,No,Yes,Pending,4201.86,5387,3,Flagged for manual review.
5588,6964715,1664,2023-10-27,Part-Time,60906,776.0,No,No,Approved,3832.32,3992,5,
5589,6964942,1441,2021-01-07,Self-Employed,119229,510.0,No,Yes,Approved,2980.38,3821,4,Co-signer pending review.
5590,6966761,786,2020-11-20,Full-Time,120345,698.0,No,No,Pending,1850.16,2372,5,income verified via Plaid
5591,6966822,256,,Retired,91969,677.0,No,No,Approved,2154.24,2244,4,Applicant follow-up needed
5592,6968580,829,2024-09-04,Retired,40603,849.0,No,No,Approved,4846.08,5048,3,Applicant provided pay stubs.
5593,6969292,534,2021-08-20,Retired,185616,549.0,No,No,Pending,2857.92,2977,5,Applicant provided pay stubs.
5594,6969758,570,2020-09-14,Part-Time,310365,650.0,No,No,Approved,3786.42,5737,5,
5595,6970670,889,2024-05-25,Retired,228079,782.0,No,Yes,Approved,2694.0,4490,5,Applicant follow-up needed
5596,6971348,501,2023-07-13,Self-Employed,70593,792.0,No,Yes,Withdrawn,969.54,1469,2,docs expired
5597,6972293,359,2021-12-16,Student,61943,689.0,No,No,Withdrawn,2237.76,2331,3,Missing bank statements.
5598,6972989,894,2022-01-24,Unemployed,52259,485.0,No,No,Denied,1732.5,2625,2,docs expired
5599,6973018,792,2023-12-05,Contract,176233,763.0,Yes,No,Denied,2636.4,4394,5,Applicant follow-up needed
5600,6975780,435,2022-08-09,Self-Employed,141197,629.0,No,Yes,Denied,1661.76,0,5,Referred by agent.
5601,6980047,144,2024-05-04,Student,310130,735.0,Yes,Yes,Denied,4394.28,6658,2,Missing bank statements.
5602,6980646,1277,2024-10-17,Retired,24373,616.0,Yes,Yes,Approved,1235.52,1872,3,
5603,6982067,333,2020-11-08,Student,385000,795.0,Yes,Yes,Denied,831.0,1385,1,
5604,6982266,1185,2022-10-12,Unemployed,41216,,No,No,Denied,1339.8,2030,1,
5605,6982802,1329,2022-03-30,Unemployed,103358,503.0,No,Yes,Approved,2835.3,3635,4,Referred by agent.
5606,6984224,79,2021-10-15,Unemployed,19926,684.0,No,No,Denied,1683.6,2806,4,.
5607,6984635,1407,2020-09-11,Part-Time,228293,811.0,No,Yes,Approved,1657.8,2763,1,
5608,6984763,1535,2020-07-09,Full-Time,89744,738.0,No,No,Denied,4030.32,4798,2,
5609,6986987,364,2023-03-24,Self-Employed,106337,485.0,No,No,Denied,2643.84,0,2,income verified via Plaid
5610,6989287,697,2021-02-18,Student,170892,739.0,No,Yes,Under Review,2144.34,3249,1,
5611,6990316,628,,Retired,175712,420.0,Yes,No,Under Review,2689.2,4482,4,Flagged for manual review.
5612,6993177,461,2020-07-05,Full-Time,139528,305.0,No,Yes,Under Review,1679.16,1999,3,Renewal case.
5613,6995329,1193,2024-04-08,Full-Time,32780,620.0,No,No,Withdrawn,2923.8,4873,1,Co-signer pending review.
5614,6995905,1278,2023-12-29,Student,99666,609.0,No,No,Pending,1585.32,2402,1,income verified via Plaid
5615,6997188,1409,2022-12-21,Unemployed,176353,,No,Yes,Denied,3155.52,3287,5,
5616,6997842,741,2022-07-15,Part-Time,84136,752.0,No,No,Denied,3453.12,3597,3,Referred by agent.
5617,6998618,999,2022-02-13,Student,245011,703.0,No,Yes,Pending,1587.6,2646,5,Applicant follow-up needed
5618,6998730,1657,2022-11-17,Self-Employed,144059,757.0,No,No,Approved,5254.8,8758,3,docs expired
5619,6998744,1218,2021-06-18,Part-Time,226689,611.0,No,Yes,Approved,6345.36,7554,1,
5620,7002864,1462,2020-12-14,Contract,59431,,No,Yes,Approved,1483.2,1545,2,
5621,7003821,1494,2024-05-10,Retired,206077,690.0,No,Yes,Denied,3272.1,4195,3,docs expired
5622,7004734,751,2022-03-24,Retired,182963,838.0,No,Yes,Approved,1781.64,2121,2,income verified via Plaid
5623,7005274,1645,2024-09-16,Retired,266559,,Yes,No,Under Review,3275.58,4963,4,Referred by agent.
5624,7005501,611,,Retired,38198,595.0,No,No,Denied,2465.4,4109,4,Missing bank statements.
5625,7006134,1135,2023-07-04,Part-Time,123242,646.0,No,Yes,Pending,2251.2,2680,5,Missing bank statements.
5626,7006378,417,2020-09-21,Full-Time,227770,688.0,No,No,Under Review,5594.16,7172,5,
5627,7006521,600,2023-01-08,Part-Time,52204,752.0,No,No,Approved,705.6,840,3,income verified via Plaid
5628,7007115,164,2023-04-15,Retired,141680,784.0,Yes,No,Approved,2666.88,0,5,income verified via Plaid
5629,7009801,680,2021-09-07,Unemployed,29334,576.0,No,No,Denied,747.12,1132,4,income verified via Plaid
5630,7009848,404,2024-01-04,Full-Time,238685,811.0,No,No,Pending,5048.34,7649,1,
5631,7010062,126,2020-12-15,Self-Employed,120974,698.0,No,Yes,Denied,1742.52,2234,5,Referred by agent.
5632,7010527,1615,2023-08-02,Contract,205045,804.0,No,No,Pending,1018.92,1213,3,docs expired
5633,7010555,1368,2023-07-24,Unemployed,240458,651.0,No,Yes,Pending,2417.22,3099,3,Co-signer pending review.
5634,7011817,1199,2022-07-15,Full-Time,130109,822.0,No,No,Pending,3036.54,3893,3,docs expired
5635,7011841,201,,Contract,88867,396.0,No,Yes,Under Review,2332.8,2430,4,.
5636,7012545,216,2021-11-21,Student,240877,750.0,No,Yes,Denied,1619.52,1687,2,
5637,7012592,723,2023-03-09,Contract,205123,616.0,No,Yes,Approved,3107.4,5179,5,Renewal case.
5638,7013469,1474,2023-12-06,Full-Time,85098,350.0,Yes,Yes,Approved,3555.24,4558,5,
5639,7016299,385,2022-09-07,Part-Time,126218,793.0,No,Yes,Approved,3042.6,5071,2,Referred by agent.
5640,7016563,461,2024-11-09,Full-Time,80565,806.0,No,Yes,Withdrawn,1199.4,1999,5,
5641,7017180,826,2022-06-24,Unemployed,214729,689.0,No,Yes,Approved,2954.82,0,3,
5642,7018118,1394,2021-01-26,Full-Time,87760,,Yes,No,Under Review,1347.36,1604,2,Referred by agent.
5643,7020297,1598,2022-08-04,Contract,148775,480.0,No,Yes,Approved,1951.8,3253,1,Applicant follow-up needed
5644,7026785,557,2024-12-05,Student,39503,,No,Yes,Approved,2987.88,3557,1,Referred by agent.
5645,7027429,200,2020-02-06,Unemployed,155763,,No,No,Approved,2342.76,2789,1,
5646,7027527,1451,2022-11-11,Retired,111005,761.0,No,Yes,Under Review,2750.22,4167,4,Referred by agent.
5647,7029670,938,2022-05-04,Unemployed,112653,833.0,No,Yes,Approved,4687.2,5580,4,Flagged for manual review.
5648,7030974,930,2024-08-17,Unemployed,183362,,No,Yes,Approved,1896.96,2432,1,Renewal case.
5649,7032007,1380,2024-01-20,Retired,77949,760.0,No,Yes,Approved,6508.32,8344,3,docs expired
5650,7032695,94,2023-02-23,Part-Time,47056,497.0,No,Yes,Denied,3929.28,4093,1,Applicant provided pay stubs.
5651,7032902,103,2022-01-03,Part-Time,164979,616.0,No,No,Denied,4504.32,4692,5,Applicant provided pay stubs.
5652,7034212,1620,2020-07-01,Retired,153861,677.0,No,No,Approved,3810.3,4885,4,docs expired
5653,7034875,1127,2024-04-09,Unemployed,203451,,Yes,Yes,Denied,2723.76,3492,5,Applicant follow-up needed
5654,7036198,396,2023-07-07,Full-Time,58770,843.0,Yes,No,Approved,2845.26,4311,1,Flagged for manual review.
5655,7036677,967,2023-01-09,Retired,236324,381.0,Yes,No,Approved,1220.34,1849,5,Missing bank statements.
5656,7036929,119,2024-01-07,Student,80330,776.0,No,No,Denied,4598.4,4790,3,
5657,7040103,1283,2023-11-11,Student,151801,819.0,No,Yes,Approved,6365.4,10609,2,.
5658,7041347,1178,2020-09-09,Retired,121208,709.0,No,No,Approved,2100.54,2693,2,.
5659,7041972,380,2022-08-13,Contract,138673,689.0,No,No,Approved,5001.6,5210,2,
5660,7042009,451,2022-12-30,Full-Time,100998,,No,No,Denied,4252.56,5452,1,docs expired
5661,7043931,642,2022-04-08,Full-Time,72816,759.0,No,No,Approved,815.04,849,5,
5662,7044851,483,2022-08-08,Retired,105617,777.0,No,No,Approved,955.2,0,1,Renewal case.
5663,7047706,939,2020-12-27,Full-Time,102662,633.0,No,Yes,Approved,1440.6,2401,1,
5664,7053249,1506,2022-10-23,Self-Employed,163291,754.0,No,Yes,Pending,1840.44,2191,2,Applicant follow-up needed
5665,7053292,920,2023-07-21,Full-Time,2651,842.0,No,Yes,Approved,3291.84,3429,5,.
5666,7053904,383,2023-11-10,Retired,116569,787.0,No,Yes,Approved,1956.9,2965,1,
5667,7054997,851,2022-12-13,Part-Time,150100,745.0,Yes,Yes,Approved,1297.56,1966,1,Co-signer pending review.
5668,7055361,910,2022-08-03,Self-Employed,26701,804.0,No,Yes,Denied,1614.36,2446,5,
5669,7055599,377,2020-01-31,Full-Time,244950,668.0,No,Yes,Denied,855.0,1425,4,
5670,7055618,512,2020-10-14,Part-Time,99920,822.0,No,No,Denied,5433.78,8233,2,
5671,7055840,1341,2023-06-05,Self-Employed,130441,725.0,No,No,Under Review,5790.96,6894,5,Applicant provided pay stubs.
5672,7056895,222,2024-06-06,Unemployed,249600,618.0,No,Yes,Denied,1504.8,2508,4,Referred by agent.
5673,7057865,1346,2022-04-14,Student,165509,,No,No,Approved,2158.86,3271,4,.
5674,7057870,958,2021-03-01,Full-Time,97903,777.0,Yes,No,Withdrawn,1447.8,2413,3,Flagged for manual review.
5675,7060934,1107,2024-03-27,Student,197336,,Yes,Yes,Denied,2483.52,3184,5,Renewal case.
5676,7062371,351,2022-12-01,Part-Time,277694,519.0,No,No,Approved,3429.72,4083,5,
5677,7064897,953,2020-01-10,Retired,34566,741.0,No,Yes,Pending,4099.2,4270,3,Applicant follow-up needed
5678,7065235,409,2021-08-28,Unemployed,112834,581.0,Yes,No,Under Review,4614.72,6992,1,Flagged for manual review.
5679,7066472,1683,2021-12-29,Unemployed,58972,783.0,No,No,Denied,3210.9,4865,3,
5680,7068399,1699,2021-02-11,Full-Time,89845,,Yes,No,Denied,995.28,1508,3,Referred by agent.
5681,7068677,509,2021-07-09,Self-Employed,112772,317.0,Yes,Yes,Denied,2636.7,3995,5,Renewal case.
5682,7070177,829,2023-10-07,Self-Employed,2791,749.0,No,No,Denied,3331.68,5048,4,Missing bank statements.
5683,7070939,1473,2020-05-21,Unemployed,20034,771.0,No,No,Pending,3944.64,4696,4,income verified via Plaid
5684,7071252,734,2021-06-05,Contract,20018,838.0,Yes,No,Approved,1301.04,1668,2,
5685,7071386,334,2023-06-11,Contract,158227,723.0,No,No,Denied,2256.6,3761,1,Co-signer pending review.
5686,7071637,249,2023-06-11,Full-Time,89746,616.0,No,No,Approved,3261.96,4182,1,Referred by agent.
5687,7072844,1642,2023-06-13,Self-Employed,34259,680.0,No,No,Pending,2065.14,3129,4,income verified via Plaid
5688,7074083,897,2024-03-15,Full-Time,59672,572.0,Yes,No,Denied,826.8,1378,1,Applicant provided pay stubs.
5689,7077044,636,2022-05-03,Student,42637,693.0,No,Yes,Under Review,549.78,833,4,Applicant provided pay stubs.
5690,7079282,1601,2023-06-11,Student,69883,672.0,No,No,Approved,1402.2,2337,3,Applicant follow-up needed
5691,7083534,1357,2024-10-16,Part-Time,133300,701.0,No,Yes,Approved,1891.68,2252,4,Applicant follow-up needed
5692,7083687,1454,2024-10-04,Unemployed,104333,797.0,No,No,Approved,982.8,1170,3,Renewal case.
5693,7084216,527,,Contract,180613,,No,Yes,Approved,1478.4,2464,2,
5694,7085172,1612,2022-07-23,Retired,113528,,No,No,Approved,1660.62,2129,4,Applicant provided pay stubs.
5695,7088283,1552,2024-01-21,Part-Time,149781,498.0,No,Yes,Approved,508.2,847,1,Referred by agent.
5696,7088658,1107,2022-06-24,Student,53593,651.0,No,No,Denied,2483.52,3184,5,income verified via Plaid
5697,7089968,293,2022-03-17,Unemployed,38274,843.0,No,No,Approved,2007.72,3042,1,
5698,7090114,1599,2020-09-30,Self-Employed,191375,,Yes,No,Approved,1971.0,3285,4,Referred by agent.
5699,7090238,1522,2023-07-06,Retired,117155,801.0,No,No,Approved,2321.4,3869,4,
5700,7095429,1036,2022-06-11,Part-Time,196323,736.0,Yes,No,Denied,3145.92,3277,2,income verified via Plaid
5701,7096934,178,2022-01-29,Retired,133004,762.0,No,No,Approved,2964.36,3529,2,Renewal case.
5702,7097170,861,2023-10-12,Student,48256,642.0,Yes,Yes,Denied,1849.8,3083,3,
5703,7098096,682,2022-02-21,Part-Time,226600,632.0,No,No,Denied,5364.84,6878,2,
5704,7099070,1655,2021-09-13,Unemployed,3389,761.0,No,No,Approved,4549.2,7582,3,Applicant provided pay stubs.
5705,7099141,1106,2021-07-06,Student,56513,672.0,No,No,Approved,839.52,1272,4,
5706,7101267,980,2022-04-30,Contract,186611,663.0,Yes,No,Denied,1391.04,1656,1,Referred by agent.
5707,7102705,1317,2024-09-12,Part-Time,36984,,No,No,Withdrawn,2198.28,0,3,Co-signer pending review.
5708,7103478,319,2021-08-27,Retired,67414,657.0,No,No,Approved,2206.62,2829,1,Co-signer pending review.
5709,7105611,890,2021-07-26,Unemployed,296663,731.0,No,No,Approved,9810.36,11679,5,
5710,7106538,76,2022-05-11,Unemployed,36120,838.0,No,No,Withdrawn,1846.08,1923,5,
5711,7108680,772,2021-11-23,Full-Time,32236,,No,No,Under Review,2461.44,2564,1,docs expired
5712,7112524,1334,2022-05-27,Contract,220929,731.0,Yes,Yes,Approved,7081.8,11803,4,income verified via Plaid
5713,7112928,750,2020-01-26,Full-Time,44545,841.0,No,No,Approved,3745.92,3902,5,docs expired
5714,7113497,1548,2023-06-05,Self-Employed,41364,817.0,No,No,Approved,4717.02,7147,2,Applicant follow-up needed
5715,7113796,1616,2020-02-13,Self-Employed,114795,,No,Yes,Denied,3945.24,5058,1,.
5716,7117466,1052,2023-10-14,Self-Employed,126452,763.0,No,No,Approved,2293.5,0,5,
5717,7118053,1406,2020-02-22,Unemployed,226385,834.0,No,No,Denied,2399.1,3635,4,
5718,7118230,958,2021-11-16,Retired,232332,622.0,Yes,No,Pending,2316.48,0,5,income verified via Plaid
5719,7120223,501,2024-06-02,Unemployed,131276,779.0,No,Yes,Approved,1410.24,1469,4,Applicant follow-up needed
5720,7121744,386,,Student,153933,,No,Yes,Approved,1794.0,2300,5,Applicant follow-up needed
5721,7121841,846,2023-04-25,Part-Time,47323,724.0,No,No,Withdrawn,1431.3,1835,3,
5722,7125988,1,2023-03-19,Student,153876,395.0,No,Yes,Pending,561.66,851,3,.
5723,7126538,1119,2022-03-13,Part-Time,166466,681.0,No,Yes,Pending,2162.16,3276,4,Referred by agent.
5724,7127652,1079,2020-09-07,Unemployed,170213,551.0,Yes,Yes,Pending,1962.84,2974,1,income verified via Plaid
5725,7130129,206,2024-03-23,Part-Time,822000,708.0,No,Yes,Denied,2373.36,3596,5,Applicant provided pay stubs.
5726,7132040,1404,2022-06-06,Self-Employed,124548,675.0,No,No,Approved,581.4,969,5,Renewal case.
5727,7133067,1003,2021-08-11,Contract,176933,653.0,No,No,Denied,8386.56,8736,4,Missing bank statements.
5728,7135392,1539,2020-11-04,Contract,220558,714.0,No,Yes,Approved,6985.68,8956,2,Applicant provided pay stubs.
5729,7136184,18,2024-03-14,Contract,65301,768.0,Yes,No,Denied,1761.54,2669,3,Co-signer pending review.
5730,7137060,303,2021-02-01,Full-Time,25709,717.0,No,No,Withdrawn,3143.4,5239,5,income verified via Plaid
5731,7137647,1417,2024-10-23,Unemployed,186763,417.0,Yes,Yes,Denied,4330.2,5155,2,
5732,7140398,343,2024-09-12,Unemployed,153916,640.0,No,No,Denied,1587.6,2646,3,Referred by agent.
5733,7141763,434,2020-10-06,Retired,65892,485.0,No,No,Under Review,2866.5,3675,5,Missing bank statements.
5734,7142915,131,2023-06-23,Unemployed,12714,670.0,No,Yes,Pending,836.22,1267,4,income verified via Plaid
5735,7143500,1754,2020-08-21,Contract,172120,795.0,No,No,Approved,4596.48,4788,2,Co-signer pending review.
5736,7143662,1520,2020-09-16,Student,148525,746.0,No,No,Under Review,1721.28,2608,4,Referred by agent.
5737,7145564,1284,2022-10-24,Unemployed,126510,781.0,No,No,Denied,3688.08,5588,4,Applicant provided pay stubs.
5738,7147633,1609,2021-04-06,Self-Employed,210575,612.0,No,Yes,Approved,3451.2,5752,2,Missing bank statements.
5739,7149163,755,2024-05-26,Student,286536,416.0,Yes,No,Pending,4778.28,6126,5,Referred by agent.
5740,7153260,1209,2024-01-03,Self-Employed,177232,692.0,Yes,Yes,Withdrawn,1555.8,2593,5,Renewal case.
5741,7153678,1498,2020-08-11,Contract,188824,694.0,Yes,No,Approved,1869.6,3116,2,Referred by agent.
5742,7154196,1036,2024-04-09,Retired,196517,649.0,No,Yes,Denied,2162.82,3277,4,Missing bank statements.
5743,7154996,626,2022-03-15,Contract,200142,,No,No,Approved,1672.44,1991,1,.
5744,7157254,467,2021-10-11,Student,306421,685.0,Yes,Yes,Pending,8036.16,8371,5,docs expired
5745,7158248,1029,2024-09-03,Part-Time,164113,,No,Yes,Approved,1374.78,0,3,
5746,7159697,1550,2023-06-15,Part-Time,178066,830.0,Yes,No,Approved,4288.32,4467,2,Renewal case.
5747,7160227,1373,2024-06-23,Contract,208181,694.0,Yes,Yes,Pending,548.4,914,5,Referred by agent.
5748,7160929,253,2024-05-20,Self-Employed,186000,738.0,Yes,Yes,Pending,3694.08,3848,2,Renewal case.
5749,7161122,600,2021-06-23,Part-Time,63897,620.0,No,No,Pending,806.4,840,1,Applicant provided pay stubs.
5750,7161740,552,2021-06-04,Unemployed,26824,767.0,No,Yes,Denied,5391.0,8985,1,
5751,7162456,465,2022-01-04,Full-Time,117223,805.0,No,Yes,Approved,1135.8,1893,3,
5752,7162911,1039,2021-08-18,Student,100229,601.0,No,No,Denied,3111.36,3241,3,
5753,7163684,819,2023-09-23,Part-Time,145258,,No,No,Withdrawn,3703.56,4409,3,Applicant follow-up needed
5754,7164833,469,2020-10-27,Part-Time,72232,,No,Yes,Withdrawn,3587.1,5435,4,docs expired
5755,7166167,242,2022-03-07,Unemployed,248496,593.0,No,No,Withdrawn,2370.24,2469,2,
5756,7167827,94,2024-05-12,Full-Time,93305,798.0,No,No,Denied,2455.8,4093,4,Applicant provided pay stubs.
5757,7169184,480,2022-02-04,Self-Employed,159507,804.0,No,No,Approved,2956.8,4480,4,docs expired
5758,7170578,185,2024-01-26,Contract,109382,606.0,No,No,Approved,3008.28,4558,1,Applicant follow-up needed
5759,7170825,920,2020-05-23,Student,40129,682.0,No,No,Approved,2263.14,3429,1,
5760,7172486,1714,2024-09-27,Self-Employed,34453,789.0,No,No,Approved,1851.3,2805,4,Applicant provided pay stubs.
5761,7172768,929,2024-07-19,Full-Time,146885,718.0,No,Yes,Approved,3081.54,4669,4,docs expired
5762,7173825,1251,2022-04-05,Contract,83089,412.0,No,Yes,Approved,3157.8,5263,4,
5763,7175270,1328,2021-03-19,Unemployed,213337,315.0,No,Yes,Denied,3763.32,5702,2,Missing bank statements.
5764,7176122,956,2023-03-16,Unemployed,176745,837.0,No,Yes,Denied,3332.16,3471,2,Referred by agent.
5765,7181300,608,2020-02-28,Retired,19309,640.0,Yes,No,Pending,3668.28,4367,5,income verified via Plaid
5766,7181489,1540,2023-05-06,Self-Employed,12744,694.0,No,No,Approved,2745.12,3268,3,Referred by agent.
5767,7183330,485,2024-07-14,Contract,36688,694.0,No,No,Denied,3262.08,3398,5,Applicant follow-up needed
5768,7183427,301,2021-10-31,Contract,94771,849.0,No,No,Approved,1854.84,2378,3,
5769,7184042,1402,2021-07-28,Contract,83046,786.0,No,Yes,Approved,599.28,908,1,Flagged for manual review.
5770,7184739,1740,2021-02-15,Full-Time,167461,701.0,Yes,No,Pending,2166.72,2257,1,
5771,7186373,1454,2020-06-08,Full-Time,76480,685.0,No,No,Approved,702.0,1170,2,Missing bank statements.
5772,7186479,601,2020-11-26,Full-Time,136814,698.0,No,No,Approved,1617.6,1685,2,Referred by agent.
5773,7187305,1437,2021-02-18,Contract,153332,357.0,No,No,Denied,4769.28,4968,1,docs expired
5774,7188788,694,2022-05-06,Self-Employed,210401,835.0,No,Yes,Approved,2793.96,3582,3,Flagged for manual review.
5775,7190404,483,2024-11-07,Contract,168374,,No,Yes,Approved,955.2,1592,5,
5776,7191451,8,2022-11-29,Contract,36096,343.0,No,No,Approved,5825.16,8826,4,Missing bank statements.
5777,7192531,1218,2021-02-16,Student,113891,777.0,No,No,Approved,5892.12,7554,4,Referred by agent.
5778,7197821,462,2022-09-23,Full-Time,142899,838.0,Yes,Yes,Pending,1556.28,2358,5,
5779,7198368,1075,2021-04-04,Contract,228320,495.0,Yes,Yes,Approved,3417.96,4382,4,Renewal case.
5780,7199642,1762,2024-12-01,Student,204804,708.0,Yes,Yes,Approved,1688.28,2558,3,Applicant follow-up needed
5781,7200617,1586,2024-04-07,Contract,69345,844.0,No,No,Approved,3695.34,5599,5,Co-signer pending review.
5782,7200658,1412,,Part-Time,197124,725.0,No,Yes,Approved,948.0,1580,4,
5783,7200803,1270,,Full-Time,244803,713.0,Yes,Yes,Under Review,3516.48,5328,5,Referred by agent.
5784,7201368,828,2024-08-09,Retired,221157,760.0,Yes,No,Pending,1411.74,2139,4,Applicant follow-up needed
5785,7201524,1617,2020-03-18,Student,87578,695.0,Yes,Yes,Approved,782.4,815,2,Renewal case.
5786,7202382,1394,2023-12-31,Unemployed,41660,,No,Yes,Pending,1058.64,1604,5,Referred by agent.
5787,7203079,597,2021-10-17,Unemployed,42857,775.0,No,No,Approved,1836.9,2355,3,
5788,7203319,1669,2021-08-26,Contract,63395,680.0,No,No,Approved,1026.96,1556,1,income verified via Plaid
5789,7203814,990,2024-09-16,Full-Time,214133,827.0,No,Yes,Denied,1975.74,2533,2,
5790,7209859,1119,2022-11-26,Contract,150324,778.0,Yes,No,Under Review,3144.96,3276,4,Flagged for manual review.
5791,7212618,1475,2022-02-14,Self-Employed,50713,781.0,Yes,Yes,Under Review,1113.6,1856,3,.
5792,7217429,485,2021-08-06,Retired,168187,628.0,Yes,Yes,Approved,2854.32,3398,1,Missing bank statements.
5793,7218388,1368,2024-01-10,Full-Time,20309,454.0,No,Yes,Approved,1859.4,3099,5,
5794,7218670,459,2021-03-24,Self-Employed,173916,653.0,No,No,Approved,1457.82,1869,1,Applicant follow-up needed
5795,7219067,1594,2022-11-14,Student,36532,667.0,No,Yes,Denied,4729.14,6063,2,docs expired
5796,7220393,1742,2022-05-07,Self-Employed,136687,744.0,Yes,Yes,Denied,2915.88,4418,1,Flagged for manual review.
5797,7220454,831,2022-01-07,Self-Employed,13628,672.0,Yes,Yes,Approved,1873.2,2230,2,Applicant provided pay stubs.
5798,7222179,619,2020-08-07,Full-Time,84116,,No,Yes,Pending,6163.2,10272,4,
5799,7222676,1150,2020-03-06,Retired,228110,736.0,No,Yes,Under Review,7587.6,12646,4,Flagged for manual review.
5800,7223093,496,2024-06-12,Full-Time,201369,,No,No,Denied,2236.26,2867,3,
5801,7223483,1549,2020-06-18,Unemployed,241728,749.0,Yes,Yes,Approved,1219.68,1848,3,.
5802,7223509,286,2020-05-31,Student,56633,831.0,No,No,Denied,8678.88,10332,5,Applicant follow-up needed
5803,7223868,1057,2023-12-03,Unemployed,164700,673.0,No,No,Denied,3382.08,3523,2,Co-signer pending review.
5804,7226118,965,2024-07-26,Self-Employed,46566,802.0,No,No,Withdrawn,2709.12,2822,5,Missing bank statements.
5805,7226384,229,2023-07-15,Part-Time,142953,835.0,No,No,Denied,1559.58,2363,2,Renewal case.
5806,7226956,967,2023-03-27,Full-Time,85016,703.0,No,No,Approved,1553.16,1849,4,
5807,7227525,812,2022-02-05,Unemployed,177065,786.0,No,No,Approved,2861.76,2981,2,Missing bank statements.
5808,7228162,1045,2020-04-03,Part-Time,6691,701.0,No,Yes,Approved,2728.2,4547,5,
5809,7229006,1339,2023-11-28,Retired,159512,821.0,No,No,Approved,1011.36,1204,1,Applicant follow-up needed
5810,7229173,755,2020-05-09,Contract,105973,736.0,No,Yes,Approved,5145.84,6126,3,
5811,7230969,654,2022-03-22,Student,42092,731.0,Yes,Yes,Denied,1855.2,0,4,Renewal case.
5812,7231096,1697,2023-09-10,Self-Employed,108427,645.0,No,No,Withdrawn,1329.9,1705,5,Missing bank statements.
5813,7231482,1350,2024-07-18,Full-Time,199068,728.0,No,Yes,Approved,2931.72,4442,4,
5814,7233724,1684,2020-03-27,Retired,69432,604.0,No,Yes,Denied,2547.72,3033,1,docs expired
5815,7235541,1718,2022-08-23,Contract,183963,742.0,No,Yes,Approved,1170.18,1773,2,Renewal case.
5816,7236574,825,2020-04-16,Student,154899,832.0,No,No,Approved,1785.0,2125,2,
5817,7237018,753,2023-08-05,Part-Time,137809,588.0,No,No,Approved,2113.8,2710,5,
5818,7238064,1579,2020-07-18,Full-Time,32950,734.0,No,No,Denied,2091.96,2682,4,Missing bank statements.
5819,7243495,1685,2022-09-04,Full-Time,150648,748.0,No,Yes,Approved,3682.56,4384,2,
5820,7244323,1251,2020-01-03,Part-Time,4684,769.0,No,No,Denied,4105.14,5263,4,Flagged for manual review.
5821,7244472,1248,2021-04-13,Part-Time,156310,597.0,No,No,Approved,5028.0,8380,4,Applicant follow-up needed
5822,7244893,606,2021-04-28,Contract,76275,830.0,No,Yes,Approved,1813.56,2159,5,Renewal case.
5823,7245521,1565,2023-02-25,Unemployed,465000,754.0,No,Yes,Withdrawn,3370.08,4012,5,Co-signer pending review.
5824,7247227,1575,2020-10-11,Unemployed,14764,849.0,Yes,No,Approved,2676.48,2788,4,
5825,7247363,1285,2022-12-09,Part-Time,179647,,No,Yes,Approved,3565.8,4245,3,Missing bank statements.
5826,7247369,1298,,Full-Time,159806,710.0,Yes,Yes,Approved,1286.4,1340,2,.
5827,7251135,1535,2021-12-12,Full-Time,446000,602.0,No,No,Withdrawn,2878.8,4798,2,
5828,7251421,383,2020-02-28,Full-Time,216853,548.0,No,Yes,Under Review,2490.6,2965,3,
5829,7251860,1378,2022-09-20,Retired,5314,797.0,No,Yes,Approved,684.84,878,5,Missing bank statements.
5830,7252679,361,2024-07-24,Part-Time,104156,660.0,Yes,No,Denied,4072.32,4242,3,.
5831,7255770,4,2023-07-23,Retired,196204,709.0,No,Yes,Approved,1454.04,1731,5,.
5832,7255853,843,2020-04-03,Retired,116107,833.0,Yes,Yes,Approved,1375.68,1433,5,Applicant provided pay stubs.
5833,7256571,394,2024-01-09,Student,114340,726.0,No,No,Approved,1620.48,1688,2,Flagged for manual review.
5834,7258301,1668,2024-08-06,Contract,33043,671.0,No,Yes,Approved,3932.94,5959,2,Co-signer pending review.
5835,7260769,725,2022-08-05,Student,65048,740.0,Yes,No,Denied,1495.68,1558,1,Missing bank statements.
5836,7261011,1256,2023-08-07,Contract,1808,785.0,No,Yes,Pending,3841.92,4002,4,.
5837,7261909,570,2020-04-08,Self-Employed,319607,844.0,No,No,Approved,3442.2,5737,4,Renewal case.
5838,7263507,319,2024-07-09,Part-Time,243471,722.0,No,No,Approved,2376.36,2829,3,.
5839,7264562,24,2020-03-25,Student,155292,585.0,No,Yes,Approved,2315.04,2968,5,
5840,7265785,1021,2024-08-26,Student,266891,806.0,Yes,No,Pending,1992.54,3019,4,docs expired
5841,7269218,851,2023-09-18,Self-Employed,213800,614.0,No,No,Under Review,1297.56,1966,3,Flagged for manual review.
5842,7269596,578,2023-08-11,Retired,115628,,No,No,Approved,3199.56,3809,1,Missing bank statements.
5843,7271786,1092,2022-03-07,Retired,104963,,No,No,Under Review,4771.2,7952,3,.
5844,7272028,252,,Student,25903,633.0,No,No,Pending,990.0,0,4,Referred by agent.
5845,7272294,433,,Part-Time,265102,671.0,No,No,Approved,2975.4,4959,2,
5846,7274036,160,2023-09-24,Student,58089,796.0,Yes,No,Approved,1022.4,1065,3,Applicant provided pay stubs.
5847,7274306,77,2024-03-14,Self-Employed,54380,799.0,No,Yes,Approved,1445.64,1721,5,
5848,7275088,411,2023-07-07,Student,71867,,No,Yes,Approved,856.8,1020,3,income verified via Plaid
5849,7275915,1685,2024-05-26,Contract,98705,799.0,No,Yes,Approved,2630.4,4384,2,
5850,7280651,1524,2021-03-06,Self-Employed,52903,794.0,Yes,Yes,Approved,1680.0,2800,5,Co-signer pending review.
5851,7281430,1580,2023-04-05,Unemployed,179809,,No,Yes,Under Review,652.8,1088,5,
5852,7282843,319,2021-05-12,Contract,6956,704.0,No,No,Denied,2376.36,2829,2,.
5853,7283093,442,2021-09-01,Unemployed,205007,658.0,Yes,Yes,Denied,3038.4,3165,5,
5854,7283488,627,2020-12-11,Retired,59480,682.0,No,No,Approved,2979.24,0,1,docs expired
5855,7284149,567,2021-11-07,Contract,178500,712.0,No,Yes,Approved,1706.88,1778,1,.
5856,7285339,43,2022-08-28,Self-Employed,88206,747.0,No,Yes,Approved,1976.4,3294,4,Missing bank statements.
5857,7285617,931,2020-07-21,Contract,318916,631.0,No,Yes,Approved,5575.08,6637,4,Applicant follow-up needed
5858,7285625,1507,2021-02-10,Self-Employed,169201,667.0,No,Yes,Approved,1784.4,2974,3,Applicant provided pay stubs.
5859,7286197,539,2023-04-28,Full-Time,147840,754.0,No,No,Denied,3811.08,4537,2,Co-signer pending review.
5860,7289309,1238,2023-12-12,Unemployed,156250,652.0,No,No,Denied,2442.72,2908,1,.
5861,7289435,165,2024-05-02,Part-Time,237987,797.0,No,No,Denied,2219.52,2312,3,Missing bank statements.
5862,7290397,927,2020-09-25,Part-Time,134899,746.0,No,Yes,Approved,5068.8,7680,4,Applicant follow-up needed
5863,7294329,452,2022-04-20,Part-Time,54412,768.0,No,Yes,Approved,3488.94,4473,5,docs expired
5864,7295661,271,2024-04-30,Unemployed,112332,,No,Yes,Approved,7805.76,8131,3,Missing bank statements.
5865,7295843,849,2024-06-20,Contract,131738,795.0,No,Yes,Denied,1869.0,2225,5,
5866,7296194,888,2023-09-24,Retired,812000,640.0,Yes,No,Approved,5014.08,5223,5,
5867,7296300,1381,2021-05-28,Contract,188373,757.0,No,No,Denied,1102.14,1413,4,
5868,7297272,1360,2021-06-28,Retired,199934,790.0,No,Yes,Under Review,1438.08,1498,5,
5869,7298651,438,2021-01-23,Retired,92715,,No,No,Pending,3206.4,3340,2,Applicant follow-up needed
5870,7298806,866,2024-02-27,Full-Time,287428,615.0,Yes,Yes,Denied,1930.5,2475,4,
5871,7298847,617,2021-01-12,Student,47422,692.0,No,No,Approved,2549.04,3268,5,Applicant follow-up needed
5872,7303422,1086,2021-01-25,Student,219928,752.0,No,Yes,Approved,2928.0,4880,3,docs expired
5873,7305985,853,2024-10-20,Part-Time,102758,746.0,No,Yes,Denied,768.0,1280,4,Applicant follow-up needed
5874,7308451,611,2022-04-25,Retired,140966,605.0,No,Yes,Under Review,3451.56,4109,5,Missing bank statements.
5875,7309021,370,2023-01-31,Full-Time,153129,,No,No,Approved,4347.84,4529,2,.
5876,7310342,1666,2024-03-02,Self-Employed,73057,765.0,Yes,Yes,Under Review,856.02,1297,4,Co-signer pending review.
5877,7311031,1371,2020-08-10,Retired,41207,587.0,No,No,Approved,2607.0,3950,2,
5878,7313058,688,2023-06-02,Full-Time,186966,768.0,No,No,Denied,2543.58,3261,2,Flagged for manual review.
5879,7315464,316,2023-06-17,Contract,43214,,No,No,Denied,2002.26,2567,5,Applicant provided pay stubs.
5880,7316215,258,2024-04-12,Retired,157899,588.0,No,No,Pending,2617.92,2727,2,.
5881,7316454,1649,,Unemployed,275973,813.0,No,Yes,Denied,1690.8,2818,3,Missing bank statements.
5882,7316697,1434,2023-12-07,Part-Time,233373,835.0,No,No,Denied,4631.22,7017,4,docs expired
5883,7319970,401,2024-10-23,Self-Employed,35214,622.0,No,No,Approved,5464.2,6505,5,Missing bank statements.
5884,7322969,1674,2022-02-05,Unemployed,47806,,No,Yes,Denied,1268.4,1510,3,
5885,7323350,122,2020-11-25,Full-Time,151310,627.0,Yes,No,Approved,1425.6,1485,2,Co-signer pending review.
5886,7323662,207,2024-08-07,Retired,93699,716.0,No,Yes,Approved,5580.96,6644,3,Co-signer pending review.
5887,7324179,1325,2023-01-11,Full-Time,199123,795.0,No,No,Approved,4376.64,4559,5,Referred by agent.
5888,7325497,272,2022-02-11,Contract,182613,687.0,No,No,Denied,816.0,1360,1,income verified via Plaid
5889,7326470,933,2020-10-31,Part-Time,191851,607.0,No,Yes,Denied,1653.12,1722,3,Renewal case.
5890,7326604,537,2021-02-19,Part-Time,63449,592.0,No,No,Approved,3802.68,4527,3,Renewal case.
5891,7327953,1798,2021-08-25,Full-Time,292115,708.0,No,Yes,Denied,5403.84,6928,1,
5892,7328188,75,2024-11-13,Part-Time,184577,733.0,Yes,Yes,Approved,5123.4,8539,1,Missing bank statements.
5893,7328800,701,2022-08-28,Contract,35687,467.0,No,Yes,Approved,878.46,1331,3,Referred by agent.
5894,7329509,817,2024-09-17,Retired,207632,754.0,No,Yes,Under Review,3616.08,4636,1,Applicant follow-up needed
5895,7330625,809,2021-08-16,Part-Time,130140,726.0,No,No,Withdrawn,1127.1,1445,1,.
5896,7331033,101,2022-01-10,Contract,47870,578.0,Yes,Yes,Approved,2420.04,2881,4,
5897,7331892,1320,2022-05-04,Self-Employed,142439,636.0,Yes,Yes,Approved,4369.56,5602,4,income verified via Plaid
5898,7332172,1739,2023-05-20,Student,164984,723.0,No,No,Denied,3377.88,5118,2,Referred by agent.
5899,7333233,1731,2021-12-20,Unemployed,213577,731.0,No,Yes,Under Review,2562.6,4271,1,income verified via Plaid
5900,7335408,234,2021-12-05,Contract,156230,629.0,No,No,Approved,2974.92,3814,1,docs expired
5901,7336130,1275,2023-06-07,Self-Employed,214792,739.0,No,Yes,Approved,3153.6,3285,5,
5902,7338564,1406,2024-09-21,Self-Employed,216830,717.0,Yes,Yes,Denied,2399.1,3635,4,Renewal case.
5903,7339429,48,2024-04-06,Student,220463,787.0,No,Yes,Approved,2661.12,2772,5,Renewal case.
5904,7339433,515,2020-12-18,Self-Employed,309809,674.0,No,Yes,Denied,4415.4,6690,3,Renewal case.
5905,7341546,984,2020-05-11,Part-Time,20012,767.0,No,No,Under Review,761.4,0,5,
5906,7342592,585,2020-12-31,Student,68321,528.0,No,Yes,Denied,5092.62,6529,4,
5907,7344116,1381,2022-01-20,Unemployed,209160,788.0,No,Yes,Approved,1186.92,1413,1,Referred by agent.
5908,7344381,1244,2021-07-23,Self-Employed,323492,763.0,Yes,No,Approved,6454.5,8275,4,Renewal case.
5909,7345662,379,2022-09-28,Student,77533,790.0,No,Yes,Approved,1086.6,1811,1,Applicant follow-up needed
5910,7346409,786,2020-07-16,Retired,227791,737.0,No,Yes,Pending,1850.16,2372,5,Missing bank statements.
5911,7347354,455,2022-10-06,Student,120056,612.0,No,No,Pending,3025.62,3879,1,Missing bank statements.
5912,7347416,717,2023-03-25,Contract,38430,602.0,No,No,Approved,4185.0,6975,5,
5913,7347560,688,2021-10-22,Self-Employed,39347,748.0,No,No,Denied,1956.6,3261,1,
5914,7350063,69,2022-11-26,Part-Time,53340,580.0,No,Yes,Approved,2349.36,3012,2,income verified via Plaid
5915,7350079,185,2022-06-09,Self-Employed,134977,785.0,No,Yes,Approved,3008.28,4558,4,Renewal case.
5916,7350198,786,2020-03-05,Student,117542,,No,Yes,Approved,1850.16,2372,3,Flagged for manual review.
5917,7350266,521,2022-08-24,Self-Employed,92938,655.0,No,Yes,Approved,727.74,933,5,Flagged for manual review.
5918,7350783,1518,2023-09-25,Retired,244311,762.0,No,Yes,Approved,2654.4,4424,3,
5919,7351741,1244,,Unemployed,24555,641.0,No,No,Withdrawn,6454.5,8275,4,income verified via Plaid
5920,7352577,842,2022-09-14,Unemployed,148102,766.0,No,No,Pending,801.84,1028,2,
5921,7352767,782,2020-05-03,Full-Time,215355,715.0,No,Yes,Pending,3179.52,3312,1,Applicant provided pay stubs.
5922,7353676,1054,2020-08-31,Contract,216244,816.0,No,Yes,Pending,1659.84,2128,4,
5923,7354277,955,2021-01-20,Full-Time,211584,455.0,Yes,No,Approved,2463.36,2566,2,
5924,7357518,585,2024-02-05,Part-Time,79594,758.0,No,Yes,Denied,6267.84,6529,1,Applicant follow-up needed
5925,7359734,741,2024-06-08,Unemployed,42936,752.0,No,Yes,Approved,2374.02,3597,1,Co-signer pending review.
5926,7360819,367,2020-11-08,Self-Employed,59714,791.0,No,Yes,Approved,1581.06,2027,2,Flagged for manual review.
5927,7361675,1728,2020-05-10,Contract,72916,,Yes,No,Denied,5759.52,7384,2,
5928,7364159,866,2022-07-31,Contract,83379,386.0,No,No,Approved,1633.5,2475,3,Flagged for manual review.
5929,7364218,715,2024-11-25,Full-Time,254749,,No,No,Approved,1665.72,1983,3,
5930,7365132,1642,2023-03-14,Self-Employed,205941,745.0,No,No,Denied,2440.62,3129,5,Co-signer pending review.
5931,7365949,405,2024-03-05,Contract,125915,503.0,Yes,Yes,Approved,1666.86,2137,4,Flagged for manual review.
5932,7366021,1179,2023-04-20,Unemployed,188246,,No,Yes,Withdrawn,5417.16,6449,3,Co-signer pending review.
5933,7368760,216,2022-08-01,Student,169445,790.0,Yes,No,Withdrawn,1012.2,1687,4,Co-signer pending review.
5934,7371406,1738,2023-04-24,Full-Time,60688,785.0,No,Yes,Denied,1649.7,2115,5,Co-signer pending review.
5935,7373019,1135,2021-04-20,Student,135063,822.0,No,No,Approved,1608.0,2680,2,income verified via Plaid
5936,7373586,1017,2023-11-14,Unemployed,90001,749.0,No,Yes,Denied,3432.0,4400,3,income verified via Plaid
5937,7375290,1167,2021-03-07,Contract,13962,693.0,No,Yes,Pending,6034.56,6286,1,docs expired
5938,7377450,1257,2022-12-07,Retired,78156,538.0,No,Yes,Approved,609.0,1015,2,Co-signer pending review.
5939,7379662,251,2023-07-09,Self-Employed,127052,615.0,Yes,No,Under Review,851.4,1419,2,Co-signer pending review.
5940,7381662,731,,Unemployed,102443,662.0,Yes,No,Pending,1248.72,1892,5,Missing bank statements.
5941,7381713,1635,2021-02-08,Student,86201,839.0,No,Yes,Denied,3084.18,4673,4,income verified via Plaid
5942,7385349,1791,2021-09-06,Student,50935,747.0,No,Yes,Withdrawn,3432.0,3575,1,
5943,7385770,907,2022-04-19,Retired,6827,651.0,No,No,Denied,1665.72,1983,3,Referred by agent.
5944,7387200,160,2021-02-15,Self-Employed,75882,696.0,No,Yes,Pending,702.9,1065,2,Referred by agent.
5945,7388021,8,2023-03-27,Part-Time,209470,730.0,No,Yes,Approved,5825.16,8826,1,
5946,7388384,1153,2021-04-26,Self-Employed,216404,822.0,No,No,Approved,980.1,0,1,Missing bank statements.
5947,7390552,1456,2020-04-13,Retired,234793,396.0,No,Yes,Approved,2943.0,4905,2,
5948,7391221,639,2023-05-01,Retired,87422,583.0,Yes,Yes,Denied,3933.12,4097,4,
5949,7393072,924,2022-08-23,Retired,76358,774.0,No,No,Approved,854.1,1095,2,
5950,7394365,1002,2023-09-18,Self-Employed,86447,,No,No,Approved,4987.8,8313,5,income verified via Plaid
5951,7394845,429,2022-11-29,Retired,101111,485.0,No,Yes,Pending,5532.48,5763,3,
5952,7395392,1374,2021-02-01,Contract,196632,584.0,No,No,Withdrawn,2925.78,3751,4,income verified via Plaid
5953,7397897,1327,2023-12-06,Part-Time,217759,849.0,Yes,Yes,Pending,2515.5,3225,2,docs expired
5954,7398007,329,2020-08-08,Retired,125226,798.0,No,Yes,Denied,1874.4,2840,4,
5955,7398280,1059,2020-10-22,Self-Employed,2754,435.0,No,No,Denied,2021.4,3369,2,Applicant follow-up needed
5956,7400355,179,2020-07-04,Unemployed,75644,691.0,No,No,Under Review,3299.4,4230,5,income verified via Plaid
5957,7403994,597,2024-10-15,Contract,102963,700.0,Yes,Yes,Denied,1554.3,2355,2,Flagged for manual review.
5958,7404382,1581,2020-03-26,Self-Employed,223146,638.0,Yes,Yes,Approved,683.76,814,5,Renewal case.
5959,7404611,819,2021-10-10,Part-Time,100199,720.0,No,Yes,Denied,3439.02,4409,3,Flagged for manual review.
5960,7405220,1391,2023-03-03,Self-Employed,153088,672.0,Yes,No,Approved,1517.1,1945,3,Applicant provided pay stubs.
5961,7406598,1149,2021-01-24,Contract,47389,722.0,Yes,Yes,Approved,5624.58,7211,5,
5962,7408082,241,2023-05-29,Self-Employed,137873,754.0,No,Yes,Under Review,1278.6,2131,3,Applicant follow-up needed
5963,7408826,964,2020-05-20,Student,169821,604.0,No,No,Pending,3578.4,4260,1,income verified via Plaid
5964,7409082,1506,2024-06-17,Part-Time,212535,833.0,Yes,Yes,Approved,1708.98,2191,5,Renewal case.
5965,7409770,1558,2020-07-06,Full-Time,156238,836.0,Yes,No,Approved,6216.96,6476,2,Applicant provided pay stubs.
5966,7409817,774,2021-02-01,Self-Employed,200007,628.0,No,Yes,Approved,3781.44,3939,5,.
5967,7409864,245,2020-03-16,Full-Time,106195,467.0,Yes,No,Denied,1983.6,3306,3,docs expired
5968,7410759,341,2021-09-26,Unemployed,247156,692.0,Yes,Yes,Approved,1366.8,2278,5,Renewal case.
5969,7413248,21,2024-11-24,Self-Employed,217573,712.0,No,No,Denied,536.4,894,3,
5970,7413803,1022,2024-03-10,Contract,271931,771.0,No,No,Approved,2989.44,3114,2,Missing bank statements.
5971,7414073,383,2023-05-21,Contract,73593,659.0,No,No,Approved,2490.6,0,3,Applicant provided pay stubs.
5972,7414245,1385,2023-08-21,Retired,208452,666.0,Yes,Yes,Approved,951.72,1442,1,.
5973,7416248,459,2021-07-25,Self-Employed,42467,733.0,Yes,No,Approved,1457.82,1869,4,docs expired
5974,7417027,747,2022-10-05,Student,74199,804.0,Yes,Yes,Approved,2506.56,2611,5,Renewal case.
5975,7417935,852,2024-09-16,Unemployed,245023,407.0,No,Yes,Denied,1034.88,1078,2,
5976,7419049,1277,2023-01-26,Full-Time,30769,,Yes,No,Approved,3214.08,3348,5,
5977,7419583,742,2022-05-08,Part-Time,124515,700.0,No,Yes,Approved,5025.72,5983,3,Renewal case.
5978,7421464,1622,2024-01-19,Retired,606000,677.0,Yes,Yes,Denied,1770.78,2683,3,Renewal case.
5979,7421572,1716,2023-02-23,Full-Time,240202,740.0,No,Yes,Approved,1924.56,2916,5,Co-signer pending review.
5980,7421583,1610,2020-07-19,Contract,105610,709.0,Yes,Yes,Pending,2917.44,3039,1,Applicant follow-up needed
5981,7422070,971,2021-07-05,Self-Employed,53525,367.0,No,Yes,Denied,2133.12,2222,2,
5982,7424526,841,2020-02-08,Self-Employed,103005,700.0,No,Yes,Approved,2514.96,2994,1,Co-signer pending review.
5983,7424683,954,2022-09-30,Part-Time,223952,846.0,No,No,Approved,3580.2,5967,3,
5984,7425332,930,2023-06-04,Retired,37696,749.0,No,Yes,Pending,1791.6,2986,2,.
5985,7427354,98,2022-12-17,Contract,189510,481.0,No,No,Pending,1513.2,1940,3,Flagged for manual review.
5986,7428772,519,2021-01-21,Part-Time,126620,768.0,No,Yes,Approved,4612.92,5914,5,docs expired
5987,7432398,934,2021-05-25,Full-Time,149917,765.0,No,No,Withdrawn,1213.08,0,1,
5988,7432498,123,2021-02-14,Self-Employed,243636,845.0,No,Yes,Denied,885.36,1054,1,income verified via Plaid
5989,7432785,1429,2020-07-16,Contract,247758,,No,No,Denied,2973.96,4506,2,
5990,7433377,1397,2020-02-13,Self-Employed,223788,677.0,No,Yes,Approved,816.6,1361,5,Flagged for manual review.
5991,7434543,173,2020-06-01,Unemployed,215552,827.0,No,No,Pending,2619.84,2729,4,Applicant follow-up needed
5992,7434928,1469,2024-03-05,Self-Employed,188600,646.0,No,Yes,Under Review,1650.6,0,4,Applicant follow-up needed
5993,7435185,1488,2022-12-01,Student,30579,690.0,No,Yes,Approved,5110.38,7743,4,Missing bank statements.
5994,7438303,1339,2020-07-05,Full-Time,230603,769.0,No,Yes,Withdrawn,1011.36,1204,3,Applicant provided pay stubs.
5995,7439026,1276,2022-12-27,Full-Time,150664,640.0,No,No,Pending,2128.32,2217,1,Co-signer pending review.
5996,7439079,662,2020-02-11,Retired,47244,,No,No,Approved,1003.86,1521,4,Flagged for manual review.
5997,7440576,1299,2021-09-20,Part-Time,125055,609.0,No,No,Approved,883.08,1338,2,
5998,7442573,1320,2020-11-10,Full-Time,193773,583.0,No,Yes,Withdrawn,3361.2,5602,2,income verified via Plaid
5999,7444118,410,2023-05-10,Full-Time,42661,604.0,No,No,Approved,784.08,1188,5,docs expired
6000,7444820,130,2020-09-14,Contract,91804,746.0,No,No,Approved,1228.8,1280,3,Flagged for manual review.
6001,7445125,1358,2020-07-16,Full-Time,56240,621.0,No,No,Denied,2602.38,3943,3,Flagged for manual review.
6002,7445175,507,2021-01-26,Full-Time,136223,740.0,No,No,Withdrawn,523.8,873,5,
6003,7447672,533,2023-03-25,Student,229440,670.0,No,No,Denied,2938.56,3061,2,
6004,7452571,298,2021-03-11,Part-Time,71260,661.0,No,No,Approved,6532.8,10888,1,Flagged for manual review.
6005,7452572,695,2023-04-10,Self-Employed,114524,736.0,No,No,Approved,1256.64,1496,4,Co-signer pending review.
6006,7455412,1131,2020-09-15,Unemployed,47091,708.0,No,No,Withdrawn,1002.6,1671,4,Referred by agent.
6007,7458010,1204,2020-05-23,Retired,33094,443.0,Yes,Yes,Approved,4000.8,6668,1,Renewal case.
6008,7458070,557,2021-02-02,Self-Employed,88011,781.0,Yes,No,Denied,3414.72,3557,5,Missing bank statements.
6009,7458129,535,2020-11-18,Self-Employed,216014,712.0,No,No,Approved,929.76,1192,5,Referred by agent.
6010,7459073,705,2022-02-13,Contract,235690,669.0,No,No,Approved,2975.04,0,1,Applicant follow-up needed
6011,7459311,419,2020-05-28,Contract,237529,,No,Yes,Pending,1847.04,1924,4,
6012,7462466,1473,2021-08-19,Contract,158388,705.0,No,No,Approved,3662.88,4696,2,docs expired
6013,7463470,100,2021-03-10,Part-Time,83663,,No,No,Denied,1480.2,2467,1,.
6014,7465805,1359,2024-08-07,Retired,206359,,No,No,Approved,3562.56,3711,3,Referred by agent.
6015,7467977,719,2023-08-24,Retired,114462,620.0,Yes,No,Denied,5243.7,7945,3,Applicant provided pay stubs.
6016,7468657,443,,Self-Employed,212620,754.0,Yes,Yes,Denied,4551.36,4741,2,Renewal case.
6017,7471479,1147,2022-04-30,Contract,63822,623.0,Yes,No,Denied,2350.08,2448,3,
6018,7473635,97,2024-03-24,Full-Time,227951,,No,Yes,Denied,1558.08,1623,2,docs expired
6019,7473874,1715,2021-07-20,Self-Employed,319842,,No,Yes,Approved,4046.4,4215,1,
6020,7474967,1400,,Part-Time,47011,705.0,No,Yes,Approved,2959.44,4484,2,Applicant follow-up needed
6021,7475458,309,2021-12-05,Part-Time,54366,551.0,No,No,Approved,2647.92,4012,5,Referred by agent.
6022,7477176,162,2020-08-23,Contract,22290,773.0,Yes,No,Denied,784.74,1189,3,Renewal case.
6023,7478155,1160,2021-04-17,Full-Time,286778,767.0,No,Yes,Denied,3447.36,3591,1,.
6024,7478826,1361,2021-04-16,Part-Time,225842,,No,No,Denied,1094.4,1824,2,Missing bank statements.
6025,7479850,1469,2022-06-17,Self-Employed,41531,748.0,No,No,Approved,2310.84,2751,3,Co-signer pending review.
6026,7480047,1341,2024-03-27,Full-Time,133557,407.0,No,No,Denied,6618.24,6894,4,Applicant follow-up needed
6027,7481787,93,2020-03-02,Part-Time,53475,692.0,No,Yes,Under Review,4646.46,5957,4,
6028,7483487,1380,,Part-Time,268253,655.0,No,No,Under Review,5507.04,8344,3,Flagged for manual review.
6029,7484095,921,,Unemployed,19505,770.0,Yes,No,Withdrawn,932.4,1110,4,
6030,7484311,1694,2021-04-01,Full-Time,84928,650.0,Yes,Yes,Approved,1519.32,2302,5,.
6031,7484372,516,,Student,193248,782.0,No,No,Approved,1122.0,1700,3,docs expired
6032,7485087,631,2020-07-08,Self-Employed,226471,628.0,No,No,Denied,1307.46,1981,5,Renewal case.
6033,7490677,745,2023-02-15,Unemployed,225141,820.0,No,Yes,Denied,5024.64,5234,5,Applicant follow-up needed
6034,7490936,597,2024-03-14,Student,179859,704.0,Yes,Yes,Denied,1978.2,2355,4,
6035,7493184,730,,Retired,108518,780.0,No,Yes,Denied,953.28,993,5,Applicant follow-up needed
6036,7493370,489,2020-11-18,Part-Time,66908,664.0,No,Yes,Approved,1606.8,2060,5,Co-signer pending review.
6037,7493386,523,,Student,141365,580.0,No,Yes,Approved,2570.1,3295,2,docs expired
6038,7493413,1228,2021-07-12,Contract,182812,756.0,No,No,Approved,672.0,1120,4,Missing bank statements.
6039,7493829,430,2021-08-14,Part-Time,182101,,No,Yes,Approved,1345.2,2242,2,
6040,7494720,195,2021-03-14,Part-Time,232679,620.0,No,No,Denied,4219.8,5410,2,.
6041,7496118,560,2024-08-13,Unemployed,191200,831.0,No,Yes,Pending,1362.48,1622,3,Missing bank statements.
6042,7496460,947,2020-08-15,Part-Time,146463,743.0,No,No,Pending,1925.22,2917,1,
6043,7499129,361,2021-02-02,Contract,79392,,Yes,Yes,Denied,2799.72,4242,5,income verified via Plaid
6044,7500782,1388,2021-03-16,Retired,66057,642.0,No,Yes,Denied,1193.94,1809,1,.
6045,7500810,1202,2020-07-20,Contract,195675,,No,No,Under Review,1554.6,2591,1,.
6046,7505578,1430,2020-01-30,Student,164860,617.0,No,Yes,Approved,1027.8,1713,2,
6047,7505659,712,2023-02-03,Full-Time,130568,741.0,No,Yes,Approved,3436.44,4091,3,Missing bank statements.
6048,7505787,1243,,Retired,204444,755.0,No,No,Approved,4289.4,7149,1,.
6049,7507773,1472,2024-09-17,Contract,216261,610.0,Yes,No,Denied,6578.88,6853,2,
6050,7509068,243,2022-12-29,Full-Time,147031,785.0,Yes,Yes,Approved,1655.16,2122,4,
6051,7509098,1734,2022-08-11,Unemployed,57189,813.0,No,No,Approved,2978.88,3103,4,Missing bank statements.
6052,7510180,1369,2022-03-25,Unemployed,98922,786.0,Yes,Yes,Pending,1303.38,1671,3,Renewal case.
6053,7513272,969,2022-05-26,Self-Employed,158940,686.0,No,No,Approved,1177.8,1510,4,.
6054,7518504,1311,,Retired,232382,819.0,Yes,Yes,Approved,993.3,1505,3,income verified via Plaid
6055,7519409,26,2020-07-03,Full-Time,122809,615.0,No,Yes,Denied,1455.36,1516,3,income verified via Plaid
6056,7520193,85,2022-09-16,Unemployed,179180,672.0,No,No,Approved,930.0,1550,3,Co-signer pending review.
6057,7520942,1331,2023-01-10,Full-Time,64590,705.0,No,No,Denied,3395.28,4042,1,income verified via Plaid
6058,7521391,1360,2020-12-05,Contract,227747,734.0,No,Yes,Denied,1168.44,1498,1,Co-signer pending review.
6059,7524015,945,2023-04-17,Full-Time,144126,,No,No,Under Review,3624.96,3776,2,
6060,7525733,1470,2020-08-22,Self-Employed,84030,783.0,Yes,Yes,Approved,1943.04,2944,5,Renewal case.
6061,7526062,896,2023-06-22,Self-Employed,343000,760.0,No,Yes,Denied,4776.42,7237,2,.
6062,7526768,1246,2023-06-12,Student,187700,762.0,No,No,Denied,1367.4,2279,2,docs expired
6063,7526806,1092,2022-09-28,Part-Time,42205,683.0,No,No,Approved,6202.56,7952,1,
6064,7527876,1260,2020-03-19,Contract,116491,798.0,Yes,No,Under Review,1859.88,0,4,Co-signer pending review.
6065,7529252,874,2023-06-04,Student,116091,387.0,No,No,Approved,4923.24,0,3,
6066,7532046,1210,2024-12-17,Part-Time,197189,614.0,No,No,Denied,1932.48,2928,3,Referred by agent.
6067,7532713,1587,2022-07-27,Self-Employed,22693,605.0,Yes,No,Approved,3171.84,3776,1,
6068,7535843,1732,2022-10-17,Contract,212561,779.0,No,No,Denied,1106.82,1677,3,Flagged for manual review.
6069,7539286,611,2024-08-15,Part-Time,209145,640.0,Yes,No,Approved,2465.4,4109,5,income verified via Plaid
6070,7540204,1467,2022-12-15,Contract,170891,794.0,No,No,Denied,1715.52,1787,1,
6071,7540941,1009,2023-02-09,Contract,53848,676.0,No,Yes,Under Review,2263.56,2902,2,
6072,7542507,1027,2024-09-09,Unemployed,306582,,No,Yes,Approved,2868.84,3678,1,Applicant follow-up needed
6073,7542624,1754,2024-03-17,Full-Time,233431,597.0,No,No,Denied,4596.48,4788,1,.
6074,7544441,784,2022-02-17,Retired,109798,,No,No,Approved,2089.92,2488,2,Renewal case.
6075,7545226,1046,2024-11-26,Contract,175165,694.0,No,No,Pending,1225.92,1277,3,docs expired
6076,7547263,37,2023-10-15,Full-Time,159530,821.0,No,No,Withdrawn,880.62,1129,4,Referred by agent.
6077,7547749,1334,2022-03-27,Self-Employed,317957,582.0,No,No,Pending,9206.34,11803,5,Applicant follow-up needed
6078,7552157,1529,2022-05-27,Self-Employed,38310,327.0,No,No,Approved,4369.92,4552,4,Referred by agent.
6079,7553433,921,2024-04-25,Unemployed,122524,690.0,No,Yes,Withdrawn,865.8,1110,2,.
6080,7554298,307,2022-03-01,Part-Time,83828,722.0,Yes,Yes,Pending,5117.64,7754,3,.
6081,7558191,352,2024-12-22,Self-Employed,187715,683.0,No,No,Approved,1423.8,2373,3,Flagged for manual review.
6082,7558474,1388,,Self-Employed,48351,683.0,No,Yes,Under Review,1736.64,1809,1,docs expired
6083,7558729,323,2021-04-17,Self-Employed,37130,589.0,No,Yes,Approved,5037.48,5997,3,
6084,7560517,139,2023-10-18,Part-Time,100272,,No,No,Approved,3919.08,5938,2,
6085,7562157,199,2022-11-09,Student,31294,740.0,No,No,Denied,1110.6,1851,1,Missing bank statements.
6086,7562195,1319,2020-03-31,Full-Time,174801,772.0,No,No,Withdrawn,2087.28,2676,4,Flagged for manual review.
6087,7562283,382,2020-06-15,Student,52172,728.0,No,Yes,Pending,4153.5,5325,5,.
6088,7562556,279,2021-03-05,Unemployed,63377,819.0,No,Yes,Denied,1480.08,1762,1,
6089,7563660,517,2022-06-22,Self-Employed,50226,,No,Yes,Under Review,4114.5,5275,3,
6090,7563822,181,2021-02-14,Part-Time,210800,763.0,No,Yes,Approved,710.58,911,2,Applicant follow-up needed
6091,7564413,497,2021-01-02,Full-Time,208356,766.0,Yes,No,Approved,2842.56,3384,4,
6092,7567927,66,2020-04-24,Student,183963,,No,Yes,Approved,1825.56,2766,3,
6093,7570540,1349,2020-05-29,Self-Employed,190981,833.0,No,Yes,Pending,2303.4,3490,2,Applicant provided pay stubs.
6094,7571807,184,2020-06-26,Retired,166058,796.0,Yes,No,Under Review,5112.96,5326,4,.
6095,7572003,1521,2022-10-25,Contract,93168,792.0,Yes,No,Approved,3074.76,3942,4,docs expired
6096,7572914,1296,,Contract,107302,754.0,No,Yes,Denied,1556.1,1995,4,
6097,7573258,157,2020-11-18,Unemployed,110422,720.0,No,No,Approved,8633.04,11068,5,
6098,7575536,1720,2022-07-25,Full-Time,69840,692.0,No,Yes,Approved,3744.84,5674,5,
6099,7575840,1590,2021-06-27,Part-Time,122285,,No,No,Under Review,939.18,1423,3,.
6100,7579466,157,2020-11-08,Retired,149567,,Yes,No,Denied,6640.8,11068,1,income verified via Plaid
6101,7582102,1029,2021-06-06,Unemployed,154649,715.0,No,No,Denied,1374.78,2083,4,
6102,7584006,1664,2023-09-19,Unemployed,85350,760.0,No,Yes,Approved,1874.88,1953,5,Renewal case.
6103,7585428,1435,2022-09-09,Student,11415,615.0,No,No,Under Review,2394.48,3628,1,income verified via Plaid
6104,7586820,1493,,Part-Time,183469,759.0,No,No,Denied,2821.44,2939,3,Missing bank statements.
6105,7587721,1227,2023-11-17,Part-Time,159800,847.0,No,No,Denied,1755.0,2250,5,Co-signer pending review.
6106,7591490,569,2022-04-13,Full-Time,197067,846.0,No,No,Denied,6794.76,8089,2,Applicant follow-up needed
6107,7591686,157,2021-05-21,Retired,264975,679.0,No,No,Withdrawn,10625.28,11068,4,Renewal case.
6108,7593824,532,2021-04-06,Part-Time,184553,734.0,No,No,Approved,929.88,1107,5,Applicant follow-up needed
6109,7598142,965,2020-05-18,Retired,216077,689.0,No,Yes,Approved,2201.16,2822,4,
6110,7598838,1013,2023-12-01,Self-Employed,219192,684.0,No,No,Pending,2114.58,2711,3,Applicant follow-up needed
6111,7599531,461,2022-06-19,Self-Employed,40994,751.0,No,No,Denied,1919.04,1999,2,docs expired
6112,7602080,1273,2024-10-07,Part-Time,239003,430.0,No,Yes,Under Review,6451.2,7680,5,Applicant provided pay stubs.
6113,7602975,59,2022-11-06,Unemployed,150338,812.0,No,No,Under Review,1967.16,2522,4,.
6114,7603914,209,2020-09-25,Retired,175712,703.0,No,Yes,Approved,4272.0,0,3,
6115,7605536,1088,2021-05-29,Retired,52911,664.0,Yes,No,Denied,3940.86,5971,4,income verified via Plaid
6116,7606632,113,2020-01-06,Part-Time,175423,680.0,No,No,Withdrawn,1749.54,2243,1,Referred by agent.
6117,7607028,1556,2021-03-07,Part-Time,133300,712.0,No,No,Approved,2142.0,2550,5,.
6118,7609326,932,2020-01-29,Student,198363,794.0,No,Yes,Denied,4883.76,5814,1,
6119,7609927,1317,2020-01-11,Contract,115317,632.0,Yes,No,Approved,2041.26,2617,5,Renewal case.
6120,7610820,60,2022-05-26,Full-Time,209726,,No,Yes,Denied,697.2,1162,4,income verified via Plaid
6121,7611375,1206,2024-02-05,Student,111415,687.0,No,Yes,Denied,2203.74,3339,4,
6122,7613949,498,2022-05-11,Unemployed,177180,609.0,No,No,Approved,1186.02,1797,2,Flagged for manual review.
6123,7614051,1576,,Self-Employed,143215,728.0,No,Yes,Pending,3822.06,5791,3,Applicant follow-up needed
6124,7616614,344,2020-11-22,Unemployed,212092,790.0,Yes,No,Approved,4583.04,4774,2,
6125,7621160,855,2024-12-12,Student,147180,824.0,No,No,Under Review,757.68,902,4,Applicant follow-up needed
6126,7621195,471,2020-04-22,Unemployed,13812,703.0,Yes,Yes,Pending,820.8,1368,3,docs expired
6127,7623228,1705,2020-09-04,Full-Time,137235,814.0,No,Yes,Approved,2477.16,2949,5,Flagged for manual review.
6128,7623750,1167,2022-06-20,Student,198528,702.0,No,No,Approved,3771.6,6286,1,Co-signer pending review.
6129,7624665,1686,2020-06-01,Unemployed,157713,612.0,Yes,Yes,Approved,2496.6,4161,3,Applicant provided pay stubs.
6130,7625212,1408,2024-03-21,Student,55951,724.0,No,Yes,Approved,2614.92,0,1,Missing bank statements.
6131,7625961,467,2024-08-15,Full-Time,108590,764.0,No,No,Denied,5524.86,8371,2,Applicant provided pay stubs.
6132,7627490,1479,2022-05-11,Retired,98570,689.0,No,Yes,Approved,1646.4,1960,2,Applicant follow-up needed
6133,7627653,649,2024-03-08,Unemployed,209191,706.0,No,Yes,Approved,2212.56,2634,5,Flagged for manual review.
6134,7627864,572,2023-06-05,Unemployed,88440,818.0,No,Yes,Withdrawn,1248.0,1300,3,Referred by agent.
6135,7628016,39,2022-08-29,Student,100493,684.0,No,No,Approved,2772.84,3301,5,Co-signer pending review.
6136,7629670,693,2023-04-07,Self-Employed,260796,720.0,No,No,Withdrawn,2798.64,3588,3,
6137,7629910,1435,2020-04-25,Unemployed,45024,838.0,No,Yes,Approved,3047.52,3628,1,Renewal case.
6138,7630426,189,2023-11-03,Student,163107,597.0,Yes,Yes,Withdrawn,2713.2,3230,3,docs expired
6139,7630775,1568,2021-07-23,Retired,23222,,No,Yes,Pending,3272.4,5454,3,
6140,7631163,208,2021-04-20,Part-Time,27733,636.0,No,No,Approved,716.52,853,5,Referred by agent.
6141,7631580,1065,2024-09-28,Part-Time,92626,754.0,No,No,Approved,2294.76,2942,5,
6142,7634327,771,2023-05-19,Self-Employed,187671,685.0,No,No,Withdrawn,1906.74,2889,4,Missing bank statements.
6143,7634476,132,2023-07-24,Retired,192216,812.0,No,No,Approved,1096.8,1828,2,Flagged for manual review.
6144,7634640,740,2020-12-09,Part-Time,3144,,No,Yes,Under Review,1777.38,2693,2,Co-signer pending review.
6145,7636132,69,2022-09-01,Full-Time,206638,316.0,No,No,Denied,2530.08,3012,4,
6146,7639553,683,2023-08-07,Part-Time,65123,460.0,No,No,Denied,1649.4,2749,5,docs expired
6147,7639770,1259,2023-02-09,Unemployed,146412,691.0,No,Yes,Approved,9222.72,11824,2,Flagged for manual review.
6148,7639890,1576,2020-04-01,Unemployed,116290,825.0,No,No,Pending,4516.98,5791,4,Flagged for manual review.
6149,7641908,203,2023-11-29,Retired,48686,693.0,No,No,Approved,1451.34,2199,2,Renewal case.
6150,7642155,617,2021-09-13,Unemployed,139467,594.0,No,Yes,Under Review,2549.04,3268,1,Referred by agent.
6151,7643779,1169,,Part-Time,119575,784.0,No,No,Approved,3495.36,3641,4,Applicant follow-up needed
6152,7644095,927,2022-09-21,Unemployed,185963,596.0,Yes,No,Denied,6451.2,7680,1,Applicant follow-up needed
6153,7644629,1407,2020-08-25,Full-Time,213936,708.0,No,No,Denied,1657.8,2763,4,income verified via Plaid
6154,7646745,1652,2022-07-09,Student,126377,739.0,Yes,No,Denied,1305.36,1554,3,
6155,7651361,292,2023-02-07,Full-Time,190364,559.0,No,Yes,Denied,920.64,959,1,Missing bank statements.
6156,7652668,1042,2022-05-12,Full-Time,214332,,Yes,No,Pending,1403.4,2339,2,Referred by agent.
6157,7656753,109,2021-06-01,Unemployed,238013,729.0,No,No,Approved,1506.96,1794,1,
6158,7658258,1394,2023-05-07,Student,158472,789.0,No,No,Approved,1058.64,0,1,docs expired
6159,7658401,1696,2023-04-20,Contract,231360,776.0,No,No,Denied,2134.08,2223,4,Applicant provided pay stubs.
6160,7660283,762,2020-01-23,Unemployed,22599,639.0,No,No,Denied,1277.76,1331,5,Referred by agent.
6161,7662487,115,2022-01-25,Full-Time,68632,727.0,No,No,Approved,3727.62,4779,4,Renewal case.
6162,7663532,1773,2023-06-03,Contract,182747,,No,No,Denied,4751.04,4949,3,Co-signer pending review.
6163,7663973,1549,2022-09-02,Full-Time,219336,706.0,No,No,Approved,1441.44,1848,2,Missing bank statements.
6164,7666605,460,2024-12-23,Unemployed,109106,774.0,No,No,Approved,1462.56,2216,4,Applicant provided pay stubs.
6165,7666644,176,2022-01-23,Full-Time,125758,688.0,No,Yes,Pending,6304.74,8083,4,Missing bank statements.
6166,7666657,224,2020-05-09,Contract,155200,844.0,No,Yes,Approved,4814.7,7295,3,
6167,7666795,393,2023-11-01,Unemployed,231714,819.0,No,No,Approved,2284.8,2720,5,Applicant provided pay stubs.
6168,7667854,1747,2022-04-04,Self-Employed,235576,700.0,No,No,Pending,3888.72,5892,3,Referred by agent.
6169,7670143,255,2023-09-29,Contract,214312,616.0,Yes,No,Approved,3508.8,0,4,
6170,7670985,947,2022-08-02,Self-Employed,146121,605.0,No,No,Approved,2800.32,2917,5,
6171,7671361,1554,2021-11-27,Self-Employed,91160,746.0,No,Yes,Approved,742.2,1237,1,.
6172,7672107,349,2020-09-15,Retired,57965,818.0,No,Yes,Pending,1825.98,2341,2,Referred by agent.
6173,7675212,1352,2022-09-13,Full-Time,78217,334.0,No,No,Pending,1267.8,2113,3,Referred by agent.
6174,7678610,1570,2021-12-19,Student,92888,,No,No,Approved,1217.7,1845,4,
6175,7679139,1368,2020-03-24,Unemployed,248278,587.0,No,No,Under Review,2417.22,3099,1,Applicant follow-up needed
6176,7679273,867,2024-11-12,Unemployed,140794,548.0,No,No,Denied,2286.24,3464,3,Applicant follow-up needed
6177,7683510,1369,2022-06-07,Full-Time,125709,828.0,No,Yes,Approved,1403.64,0,4,income verified via Plaid
6178,7685900,700,2020-06-28,Part-Time,25738,395.0,No,Yes,Pending,1406.4,2344,2,
6179,7687454,1661,2024-04-10,Unemployed,19046,736.0,Yes,No,Under Review,2887.56,3702,1,
6180,7688240,1539,2024-05-07,Retired,147436,,No,Yes,Denied,8597.76,8956,1,Missing bank statements.
6181,7688736,425,2022-06-11,Retired,22408,845.0,No,Yes,Denied,964.8,1608,1,Missing bank statements.
6182,7689095,126,2022-06-14,Contract,116639,603.0,No,No,Denied,1876.56,0,5,
6183,7689207,229,2024-08-13,Student,103088,836.0,No,No,Approved,1843.14,2363,4,docs expired
6184,7692808,1130,2021-07-27,Retired,167730,831.0,No,No,Denied,3369.6,0,4,.
6185,7693673,77,2022-12-06,Part-Time,40629,729.0,No,Yes,Approved,1652.16,1721,5,Applicant follow-up needed
6186,7697748,734,2024-06-13,Unemployed,120238,309.0,Yes,Yes,Approved,1601.28,1668,3,Renewal case.
6187,7698382,1161,2022-01-30,Contract,246739,,No,No,Approved,1717.56,2202,5,docs expired
6188,7700281,1275,2024-09-01,Full-Time,166143,733.0,No,No,Withdrawn,3153.6,3285,1,Flagged for manual review.
6189,7702837,1655,2020-12-21,Retired,160986,793.0,No,No,Pending,6368.88,7582,1,Flagged for manual review.
6190,7708518,1614,2024-06-22,Student,219214,,No,No,Approved,7435.2,7745,1,
6191,7709921,418,2022-11-29,Unemployed,197935,,No,Yes,Denied,2898.0,3450,5,Renewal case.
6192,7710612,892,2022-05-20,Unemployed,227708,600.0,No,No,Denied,3170.88,3303,2,Missing bank statements.
6193,7710672,518,2024-05-19,Part-Time,86289,499.0,No,No,Approved,3483.48,4466,5,Referred by agent.
6194,7710774,887,2023-10-26,Part-Time,53969,,No,No,Approved,3956.94,5073,3,income verified via Plaid
6195,7711665,549,2021-03-21,Part-Time,115100,792.0,No,No,Pending,2849.28,2968,1,Referred by agent.
6196,7712527,1189,2022-11-24,Contract,134313,748.0,No,Yes,Withdrawn,3337.62,4279,4,income verified via Plaid
6197,7712969,224,2024-01-03,Part-Time,20549,556.0,No,Yes,Denied,6127.8,7295,3,
6198,7713185,901,2023-07-02,Contract,167845,723.0,No,No,Pending,3352.8,5588,3,Flagged for manual review.
6199,7715692,1660,2024-01-14,Part-Time,101860,765.0,No,Yes,Under Review,1142.7,1465,1,Applicant provided pay stubs.
6200,7717377,950,,Part-Time,27267,500.0,Yes,No,Under Review,3475.92,4138,1,Renewal case.
6201,7718607,1232,2022-06-28,Student,139400,736.0,No,No,Approved,1713.6,2856,4,Referred by agent.
6202,7719059,1503,2022-09-19,Student,44121,813.0,No,No,Approved,2915.52,3037,2,docs expired
6203,7720139,79,2021-12-05,Unemployed,151873,720.0,Yes,No,Denied,2188.68,2806,1,.
6204,7722539,114,2020-05-23,Self-Employed,77923,688.0,No,No,Approved,2281.92,2377,5,Co-signer pending review.
6205,7727345,134,2024-05-28,Student,34841,760.0,No,Yes,Approved,2217.0,3695,5,Referred by agent.
6206,7727959,263,,Full-Time,155171,679.0,No,No,Approved,1066.26,1367,2,Renewal case.
6207,7731841,254,2022-11-16,Retired,92888,677.0,No,Yes,Withdrawn,2201.28,2293,2,
6208,7736206,1787,2022-12-03,Student,211083,792.0,No,No,Approved,3229.44,3364,2,
6209,7737259,156,2022-10-17,Unemployed,151061,614.0,No,Yes,Pending,3343.86,4287,1,
6210,7738343,602,2023-05-08,Part-Time,191183,,No,No,Approved,2964.48,3088,2,Flagged for manual review.
6211,7740250,166,2020-12-19,Full-Time,244095,651.0,No,No,Withdrawn,2882.88,3003,4,income verified via Plaid
6212,7740838,834,2021-12-04,Full-Time,47696,677.0,No,Yes,Approved,831.6,1260,2,
6213,7742300,911,2021-08-13,Retired,10146,665.0,No,No,Approved,4841.28,5043,1,Applicant provided pay stubs.
6214,7743022,1096,2024-10-27,Part-Time,32586,421.0,No,Yes,Approved,1520.4,2534,3,
6215,7743152,1130,2023-09-19,Self-Employed,66841,833.0,No,Yes,Denied,3369.6,5616,3,docs expired
6216,7744274,1172,2021-04-30,Student,44259,535.0,Yes,Yes,Approved,2924.88,3482,3,Referred by agent.
6217,7744787,1488,2022-07-07,Student,233055,671.0,No,No,Denied,6039.54,7743,4,Applicant follow-up needed
6218,7745182,1398,2021-07-04,Unemployed,228372,806.0,No,No,Approved,1928.52,2922,5,Co-signer pending review.
6219,7747115,813,2021-08-01,Part-Time,101725,783.0,Yes,Yes,Pending,1809.6,2320,2,Applicant provided pay stubs.
6220,7747385,874,2021-02-14,Part-Time,98347,748.0,No,Yes,Denied,4571.58,5861,5,Referred by agent.
6221,7751254,558,2023-07-13,Unemployed,112230,783.0,Yes,Yes,Approved,3254.94,4173,1,
6222,7751624,142,2020-10-02,Self-Employed,170554,848.0,No,Yes,Denied,3458.28,4117,4,
6223,7751964,1144,2023-09-30,Part-Time,49252,688.0,No,Yes,Approved,3258.06,4177,4,
6224,7752084,640,2021-03-07,Part-Time,157481,808.0,No,No,Denied,2498.76,3786,5,Renewal case.
6225,7752833,108,2021-02-04,Retired,113795,746.0,Yes,No,Approved,1069.86,1621,4,Applicant follow-up needed
6226,7752923,117,2021-10-11,Student,235736,535.0,Yes,No,Denied,1776.06,2691,5,
6227,7754437,1073,2023-01-10,Student,224940,512.0,No,Yes,Approved,1032.72,1324,2,
6228,7755363,1123,2022-05-11,Retired,144332,447.0,Yes,Yes,Under Review,1137.18,1723,2,Renewal case.
6229,7756483,432,2022-11-27,Retired,245329,681.0,No,No,Pending,2286.18,2931,4,Referred by agent.
6230,7757867,422,2023-03-15,Unemployed,159321,580.0,No,Yes,Approved,1027.2,1070,3,Flagged for manual review.
6231,7761357,1216,2023-10-17,Full-Time,18266,796.0,Yes,No,Pending,1671.54,2143,5,income verified via Plaid
6232,7761901,967,2020-12-13,Retired,206453,755.0,Yes,No,Approved,1109.4,1849,4,Renewal case.
6233,7763351,1417,2020-02-05,Self-Employed,214829,839.0,No,No,Approved,4020.9,5155,4,
6234,7763750,1024,2022-12-03,Student,230387,639.0,No,No,Approved,953.04,1444,4,Flagged for manual review.
6235,7766054,1347,,Contract,76933,752.0,No,No,Approved,531.3,805,3,Applicant provided pay stubs.
6236,7767969,792,2022-11-16,Student,131487,770.0,No,No,Withdrawn,2900.04,4394,5,Applicant provided pay stubs.
6237,7772512,405,,Student,105020,795.0,No,No,Denied,1410.42,2137,4,
6238,7772776,1127,2022-11-14,Retired,48071,623.0,No,No,Denied,3352.32,3492,5,Renewal case.
6239,7774994,803,2022-07-30,Student,147430,779.0,No,Yes,Under Review,6559.8,8410,5,income verified via Plaid
6240,7775974,688,2021-06-13,Part-Time,287968,748.0,No,No,Approved,3130.56,3261,5,Missing bank statements.
6241,7777189,49,2024-12-08,Student,155272,840.0,No,No,Denied,3122.28,3717,3,Flagged for manual review.
6242,7777216,431,2020-09-27,Retired,182430,683.0,No,Yes,Pending,2372.7,3595,1,
6243,7777646,221,2022-03-30,Unemployed,214278,839.0,No,No,Approved,2622.48,3122,5,
6244,7777889,1794,2021-07-20,Unemployed,114905,494.0,No,Yes,Denied,5537.28,5768,2,Co-signer pending review.
6245,7780596,1033,2022-09-17,Retired,20764,662.0,Yes,No,Withdrawn,2732.16,2846,5,
6246,7781746,642,2020-11-16,Self-Employed,121823,637.0,No,No,Withdrawn,713.16,849,2,Renewal case.
6247,7781861,1474,2023-03-16,Retired,163468,,No,No,Approved,3828.72,4558,5,
6248,7782430,494,2023-02-09,Retired,203099,785.0,No,No,Pending,5010.6,5965,2,docs expired
6249,7782592,1578,2023-08-05,Full-Time,246040,637.0,Yes,Yes,Pending,6597.12,6872,1,Applicant provided pay stubs.
6250,7783146,1334,2022-08-31,Part-Time,67514,710.0,Yes,Yes,Approved,9914.52,11803,3,Renewal case.
6251,7783207,991,2023-02-11,Retired,73196,453.0,Yes,Yes,Approved,1460.4,2434,5,Co-signer pending review.
6252,7784000,631,2021-07-20,Unemployed,220352,761.0,No,No,Under Review,1307.46,1981,2,Missing bank statements.
6253,7786701,1403,2021-09-12,Retired,98363,680.0,No,No,Denied,1673.76,0,2,
6254,7787407,1277,2024-09-08,Full-Time,126950,835.0,No,No,Approved,1180.14,1513,3,docs expired
6255,7789710,1234,2020-11-29,Student,193129,622.0,No,Yes,Pending,5175.36,5391,4,.
6256,7791220,953,2022-02-11,Student,177520,592.0,No,No,Under Review,4099.2,4270,3,Referred by agent.
6257,7791304,101,2021-04-18,Full-Time,16852,770.0,No,Yes,Pending,2247.18,2881,5,
6258,7791968,657,2022-12-25,Part-Time,156697,821.0,Yes,No,Approved,1254.0,1900,2,Missing bank statements.
6259,7792756,448,2021-05-12,Full-Time,142820,744.0,No,Yes,Approved,1264.2,2107,1,Missing bank statements.
6260,7794725,129,2023-06-20,Full-Time,200404,600.0,No,No,Under Review,861.0,1435,4,
6261,7797218,951,2024-06-18,Self-Employed,57429,379.0,No,Yes,Denied,1628.22,2467,3,docs expired
6262,7797981,1177,2020-07-08,Unemployed,227166,676.0,No,No,Withdrawn,3689.4,4730,5,.
6263,7799638,564,2023-05-31,Contract,100303,718.0,No,Yes,Pending,3112.8,5188,5,
6264,7799976,203,2022-06-29,Student,299527,717.0,No,Yes,Pending,1715.22,2199,2,Missing bank statements.
6265,7800085,1042,2020-06-03,Part-Time,57914,,No,No,Denied,2245.44,2339,3,Applicant follow-up needed
6266,7801528,1365,2024-05-05,Full-Time,82723,638.0,No,Yes,Under Review,4397.76,4581,3,
6267,7801646,1421,2022-04-14,Part-Time,294772,,No,No,Pending,2304.72,3492,1,Referred by agent.
6268,7801824,381,2021-08-16,Self-Employed,244629,726.0,Yes,Yes,Approved,3999.84,5128,4,Renewal case.
6269,7802331,419,2021-09-03,Student,223553,692.0,No,No,Approved,1269.84,1924,5,Renewal case.
6270,7806231,1282,,Full-Time,128204,,No,No,Approved,2053.44,2139,3,Renewal case.
6271,7808075,1735,2021-04-03,Student,18017,658.0,Yes,No,Pending,2122.56,2211,4,
6272,7808382,1169,2023-05-20,Part-Time,15314,797.0,No,Yes,Withdrawn,2403.06,3641,5,docs expired
6273,7809522,1143,2024-08-10,Self-Employed,118468,,Yes,Yes,Denied,1498.8,2498,1,income verified via Plaid
6274,7812700,340,2021-06-03,Self-Employed,190161,714.0,No,No,Approved,11463.36,11941,1,Co-signer pending review.
6275,7815160,1796,2023-11-11,Contract,240408,651.0,No,Yes,Approved,3211.2,0,2,Missing bank statements.
6276,7815581,1705,2022-01-26,Unemployed,184839,759.0,No,Yes,Approved,2477.16,2949,1,
6277,7816272,119,2021-06-26,Contract,143941,830.0,Yes,Yes,Pending,3161.4,4790,1,Co-signer pending review.
6278,7818538,256,2023-11-30,Full-Time,206715,772.0,No,Yes,Denied,1346.4,2244,3,Flagged for manual review.
6279,7819237,1156,2021-01-06,Retired,155783,808.0,No,No,Pending,4222.68,5027,2,Renewal case.
6280,7819352,731,,Full-Time,124020,643.0,No,Yes,Denied,1135.2,1892,2,
6281,7820239,1394,2023-06-25,Part-Time,185119,365.0,No,No,Denied,1058.64,1604,1,docs expired
6282,7820361,711,2020-06-10,Student,176502,,No,Yes,Approved,834.12,993,3,Co-signer pending review.
6283,7823805,383,2020-07-15,Unemployed,206151,782.0,No,No,Approved,2846.4,2965,3,
6284,7824077,1189,2023-03-27,Self-Employed,47404,716.0,No,No,Approved,2567.4,4279,1,Referred by agent.
6285,7830265,806,2024-08-12,Retired,203586,803.0,No,No,Approved,1949.76,2031,3,
6286,7832222,1479,2022-05-05,Student,156100,682.0,No,No,Approved,1293.6,1960,4,
6287,7835885,1740,2022-01-03,Self-Employed,34768,607.0,No,No,Approved,1895.88,2257,2,Referred by agent.
6288,7835902,1796,2022-12-14,Contract,134909,668.0,No,Yes,Approved,2007.0,3345,1,Referred by agent.
6289,7835983,1619,2020-05-23,Contract,61920,446.0,No,Yes,Approved,1264.56,1916,3,Co-signer pending review.
6290,7836000,791,2022-12-15,Part-Time,80880,732.0,No,No,Approved,4176.96,4351,3,Co-signer pending review.
6291,7836266,643,2020-06-24,Contract,317772,696.0,No,No,Approved,2165.46,3281,2,income verified via Plaid
6292,7839276,1402,2023-06-05,Unemployed,194556,845.0,No,Yes,Pending,871.68,908,3,Flagged for manual review.
6293,7842544,1564,2020-05-12,Unemployed,26285,821.0,Yes,No,Approved,3126.48,3722,5,Flagged for manual review.
6294,7843455,1584,,Retired,130085,774.0,Yes,Yes,Pending,1797.12,1872,1,Applicant provided pay stubs.
6295,7844354,20,2023-07-23,Retired,209010,707.0,No,Yes,Denied,4233.6,5040,4,
6296,7845041,412,2023-10-03,Full-Time,99689,843.0,No,No,Denied,2315.52,2412,5,Referred by agent.
6297,7845258,1364,2024-01-05,Full-Time,31356,619.0,No,Yes,Approved,5184.96,5401,1,docs expired
6298,7846716,614,2024-03-06,Full-Time,192749,,No,No,Approved,3871.56,4609,2,.
6299,7846951,1195,,Part-Time,238267,418.0,No,Yes,Approved,4211.52,4387,4,Co-signer pending review.
6300,7847753,1103,2022-06-26,Self-Employed,156216,706.0,No,No,Under Review,970.2,1470,4,Applicant provided pay stubs.
6301,7848096,1308,2020-03-15,Full-Time,159581,719.0,No,Yes,Pending,4842.24,0,2,Referred by agent.
6302,7850011,1047,2023-07-27,Self-Employed,117934,,No,No,Under Review,1236.18,1873,4,
6303,7851277,647,2022-10-11,Unemployed,113885,696.0,No,No,Pending,3388.56,4034,1,
6304,7852564,2,2023-05-11,Student,54445,745.0,No,No,Withdrawn,2588.04,3081,2,Applicant follow-up needed
6305,7854049,113,2021-01-31,Self-Employed,22453,720.0,Yes,No,Approved,1749.54,2243,4,Renewal case.
6306,7854836,864,2023-11-14,Student,37736,626.0,No,Yes,Approved,8069.76,0,3,
6307,7855574,1023,2024-02-26,Retired,169744,811.0,No,No,Denied,1011.84,1054,2,
6308,7855749,1051,2020-11-25,Full-Time,92935,,Yes,Yes,Denied,1304.4,2174,4,Missing bank statements.
6309,7855994,84,2020-03-22,Full-Time,221481,,No,Yes,Denied,5801.64,7438,1,Missing bank statements.
6310,7856663,932,2024-11-26,Part-Time,93214,435.0,No,No,Denied,4883.76,5814,3,income verified via Plaid
6311,7858087,1086,2023-09-09,Part-Time,155847,591.0,Yes,No,Approved,4099.2,0,2,Flagged for manual review.
6312,7859450,105,2021-07-29,Self-Employed,81776,646.0,No,No,Denied,5485.44,5714,1,.
6313,7859697,178,2021-07-09,Contract,212855,662.0,No,Yes,Approved,2964.36,3529,1,docs expired
6314,7859912,628,2024-05-20,Full-Time,195633,728.0,Yes,Yes,Pending,2689.2,4482,5,Referred by agent.
6315,7860078,1515,2024-03-16,Retired,144655,747.0,Yes,No,Denied,1301.82,0,5,
6316,7861702,1304,2021-09-18,Contract,61460,650.0,No,Yes,Pending,8890.44,11398,4,Flagged for manual review.
6317,7862088,1627,2023-10-26,Contract,97265,721.0,No,Yes,Denied,4092.66,5247,1,Applicant follow-up needed
6318,7862385,1506,2021-01-27,Full-Time,79851,758.0,No,Yes,Approved,1708.98,2191,5,
6319,7863599,1626,2024-04-17,Self-Employed,197624,531.0,No,Yes,Approved,4297.92,4477,5,
6320,7865314,1577,2022-09-01,Part-Time,30933,801.0,No,No,Denied,4585.62,5879,1,
6321,7865788,30,2021-05-21,Student,9612,813.0,No,Yes,Approved,1860.6,3101,1,Applicant follow-up needed
6322,7865836,998,2024-02-16,Contract,225074,817.0,No,Yes,Pending,3725.4,4435,3,Flagged for manual review.
6323,7870080,1610,,Student,50153,736.0,No,Yes,Approved,2552.76,3039,3,
6324,7870713,611,2022-08-25,Retired,115615,380.0,No,No,Under Review,2465.4,4109,5,
6325,7871308,669,2021-07-21,Part-Time,875000,679.0,No,Yes,Withdrawn,482.4,804,1,income verified via Plaid
6326,7872424,1459,2020-07-22,Contract,121955,,No,Yes,Approved,1993.86,3021,3,.
6327,7872438,1472,2021-12-11,Full-Time,64491,685.0,Yes,Yes,Denied,6578.88,6853,2,income verified via Plaid
6328,7875482,763,2020-08-08,Self-Employed,75546,622.0,No,Yes,Approved,5086.62,7707,2,income verified via Plaid
6329,7876290,1045,2021-09-05,Self-Employed,117757,765.0,Yes,Yes,Withdrawn,4365.12,4547,5,
6330,7876803,663,2020-01-09,Retired,97795,704.0,No,No,Approved,2137.8,2545,3,Referred by agent.
6331,7877877,1293,2021-04-04,Full-Time,248769,,No,No,Pending,1346.4,2244,4,.
6332,7877927,622,2022-08-07,Unemployed,70116,776.0,No,No,Pending,1879.8,2410,4,
6333,7878698,1521,2023-03-23,Retired,191768,730.0,No,No,Under Review,3311.28,3942,1,income verified via Plaid
6334,7879533,1315,2024-04-26,Retired,184976,612.0,Yes,Yes,Pending,670.8,1118,1,income verified via Plaid
6335,7879565,1730,2023-04-11,Contract,133086,835.0,No,No,Approved,2697.0,4495,3,Flagged for manual review.
6336,7879933,1620,2021-01-08,Retired,180078,561.0,No,No,Denied,3810.3,4885,1,
6337,7881260,1799,2024-07-21,Student,164939,618.0,No,Yes,Under Review,10621.44,11064,5,.
6338,7881710,668,2024-06-21,Unemployed,95851,690.0,No,Yes,Approved,3251.16,4926,2,
6339,7882001,973,2022-10-14,Unemployed,127916,,No,Yes,Pending,5916.48,6163,5,
6340,7882860,1308,2022-02-15,Contract,174374,834.0,No,Yes,Pending,4236.96,5044,3,Flagged for manual review.
6341,7886694,1016,2022-09-15,Contract,105825,488.0,Yes,Yes,Denied,5998.44,7141,1,Missing bank statements.
6342,7888940,1570,2021-07-01,Full-Time,321792,693.0,No,No,Denied,3720.0,3875,4,Renewal case.
6343,7890247,1472,2024-10-21,Student,96885,819.0,No,Yes,Approved,4111.8,6853,1,
6344,7890535,1551,2024-11-24,Self-Employed,83426,843.0,Yes,No,Denied,3744.0,3900,2,Applicant follow-up needed
6345,7890553,4,2022-12-14,Full-Time,106163,629.0,Yes,Yes,Approved,1038.6,1731,3,Renewal case.
6346,7892373,1570,2020-07-11,Retired,186958,,No,Yes,Withdrawn,2434.08,3688,3,Applicant provided pay stubs.
6347,7892722,526,2024-08-23,Unemployed,241451,713.0,Yes,Yes,Under Review,3432.96,3576,5,.
6348,7894999,1495,2021-05-02,Retired,182528,777.0,No,No,Approved,3490.2,5817,1,docs expired
6349,7898033,1025,2023-11-20,Part-Time,68156,826.0,No,No,Pending,3611.4,4630,3,.
6350,7898614,690,2024-01-14,Full-Time,107443,,No,Yes,Approved,806.4,1344,3,
6351,7899190,98,2020-09-19,Contract,192866,720.0,No,No,Approved,1629.6,1940,1,docs expired
6352,7902907,420,2020-01-04,Unemployed,141902,710.0,No,Yes,Denied,4411.68,0,2,income verified via Plaid
6353,7903783,116,2022-03-12,Self-Employed,124413,779.0,No,No,Approved,2933.58,3761,2,docs expired
6354,7905251,920,2024-01-02,Unemployed,10950,765.0,Yes,Yes,Approved,2057.4,3429,1,Applicant follow-up needed
6355,7907390,1185,2024-10-06,Retired,161505,489.0,No,Yes,Denied,1948.8,2030,1,Missing bank statements.
6356,7907422,1630,2022-03-29,Self-Employed,230226,416.0,No,No,Pending,952.56,0,3,income verified via Plaid
6357,7907709,5,,Unemployed,41823,601.0,Yes,Yes,Denied,3040.44,3898,1,.
6358,7908064,1795,2022-03-02,Unemployed,64002,727.0,No,No,Withdrawn,5453.28,6492,5,Renewal case.
6359,7909252,1624,2022-07-05,Retired,168178,466.0,Yes,No,Denied,2436.6,4061,4,Referred by agent.
6360,7910569,67,2021-11-05,Contract,19419,353.0,No,Yes,Under Review,3693.36,5596,1,Referred by agent.
6361,7911672,1671,2022-09-19,Student,153737,809.0,No,No,Denied,3282.72,0,5,
6362,7912005,701,2022-09-02,Part-Time,185600,739.0,No,Yes,Approved,1118.04,1331,1,income verified via Plaid
6363,7912315,66,2023-08-15,Contract,64982,710.0,No,No,Approved,1825.56,2766,2,
6364,7913194,1076,2024-02-21,Part-Time,152591,771.0,No,No,Pending,2307.24,2958,2,
6365,7913218,114,,Self-Employed,151333,317.0,No,No,Under Review,1426.2,2377,2,
6366,7916014,283,2020-07-22,Contract,80623,648.0,No,No,Denied,2669.52,3178,2,Co-signer pending review.
6367,7916910,1445,2024-06-04,Part-Time,50118,765.0,No,Yes,Withdrawn,5511.0,8350,3,
6368,7918412,1176,2021-10-18,Self-Employed,85327,686.0,No,Yes,Approved,1410.24,1808,1,
6369,7919252,1020,2021-07-23,Retired,137216,,Yes,Yes,Approved,3208.92,4114,5,.
6370,7919581,1609,2022-08-06,Part-Time,275887,445.0,No,Yes,Approved,3796.32,5752,5,
6371,7922132,1213,2024-01-31,Full-Time,192505,556.0,No,Yes,Approved,4703.04,4899,4,income verified via Plaid
6372,7923512,87,2023-07-25,Retired,39637,549.0,No,No,Denied,4545.06,5827,2,Referred by agent.
6373,7929136,1107,2023-08-24,Retired,202095,648.0,No,Yes,Denied,2483.52,3184,2,Renewal case.
6374,7930226,930,2021-11-26,Self-Employed,259530,765.0,No,Yes,Approved,2654.4,3160,3,income verified via Plaid
6375,7930821,1153,2022-02-04,Student,83197,668.0,No,Yes,Denied,980.1,1485,5,Applicant follow-up needed
6376,7931365,918,2020-09-20,Unemployed,34713,730.0,No,No,Denied,3215.52,3828,4,income verified via Plaid
6377,7931564,125,2022-05-09,Retired,20795,497.0,No,No,Denied,3410.16,4372,2,.
6378,7932469,50,2021-04-26,Contract,57296,740.0,No,No,Approved,4577.04,5868,5,Renewal case.
6379,7933081,667,2024-07-14,Part-Time,113941,714.0,No,No,Withdrawn,2430.72,2532,1,
6380,7935424,1133,2021-09-10,Unemployed,131630,840.0,No,No,Denied,1032.0,1075,1,Flagged for manual review.
6381,7935567,1140,2024-06-14,Unemployed,109896,736.0,No,Yes,Pending,1662.6,2771,2,Applicant follow-up needed
6382,7935861,4,2020-02-08,Student,180750,757.0,No,Yes,Approved,1142.46,1731,5,Missing bank statements.
6383,7938616,224,2020-09-04,Full-Time,226036,391.0,No,Yes,Approved,5690.1,7295,5,docs expired
6384,7941419,1259,2022-04-16,Unemployed,252928,705.0,No,No,Approved,11351.04,11824,1,Flagged for manual review.
6385,7941428,636,,Contract,193569,835.0,Yes,No,Approved,699.72,833,5,Applicant provided pay stubs.
6386,7942409,1599,2023-10-21,Retired,71692,819.0,No,No,Approved,2759.4,3285,1,
6387,7943129,1043,2022-10-07,Retired,78605,679.0,No,Yes,Denied,2386.44,2841,1,docs expired
6388,7944723,402,2023-05-19,Part-Time,28136,837.0,No,No,Pending,2698.92,3213,3,
6389,7946374,487,2022-05-02,Unemployed,87614,,No,No,Denied,2317.44,2414,5,income verified via Plaid
6390,7947266,54,2022-01-15,Part-Time,96814,383.0,No,No,Approved,6110.4,6365,2,Co-signer pending review.
6391,7949335,881,2021-03-11,Part-Time,185702,,No,Yes,Denied,4795.2,7992,2,Referred by agent.
6392,7949931,51,2020-11-02,Full-Time,61861,,No,Yes,Approved,1647.36,2496,4,.
6393,7950181,1738,2021-11-29,Contract,148766,799.0,No,Yes,Approved,1776.6,2115,2,
6394,7952431,1204,2022-11-21,Self-Employed,239087,718.0,No,Yes,Approved,6401.28,6668,5,
6395,7956382,1750,2021-05-29,Unemployed,222886,589.0,No,Yes,Denied,8954.88,9328,4,docs expired
6396,7957197,1466,2020-03-16,Self-Employed,189097,692.0,No,No,Approved,1148.16,1196,4,
6397,7957637,1050,2022-04-13,Student,103517,699.0,No,No,Denied,1420.44,1691,5,Applicant provided pay stubs.
6398,7959630,634,2024-12-11,Self-Employed,210577,,No,Yes,Denied,860.4,0,5,
6399,7960509,1614,2021-07-18,Self-Employed,79892,311.0,No,No,Pending,4647.0,7745,2,
6400,7960917,332,2022-06-18,Self-Employed,124072,673.0,No,No,Withdrawn,1932.84,2301,4,Renewal case.
6401,7964268,1642,2022-07-16,Retired,92661,849.0,Yes,Yes,Denied,2065.14,3129,4,
6402,7964506,152,2022-09-22,Self-Employed,211836,771.0,No,No,Pending,1847.82,0,3,
6403,7964775,1190,2023-12-25,Part-Time,30254,774.0,No,Yes,Pending,5403.84,6928,1,Renewal case.
6404,7964866,1637,2022-04-25,Retired,129485,667.0,No,No,Denied,4496.64,0,5,.
6405,7966485,44,2024-09-24,Full-Time,185901,679.0,No,No,Approved,4687.8,0,2,
6406,7966512,811,2023-02-25,Student,18561,669.0,No,Yes,Approved,1850.88,1928,2,Referred by agent.
6407,7966958,830,2024-01-03,Retired,138188,,No,No,Under Review,3008.04,3581,1,docs expired
6408,7968905,24,2021-11-14,Student,157153,651.0,No,No,Denied,2849.28,0,1,Co-signer pending review.
6409,7970886,548,2023-08-23,Retired,178575,796.0,No,No,Denied,3824.34,4903,5,Renewal case.
6410,7974092,1788,2020-07-19,Student,229979,,No,No,Denied,2758.08,2873,3,Flagged for manual review.
6411,7974100,561,2021-10-01,Unemployed,76599,,No,No,Approved,1024.2,1707,2,
6412,7976457,579,2023-10-23,Part-Time,85069,782.0,No,Yes,Approved,4918.2,5855,2,income verified via Plaid
6413,7976703,1180,,Self-Employed,53402,702.0,No,Yes,Approved,3191.4,5319,5,Renewal case.
6414,7977386,894,,Retired,130938,,No,Yes,Approved,1575.0,2625,5,Renewal case.
6415,7977598,1335,2021-01-19,Student,80556,820.0,No,Yes,Approved,7174.08,7473,5,
6416,7979393,1219,2024-12-09,Unemployed,206530,760.0,No,No,Approved,2990.4,3115,1,Missing bank statements.
6417,7979677,1667,2024-09-14,Unemployed,32424,,No,Yes,Approved,3752.58,4811,2,Applicant provided pay stubs.
6418,7982426,593,2020-08-17,Student,145977,,No,No,Pending,3556.8,4560,3,Flagged for manual review.
6419,7983471,868,2022-11-23,Part-Time,74070,812.0,No,Yes,Pending,3329.28,3468,1,
6420,7983682,234,2022-12-15,Retired,115977,697.0,No,No,Approved,2974.92,3814,3,
6421,7984375,916,2024-06-26,Self-Employed,20275,358.0,No,No,Withdrawn,1775.76,2114,3,income verified via Plaid
6422,7985459,627,2023-01-01,Part-Time,167990,761.0,Yes,Yes,Approved,2979.24,4514,3,
6423,7985665,1115,2023-03-08,Full-Time,94828,,No,Yes,Approved,2381.4,0,4,
6424,7987489,1058,2023-11-13,Self-Employed,7152,340.0,No,Yes,Approved,525.6,876,3,Applicant provided pay stubs.
6425,7991063,1581,2020-03-29,Part-Time,101157,806.0,Yes,Yes,Denied,634.92,814,4,docs expired
6426,7992320,1019,2023-09-03,Full-Time,219545,766.0,No,No,Denied,2302.44,2741,3,
6427,7992579,594,2023-07-08,Part-Time,192321,814.0,No,Yes,Denied,1706.1,2585,1,income verified via Plaid
6428,7995929,1350,2024-05-20,Self-Employed,93800,,No,No,Under Review,2665.2,4442,5,
6429,7997385,1268,2020-11-05,Student,161203,788.0,Yes,Yes,Denied,5888.22,7549,4,.
6430,7997741,474,,Unemployed,90039,471.0,No,Yes,Under Review,1365.0,1750,1,
6431,7997864,532,2020-11-09,Contract,156092,698.0,No,No,Approved,1062.72,1107,3,Co-signer pending review.
6432,7998942,235,2022-07-07,Contract,190696,620.0,No,No,Denied,712.8,1188,2,
6433,7999607,923,,Part-Time,101312,451.0,No,No,Pending,3050.04,3631,4,Co-signer pending review.
6434,7999755,16,2021-09-21,Full-Time,83704,755.0,No,Yes,Pending,2037.12,2122,5,
6435,8001436,1752,2021-06-14,Full-Time,201133,679.0,No,Yes,Withdrawn,1694.28,2017,4,docs expired
6436,8002201,1463,2022-03-12,Retired,160396,581.0,No,No,Withdrawn,2106.0,3510,5,Renewal case.
6437,8002398,26,2024-03-23,Self-Employed,176700,596.0,No,No,Approved,1000.56,1516,2,
6438,8002404,1690,2024-12-28,Unemployed,35665,759.0,No,No,Denied,1754.22,2249,3,
6439,8004470,1068,,Contract,109752,840.0,No,No,Denied,3534.3,5355,3,docs expired
6440,8004659,1042,2023-04-03,Student,201463,752.0,No,No,Approved,1403.4,2339,3,Applicant provided pay stubs.
6441,8005267,1035,2024-04-29,Retired,218691,799.0,No,Yes,Under Review,3156.12,4782,5,Applicant provided pay stubs.
6442,8005741,601,2022-02-28,Self-Employed,188155,646.0,No,Yes,Under Review,1314.3,1685,4,docs expired
6443,8007431,206,2023-03-15,Student,45844,758.0,No,No,Approved,3452.16,3596,4,
6444,8008505,1575,2023-06-01,Contract,46795,620.0,No,No,Pending,2174.64,2788,1,
6445,8008657,1368,2020-11-08,Full-Time,45154,744.0,No,Yes,Approved,2975.04,3099,4,Applicant follow-up needed
6446,8008839,333,2023-12-02,Unemployed,155010,784.0,No,Yes,Approved,1080.3,1385,3,docs expired
6447,8009424,310,2021-04-12,Student,103415,784.0,No,No,Approved,898.26,1361,3,Co-signer pending review.
6448,8009499,1086,2021-10-04,Unemployed,246052,303.0,No,Yes,Denied,4684.8,4880,3,
6449,8009960,1650,2022-08-08,Retired,108047,424.0,Yes,No,Pending,2089.56,3166,2,
6450,8010292,198,2022-10-22,Retired,246413,756.0,No,No,Denied,2467.08,3738,2,Flagged for manual review.
6451,8011879,1395,,Contract,203491,700.0,Yes,No,Approved,2294.16,3476,4,Applicant follow-up needed
6452,8012053,1376,2024-12-10,Unemployed,141470,727.0,Yes,Yes,Withdrawn,2353.92,0,1,
6453,8014006,1645,2021-11-30,Retired,258835,,Yes,Yes,Approved,4764.48,4963,5,docs expired
6454,8014314,1569,2023-04-06,Student,206969,617.0,No,No,Approved,1264.2,1505,3,income verified via Plaid
6455,8015029,1539,2022-06-15,Contract,250148,,No,Yes,Approved,8597.76,8956,4,
6456,8016587,1620,,Retired,57968,,Yes,No,Withdrawn,4689.6,4885,4,Applicant provided pay stubs.
6457,8017062,630,2022-05-27,Contract,167869,728.0,No,Yes,Approved,1171.5,1775,4,Referred by agent.
6458,8017369,81,2020-11-08,Part-Time,68115,705.0,No,Yes,Withdrawn,2487.42,3189,4,
6459,8020127,700,2022-10-08,Student,231067,625.0,No,No,Approved,1968.96,2344,3,Co-signer pending review.
6460,8020219,245,2024-03-06,Self-Employed,26563,590.0,No,Yes,Denied,2777.04,3306,1,
6461,8020629,1692,2024-01-03,Part-Time,16785,840.0,No,No,Approved,3874.08,4612,5,Referred by agent.
6462,8022863,1247,2021-05-28,Self-Employed,152163,,Yes,Yes,Pending,3829.02,4909,3,
6463,8025087,62,2024-08-14,Full-Time,96587,,No,No,Approved,3951.6,6586,1,.
6464,8025883,131,2022-05-01,Unemployed,154659,618.0,No,Yes,Denied,1216.32,1267,1,
6465,8025930,1224,2023-07-19,Contract,103092,,Yes,Yes,Approved,3321.36,3954,1,.
6466,8032813,311,2023-05-21,Full-Time,219843,689.0,No,Yes,Approved,1809.06,2741,4,
6467,8034158,540,2020-06-21,Part-Time,249784,618.0,No,Yes,Approved,1815.06,2327,2,
6468,8034631,291,2023-07-18,Unemployed,52891,709.0,No,Yes,Denied,1345.68,1602,4,
6469,8036260,229,2023-05-29,Unemployed,94680,,No,No,Approved,2268.48,2363,5,
6470,8036362,1075,2022-05-17,Full-Time,4390,831.0,Yes,Yes,Approved,3417.96,4382,1,
6471,8040180,346,2023-10-23,Contract,226158,,No,Yes,Approved,2397.6,3996,4,
6472,8042332,875,2021-02-06,Contract,99879,762.0,No,No,Denied,3600.3,5455,2,
6473,8042498,413,,Student,9277,644.0,No,No,Pending,5062.2,6490,5,Applicant provided pay stubs.
6474,8042798,907,2024-02-18,Contract,91357,678.0,No,No,Pending,1189.8,1983,4,Renewal case.
6475,8043423,374,2021-07-17,Unemployed,168558,,Yes,Yes,Denied,1341.0,2235,3,
6476,8045077,1562,,Self-Employed,176176,653.0,No,Yes,Approved,4065.6,4235,2,
6477,8045873,349,2021-04-07,Part-Time,119802,614.0,No,Yes,Approved,1545.06,2341,3,income verified via Plaid
6478,8046694,1656,2024-08-02,Part-Time,81886,609.0,Yes,Yes,Approved,2208.36,2629,4,Applicant provided pay stubs.
6479,8047725,395,2024-05-25,Unemployed,238286,725.0,No,Yes,Approved,2486.4,4144,4,Co-signer pending review.
6480,8047772,387,2024-08-25,Unemployed,196494,707.0,No,No,Approved,2900.04,3718,2,Renewal case.
6481,8047821,1252,2020-08-10,Full-Time,150247,,No,Yes,Approved,3595.2,3745,1,
6482,8048403,1609,,Self-Employed,300004,603.0,Yes,No,Denied,5521.92,5752,1,Renewal case.
6483,8050042,864,2021-01-18,Retired,202319,659.0,No,No,Under Review,6556.68,8406,4,Flagged for manual review.
6484,8050842,1387,2023-12-30,Retired,197502,738.0,No,Yes,Approved,1798.44,2141,5,.
6485,8050926,701,2024-12-12,Full-Time,119769,714.0,No,Yes,Approved,1277.76,1331,1,Co-signer pending review.
6486,8053365,1560,2021-04-19,Retired,94572,736.0,No,Yes,Approved,2870.4,3680,4,Flagged for manual review.
6487,8054063,35,2023-11-19,Full-Time,124300,320.0,No,Yes,Approved,1608.6,1915,5,.
6488,8055955,324,2023-04-16,Student,232192,,No,Yes,Under Review,2076.36,3146,4,Co-signer pending review.
6489,8056491,493,2023-05-18,Retired,3316,699.0,No,Yes,Denied,6987.12,8318,4,docs expired
6490,8056625,788,2021-04-23,Full-Time,121758,635.0,No,Yes,Under Review,4475.52,5328,3,Referred by agent.
6491,8057924,346,2021-03-30,Self-Employed,147200,788.0,Yes,Yes,Denied,2397.6,3996,3,Missing bank statements.
6492,8058309,774,2020-11-12,Student,140591,665.0,Yes,Yes,Approved,2363.4,3939,5,Applicant provided pay stubs.
6493,8058676,1191,,Student,142898,690.0,No,Yes,Under Review,978.12,1254,5,Co-signer pending review.
6494,8059222,1252,2022-01-22,Unemployed,40702,590.0,No,No,Approved,3595.2,3745,4,Co-signer pending review.
6495,8061911,853,,Unemployed,66755,607.0,No,No,Pending,1930.8,3218,5,Co-signer pending review.
6496,8061973,1544,,Self-Employed,200907,732.0,No,Yes,Approved,3013.14,3863,3,Flagged for manual review.
6497,8062173,1402,2024-05-24,Contract,193850,,Yes,Yes,Under Review,544.8,908,3,Co-signer pending review.
6498,8062485,1169,2020-05-16,Part-Time,433000,698.0,No,Yes,Denied,3058.44,3641,2,
6499,8065262,1193,2023-08-16,Student,189378,831.0,No,No,Pending,3216.18,4873,4,Referred by agent.
6500,8066053,132,2021-09-14,Self-Employed,235309,,Yes,No,Approved,1754.88,1828,1,Renewal case.
6501,8066119,653,2024-06-14,Retired,51781,645.0,Yes,Yes,Pending,3483.84,0,2,
6502,8066158,985,2021-08-18,Retired,167504,,Yes,No,Under Review,1351.74,1733,3,Renewal case.
6503,8068686,802,2021-02-22,Full-Time,194824,506.0,No,No,Denied,1691.58,2563,4,
6504,8069271,77,2021-11-18,Retired,187162,653.0,No,Yes,Denied,1342.38,1721,5,docs expired
6505,8069994,380,2021-01-16,Retired,99677,703.0,No,No,Under Review,4376.4,5210,5,
6506,8070306,308,2020-11-29,Full-Time,117684,739.0,No,Yes,Denied,2631.0,4385,2,Referred by agent.
6507,8070725,1008,2021-12-21,Contract,59930,728.0,No,Yes,Under Review,6549.66,8397,3,Renewal case.
6508,8072295,680,2022-08-15,Full-Time,163552,731.0,No,No,Approved,882.96,1132,4,Missing bank statements.
6509,8073155,1693,2020-12-19,Contract,149270,601.0,No,No,Approved,1084.2,1807,1,Referred by agent.
6510,8074769,817,2022-07-31,Unemployed,67357,748.0,No,No,Approved,2781.6,4636,2,Applicant provided pay stubs.
6511,8075000,128,2021-11-24,Contract,94270,756.0,No,No,Approved,7369.92,7677,4,.
6512,8075080,1428,2024-06-22,Full-Time,38892,819.0,No,No,Approved,5074.74,7689,2,
6513,8075905,1021,2023-09-17,Unemployed,201767,686.0,No,Yes,Denied,1811.4,3019,5,Flagged for manual review.
6514,8077102,989,2021-12-26,Full-Time,53593,725.0,No,Yes,Approved,1108.8,1848,2,docs expired
6515,8077237,404,2024-07-01,Self-Employed,212080,632.0,Yes,Yes,Approved,4589.4,7649,4,income verified via Plaid
6516,8077369,1478,2024-06-18,Unemployed,142024,757.0,No,Yes,Approved,624.0,1040,3,Flagged for manual review.
6517,8080062,1436,2020-08-30,Unemployed,49742,819.0,Yes,No,Approved,4885.44,5816,5,Renewal case.
6518,8081283,1015,2020-05-06,Unemployed,145215,,No,No,Withdrawn,4450.68,5706,3,Referred by agent.
6519,8083381,1617,2022-06-17,Unemployed,105536,802.0,No,No,Denied,684.6,815,1,Applicant provided pay stubs.
6520,8083991,1749,2022-09-28,Retired,117954,636.0,No,Yes,Withdrawn,1337.4,2229,3,
6521,8085576,1094,2023-03-12,Retired,74443,602.0,No,Yes,Denied,2011.8,3353,3,Co-signer pending review.
6522,8086234,418,2020-12-03,Part-Time,101077,728.0,No,No,Approved,3312.0,3450,5,
6523,8086602,1263,2023-04-06,Contract,127696,721.0,No,Yes,Denied,1956.24,2964,3,
6524,8089415,382,2022-06-03,Part-Time,238656,690.0,No,Yes,Approved,5112.0,5325,1,
6525,8089591,1525,2023-10-05,Self-Employed,217768,772.0,Yes,No,Denied,1998.6,0,5,
6526,8089817,784,2022-08-22,Unemployed,10642,728.0,No,No,Approved,2388.48,2488,4,
6527,8091335,1626,2021-03-09,Part-Time,212803,,No,Yes,Withdrawn,3760.68,4477,4,.
6528,8092836,1430,2020-12-04,Part-Time,304310,724.0,Yes,Yes,Approved,1644.48,0,3,Flagged for manual review.
6529,8093316,516,2022-10-28,Self-Employed,56555,311.0,No,Yes,Under Review,1428.0,1700,3,
6530,8098781,1717,2024-05-29,Part-Time,244694,,No,Yes,Withdrawn,2509.8,4183,5,docs expired
6531,8100676,1050,2024-05-28,Part-Time,142627,585.0,No,Yes,Approved,1318.98,1691,1,Referred by agent.
6532,8102777,34,2023-08-29,Student,239929,783.0,No,No,Approved,859.2,1432,3,income verified via Plaid
6533,8103033,187,2024-07-30,Part-Time,217479,,No,Yes,Approved,2444.52,3134,4,
6534,8103099,1648,2021-05-11,Full-Time,997000,666.0,No,Yes,Under Review,4192.32,4367,5,Applicant provided pay stubs.
6535,8104107,920,2022-10-02,Part-Time,153649,671.0,No,No,Approved,2880.36,3429,3,
6536,8107923,1629,2024-10-05,Part-Time,99354,698.0,No,No,Approved,1733.76,2064,3,Applicant provided pay stubs.
6537,8108845,1548,2021-08-14,Self-Employed,221400,594.0,No,No,Approved,4288.2,7147,4,Co-signer pending review.
6538,8109084,1538,2024-11-29,Full-Time,303717,462.0,Yes,Yes,Approved,1341.6,1720,2,.
6539,8109930,1679,2023-09-12,Self-Employed,230091,680.0,No,Yes,Under Review,2660.4,4434,4,Co-signer pending review.
6540,8110120,436,,Self-Employed,144529,793.0,No,Yes,Denied,2443.32,3702,1,Applicant provided pay stubs.
6541,8111033,1044,2021-10-30,Student,221369,642.0,Yes,Yes,Denied,4785.0,7975,2,
6542,8112094,62,2021-12-09,Unemployed,138901,630.0,Yes,No,Denied,3951.6,6586,2,.
6543,8113462,1410,2024-09-04,Part-Time,226272,750.0,Yes,Yes,Under Review,3389.1,4345,2,Co-signer pending review.
6544,8115784,1051,2024-11-16,Student,92931,788.0,No,No,Pending,1434.84,2174,3,
6545,8115922,1201,2021-12-05,Student,156296,705.0,No,No,Approved,3622.32,4644,2,Applicant follow-up needed
6546,8116330,798,2020-10-14,Self-Employed,307907,586.0,No,Yes,Approved,1921.08,2287,1,Co-signer pending review.
6547,8118183,1675,2024-02-05,Self-Employed,172077,721.0,No,Yes,Denied,1310.76,0,5,
6548,8118860,1759,2024-03-04,Part-Time,75061,,No,No,Pending,2433.48,2897,5,Flagged for manual review.
6549,8118904,522,2024-08-22,Retired,28872,642.0,No,No,Approved,945.6,985,1,
6550,8120763,1431,2024-03-04,Self-Employed,256900,685.0,No,No,Approved,8727.36,9091,1,income verified via Plaid
6551,8121893,1,2022-03-10,Student,100824,598.0,No,No,Approved,561.66,0,3,
6552,8128382,38,2022-11-23,Unemployed,77201,711.0,No,No,Approved,4357.08,5187,2,
6553,8130450,1254,2022-10-13,Unemployed,120158,687.0,No,No,Denied,4593.6,4785,5,Co-signer pending review.
6554,8132058,829,2024-03-01,Student,39376,614.0,No,Yes,Denied,4240.32,5048,2,
6555,8133180,1799,2020-02-21,Full-Time,59549,670.0,Yes,Yes,Pending,9293.76,11064,2,
6556,8133185,1481,2021-02-17,Contract,248027,781.0,No,No,Denied,982.74,1489,3,income verified via Plaid
6557,8133760,688,2022-11-21,Student,143258,,No,Yes,Approved,3130.56,3261,5,
6558,8133824,248,2021-06-18,Part-Time,206713,,No,No,Denied,853.44,1016,4,
6559,8134462,1110,2021-07-23,Contract,72345,674.0,No,Yes,Approved,1746.36,2079,1,Applicant provided pay stubs.
6560,8134773,602,2023-02-11,Part-Time,97961,,No,Yes,Approved,2964.48,3088,5,Flagged for manual review.
6561,8136130,330,2024-07-06,Student,72565,637.0,No,Yes,Denied,1170.0,1950,5,
6562,8136133,400,2022-09-05,Part-Time,33327,686.0,No,No,Pending,3530.4,5884,2,Renewal case.
6563,8137731,1229,2023-04-11,Retired,167256,649.0,No,Yes,Approved,7938.0,9450,1,
6564,8137811,73,2021-07-02,Unemployed,261028,800.0,No,Yes,Denied,3187.08,4086,4,
6565,8139461,738,2023-07-02,Retired,220300,787.0,Yes,No,Denied,3971.52,4137,4,docs expired
6566,8139536,1079,2020-07-17,Full-Time,161829,721.0,No,No,Denied,1784.4,2974,5,
6567,8141384,617,2023-01-08,Unemployed,146810,746.0,No,No,Denied,2549.04,3268,3,
6568,8142026,488,2023-02-17,Unemployed,270973,759.0,No,No,Pending,1739.4,2899,5,
6569,8142484,497,2024-11-30,Full-Time,107600,571.0,No,Yes,Denied,2639.52,3384,1,Missing bank statements.
6570,8143275,310,2023-01-24,Part-Time,122463,763.0,No,No,Approved,816.6,1361,1,
6571,8143400,1631,2022-07-24,Full-Time,190365,,No,Yes,Under Review,3906.24,4069,2,Missing bank statements.
6572,8144041,626,2020-11-25,Part-Time,187314,790.0,No,Yes,Withdrawn,1194.6,1991,3,income verified via Plaid
6573,8144433,1026,2022-07-25,Self-Employed,225532,701.0,No,No,Denied,5034.12,5993,5,
6574,8145033,208,2022-06-20,Contract,154468,,No,No,Approved,562.98,853,5,
6575,8145901,1419,2023-03-06,Retired,23448,711.0,No,Yes,Approved,3387.84,3529,5,
6576,8148935,254,2020-05-12,Self-Employed,133969,593.0,No,No,Approved,1197.9,1815,5,Co-signer pending review.
6577,8149008,434,2024-05-11,Student,135367,690.0,No,No,Pending,2205.0,3675,2,
6578,8149519,627,2020-01-30,Contract,157851,810.0,No,No,Denied,4333.44,4514,2,
6579,8151900,449,2022-08-07,Unemployed,225564,783.0,No,No,Approved,1747.98,0,5,Applicant provided pay stubs.
6580,8153284,951,2020-06-28,Self-Employed,66312,799.0,No,Yes,Approved,2072.28,0,1,Applicant follow-up needed
6581,8153570,811,2022-04-05,Part-Time,245093,805.0,Yes,No,Under Review,1850.88,1928,4,Applicant follow-up needed
6582,8154692,939,2022-02-22,Unemployed,68497,674.0,No,No,Withdrawn,2304.96,2401,5,income verified via Plaid
6583,8157239,659,2021-03-21,Retired,15297,660.0,Yes,No,Approved,6055.68,6308,5,Renewal case.
6584,8160345,1054,2023-05-17,Full-Time,498000,713.0,No,No,Approved,1787.52,2128,2,Renewal case.
6585,8160394,477,2022-07-05,Part-Time,93097,785.0,No,No,Denied,971.04,1156,3,docs expired
6586,8161574,7,2023-02-04,Part-Time,199767,683.0,No,Yes,Denied,2482.56,2586,1,
6587,8166107,828,2022-10-30,Retired,248799,777.0,No,Yes,Pending,1668.42,2139,4,.
6588,8166807,1527,2024-01-14,Full-Time,207452,524.0,No,No,Approved,715.2,1192,3,
6589,8169694,358,2024-02-21,Unemployed,126975,750.0,No,Yes,Approved,1277.76,0,3,Renewal case.
6590,8169707,1560,2020-10-15,Self-Employed,100744,,No,Yes,Approved,2428.8,3680,4,
6591,8170327,1058,2024-09-14,Full-Time,6736,709.0,No,No,Pending,840.96,876,3,
6592,8173033,332,2023-08-23,Part-Time,34180,604.0,No,No,Approved,1380.6,2301,5,
6593,8173267,574,2024-11-19,Student,204430,680.0,No,Yes,Denied,6584.64,6859,5,
6594,8173453,1767,2024-03-28,Full-Time,19250,659.0,No,No,Approved,3141.06,4027,3,Applicant provided pay stubs.
6595,8174376,1168,2022-09-06,Full-Time,89916,781.0,No,Yes,Denied,2865.0,4775,2,Missing bank statements.
6596,8175839,917,2022-07-02,Unemployed,112838,773.0,Yes,No,Approved,1093.62,1657,5,Renewal case.
6597,8178771,1686,2024-07-23,Full-Time,178844,,No,Yes,Approved,2746.26,4161,5,Applicant provided pay stubs.
6598,8179629,594,2023-08-31,Contract,212483,635.0,No,No,Approved,2282.28,2717,3,
6599,8179648,751,2023-12-31,Student,148766,699.0,Yes,Yes,Denied,1781.64,2121,1,Applicant follow-up needed
6600,8180430,609,2022-11-10,Student,168209,755.0,No,Yes,Approved,3411.0,5685,4,Referred by agent.
6601,8180770,1342,2021-11-13,Unemployed,202008,,No,No,Denied,2673.6,4456,4,Co-signer pending review.
6602,8181626,1178,2020-12-31,Contract,189006,735.0,Yes,Yes,Approved,1777.38,2693,3,Referred by agent.
6603,8182400,788,2023-06-04,Self-Employed,40877,652.0,Yes,Yes,Under Review,4475.52,5328,1,Co-signer pending review.
6604,8182452,146,2023-01-15,Unemployed,178582,441.0,Yes,No,Approved,1463.22,2217,2,Applicant provided pay stubs.
6605,8183241,1581,2022-05-11,Retired,95155,760.0,No,Yes,Approved,634.92,814,5,docs expired
6606,8184497,202,2023-11-04,Unemployed,117221,841.0,No,No,Under Review,6024.72,7724,5,Flagged for manual review.
6607,8188079,1251,2023-02-20,Contract,173838,742.0,No,No,Approved,5052.48,5263,2,
6608,8188706,547,2024-09-17,Full-Time,100677,771.0,No,Yes,Denied,3318.9,4255,3,Missing bank statements.
6609,8189249,1644,2021-05-01,Student,234181,373.0,No,No,Approved,1850.94,2373,5,
6610,8189576,40,2023-12-18,Contract,18668,692.0,No,No,Approved,8672.04,11118,1,.
6611,8189919,319,2020-04-10,Retired,6968,614.0,No,No,Approved,1697.4,0,4,Co-signer pending review.
6612,8192743,625,2022-02-13,Retired,223333,304.0,Yes,No,Pending,2017.86,2587,4,
6613,8193167,260,2024-10-05,Retired,102694,,No,No,Approved,2258.4,3764,4,Missing bank statements.
6614,8193336,1339,2023-02-13,Full-Time,37677,768.0,No,Yes,Approved,1011.36,1204,3,
6615,8194168,145,2020-06-05,Student,25705,,No,No,Denied,572.88,868,3,docs expired
6616,8197528,1015,2020-12-30,Student,315949,682.0,No,Yes,Under Review,3423.6,5706,5,Renewal case.
6617,8198127,146,2022-09-02,Self-Employed,11126,671.0,No,Yes,Approved,1330.2,2217,5,income verified via Plaid
6618,8198826,1148,2021-03-02,Self-Employed,167120,706.0,No,Yes,Denied,2029.44,2114,2,
6619,8199447,483,2020-02-14,Part-Time,183610,670.0,No,No,Approved,1528.32,1592,1,Flagged for manual review.
6620,8200459,1214,2020-04-01,Self-Employed,59052,771.0,Yes,Yes,Denied,812.16,846,2,
6621,8200927,292,2022-09-10,Self-Employed,192786,639.0,No,Yes,Approved,805.56,959,1,Applicant provided pay stubs.
6622,8201142,773,2020-10-03,Part-Time,108273,678.0,No,Yes,Approved,3290.28,0,1,Missing bank statements.
6623,8201303,255,2023-07-26,Self-Employed,209920,724.0,Yes,No,Denied,3070.2,3655,3,Renewal case.
6624,8201341,1066,2024-05-04,Self-Employed,244772,769.0,No,Yes,Approved,1303.8,2173,3,Flagged for manual review.
6625,8203294,778,2021-08-28,Contract,116902,727.0,No,Yes,Approved,1759.8,2095,2,
6626,8203886,1623,2021-03-28,Full-Time,177031,812.0,No,Yes,Denied,2559.0,4265,4,Co-signer pending review.
6627,8204199,1508,2021-07-08,Full-Time,260131,,No,No,Denied,5585.58,8463,2,.
6628,8205963,842,2020-10-21,Contract,89905,710.0,No,Yes,Pending,986.88,1028,5,Flagged for manual review.
6629,8206239,415,2023-12-26,Student,142477,698.0,No,No,Approved,854.28,1017,5,
6630,8207276,1061,2024-08-29,Unemployed,955000,486.0,Yes,No,Approved,2879.52,3428,2,Renewal case.
6631,8207490,1136,2023-01-17,Self-Employed,23272,709.0,Yes,No,Approved,2754.18,4173,2,Flagged for manual review.
6632,8209244,1361,2023-02-07,Unemployed,134852,,No,Yes,Denied,1203.84,1824,2,Renewal case.
6633,8210366,906,2020-05-08,Self-Employed,92238,758.0,No,Yes,Withdrawn,5464.32,5692,4,
6634,8210456,765,2024-09-07,Contract,104185,827.0,No,Yes,Denied,3472.92,5262,1,
6635,8213573,472,,Unemployed,121316,763.0,No,No,Approved,975.6,0,2,docs expired
6636,8217320,961,2024-12-17,Unemployed,225134,731.0,No,Yes,Approved,1399.44,1666,3,
6637,8218114,313,2020-07-24,Full-Time,223304,772.0,No,No,Pending,2189.88,2607,4,.
6638,8218140,88,2022-10-13,Full-Time,121442,840.0,No,No,Approved,1528.8,1960,4,.
6639,8218364,1134,2023-04-16,Contract,6382,600.0,Yes,Yes,Approved,3623.04,3774,3,
6640,8218541,731,2022-05-14,Unemployed,85751,532.0,No,Yes,Withdrawn,1589.28,1892,1,Applicant follow-up needed
6641,8219153,1199,2021-08-12,Unemployed,131989,750.0,No,No,Denied,3737.28,3893,4,Missing bank statements.
6642,8219928,1787,2021-05-21,Retired,56445,764.0,No,Yes,Approved,2220.24,3364,4,Applicant provided pay stubs.
6643,8223054,420,2020-09-11,Full-Time,149423,536.0,No,No,Denied,3732.96,5656,5,
6644,8223358,494,2024-08-04,Part-Time,197112,707.0,No,No,Denied,3936.9,5965,3,
6645,8226646,1608,2023-08-16,Retired,69811,684.0,No,Yes,Denied,1725.0,2875,1,
6646,8226769,45,2021-09-09,Retired,59707,,No,Yes,Denied,2571.24,3061,3,Referred by agent.
6647,8227960,465,2022-09-02,Student,146907,,Yes,Yes,Denied,1817.28,1893,1,docs expired
6648,8228271,1182,2022-07-20,Self-Employed,195568,778.0,No,Yes,Approved,4110.96,4894,3,
6649,8230862,871,2022-05-16,Student,43167,799.0,No,Yes,Withdrawn,4035.84,4204,3,
6650,8231193,793,2023-06-09,Unemployed,206661,,No,No,Approved,7218.9,9255,5,Renewal case.
6651,8232128,810,,Contract,318935,792.0,No,Yes,Approved,4016.4,6694,3,
6652,8232437,1334,2021-09-22,Student,33094,728.0,No,Yes,Approved,7081.8,11803,4,Applicant provided pay stubs.
6653,8232580,1412,2023-07-28,Student,25245,613.0,No,No,Approved,1327.2,1580,3,
6654,8233693,109,2021-12-16,Unemployed,37330,,No,Yes,Approved,1076.4,1794,3,
6655,8233814,1346,2022-09-14,Part-Time,133117,701.0,Yes,No,Approved,2551.38,3271,4,Applicant follow-up needed
6656,8236481,110,2023-06-24,Part-Time,181721,735.0,No,No,Under Review,1946.34,2949,4,income verified via Plaid
6657,8236497,1568,2021-12-10,Contract,227616,773.0,No,No,Denied,4254.12,5454,2,Renewal case.
6658,8237527,1044,2021-11-25,Unemployed,201632,624.0,No,Yes,Pending,7656.0,7975,1,Renewal case.
6659,8237670,970,2020-05-29,Student,242736,518.0,No,No,Approved,1807.08,0,4,income verified via Plaid
6660,8238644,1420,2024-02-16,Retired,230270,837.0,No,Yes,Approved,3833.76,4564,2,Applicant provided pay stubs.
6661,8239347,220,2023-05-31,Contract,79990,,No,Yes,Approved,1270.8,2118,3,Renewal case.
6662,8242279,1754,2024-03-06,Unemployed,226278,638.0,Yes,No,Under Review,4596.48,4788,5,income verified via Plaid
6663,8242866,6,2022-05-06,Unemployed,178301,706.0,No,No,Denied,2282.28,3458,2,
6664,8243321,583,2023-02-18,Retired,104019,768.0,No,No,Approved,2106.6,3511,1,Renewal case.
6665,8244025,1061,2020-06-29,Unemployed,124958,791.0,Yes,Yes,Approved,2056.8,3428,2,Renewal case.
6666,8247097,1559,2023-01-12,Contract,57887,682.0,No,No,Pending,1264.38,1621,3,
6667,8247467,651,2020-10-11,Student,33451,716.0,No,No,Approved,3226.08,4888,4,
6668,8247986,720,2021-12-03,Retired,72275,840.0,No,No,Denied,3959.34,5999,4,Co-signer pending review.
6669,8248586,1517,2023-02-01,Full-Time,174299,837.0,No,Yes,Denied,1902.72,1982,5,
6670,8249109,914,2023-08-13,Retired,24885,808.0,No,Yes,Approved,3882.84,4978,3,
6671,8249688,1015,2023-12-06,Self-Employed,166329,,Yes,Yes,Withdrawn,3765.96,5706,1,Applicant follow-up needed
6672,8250808,427,2020-08-17,Self-Employed,52122,346.0,No,No,Approved,1603.2,1670,4,Applicant follow-up needed
6673,8253694,1422,2023-12-06,Student,236452,828.0,No,No,Denied,1360.2,2267,4,Referred by agent.
6674,8255551,665,2023-07-02,Full-Time,27511,829.0,No,No,Denied,2449.2,4082,5,Applicant follow-up needed
6675,8256255,229,2020-11-12,Contract,181371,781.0,No,Yes,Pending,2268.48,2363,1,Co-signer pending review.
6676,8256707,1114,2023-08-24,Unemployed,39914,718.0,Yes,Yes,Approved,2419.56,3102,4,.
6677,8259056,825,2022-05-10,Full-Time,76016,708.0,No,Yes,Approved,1657.5,2125,3,Renewal case.
6678,8259465,1124,2021-12-05,Unemployed,237239,,No,No,Approved,3227.28,3842,1,Renewal case.
6679,8260471,591,2023-12-23,Self-Employed,26633,,No,Yes,Approved,2314.8,3858,3,.
6680,8260709,1251,2020-08-28,Retired,49842,,Yes,No,Denied,4105.14,5263,4,income verified via Plaid
6681,8262226,1431,2021-10-13,Unemployed,216758,630.0,No,No,Approved,6000.06,9091,3,
6682,8263522,596,2024-01-23,Self-Employed,98703,586.0,No,No,Approved,3513.6,3660,3,.
6683,8265597,1061,,Retired,31810,590.0,No,Yes,Under Review,2879.52,3428,3,Applicant follow-up needed
6684,8267923,649,2024-08-23,Part-Time,149410,723.0,No,No,Denied,2212.56,2634,5,Co-signer pending review.
6685,8267980,268,,Full-Time,2452,664.0,No,Yes,Denied,4243.2,7072,4,Applicant follow-up needed
6686,8269311,841,2020-12-05,Student,30777,689.0,No,No,Approved,2335.32,2994,1,
6687,8270543,60,2023-09-11,Retired,201621,,No,No,Under Review,906.36,1162,2,Missing bank statements.
6688,8272469,1277,2024-10-23,Contract,31549,731.0,No,Yes,Denied,1205.88,1546,3,Missing bank statements.
6689,8273802,1015,2024-04-13,Part-Time,123692,678.0,No,Yes,Denied,4450.68,5706,3,income verified via Plaid
6690,8273948,380,,Unemployed,230158,,No,Yes,Denied,4376.4,5210,1,
6691,8275292,163,2023-02-10,Unemployed,119861,727.0,No,No,Approved,4807.68,5008,1,.
6692,8277080,14,2021-07-13,Contract,125542,,No,No,Approved,1430.22,2167,5,
6693,8277749,424,2023-03-05,Student,50170,,Yes,No,Pending,826.2,1377,4,Renewal case.
6694,8277777,799,2023-10-08,Unemployed,39087,739.0,Yes,Yes,Approved,2440.32,2542,3,.
6695,8279804,1298,2021-06-08,Student,76681,731.0,No,Yes,Approved,804.0,1340,1,Renewal case.
6696,8280691,1004,2020-11-01,Student,39202,811.0,No,Yes,Approved,5247.36,5466,2,
6697,8281534,827,2021-02-27,Contract,169588,732.0,No,No,Approved,4120.32,4292,1,
6698,8282090,1288,2022-03-29,Self-Employed,163271,335.0,No,No,Denied,1578.6,2631,3,Referred by agent.
6699,8283923,295,2023-03-07,Unemployed,82422,850.0,No,Yes,Denied,4067.7,5215,5,
6700,8284946,1383,2020-04-22,Student,53306,747.0,No,Yes,Approved,1834.8,3058,2,Missing bank statements.
6701,8288027,85,2021-05-17,Contract,4986,764.0,No,No,Denied,1209.0,1550,2,docs expired
6702,8288182,675,2021-04-23,Contract,71998,754.0,Yes,No,Denied,3614.4,3765,2,.
6703,8288249,1394,2020-05-29,Self-Employed,92034,324.0,No,No,Approved,1058.64,1604,3,
6704,8288676,1212,2023-08-18,Full-Time,44029,649.0,No,No,Withdrawn,952.38,1443,2,Applicant provided pay stubs.
6705,8289636,1089,2022-02-28,Self-Employed,30046,698.0,Yes,Yes,Approved,2103.36,0,3,
6706,8289660,533,2020-12-01,Student,153918,,No,No,Pending,1836.6,3061,1,Applicant follow-up needed
6707,8290276,839,2021-08-09,Part-Time,105411,779.0,No,Yes,Approved,2830.74,4289,4,
6708,8291503,1665,,Contract,265031,815.0,No,Yes,Approved,4348.8,4530,5,.
6709,8292837,34,2023-12-18,Part-Time,83183,621.0,No,No,Pending,1374.72,1432,4,Applicant provided pay stubs.
6710,8298498,1055,2023-07-05,Unemployed,178254,636.0,Yes,No,Approved,4598.1,5895,4,.
6711,8299371,1477,2022-02-01,Full-Time,89575,746.0,No,Yes,Under Review,3955.2,4120,4,
6712,8299903,731,2023-01-07,Full-Time,147728,,Yes,No,Approved,1248.72,1892,4,Referred by agent.
6713,8303886,244,2021-07-06,Part-Time,66729,721.0,No,No,Denied,1104.0,1840,4,Referred by agent.
6714,8308511,939,2020-08-02,Unemployed,154259,302.0,No,No,Approved,2304.96,2401,4,
6715,8308602,1747,2023-06-15,Unemployed,113300,676.0,Yes,Yes,Withdrawn,3888.72,5892,5,
6716,8311589,1569,2022-02-09,Part-Time,139335,708.0,No,No,Pending,1264.2,1505,5,Missing bank statements.
6717,8314021,821,2022-03-03,Self-Employed,213601,789.0,No,Yes,Withdrawn,2424.0,2525,3,Applicant follow-up needed
6718,8316392,291,2020-11-10,Full-Time,244286,707.0,No,Yes,Approved,1537.92,1602,3,Missing bank statements.
6719,8316470,784,2020-10-18,Part-Time,64337,586.0,No,Yes,Denied,2089.92,2488,5,
6720,8316489,1595,2023-02-24,Full-Time,235225,696.0,No,Yes,Denied,2480.64,2584,2,.
6721,8317230,964,2022-02-20,Full-Time,315014,764.0,No,No,Pending,2556.0,4260,1,Applicant follow-up needed
6722,8317668,697,2022-01-24,Student,66557,467.0,Yes,Yes,Denied,1949.4,3249,1,Co-signer pending review.
6723,8318347,1189,2023-11-26,Self-Employed,236664,782.0,No,No,Under Review,3594.36,4279,5,income verified via Plaid
6724,8318832,1248,2022-06-04,Student,85196,603.0,Yes,No,Approved,8044.8,8380,2,Missing bank statements.
6725,8325913,1193,2023-04-12,Self-Employed,87949,371.0,No,No,Approved,4678.08,4873,4,
6726,8325986,983,2020-10-21,Self-Employed,20264,729.0,No,Yes,Approved,6537.72,7783,3,
6727,8326180,1272,2021-02-12,Self-Employed,76940,,No,No,Denied,2762.88,2878,1,Referred by agent.
6728,8327161,682,2021-12-13,Part-Time,222468,658.0,No,Yes,Approved,5364.84,6878,2,Renewal case.
6729,8328261,89,,Full-Time,106707,,Yes,No,Approved,3073.92,3202,3,
6730,8331960,31,2022-07-21,Part-Time,61960,697.0,No,No,Denied,2149.2,3582,2,Co-signer pending review.
6731,8333869,1551,2020-01-16,Student,28051,801.0,No,Yes,Approved,3148.32,3748,2,
6732,8334466,813,2024-10-16,Retired,41225,381.0,Yes,No,Denied,2227.2,0,2,Renewal case.
6733,8334709,1240,2020-10-09,Student,216221,715.0,No,Yes,Pending,3936.66,5047,5,Missing bank statements.
6734,8335561,238,2022-06-13,Self-Employed,164937,777.0,Yes,No,Approved,9830.34,0,4,Flagged for manual review.
6735,8336378,1469,2022-08-21,Self-Employed,97314,685.0,No,No,Denied,2145.78,2751,2,Flagged for manual review.
6736,8339053,1166,,Full-Time,94013,626.0,No,No,Approved,1502.28,1926,5,.
6737,8339638,1286,,Student,28620,795.0,No,Yes,Denied,1890.84,2251,3,
6738,8340529,436,2021-04-30,Part-Time,163233,314.0,No,Yes,Approved,3553.92,3702,5,Flagged for manual review.
6739,8340759,1373,2020-12-27,Unemployed,124682,717.0,No,No,Denied,712.92,914,4,Applicant follow-up needed
6740,8342837,1763,2023-07-25,Contract,177987,771.0,No,Yes,Pending,3847.14,5829,4,
6741,8343297,1042,2023-05-12,Contract,240543,491.0,No,Yes,Denied,1824.42,2339,5,Flagged for manual review.
6742,8343412,1457,2023-08-02,Full-Time,27103,749.0,No,Yes,Withdrawn,6823.32,8123,5,Applicant follow-up needed
6743,8347191,157,2023-09-21,Contract,245971,607.0,No,No,Denied,10625.28,11068,4,
6744,8348625,1383,2021-10-14,Student,103510,706.0,Yes,No,Denied,2568.72,3058,1,docs expired
6745,8350222,138,2024-03-17,Full-Time,94248,765.0,No,Yes,Approved,2119.68,2208,4,
6746,8350253,1479,2020-01-03,Self-Employed,148684,787.0,No,No,Approved,1528.8,1960,2,
6747,8350588,1635,2020-08-19,Self-Employed,23610,639.0,No,Yes,Approved,2803.8,4673,3,docs expired
6748,8351588,1542,2022-10-03,Full-Time,106510,763.0,No,Yes,Withdrawn,699.72,0,2,income verified via Plaid
6749,8352077,1564,2023-01-22,Student,88712,,Yes,No,Approved,2233.2,3722,5,Co-signer pending review.
6750,8358672,95,2022-01-07,Unemployed,174345,720.0,Yes,No,Under Review,3456.6,5761,1,income verified via Plaid
6751,8361358,1025,2020-05-18,Full-Time,185563,667.0,Yes,Yes,Approved,2778.0,4630,3,Renewal case.
6752,8361835,1258,2020-05-31,Contract,268997,,No,Yes,Under Review,1644.48,1713,4,.
6753,8362322,1335,2022-01-13,Contract,151400,830.0,No,No,Approved,4932.18,7473,5,
6754,8363944,816,2023-12-16,Unemployed,134881,712.0,No,Yes,Approved,1313.52,1684,5,Flagged for manual review.
6755,8366712,759,2021-11-12,Self-Employed,222358,739.0,No,No,Approved,5188.26,7861,2,
6756,8366735,520,2020-09-16,Full-Time,170141,435.0,No,Yes,Pending,3752.58,4811,1,.
6757,8369428,1732,2021-11-19,Self-Employed,289226,738.0,No,No,Pending,1106.82,1677,1,docs expired
6758,8372871,390,2024-01-02,Part-Time,47927,768.0,No,Yes,Under Review,975.36,1016,4,
6759,8373135,724,2020-02-11,Unemployed,36831,384.0,No,No,Approved,1803.12,2732,4,.
6760,8374229,1036,,Full-Time,101706,769.0,No,No,Approved,2556.06,3277,2,Renewal case.
6761,8376540,683,2021-06-09,Self-Employed,112499,719.0,No,Yes,Withdrawn,2144.22,2749,1,Renewal case.
6762,8376661,1738,2022-08-23,Full-Time,245226,,No,Yes,Approved,1649.7,2115,4,
6763,8381892,870,2022-09-15,Unemployed,178708,,No,No,Denied,1198.2,1997,2,
6764,8382500,378,2023-05-16,Retired,155862,717.0,No,No,Pending,1255.98,1903,4,
6765,8384981,1524,2023-03-26,Full-Time,157170,799.0,No,No,Approved,2352.0,2800,1,
6766,8387500,564,2020-02-14,Unemployed,91763,844.0,No,Yes,Approved,3112.8,5188,5,
6767,8387905,936,2024-01-03,Contract,196395,634.0,No,No,Approved,5255.04,6256,1,Co-signer pending review.
6768,8388274,1,2023-01-02,Retired,158011,452.0,No,Yes,Approved,816.96,851,5,Applicant provided pay stubs.
6769,8388678,1572,2022-12-12,Part-Time,281645,,No,No,Withdrawn,4046.4,6744,1,income verified via Plaid
6770,8390922,801,2023-04-14,Retired,277226,648.0,Yes,Yes,Pending,3960.06,5077,1,.
6771,8391340,735,2021-05-12,Part-Time,61614,683.0,No,Yes,Denied,2759.04,2874,5,.
6772,8391347,1591,,Retired,156190,775.0,No,No,Withdrawn,6994.56,7286,3,
6773,8391680,147,2023-03-24,Part-Time,183973,831.0,No,Yes,Withdrawn,3304.32,3442,3,Flagged for manual review.
6774,8394257,1053,2021-11-27,Contract,182857,790.0,No,Yes,Denied,1804.44,2734,3,Applicant provided pay stubs.
6775,8394500,1061,2024-10-02,Contract,13594,717.0,Yes,Yes,Denied,2262.48,3428,1,Applicant provided pay stubs.
6776,8395667,576,2024-03-16,Part-Time,212815,759.0,Yes,Yes,Under Review,1387.68,1652,2,Renewal case.
6777,8399564,134,2020-08-01,Self-Employed,153621,818.0,No,Yes,Under Review,3547.2,3695,4,
6778,8400210,1432,2021-01-25,Contract,120406,787.0,No,Yes,Denied,5827.2,6070,1,Referred by agent.
6779,8400284,1100,2023-08-14,Student,214671,491.0,No,No,Denied,2586.48,3316,5,Flagged for manual review.
6780,8401984,752,,Student,233115,771.0,No,Yes,Pending,3303.36,3441,1,
6781,8402049,1652,2021-05-18,Retired,119444,774.0,No,Yes,Approved,1491.84,1554,4,Applicant follow-up needed
6782,8402174,1671,2020-05-23,Full-Time,25038,715.0,Yes,Yes,Pending,2344.8,3908,3,
6783,8402604,1056,2024-07-04,Self-Employed,177908,707.0,No,Yes,Approved,965.16,1149,4,
6784,8403126,405,2022-12-09,Self-Employed,35256,677.0,No,Yes,Approved,1410.42,0,5,docs expired
6785,8403129,611,2021-11-20,Retired,132120,,No,Yes,Denied,3451.56,4109,4,Co-signer pending review.
6786,8403592,70,2024-01-04,Student,83358,843.0,No,Yes,Approved,1469.76,1531,4,income verified via Plaid
6787,8403621,1373,2021-10-18,Self-Employed,124880,,Yes,Yes,Approved,767.76,914,1,Co-signer pending review.
6788,8403937,1247,2023-08-05,Contract,172670,605.0,No,No,Pending,3239.94,4909,1,
6789,8404340,1520,2021-08-02,Retired,261506,685.0,No,Yes,Pending,2190.72,2608,5,Co-signer pending review.
6790,8404576,897,2024-06-19,Part-Time,167968,617.0,No,Yes,Denied,1322.88,1378,5,Co-signer pending review.
6791,8406116,1222,2022-12-12,Full-Time,1923,420.0,No,Yes,Pending,2532.66,3247,4,.
6792,8408222,987,,Self-Employed,150801,602.0,Yes,Yes,Pending,3391.8,5653,3,
6793,8408682,1465,2023-10-08,Retired,89203,673.0,No,No,Approved,2572.8,2680,5,Co-signer pending review.
6794,8410429,463,2024-11-08,Full-Time,79864,,No,No,Approved,2160.0,3600,4,Applicant provided pay stubs.
6795,8411981,831,2022-08-13,Unemployed,144586,817.0,Yes,No,Approved,1471.8,2230,5,Renewal case.
6796,8414169,1713,2022-10-27,Full-Time,111530,679.0,Yes,No,Under Review,5485.92,8312,5,Renewal case.
6797,8415517,452,2024-04-22,Contract,27459,692.0,No,No,Denied,4294.08,4473,5,
6798,8415839,271,2023-12-11,Full-Time,239374,637.0,No,Yes,Denied,7805.76,8131,5,Referred by agent.
6799,8417350,537,2021-06-01,Self-Employed,45917,750.0,No,No,Approved,3531.06,4527,1,Renewal case.
6800,8417563,1403,2022-05-04,Unemployed,202326,638.0,No,Yes,Approved,2130.24,2536,1,Renewal case.
6801,8418533,104,2024-08-28,Part-Time,96166,311.0,Yes,No,Denied,3096.0,3225,3,
6802,8418755,1240,2024-07-01,Part-Time,234278,715.0,No,No,Denied,3331.02,5047,2,Applicant follow-up needed
6803,8419971,756,2020-08-19,Student,31463,748.0,Yes,No,Approved,1314.24,1369,3,Flagged for manual review.
6804,8422955,1228,2022-06-09,Unemployed,43136,741.0,No,Yes,Pending,739.2,1120,1,.
6805,8426849,183,2021-03-10,Student,46905,439.0,No,No,Approved,7383.36,7691,2,Applicant provided pay stubs.
6806,8428145,922,2024-09-25,Retired,297203,668.0,No,Yes,Pending,997.62,1279,3,Applicant follow-up needed
6807,8428177,1254,2022-09-08,Part-Time,227320,766.0,No,No,Withdrawn,4593.6,4785,3,
6808,8428326,1385,2020-06-24,Retired,233712,759.0,No,Yes,Approved,865.2,1442,2,Referred by agent.
6809,8428694,399,2020-03-26,Contract,18816,673.0,No,Yes,Approved,1786.68,2127,3,
6810,8429718,344,2021-08-17,Retired,137512,714.0,Yes,Yes,Approved,4010.16,4774,4,income verified via Plaid
6811,8429865,162,,Contract,130542,671.0,No,No,Approved,784.74,0,2,Applicant follow-up needed
6812,8429985,1322,2021-09-22,Self-Employed,2939,753.0,No,No,Withdrawn,2881.32,3694,5,
6813,8430522,1522,2021-11-23,Part-Time,223422,616.0,No,Yes,Approved,3714.24,3869,4,
6814,8430811,1572,2021-08-12,Self-Employed,47759,800.0,Yes,No,Denied,4451.04,6744,2,
6815,8431038,229,2021-05-12,Full-Time,30086,831.0,No,Yes,Approved,2268.48,2363,1,docs expired
6816,8431110,875,2022-03-23,Part-Time,148672,802.0,No,No,Approved,4254.9,5455,3,
6817,8432989,1587,,Unemployed,135787,714.0,No,No,Approved,3171.84,3776,3,Applicant provided pay stubs.
6818,8433089,252,2023-12-19,Student,179860,714.0,No,Yes,Under Review,1584.0,1650,2,
6819,8433288,1624,2023-11-19,Contract,218565,716.0,No,Yes,Denied,3898.56,0,2,Flagged for manual review.
6820,8433525,256,2022-06-03,Part-Time,228280,522.0,No,No,Approved,2154.24,2244,3,
6821,8434396,1283,2023-05-28,Full-Time,54024,687.0,No,No,Denied,7001.94,10609,2,Applicant follow-up needed
6822,8438036,1541,2024-04-22,Part-Time,238911,547.0,Yes,No,Approved,3978.0,6630,5,
6823,8441869,1635,2021-04-03,Full-Time,222170,801.0,No,Yes,Approved,3084.18,4673,3,Applicant follow-up needed
6824,8442407,1517,2020-10-30,Contract,193988,,Yes,Yes,Pending,1664.88,1982,3,Missing bank statements.
6825,8442682,380,2022-10-28,Contract,45130,719.0,Yes,Yes,Approved,4376.4,5210,5,
6826,8442940,1189,2024-03-18,Full-Time,65104,,Yes,No,Approved,3337.62,4279,2,Renewal case.
6827,8447580,1248,2020-12-21,Retired,109520,745.0,No,Yes,Approved,5530.8,8380,1,Applicant follow-up needed
6828,8448752,1619,2021-10-28,Part-Time,94069,638.0,No,Yes,Approved,1839.36,1916,5,
6829,8449476,1589,2022-03-11,Unemployed,246868,598.0,No,Yes,Under Review,1892.88,2868,3,Referred by agent.
6830,8452308,522,2024-05-17,Self-Employed,72091,849.0,No,No,Approved,591.0,985,4,Missing bank statements.
6831,8453241,216,2021-12-24,Self-Employed,100258,737.0,Yes,No,Under Review,1417.08,1687,1,Renewal case.
6832,8454527,948,2023-08-08,Retired,185900,,No,No,Approved,3546.18,5373,5,Flagged for manual review.
6833,8457331,907,2020-07-18,Part-Time,157034,672.0,No,Yes,Under Review,1308.78,1983,5,Missing bank statements.
6834,8458516,1568,2022-12-24,Unemployed,208617,626.0,Yes,Yes,Approved,3599.64,5454,1,
6835,8460878,980,2022-03-09,Part-Time,206650,674.0,No,No,Withdrawn,1291.68,1656,1,Co-signer pending review.
6836,8462456,709,2021-01-23,Unemployed,87472,672.0,No,Yes,Denied,1470.3,1885,5,Applicant provided pay stubs.
6837,8463842,1724,2020-05-13,Retired,53238,419.0,Yes,No,Denied,568.26,861,2,Applicant provided pay stubs.
6838,8464410,738,2020-09-27,Full-Time,237817,783.0,Yes,No,Under Review,2482.2,4137,4,
6839,8465029,27,2020-11-14,Student,162575,791.0,No,Yes,Denied,925.2,1542,2,Missing bank statements.
6840,8466204,786,2020-01-22,Contract,184429,700.0,No,No,Approved,1992.48,2372,4,Flagged for manual review.
6841,8468337,1501,2021-04-20,Contract,67097,794.0,No,No,Denied,751.2,1252,2,Renewal case.
6842,8468549,346,2024-11-05,Full-Time,203263,654.0,No,No,Approved,3116.88,3996,5,docs expired
6843,8468594,376,2021-09-29,Full-Time,145507,738.0,No,No,Denied,1750.8,2918,3,Co-signer pending review.
6844,8468693,1372,2023-10-21,Unemployed,60494,690.0,Yes,No,Withdrawn,537.24,814,1,Co-signer pending review.
6845,8469955,909,2020-01-06,Part-Time,161153,693.0,No,Yes,Approved,1181.76,1231,2,Applicant follow-up needed
6846,8472314,163,2023-06-06,Student,34559,768.0,No,Yes,Pending,3004.8,5008,5,income verified via Plaid
6847,8472432,1407,2020-06-24,Part-Time,104320,737.0,No,Yes,Under Review,2155.14,2763,5,
6848,8473216,1507,2021-10-27,Full-Time,10072,759.0,No,No,Approved,2319.72,2974,4,
6849,8474463,1769,2022-08-31,Unemployed,22841,531.0,No,Yes,Approved,5800.86,7437,1,
6850,8476097,99,2021-02-21,Retired,203864,,No,No,Denied,3066.24,3194,1,Applicant follow-up needed
6851,8478502,353,2021-06-28,Unemployed,172788,539.0,No,Yes,Approved,2350.08,2448,4,docs expired
6852,8479105,1708,2024-05-22,Retired,154680,807.0,No,No,Pending,1855.8,3093,3,Renewal case.
6853,8480163,578,2022-01-29,Contract,119650,585.0,No,No,Pending,2513.94,3809,2,Renewal case.
6854,8480719,1448,2021-09-23,Contract,57314,613.0,No,Yes,Approved,2422.56,2884,2,Renewal case.
6855,8480807,1521,2023-08-02,Self-Employed,109145,332.0,Yes,Yes,Pending,2365.2,3942,2,Applicant provided pay stubs.
6856,8481871,197,2023-05-11,Contract,140075,773.0,No,No,Pending,3750.78,5683,1,
6857,8481893,649,2020-05-27,Self-Employed,99577,789.0,No,No,Pending,2212.56,2634,2,Missing bank statements.
6858,8484121,1336,,Unemployed,214665,645.0,No,No,Denied,2306.04,3494,2,docs expired
6859,8484450,1726,2021-05-19,Full-Time,39040,664.0,No,Yes,Approved,2356.2,3570,1,Referred by agent.
6860,8485888,39,2024-03-10,Contract,18514,674.0,No,Yes,Withdrawn,2772.84,0,5,Referred by agent.
6861,8486598,533,2020-06-05,Student,246355,,No,No,Approved,2571.24,3061,2,Referred by agent.
6862,8487440,344,2024-09-20,Part-Time,190791,761.0,Yes,Yes,Denied,4583.04,4774,4,
6863,8488847,1637,2021-10-04,Self-Employed,28883,655.0,Yes,Yes,Approved,2810.4,4684,2,Renewal case.
6864,8490961,1071,2022-08-24,Part-Time,112916,714.0,Yes,Yes,Pending,2677.74,3433,4,Flagged for manual review.
6865,8492702,572,2024-10-28,Full-Time,39326,,No,Yes,Denied,1248.0,1300,2,Referred by agent.
6866,8494044,338,2021-05-09,Self-Employed,191099,794.0,No,No,Approved,2818.86,4271,1,Applicant provided pay stubs.
6867,8495164,1617,2022-10-17,Part-Time,223632,685.0,No,No,Withdrawn,684.6,815,1,docs expired
6868,8497399,1269,2020-08-16,Contract,6909,658.0,No,No,Approved,2285.76,2381,1,
6869,8499395,885,2023-02-07,Full-Time,224271,371.0,No,Yes,Denied,1566.6,1865,4,Missing bank statements.
6870,8500383,1679,2020-05-20,Contract,117254,760.0,No,No,Approved,2660.4,4434,4,Renewal case.
6871,8502418,923,2020-09-15,Part-Time,115739,774.0,Yes,No,Approved,3050.04,3631,3,Co-signer pending review.
6872,8503766,282,2022-06-01,Unemployed,128849,463.0,No,Yes,Withdrawn,1065.12,1268,3,Flagged for manual review.
6873,8505186,525,2022-03-12,Student,217774,836.0,Yes,No,Under Review,1839.6,2190,1,
6874,8507698,667,2023-06-19,Self-Employed,106395,622.0,No,Yes,Denied,1671.12,2532,4,Applicant provided pay stubs.
6875,8509955,759,2020-02-12,Part-Time,214553,632.0,No,No,Withdrawn,7546.56,7861,4,Co-signer pending review.
6876,8511190,533,2022-01-06,Self-Employed,114006,484.0,No,Yes,Denied,2020.26,3061,5,docs expired
6877,8512773,817,2022-04-30,Retired,107590,802.0,No,Yes,Denied,3616.08,0,3,Referred by agent.
6878,8513221,148,2024-04-15,Student,131484,677.0,No,Yes,Withdrawn,643.5,975,1,Applicant follow-up needed
6879,8513391,1374,2022-11-27,Student,162672,743.0,No,No,Approved,2925.78,3751,2,Referred by agent.
6880,8513650,49,2020-10-07,Self-Employed,23573,824.0,Yes,No,Approved,2899.26,3717,3,income verified via Plaid
6881,8518640,1213,2020-04-19,Part-Time,5758,718.0,No,No,Pending,3821.22,4899,5,Missing bank statements.
6882,8520076,1659,2024-12-03,Unemployed,184748,794.0,No,No,Approved,2815.68,2933,1,.
6883,8520343,214,2024-02-23,Contract,183634,700.0,No,No,Approved,4009.92,4177,5,income verified via Plaid
6884,8520471,654,2024-02-17,Student,183600,787.0,No,Yes,Denied,2040.72,3092,3,Missing bank statements.
6885,8520808,1041,2023-11-25,Unemployed,90358,354.0,No,Yes,Approved,1825.2,3042,4,
6886,8520870,1005,2023-09-24,Part-Time,279012,773.0,No,No,Approved,946.14,1213,1,
6887,8521087,1362,2021-09-06,Unemployed,190729,,No,No,Denied,3793.92,3952,1,Co-signer pending review.
6888,8522428,958,2023-10-01,Contract,60053,,No,No,Denied,1592.58,2413,3,
6889,8522887,1670,2024-02-13,Full-Time,3920,770.0,No,No,Approved,3963.96,6006,3,Renewal case.
6890,8523959,158,2023-01-07,Self-Employed,23465,680.0,No,Yes,Under Review,1204.8,1255,5,Referred by agent.
6891,8525164,869,2020-08-22,Contract,228100,711.0,Yes,Yes,Approved,1384.5,1775,3,
6892,8525664,1628,2020-10-30,Part-Time,210616,634.0,No,No,Approved,5648.64,5884,2,docs expired
6893,8530451,107,2020-06-11,Retired,103759,762.0,No,No,Approved,2588.82,3319,5,Applicant follow-up needed
6894,8530479,779,2023-07-07,Student,165092,820.0,No,No,Denied,5349.3,8105,2,docs expired
6895,8530678,919,2022-11-06,Full-Time,51200,589.0,No,Yes,Denied,552.6,921,1,Co-signer pending review.
6896,8531373,1415,2024-07-13,Unemployed,161612,757.0,No,No,Approved,2205.0,3675,1,
6897,8531595,856,2023-11-24,Full-Time,229143,750.0,No,Yes,Pending,711.48,847,1,Co-signer pending review.
6898,8531601,1131,2024-12-08,Full-Time,58884,632.0,No,Yes,Approved,1002.6,0,3,docs expired
6899,8531669,1447,,Student,183227,705.0,No,No,Approved,721.8,1203,2,
6900,8532372,1554,2020-10-30,Unemployed,149333,734.0,No,No,Withdrawn,1187.52,1237,4,
6901,8532441,1695,2023-01-19,Unemployed,171203,669.0,No,No,Approved,3975.66,5097,4,
6902,8533606,117,2020-03-31,Part-Time,181177,,No,No,Approved,1776.06,2691,5,
6903,8533758,481,2023-12-08,Contract,238987,781.0,No,No,Approved,1105.8,1843,3,.
6904,8533966,1250,2023-05-06,Unemployed,172560,675.0,Yes,No,Approved,3193.68,3802,4,Missing bank statements.
6905,8534382,1076,2020-06-27,Unemployed,97786,787.0,No,Yes,Approved,2839.68,2958,4,Co-signer pending review.
6906,8535858,634,2021-06-26,Retired,89602,606.0,No,No,Pending,1118.52,1434,5,.
6907,8538806,281,2020-04-08,Contract,25602,612.0,Yes,Yes,Pending,2301.6,2740,3,Renewal case.
6908,8539707,56,2024-10-06,Student,29280,701.0,No,Yes,Approved,3296.16,3924,5,
6909,8540570,1699,2022-07-10,Retired,134050,,Yes,No,Withdrawn,1266.72,1508,1,Co-signer pending review.
6910,8540815,557,2021-09-06,Retired,199249,766.0,No,Yes,Approved,2774.46,3557,3,Flagged for manual review.
6911,8541522,319,2020-09-13,Contract,241273,829.0,Yes,No,Denied,2206.62,2829,4,docs expired
6912,8544774,1092,2020-04-02,Part-Time,132779,836.0,Yes,Yes,Approved,4771.2,7952,2,income verified via Plaid
6913,8546610,950,2023-12-09,Self-Employed,18825,700.0,No,No,Denied,3227.64,4138,2,
6914,8547316,1479,,Unemployed,104579,690.0,No,No,Pending,1881.6,1960,4,Co-signer pending review.
6915,8547373,439,2020-01-16,Self-Employed,75848,706.0,No,Yes,Approved,1165.2,1942,2,
6916,8547676,1747,2020-11-09,Contract,237106,772.0,No,Yes,Under Review,3535.2,0,5,income verified via Plaid
6917,8547980,788,2021-09-30,Contract,86905,779.0,No,Yes,Denied,3516.48,5328,4,
6918,8548350,759,2023-12-13,Student,266756,647.0,No,No,Denied,6131.58,0,4,
6919,8548779,145,2020-01-29,Self-Employed,58316,623.0,No,No,Approved,520.8,868,1,
6920,8548882,1174,2020-12-14,Full-Time,159025,707.0,No,Yes,Approved,2610.24,2719,3,income verified via Plaid
6921,8550701,1398,2023-09-19,Full-Time,26362,746.0,Yes,Yes,Under Review,2805.12,2922,1,
6922,8550759,1014,2022-03-30,Contract,153208,342.0,No,Yes,Denied,5787.6,7420,4,Applicant follow-up needed
6923,8551187,539,2022-11-04,Retired,184491,796.0,Yes,Yes,Pending,3811.08,4537,2,income verified via Plaid
6924,8551853,1191,2024-04-20,Unemployed,157323,718.0,No,Yes,Pending,978.12,1254,1,Renewal case.
6925,8553080,13,2021-12-09,Contract,177111,788.0,No,No,Approved,2935.8,3495,1,Applicant provided pay stubs.
6926,8555892,1374,2023-10-13,Student,35838,442.0,No,Yes,Pending,2925.78,3751,2,Referred by agent.
6927,8556239,774,2022-12-09,Part-Time,146420,667.0,No,No,Denied,2599.74,3939,5,Referred by agent.
6928,8561918,856,2020-11-24,Retired,17823,716.0,No,Yes,Under Review,711.48,847,4,Missing bank statements.
6929,8562347,1232,,Full-Time,27924,,No,Yes,Withdrawn,1713.6,0,3,Referred by agent.
6930,8563660,477,2020-09-06,Retired,124531,671.0,No,Yes,Denied,762.96,1156,3,income verified via Plaid
6931,8564488,1471,,Full-Time,38282,760.0,No,No,Pending,3049.2,4620,3,docs expired
6932,8566781,892,2022-01-31,Part-Time,102752,642.0,Yes,Yes,Denied,3170.88,3303,1,
6933,8567922,1616,2022-03-25,Student,45818,446.0,Yes,No,Approved,3034.8,5058,4,
6934,8568164,654,2023-03-02,Retired,36120,751.0,Yes,Yes,Approved,1855.2,3092,1,Co-signer pending review.
6935,8568319,1414,2023-07-13,Self-Employed,52847,791.0,No,Yes,Approved,1072.68,1277,4,Co-signer pending review.
6936,8568438,1202,2020-06-19,Unemployed,27095,752.0,No,Yes,Approved,2020.98,2591,4,Applicant provided pay stubs.
6937,8568729,621,2024-08-19,Part-Time,128137,789.0,No,No,Approved,3648.0,6080,4,Referred by agent.
6938,8568914,1702,2021-05-08,Self-Employed,54439,714.0,No,Yes,Approved,1351.8,2253,4,Flagged for manual review.
6939,8570854,860,2023-12-01,Unemployed,177235,829.0,No,Yes,Approved,2828.28,3367,3,
6940,8573668,511,2022-01-06,Full-Time,321634,730.0,No,No,Approved,3795.66,5751,4,income verified via Plaid
6941,8573676,1197,2020-09-17,Contract,60379,781.0,No,No,Pending,1520.64,2304,1,Co-signer pending review.
6942,8573803,1072,2020-11-21,Part-Time,40906,763.0,No,Yes,Withdrawn,599.28,908,1,Applicant provided pay stubs.
6943,8574248,275,2022-06-17,Part-Time,182341,711.0,No,Yes,Denied,1108.8,1680,3,Flagged for manual review.
6944,8575381,1096,2022-12-09,Full-Time,61508,645.0,No,No,Under Review,1976.52,2534,2,income verified via Plaid
6945,8576628,1527,2022-06-17,Part-Time,105850,832.0,No,Yes,Denied,929.76,0,1,income verified via Plaid
6946,8576705,177,2020-02-03,Contract,135984,740.0,Yes,No,Approved,1037.52,1572,3,docs expired
6947,8577184,1527,2024-12-26,Student,7806,614.0,No,No,Approved,786.72,1192,5,Co-signer pending review.
6948,8578105,106,2021-04-14,Unemployed,89871,590.0,Yes,No,Pending,3377.4,4330,1,.
6949,8578892,1147,2020-11-17,Unemployed,209186,647.0,Yes,Yes,Approved,2218.2,3697,1,income verified via Plaid
6950,8581015,228,2023-01-14,Full-Time,156941,645.0,Yes,No,Denied,793.8,1323,1,.
6951,8582130,1519,2022-04-28,Part-Time,122332,848.0,No,No,Approved,1684.2,2005,1,.
6952,8583143,1183,2023-04-07,Unemployed,9242,768.0,No,Yes,Approved,1949.64,2954,2,Applicant follow-up needed
6953,8583837,934,2023-04-20,Full-Time,112164,725.0,No,No,Approved,1433.64,1838,1,income verified via Plaid
6954,8584748,866,2022-04-18,Unemployed,131448,481.0,No,No,Denied,2079.0,2475,5,Co-signer pending review.
6955,8584854,757,2024-11-27,Retired,170340,815.0,No,Yes,Pending,1780.2,2967,3,Renewal case.
6956,8589945,1628,2022-05-03,Self-Employed,1599,717.0,Yes,Yes,Approved,5648.64,5884,5,Applicant follow-up needed
6957,8590717,993,2024-03-20,Contract,87285,751.0,No,No,Denied,866.04,1031,4,docs expired
6958,8591886,1603,2021-06-19,Part-Time,237970,689.0,No,No,Approved,2072.4,3454,5,docs expired
6959,8593772,1453,2024-09-24,Student,247962,333.0,Yes,Yes,Approved,2337.66,2997,1,.
6960,8596495,1246,,Student,106842,734.0,No,No,Denied,1504.14,2279,4,docs expired
6961,8599246,248,2023-01-07,Contract,96076,759.0,No,No,Approved,792.48,1016,1,Applicant follow-up needed
6962,8599797,1449,2020-02-23,Student,47754,702.0,Yes,Yes,Denied,1465.8,2443,2,
6963,8600545,624,2020-03-26,Part-Time,52746,,Yes,No,Approved,3045.9,3905,4,income verified via Plaid
6964,8600688,691,2022-11-18,Self-Employed,231825,746.0,No,Yes,Pending,1501.8,0,2,
6965,8600731,1505,2024-06-16,Student,125506,688.0,No,Yes,Approved,2253.9,3415,3,Referred by agent.
6966,8601147,425,2023-05-10,Retired,42258,586.0,No,No,Approved,1254.24,1608,4,income verified via Plaid
6967,8602132,177,,Part-Time,86720,689.0,Yes,Yes,Approved,943.2,1572,1,
6968,8604137,964,2022-03-15,Retired,65278,759.0,No,No,Approved,3322.8,4260,2,Missing bank statements.
6969,8607232,1036,2021-08-07,Contract,44214,798.0,No,No,Denied,3145.92,3277,3,Flagged for manual review.
6970,8607715,994,2022-07-12,Self-Employed,136671,428.0,Yes,No,Approved,1428.0,1700,1,Applicant follow-up needed
6971,8608201,701,,Contract,130754,827.0,No,No,Approved,1118.04,1331,4,
6972,8608692,610,2024-11-05,Self-Employed,146006,654.0,Yes,No,Under Review,1817.76,2164,1,.
6973,8609035,367,,Student,47960,818.0,No,Yes,Approved,1216.2,2027,5,Co-signer pending review.
6974,8610928,353,2024-06-08,Full-Time,95154,655.0,Yes,Yes,Denied,2056.32,2448,4,docs expired
6975,8612758,385,2022-09-10,Retired,115250,756.0,Yes,No,Approved,4868.16,5071,5,.
6976,8615048,657,2020-12-20,Unemployed,245084,716.0,No,Yes,Under Review,1482.0,1900,5,Flagged for manual review.
6977,8616062,1140,2024-08-20,Unemployed,77232,689.0,No,No,Approved,2161.38,2771,4,Referred by agent.
6978,8616594,306,2022-02-07,Part-Time,16069,803.0,No,No,Approved,2073.24,2658,1,Renewal case.
6979,8618327,1164,2024-04-09,Contract,12842,715.0,No,No,Approved,2071.8,3453,4,Co-signer pending review.
6980,8619546,587,2021-01-28,Retired,195592,334.0,No,No,Withdrawn,3402.0,5670,5,
6981,8621974,1497,2023-12-23,Retired,119168,,No,Yes,Denied,1282.2,2137,4,Referred by agent.
6982,8622308,1065,2021-12-04,Student,585000,,No,No,Pending,1255.32,1902,3,
6983,8622801,390,2020-03-18,Self-Employed,180473,303.0,Yes,No,Denied,853.44,1016,5,Renewal case.
6984,8623525,1651,2023-11-30,Unemployed,61076,778.0,Yes,No,Approved,1968.12,2982,2,Flagged for manual review.
6985,8623810,831,2021-03-20,Contract,96889,833.0,No,No,Under Review,1338.0,2230,5,Applicant provided pay stubs.
6986,8625578,1721,,Retired,35954,,No,Yes,Pending,800.58,1213,3,
6987,8629306,899,2021-03-05,Self-Employed,155305,781.0,No,No,Pending,1107.48,1678,1,Renewal case.
6988,8631893,522,2021-04-10,Contract,29531,770.0,No,No,Approved,650.1,985,5,
6989,8632489,740,2023-06-18,Full-Time,13803,733.0,No,No,Approved,2262.12,2693,3,Co-signer pending review.
6990,8633963,1588,2024-08-13,Unemployed,130180,758.0,No,Yes,Approved,9903.6,11790,5,.
6991,8634874,127,2023-12-29,Self-Employed,144391,321.0,No,Yes,Under Review,1086.12,1293,5,Co-signer pending review.
6992,8634994,1450,2022-12-09,Self-Employed,58607,839.0,No,Yes,Pending,693.0,1050,3,
6993,8636289,1656,2024-02-23,Contract,149116,751.0,Yes,No,Approved,2523.84,0,1,Renewal case.
6994,8638363,105,2020-12-05,Unemployed,136087,673.0,No,Yes,Pending,3771.24,5714,3,Applicant follow-up needed
6995,8638437,534,2022-06-08,Part-Time,79334,838.0,No,Yes,Pending,2857.92,2977,3,
6996,8638674,903,2021-03-28,Retired,109087,678.0,No,No,Approved,3716.16,4424,1,Applicant follow-up needed
6997,8639785,1641,2020-11-17,Contract,266658,713.0,No,Yes,Under Review,4741.62,6079,2,docs expired
6998,8645191,1119,2020-03-01,Contract,179740,700.0,No,No,Pending,3144.96,3276,4,
6999,8646552,693,,Full-Time,35610,617.0,No,No,Approved,2152.8,3588,1,Referred by agent.
7000,8648235,678,2021-11-05,Retired,48873,786.0,No,Yes,Denied,782.34,1003,4,Applicant follow-up needed
7001,8649195,1628,2023-10-03,Unemployed,151645,799.0,No,Yes,Approved,5648.64,5884,2,
7002,8650817,660,2024-09-16,Student,137096,840.0,Yes,No,Approved,2090.22,0,4,docs expired
7003,8652103,935,2021-10-12,Unemployed,140543,752.0,No,Yes,Approved,3662.4,3815,3,Referred by agent.
7004,8652584,376,2024-11-11,Contract,67980,,No,No,Denied,1750.8,2918,2,Missing bank statements.
7005,8652995,1774,2021-06-22,Full-Time,234212,726.0,Yes,Yes,Approved,1272.6,1515,5,Flagged for manual review.
7006,8653316,1005,2020-08-08,Self-Employed,187162,571.0,No,No,Denied,800.58,1213,3,Flagged for manual review.
7007,8653719,1680,2022-01-23,Unemployed,250536,679.0,Yes,No,Denied,2176.68,3298,3,Co-signer pending review.
7008,8654746,226,2022-12-23,Part-Time,242889,669.0,No,No,Approved,1019.7,1545,5,income verified via Plaid
7009,8656349,1223,2023-08-02,Self-Employed,128231,688.0,No,Yes,Approved,3962.28,4717,2,
7010,8658910,915,2021-11-11,Student,63535,512.0,No,Yes,Approved,3711.12,0,3,
7011,8659290,508,2020-10-27,Full-Time,31961,676.0,No,No,Withdrawn,647.4,830,1,
7012,8659411,719,2022-02-05,Full-Time,24481,586.0,No,Yes,Denied,4767.0,7945,2,
7013,8661018,1544,2020-05-19,Part-Time,127480,736.0,Yes,No,Denied,2325.0,3875,5,Missing bank statements.
7014,8664039,1533,2024-11-22,Unemployed,215961,772.0,Yes,No,Approved,5454.96,6494,4,
7015,8664743,1098,2023-10-18,Student,132569,773.0,No,Yes,Pending,3255.84,3876,2,Applicant provided pay stubs.
7016,8665127,1336,2020-09-10,Full-Time,137292,783.0,Yes,No,Approved,2934.96,3494,1,Missing bank statements.
7017,8669463,1786,2022-02-11,Full-Time,165853,661.0,No,Yes,Denied,1046.76,1342,4,Applicant provided pay stubs.
7018,8674397,246,2021-04-13,Student,146181,667.0,No,No,Pending,4375.56,5209,1,Missing bank statements.
7019,8675885,893,2024-08-08,Contract,203295,673.0,No,Yes,Denied,3288.6,3915,1,docs expired
7020,8675953,4,2023-07-28,Contract,78474,,No,No,Denied,1350.18,1731,5,docs expired
7021,8678046,750,2022-01-25,Full-Time,33355,813.0,No,Yes,Approved,2341.2,3902,3,docs expired
7022,8678116,1537,2024-02-22,Self-Employed,126753,724.0,No,No,Denied,2391.48,2847,3,Applicant provided pay stubs.
7023,8682663,1533,2021-06-23,Retired,40467,717.0,No,No,Pending,6234.24,6494,4,docs expired
7024,8683282,1438,2024-12-03,Retired,168611,733.0,No,No,Under Review,2830.8,3370,3,
7025,8689962,907,2023-08-14,Unemployed,97897,706.0,No,Yes,Approved,1546.74,1983,4,Applicant provided pay stubs.
7026,8692494,13,2022-12-21,Self-Employed,118895,350.0,Yes,Yes,Approved,2097.0,3495,3,Applicant provided pay stubs.
7027,8692664,355,,Self-Employed,210609,664.0,Yes,No,Denied,7762.56,8086,1,
7028,8692963,732,2021-08-17,Contract,294000,688.0,No,No,Approved,2303.04,2399,3,Applicant provided pay stubs.
7029,8693396,1569,2021-05-29,Unemployed,37384,349.0,No,No,Approved,1264.2,1505,3,Renewal case.
7030,8694101,1464,2024-04-09,Retired,243086,765.0,No,No,Approved,3600.0,3750,3,
7031,8695505,1230,2021-07-06,Unemployed,213484,838.0,No,No,Withdrawn,2021.76,2592,2,.
7032,8700391,793,2021-01-28,Retired,250034,745.0,No,No,Approved,7774.2,9255,4,
7033,8704264,284,2023-03-05,Self-Employed,46105,,No,Yes,Pending,2152.92,2563,4,Referred by agent.
7034,8705747,295,2021-12-18,Contract,53074,707.0,No,Yes,Approved,4067.7,5215,3,Co-signer pending review.
7035,8706607,102,2024-10-16,Student,142320,750.0,Yes,Yes,Approved,1909.38,2893,4,
7036,8708563,877,2020-08-06,Retired,177100,775.0,No,Yes,Pending,3312.66,4247,3,
7037,8709639,1420,2023-09-09,Student,184822,666.0,No,Yes,Approved,3012.24,4564,1,Co-signer pending review.
7038,8710529,1004,2023-10-06,Self-Employed,214600,815.0,No,No,Pending,5247.36,5466,2,
7039,8713957,1140,2022-12-31,Part-Time,88937,791.0,No,Yes,Under Review,2327.64,2771,4,docs expired
7040,8714451,260,2021-01-02,Contract,237619,754.0,No,Yes,Withdrawn,2258.4,3764,5,
7041,8715742,1045,2023-08-15,Unemployed,2998,398.0,No,Yes,Under Review,4365.12,4547,2,.
7042,8718926,1703,2022-12-11,Self-Employed,194000,624.0,No,No,Under Review,8231.52,12472,1,Flagged for manual review.
7043,8720935,595,2024-08-04,Full-Time,189507,690.0,Yes,No,Denied,1994.4,3324,5,Referred by agent.
7044,8721756,39,2020-03-21,Student,20512,629.0,No,No,Under Review,2772.84,3301,4,docs expired
7045,8723634,265,2022-08-14,Contract,94731,596.0,Yes,No,Pending,952.2,1587,4,Co-signer pending review.
7046,8730050,745,2020-02-05,Part-Time,221904,784.0,No,No,Under Review,4396.56,5234,4,.
7047,8731969,1200,2021-02-02,Full-Time,75207,613.0,No,No,Approved,1429.56,2166,3,
7048,8732158,1563,2022-04-08,Student,86109,593.0,Yes,No,Approved,1729.2,2882,2,Flagged for manual review.
7049,8732321,1728,2024-07-27,Student,69888,774.0,No,No,Denied,7088.64,7384,5,Missing bank statements.
7050,8734523,510,2021-11-09,Full-Time,61509,,No,No,Approved,1519.44,1948,2,income verified via Plaid
7051,8735430,1691,2024-05-10,Full-Time,242218,710.0,No,No,Pending,1142.4,1904,5,
7052,8735579,315,2023-07-13,Self-Employed,245560,798.0,Yes,No,Under Review,656.7,995,5,Applicant follow-up needed
7053,8736651,1037,2023-10-12,Retired,76516,,No,No,Approved,2631.72,3133,2,
7054,8737626,1707,2023-10-13,Full-Time,224034,731.0,No,No,Approved,4648.8,5960,5,Missing bank statements.
7055,8739620,1631,2022-08-04,Full-Time,243010,685.0,No,Yes,Approved,3417.96,4069,5,Referred by agent.
7056,8740980,968,2021-12-09,Student,30319,789.0,No,No,Approved,2749.32,3273,1,.
7057,8743271,1729,2023-04-21,Contract,136015,762.0,Yes,No,Denied,646.62,829,5,.
7058,8743704,726,2021-05-10,Self-Employed,105167,788.0,No,No,Approved,1597.68,1902,1,Applicant follow-up needed
7059,8746033,223,2021-06-14,Student,81032,398.0,No,Yes,Approved,4753.56,5659,5,Applicant provided pay stubs.
7060,8746590,831,2021-12-15,Unemployed,164694,694.0,No,Yes,Under Review,1873.2,2230,4,Applicant follow-up needed
7061,8747302,1496,2024-08-22,Student,177197,,No,No,Approved,4898.04,5831,1,Referred by agent.
7062,8748596,228,2020-08-15,Full-Time,220657,738.0,Yes,No,Denied,1270.08,1323,1,
7063,8749271,610,2023-04-21,Full-Time,238495,849.0,No,Yes,Pending,1298.4,2164,2,.
7064,8750752,761,2023-07-21,Student,158135,721.0,Yes,Yes,Denied,3386.46,5131,3,
7065,8751707,344,2023-02-21,Part-Time,145784,651.0,Yes,No,Under Review,2864.4,4774,2,docs expired
7066,8752284,1192,2022-10-12,Contract,177704,764.0,No,No,Denied,6662.76,8542,3,
7067,8755923,772,2021-08-13,Unemployed,45724,696.0,No,No,Denied,1999.92,2564,4,Missing bank statements.
7068,8756177,1558,2022-09-30,Full-Time,204732,789.0,No,No,Under Review,3885.6,6476,5,Renewal case.
7069,8757085,462,2024-11-19,Student,112266,695.0,Yes,Yes,Denied,1839.24,2358,5,Flagged for manual review.
7070,8761808,1268,2022-01-01,Student,79188,599.0,No,No,Denied,7247.04,0,4,Flagged for manual review.
7071,8764616,1609,2023-08-24,Unemployed,267575,739.0,No,No,Approved,3796.32,5752,5,Applicant follow-up needed
7072,8765432,938,2020-05-18,Contract,171018,358.0,No,No,Approved,4687.2,5580,4,income verified via Plaid
7073,8765500,64,2021-04-28,Part-Time,163505,756.0,No,No,Approved,3148.32,3748,5,Applicant follow-up needed
7074,8766677,1759,2023-09-23,Full-Time,43577,712.0,No,No,Pending,1738.2,2897,2,Co-signer pending review.
7075,8766899,1323,2020-10-02,Student,818000,791.0,No,No,Denied,1144.08,1362,4,Flagged for manual review.
7076,8767711,528,2021-03-04,Unemployed,213820,597.0,No,Yes,Approved,5944.32,6192,2,Flagged for manual review.
7077,8768540,1606,2023-05-16,Contract,253089,676.0,No,Yes,Approved,2639.4,4399,1,income verified via Plaid
7078,8768867,317,2023-07-01,Unemployed,88973,807.0,No,No,Withdrawn,1783.8,2973,2,Referred by agent.
7079,8770179,1429,2022-02-08,Unemployed,68393,538.0,Yes,No,Denied,2703.6,4506,5,
7080,8770792,1224,2022-01-23,Contract,30987,641.0,No,Yes,Approved,3795.84,3954,2,
7081,8772308,739,,Retired,90794,673.0,No,Yes,Withdrawn,2088.9,3165,4,
7082,8774496,105,2022-11-21,Part-Time,76811,502.0,No,No,Denied,3771.24,5714,4,Referred by agent.
7083,8776913,304,2024-12-18,Student,204835,681.0,Yes,Yes,Approved,1251.0,2085,2,Applicant provided pay stubs.
7084,8777072,1721,2023-03-17,Contract,29229,628.0,No,Yes,Denied,3055.68,3183,3,
7085,8781067,1175,2021-11-21,Unemployed,273872,660.0,Yes,No,Approved,5449.86,6987,1,Applicant provided pay stubs.
7086,8782232,1698,2020-04-20,Student,168875,756.0,Yes,Yes,Approved,2748.48,2863,4,Renewal case.
7087,8782547,1507,2021-10-24,Full-Time,161794,502.0,No,Yes,Approved,2319.72,2974,3,Applicant provided pay stubs.
7088,8782997,465,2020-01-08,Retired,79502,378.0,No,No,Denied,1590.12,1893,5,
7089,8788783,1782,2020-06-22,Unemployed,247990,736.0,Yes,No,Withdrawn,4976.16,5924,1,
7090,8789024,328,2022-07-03,Student,99820,605.0,No,Yes,Denied,1919.04,0,2,Renewal case.
7091,8789230,104,2024-10-17,Part-Time,24239,,No,No,Approved,1935.0,3225,3,
7092,8791422,157,2021-11-05,Full-Time,322627,,Yes,Yes,Denied,8633.04,11068,3,Flagged for manual review.
7093,8794861,691,2022-08-19,Part-Time,176612,784.0,No,Yes,Approved,2102.52,2503,3,docs expired
7094,8795222,84,2020-02-21,Part-Time,105563,680.0,No,No,Approved,5801.64,7438,5,Co-signer pending review.
7095,8795857,131,,Student,119090,681.0,No,Yes,Under Review,836.22,1267,5,income verified via Plaid
7096,8796558,1506,2021-05-12,Contract,289854,690.0,No,Yes,Under Review,1314.6,2191,3,
7097,8798013,1622,2020-04-25,Contract,72270,775.0,No,No,Approved,2253.72,2683,1,Renewal case.
7098,8799026,440,2023-11-06,Retired,45620,,No,Yes,Pending,2393.4,3989,2,Applicant provided pay stubs.
7099,8799622,1378,2022-10-21,Full-Time,73196,761.0,No,Yes,Approved,737.52,878,5,
7100,8799916,891,,Self-Employed,41049,733.0,No,No,Approved,3442.56,5216,5,income verified via Plaid
7101,8800063,675,,Part-Time,104865,355.0,No,Yes,Denied,2259.0,3765,1,
7102,8805261,121,2020-12-05,Part-Time,184757,315.0,No,No,Denied,1019.4,1699,1,docs expired
7103,8805484,92,2023-05-14,Part-Time,202749,716.0,No,No,Withdrawn,3035.52,3162,5,Missing bank statements.
7104,8807966,1320,2020-12-05,Student,168247,834.0,No,No,Pending,4705.68,5602,2,
7105,8808216,1497,2022-10-05,Contract,110915,,No,No,Approved,1282.2,2137,2,Applicant provided pay stubs.
7106,8809366,1634,2020-01-07,Full-Time,21210,814.0,No,No,Denied,5361.18,8123,4,
7107,8815577,677,2020-07-05,Retired,21132,752.0,No,Yes,Pending,1205.82,1827,5,Renewal case.
7108,8817028,1291,2023-08-08,Self-Employed,43273,,No,Yes,Pending,2059.98,2641,4,Applicant provided pay stubs.
7109,8818963,1371,2021-07-26,Part-Time,55960,760.0,No,No,Denied,3081.0,3950,3,Flagged for manual review.
7110,8819647,1569,2022-03-22,Contract,225435,803.0,Yes,Yes,Approved,1173.9,1505,5,Renewal case.
7111,8820221,428,2020-02-18,Part-Time,138988,803.0,No,Yes,Denied,1049.28,1093,1,Missing bank statements.
7112,8821985,1161,2024-04-05,Self-Employed,8214,786.0,No,No,Pending,1453.32,2202,4,Missing bank statements.
7113,8822419,250,2021-08-14,Unemployed,238275,726.0,No,Yes,Approved,1369.2,1630,2,Co-signer pending review.
7114,8823136,521,2023-01-18,Retired,118435,,No,Yes,Pending,615.78,933,3,
7115,8826154,1390,2023-12-11,Unemployed,79138,705.0,No,No,Approved,1491.6,2260,4,docs expired
7116,8826635,699,2023-05-22,Part-Time,121832,736.0,No,Yes,Approved,3309.6,3940,5,Flagged for manual review.
7117,8827691,473,2020-08-22,Student,224061,653.0,Yes,No,Approved,3367.56,4009,1,
7118,8827832,418,2024-11-17,Retired,179542,,No,No,Approved,2277.0,3450,2,.
7119,8829069,1576,2024-06-16,Unemployed,73051,749.0,No,No,Denied,3474.6,5791,2,income verified via Plaid
7120,8829517,839,2022-11-11,Student,77445,804.0,No,No,Pending,2573.4,4289,2,docs expired
7121,8829823,260,2021-08-01,Self-Employed,48748,715.0,No,No,Withdrawn,3613.44,3764,2,Referred by agent.
7122,8829890,1203,2023-01-22,Student,314750,545.0,No,Yes,Under Review,1918.08,1998,5,
7123,8832023,185,2024-05-21,Unemployed,92886,,No,Yes,Withdrawn,3828.72,4558,4,
7124,8833986,342,2021-09-03,Retired,89766,,No,No,Pending,1063.14,1363,3,
7125,8834906,717,2023-01-18,Part-Time,169236,,No,No,Approved,4603.5,6975,3,Applicant provided pay stubs.
7126,8838098,1688,2023-09-17,Unemployed,241089,710.0,No,Yes,Denied,1971.42,2987,3,Co-signer pending review.
7127,8838528,1067,2020-05-11,Full-Time,154828,705.0,Yes,No,Approved,2432.64,2896,1,docs expired
7128,8839503,322,2022-10-12,Student,45969,,Yes,No,Approved,3211.26,4117,3,Applicant provided pay stubs.
7129,8839782,1555,2023-10-05,Full-Time,110868,,No,Yes,Withdrawn,594.0,990,2,
7130,8844333,865,2020-04-28,Contract,75323,669.0,Yes,Yes,Withdrawn,1106.04,1418,5,income verified via Plaid
7131,8844562,629,2022-06-19,Full-Time,75461,589.0,Yes,No,Pending,1193.64,1421,5,
7132,8848217,1605,2024-04-01,Retired,205170,653.0,No,No,Approved,1900.8,2880,3,Renewal case.
7133,8853529,564,2022-09-08,Student,48475,734.0,No,Yes,Approved,4980.48,5188,3,.
7134,8854721,1409,2023-10-23,Student,187111,705.0,No,Yes,Pending,3155.52,3287,1,Referred by agent.
7135,8857301,41,2022-03-17,Part-Time,68075,,No,Yes,Approved,975.78,1251,3,Renewal case.
7136,8857548,367,,Contract,69942,797.0,Yes,Yes,Approved,1945.92,0,3,Renewal case.
7137,8858712,202,2021-09-05,Contract,98389,672.0,No,No,Approved,7415.04,7724,3,
7138,8863522,689,2024-07-16,Self-Employed,189600,764.0,No,Yes,Under Review,1306.2,1555,5,.
7139,8864039,616,2020-07-25,Part-Time,45785,670.0,No,Yes,Withdrawn,5956.8,6205,5,
7140,8867000,354,2020-03-31,Part-Time,216876,794.0,Yes,Yes,Denied,5305.56,6802,5,
7141,8868833,1138,2020-06-01,Student,71395,771.0,No,No,Under Review,4689.6,4885,2,Missing bank statements.
7142,8868865,742,2022-09-20,Contract,243383,673.0,No,Yes,Pending,3948.78,5983,4,
7143,8868910,784,2020-07-11,Contract,99946,809.0,No,Yes,Withdrawn,1642.08,2488,1,Co-signer pending review.
7144,8871953,613,2022-12-28,Self-Employed,242742,775.0,No,Yes,Pending,3637.92,5512,4,
7145,8872511,1660,2024-12-18,Student,217479,610.0,No,No,Approved,1406.4,1465,2,Applicant provided pay stubs.
7146,8873314,1101,2023-07-12,Self-Employed,196842,831.0,Yes,Yes,Approved,1600.5,2425,5,Renewal case.
7147,8875020,400,2020-11-10,Student,155335,790.0,No,Yes,Approved,3883.44,5884,5,Renewal case.
7148,8876603,805,2021-12-07,Self-Employed,151510,712.0,No,Yes,Approved,1600.2,1905,4,Applicant provided pay stubs.
7149,8877857,933,2023-07-31,Self-Employed,133848,613.0,No,No,Pending,1136.52,1722,3,Missing bank statements.
7150,8878749,1577,2024-10-16,Retired,121797,636.0,Yes,No,Pending,5643.84,5879,1,Applicant provided pay stubs.
7151,8878917,1527,2021-06-22,Retired,94688,628.0,No,Yes,Approved,1144.32,1192,1,Applicant provided pay stubs.
7152,8880313,862,2021-06-30,Unemployed,12501,742.0,No,No,Pending,2148.6,3581,1,Renewal case.
7153,8880613,1602,2020-05-13,Self-Employed,47271,,No,Yes,Approved,1185.0,1975,2,Renewal case.
7154,8880788,1356,2024-05-24,Part-Time,156773,829.0,No,Yes,Approved,3928.86,5037,2,
7155,8881018,983,2022-08-03,Unemployed,199499,772.0,No,No,Denied,5136.78,7783,5,Renewal case.
7156,8881199,1654,2020-08-19,Full-Time,18805,778.0,No,No,Pending,2280.96,3456,3,Co-signer pending review.
7157,8881209,787,2021-01-13,Full-Time,137467,775.0,No,Yes,Under Review,1112.4,1854,3,
7158,8884370,1605,2023-01-18,Full-Time,220710,497.0,No,No,Approved,2419.2,2880,5,
7159,8884384,664,2022-08-01,Full-Time,58609,609.0,No,No,Approved,587.4,890,2,Applicant provided pay stubs.
7160,8886183,1297,2024-03-29,Full-Time,69275,456.0,No,No,Denied,1014.0,1300,2,.
7161,8886263,1407,2023-12-05,Full-Time,121876,711.0,No,Yes,Withdrawn,2320.92,2763,5,Referred by agent.
7162,8888375,1262,,Full-Time,160678,,No,No,Pending,5399.16,6922,1,
7163,8889897,1543,2022-05-18,Unemployed,94031,,No,Yes,Approved,588.06,891,1,.
7164,8891843,1547,2024-01-08,Contract,286937,629.0,No,No,Denied,2494.8,3780,4,Renewal case.
7165,8892622,703,2023-03-09,Retired,141760,696.0,No,Yes,Approved,729.96,1106,4,
7166,8894423,1192,2022-10-15,Student,303270,587.0,No,No,Under Review,8200.32,8542,5,.
7167,8896698,556,2024-11-08,Self-Employed,40788,,No,No,Denied,2036.4,3394,5,Applicant provided pay stubs.
7168,8899400,700,2020-07-06,Student,155496,822.0,No,No,Pending,1547.04,2344,3,docs expired
7169,8899645,1285,2022-10-20,Self-Employed,184492,679.0,Yes,No,Approved,2801.7,4245,4,docs expired
7170,8900072,1092,2020-09-13,Unemployed,118087,670.0,No,No,Approved,6679.68,7952,5,Co-signer pending review.
7171,8900381,1340,2022-04-11,Unemployed,119791,704.0,No,No,Under Review,1599.36,1666,1,Applicant follow-up needed
7172,8900908,1119,2022-11-22,Full-Time,118766,691.0,No,Yes,Approved,2162.16,3276,3,Co-signer pending review.
7173,8902173,1086,2024-11-15,Self-Employed,123382,670.0,No,Yes,Denied,3806.4,4880,3,Referred by agent.
7174,8903889,1746,2020-02-05,Unemployed,173890,,No,No,Pending,2160.6,2770,5,
7175,8904937,575,2024-11-17,Part-Time,107612,639.0,Yes,Yes,Approved,2045.16,2622,1,Flagged for manual review.
7176,8907293,1315,2022-05-17,Part-Time,165445,771.0,Yes,Yes,Denied,872.04,1118,2,docs expired
7177,8910432,227,2023-06-24,Full-Time,33377,756.0,Yes,Yes,Pending,778.2,1297,2,Co-signer pending review.
7178,8911059,1278,2024-07-07,Student,125053,358.0,No,Yes,Approved,1585.32,2402,1,Renewal case.
7179,8914387,631,2021-10-31,Student,108600,639.0,No,No,Denied,1188.6,1981,3,Referred by agent.
7180,8914968,471,2021-07-18,Part-Time,255297,702.0,Yes,Yes,Denied,1067.04,1368,2,.
7181,8916050,1678,2022-02-12,Full-Time,104745,737.0,No,Yes,Under Review,2495.04,2599,3,.
7182,8916536,822,2020-06-22,Full-Time,221502,755.0,No,Yes,Denied,548.46,831,3,
7183,8917197,7,2023-06-01,Part-Time,129317,680.0,Yes,Yes,Denied,2017.08,2586,5,
7184,8921022,1458,2022-11-03,Retired,47741,820.0,No,Yes,Approved,3801.84,4526,3,docs expired
7185,8923632,1334,2024-11-25,Self-Employed,25955,670.0,No,No,Approved,9914.52,11803,1,Missing bank statements.
7186,8924577,841,2022-11-18,Contract,140935,,No,Yes,Approved,1796.4,2994,1,income verified via Plaid
7187,8929509,960,2024-05-17,Student,278119,699.0,No,No,Under Review,1513.98,1941,1,income verified via Plaid
7188,8929978,1339,2022-04-15,Unemployed,129599,762.0,No,Yes,Withdrawn,722.4,1204,5,Renewal case.
7189,8931198,342,2023-10-02,Part-Time,128997,706.0,Yes,No,Withdrawn,1144.92,1363,4,docs expired
7190,8931790,1447,2021-08-30,Self-Employed,235217,596.0,No,No,Denied,793.98,1203,3,Applicant provided pay stubs.
7191,8932434,1107,2024-02-02,Unemployed,104815,734.0,No,Yes,Approved,2101.44,3184,5,Missing bank statements.
7192,8934157,743,2022-09-04,Self-Employed,177457,770.0,No,Yes,Pending,648.96,832,4,Missing bank statements.
7193,8936153,1391,2021-04-29,Full-Time,148536,584.0,No,Yes,Approved,1283.7,1945,3,Applicant follow-up needed
7194,8936303,191,2022-01-15,Contract,144495,753.0,Yes,No,Denied,1821.6,2760,4,
7195,8936596,1790,2024-01-22,Self-Employed,161018,597.0,No,Yes,Pending,2316.6,2970,1,income verified via Plaid
7196,8938203,1225,2024-11-05,Contract,233409,693.0,No,Yes,Pending,1639.56,2102,5,.
7197,8938995,722,2020-06-11,Contract,237223,748.0,No,Yes,Under Review,7042.56,8384,4,
7198,8939407,49,2021-10-04,Contract,228964,734.0,No,No,Denied,3122.28,3717,5,Applicant follow-up needed
7199,8940026,783,2023-01-28,Unemployed,61773,,No,Yes,Approved,2985.18,4523,4,.
7200,8941362,1691,2024-03-15,Part-Time,894000,763.0,No,No,Denied,1827.84,1904,5,
7201,8946081,744,2021-05-02,Self-Employed,25866,742.0,No,No,Withdrawn,3113.04,3706,4,Applicant follow-up needed
7202,8946589,508,2023-05-20,Contract,172403,832.0,No,No,Approved,547.8,830,5,Renewal case.
7203,8947590,1367,2021-01-13,Self-Employed,108620,765.0,No,Yes,Pending,964.08,1236,1,Flagged for manual review.
7204,8947789,1252,2023-11-13,Retired,157784,669.0,No,Yes,Approved,2921.1,3745,4,docs expired
7205,8947813,1524,2022-08-13,Full-Time,88592,673.0,No,No,Approved,2184.0,2800,5,
7206,8948050,787,2024-07-11,Student,174897,,No,Yes,Withdrawn,1223.64,1854,3,income verified via Plaid
7207,8949560,577,2024-02-25,Contract,214425,619.0,Yes,No,Approved,1305.48,1978,5,Missing bank statements.
7208,8952115,1269,2021-11-22,Unemployed,177535,588.0,No,No,Pending,1428.6,2381,5,Flagged for manual review.
7209,8952537,614,2021-02-05,Contract,18277,646.0,No,No,Approved,3871.56,4609,4,Referred by agent.
7210,8953189,1345,2020-12-21,Contract,89108,720.0,No,No,Denied,2789.16,4226,1,
7211,8954341,1586,2020-01-11,Student,71655,682.0,No,Yes,Denied,3359.4,5599,3,Renewal case.
7212,8954972,124,2022-01-02,Self-Employed,219999,748.0,No,No,Approved,596.4,994,4,
7213,8956048,1304,2023-07-17,Self-Employed,12370,834.0,No,No,Approved,8890.44,11398,5,docs expired
7214,8956984,248,2021-03-20,Retired,214230,749.0,Yes,No,Pending,975.36,1016,1,Referred by agent.
7215,8957344,751,2023-11-24,Student,195060,792.0,No,No,Pending,1654.38,2121,3,
7216,8957878,747,2023-07-22,Unemployed,242160,621.0,No,Yes,Denied,1566.6,2611,5,Applicant follow-up needed
7217,8962163,100,,Part-Time,244502,816.0,No,No,Denied,1628.22,2467,2,.
7218,8962420,1252,2023-01-31,Part-Time,68053,781.0,No,Yes,Approved,2247.0,3745,3,Applicant follow-up needed
7219,8962849,465,2023-11-26,Unemployed,202014,372.0,No,Yes,Pending,1590.12,1893,2,Flagged for manual review.
7220,8964070,933,2021-02-11,Self-Employed,163836,782.0,No,Yes,Denied,1033.2,1722,2,
7221,8964227,744,2021-09-04,Full-Time,142876,725.0,No,No,Pending,3113.04,3706,3,Applicant provided pay stubs.
7222,8964332,503,2022-11-05,Unemployed,51244,754.0,No,No,Denied,2761.44,4184,2,
7223,8964625,1115,2023-03-07,Contract,115665,659.0,No,No,Approved,2381.4,3969,1,Renewal case.
7224,8966321,380,2021-03-27,Student,176206,756.0,No,Yes,Approved,4063.8,5210,3,.
7225,8967181,668,2023-10-20,Self-Employed,201953,783.0,No,No,Denied,3842.28,4926,5,Co-signer pending review.
7226,8967430,223,2022-11-25,Retired,215597,774.0,No,No,Denied,4414.02,5659,5,
7227,8969013,819,2023-11-02,Part-Time,77171,568.0,No,Yes,Pending,2909.94,4409,5,docs expired
7228,8975131,269,2023-03-19,Contract,240806,,No,Yes,Approved,1713.6,2040,3,docs expired
7229,8975538,1158,2023-06-26,Unemployed,216689,822.0,No,Yes,Denied,1150.5,1475,4,Renewal case.
7230,8976591,1508,2024-09-04,Student,306490,,No,Yes,Approved,6601.14,8463,2,Renewal case.
7231,8977817,144,2021-08-04,Unemployed,49484,,No,Yes,Approved,3994.8,6658,2,income verified via Plaid
7232,8977853,39,2020-06-03,Part-Time,49767,698.0,Yes,No,Approved,2574.78,3301,1,Co-signer pending review.
7233,8981074,163,2020-08-25,Part-Time,227339,513.0,No,Yes,Approved,3305.28,5008,4,
7234,8981174,393,2022-10-11,Student,17799,449.0,No,Yes,Pending,1632.0,2720,3,
7235,8981548,238,2024-10-25,Retired,283767,466.0,No,No,Approved,12098.88,12603,2,Flagged for manual review.
7236,8983556,23,2023-10-29,Contract,203363,624.0,No,No,Approved,3052.56,3634,5,.
7237,8983571,656,2020-12-12,Student,71287,405.0,Yes,Yes,Denied,4886.4,5090,1,Applicant provided pay stubs.
7238,8986283,887,2020-05-19,Part-Time,220573,772.0,No,Yes,Approved,4261.32,5073,4,Applicant follow-up needed
7239,8987127,28,2022-10-08,Retired,243619,726.0,No,No,Withdrawn,3571.68,4252,2,Co-signer pending review.
7240,8987194,12,2023-09-19,Unemployed,30257,,No,No,Approved,1104.0,1840,5,
7241,8989353,1319,2022-10-29,Part-Time,134688,602.0,No,No,Approved,2247.84,2676,2,
7242,8991720,824,2022-01-02,Retired,71911,,No,Yes,Denied,1611.84,1679,4,Renewal case.
7243,8991970,1640,2023-01-08,Full-Time,169963,,No,No,Pending,3470.4,5784,2,Applicant provided pay stubs.
7244,8992146,1711,2022-02-28,Self-Employed,96881,329.0,Yes,Yes,Denied,2378.88,2478,3,Renewal case.
7245,8992154,657,2022-06-14,Part-Time,101836,844.0,No,Yes,Approved,1254.0,1900,3,.
7246,8994067,1021,2021-05-15,Contract,191523,799.0,No,No,Approved,2354.82,3019,1,Renewal case.
7247,8995043,263,2024-01-16,Full-Time,97816,646.0,No,Yes,Approved,1148.28,1367,1,Co-signer pending review.
7248,8997040,1156,2020-09-07,Self-Employed,182958,797.0,No,Yes,Approved,3317.82,5027,3,Applicant provided pay stubs.
7249,8997438,437,2022-01-17,Student,230373,789.0,Yes,No,Denied,2625.6,2735,4,Missing bank statements.
7250,9001490,262,2021-01-07,Self-Employed,115939,656.0,No,No,Denied,689.7,1045,1,Applicant provided pay stubs.
7251,9001645,849,2021-04-09,Part-Time,191544,798.0,No,Yes,Denied,2136.0,2225,5,
7252,9002114,952,2021-07-09,Full-Time,100590,776.0,No,Yes,Denied,1305.36,1554,3,Applicant follow-up needed
7253,9005893,909,2021-07-16,Self-Employed,4811,783.0,No,No,Approved,960.18,1231,1,Co-signer pending review.
7254,9006322,1238,2024-01-01,Full-Time,211326,667.0,Yes,Yes,Pending,2442.72,2908,1,Renewal case.
7255,9007494,1680,2023-03-06,Unemployed,255200,750.0,No,No,Withdrawn,2176.68,3298,3,
7256,9007613,1113,2021-01-27,Self-Employed,214006,625.0,No,Yes,Under Review,1303.38,1671,1,Applicant provided pay stubs.
7257,9009180,455,2024-09-19,Student,233898,408.0,No,Yes,Denied,3025.62,3879,2,Missing bank statements.
7258,9009796,215,2022-06-29,Retired,27540,755.0,Yes,Yes,Approved,691.08,886,1,Co-signer pending review.
7259,9011234,1479,2022-11-09,Part-Time,104771,581.0,No,No,Withdrawn,1528.8,1960,4,Missing bank statements.
7260,9012617,797,2021-03-31,Full-Time,142700,635.0,No,Yes,Approved,2859.78,4333,5,Applicant follow-up needed
7261,9013967,138,2021-01-27,Self-Employed,60963,771.0,No,Yes,Approved,1722.24,2208,2,.
7262,9014151,743,2023-12-04,Full-Time,230853,702.0,No,No,Denied,798.72,832,2,Referred by agent.
7263,9016688,679,2023-10-08,Retired,148842,586.0,No,No,Denied,2830.08,2948,5,Flagged for manual review.
7264,9020088,1339,2020-03-29,Full-Time,167311,841.0,Yes,Yes,Approved,794.64,1204,1,
7265,9020653,827,,Full-Time,31750,765.0,No,Yes,Pending,2575.2,4292,1,Flagged for manual review.
7266,9021445,1176,2024-08-02,Student,227100,848.0,No,No,Approved,1193.28,1808,1,Missing bank statements.
7267,9022904,1316,2021-02-16,Full-Time,103951,836.0,Yes,No,Denied,1606.08,1673,3,
7268,9023070,391,2024-12-14,Part-Time,231526,835.0,No,Yes,Pending,2616.6,3115,1,
7269,9023974,579,2022-04-05,Retired,141295,386.0,No,No,Approved,4918.2,5855,3,docs expired
7270,9025924,935,2020-10-21,Full-Time,105849,673.0,Yes,No,Denied,1960.2,0,5,
7271,9026721,523,2020-10-13,Full-Time,21023,717.0,No,No,Approved,2174.7,3295,4,Applicant follow-up needed
7272,9027359,1329,2024-08-08,Full-Time,63096,,No,No,Denied,2399.1,3635,3,Applicant provided pay stubs.
7273,9028847,707,2021-10-14,Full-Time,223286,676.0,No,Yes,Approved,3887.52,4984,4,Renewal case.
7274,9028938,276,2021-02-22,Retired,17710,,No,Yes,Under Review,698.88,832,5,docs expired
7275,9029439,664,2020-05-18,Retired,144281,704.0,Yes,Yes,Approved,747.6,890,3,Referred by agent.
7276,9032320,334,2023-06-18,Unemployed,149364,826.0,Yes,No,Pending,3159.24,3761,3,Flagged for manual review.
7277,9033175,284,,Contract,168570,592.0,No,No,Denied,2152.92,2563,2,Applicant provided pay stubs.
7278,9033196,237,2023-09-04,Contract,121904,773.0,No,No,Approved,4016.64,4184,4,Co-signer pending review.
7279,9033982,179,2022-04-19,Full-Time,129179,752.0,No,Yes,Denied,3553.2,4230,1,Flagged for manual review.
7280,9034667,1317,2024-09-05,Full-Time,25096,665.0,No,Yes,Approved,1727.22,2617,4,Referred by agent.
7281,9034722,884,2022-10-15,Retired,234065,816.0,No,No,Denied,3778.2,6297,3,docs expired
7282,9034992,1692,,Retired,279513,684.0,No,No,Approved,3874.08,4612,4,Missing bank statements.
7283,9036348,1597,2023-11-17,Full-Time,197719,671.0,No,No,Approved,1317.36,1996,3,Co-signer pending review.
7284,9036371,1333,2022-09-19,Student,36119,703.0,Yes,Yes,Approved,4326.0,7210,5,income verified via Plaid
7285,9037666,1351,2022-05-14,Self-Employed,157286,834.0,No,Yes,Approved,2772.66,4201,4,Referred by agent.
7286,9038194,411,2024-09-14,Student,152817,766.0,No,Yes,Denied,673.2,1020,4,Referred by agent.
7287,9040063,1214,2024-03-09,Contract,81895,688.0,No,No,Approved,558.36,846,5,Missing bank statements.
7288,9040792,1573,2020-05-11,Self-Employed,25090,,No,No,Approved,5280.6,6770,2,income verified via Plaid
7289,9042649,406,2022-03-21,Student,160201,825.0,No,No,Denied,4374.72,4557,3,Flagged for manual review.
7290,9043011,93,2021-06-22,Retired,44275,654.0,No,No,Approved,5003.88,5957,4,
7291,9043332,41,2021-05-11,Self-Employed,171778,364.0,No,Yes,Approved,750.6,1251,2,Applicant provided pay stubs.
7292,9044083,946,2024-11-04,Part-Time,88116,789.0,Yes,Yes,Approved,5125.56,0,5,Applicant follow-up needed
7293,9044271,1292,2024-10-21,Full-Time,35123,642.0,No,Yes,Denied,8898.96,10594,3,Flagged for manual review.
7294,9044740,894,2020-08-03,Student,146085,603.0,No,No,Denied,2520.0,2625,4,Flagged for manual review.
7295,9045118,1309,2021-12-14,Retired,36671,646.0,No,No,Under Review,880.44,1334,1,
7296,9045537,336,2024-04-23,Student,161210,720.0,No,Yes,Approved,1791.72,2133,5,Flagged for manual review.
7297,9045814,1450,2022-09-19,Contract,239640,692.0,No,No,Denied,819.0,1050,2,
7298,9048650,1774,2023-11-26,Full-Time,216480,608.0,No,Yes,Under Review,1454.4,1515,2,
7299,9053210,1180,2021-07-21,Contract,73546,742.0,No,No,Approved,4467.96,5319,1,Renewal case.
7300,9055232,1569,2022-03-04,Student,23784,819.0,No,Yes,Denied,903.0,1505,2,income verified via Plaid
7301,9055385,816,2023-04-04,Retired,18627,375.0,No,No,Pending,1616.64,1684,1,Applicant provided pay stubs.
7302,9062033,1051,2020-10-15,Contract,60189,785.0,No,No,Pending,1434.84,2174,5,
7303,9064409,168,2024-07-23,Part-Time,177606,681.0,No,Yes,Approved,1011.6,1686,5,.
7304,9066791,138,2022-02-09,Student,28980,832.0,No,Yes,Approved,1722.24,2208,3,Missing bank statements.
7305,9067174,1020,2021-06-24,Self-Employed,175949,716.0,No,No,Approved,3208.92,4114,2,.
7306,9067912,417,2023-07-07,Retired,54054,651.0,No,Yes,Denied,6024.48,7172,1,Applicant follow-up needed
7307,9068459,1164,2021-10-28,Student,15491,499.0,No,Yes,Under Review,2071.8,3453,2,
7308,9070011,1321,2023-07-22,Contract,127164,618.0,No,Yes,Under Review,2600.64,2709,1,income verified via Plaid
7309,9075642,1631,2020-09-13,Student,98419,645.0,Yes,Yes,Approved,3173.82,4069,3,Applicant provided pay stubs.
7310,9077480,1408,2021-12-25,Student,213700,573.0,No,No,Approved,1867.8,0,4,Applicant provided pay stubs.
7311,9077547,752,2020-10-25,Self-Employed,134832,743.0,No,No,Approved,3303.36,3441,5,Flagged for manual review.
7312,9079076,922,2023-10-29,Part-Time,127563,726.0,No,No,Approved,1227.84,1279,1,Co-signer pending review.
7313,9080248,516,2022-02-27,Self-Employed,209836,714.0,No,No,Under Review,1122.0,1700,4,
7314,9080512,1503,2022-05-10,Student,86650,717.0,No,Yes,Pending,1822.2,3037,1,Flagged for manual review.
7315,9085515,792,2024-06-06,Contract,104426,630.0,No,Yes,Approved,2900.04,4394,4,
7316,9085672,501,2024-10-07,Retired,128955,,No,No,Under Review,881.4,1469,5,income verified via Plaid
7317,9085675,1654,2022-09-26,Retired,43786,621.0,No,No,Approved,2903.04,3456,2,Applicant follow-up needed
7318,9087758,1420,2022-03-19,Unemployed,60360,844.0,Yes,Yes,Withdrawn,3012.24,4564,2,
7319,9088957,260,,Retired,170237,782.0,Yes,Yes,Pending,2484.24,3764,4,Referred by agent.
7320,9089552,506,2021-11-18,Student,32097,393.0,No,No,Pending,1315.08,1686,1,Co-signer pending review.
7321,9090620,84,2024-05-24,Student,227487,653.0,No,No,Denied,6247.92,7438,1,Flagged for manual review.
7322,9092390,1792,2020-10-10,Contract,159595,,Yes,No,Withdrawn,4828.32,5748,1,Referred by agent.
7323,9093098,1649,,Contract,133337,707.0,No,No,Approved,2198.04,2818,4,
7324,9093991,1428,2024-08-16,Full-Time,240753,815.0,No,Yes,Denied,4613.4,7689,4,Missing bank statements.
7325,9096727,1574,2020-06-25,Retired,203074,687.0,No,No,Approved,976.56,0,5,docs expired
7326,9097209,1531,2022-06-11,Self-Employed,121815,732.0,No,No,Denied,1239.0,2065,5,.
7327,9099378,4,2023-01-30,Unemployed,131313,729.0,No,No,Pending,1454.04,1731,2,Applicant follow-up needed
7328,9101617,1452,2022-12-09,Full-Time,19973,688.0,No,Yes,Pending,2189.76,2281,4,docs expired
7329,9101752,908,2020-05-19,Contract,236553,558.0,No,Yes,Pending,3174.6,4810,2,
7330,9101936,567,2023-01-14,Contract,175783,721.0,No,No,Denied,1706.88,1778,1,Applicant provided pay stubs.
7331,9102154,87,2021-03-25,Unemployed,217723,583.0,No,No,Approved,3845.82,5827,4,Co-signer pending review.
7332,9105570,169,2023-05-16,Unemployed,134506,534.0,No,Yes,Approved,3182.4,4080,3,docs expired
7333,9106405,976,2024-01-08,Retired,52371,850.0,No,No,Approved,1395.42,1789,5,
7334,9107749,1631,2021-10-25,Retired,165463,706.0,No,Yes,Under Review,3906.24,4069,2,
7335,9108437,1083,2020-01-05,Full-Time,234227,,No,No,Denied,7860.72,9358,5,
7336,9110209,577,2024-04-29,Retired,80406,803.0,No,Yes,Denied,1898.88,1978,4,income verified via Plaid
7337,9111291,1425,2023-07-24,Self-Employed,155773,759.0,No,Yes,Approved,953.16,1222,2,Missing bank statements.
7338,9114058,305,2021-09-10,Unemployed,103200,845.0,No,No,Pending,4748.04,7194,3,Renewal case.
7339,9116149,1367,2024-10-06,Part-Time,241603,611.0,No,Yes,Pending,1038.24,1236,3,
7340,9117500,546,2024-11-10,Student,120723,799.0,No,No,Denied,1516.02,2297,5,
7341,9117892,960,2020-09-10,Full-Time,199466,702.0,No,No,Withdrawn,1630.44,1941,1,Flagged for manual review.
7342,9121363,455,2020-04-11,Student,41398,811.0,No,No,Withdrawn,3025.62,3879,1,
7343,9122488,1401,2020-05-26,Full-Time,152700,729.0,No,Yes,Pending,2077.32,2473,3,
7344,9122717,781,2021-10-20,Unemployed,115593,846.0,No,Yes,Denied,2197.8,3330,1,Co-signer pending review.
7345,9124018,38,2020-05-18,Retired,139607,,No,No,Withdrawn,4045.86,5187,1,Referred by agent.
7346,9125699,873,2023-02-09,Full-Time,300072,593.0,No,No,Denied,7249.92,7552,5,
7347,9129012,1493,2022-03-13,Self-Employed,75608,,No,Yes,Pending,2292.42,2939,4,Flagged for manual review.
7348,9129724,1126,2021-09-12,Part-Time,197466,773.0,No,No,Withdrawn,3109.44,3239,4,
7349,9130910,635,2024-05-22,Part-Time,238537,682.0,No,No,Withdrawn,3010.2,5017,3,Applicant follow-up needed
7350,9132544,1277,2020-10-15,Contract,242635,696.0,No,Yes,Approved,1623.72,1933,1,
7351,9132981,234,2024-08-21,Retired,104109,674.0,No,No,Approved,3661.44,3814,1,Referred by agent.
7352,9133346,1391,2020-12-11,Unemployed,26359,,No,No,Under Review,1517.1,1945,5,
7353,9133461,416,2020-09-30,Contract,219028,613.0,No,No,Denied,3089.58,3961,1,
7354,9135160,96,2023-10-29,Part-Time,202366,778.0,No,No,Pending,3038.28,3617,2,
7355,9135547,553,2023-04-29,Unemployed,143223,687.0,No,No,Denied,2947.8,4913,1,
7356,9136557,151,2021-12-20,Full-Time,33665,588.0,No,Yes,Approved,2292.6,3821,1,Flagged for manual review.
7357,9137100,1489,2022-03-24,Full-Time,286444,823.0,No,Yes,Pending,781.2,1302,3,income verified via Plaid
7358,9137646,300,2024-03-16,Contract,183346,828.0,No,No,Approved,4174.8,4970,1,Applicant follow-up needed
7359,9138228,1450,2020-07-05,Part-Time,217547,674.0,No,No,Denied,819.0,1050,4,docs expired
7360,9138450,1529,2021-03-08,Full-Time,151439,769.0,No,Yes,Approved,3550.56,4552,1,income verified via Plaid
7361,9138625,1089,2024-03-14,Self-Employed,26296,692.0,No,Yes,Approved,2103.36,2191,4,Co-signer pending review.
7362,9139424,1199,2024-10-21,Self-Employed,2836,,No,No,Pending,2335.8,3893,3,income verified via Plaid
7363,9139854,941,2022-08-30,Retired,116554,537.0,No,Yes,Pending,2230.02,2859,5,Missing bank statements.
7364,9142586,684,2022-12-16,Student,219014,,Yes,Yes,Approved,1045.98,1341,1,Renewal case.
7365,9143161,1696,2023-09-13,Retired,88122,779.0,No,Yes,Approved,1333.8,2223,5,income verified via Plaid
7366,9147217,763,2021-11-05,Student,240067,757.0,No,Yes,Pending,7398.72,7707,2,Applicant provided pay stubs.
7367,9147485,746,2021-04-27,Student,39473,721.0,No,Yes,Pending,1134.6,1891,2,
7368,9150598,1133,2023-03-10,Unemployed,205295,609.0,No,Yes,Approved,838.5,1075,5,docs expired
7369,9152521,856,2021-01-12,Full-Time,194020,849.0,No,Yes,Denied,660.66,847,2,
7370,9152778,397,2023-08-12,Unemployed,232156,,No,Yes,Under Review,815.1,1045,5,Applicant provided pay stubs.
7371,9154747,1449,2024-10-25,Student,55661,654.0,No,Yes,Approved,1481.28,1543,2,Referred by agent.
7372,9158718,281,2020-01-08,Part-Time,226105,783.0,No,Yes,Approved,1644.0,2740,1,
7373,9158952,857,2021-09-15,Student,33014,660.0,No,No,Withdrawn,1496.64,1559,1,Missing bank statements.
7374,9158960,56,2023-08-06,Full-Time,106332,790.0,No,Yes,Under Review,2354.4,3924,4,Applicant follow-up needed
7375,9160456,880,2024-02-08,Full-Time,21494,752.0,No,Yes,Pending,2414.4,2515,3,Applicant provided pay stubs.
7376,9160469,850,2022-01-17,Unemployed,58330,643.0,No,No,Approved,2917.44,3039,5,
7377,9162613,1442,2024-08-24,Contract,86107,496.0,No,No,Denied,2590.08,2698,5,
7378,9163191,295,2021-09-14,Contract,29722,801.0,Yes,Yes,Denied,3129.0,5215,4,Flagged for manual review.
7379,9164462,1739,2021-07-21,Unemployed,100792,,Yes,Yes,Approved,3992.04,5118,3,Referred by agent.
7380,9164934,1497,2021-02-02,Part-Time,176463,495.0,No,No,Approved,1282.2,2137,5,income verified via Plaid
7381,9165705,552,2023-05-19,Unemployed,255075,,No,No,Approved,5391.0,8985,1,
7382,9165811,1288,2020-08-13,Part-Time,163658,707.0,No,Yes,Denied,2052.18,2631,5,
7383,9167294,256,2021-10-27,Part-Time,142917,723.0,No,No,Denied,1346.4,2244,2,
7384,9167315,1580,2024-05-18,Self-Employed,200314,599.0,No,No,Approved,1044.48,1088,1,Flagged for manual review.
7385,9169778,405,2024-03-26,Full-Time,218003,823.0,No,No,Approved,2051.52,2137,1,
7386,9171282,646,2024-07-17,Retired,24914,716.0,No,No,Pending,2747.52,2862,1,Referred by agent.
7387,9173396,757,2024-08-29,Contract,201357,636.0,Yes,No,Denied,1780.2,2967,5,Missing bank statements.
7388,9174085,777,2023-12-05,Student,126192,617.0,No,No,Approved,2289.6,2385,5,
7389,9174276,1161,2024-03-04,Contract,222751,707.0,No,No,Approved,1717.56,2202,2,Flagged for manual review.
7390,9176537,649,2020-11-01,Full-Time,167133,793.0,No,Yes,Denied,2054.52,2634,5,income verified via Plaid
7391,9177822,1708,2020-02-16,Student,10556,789.0,No,Yes,Withdrawn,1855.8,3093,4,
7392,9178233,511,2023-10-02,Self-Employed,97298,701.0,No,No,Approved,4485.78,5751,2,Co-signer pending review.
7393,9179490,122,2021-07-09,Full-Time,133742,704.0,No,Yes,Approved,1158.3,1485,3,Referred by agent.
7394,9179694,535,2020-07-03,Contract,87904,665.0,No,Yes,Withdrawn,1001.28,1192,4,Missing bank statements.
7395,9180725,793,2023-07-06,Self-Employed,79874,715.0,No,No,Withdrawn,7774.2,9255,3,Applicant follow-up needed
7396,9181524,614,2020-04-29,Full-Time,46457,598.0,No,Yes,Withdrawn,4424.64,4609,1,
7397,9182105,1083,2020-04-01,Student,147100,609.0,No,Yes,Approved,7299.24,9358,3,Applicant follow-up needed
7398,9184113,621,2020-07-16,Self-Employed,99301,446.0,No,Yes,Approved,4012.8,6080,1,
7399,9184357,949,2022-01-04,Full-Time,45323,823.0,No,No,Denied,1580.7,2395,1,docs expired
7400,9185275,924,2024-11-13,Unemployed,151964,627.0,No,Yes,Under Review,722.7,1095,5,Applicant follow-up needed
7401,9185436,1436,2022-02-24,Student,49206,585.0,No,Yes,Denied,3838.56,5816,1,Applicant provided pay stubs.
7402,9187021,1731,2022-07-29,Self-Employed,39367,657.0,No,No,Approved,3331.38,4271,4,Flagged for manual review.
7403,9187268,1265,2023-08-23,Full-Time,34169,786.0,No,No,Denied,5702.4,5940,5,Referred by agent.
7404,9187915,908,2022-10-09,Retired,20117,752.0,No,No,Denied,3174.6,4810,3,income verified via Plaid
7405,9189172,712,2021-05-20,Student,79103,703.0,No,No,Denied,3927.36,4091,4,Referred by agent.
7406,9189248,816,2023-06-23,Unemployed,30695,607.0,No,No,Denied,1414.56,1684,1,
7407,9191350,564,2022-02-06,Student,13817,,No,No,Under Review,4980.48,5188,3,
7408,9191422,1656,2022-08-26,Retired,38125,828.0,No,No,Approved,2208.36,2629,1,
7409,9191677,1093,2021-04-01,Part-Time,104624,768.0,No,Yes,Approved,1703.4,2839,4,
7410,9192488,1617,2021-10-11,Part-Time,32990,680.0,No,No,Approved,537.9,815,1,income verified via Plaid
7411,9192708,1279,2022-10-05,Retired,171284,834.0,No,No,Approved,2841.6,4736,3,income verified via Plaid
7412,9193486,984,2023-09-17,Part-Time,57235,776.0,No,No,Approved,837.54,1269,4,
7413,9195261,1071,2024-03-26,Part-Time,425000,684.0,No,No,Denied,3295.68,0,5,Referred by agent.
7414,9195351,1510,2021-12-25,Self-Employed,30007,600.0,No,No,Withdrawn,1851.84,1929,5,
7415,9195450,298,2024-04-21,Full-Time,85983,759.0,No,No,Pending,6532.8,10888,5,Flagged for manual review.
7416,9196951,1768,2023-02-24,Retired,212623,,Yes,Yes,Denied,2979.24,0,3,Applicant follow-up needed
7417,9197242,1011,2024-12-13,Self-Employed,18933,817.0,No,No,Denied,3478.86,5271,3,.
7418,9198839,777,2023-10-21,Self-Employed,89078,720.0,No,No,Approved,1574.1,2385,5,Applicant follow-up needed
7419,9199482,40,2024-10-07,Self-Employed,212505,493.0,No,No,Approved,10673.28,11118,5,Co-signer pending review.
7420,9199847,202,2021-09-10,Self-Employed,159415,692.0,No,Yes,Under Review,6024.72,7724,2,.
7421,9201997,622,2021-06-03,Contract,129034,726.0,No,No,Pending,1446.0,2410,4,Referred by agent.
7422,9203019,866,2020-01-31,Retired,261333,831.0,No,No,Approved,2079.0,2475,1,Referred by agent.
7423,9204849,1016,2023-06-02,Retired,33377,816.0,No,No,Denied,5998.44,7141,5,.
7424,9204957,690,2022-11-19,Student,127785,584.0,No,No,Denied,806.4,1344,5,income verified via Plaid
7425,9205966,522,2021-04-21,Self-Employed,79362,719.0,No,No,Denied,650.1,985,5,Missing bank statements.
7426,9206214,986,2023-01-07,Student,244908,728.0,No,Yes,Denied,5369.28,6392,3,
7427,9208273,597,2024-02-08,Self-Employed,50449,751.0,No,No,Under Review,1978.2,2355,3,Flagged for manual review.
7428,9208490,1619,2024-08-06,Contract,146643,646.0,No,No,Denied,1264.56,1916,4,Applicant provided pay stubs.
7429,9209376,1092,2022-12-22,Unemployed,120800,746.0,No,No,Denied,5248.32,7952,1,Co-signer pending review.
7430,9209418,671,2021-12-27,Contract,175527,805.0,No,No,Withdrawn,2353.68,2802,2,Referred by agent.
7431,9211201,607,2023-05-20,Full-Time,105919,,Yes,No,Approved,906.36,1162,5,Applicant follow-up needed
7432,9212119,1490,2022-11-21,Contract,248030,743.0,Yes,No,Approved,1687.14,2163,5,
7433,9214760,602,2021-06-17,Self-Employed,154496,712.0,No,Yes,Approved,2593.92,3088,5,Applicant follow-up needed
7434,9216750,361,2023-02-28,Contract,87723,704.0,Yes,Yes,Approved,2799.72,4242,2,Applicant provided pay stubs.
7435,9219471,1347,2024-05-27,Student,151717,615.0,No,No,Approved,483.0,805,2,docs expired
7436,9219991,191,2022-10-07,Unemployed,227174,726.0,Yes,Yes,Approved,2318.4,2760,4,docs expired
7437,9220897,773,2023-08-12,Part-Time,196402,704.0,No,No,Approved,2585.22,3917,2,Missing bank statements.
7438,9223252,1675,2024-05-31,Contract,83601,792.0,Yes,Yes,Withdrawn,1310.76,1986,4,.
7439,9225491,1661,2023-03-23,Self-Employed,161773,686.0,No,Yes,Approved,3553.92,3702,1,Missing bank statements.
7440,9226685,121,2022-01-19,Full-Time,171918,,No,No,Denied,1325.22,1699,5,.
7441,9226819,1595,2024-11-08,Self-Employed,116711,772.0,Yes,Yes,Denied,1550.4,2584,5,docs expired
7442,9226922,1773,2021-01-03,Part-Time,102754,719.0,No,Yes,Denied,2969.4,4949,2,Flagged for manual review.
7443,9229491,547,2021-09-04,Full-Time,195545,814.0,No,Yes,Denied,2553.0,4255,1,Referred by agent.
7444,9230712,50,2024-05-02,Unemployed,17515,758.0,No,No,Approved,4577.04,5868,5,Applicant follow-up needed
7445,9231088,1023,2022-02-26,Unemployed,81931,,No,No,Approved,822.12,1054,3,Renewal case.
7446,9231110,1431,,Part-Time,202208,686.0,No,No,Pending,8727.36,9091,1,Missing bank statements.
7447,9233299,1564,2022-03-23,Full-Time,111512,716.0,No,Yes,Approved,2456.52,3722,4,Missing bank statements.
7448,9234228,1747,2024-01-28,Unemployed,116642,,Yes,Yes,Denied,3535.2,5892,3,Missing bank statements.
7449,9235030,1799,2022-11-27,Part-Time,91189,582.0,Yes,No,Denied,8629.92,11064,5,
7450,9236738,276,2023-08-23,Full-Time,197762,741.0,Yes,No,Approved,499.2,832,1,Missing bank statements.
7451,9238673,899,2024-09-26,Student,107321,,No,No,Denied,1006.8,1678,1,Flagged for manual review.
7452,9238689,1559,2024-06-03,Part-Time,236929,,No,Yes,Under Review,1069.86,1621,1,income verified via Plaid
7453,9239501,931,2021-05-04,Part-Time,276589,817.0,No,Yes,Denied,6371.52,6637,4,income verified via Plaid
7454,9240181,446,2022-12-06,Self-Employed,59050,797.0,Yes,No,Approved,2453.88,3146,1,Applicant follow-up needed
7455,9240586,622,2020-06-25,Unemployed,94037,716.0,No,Yes,Denied,1590.6,0,3,Missing bank statements.
7456,9243154,1675,,Contract,195577,828.0,No,No,Approved,1549.08,1986,4,Flagged for manual review.
7457,9243933,1677,2023-03-20,Part-Time,176851,799.0,No,Yes,Pending,571.56,866,3,Flagged for manual review.
7458,9245120,886,2020-05-26,Student,293428,791.0,No,No,Approved,2175.36,2266,4,Missing bank statements.
7459,9247079,1686,2020-01-14,Contract,211165,581.0,No,No,Under Review,2496.6,4161,1,docs expired
7460,9247615,1402,2023-12-05,Student,89756,580.0,No,Yes,Approved,871.68,908,4,Applicant follow-up needed
7461,9248328,232,2020-10-16,Full-Time,47815,,No,Yes,Approved,1588.86,2037,1,Applicant provided pay stubs.
7462,9250008,537,2022-08-30,Full-Time,324091,678.0,No,No,Under Review,4345.92,4527,5,Applicant provided pay stubs.
7463,9250789,569,2022-10-10,Unemployed,190413,719.0,Yes,No,Approved,5338.74,8089,3,income verified via Plaid
7464,9253637,1794,2020-05-10,Self-Employed,153362,796.0,No,No,Approved,4845.12,5768,5,.
7465,9258425,104,2022-07-26,Student,43720,617.0,No,No,Approved,2709.0,3225,5,Co-signer pending review.
7466,9258665,1487,2020-02-10,Part-Time,149779,806.0,No,No,Withdrawn,2957.76,3081,1,Applicant follow-up needed
7467,9260606,745,2022-05-13,Unemployed,161146,534.0,No,Yes,Approved,3140.4,5234,1,.
7468,9261918,1517,2020-10-14,Unemployed,153230,696.0,No,Yes,Approved,1189.2,1982,5,Applicant follow-up needed
7469,9263343,1584,2024-08-10,Self-Employed,147538,309.0,No,Yes,Denied,1123.2,1872,1,Referred by agent.
7470,9263510,1621,2024-04-06,Student,218497,698.0,No,Yes,Denied,6562.56,6836,5,.
7471,9266117,922,2021-12-07,Unemployed,77052,732.0,No,Yes,Approved,1227.84,1279,1,
7472,9266579,1756,2023-11-28,Unemployed,192368,459.0,No,No,Denied,6748.2,11247,2,Applicant follow-up needed
7473,9267205,745,2023-06-23,Full-Time,17445,724.0,No,No,Approved,3454.44,5234,1,
7474,9267261,1495,2021-11-14,Contract,238236,690.0,No,Yes,Pending,3490.2,5817,1,
7475,9267887,1598,,Full-Time,5966,721.0,No,Yes,Approved,1951.8,3253,5,Referred by agent.
7476,9268020,1679,2023-11-16,Part-Time,87347,803.0,No,No,Pending,2926.44,4434,1,docs expired
7477,9268579,1205,2023-03-31,Self-Employed,186509,642.0,No,Yes,Under Review,3111.9,4715,5,Applicant provided pay stubs.
7478,9269775,1790,2024-05-24,Unemployed,112914,659.0,No,No,Pending,2494.8,2970,1,
7479,9273226,1261,2024-06-06,Full-Time,244088,714.0,No,Yes,Approved,1510.08,1573,4,Flagged for manual review.
7480,9273641,1800,2023-05-29,Student,100501,620.0,No,No,Under Review,864.36,1029,1,
7481,9274737,238,2021-05-27,Retired,59956,806.0,Yes,No,Pending,8317.98,12603,1,
7482,9275599,1658,2020-10-15,Retired,219138,566.0,Yes,No,Approved,2931.6,3490,5,Applicant follow-up needed
7483,9277270,454,2021-05-19,Student,102892,429.0,No,No,Denied,1694.88,2568,4,income verified via Plaid
7484,9277364,763,2023-08-14,Contract,24646,,No,No,Approved,6473.88,7707,2,docs expired
7485,9279443,179,2020-06-20,Full-Time,180747,759.0,No,Yes,Pending,4060.8,4230,1,Applicant follow-up needed
7486,9279929,1601,2023-11-07,Student,244947,757.0,No,Yes,Approved,1963.08,2337,4,
7487,9285301,1202,2024-07-10,Student,184306,770.0,No,No,Denied,1554.6,2591,1,income verified via Plaid
7488,9287633,751,2021-05-21,Student,78241,,No,No,Approved,1399.86,2121,1,Renewal case.
7489,9288788,825,2020-01-02,Student,43752,680.0,No,Yes,Approved,1275.0,2125,1,docs expired
7490,9289651,1313,2021-11-12,Self-Employed,178647,,No,Yes,Pending,1544.4,2340,5,Applicant follow-up needed
7491,9292097,392,2024-04-14,Unemployed,213727,634.0,No,Yes,Approved,3131.52,3728,4,
7492,9296045,1122,2020-02-17,Self-Employed,223594,517.0,No,Yes,Under Review,2164.5,2775,4,
7493,9296418,1598,2024-04-28,Contract,60737,847.0,No,No,Approved,3122.88,3253,5,Co-signer pending review.
7494,9297114,1155,2020-05-23,Full-Time,233018,693.0,No,No,Under Review,1850.88,1928,4,
7495,9298417,1590,,Retired,222656,813.0,No,No,Denied,853.8,1423,4,
7496,9298666,1754,2024-07-31,Part-Time,300125,,No,Yes,Denied,4021.92,4788,5,docs expired
7497,9299413,1600,2023-07-02,Part-Time,207567,755.0,No,No,Approved,1850.94,0,2,docs expired
7498,9299995,603,2022-06-30,Part-Time,82620,618.0,Yes,No,Pending,1014.72,1208,2,
7499,9301917,897,2023-01-17,Part-Time,73803,401.0,No,No,Approved,1322.88,1378,1,.
7500,9302131,265,2023-04-16,Self-Employed,183495,,No,No,Withdrawn,1333.08,1587,5,Applicant follow-up needed
7501,9302362,1670,2022-06-14,Unemployed,89351,722.0,No,No,Denied,4684.68,6006,1,income verified via Plaid
7502,9311070,882,2022-02-04,Contract,124585,811.0,Yes,No,Withdrawn,3427.2,0,1,
7503,9313203,582,2023-11-25,Full-Time,165403,601.0,No,Yes,Denied,1301.4,2169,4,
7504,9315053,1238,2024-02-10,Retired,38420,733.0,No,Yes,Denied,1919.28,2908,4,.
7505,9316220,1351,2020-07-31,Retired,181249,749.0,No,Yes,Denied,3276.78,4201,4,Applicant provided pay stubs.
7506,9317287,495,2023-10-01,Student,190406,,No,No,Approved,999.0,1665,4,Referred by agent.
7507,9318387,1585,2022-05-20,Part-Time,15319,636.0,No,No,Pending,1163.4,1939,1,Flagged for manual review.
7508,9321017,1688,2022-01-07,Retired,241385,766.0,No,No,Approved,2509.08,2987,5,Renewal case.
7509,9322927,549,2022-08-14,Contract,74262,685.0,Yes,No,Under Review,2849.28,2968,4,Applicant follow-up needed
7510,9322984,1557,2022-08-22,Retired,109458,657.0,Yes,Yes,Approved,2069.34,2653,2,
7511,9325454,1221,2022-02-02,Unemployed,323113,664.0,No,Yes,Approved,4694.82,0,4,Applicant follow-up needed
7512,9326644,1061,2021-11-24,Full-Time,59092,580.0,No,No,Pending,2879.52,3428,3,Renewal case.
7513,9326910,950,2024-03-08,Self-Employed,199208,841.0,No,No,Approved,3972.48,4138,4,
7514,9326921,470,2020-04-21,Retired,206291,659.0,No,No,Approved,5976.96,6226,4,.
7515,9328279,1058,,Full-Time,144071,819.0,No,Yes,Approved,735.84,876,1,Renewal case.
7516,9329119,356,2022-03-03,Contract,19290,789.0,No,Yes,Denied,4721.64,7154,2,Flagged for manual review.
7517,9329687,1297,2021-12-26,Part-Time,82348,637.0,Yes,No,Denied,1092.0,1300,3,Applicant provided pay stubs.
7518,9331777,1257,2023-01-12,Unemployed,53036,676.0,Yes,Yes,Denied,974.4,1015,5,.
7519,9332360,357,2021-05-11,Part-Time,51118,806.0,No,Yes,Approved,3654.0,6090,3,Applicant provided pay stubs.
7520,9333957,1380,2021-12-11,Full-Time,257510,827.0,No,Yes,Approved,5507.04,8344,1,
7521,9334263,858,2020-01-28,Student,29558,726.0,No,Yes,Under Review,4927.68,5133,2,
7522,9334980,1501,2020-11-03,Full-Time,116999,621.0,Yes,No,Approved,751.2,1252,3,Missing bank statements.
7523,9336111,1095,2024-07-30,Student,123583,751.0,No,No,Denied,1002.54,1519,2,.
7524,9336758,730,2022-09-08,Part-Time,89473,630.0,No,No,Approved,774.54,993,5,
7525,9336982,941,2021-08-09,Unemployed,103449,712.0,Yes,Yes,Pending,2401.56,2859,5,
7526,9339287,1306,2021-01-29,Self-Employed,219223,691.0,No,Yes,Withdrawn,1522.56,1952,4,
7527,9341300,537,2021-03-20,Student,220101,,No,Yes,Approved,2987.82,4527,3,
7528,9342836,307,2023-02-10,Self-Employed,192196,762.0,No,No,Approved,4652.4,7754,1,income verified via Plaid
7529,9342949,1299,2021-12-22,Unemployed,34787,,No,No,Denied,883.08,1338,4,Applicant provided pay stubs.
7530,9344471,148,2024-03-03,Part-Time,71759,760.0,No,No,Denied,819.0,975,3,Referred by agent.
7531,9344871,1037,2021-04-16,Student,168849,301.0,No,Yes,Denied,2631.72,3133,1,Co-signer pending review.
7532,9349097,831,2020-02-28,Unemployed,61282,716.0,No,No,Approved,1338.0,2230,5,
7533,9349719,568,2023-01-13,Full-Time,52887,775.0,No,Yes,Approved,1866.48,2828,1,Co-signer pending review.
7534,9351466,1414,2022-01-25,Part-Time,211857,,No,Yes,Withdrawn,766.2,1277,5,Applicant provided pay stubs.
7535,9352254,899,2021-09-23,Self-Employed,208263,719.0,No,No,Denied,1107.48,1678,5,Applicant follow-up needed
7536,9352475,205,2024-10-12,Retired,6105,417.0,No,No,Denied,748.44,1134,5,Applicant follow-up needed
7537,9354215,1555,2022-12-18,Self-Employed,120157,302.0,No,Yes,Denied,653.4,990,5,Applicant provided pay stubs.
7538,9354390,722,2024-10-17,Student,91563,655.0,No,No,Withdrawn,8048.64,8384,4,Co-signer pending review.
7539,9355066,1602,2021-09-29,Unemployed,199756,725.0,Yes,No,Approved,1659.0,1975,4,
7540,9357577,1492,2024-11-27,Self-Employed,90937,586.0,No,Yes,Approved,3573.24,5414,1,
7541,9358589,1330,2020-01-15,Unemployed,168098,601.0,No,No,Approved,986.7,1265,5,Missing bank statements.
7542,9360951,991,2022-09-10,Part-Time,283760,721.0,Yes,Yes,Denied,2044.56,0,3,.
7543,9363184,960,2024-12-29,Full-Time,44656,672.0,No,Yes,Pending,1281.06,1941,1,Applicant provided pay stubs.
7544,9363216,488,2020-12-05,Unemployed,42510,744.0,No,Yes,Approved,1913.34,2899,3,docs expired
7545,9363992,714,2021-11-01,Student,244424,696.0,No,No,Approved,3201.0,4850,1,
7546,9364896,1434,,Retired,247944,,Yes,No,Approved,4631.22,7017,3,
7547,9365141,841,2023-08-29,Contract,117557,604.0,No,Yes,Denied,2335.32,2994,2,Applicant follow-up needed
7548,9365596,1261,2022-07-24,Full-Time,12666,377.0,No,No,Approved,1038.18,1573,1,Flagged for manual review.
7549,9366458,802,2021-03-21,Unemployed,38114,784.0,No,Yes,Pending,1107.48,1678,4,Missing bank statements.
7550,9367421,448,2020-07-29,Full-Time,205958,454.0,Yes,Yes,Denied,1264.2,2107,2,
7551,9370882,347,2023-01-05,Contract,55655,592.0,Yes,Yes,Pending,2339.22,2999,2,Renewal case.
7552,9372476,858,,Retired,83433,429.0,No,Yes,Pending,3387.78,5133,2,
7553,9374644,1135,2023-04-28,Self-Employed,137405,808.0,No,No,Approved,2251.2,2680,2,docs expired
7554,9378745,1507,2020-07-08,Unemployed,85998,756.0,No,Yes,Denied,2319.72,2974,3,
7555,9382651,782,2021-06-20,Student,150222,598.0,No,No,Denied,2583.36,0,3,income verified via Plaid
7556,9382924,1781,2021-09-09,Retired,152684,677.0,Yes,Yes,Approved,1407.6,2346,5,income verified via Plaid
7557,9384653,629,2024-04-18,Part-Time,63629,844.0,No,No,Pending,852.6,1421,3,
7558,9387153,1701,2024-10-14,Unemployed,321794,,No,Yes,Pending,2507.34,3799,4,Missing bank statements.
7559,9388131,972,2022-12-21,Contract,41530,835.0,No,Yes,Pending,1786.62,2707,3,
7560,9388607,842,2020-06-13,Full-Time,51031,763.0,No,No,Approved,801.84,1028,3,
7561,9389400,733,2024-05-04,Unemployed,57676,653.0,No,Yes,Approved,1224.6,1570,5,
7562,9389751,1676,2023-05-30,Part-Time,125606,798.0,No,No,Approved,4937.28,5143,3,Applicant follow-up needed
7563,9393521,856,2022-02-23,Retired,219965,592.0,No,Yes,Approved,660.66,847,2,docs expired
7564,9394017,365,2021-01-07,Full-Time,160562,767.0,Yes,Yes,Approved,1989.96,2369,1,Applicant provided pay stubs.
7565,9395239,37,2021-03-02,Part-Time,180356,770.0,Yes,No,Under Review,948.36,1129,5,
7566,9395588,481,2022-08-23,Student,164234,709.0,Yes,No,Approved,1216.38,1843,3,Applicant follow-up needed
7567,9396965,1284,2021-10-28,Unemployed,54619,659.0,Yes,Yes,Approved,3352.8,5588,3,Co-signer pending review.
7568,9397079,1775,2022-04-24,Unemployed,153927,,No,Yes,Denied,1168.44,1391,5,
7569,9399087,663,2023-01-06,Self-Employed,28714,,No,Yes,Approved,1527.0,2545,3,Renewal case.
7570,9399323,220,2024-12-18,Student,85582,690.0,Yes,No,Denied,1652.04,2118,3,Renewal case.
7571,9402775,40,2021-11-03,Full-Time,314701,590.0,No,No,Under Review,10673.28,11118,3,Renewal case.
7572,9403656,886,2023-03-10,Unemployed,282828,712.0,Yes,Yes,Approved,2175.36,2266,2,docs expired
7573,9405406,132,2024-03-01,Part-Time,105042,728.0,Yes,No,Denied,1425.84,1828,1,
7574,9408012,665,2022-12-20,Self-Employed,179430,749.0,No,No,Under Review,3183.96,4082,5,Applicant provided pay stubs.
7575,9408392,1594,2021-05-26,Full-Time,263346,809.0,No,Yes,Approved,5092.92,6063,5,
7576,9408595,924,2020-01-18,Self-Employed,16228,630.0,No,No,Approved,919.8,1095,4,Applicant provided pay stubs.
7577,9408948,762,2021-05-31,Student,135878,793.0,No,Yes,Approved,1118.04,1331,2,
7578,9409361,386,2022-11-04,Unemployed,163850,742.0,Yes,Yes,Approved,1794.0,2300,1,income verified via Plaid
7579,9409399,1697,2022-06-24,Part-Time,157267,354.0,No,Yes,Denied,1125.3,1705,1,
7580,9410855,1598,2021-07-18,Contract,100923,830.0,No,No,Denied,3122.88,3253,2,Missing bank statements.
7581,9416324,1073,2024-04-09,Full-Time,66367,,No,No,Denied,794.4,1324,3,
7582,9418677,1689,2023-10-27,Contract,301732,733.0,No,No,Denied,7433.28,7743,4,Renewal case.
7583,9420443,72,2021-09-28,Retired,176916,769.0,No,Yes,Denied,2070.42,3137,2,docs expired
7584,9422052,352,2022-10-30,Unemployed,191034,728.0,No,Yes,Pending,1566.18,2373,2,
7585,9423320,1070,2024-09-19,Full-Time,155562,593.0,No,Yes,Approved,553.2,922,4,Referred by agent.
7586,9424013,909,2024-07-02,Retired,194450,791.0,No,No,Denied,1034.04,0,1,.
7587,9426155,393,2024-08-06,Student,152769,,No,Yes,Pending,2611.2,2720,1,
7588,9426213,860,2022-11-28,Self-Employed,305112,687.0,Yes,Yes,Pending,2626.26,3367,4,Referred by agent.
7589,9428646,1780,2024-10-18,Self-Employed,153987,,No,No,Pending,6481.8,8310,4,Flagged for manual review.
7590,9429268,1315,,Part-Time,169800,,No,Yes,Denied,939.12,1118,3,
7591,9429601,282,2020-08-02,Self-Employed,157227,679.0,Yes,Yes,Approved,1217.28,1268,5,income verified via Plaid
7592,9432853,768,2021-10-07,Full-Time,24717,717.0,No,Yes,Denied,5788.44,6891,3,Referred by agent.
7593,9433008,993,2023-06-15,Unemployed,190756,795.0,No,No,Approved,680.46,1031,3,Applicant follow-up needed
7594,9433601,1369,2022-02-10,Self-Employed,38461,768.0,No,No,Approved,1604.16,1671,4,Renewal case.
7595,9433702,957,2020-10-19,Full-Time,114807,722.0,No,Yes,Approved,1345.2,2242,4,Missing bank statements.
7596,9436523,1127,2020-07-05,Full-Time,115496,,No,No,Withdrawn,2304.72,3492,3,
7597,9437519,694,2024-03-13,Contract,185946,722.0,No,No,Approved,2402.4,3080,4,docs expired
7598,9437988,1375,2021-01-26,Self-Employed,131920,773.0,No,No,Approved,1991.34,2553,4,Flagged for manual review.
7599,9440669,30,2023-08-05,Contract,181576,733.0,No,Yes,Approved,1860.6,3101,5,Applicant provided pay stubs.
7600,9440844,508,2020-03-30,Retired,47517,691.0,No,No,Approved,498.0,830,1,Missing bank statements.
7601,9441964,137,,Self-Employed,205657,784.0,No,No,Withdrawn,1912.32,1992,4,Referred by agent.
7602,9442354,108,2021-04-22,Full-Time,214025,655.0,No,No,Approved,1264.38,0,2,Referred by agent.
7603,9445282,1245,2021-02-25,Student,71498,582.0,No,No,Pending,2657.76,3164,5,
7604,9445589,1729,2024-05-13,Unemployed,52216,479.0,No,No,Denied,646.62,829,3,Referred by agent.
7605,9447040,625,2020-07-11,Self-Employed,234858,450.0,No,No,Approved,2173.08,2587,3,Renewal case.
7606,9447081,187,2020-12-23,Full-Time,193956,720.0,No,No,Denied,1832.64,1909,1,
7607,9447786,17,2022-07-07,Part-Time,106382,696.0,No,No,Denied,2089.56,3166,2,
7608,9448072,597,2021-04-30,Part-Time,190149,782.0,Yes,No,Approved,2260.8,2355,4,Applicant follow-up needed
7609,9450938,752,2024-02-19,Self-Employed,11240,673.0,No,Yes,Approved,3303.36,3441,4,Co-signer pending review.
7610,9452190,443,2022-05-12,Self-Employed,226777,647.0,No,Yes,Under Review,3982.44,4741,5,
7611,9456232,1214,2022-04-23,Student,183797,328.0,Yes,Yes,Approved,812.16,846,2,Flagged for manual review.
7612,9457299,1590,2021-09-26,Part-Time,95398,,No,No,Approved,1109.94,1423,4,docs expired
7613,9459496,784,2024-11-05,Unemployed,182641,697.0,No,No,Pending,2089.92,2488,3,income verified via Plaid
7614,9460532,78,2020-10-16,Self-Employed,107828,780.0,No,Yes,Pending,1299.54,1969,4,docs expired
7615,9461712,1466,2023-09-06,Unemployed,168700,,No,No,Pending,789.36,1196,3,.
7616,9463787,673,2024-08-09,Self-Employed,75115,643.0,No,No,Approved,3657.06,5541,4,
7617,9468442,531,2021-03-02,Self-Employed,220494,452.0,Yes,Yes,Denied,2967.0,4945,1,Flagged for manual review.
7618,9472738,723,2020-11-16,Part-Time,165505,629.0,No,No,Denied,4350.36,5179,3,
7619,9474803,1351,2021-06-15,Student,86495,652.0,Yes,Yes,Under Review,3276.78,4201,1,Referred by agent.
7620,9474965,1049,2024-10-14,Part-Time,208139,715.0,No,Yes,Approved,1659.0,1975,1,Applicant provided pay stubs.
7621,9475924,123,2020-05-26,Full-Time,199348,783.0,No,No,Pending,885.36,1054,4,income verified via Plaid
7622,9476086,1083,2020-01-21,Contract,71510,395.0,Yes,No,Withdrawn,8983.68,9358,5,
7623,9476733,1456,2021-11-15,Self-Employed,237397,698.0,Yes,No,Approved,4120.2,4905,2,
7624,9478830,1518,2021-05-18,Full-Time,172400,482.0,Yes,Yes,Approved,3450.72,0,4,Co-signer pending review.
7625,9480384,1393,2024-05-09,Contract,162468,509.0,No,Yes,Approved,3065.4,5109,5,income verified via Plaid
7626,9481139,56,2023-11-22,Self-Employed,127962,,No,Yes,Pending,3767.04,3924,1,Applicant provided pay stubs.
7627,9482952,667,2020-09-27,Unemployed,40444,769.0,Yes,No,Denied,1519.2,2532,3,
7628,9488255,856,2022-10-15,Unemployed,61710,664.0,Yes,Yes,Pending,559.02,847,2,Referred by agent.
7629,9488464,1684,2024-07-27,Student,53170,839.0,No,Yes,Approved,2365.74,3033,5,.
7630,9488505,1326,2023-09-15,Full-Time,232525,414.0,No,Yes,Approved,2375.52,2828,4,Applicant provided pay stubs.
7631,9489947,1404,2021-10-19,Contract,223252,728.0,No,Yes,Withdrawn,930.24,969,1,
7632,9491665,794,2023-01-17,Self-Employed,192345,583.0,Yes,No,Withdrawn,2336.04,0,1,Flagged for manual review.
7633,9492696,1770,2024-01-19,Retired,79360,707.0,No,No,Approved,2215.2,2840,4,
7634,9493091,976,,Student,125871,693.0,No,Yes,Approved,1717.44,1789,3,Applicant follow-up needed
7635,9494281,1378,,Part-Time,143608,803.0,Yes,No,Approved,526.8,878,3,.
7636,9494298,174,2024-10-30,Part-Time,79261,830.0,No,Yes,Denied,2032.8,2420,2,income verified via Plaid
7637,9494666,931,2020-11-26,Self-Employed,309186,327.0,No,Yes,Approved,5176.86,6637,1,Flagged for manual review.
7638,9497913,301,2022-01-20,Self-Employed,39079,796.0,No,Yes,Approved,1426.8,2378,2,
7639,9499615,150,2024-01-22,Student,114923,,No,No,Denied,1743.84,2076,1,
7640,9499995,535,2023-11-28,Contract,103582,,No,No,Denied,929.76,0,5,.
7641,9500738,1225,2020-06-14,Contract,95199,758.0,No,No,Approved,1639.56,2102,3,Renewal case.
7642,9501381,71,2021-05-31,Full-Time,118024,708.0,No,No,Approved,3045.0,3625,1,Renewal case.
7643,9501610,1364,2023-05-12,Contract,154482,592.0,No,Yes,Under Review,4212.78,5401,5,Applicant provided pay stubs.
7644,9502366,567,,Full-Time,211089,582.0,No,Yes,Approved,1706.88,1778,5,Missing bank statements.
7645,9504740,1465,2024-12-12,Retired,130733,615.0,Yes,No,Withdrawn,1768.8,2680,1,Referred by agent.
7646,9505654,1623,2024-04-26,Full-Time,190136,747.0,Yes,No,Withdrawn,3582.6,4265,3,Referred by agent.
7647,9506621,1202,2022-08-21,Contract,199417,670.0,No,Yes,Denied,2487.36,2591,3,Co-signer pending review.
7648,9506885,1640,2021-04-29,Unemployed,221500,677.0,Yes,Yes,Pending,3470.4,5784,2,income verified via Plaid
7649,9508293,907,2022-10-21,Self-Employed,102369,716.0,No,Yes,Approved,1308.78,1983,3,docs expired
7650,9508569,1336,2022-03-23,Part-Time,139994,747.0,No,Yes,Pending,2725.32,3494,2,Applicant provided pay stubs.
7651,9509900,995,2021-12-03,Student,177484,850.0,No,Yes,Pending,3941.52,5972,4,Applicant follow-up needed
7652,9510434,371,2024-11-20,Contract,27142,823.0,No,Yes,Under Review,1774.5,2275,1,
7653,9510810,47,2021-08-12,Student,204559,609.0,No,Yes,Approved,4567.92,5438,2,income verified via Plaid
7654,9512341,1281,2022-09-14,Retired,145953,668.0,Yes,Yes,Approved,3020.64,3596,4,
7655,9513086,233,2023-09-17,Student,38123,727.0,Yes,Yes,Denied,2512.44,2991,5,Flagged for manual review.
7656,9516635,356,2021-04-09,Student,246742,622.0,Yes,Yes,Denied,4721.64,7154,1,
7657,9516641,1465,2024-05-04,Full-Time,216280,,No,No,Approved,2090.4,2680,4,income verified via Plaid
7658,9517361,504,2020-08-11,Contract,110469,682.0,Yes,Yes,Withdrawn,3782.4,3940,4,.
7659,9518421,305,2021-12-26,Self-Employed,204111,434.0,No,No,Approved,4748.04,7194,5,
7660,9518529,1315,2023-08-14,Contract,146337,626.0,No,No,Pending,670.8,1118,3,Applicant follow-up needed
7661,9519568,676,,Retired,102308,465.0,No,No,Denied,1810.8,3018,5,
7662,9519898,1278,2020-12-30,Unemployed,124216,527.0,No,Yes,Denied,1585.32,2402,2,
7663,9520994,1427,2022-05-01,Retired,202100,,No,Yes,Approved,2421.6,4036,4,income verified via Plaid
7664,9522671,1025,2024-01-22,Unemployed,200753,587.0,No,Yes,Under Review,3889.2,4630,5,docs expired
7665,9525385,543,2020-08-25,Retired,27145,806.0,No,No,Pending,2388.48,2488,3,Flagged for manual review.
7666,9526562,1722,2022-09-24,Full-Time,248944,678.0,No,No,Approved,1616.64,1684,4,
7667,9528011,1265,2023-01-06,Retired,88747,,Yes,No,Approved,4633.2,5940,3,
7668,9529225,593,2020-03-01,Contract,50473,735.0,No,Yes,Denied,3830.4,4560,4,docs expired
7669,9530056,320,,Part-Time,272665,585.0,No,No,Withdrawn,1869.78,2833,5,Flagged for manual review.
7670,9532118,532,,Retired,108403,760.0,No,No,Approved,929.88,1107,5,Renewal case.
7671,9532244,1762,2022-06-15,Part-Time,34170,711.0,No,No,Denied,1688.28,2558,4,Flagged for manual review.
7672,9539189,751,2020-05-30,Contract,238909,593.0,Yes,Yes,Approved,1781.64,2121,2,
7673,9539987,1207,2024-11-26,Part-Time,182811,690.0,No,Yes,Approved,2157.54,3269,3,Referred by agent.
7674,9541432,1164,2021-08-16,Retired,238798,,Yes,No,Approved,3314.88,3453,4,Applicant follow-up needed
7675,9542400,342,2022-12-27,Part-Time,249254,752.0,No,Yes,Pending,899.58,1363,3,
7676,9543246,489,2024-02-21,Student,27618,723.0,No,Yes,Approved,1606.8,2060,4,income verified via Plaid
7677,9543746,1720,2024-08-14,Retired,220067,572.0,No,No,Withdrawn,4766.16,5674,5,Missing bank statements.
7678,9544000,661,2022-06-08,Self-Employed,114991,704.0,No,No,Approved,3837.24,5814,2,
7679,9544168,1278,2020-04-10,Student,161429,442.0,Yes,No,Approved,1441.2,2402,4,
7680,9545291,205,2020-11-21,Part-Time,237654,,No,No,Approved,680.4,1134,2,Referred by agent.
7681,9545795,1714,2020-03-17,Contract,96737,,No,Yes,Denied,1683.0,2805,4,
7682,9548465,968,2021-03-14,Part-Time,198135,759.0,No,No,Under Review,1963.8,3273,4,
7683,9554194,1453,2024-08-27,Student,231053,,No,Yes,Denied,2337.66,2997,5,Renewal case.
7684,9554283,1217,2024-02-15,Student,224257,,No,Yes,Approved,2316.6,0,1,Referred by agent.
7685,9556301,1341,2020-05-19,Student,112369,687.0,Yes,No,Approved,5790.96,6894,2,
7686,9557979,252,2021-03-20,Unemployed,299795,682.0,No,Yes,Approved,1386.0,1650,4,
7687,9558081,1485,2021-04-24,Part-Time,181561,,No,Yes,Approved,2436.06,3691,4,docs expired
7688,9559192,340,2021-07-16,Unemployed,97500,,Yes,No,Approved,7164.6,11941,5,
7689,9560388,632,2023-06-08,Full-Time,44313,,No,No,Approved,4736.94,6073,3,
7690,9560420,726,2022-10-10,Self-Employed,187641,616.0,Yes,No,Approved,1597.68,1902,3,
7691,9560686,22,2021-09-06,Unemployed,86711,772.0,No,No,Approved,1863.36,1941,2,Co-signer pending review.
7692,9563124,1422,2022-09-22,Contract,26755,709.0,No,No,Approved,1768.26,2267,3,
7693,9564230,1374,2020-05-28,Full-Time,231344,718.0,Yes,Yes,Approved,2250.6,3751,4,
7694,9570676,1332,2023-08-26,Part-Time,13236,738.0,No,No,Approved,2330.46,3531,4,
7695,9571202,394,2024-07-29,Full-Time,113328,,No,No,Approved,1012.8,1688,5,.
7696,9574375,1136,2024-05-11,Unemployed,71295,778.0,No,No,Approved,3254.94,4173,2,
7697,9574473,437,2023-05-05,Student,44217,634.0,No,Yes,Pending,2133.3,2735,3,docs expired
7698,9574989,96,2021-04-06,Full-Time,150997,687.0,No,No,Approved,2387.22,3617,3,
7699,9575506,356,2021-11-03,Student,69720,656.0,No,Yes,Under Review,6009.36,7154,1,Missing bank statements.
7700,9575987,1393,2020-11-18,Full-Time,92409,808.0,No,Yes,Pending,4291.56,5109,1,
7701,9576406,1124,,Unemployed,137624,731.0,No,No,Under Review,3688.32,3842,3,
7702,9578006,486,2024-08-09,Full-Time,46992,,Yes,No,Approved,1998.36,2562,3,Renewal case.
7703,9578570,549,2023-11-01,Retired,179692,753.0,No,Yes,Pending,2315.04,2968,2,Applicant follow-up needed
7704,9579053,278,2023-05-07,Full-Time,150597,534.0,No,Yes,Denied,2972.4,0,5,
7705,9579750,1015,2023-01-20,Full-Time,182652,,No,No,Denied,3765.96,5706,1,Applicant provided pay stubs.
7706,9580276,1609,,Unemployed,15703,633.0,No,Yes,Approved,3796.32,5752,4,Co-signer pending review.
7707,9580448,1535,2024-03-11,Self-Employed,164126,757.0,No,Yes,Denied,2878.8,0,1,Co-signer pending review.
7708,9581705,1258,2023-04-10,Full-Time,128377,778.0,No,Yes,Approved,1130.58,1713,5,
7709,9583283,435,2021-04-08,Self-Employed,164105,,No,Yes,Denied,1038.6,1731,5,Applicant follow-up needed
7710,9584190,1591,2022-06-27,Part-Time,187618,738.0,No,No,Approved,4371.6,7286,4,Flagged for manual review.
7711,9587871,1116,2024-10-24,Student,230383,755.0,No,Yes,Pending,4060.68,5206,4,Flagged for manual review.
7712,9589357,436,2022-02-27,Retired,204748,759.0,No,No,Denied,2887.56,3702,3,Co-signer pending review.
7713,9589556,1436,2023-05-04,Student,247520,841.0,No,No,Approved,3838.56,5816,1,.
7714,9591068,269,2021-03-19,Self-Employed,220045,738.0,No,No,Denied,1591.2,2040,3,
7715,9591223,667,2024-08-01,Contract,45591,,No,No,Denied,1974.96,2532,1,
7716,9596235,1194,2021-08-09,Full-Time,41978,594.0,No,No,Approved,1756.2,2927,1,
7717,9598261,1045,2023-08-30,Part-Time,160503,433.0,No,Yes,Denied,2728.2,4547,1,Referred by agent.
7718,9598904,1692,,Full-Time,279838,730.0,No,Yes,Under Review,3043.92,4612,2,Renewal case.
7719,9599621,1782,2021-12-13,Self-Employed,241972,,No,No,Approved,5687.04,5924,3,
7720,9599681,1186,2020-11-27,Contract,210574,760.0,No,No,Approved,3697.98,5603,4,income verified via Plaid
7721,9600646,1316,2022-04-25,Student,160346,674.0,No,No,Approved,1606.08,1673,3,income verified via Plaid
7722,9601152,593,2024-03-26,Unemployed,87860,807.0,No,No,Denied,3556.8,0,4,Applicant provided pay stubs.
7723,9603736,1733,2024-08-24,Unemployed,261600,774.0,No,No,Under Review,7034.94,10659,2,Missing bank statements.
7724,9604658,422,2022-09-02,Part-Time,66910,600.0,No,Yes,Denied,834.6,1070,2,
7725,9606071,1670,2024-06-14,Unemployed,323638,766.0,No,No,Approved,3603.6,6006,2,.
7726,9606772,76,2020-05-27,Part-Time,237067,722.0,No,Yes,Approved,1269.18,1923,4,Missing bank statements.
7727,9606975,1344,2024-08-01,Contract,83652,640.0,No,No,Approved,2547.6,4246,3,
7728,9607678,78,2020-10-16,Student,241577,,No,Yes,Denied,1535.82,0,4,Referred by agent.
7729,9607992,246,2020-10-14,Contract,47600,676.0,No,No,Under Review,5000.64,5209,2,
7730,9608167,141,2023-11-24,Full-Time,108917,715.0,No,No,Denied,2384.46,3057,5,
7731,9608435,970,2020-07-23,Retired,109475,728.0,No,No,Withdrawn,2299.92,2738,4,Referred by agent.
7732,9611842,440,2020-02-24,Part-Time,98814,668.0,No,No,Pending,3829.44,3989,4,.
7733,9613184,995,2024-07-16,Full-Time,76308,746.0,No,No,Approved,3583.2,5972,3,Missing bank statements.
7734,9613185,1737,2022-09-29,Retired,133758,619.0,No,No,Denied,984.48,1172,4,Applicant follow-up needed
7735,9613723,1755,2020-08-03,Part-Time,28596,732.0,No,No,Approved,2689.92,2802,3,docs expired
7736,9614009,463,,Self-Employed,20523,791.0,No,No,Approved,2376.0,3600,5,Referred by agent.
7737,9615642,142,2021-05-03,Contract,160748,759.0,No,Yes,Approved,3211.26,4117,5,Applicant provided pay stubs.
7738,9615855,457,2021-10-06,Unemployed,121627,697.0,Yes,Yes,Approved,4186.56,4361,3,
7739,9622764,1113,2022-07-03,Self-Employed,175756,773.0,No,Yes,Approved,1604.16,1671,4,.
7740,9624656,676,2021-02-01,Part-Time,5291,848.0,No,No,Withdrawn,2897.28,3018,2,docs expired
7741,9626036,240,2020-11-19,Retired,187183,726.0,No,No,Pending,2399.4,3999,1,Flagged for manual review.
7742,9626464,1462,2020-02-29,Full-Time,240134,714.0,No,No,Under Review,927.0,1545,3,Flagged for manual review.
7743,9629471,1071,2020-04-30,Contract,126738,726.0,No,Yes,Approved,2059.8,0,3,Referred by agent.
7744,9631159,1324,2021-10-08,Part-Time,210112,817.0,No,Yes,Approved,654.42,839,3,docs expired
7745,9632126,288,2021-06-15,Self-Employed,159017,632.0,No,Yes,Denied,2500.8,4168,1,Co-signer pending review.
7746,9633010,1771,2024-02-11,Student,159048,836.0,No,Yes,Denied,4137.6,4310,1,Flagged for manual review.
7747,9636297,1776,2020-12-12,Part-Time,181010,646.0,Yes,No,Approved,3663.36,3816,5,
7748,9637149,1490,2021-12-04,Student,159199,669.0,No,Yes,Approved,1687.14,2163,4,.
7749,9641349,1046,2024-01-05,Self-Employed,20941,604.0,No,No,Approved,1072.68,1277,5,Co-signer pending review.
7750,9643342,1731,2021-08-13,Retired,188750,598.0,No,Yes,Approved,4100.16,4271,1,.
7751,9643387,1167,2022-12-28,Contract,28018,470.0,No,Yes,Pending,4148.76,6286,4,
7752,9645993,1318,2020-08-27,Full-Time,167880,815.0,No,No,Approved,3359.04,3499,1,Missing bank statements.
7753,9647987,1438,2022-01-15,Full-Time,145614,778.0,No,No,Approved,2224.2,3370,4,docs expired
7754,9648899,1185,2022-05-13,Retired,85282,364.0,No,No,Pending,1948.8,2030,1,
7755,9650469,225,2023-01-12,Self-Employed,182609,749.0,No,Yes,Approved,1064.4,1774,2,
7756,9650819,112,2020-03-22,Unemployed,117565,607.0,Yes,No,Denied,3068.34,4649,2,
7757,9652450,1358,2023-12-15,Part-Time,126670,708.0,No,No,Approved,3075.54,3943,4,
7758,9653084,59,2022-10-14,Student,38475,726.0,No,No,Approved,1513.2,2522,3,Referred by agent.
7759,9653945,1753,2021-01-16,Self-Employed,143992,711.0,Yes,No,Approved,1480.2,2467,5,docs expired
7760,9656629,501,2022-07-06,Full-Time,175772,667.0,Yes,Yes,Pending,1233.96,1469,2,Applicant provided pay stubs.
7761,9660331,653,2020-05-20,Part-Time,246013,652.0,No,No,Denied,909.48,1378,3,
7762,9660403,1258,2024-12-04,Contract,92147,721.0,No,Yes,Approved,1027.8,1713,4,
7763,9661864,682,2022-11-27,Self-Employed,54612,339.0,No,No,Pending,4539.48,6878,3,Co-signer pending review.
7764,9662375,613,2021-02-15,Full-Time,120421,725.0,No,No,Withdrawn,5291.52,5512,4,income verified via Plaid
7765,9663494,849,2024-01-02,Full-Time,200157,,No,Yes,Approved,1869.0,2225,4,docs expired
7766,9663707,1373,2024-02-28,Unemployed,79074,591.0,Yes,No,Denied,712.92,914,2,Missing bank statements.
7767,9664678,284,,Contract,149082,742.0,No,Yes,Denied,1691.58,2563,4,
7768,9665833,1136,2022-07-10,Part-Time,196209,834.0,No,Yes,Approved,2754.18,4173,2,income verified via Plaid
7769,9667270,560,2023-01-06,Student,105383,822.0,Yes,No,Approved,1362.48,1622,3,
7770,9671997,1753,2020-12-27,Full-Time,167240,688.0,No,Yes,Approved,2368.32,2467,3,Applicant provided pay stubs.
7771,9677014,1427,2024-05-25,Retired,185824,385.0,Yes,Yes,Pending,3390.24,4036,4,Applicant provided pay stubs.
7772,9678674,883,2021-07-02,Student,28076,800.0,Yes,Yes,Under Review,6010.56,6261,5,
7773,9679035,1336,2020-11-11,Part-Time,224151,695.0,No,Yes,Approved,3354.24,0,2,Applicant provided pay stubs.
7774,9682040,203,2021-07-22,Retired,145433,,No,No,Approved,1715.22,2199,2,.
7775,9682467,1263,2024-05-28,Contract,76388,730.0,No,Yes,Withdrawn,2845.44,2964,3,
7776,9684134,1462,2022-03-11,Retired,142435,614.0,No,Yes,Approved,1019.7,1545,3,Applicant follow-up needed
7777,9685320,1032,2023-04-11,Student,134139,788.0,No,Yes,Denied,2293.2,2940,4,Applicant provided pay stubs.
7778,9687931,1377,2020-10-24,Retired,132027,755.0,No,Yes,Denied,2432.4,4054,4,Flagged for manual review.
7779,9688810,469,2023-12-05,Contract,138210,677.0,No,No,Approved,4565.4,5435,3,Applicant provided pay stubs.
7780,9689982,674,2022-10-29,Retired,125647,637.0,No,No,Pending,2955.48,4478,3,Applicant follow-up needed
7781,9691333,291,2022-10-28,Unemployed,104738,632.0,No,Yes,Approved,1537.92,1602,2,Co-signer pending review.
7782,9692629,319,2023-07-07,Self-Employed,159113,695.0,No,Yes,Denied,1867.14,2829,3,
7783,9692866,372,2023-08-08,Part-Time,139617,,No,No,Approved,1305.72,1674,2,Co-signer pending review.
7784,9696188,1468,2020-02-26,Contract,88877,781.0,Yes,No,Denied,1687.62,2557,3,Renewal case.
7785,9697584,140,2023-07-11,Student,241876,675.0,Yes,Yes,Approved,824.34,0,5,
7786,9698096,528,2021-12-05,Full-Time,247425,690.0,No,No,Denied,5201.28,6192,3,
7787,9698248,130,2023-08-17,Full-Time,245175,,No,No,Under Review,2982.84,3551,4,Applicant follow-up needed
7788,9698834,32,2021-06-13,Full-Time,41275,736.0,Yes,No,Pending,848.76,1286,4,
7789,9700372,1565,2021-03-15,Full-Time,197710,600.0,No,Yes,Approved,3370.08,4012,5,Missing bank statements.
7790,9701987,562,2023-08-13,Unemployed,201159,830.0,No,Yes,Approved,1317.12,1568,3,Applicant follow-up needed
7791,9702767,76,2021-07-11,Full-Time,88338,745.0,No,Yes,Pending,1615.32,1923,2,Applicant provided pay stubs.
7792,9703131,708,2023-03-16,Student,536000,715.0,No,No,Withdrawn,4201.86,5387,3,
7793,9703721,1768,2021-03-12,Unemployed,198791,627.0,No,Yes,Pending,2708.4,4514,4,Flagged for manual review.
7794,9705127,944,2024-06-08,Part-Time,182061,818.0,No,No,Under Review,1236.3,1585,3,Applicant follow-up needed
7795,9705726,1643,2023-09-10,Full-Time,144669,,Yes,Yes,Approved,2256.96,2351,3,income verified via Plaid
7796,9705973,306,2022-06-02,Part-Time,192928,405.0,No,No,Pending,1594.8,2658,3,
7797,9706966,1566,2021-03-26,Self-Employed,206948,445.0,Yes,Yes,Approved,1321.32,1694,4,Renewal case.
7798,9707259,1415,2022-06-09,Part-Time,189622,834.0,No,Yes,Approved,2425.5,3675,4,
7799,9707453,279,2023-09-13,Contract,130017,707.0,No,No,Pending,1691.52,1762,1,Applicant provided pay stubs.
7800,9707996,470,2020-10-13,Student,202814,597.0,No,No,Denied,3735.6,6226,5,Applicant follow-up needed
7801,9710380,1229,2021-05-04,Self-Employed,171559,724.0,Yes,No,Approved,7371.0,9450,2,Co-signer pending review.
7802,9713244,116,2021-01-11,Retired,21297,,No,No,Denied,2256.6,3761,3,Referred by agent.
7803,9713341,918,2023-02-13,Self-Employed,61523,666.0,Yes,No,Approved,2526.48,3828,3,docs expired
7804,9713698,48,2022-07-27,Part-Time,110176,692.0,Yes,Yes,Approved,1829.52,2772,1,Renewal case.
7805,9714930,1612,2024-09-06,Part-Time,106084,677.0,No,No,Pending,1405.14,2129,3,Applicant follow-up needed
7806,9715461,1232,2021-03-09,Full-Time,190842,845.0,No,Yes,Pending,2227.68,2856,2,.
7807,9716251,1567,2024-12-04,Contract,193013,,No,Yes,Under Review,1088.64,1134,4,
7808,9718088,1778,2022-04-10,Part-Time,225274,,No,No,Approved,3397.68,4356,5,Renewal case.
7809,9719516,206,2023-01-04,Unemployed,108611,734.0,No,Yes,Approved,2157.6,3596,2,
7810,9721292,122,2022-05-09,Part-Time,188453,744.0,No,Yes,Denied,980.1,1485,2,
7811,9723496,1496,2023-10-25,Student,200290,,Yes,No,Denied,4548.18,5831,2,income verified via Plaid
7812,9724904,36,2023-12-24,Contract,138082,823.0,No,Yes,Denied,2425.5,3675,2,income verified via Plaid
7813,9726275,1262,2024-01-14,Retired,166931,689.0,No,No,Approved,6645.12,6922,4,
7814,9727830,202,2024-11-07,Self-Employed,178110,347.0,No,Yes,Approved,6024.72,7724,5,Referred by agent.
7815,9729056,897,2023-02-07,Retired,84225,718.0,No,No,Denied,1074.84,1378,5,
7816,9729965,73,2024-11-28,Self-Employed,249130,808.0,No,No,Denied,2696.76,4086,1,Applicant follow-up needed
7817,9731050,779,2020-07-07,Unemployed,188845,627.0,No,Yes,Under Review,6321.9,8105,3,Co-signer pending review.
7818,9731331,1299,2022-07-14,Student,58638,651.0,No,Yes,Under Review,1043.64,1338,4,Renewal case.
7819,9733409,936,2022-01-21,Full-Time,129245,609.0,No,Yes,Approved,4128.96,6256,1,docs expired
7820,9734032,606,2021-11-25,Retired,59731,622.0,Yes,Yes,Denied,2072.64,2159,3,Co-signer pending review.
7821,9734948,607,2020-12-29,Student,179636,741.0,No,No,Denied,697.2,1162,3,Missing bank statements.
7822,9735373,910,,Part-Time,113674,,No,Yes,Approved,1907.88,2446,5,
7823,9736942,1062,2021-03-24,Unemployed,204537,738.0,No,Yes,Under Review,949.2,1130,1,income verified via Plaid
7824,9738585,114,,Retired,177085,691.0,No,No,Pending,1568.82,2377,4,Renewal case.
7825,9742805,73,2020-10-25,Full-Time,84805,731.0,No,No,Denied,3432.24,4086,2,Renewal case.
7826,9744312,1354,2022-01-25,Self-Employed,135369,822.0,No,Yes,Approved,1742.16,2074,4,Co-signer pending review.
7827,9744472,485,2023-10-01,Student,147501,837.0,No,No,Under Review,2242.68,3398,4,income verified via Plaid
7828,9745599,1037,2023-08-08,Retired,19701,701.0,Yes,No,Withdrawn,1879.8,3133,3,Missing bank statements.
7829,9745838,1503,2022-02-08,Unemployed,123530,703.0,No,No,Denied,2915.52,3037,2,Missing bank statements.
7830,9750858,79,2024-02-03,Retired,30773,658.0,No,Yes,Denied,2693.76,2806,1,Applicant provided pay stubs.
7831,9751355,544,2024-12-10,Retired,66882,,No,Yes,Pending,2181.66,2797,3,Applicant follow-up needed
7832,9751687,24,2020-06-03,Unemployed,318450,608.0,No,Yes,Under Review,2849.28,2968,4,income verified via Plaid
7833,9753763,860,2023-10-15,Retired,70489,753.0,No,No,Denied,2626.26,3367,1,docs expired
7834,9753849,1742,2022-04-26,Unemployed,138553,669.0,Yes,No,Denied,2650.8,4418,4,Applicant provided pay stubs.
7835,9754572,1507,2023-02-21,Unemployed,194524,747.0,No,No,Approved,2498.16,2974,4,
7836,9755794,1554,2024-11-04,Self-Employed,111621,738.0,No,No,Withdrawn,1187.52,1237,5,Flagged for manual review.
7837,9755799,879,2024-02-06,Contract,189560,725.0,No,No,Under Review,691.86,887,3,Co-signer pending review.
7838,9755974,1058,2023-02-06,Retired,247389,,No,No,Pending,840.96,876,4,Co-signer pending review.
7839,9756325,1504,2021-09-18,Self-Employed,173723,743.0,Yes,No,Pending,6165.9,7905,1,Referred by agent.
7840,9756944,684,2021-12-29,Full-Time,29771,747.0,No,Yes,Pending,1126.44,1341,1,Applicant provided pay stubs.
7841,9757434,97,2021-06-22,Retired,238494,613.0,No,No,Approved,1558.08,1623,2,Flagged for manual review.
7842,9758664,1694,2023-05-19,Full-Time,130891,757.0,No,Yes,Under Review,1795.56,2302,2,.
7843,9760560,933,2021-05-28,Part-Time,62717,622.0,No,No,Approved,1653.12,1722,3,Applicant provided pay stubs.
7844,9762515,1537,2020-01-25,Contract,271229,850.0,No,No,Denied,881.4,1469,1,docs expired
7845,9762610,914,2021-04-04,Student,282354,849.0,No,No,Approved,4778.88,4978,3,Applicant follow-up needed
7846,9763118,1795,2022-01-07,Student,64333,676.0,No,No,Denied,6232.32,6492,3,Flagged for manual review.
7847,9764117,1214,2023-09-24,Contract,65679,,No,No,Approved,710.64,846,4,
7848,9765456,1684,2022-01-12,Full-Time,232078,,No,No,Approved,1819.8,3033,4,
7849,9765521,110,2021-05-16,Full-Time,12868,,No,Yes,Approved,1946.34,2949,4,Flagged for manual review.
7850,9766932,1484,2024-06-18,Retired,86716,773.0,Yes,Yes,Under Review,2736.24,3508,2,
7851,9768572,972,2022-10-29,Part-Time,210371,643.0,No,Yes,Denied,2111.46,2707,4,.
7852,9768882,1046,2020-11-03,Student,145067,750.0,No,Yes,Denied,1072.68,1277,1,Co-signer pending review.
7853,9771474,429,2021-10-17,Contract,195827,821.0,No,No,Withdrawn,4840.92,0,1,
7854,9774255,1553,2020-11-18,Contract,227400,797.0,No,No,Approved,1915.2,3192,5,Missing bank statements.
7855,9774775,287,2021-02-20,Student,120178,800.0,No,No,Pending,3342.0,5570,2,Referred by agent.
7856,9775474,1319,2021-04-24,Unemployed,130346,,No,No,Approved,2247.84,2676,1,income verified via Plaid
7857,9776389,1094,2020-07-17,Self-Employed,230754,667.0,No,Yes,Denied,3034.56,3161,2,Applicant follow-up needed
7858,9778018,744,2022-01-07,Retired,18074,825.0,No,No,Withdrawn,2890.68,3706,4,income verified via Plaid
7859,9778886,1798,2020-03-25,Self-Employed,266613,368.0,Yes,No,Approved,6650.88,6928,5,docs expired
7860,9779142,827,2023-05-01,Self-Employed,235497,676.0,No,Yes,Approved,3605.28,4292,5,docs expired
7861,9781450,1105,2020-09-24,Contract,159863,831.0,No,Yes,Denied,1014.72,1208,2,Referred by agent.
7862,9781995,545,,Part-Time,49904,368.0,No,Yes,Approved,2066.4,3444,5,Applicant provided pay stubs.
7863,9782049,238,2021-01-03,Unemployed,154969,660.0,No,No,Denied,12098.88,12603,2,Renewal case.
7864,9785568,721,2024-06-19,Contract,157834,,No,No,Denied,3470.88,4132,2,Co-signer pending review.
7865,9786307,153,2024-09-14,Retired,318858,691.0,Yes,Yes,Pending,4274.88,4453,2,
7866,9786929,1080,2022-09-29,Part-Time,87347,753.0,No,No,Approved,2651.22,4017,5,Co-signer pending review.
7867,9786992,1505,2020-09-30,Part-Time,19086,823.0,No,No,Withdrawn,2663.7,3415,3,
7868,9790027,222,2020-04-19,Student,87980,476.0,No,Yes,Approved,1655.28,2508,1,Applicant provided pay stubs.
7869,9790480,1281,2022-10-14,Student,71226,339.0,No,No,Pending,3020.64,3596,5,
7870,9792697,1148,2023-04-24,Part-Time,195530,,No,No,Denied,1268.4,2114,3,Applicant follow-up needed
7871,9793976,1761,2022-06-07,Self-Employed,100972,623.0,No,No,Pending,6935.88,8257,2,.
7872,9794169,930,2023-06-22,Student,119516,762.0,Yes,No,Under Review,2181.48,2597,5,Missing bank statements.
7873,9796311,631,2021-11-25,Full-Time,155713,766.0,No,No,Withdrawn,1901.76,1981,2,.
7874,9796858,1771,2022-05-07,Retired,221899,771.0,No,No,Approved,2586.0,4310,4,
7875,9797371,331,2024-01-19,Contract,143710,773.0,No,Yes,Denied,1764.48,1838,3,Flagged for manual review.
7876,9798733,1371,2022-02-08,Self-Employed,105008,671.0,No,Yes,Approved,3792.0,3950,3,
7877,9800461,961,2020-08-01,Contract,46040,758.0,No,No,Under Review,1399.44,1666,4,Referred by agent.
7878,9800516,1711,2024-11-19,Self-Employed,181852,715.0,No,Yes,Approved,1486.8,0,4,Co-signer pending review.
7879,9801722,1465,2022-11-23,Student,160737,637.0,No,Yes,Denied,1608.0,2680,4,.
7880,9802026,262,2021-06-23,Self-Employed,144155,690.0,No,Yes,Approved,1003.2,1045,2,Applicant follow-up needed
7881,9802605,285,2021-08-07,Unemployed,93419,799.0,No,No,Pending,2613.78,3351,4,Applicant follow-up needed
7882,9803989,1201,2022-06-15,Unemployed,188011,662.0,No,Yes,Approved,4458.24,4644,2,
7883,9805940,1034,2021-11-08,Unemployed,223646,729.0,No,No,Denied,2217.6,3360,4,docs expired
7884,9806121,1274,2022-11-08,Unemployed,129895,762.0,No,Yes,Approved,2184.0,2800,2,Co-signer pending review.
7885,9812681,161,,Part-Time,643000,694.0,No,No,Denied,3365.04,4006,2,Co-signer pending review.
7886,9813293,1189,2020-09-06,Contract,197504,691.0,No,Yes,Denied,3594.36,4279,1,Applicant follow-up needed
7887,9813661,1512,2022-07-15,Contract,164474,589.0,No,Yes,Denied,2267.46,2907,1,Missing bank statements.
7888,9816291,475,2021-04-10,Full-Time,212538,767.0,No,No,Approved,1921.14,2463,4,docs expired
7889,9818147,300,,Self-Employed,238076,654.0,No,No,Approved,3876.6,4970,4,Renewal case.
7890,9818263,1243,2022-10-25,Unemployed,115625,580.0,Yes,No,Approved,6005.16,7149,2,
7891,9820021,1617,,Part-Time,56023,837.0,No,No,Approved,684.6,815,3,.
7892,9821331,884,2024-10-20,Full-Time,133001,593.0,Yes,No,Approved,4911.66,6297,4,.
7893,9826867,914,2023-04-13,Retired,220719,,No,Yes,Denied,3285.48,4978,2,
7894,9827616,1524,2023-11-12,Self-Employed,48292,834.0,No,Yes,Approved,1848.0,2800,1,Missing bank statements.
7895,9827957,1129,2020-06-29,Full-Time,24086,749.0,No,No,Approved,3037.44,3164,1,
7896,9829307,1178,2024-09-24,Unemployed,158028,840.0,Yes,Yes,Denied,2585.28,2693,3,.
7897,9834806,1426,2022-08-15,Self-Employed,321916,626.0,No,No,Pending,5562.96,7132,1,.
7898,9841311,299,2023-11-20,Contract,185542,670.0,No,No,Denied,4300.8,4480,2,Co-signer pending review.
7899,9844144,496,2024-02-26,Student,7157,720.0,No,Yes,Denied,2236.26,2867,5,Renewal case.
7900,9844300,288,2024-03-30,Contract,150083,766.0,No,No,Approved,2500.8,4168,5,
7901,9847452,1016,2022-12-29,Full-Time,56792,614.0,No,Yes,Denied,5998.44,7141,1,Applicant follow-up needed
7902,9847541,701,2024-08-18,Part-Time,38358,742.0,No,No,Approved,1277.76,1331,4,Flagged for manual review.
7903,9849722,552,2023-06-18,Self-Employed,299647,699.0,No,No,Approved,5930.1,8985,1,Co-signer pending review.
7904,9850152,1352,2022-10-29,Self-Employed,190025,641.0,Yes,No,Approved,1267.8,2113,1,Referred by agent.
7905,9855305,921,2023-10-29,Unemployed,90290,,Yes,No,Denied,932.4,1110,2,income verified via Plaid
7906,9855423,931,2021-02-19,Contract,279978,342.0,No,No,Under Review,4380.42,6637,4,Applicant provided pay stubs.
7907,9858463,299,2023-07-13,Student,67392,694.0,No,No,Denied,2688.0,4480,2,Applicant provided pay stubs.
7908,9861510,1527,2022-06-06,Self-Employed,83069,644.0,No,No,Approved,786.72,1192,2,docs expired
7909,9862471,1143,2021-08-31,Contract,166282,767.0,No,No,Denied,1498.8,2498,4,Applicant provided pay stubs.
7910,9864001,1773,2021-06-25,Student,30156,774.0,No,Yes,Approved,4157.16,4949,3,Applicant follow-up needed
7911,9864510,1038,2020-05-23,Retired,175610,727.0,No,No,Denied,4263.0,7105,1,.
7912,9864540,928,2024-05-30,Part-Time,41127,773.0,No,Yes,Denied,973.8,1623,4,Applicant follow-up needed
7913,9865937,1738,2021-03-01,Part-Time,154307,680.0,Yes,Yes,Approved,2030.4,2115,3,
7914,9865986,20,2020-09-19,Full-Time,132411,,No,Yes,Approved,3024.0,5040,2,Co-signer pending review.
7915,9867039,1431,2021-04-30,Retired,179767,531.0,Yes,Yes,Approved,7090.98,9091,5,Applicant provided pay stubs.
7916,9867519,1591,2021-12-10,Full-Time,88668,,Yes,No,Approved,6120.24,7286,2,
7917,9867650,1113,2024-04-14,Full-Time,132835,791.0,No,Yes,Denied,1002.6,0,1,Applicant provided pay stubs.
7918,9870545,863,2023-01-08,Unemployed,137034,619.0,No,Yes,Under Review,828.96,1256,5,
7919,9872014,598,,Retired,178120,606.0,No,No,Denied,3352.32,3492,4,Co-signer pending review.
7920,9872273,1767,2021-12-13,Student,190105,749.0,No,Yes,Approved,3865.92,4027,1,Renewal case.
7921,9872291,1253,2021-12-15,Student,104809,592.0,No,No,Pending,4197.96,5382,2,income verified via Plaid
7922,9872731,30,2023-10-11,Contract,187040,,No,Yes,Denied,2046.66,3101,5,Applicant provided pay stubs.
7923,9873145,574,2020-03-12,Self-Employed,133867,832.0,No,Yes,Approved,6584.64,6859,3,
7924,9873585,609,2024-10-26,Self-Employed,220692,829.0,Yes,No,Approved,3411.0,5685,3,
7925,9874575,1427,2023-08-19,Full-Time,46510,,No,No,Denied,2421.6,4036,3,Applicant follow-up needed
7926,9874650,739,2021-10-13,Full-Time,242014,680.0,No,No,Approved,1899.0,3165,5,income verified via Plaid
7927,9875366,666,2020-04-11,Part-Time,93076,623.0,No,Yes,Denied,1114.08,1688,4,Co-signer pending review.
7928,9876671,206,2021-10-13,Part-Time,112356,585.0,No,Yes,Pending,3452.16,3596,1,Applicant follow-up needed
7929,9877644,362,2020-02-02,Contract,138583,691.0,Yes,No,Approved,2528.76,3242,2,Applicant provided pay stubs.
7930,9880139,1450,2021-04-01,Student,140394,699.0,Yes,No,Withdrawn,882.0,1050,1,Missing bank statements.
7931,9880328,336,2023-10-21,Part-Time,38935,673.0,No,No,Under Review,2047.68,2133,4,docs expired
7932,9882139,1550,2024-01-29,Part-Time,31262,717.0,Yes,No,Approved,4288.32,4467,3,income verified via Plaid
7933,9882622,1165,2023-01-26,Self-Employed,194638,750.0,No,Yes,Approved,534.6,891,5,.
7934,9883186,211,2024-06-07,Unemployed,192779,703.0,No,Yes,Approved,939.84,1424,5,
7935,9884595,705,2020-03-15,Part-Time,202238,811.0,Yes,Yes,Approved,1859.4,3099,5,Flagged for manual review.
7936,9885478,1538,2023-04-14,Unemployed,62736,727.0,No,Yes,Under Review,1651.2,1720,4,
7937,9885806,447,2024-10-03,Self-Employed,53198,418.0,No,Yes,Approved,2886.0,4810,3,docs expired
7938,9889139,430,,Self-Employed,63383,675.0,Yes,No,Approved,1883.28,2242,5,
7939,9889696,628,2020-01-24,Full-Time,121527,707.0,No,No,Approved,3495.96,4482,4,income verified via Plaid
7940,9890168,1574,2024-08-26,Full-Time,140273,647.0,No,No,Approved,751.2,1252,4,Missing bank statements.
7941,9890239,717,2024-01-23,Part-Time,65161,722.0,Yes,Yes,Approved,5859.0,6975,2,
7942,9890438,297,2020-06-17,Contract,163004,695.0,No,Yes,Denied,3010.56,3584,5,Flagged for manual review.
7943,9891062,1248,2024-12-20,Contract,224098,779.0,No,Yes,Pending,5028.0,8380,4,
7944,9891177,1244,2021-07-08,Student,283532,723.0,No,No,Denied,7944.0,8275,5,
7945,9893185,726,2020-12-20,Full-Time,108565,599.0,No,No,Denied,1483.56,1902,1,Co-signer pending review.
7946,9893942,1198,2023-10-28,Full-Time,240771,718.0,No,No,Denied,6632.64,7896,2,
7947,9895923,1746,2023-04-13,Contract,57515,682.0,No,Yes,Pending,2326.8,2770,1,Flagged for manual review.
7948,9896584,1416,2021-03-18,Contract,347000,,Yes,Yes,Approved,2854.8,3660,2,
7949,9898372,246,2020-01-20,Student,90126,843.0,No,No,Approved,5000.64,5209,2,Applicant provided pay stubs.
7950,9899082,1489,2022-04-18,Retired,201030,674.0,No,No,Denied,781.2,1302,1,
7951,9901908,997,2020-05-18,Full-Time,140086,676.0,No,No,Pending,3795.12,4518,1,Applicant provided pay stubs.
7952,9904127,688,2020-09-06,Full-Time,158141,741.0,No,Yes,Approved,1956.6,3261,4,income verified via Plaid
7953,9904368,535,2020-12-27,Self-Employed,122600,641.0,No,No,Pending,1144.32,1192,1,Co-signer pending review.
7954,9904451,156,2023-12-14,Unemployed,94777,778.0,No,No,Pending,2572.2,4287,2,
7955,9907116,993,2021-05-21,Student,95106,822.0,Yes,Yes,Approved,989.76,1031,1,.
7956,9909855,751,2020-11-24,Self-Employed,597000,675.0,No,Yes,Approved,1399.86,2121,5,
7957,9911422,711,2023-02-03,Part-Time,241896,615.0,No,No,Approved,595.8,993,2,docs expired
7958,9911536,1177,2024-08-24,Student,19820,665.0,No,No,Pending,3689.4,4730,4,
7959,9911674,1780,2024-01-21,Retired,131084,590.0,No,Yes,Approved,6481.8,8310,4,.
7960,9912558,341,2021-03-30,Contract,106255,728.0,Yes,Yes,Under Review,1913.52,2278,3,income verified via Plaid
7961,9913487,1567,2024-03-07,Part-Time,37598,706.0,No,No,Pending,680.4,1134,4,Co-signer pending review.
7962,9916651,1355,2023-08-28,Part-Time,75452,690.0,No,No,Pending,4347.0,0,3,docs expired
7963,9917623,1204,2023-02-05,Self-Employed,19102,653.0,No,No,Denied,4400.88,6668,5,Applicant provided pay stubs.
7964,9917660,158,2020-12-22,Part-Time,127458,754.0,No,No,Denied,753.0,1255,1,
7965,9917800,526,2023-10-18,Unemployed,230077,694.0,No,No,Pending,2145.6,3576,3,
7966,9918979,362,2020-06-10,Full-Time,107012,815.0,No,No,Withdrawn,2139.72,3242,4,Co-signer pending review.
7967,9920311,1180,2024-01-26,Student,196801,690.0,No,No,Approved,3191.4,5319,4,Referred by agent.
7968,9921868,1096,2020-02-10,Self-Employed,72613,545.0,No,No,Approved,2432.64,2534,5,.
7969,9922033,1246,2021-02-07,Part-Time,197979,624.0,No,No,Approved,1367.4,2279,4,
7970,9923802,1240,2023-06-06,Full-Time,26210,563.0,Yes,No,Pending,3331.02,5047,3,
7971,9923933,124,2022-03-07,Unemployed,24666,642.0,Yes,Yes,Pending,954.24,994,4,Renewal case.
7972,9927094,240,2023-05-06,Self-Employed,160731,579.0,No,No,Approved,3119.22,3999,3,Renewal case.
7973,9929515,1224,2021-08-30,Part-Time,64230,,No,No,Denied,2609.64,3954,3,Flagged for manual review.
7974,9930344,1780,2024-07-04,Unemployed,39175,703.0,No,No,Approved,6481.8,8310,4,
7975,9930734,1776,2021-02-17,Part-Time,114405,811.0,No,No,Denied,3205.44,3816,4,Applicant follow-up needed
7976,9931135,1628,2020-08-30,Unemployed,115108,810.0,No,No,Approved,5648.64,5884,5,
7977,9931574,1357,2023-03-11,Full-Time,71939,,No,Yes,Approved,1351.2,2252,1,
7978,9932254,180,2024-06-25,Unemployed,193532,688.0,No,Yes,Denied,1315.38,1993,4,Applicant follow-up needed
7979,9935131,1101,2024-11-14,Part-Time,145243,682.0,No,Yes,Denied,1891.5,2425,4,
7980,9938264,1397,2022-10-09,Student,55441,664.0,No,No,Withdrawn,1759.2,2932,4,
7981,9938450,1716,2023-11-20,Student,132535,698.0,No,No,Denied,1924.56,2916,1,Applicant provided pay stubs.
7982,9940151,1551,2024-09-13,Retired,45913,666.0,No,No,Approved,1164.24,1764,5,income verified via Plaid
7983,9940681,1315,2022-07-21,Part-Time,224758,636.0,No,Yes,Pending,1073.28,1118,4,
7984,9941237,573,2020-06-13,Self-Employed,119134,627.0,No,Yes,Denied,1621.2,2702,5,Referred by agent.
7985,9941352,1458,2022-05-12,Unemployed,220839,663.0,No,Yes,Denied,2715.6,4526,5,Renewal case.
7986,9944306,1771,2023-08-21,Unemployed,63099,839.0,Yes,No,Approved,3361.8,4310,3,.
7987,9944805,420,2020-04-02,Retired,55938,763.0,No,No,Approved,3393.6,5656,4,
7988,9947659,1193,2020-08-01,Unemployed,65851,399.0,No,Yes,Approved,4093.32,4873,4,Flagged for manual review.
7989,9948823,819,2023-03-29,Contract,206743,755.0,No,Yes,Approved,3703.56,4409,3,
7990,9951517,283,2024-04-22,Self-Employed,151066,826.0,No,Yes,Approved,1906.8,3178,2,
7991,9954068,1720,2021-01-03,Contract,61701,619.0,No,No,Pending,4766.16,5674,2,Applicant follow-up needed
7992,9954694,1484,2020-09-24,Full-Time,91549,643.0,Yes,No,Approved,2736.24,3508,5,
7993,9954844,803,2020-04-17,Self-Employed,115734,800.0,No,Yes,Under Review,8073.6,0,4,Applicant provided pay stubs.
7994,9955943,882,2022-07-29,Self-Employed,257665,749.0,No,No,Approved,4455.36,0,4,docs expired
7995,9955982,1778,2020-09-19,Part-Time,208271,713.0,No,Yes,Approved,3659.04,4356,2,Renewal case.
7996,9955986,1344,2024-05-14,Retired,173462,803.0,No,No,Pending,2802.36,4246,1,Referred by agent.
7997,9956255,1106,2020-02-15,Student,85543,730.0,No,No,Approved,1221.12,1272,2,.
7998,9956450,1404,2021-12-01,Part-Time,73923,766.0,No,No,Denied,639.54,969,5,Missing bank statements.
7999,9957837,1307,2023-04-19,Retired,83698,652.0,No,Yes,Approved,960.96,1232,5,Co-signer pending review.
8000,9958231,277,2021-08-17,Part-Time,230137,601.0,Yes,Yes,Pending,3126.0,5210,3,docs expired
8001,9958347,589,2023-09-04,Full-Time,178489,695.0,No,Yes,Approved,2052.96,2632,2,
8002,9959966,1547,2022-02-10,Unemployed,140262,734.0,No,Yes,Approved,2268.0,3780,3,Applicant follow-up needed
8003,9960748,1060,2021-09-12,Student,27747,821.0,No,Yes,Approved,2317.56,2759,2,.
8004,9961750,499,2023-06-19,Part-Time,109335,606.0,No,No,Denied,2050.8,3418,4,Missing bank statements.
8005,9963639,92,2023-06-01,Self-Employed,85071,691.0,Yes,No,Denied,2086.92,3162,1,Missing bank statements.
8006,9964660,1069,2024-08-25,Contract,25214,714.0,No,No,Approved,682.44,1034,1,Flagged for manual review.
8007,9965934,1377,2020-02-01,Self-Employed,227188,728.0,No,No,Approved,3162.12,4054,5,
8008,9966168,990,2023-04-18,Retired,259860,597.0,No,No,Withdrawn,1519.8,2533,4,.
8009,9966695,29,2024-01-18,Part-Time,193399,775.0,Yes,Yes,Approved,2813.76,2931,1,Applicant follow-up needed
8010,9968121,1371,2024-07-17,Self-Employed,140542,741.0,Yes,No,Withdrawn,3792.0,3950,2,Referred by agent.
8011,9968407,749,2021-03-20,Self-Employed,142364,,Yes,No,Approved,2650.56,2761,4,docs expired
8012,9971350,944,2024-07-20,Unemployed,240355,615.0,Yes,Yes,Approved,1046.1,1585,3,Renewal case.
8013,9971605,783,2021-05-21,Retired,125697,751.0,Yes,No,Withdrawn,2985.18,0,4,Renewal case.
8014,9972492,1360,2022-12-10,Retired,252500,757.0,No,Yes,Approved,898.8,1498,5,
8015,9972940,263,2022-11-05,Full-Time,83048,793.0,No,Yes,Pending,1148.28,1367,1,Missing bank statements.
8016,9972964,1196,2024-12-06,Contract,100288,796.0,No,Yes,Under Review,2156.22,0,5,Referred by agent.
8017,9973553,1239,2023-01-14,Self-Employed,132333,718.0,No,Yes,Denied,608.4,1014,4,Applicant follow-up needed
8018,9975692,1379,2024-01-02,Part-Time,236384,,No,No,Withdrawn,3821.4,5790,2,
8019,9976007,385,2024-05-09,Part-Time,95284,847.0,No,No,Approved,4259.64,5071,3,docs expired
8020,9976115,926,2022-07-11,Self-Employed,221451,,Yes,Yes,Pending,5477.64,6521,2,Co-signer pending review.
8021,9976850,662,2020-02-24,Full-Time,126080,603.0,No,Yes,Approved,1186.38,1521,1,income verified via Plaid
8022,9980122,526,2023-08-26,Self-Employed,52663,798.0,Yes,No,Approved,2360.16,3576,3,Renewal case.
8023,9983025,1451,2022-04-04,Retired,152388,617.0,No,No,Approved,3500.28,4167,1,Flagged for manual review.
8024,9984732,755,2024-01-21,Unemployed,233993,595.0,No,Yes,Approved,4043.16,6126,4,
8025,9985593,731,2023-02-05,Self-Employed,244290,312.0,No,Yes,Approved,1248.72,1892,5,income verified via Plaid
8026,9989440,238,2021-12-04,Full-Time,59283,377.0,No,No,Under Review,7561.8,12603,4,docs expired
8027,9990952,879,2024-05-25,Student,99823,701.0,No,Yes,Pending,745.08,887,5,
8028,9991171,588,2023-10-28,Part-Time,48837,791.0,No,No,Approved,1629.6,1940,2,
8029,9992487,515,2023-09-09,Full-Time,25327,680.0,Yes,Yes,Denied,5619.6,6690,3,
8030,9993124,1439,2024-02-11,Part-Time,131463,688.0,No,Yes,Denied,3321.6,3460,4,Flagged for manual review.
8031,9993626,954,2021-03-06,Unemployed,87438,,Yes,Yes,Denied,3580.2,5967,5,Referred by agent.
8032,9995894,1048,,Student,84661,723.0,No,No,Approved,6246.24,8008,1,Co-signer pending review.
8033,9996365,1529,2020-11-01,Unemployed,52172,762.0,No,No,Approved,4369.92,4552,3,Missing bank statements.
8034,9999202,1734,2023-12-26,Retired,152413,594.0,No,Yes,Approved,2606.52,3103,4,Missing bank statements.
8035,9999467,374,,Self-Employed,34200,456.0,No,Yes,Withdrawn,1877.4,2235,4,docs expired
8036,9999889,1627,2023-09-17,Part-Time,192506,608.0,No,No,Under Review,3148.2,5247,4,
