app_id,property_id,app_date,employment_status,income,credit_score,previously_evicted,has_cosigner,approval_status,premium,monthly_rent,tenants,notes
00140,0357,2020-06-14,Retired,129141,,No,No,Denied,5846.40,6090,3,Renewal case.
00339,1135,2024-02-24,Retired,227525,,No,Yes,Approved,2572.80,2680,5,
00664,0438,2022-02-25,Full-Time,163743,745,No,Yes,Approved,2805.60,3340,4,Applicant provided pay stubs.
01365,0557,24/04/2022,Contract,70375,687,No,No,Pending,2134.20,3557,4,Referred by agent.
02528,0038,2021-02-16,Retired,142283,,Yes,Yes,Pending,4979.52,5187,5,Referred by agent.
05110,0483,2020-03-28,Self-Employed,168958,676,No,No,Approved,1337.28,1592,2,Co-signer pending review.
08277,0386,2024-01-29,Student,98060,833,No,Yes,Approved,1518.00,2300,2,Flagged for manual review.
08386,1432,2020-09-18,Unemployed,124900,698,No,No,Under Review,5827.20,6070,4,.
09442,1532,2023-03-05,Full-Time,44834,656,No,No,Denied,2118.48,2716,4,docs expired
10126,0207,2021-11-19,Retired,205761,662,No,Yes,Pending,3986.40,6644,5,n/a
12726,1738,2024-12-25,Part-Time,213156,N/A,No,No,Pending,1776.60,2115,3,docs expired
13509,0200,30/11/2021,Full-Time,205434,,Yes,Yes,Approved,1840.74,2789,1,Referred by agent.
14294,0030,2023-02-13,Unemployed,231909,809,No,No,Approved,2976.96,3101,4,Missing bank statements.
14569,0304,2024-04-29,Unemployed,183128,798,Yes,No,Denied,1251.00,2085,1,docs expired
14590,0071,2022-03-05,Full-Time,135994,448,No,No,Pending,2827.50,3625,3,N/A
16578,0941,2020-10-31,Full-Time,212683,654,Yes,No,Approved,2230.02,2859,3,n/a
17022,1471,2020-07-14,Part-Time,75089,,No,No,Approved,3880.80,4620,3,Applicant provided pay stubs.
20568,1143,13/04/2022,Retired,242708,497,No,No,Denied,2398.08,2498,1,Missing bank statements.
22043,1082,2021-04-17,Part-Time,167814,722,No,No,Denied,913.44,1384,3,Flagged for manual review.
22113,1614,2022-10-27,Full-Time,161093,779,No,Yes,Pending,6505.80,7745,1,Co-signer pending review.
22530,0105,27/12/2022,Unemployed,243086,811,No,No,Withdrawn,4456.92,5714,1,N/A
22927,0858,2021-07-14,Unemployed,6344,657,No,No,Denied,4003.74,5133,2,Missing bank statements.
23053,0587,2024-02-17,Part-Time,97725,447,No,Yes,Pending,5443.20,5670,5,Co-signer pending review.
23531,0623,,Unemployed,59619,770,No,No,Approved,7350.72,7657,2,Applicant follow-up needed
25929,1112,2024-12-31,Student,18094,,No,No,Pending,1285.68,1948,3,Renewal case.
27031,1424,2023-06-17,Student,117184,842,Yes,No,Pending,1940.64,2488,5,N/A
28523,0863,,Contract,129953,729,No,No,Approved,828.96,1256,2,
29155,0117,2021-12-05,Student,67801,726,No,Yes,Denied,1776.06,2691,5,Flagged for manual review.
29469,1502,2020-04-05,Retired,205970,717,No,No,Approved,1761.00,2935,1,N/A
31153,1426,2023-12-11,Retired,239937,552,No,No,Approved,6846.72,7132,5,Missing bank statements.
32569,0960,26/06/2021,Unemployed,135402,659,No,No,Denied,1281.06,1941,2,
33505,1374,2022-08-03,Student,123900,718,Yes,No,Denied,2250.60,3751,5,Renewal case.
39831,0786,2024-04-30,Part-Time,182546,,No,No,Withdrawn,1992.48,2372,4,n/a
40594,1486,2022-07-05,Part-Time,196804,831,No,No,Pending,3932.16,4096,2,Co-signer pending review.
40885,0542,2024-11-16,Retired,79240,730,Yes,Yes,Pending,1566.60,1865,3,Missing bank statements.
42664,0690,2020-12-12,Unemployed,73906,632,No,No,Withdrawn,1048.32,1344,2,Missing bank statements.
42801,1301,2022-06-21,Student,88287,587,No,Yes,Denied,1393.92,2112,5,
42852,0635,2023-07-09,Student,184446,679,No,No,Approved,4816.32,5017,2,.
45209,1679,2020-04-20,Student,155017,628,Yes,No,Withdrawn,3724.56,4434,4,
45214,0745,2022-09-30,Unemployed,184947,773,No,Yes,Approved,3454.44,5234,3,Referred by agent.
47538,0138,2020-07-03,Student,222971,759,No,No,Approved,2119.68,2208,2,Applicant provided pay stubs.
48883,0151,2020-07-15,Full-Time,196831,840,No,No,Approved,2521.86,0,3,Applicant provided pay stubs.
49499,0431,2023-11-03,Self-Employed,88403,358,No,No,Approved,2804.10,3595,1,Applicant follow-up needed
50504,0478,2024-10-09,Contract,48496,N/A,No,Yes,Under Review,2903.04,3024,1,
50983,1624,2024-05-13,Self-Employed,69518,584,No,No,Approved,2680.26,4061,3,n/a
53482,1052,2020-04-17,Full-Time,161542,633,Yes,No,Approved,2710.50,0,3,N/A
56224,1335,2023-06-10,Student,155101,685,No,No,Pending,6277.32,7473,5,Applicant follow-up needed
58428,0177,2023-05-09,Retired,220104,779,No,No,Withdrawn,1509.12,1572,1,
58625,0835,2022-06-25,Part-Time,128630,591,No,Yes,Denied,2509.08,2987,2,.
60529,1755,2023-02-04,Part-Time,41338,834,Yes,No,Approved,1681.20,2802,5,
64113,0317,2022-11-22,Self-Employed,62462,693,No,Yes,Denied,2854.08,2973,1,
65031,0566,28/08/2021,Unemployed,115814,654,No,No,Approved,1177.80,1510,2,n/a
66941,0395,2021-08-23,Contract,190401,733,No,Yes,Denied,2486.40,4144,5,Flagged for manual review.
68766,1461,2022-05-29,Retired,41771,705,Yes,No,Approved,3621.12,3772,1,Applicant provided pay stubs.
70981,0212,2023-07-23,Retired,269787,617,No,Yes,Under Review,1713.60,1785,4,
71141,1637,2020-09-05,Unemployed,242263,693,Yes,No,Approved,2810.40,4684,1,
71283,0571,13/08/2022,Retired,31211,725,No,No,Denied,1703.46,2581,2,
71327,1218,2020-02-21,Contract,229294,782,No,No,Approved,4985.64,7554,4,.
71917,1380,2023-08-23,Self-Employed,169250,808,No,Yes,Approved,8010.24,8344,1,
71995,0478,2021-10-18,Self-Employed,249012,611,No,No,Approved,1814.40,3024,4,N/A
72021,0122,2023-10-26,Student,66703,662,No,Yes,Approved,1247.40,1485,2,Referred by agent.
72452,0843,2021-08-20,Full-Time,96593,697,Yes,Yes,Withdrawn,1117.74,1433,5,N/A
77457,1135,2020-01-04,Retired,158915,696,No,No,Approved,2251.20,2680,5,
77536,1622,2024-01-27,Retired,98912,478,No,Yes,Approved,1770.78,2683,3,Applicant provided pay stubs.
77608,0938,2022-11-06,Retired,157949,788,No,Yes,Approved,3348.00,5580,2,Renewal case.
78835,0135,2022-07-06,Part-Time,38929,731,Yes,Yes,Withdrawn,1298.64,1546,2,Missing bank statements.
78900,1277,2022-01-11,Part-Time,132759,624,No,No,Pending,1163.52,1212,3,
79698,1626,,Part-Time,129683,808,Yes,Yes,Approved,3760.68,4477,3,Co-signer pending review.
80054,1108,2023-01-02,Retired,67982,630,No,No,Approved,1906.80,2270,5,Renewal case.
84952,0183,2024-09-16,Full-Time,126775,732,No,No,Pending,6460.44,7691,2,income verified via Plaid
85446,1300,2023-12-12,Unemployed,225455,646,No,Yes,Under Review,3037.44,3616,5,Flagged for manual review.
85917,1054,18/04/2023,Student,88348,656,No,No,Pending,2042.88,2128,5,Referred by agent.
86395,0805,2022-10-21,Full-Time,179372,367,No,Yes,Approved,1257.30,1905,4,n/a
86589,0384,2021-08-06,Student,31675,760,Yes,Yes,Pending,4969.38,6371,5,.
88929,1531,2020-02-08,Full-Time,208788,618,No,Yes,Approved,1610.70,2065,2,n/a
89319,0329,2022-06-26,Contract,153876,733,Yes,No,Approved,1874.40,2840,3,docs expired
91589,1600,2021-12-11,Unemployed,163765,,No,Yes,Pending,1850.94,2373,2,Referred by agent.
93901,0506,2023-12-09,Part-Time,45964,608,No,No,Approved,1315.08,1686,3,Renewal case.
97465,0493,2021-07-09,Self-Employed,154533,537,Yes,Yes,Pending,6987.12,8318,3,
98074,0160,21/04/2023,Self-Employed,40504,781,No,No,Denied,894.60,1065,3,Applicant provided pay stubs.
98331,0599,2022-05-19,Retired,286252,672,No,No,Approved,923.34,1399,2,Referred by agent.
98763,1094,2020-08-22,Part-Time,85053,711,No,No,Denied,1433.88,1707,2,Applicant provided pay stubs.
99221,1237,2021-03-24,Full-Time,164591,814,No,No,Approved,932.88,1196,4,N/A
99521,1451,2021-08-06,Retired,164566,681,No,Yes,Denied,3500.28,4167,1,Applicant provided pay stubs.
101283,1067,2022-04-19,Contract,123836,691,Yes,Yes,Denied,1911.36,2896,3,n/a
102129,0020,2022-12-04,Full-Time,39954,605,No,Yes,Denied,4233.60,5040,4,Referred by agent.
102888,1448,2024-01-17,Self-Employed,21282,709,Yes,No,Denied,1903.44,2884,5,Renewal case.
103039,0145,2021-03-21,Unemployed,184496,830,Yes,No,Approved,520.80,868,4,.
104681,0031,2021-03-18,Part-Time,59925,,No,Yes,Under Review,3008.88,3582,1,docs expired
108314,1242,31/10/2024,Student,253626,825,No,Yes,Denied,3026.52,3603,3,Missing bank statements.
110697,1725,2021-09-10,Self-Employed,254073,799,No,Yes,Approved,8069.76,8406,3,Renewal case.
111153,0043,2024-08-05,Self-Employed,63750,609,No,Yes,Approved,2569.32,3294,1,N/A
112052,1495,2021-09-19,Self-Employed,87224,633,No,Yes,Approved,4537.26,5817,5,Applicant provided pay stubs.
113063,0004,22/12/2024,Self-Employed,51665,,No,No,Under Review,1454.04,1731,5,n/a
113191,1565,2022-07-04,Retired,197044,,No,No,Approved,3370.08,4012,2,Missing bank statements.
113530,1024,2024-11-29,Full-Time,222537,653,Yes,No,Approved,953.04,1444,2,Applicant provided pay stubs.
113555,0011,31/01/2020,Self-Employed,21950,835,No,Yes,Under Review,3956.70,5995,4,
117487,1229,2022-12-25,Retired,234431,832,No,No,Pending,6237.00,9450,2,
118720,1048,2021-08-02,Self-Employed,318849,778,No,No,Denied,4804.80,8008,3,docs expired
120737,0193,2022-01-04,Full-Time,169945,811,No,Yes,Under Review,1707.42,2189,3,Flagged for manual review.
125960,0650,2020-09-03,Full-Time,136835,725,No,No,Denied,1384.50,1775,2,Missing bank statements.
126094,1447,22/07/2023,Contract,197756,778,No,Yes,Approved,1154.88,1203,4,Renewal case.
126356,1400,15/05/2020,Contract,118769,745,No,No,Withdrawn,3766.56,4484,3,Applicant provided pay stubs.
126975,0572,2021-07-29,Self-Employed,213192,580,No,No,Under Review,1014.00,1300,3,Flagged for manual review.
126996,0187,,Student,137349,631,No,Yes,Approved,3682.56,3836,1,docs expired
128305,1368,,Full-Time,207100,733,No,No,Denied,2045.34,3099,4,n/a
129108,0109,19/03/2020,Retired,81159,655,No,Yes,Under Review,1184.04,1794,4,Flagged for manual review.
129591,1115,14/07/2021,Student,227905,651,No,No,Pending,3333.96,3969,4,N/A
131131,1321,2024-04-09,Retired,239168,509,No,Yes,Approved,2275.56,2709,3,Flagged for manual review.
131136,0229,2023-06-03,Full-Time,93093,401,No,No,Denied,1559.58,2363,1,Flagged for manual review.
132652,0218,2021-07-30,Contract,28471,809,No,Yes,Denied,2470.38,3743,2,N/A
132917,0092,2020-09-18,Part-Time,67954,484,Yes,Yes,Approved,2086.92,3162,5,.
133333,1253,2023-06-13,Self-Employed,141726,387,No,No,Approved,3552.12,5382,1,Referred by agent.
133448,0047,2022-04-23,Retired,145598,758,No,Yes,Pending,5220.48,5438,3,Applicant provided pay stubs.
133824,1788,2023-01-30,Student,101900,661,No,No,Approved,2413.32,2873,3,docs expired
135331,1373,2024-05-06,Part-Time,62578,701,No,No,Denied,712.92,914,1,income verified via Plaid
135394,0544,2022-02-06,Unemployed,141288,621,Yes,Yes,Withdrawn,1678.20,2797,5,N/A
136068,1487,2023-04-14,Student,228101,783,No,Yes,Denied,2588.04,3081,2,
139268,1606,2022-09-26,Part-Time,291216,779,No,Yes,Denied,3695.16,4399,4,Applicant follow-up needed
139886,0294,2020-05-06,Retired,175300,414,No,Yes,Under Review,3264.00,3400,1,Co-signer pending review.
140721,0487,2023-04-11,Student,27828,743,Yes,Yes,Approved,2027.76,2414,1,Missing bank statements.
141484,1630,26/10/2020,Student,150789,722,Yes,Yes,Approved,884.52,1134,2,Missing bank statements.
142441,0044,2022-08-14,Unemployed,65221,,No,No,Approved,6562.92,7813,4,Applicant provided pay stubs.
146250,1722,2024-01-28,Part-Time,204012,595,No,No,Approved,1010.40,1684,3,
147567,1330,2021-05-18,Full-Time,218954,661,No,Yes,Approved,759.00,1265,2,docs expired
147598,0116,2021-03-25,Unemployed,37154,686,No,No,Approved,3159.24,3761,1,
149225,0626,19/11/2024,Retired,100080,726,No,Yes,Approved,1911.36,1991,1,n/a
149420,1395,2024-10-19,Contract,142175,687,No,Yes,Approved,2294.16,3476,5,N/A
150507,1507,2021-03-16,Unemployed,278141,790,No,Yes,Denied,2498.16,2974,3,N/A
151498,0501,2021-02-27,Contract,46250,712,No,Yes,Approved,969.54,1469,2,
152406,0669,2023-07-22,Retired,236654,660,No,Yes,Pending,530.64,804,5,n/a
152599,0827,2024-06-13,Contract,70668,794,No,No,Withdrawn,2832.72,4292,2,docs expired
157105,0411,2022-07-05,Full-Time,214343,719,No,Yes,Approved,979.20,1020,5,income verified via Plaid
157323,0908,2021-07-22,Full-Time,125073,716,No,No,Approved,4617.60,4810,2,Applicant follow-up needed
157703,0930,26/08/2024,Unemployed,206267,613,No,No,Approved,2563.08,3286,4,n/a
157864,1791,2024-04-20,Part-Time,181970,714,No,Yes,Approved,3003.00,3575,1,Referred by agent.
159508,0549,2023-03-15,Full-Time,170052,770,Yes,No,Approved,1958.88,2968,3,docs expired
160038,0934,2020-12-03,Part-Time,179512,685,No,Yes,Approved,1213.08,1838,1,Missing bank statements.
160793,0503,2020-12-15,Full-Time,129847,675,No,No,Denied,3263.52,4184,4,Referred by agent.
169687,0118,,Retired,46981,586,No,Yes,Pending,4216.80,7028,3,.
169720,1071,2023-04-13,Self-Employed,223541,787,No,Yes,Approved,3295.68,3433,5,docs expired
170238,0413,19/03/2022,Part-Time,191032,692,No,Yes,Approved,6230.40,6490,3,Missing bank statements.
170623,0840,2022-01-30,Unemployed,165418,377,No,No,Denied,2169.18,2781,1,Referred by agent.
172144,0760,2023-05-21,Contract,98418,700,No,Yes,Denied,1201.86,1821,1,
175215,1385,2024-04-12,Retired,155826,347,Yes,No,Approved,865.20,0,1,.
175514,0690,2021-01-10,Contract,137620,594,No,Yes,Approved,1290.24,1344,3,N/A
180649,0074,2023-08-24,Self-Employed,776000,798,No,Yes,Denied,9555.84,9954,1,Co-signer pending review.
183217,1188,2022-10-04,Part-Time,209218,662,Yes,No,Approved,7519.20,12532,5,Applicant follow-up needed
185677,0755,2021-06-04,Unemployed,268437,644,No,No,Withdrawn,3675.60,6126,2,Applicant follow-up needed
186316,0389,,Unemployed,19113,797,No,Yes,Under Review,4840.08,5762,3,.
186324,1713,2022-06-03,Retired,92115,,No,No,Approved,5485.92,8312,1,docs expired
186643,1345,2022-08-11,Student,137004,693,Yes,No,Denied,3549.84,4226,1,
189700,0933,2023-07-20,Full-Time,223286,570,No,No,Approved,1033.20,0,1,Flagged for manual review.
191503,1434,2024-11-01,Full-Time,83961,317,No,No,Approved,6736.32,7017,3,Flagged for manual review.
192095,1597,2022-01-19,Unemployed,160716,781,No,Yes,Denied,1317.36,0,4,
194002,1512,2020-01-25,Student,119230,470,No,Yes,Denied,2441.88,2907,1,
197710,0890,2020-05-13,Part-Time,190231,508,Yes,Yes,Pending,7708.14,11679,4,.
200029,0588,2022-08-03,Student,56100,647,No,No,Pending,1862.40,1940,5,Renewal case.
202117,1171,2021-12-07,Part-Time,170559,539,No,No,Approved,1850.52,2203,5,n/a
203006,0985,2024-07-28,Student,187424,,No,No,Approved,1455.72,1733,2,N/A
203441,1294,2022-05-16,Unemployed,102257,623,No,Yes,Denied,1883.28,2242,3,Applicant follow-up needed
204376,1611,2023-10-05,Part-Time,180679,,No,No,Approved,4625.04,5506,1,docs expired
204793,0373,2024-09-01,Retired,132365,,Yes,No,Denied,4920.00,8200,5,docs expired
204948,0782,2021-02-19,Retired,101280,826,No,No,Approved,2185.92,3312,1,Referred by agent.
205143,0669,2020-05-05,Student,188629,605,Yes,No,Approved,771.84,804,1,Flagged for manual review.
205513,1004,2022-05-31,Student,829000,,No,Yes,Pending,5247.36,5466,3,N/A
205792,0879,30/01/2023,Part-Time,126864,713,Yes,No,Denied,532.20,887,2,Missing bank statements.
207068,1250,2022-09-05,Unemployed,204948,815,No,No,Withdrawn,3649.92,3802,1,Applicant provided pay stubs.
207263,1612,30/07/2021,Retired,215022,807,No,Yes,Pending,2043.84,2129,5,n/a
212326,0919,,Retired,233799,,No,Yes,Denied,773.64,921,2,Applicant follow-up needed
212669,0635,2020-08-15,Retired,91293,825,No,Yes,Approved,4214.28,5017,4,Missing bank statements.
214269,0848,2023-01-31,Full-Time,177616,824,No,No,Approved,4599.66,5897,5,
215127,1284,2020-01-28,Contract,33538,746,No,Yes,Denied,4358.64,5588,1,n/a
219335,0038,2022-03-25,Retired,154696,829,No,No,Approved,4979.52,5187,1,Renewal case.
221359,1788,2023-07-04,Full-Time,194479,804,Yes,Yes,Approved,2413.32,2873,3,Renewal case.
221969,0043,2021-10-23,Full-Time,25380,678,No,Yes,Pending,1976.40,3294,4,income verified via Plaid
223016,1291,2020-09-29,Student,74488,736,No,Yes,Approved,1584.60,2641,4,Missing bank statements.
225310,0255,2023-11-06,Retired,62774,606,No,Yes,Approved,3070.20,3655,5,Renewal case.
227834,1753,2022-11-15,Self-Employed,212336,630,Yes,Yes,Approved,2368.32,2467,1,Co-signer pending review.
228132,1284,28/07/2020,Retired,118348,714,No,No,Denied,5364.48,5588,1,Renewal case.
229894,1687,27/09/2020,Contract,183647,793,No,Yes,Denied,2169.00,3615,1,Applicant provided pay stubs.
230456,0290,2024-10-22,Part-Time,183195,844,Yes,No,Denied,1294.80,1660,2,Missing bank statements.
231389,0737,2020-02-21,Retired,175859,720,No,No,Approved,2811.60,4260,1,Referred by agent.
231613,1369,2023-12-26,Part-Time,152615,,No,No,Under Review,1002.60,1671,2,.
233008,0543,27/06/2020,Unemployed,25291,642,Yes,Yes,Denied,1492.80,2488,3,Flagged for manual review.
234490,0634,2023-02-01,Self-Employed,90908,672,No,Yes,Approved,1204.56,1434,1,n/a
235005,1586,2021-06-02,Student,206049,740,No,No,Pending,3695.34,5599,4,n/a
237584,0333,2021-03-12,Unemployed,58707,,Yes,No,Denied,831.00,1385,2,
237842,0170,23/02/2024,Contract,180039,807,No,No,Denied,4109.76,4281,5,
238008,0644,2020-02-10,Full-Time,9272,397,Yes,No,Approved,3450.24,3594,4,Applicant provided pay stubs.
238340,0749,2024-08-30,Unemployed,103912,524,No,No,Denied,2650.56,2761,5,Flagged for manual review.
238672,1766,2021-07-09,Unemployed,49567,686,No,Yes,Approved,4246.20,5055,1,
240192,0221,15/02/2023,Full-Time,91533,581,Yes,Yes,Approved,2997.12,3122,4,Referred by agent.
243152,1578,2020-12-27,Unemployed,119685,816,No,Yes,Denied,5772.48,6872,2,N/A
245293,0804,2023-09-24,Retired,90190,797,Yes,Yes,Withdrawn,1894.20,3157,3,Referred by agent.
245728,0161,2023-06-17,Part-Time,205277,495,No,Yes,Denied,2403.60,4006,2,n/a
246025,0200,2024-04-26,Unemployed,224514,,No,No,Denied,2342.76,2789,4,income verified via Plaid
246932,0963,2023-01-07,Part-Time,78716,798,No,Yes,Approved,572.22,867,3,
247453,0510,2024-01-18,Unemployed,44144,762,No,No,Denied,1168.80,1948,4,Applicant follow-up needed
247865,0312,2024-06-26,Self-Employed,221474,N/A,No,Yes,Pending,4027.20,4195,2,income verified via Plaid
249173,1690,2023-12-14,Unemployed,169258,784,No,Yes,Approved,1349.40,2249,5,docs expired
249994,1712,27/10/2023,Self-Employed,30860,693,No,No,Pending,1038.60,1731,5,.
250164,1021,2022-01-22,Full-Time,156700,691,No,Yes,Approved,1992.54,3019,4,Applicant provided pay stubs.
251694,1054,2020-04-27,Retired,120540,406,No,No,Approved,1659.84,2128,1,Applicant provided pay stubs.
252094,1298,2024-10-07,Student,76932,772,No,Yes,Approved,884.40,1340,5,.
253498,1354,2022-12-22,Self-Employed,91915,357,No,No,Approved,1742.16,2074,2,N/A
255712,0208,2023-09-10,Student,78063,698,No,Yes,Denied,511.80,853,1,Missing bank statements.
256787,0514,2021-11-09,Part-Time,149344,,No,No,Withdrawn,721.50,925,4,N/A
258034,0153,30/04/2023,Retired,98135,701,No,No,Pending,2938.98,4453,3,N/A
258195,1266,2023-06-13,Self-Employed,42903,772,Yes,Yes,Approved,1062.72,1107,1,Referred by agent.
258323,1258,2020-11-04,Contract,212085,693,No,No,Denied,1644.48,1713,2,N/A
258711,1558,2023-01-23,Unemployed,115730,683,No,No,Approved,5439.84,6476,1,income verified via Plaid
262313,1539,2023-07-07,Student,125977,N/A,No,No,Pending,5910.96,8956,3,n/a
262363,1182,2021-08-22,Part-Time,225082,749,Yes,No,Denied,3230.04,4894,5,Renewal case.
262735,0478,2023-06-28,Contract,246624,693,No,No,Denied,1814.40,3024,5,
263955,0023,22/11/2024,Unemployed,180743,743,Yes,No,Approved,3488.64,3634,2,income verified via Plaid
264931,1432,2021-02-13,Student,73026,303,No,Yes,Under Review,4734.60,6070,5,Applicant follow-up needed
268250,0499,2024-05-24,Contract,235520,823,Yes,Yes,Denied,2050.80,3418,4,.
268839,1766,2023-08-29,Contract,8224,,No,Yes,Withdrawn,3033.00,5055,2,Referred by agent.
269168,0115,2024-08-15,Self-Employed,199273,588,Yes,No,Approved,4587.84,4779,2,docs expired
272816,1304,2024-07-16,Full-Time,226472,796,No,No,Approved,7522.68,11398,5,N/A
272865,0813,2023-09-28,Retired,80098,613,Yes,Yes,Denied,1809.60,2320,4,
275265,0594,2023-12-15,Self-Employed,37781,524,No,Yes,Under Review,1803.60,3006,3,n/a
275595,0996,2022-12-01,Retired,201691,824,No,No,Approved,5286.96,6294,2,N/A
276409,1117,2022-02-27,Retired,27368,701,No,Yes,Under Review,3110.40,3240,3,.
278318,1472,2021-12-19,Contract,120755,606,Yes,Yes,Approved,5756.52,6853,5,Missing bank statements.
278901,1255,,Contract,114422,,No,No,Approved,5635.50,7225,1,N/A
281782,1422,2020-01-23,Unemployed,182240,671,No,No,Approved,2176.32,2267,1,Missing bank statements.
282101,1310,23/04/2024,Unemployed,184488,686,No,No,Denied,2971.80,3810,3,.
285699,1033,2021-04-20,Unemployed,56122,690,No,No,Approved,2732.16,2846,5,Renewal case.
285858,0953,2022-08-18,Full-Time,55729,768,No,No,Withdrawn,2818.20,4270,1,Missing bank statements.
286087,0851,2023-05-10,Unemployed,173978,776,Yes,No,Denied,1533.48,1966,4,income verified via Plaid
286096,0834,2023-09-11,Part-Time,107164,751,No,Yes,Approved,982.80,1260,5,n/a
286739,0322,14/01/2024,Student,88367,782,No,Yes,Denied,3458.28,4117,4,Applicant follow-up needed
288981,1364,2021-06-06,Unemployed,7838,766,Yes,No,Approved,4536.84,5401,1,n/a
289080,0617,2022-11-06,Part-Time,83159,619,No,No,Approved,1960.80,3268,4,Renewal case.
289530,0497,31/07/2022,Unemployed,180367,694,No,No,Denied,2233.44,3384,1,
289739,0234,2024-03-22,Self-Employed,60772,593,No,No,Approved,2517.24,3814,5,Missing bank statements.
291638,0759,2021-01-01,Contract,316338,790,Yes,Yes,Denied,4716.60,7861,4,Referred by agent.
292528,0229,2020-04-26,Contract,164893,740,No,No,Denied,1559.58,2363,5,Co-signer pending review.
297383,0935,27/02/2024,Self-Employed,176507,391,No,Yes,Denied,2325.84,3524,1,Missing bank statements.
297733,0863,2020-08-14,Unemployed,153995,,No,No,Denied,1205.76,1256,3,n/a
299364,0483,14/12/2024,Full-Time,172850,679,No,Yes,Denied,1528.32,1592,2,
300771,1155,2023-01-14,Retired,46810,637,Yes,Yes,Pending,1850.88,1928,2,Flagged for manual review.
300779,1315,2024-07-22,Student,133042,N/A,No,No,Pending,670.80,1118,2,Co-signer pending review.
301694,0898,2023-08-09,Full-Time,237949,829,No,No,Approved,1209.00,2015,3,Renewal case.
302965,1789,2023-07-16,Full-Time,44713,,No,No,Approved,2348.58,3011,3,Renewal case.
303769,0493,2020-12-24,Unemployed,179711,778,Yes,Yes,Approved,6987.12,8318,1,Flagged for manual review.
304245,1424,2022-07-30,Student,159174,767,No,Yes,Under Review,1940.64,2488,3,Flagged for manual review.
305750,0777,2020-04-05,Part-Time,117523,607,No,No,Approved,1860.30,2385,4,Applicant follow-up needed
305930,1245,2022-01-09,Self-Employed,185247,737,No,No,Pending,2088.24,3164,5,Applicant provided pay stubs.
306014,0690,2024-07-14,Unemployed,203962,N/A,No,Yes,Pending,887.04,1344,4,N/A
308382,1558,2023-10-17,Unemployed,204870,729,No,No,Approved,4274.16,6476,1,
309024,1718,29/05/2022,Unemployed,158015,,No,No,Under Review,1702.08,1773,3,.
309428,0453,2022-11-25,Unemployed,188825,801,No,No,Pending,1313.40,1990,5,
310242,0050,19/05/2023,Unemployed,81538,814,No,No,Denied,4929.12,5868,1,Missing bank statements.
310716,1785,2023-04-05,Retired,105506,,No,Yes,Approved,4646.04,5531,2,
312203,1084,2022-07-21,Unemployed,194248,784,No,No,Denied,1682.52,2003,2,Flagged for manual review.
313244,0185,2022-07-04,Unemployed,76047,806,No,Yes,Approved,3555.24,4558,5,Applicant follow-up needed
315567,0802,2020-06-26,Self-Employed,174747,688,Yes,No,Approved,2784.96,2901,1,.
315753,0819,,Part-Time,4551,,No,No,Denied,4232.64,4409,4,Missing bank statements.
316339,1322,2020-07-07,Part-Time,59890,366,No,No,Pending,2881.32,3694,2,
317030,0836,2020-11-12,Student,223899,777,No,Yes,Pending,2920.50,4425,1,Applicant provided pay stubs.
320659,0058,2023-12-05,Full-Time,206900,N/A,No,Yes,Approved,1064.58,0,4,Missing bank statements.
320823,0935,2023-09-03,Full-Time,88468,784,No,No,Withdrawn,1671.60,2786,2,.
321959,1561,2022-06-25,Full-Time,226668,703,Yes,No,Denied,2524.08,3236,5,Applicant provided pay stubs.
323342,1705,2023-11-17,Unemployed,119633,709,No,Yes,Pending,2477.16,2949,3,Applicant follow-up needed
323390,1089,2024-12-28,Full-Time,251166,581,No,Yes,Under Review,1840.44,2191,1,Referred by agent.
323395,1636,2023-05-03,Full-Time,218891,844,No,No,Approved,11028.48,0,3,Referred by agent.
324271,0935,2020-01-22,Contract,230210,793,No,Yes,Withdrawn,2744.82,3519,4,Missing bank statements.
325774,1529,2021-03-31,Retired,160516,774,No,No,Approved,3550.56,4552,5,n/a
326496,0728,24/05/2024,Full-Time,80668,624,Yes,Yes,Approved,1353.00,2050,3,docs expired
327247,0450,2020-06-22,Full-Time,47956,714,Yes,No,Approved,1341.60,0,2,Referred by agent.
328439,1297,2022-08-01,Retired,52063,781,No,No,Approved,1014.00,1300,3,income verified via Plaid
330969,0030,2020-02-04,Contract,63115,637,Yes,Yes,Approved,2604.84,3101,4,N/A
331714,0980,26/11/2024,Retired,170891,720,No,No,Under Review,1092.96,1656,1,docs expired
331731,1176,,Full-Time,68033,,Yes,No,Approved,1193.28,1808,4,income verified via Plaid
333994,1327,2023-01-29,Self-Employed,15605,347,No,Yes,Denied,1935.00,3225,5,n/a
334707,0851,2024-12-17,Full-Time,77918,749,No,No,Approved,1887.36,1966,2,income verified via Plaid
334724,1131,2020-02-25,Self-Employed,20049,587,Yes,No,Approved,1604.16,1671,1,n/a
336165,0925,2023-04-29,Contract,153347,,No,No,Approved,1831.50,2775,5,Flagged for manual review.
336594,0772,2022-04-19,Unemployed,160270,712,No,Yes,Withdrawn,1692.24,2564,1,Flagged for manual review.
337603,0185,2022-04-05,Part-Time,308384,624,Yes,Yes,Pending,3008.28,4558,4,
337667,0980,2020-05-11,Full-Time,186121,497,Yes,Yes,Pending,1092.96,1656,2,Applicant follow-up needed
341377,1754,25/07/2021,Unemployed,224117,330,No,Yes,Approved,2872.80,4788,4,Referred by agent.
342604,1266,2023-06-16,Full-Time,134650,549,No,No,Approved,863.46,1107,3,Flagged for manual review.
343425,0857,2021-12-13,Student,216361,660,Yes,Yes,Approved,935.40,1559,2,N/A
346782,0518,2023-01-21,Part-Time,178400,818,No,No,Approved,2947.56,4466,3,income verified via Plaid
348951,0347,,Self-Employed,191220,723,No,No,Under Review,2519.16,2999,5,.
350465,0655,30/12/2024,Unemployed,95124,,No,Yes,Approved,2540.34,3849,2,Flagged for manual review.
351224,1187,30/11/2024,Full-Time,278427,805,Yes,No,Denied,2285.64,2721,3,Flagged for manual review.
351584,1737,,Full-Time,45478,757,No,Yes,Under Review,703.20,1172,5,Applicant provided pay stubs.
353082,1706,2024-05-31,Student,43763,664,No,No,Approved,6136.26,7867,5,N/A
354367,0501,2023-05-17,Retired,69296,353,No,Yes,Approved,969.54,1469,5,Renewal case.
354655,0797,2021-03-12,Part-Time,162097,714,No,Yes,Approved,4159.68,0,4,Co-signer pending review.
356158,0946,2024-09-02,Part-Time,163326,401,No,No,Denied,7455.36,7766,2,Flagged for manual review.
356704,0276,23/11/2022,Retired,89707,417,No,Yes,Pending,648.96,832,1,Applicant provided pay stubs.
357150,0483,2022-09-03,Full-Time,88579,740,Yes,Yes,Approved,955.20,1592,5,Referred by agent.
357440,1073,2023-12-22,Unemployed,198656,680,No,Yes,Approved,1271.04,1324,2,income verified via Plaid
357856,1307,2021-03-24,Contract,243594,463,No,Yes,Approved,813.12,1232,1,.
361077,0405,2020-11-08,Student,215852,728,Yes,No,Approved,2051.52,2137,3,docs expired
361202,1257,19/10/2024,Contract,96544,755,Yes,Yes,Denied,791.70,1015,1,
365086,0286,2020-06-19,Self-Employed,107654,,No,Yes,Denied,9918.72,10332,4,Flagged for manual review.
366555,1406,2020-09-11,Contract,64180,830,No,No,Withdrawn,3489.60,3635,2,Referred by agent.
369234,0213,2023-04-05,Self-Employed,260386,810,No,No,Approved,4474.08,5736,4,Missing bank statements.
369689,0716,2022-10-02,Student,185538,773,No,Yes,Pending,1738.80,2898,3,
369702,0146,2022-05-23,Full-Time,211118,770,Yes,No,Approved,1463.22,2217,4,Applicant provided pay stubs.
370286,1629,,Contract,119437,747,No,No,Approved,1609.92,2064,3,Missing bank statements.
373672,0491,2023-07-19,Retired,211144,765,Yes,No,Approved,1570.20,2617,2,.
375483,1796,29/04/2023,Unemployed,81178,790,Yes,Yes,Approved,2809.80,3345,4,N/A
379514,1338,13/12/2023,Full-Time,94202,733,Yes,No,Denied,3279.60,5466,2,docs expired
381496,1660,2023-10-08,Retired,101496,639,No,No,Denied,966.90,1465,2,
387277,1179,26/12/2022,Part-Time,243209,693,Yes,No,Under Review,6191.04,6449,2,Flagged for manual review.
387557,1612,,Self-Employed,142863,692,No,Yes,Approved,1405.14,2129,4,N/A
389097,0502,2021-10-22,Retired,62218,,No,No,Approved,3103.80,5173,4,n/a
389122,1651,2024-10-12,Full-Time,171589,844,Yes,No,Approved,2325.96,2982,4,Flagged for manual review.
389686,0428,2024-10-24,Contract,140855,798,No,No,Approved,852.54,1093,5,docs expired
389990,1097,2022-02-21,Retired,141960,518,No,No,Withdrawn,1453.44,1514,2,Renewal case.
390525,1356,2022-04-19,Self-Employed,37617,762,No,No,Approved,3324.42,5037,3,
392182,1275,2023-03-30,Retired,317738,834,No,No,Approved,3153.60,3285,2,Renewal case.
394342,1769,18/03/2023,Full-Time,154173,614,No,No,Pending,5800.86,7437,2,
396194,1555,2022-08-14,Self-Employed,39854,647,No,No,Under Review,772.20,990,2,.
396359,0758,2023-02-25,Student,245806,333,No,No,Approved,1383.36,2096,2,.
398362,1384,2020-03-03,Self-Employed,145219,703,No,No,Under Review,2758.86,3537,1,Applicant follow-up needed
400692,1139,2020-11-02,Retired,196488,791,No,No,Pending,4050.60,6751,2,
401091,1597,2020-07-10,Retired,25163,580,No,No,Approved,1317.36,1996,4,Referred by agent.
403674,0845,2021-05-02,Contract,157450,367,No,Yes,Withdrawn,5021.52,5978,1,Co-signer pending review.
403909,0509,2023-11-22,Self-Employed,39699,839,No,Yes,Denied,1434.24,1494,2,N/A
405975,0628,2020-08-23,Student,168631,633,No,No,Denied,4302.72,4482,3,Renewal case.
406340,0774,2020-05-28,Part-Time,91443,778,Yes,No,Under Review,3072.42,3939,2,income verified via Plaid
409446,0798,,Part-Time,58689,670,No,Yes,Approved,2875.86,3687,5,income verified via Plaid
410745,1448,2022-02-24,Self-Employed,36259,662,No,No,Approved,2422.56,2884,1,Missing bank statements.
411283,1249,2022-09-01,Self-Employed,245016,836,No,Yes,Denied,3152.16,4776,2,income verified via Plaid
411712,0942,2021-12-09,Part-Time,215368,783,Yes,Yes,Withdrawn,1263.60,2106,3,N/A
412946,1419,2021-01-12,Self-Employed,147730,671,No,No,Denied,2964.36,3529,4,.
414358,0295,2023-05-25,Part-Time,248774,587,No,Yes,Denied,4067.70,5215,4,Referred by agent.
415822,0490,2020-03-05,Self-Employed,46595,686,No,No,Approved,3524.40,5874,5,.
419745,1538,,Retired,234031,,Yes,Yes,Withdrawn,1444.80,1720,3,n/a
421186,0447,2023-05-08,Retired,245688,803,No,No,Approved,3751.80,4810,2,N/A
421317,0943,30/10/2021,Self-Employed,21034,632,Yes,Yes,Denied,1805.76,1881,5,Flagged for manual review.
423645,1030,2024-09-02,Full-Time,19215,,No,No,Approved,1424.64,1484,2,Missing bank statements.
424390,1188,28/07/2021,Full-Time,197900,692,No,Yes,Under Review,9774.96,12532,5,Flagged for manual review.
424667,0662,27/10/2022,Self-Employed,19111,346,No,No,Denied,1003.86,1521,2,
424679,1608,2024-01-25,Full-Time,66152,718,No,Yes,Pending,2242.50,2875,1,income verified via Plaid
424743,0803,2022-09-02,Contract,95531,683,No,Yes,Approved,8073.60,8410,1,Applicant provided pay stubs.
425534,1095,2020-04-02,Full-Time,55077,650,Yes,Yes,Withdrawn,1458.24,1519,3,Missing bank statements.
425664,0867,,Unemployed,5030,620,No,Yes,Approved,2909.76,3464,3,income verified via Plaid
427707,0834,2020-12-14,Contract,203708,,No,Yes,Approved,1058.40,1260,4,Renewal case.
428510,1766,2022-12-11,Part-Time,174035,768,No,Yes,Denied,4246.20,5055,1,Renewal case.
428781,0841,28/06/2020,Unemployed,238104,,Yes,No,Denied,1976.04,2994,1,n/a
429638,1565,2020-09-08,Part-Time,152322,785,No,Yes,Approved,3370.08,4012,5,n/a
430185,0748,2022-01-06,Part-Time,180780,761,No,Yes,Pending,2442.00,3700,5,Flagged for manual review.
431535,1320,2023-03-20,Retired,105176,653,No,Yes,Denied,3361.20,5602,4,Co-signer pending review.
433422,0538,2022-11-13,Full-Time,162899,632,No,Yes,Approved,2897.16,3449,1,Applicant follow-up needed
433801,1499,2022-09-19,Student,48051,,No,No,Approved,2052.00,3420,4,Missing bank statements.
434594,1637,2021-03-01,Self-Employed,113165,684,No,No,Approved,3934.56,4684,1,
435672,1609,2020-07-09,Full-Time,284157,788,No,Yes,Pending,3796.32,5752,5,Co-signer pending review.
436809,1666,2022-07-01,Part-Time,46802,607,No,Yes,Pending,1011.66,1297,1,Applicant follow-up needed
438917,1587,2024-01-14,Part-Time,187886,331,No,Yes,Approved,2265.60,3776,3,.
439516,1133,2021-04-20,Full-Time,245187,728,No,Yes,Approved,1032.00,1075,3,Flagged for manual review.
440077,1746,2021-09-12,Student,120641,672,No,Yes,Pending,2659.20,2770,1,Applicant provided pay stubs.
440243,1061,2020-10-27,Contract,117201,787,No,Yes,Denied,2056.80,3428,5,
441284,0244,28/11/2022,Self-Employed,251891,663,No,No,Approved,1104.00,1840,5,
443410,0934,2022-06-26,Full-Time,89022,727,No,Yes,Under Review,1213.08,1838,5,Co-signer pending review.
444953,0356,2021-07-19,Full-Time,104129,N/A,Yes,No,Pending,4292.40,7154,4,Missing bank statements.
447276,0122,2023-09-17,Unemployed,321800,,No,Yes,Approved,891.00,1485,2,Applicant follow-up needed
447337,0751,2022-12-07,Retired,170864,849,No,No,Approved,1781.64,2121,2,income verified via Plaid
447441,1191,2020-02-03,Part-Time,68621,732,No,No,Denied,752.40,0,4,docs expired
447716,0931,,Self-Employed,259946,627,No,Yes,Approved,6371.52,6637,3,
448434,1126,2023-04-20,Retired,11004,702,No,Yes,Denied,2720.76,3239,1,Flagged for manual review.
448542,1256,2023-04-10,Retired,193965,672,No,No,Pending,2401.20,0,1,Flagged for manual review.
450253,1237,24/06/2024,Student,222577,796,No,Yes,Approved,1004.64,1196,4,docs expired
450892,1781,2024-08-09,Full-Time,240752,599,No,No,Denied,1548.36,2346,1,n/a
452080,1339,2022-10-04,Student,19621,730,Yes,Yes,Approved,1011.36,1204,3,
454675,1091,2020-06-18,Full-Time,160493,317,No,No,Approved,1483.20,2472,4,N/A
454963,0469,2021-06-12,Contract,179334,849,No,Yes,Approved,4565.40,5435,5,
456218,1592,2023-01-18,Part-Time,31251,,No,Yes,Approved,2776.02,3559,3,N/A
458935,1115,2022-02-09,Unemployed,141273,611,No,Yes,Pending,2619.54,3969,4,Missing bank statements.
459748,1685,2023-02-17,Self-Employed,40016,,No,No,Approved,4208.64,4384,4,Flagged for manual review.
460227,0179,28/09/2023,Contract,192816,713,No,No,Approved,2538.00,4230,3,Renewal case.
462443,1574,2020-12-31,Contract,242263,689,Yes,No,Pending,1201.92,1252,5,N/A
462541,1173,2021-05-11,Self-Employed,111043,696,No,No,Pending,2410.56,2511,4,Applicant follow-up needed
462660,0381,2020-11-04,Contract,29397,,No,No,Under Review,3076.80,5128,3,Renewal case.
465724,0091,2021-12-13,Contract,166416,N/A,No,No,Denied,989.52,0,4,Applicant follow-up needed
468614,0113,21/06/2024,Self-Employed,207687,627,Yes,Yes,Pending,1884.12,2243,1,N/A
468979,1315,2024-02-24,Self-Employed,187599,776,No,Yes,Denied,872.04,1118,2,Co-signer pending review.
469287,0067,2021-06-24,Full-Time,92134,715,Yes,Yes,Approved,3693.36,5596,2,n/a
469855,1644,2024-03-14,Retired,136752,776,No,No,Approved,1423.80,2373,2,Applicant follow-up needed
471392,0885,2021-07-27,Full-Time,64610,737,No,Yes,Approved,1230.90,1865,1,docs expired
471633,0774,2022-04-07,Self-Employed,168551,741,No,No,Pending,3308.76,3939,3,n/a
474975,0477,31/07/2022,Unemployed,205704,723,Yes,Yes,Approved,1109.76,1156,3,n/a
478787,0112,2021-12-10,Contract,62501,745,No,Yes,Approved,3068.34,4649,2,Missing bank statements.
480403,1023,2023-07-28,Contract,140881,680,Yes,Yes,Approved,885.36,1054,2,Applicant provided pay stubs.
481012,0954,2021-10-02,Full-Time,102067,774,No,Yes,Approved,4654.26,5967,4,
481592,0728,2024-03-24,Contract,7068,694,Yes,No,Approved,1968.00,2050,3,Missing bank statements.
482146,0719,24/09/2020,Full-Time,209645,697,No,No,Withdrawn,4767.00,7945,3,Flagged for manual review.
482881,1788,2023-05-30,Student,198496,764,Yes,No,Approved,2413.32,2873,1,docs expired
483057,1675,2022-02-27,Full-Time,176135,714,No,Yes,Pending,1310.76,1986,1,Flagged for manual review.
483450,0969,2023-10-27,Contract,174901,648,Yes,No,Approved,1268.40,1510,5,Flagged for manual review.
484892,1768,2021-11-07,Retired,108800,775,No,No,Approved,3791.76,4514,2,n/a
487024,0710,2020-04-11,Full-Time,176614,812,Yes,Yes,Denied,1297.92,1352,4,income verified via Plaid
487452,1774,2021-09-16,Self-Employed,212465,793,No,No,Approved,909.00,1515,3,Co-signer pending review.
489021,0042,13/07/2023,Part-Time,164072,791,Yes,Yes,Denied,4198.20,6997,2,income verified via Plaid
489617,1162,2024-02-27,Student,167390,,No,No,Approved,2184.84,2601,4,.
489869,1423,,Retired,100899,680,No,No,Approved,5153.28,5368,3,income verified via Plaid
491514,1184,2020-04-27,Student,212461,481,No,No,Approved,6088.68,7806,4,Applicant follow-up needed
492197,0013,2021-09-21,Contract,247835,611,No,Yes,Denied,2726.10,3495,5,Applicant follow-up needed
492404,0489,,Part-Time,48456,683,No,Yes,Approved,1730.40,2060,4,n/a
493812,1688,30/08/2024,Full-Time,212116,746,No,No,Under Review,1971.42,2987,5,n/a
495646,0705,2024-07-03,Full-Time,75187,615,No,Yes,Denied,2045.34,3099,4,Missing bank statements.
497187,0003,2024-05-29,Part-Time,139122,830,No,No,Under Review,1197.84,1426,1,Flagged for manual review.
500217,1703,2020-07-29,Self-Employed,54704,663,No,Yes,Pending,9728.16,12472,2,N/A
500606,0395,21/12/2024,Self-Employed,92161,385,No,Yes,Denied,2735.04,4144,5,docs expired
500658,0163,2020-05-04,Self-Employed,110675,837,No,No,Approved,3305.28,5008,3,docs expired
500990,1189,2021-10-02,Contract,67102,626,No,No,Pending,3337.62,4279,2,
501668,1743,2024-05-10,Contract,88231,683,No,No,Approved,1062.72,1107,3,Applicant provided pay stubs.
502054,0739,2023-11-29,Retired,32119,,Yes,Yes,Approved,2468.70,3165,3,Missing bank statements.
503569,1189,2022-03-12,Unemployed,206787,750,No,No,Denied,2567.40,4279,3,.
504915,1332,2022-03-05,Contract,131255,757,No,No,Denied,2754.18,3531,5,Missing bank statements.
505558,1587,25/08/2024,Contract,146769,,No,No,Denied,2265.60,3776,1,Referred by agent.
505885,1726,2024-08-11,Part-Time,20069,782,Yes,No,Approved,2142.00,3570,1,Referred by agent.
506137,1230,2022-11-22,Self-Employed,234342,793,Yes,No,Approved,2177.28,2592,2,docs expired
506341,1256,,Full-Time,108286,681,No,No,Denied,3841.92,4002,3,
506999,0507,2021-03-08,Student,163758,421,No,Yes,Under Review,680.94,873,1,.
507043,1687,2024-02-17,Full-Time,95924,791,No,No,Approved,3036.60,3615,2,income verified via Plaid
509012,1114,2022-06-20,Retired,227641,762,No,Yes,Pending,1861.20,3102,4,Renewal case.
511121,0658,2020-05-11,Self-Employed,218084,743,No,No,Pending,2648.88,3396,2,Renewal case.
511261,0105,18/09/2024,Unemployed,149578,737,No,No,Denied,4456.92,5714,4,
511564,0470,2024-07-07,Full-Time,288263,838,No,Yes,Approved,4856.28,0,5,docs expired
514226,1116,2022-02-15,Full-Time,114231,774,Yes,Yes,Under Review,4373.04,5206,1,n/a
514536,0635,2023-12-20,Unemployed,130925,792,No,Yes,Under Review,3311.22,5017,4,n/a
514592,0025,2021-06-05,Full-Time,20426,774,No,No,Approved,7318.08,7623,4,
516065,1076,2020-11-23,Student,26023,716,No,No,Approved,2484.72,2958,4,Applicant provided pay stubs.
516182,0588,2024-12-01,Contract,205298,768,No,Yes,Approved,1862.40,1940,3,n/a
517120,1261,2023-04-26,Part-Time,193029,740,No,Yes,Approved,1038.18,1573,1,N/A
517144,0495,2021-06-11,Unemployed,39670,701,No,No,Under Review,1598.40,1665,2,Missing bank statements.
519514,1193,2021-09-09,Student,15604,769,No,No,Pending,4093.32,4873,3,Missing bank statements.
522992,0663,20/02/2024,Unemployed,178985,535,Yes,No,Under Review,1679.70,2545,3,Renewal case.
524170,1412,31/12/2020,Student,169704,703,No,No,Pending,1516.80,1580,2,income verified via Plaid
524748,0073,2022-09-02,Part-Time,226211,663,No,Yes,Approved,3187.08,4086,1,N/A
524988,1137,2024-10-30,Part-Time,274515,794,No,Yes,Denied,789.00,1315,1,Applicant follow-up needed
525069,0414,2020-12-10,Part-Time,239780,510,Yes,Yes,Pending,2018.40,3364,4,docs expired
525619,0579,2020-07-05,Contract,95018,608,No,No,Under Review,4918.20,5855,3,Renewal case.
527109,1387,2020-08-11,Retired,234414,586,No,No,Under Review,1669.98,2141,3,Missing bank statements.
527125,1426,2022-03-24,Student,91395,769,No,Yes,Denied,4279.20,7132,2,Applicant provided pay stubs.
528819,0308,25/08/2024,Self-Employed,227905,778,No,Yes,Approved,2894.10,4385,5,income verified via Plaid
530388,0316,,Student,33136,819,No,No,Approved,2156.28,2567,1,
531250,1733,2023-02-06,Unemployed,90104,794,No,No,Pending,6395.40,10659,5,N/A
533516,0156,25/01/2022,Self-Employed,132102,,Yes,Yes,Approved,3343.86,4287,5,Flagged for manual review.
533614,0617,2024-02-28,Self-Employed,88055,733,No,Yes,Denied,2156.88,3268,1,n/a
535525,0029,2020-07-15,Student,276594,606,No,No,Under Review,2286.18,2931,5,
535614,0336,2022-01-21,Self-Employed,183771,690,No,No,Denied,1407.78,2133,1,n/a
535716,0960,2024-06-22,Self-Employed,288401,641,Yes,No,Under Review,1164.60,1941,3,.
537751,0994,2020-02-29,Self-Employed,221899,817,No,Yes,Approved,1632.00,1700,3,Renewal case.
538926,1764,2021-02-26,Full-Time,226943,444,No,No,Approved,3289.20,5482,5,Flagged for manual review.
546767,0634,2021-05-28,Contract,218772,754,No,No,Approved,1376.64,1434,4,
546882,0610,2023-10-23,Self-Employed,158315,504,No,Yes,Approved,1298.40,2164,5,
547218,0466,2021-09-02,Full-Time,118414,486,No,No,Approved,2835.00,3375,2,n/a
549484,0348,2020-02-03,Unemployed,129988,819,No,Yes,Pending,6892.08,8836,4,
549894,0896,2021-07-14,Student,24805,641,No,Yes,Pending,5644.86,7237,5,Missing bank statements.
556441,1698,2023-07-16,Part-Time,75531,673,No,No,Approved,1889.58,2863,1,
556736,1422,2024-04-09,Unemployed,61414,,No,Yes,Denied,1904.28,2267,1,Applicant follow-up needed
556990,1216,2020-11-05,Student,197813,795,No,Yes,Denied,1414.38,2143,1,docs expired
558059,1606,2023-04-05,Retired,62081,424,No,No,Withdrawn,2639.40,4399,4,Co-signer pending review.
558477,0168,2023-05-29,Contract,156262,,No,Yes,Denied,1416.24,1686,4,
559734,0644,2021-07-01,Part-Time,161723,712,Yes,Yes,Approved,2803.32,3594,4,Applicant follow-up needed
559859,0304,2020-06-29,Full-Time,98816,,No,No,Approved,1376.10,2085,1,Co-signer pending review.
562357,0586,2021-07-26,Retired,27693,818,No,No,Under Review,1471.68,1533,4,Applicant provided pay stubs.
562371,0517,2021-08-09,Retired,144242,729,No,No,Denied,3165.00,5275,4,Missing bank statements.
563597,1136,2023-04-17,Self-Employed,20829,788,Yes,No,Approved,3505.32,4173,1,N/A
564549,0740,,Full-Time,36175,N/A,No,No,Pending,1777.38,2693,2,
565813,0699,2024-02-22,Self-Employed,201956,N/A,No,No,Approved,2600.40,3940,2,Applicant provided pay stubs.
566851,0414,2024-04-07,Self-Employed,189540,594,Yes,Yes,Approved,2623.92,3364,1,Renewal case.
567505,0119,2022-11-30,Full-Time,131026,759,No,Yes,Approved,3161.40,4790,5,Renewal case.
567604,0369,2021-01-31,Part-Time,117083,699,No,No,Denied,1358.28,1617,1,N/A
567925,1668,2023-05-01,Part-Time,246496,799,No,No,Approved,5005.56,5959,5,N/A
571471,1091,30/01/2021,Self-Employed,58930,794,No,Yes,Pending,1483.20,2472,2,Flagged for manual review.
576753,0463,2021-07-10,Full-Time,38463,834,No,Yes,Approved,3456.00,3600,5,Applicant provided pay stubs.
577095,0221,2022-10-05,Student,183641,752,No,No,Denied,2622.48,3122,2,Referred by agent.
577199,0978,2021-07-28,Part-Time,151575,694,No,Yes,Approved,1211.52,1262,5,Flagged for manual review.
577749,0415,2024-04-18,Contract,193639,785,No,No,Pending,854.28,1017,4,Missing bank statements.
581268,1491,14/04/2022,Student,204393,768,No,Yes,Withdrawn,1147.80,1913,3,Renewal case.
584552,0798,2024-02-01,Part-Time,25273,777,No,No,Approved,1887.00,3145,3,
584610,1493,2023-12-08,Retired,211016,303,No,Yes,Approved,2821.44,2939,1,Co-signer pending review.
586108,1538,2020-01-31,Self-Employed,46351,,No,Yes,Pending,1135.20,1720,1,Applicant follow-up needed
588558,0465,15/09/2024,Self-Employed,103777,,No,No,Approved,1476.54,1893,3,Missing bank statements.
588775,1371,2020-11-17,Self-Employed,176103,653,No,No,Approved,3318.00,3950,4,income verified via Plaid
590144,0173,2020-04-18,Full-Time,135518,807,No,No,Approved,2128.62,2729,3,
590951,0207,2022-01-16,Part-Time,55289,801,No,Yes,Denied,5580.96,6644,1,Applicant provided pay stubs.
591998,0565,2020-05-09,Part-Time,102124,698,No,No,Withdrawn,1486.08,1548,5,
594081,0102,2022-03-20,Self-Employed,60747,837,No,No,Approved,1909.38,2893,5,Flagged for manual review.
594320,1524,2023-01-23,Self-Employed,200253,752,No,Yes,Denied,1680.00,2800,5,Referred by agent.
594400,0887,27/05/2023,Retired,172397,718,Yes,No,Approved,3043.80,5073,1,Applicant provided pay stubs.
598953,1025,2020-05-05,Part-Time,133613,N/A,No,No,Approved,2778.00,4630,5,Renewal case.
601873,1502,2021-08-06,Unemployed,102126,734,No,No,Denied,2465.40,2935,1,
602927,0144,2020-06-23,Self-Employed,221764,708,No,No,Under Review,5592.72,6658,1,Flagged for manual review.
603863,0709,2020-12-16,Self-Employed,19806,688,No,Yes,Approved,1809.60,1885,3,.
604199,1370,2020-05-17,Student,248670,701,No,Yes,Withdrawn,1236.48,1472,3,
604458,0725,2022-03-27,Part-Time,193343,502,No,No,Pending,934.80,1558,4,Flagged for manual review.
606036,1080,2022-10-05,Full-Time,95073,675,No,No,Pending,2410.20,4017,5,Applicant provided pay stubs.
607670,0944,28/12/2023,Student,81177,653,Yes,Yes,Denied,1331.40,1585,2,N/A
612109,0843,2021-05-20,Full-Time,222275,793,No,Yes,Denied,859.80,1433,1,Missing bank statements.
613827,0846,2020-04-06,Contract,49192,597,Yes,No,Pending,1541.40,1835,2,Co-signer pending review.
614025,1130,2020-12-21,Full-Time,191205,,No,No,Denied,3369.60,5616,5,Renewal case.
615362,1570,2024-10-28,Part-Time,151959,666,No,No,Pending,1084.38,1643,1,Applicant provided pay stubs.
619588,0701,2024-09-07,Full-Time,183961,782,No,Yes,Under Review,1277.76,1331,5,docs expired
621461,1226,2024-02-06,Unemployed,77889,500,No,Yes,Denied,3095.40,5159,3,Co-signer pending review.
621487,0486,2023-07-04,Self-Employed,76557,705,No,Yes,Pending,2152.08,2562,5,docs expired
621660,1568,2020-10-20,Retired,64402,721,No,No,Withdrawn,3272.40,5454,1,Flagged for manual review.
621844,0672,25/07/2021,Contract,822000,701,No,No,Pending,2143.20,3572,4,Applicant provided pay stubs.
622759,1293,2023-02-08,Full-Time,219643,466,No,Yes,Denied,1481.04,2244,4,income verified via Plaid
625475,1056,2021-11-18,Unemployed,223737,674,No,No,Under Review,896.22,1149,5,n/a
626131,1705,2020-08-12,Retired,140968,748,No,Yes,Denied,1946.34,2949,4,n/a
626767,0804,,Self-Employed,31306,687,Yes,No,Under Review,2083.62,3157,1,.
628701,1698,2024-08-02,Self-Employed,78831,670,No,No,Pending,2233.14,2863,2,Flagged for manual review.
629052,0330,2023-01-17,Contract,46914,743,Yes,Yes,Denied,1872.00,1950,5,Applicant follow-up needed
630882,0372,2023-09-24,Unemployed,155041,634,No,No,Approved,1607.04,1674,3,Flagged for manual review.
632435,0971,2021-10-02,Self-Employed,20478,846,Yes,No,Approved,2133.12,2222,5,Co-signer pending review.
633187,0771,2023-09-05,Full-Time,144737,781,No,No,Approved,1733.40,2889,5,N/A
633278,0637,2024-09-09,Full-Time,20855,730,No,No,Approved,2541.24,3258,1,docs expired
634961,1496,2022-07-28,Full-Time,81762,705,No,Yes,Approved,4898.04,5831,2,Renewal case.
637043,1320,2023-07-14,Contract,135740,,No,No,Approved,4705.68,5602,2,Flagged for manual review.
637117,0753,2022-05-15,Retired,61151,608,Yes,Yes,Denied,2276.40,2710,3,
637274,1318,2021-10-06,Self-Employed,89762,729,No,Yes,Denied,2099.40,3499,1,.
639751,1719,2023-02-17,Part-Time,43524,,No,No,Pending,2354.82,3019,1,Applicant follow-up needed
641462,0176,2022-11-11,Student,238183,806,No,No,Approved,6789.72,8083,5,
643071,1536,2021-01-13,Self-Employed,188203,748,No,No,Under Review,3832.92,4563,5,Applicant follow-up needed
643374,1405,,Unemployed,236858,835,No,Yes,Approved,2377.80,3963,2,income verified via Plaid
647367,1182,2021-12-24,Retired,100070,536,No,No,Pending,2936.40,4894,5,Co-signer pending review.
648773,1418,26/01/2023,Full-Time,130496,787,No,Yes,Approved,3060.48,3188,2,Renewal case.
650549,0934,2024-12-31,Retired,119650,782,Yes,Yes,Pending,1213.08,1838,4,N/A
652132,0742,2024-04-28,Full-Time,83257,816,No,No,Withdrawn,4666.74,5983,3,Applicant provided pay stubs.
652443,1568,21/10/2022,Unemployed,111894,736,No,No,Approved,3599.64,5454,4,Applicant provided pay stubs.
654553,1226,14/08/2021,Student,64765,765,No,Yes,Denied,4333.56,5159,1,Renewal case.
655627,0009,2021-12-16,Part-Time,63790,N/A,No,Yes,Denied,1575.36,1641,1,Applicant follow-up needed
657003,1255,,Part-Time,106379,755,No,No,Withdrawn,4335.00,7225,5,n/a
657070,0605,2021-12-12,Retired,235796,692,No,Yes,Approved,1388.40,2314,4,docs expired
657096,0681,2022-07-05,Self-Employed,295900,503,Yes,Yes,Approved,3936.24,0,2,n/a
657398,1188,2021-06-08,Part-Time,28949,825,Yes,Yes,Approved,8271.12,12532,3,
660146,0408,2021-11-11,Retired,16023,711,No,No,Denied,4767.18,7223,2,
661966,1053,2024-01-07,Part-Time,210806,818,No,No,Denied,1640.40,2734,1,Co-signer pending review.
662877,1667,2024-11-24,Student,214501,626,No,Yes,Approved,2886.60,4811,3,n/a
663119,0149,2024-10-01,Self-Employed,221275,672,Yes,Yes,Approved,1031.40,1719,4,.
668846,0408,2023-07-04,Part-Time,95922,391,No,No,Pending,6934.08,7223,1,income verified via Plaid
669691,0015,2021-12-21,Unemployed,255457,421,No,Yes,Denied,2135.04,2224,4,Applicant provided pay stubs.
671942,0509,2024-04-30,Unemployed,152743,732,Yes,No,Denied,3647.04,3799,5,docs expired
672003,1111,2022-08-01,Unemployed,31123,,Yes,No,Pending,2649.66,3397,2,Co-signer pending review.
673545,0277,2021-09-24,Retired,18426,,No,No,Approved,4063.80,5210,1,Renewal case.
673979,0067,2020-04-17,Part-Time,208470,740,Yes,Yes,Approved,4364.88,5596,1,income verified via Plaid
674345,0006,2022-04-29,Part-Time,142349,630,No,No,Approved,2282.28,3458,1,Co-signer pending review.
675017,1074,2022-08-28,Student,14974,N/A,No,Yes,Approved,3834.48,4916,2,
675032,1258,17/01/2024,Contract,100453,786,No,No,Pending,1130.58,1713,2,Co-signer pending review.
675695,0611,2021-06-03,Contract,178091,768,No,No,Approved,2465.40,4109,5,docs expired
675865,0415,2020-05-10,Contract,249656,627,No,Yes,Withdrawn,976.32,1017,3,Referred by agent.
677027,0356,18/07/2023,Part-Time,58235,669,Yes,No,Denied,6009.36,7154,5,Flagged for manual review.
677091,1730,2022-03-03,Contract,152545,829,No,Yes,Approved,3775.80,4495,1,.
678317,0044,2020-11-10,Retired,96302,625,No,No,Approved,6562.92,7813,3,income verified via Plaid
678402,0667,,Retired,54366,759,No,Yes,Pending,1974.96,2532,5,n/a
679258,1350,2021-09-04,Unemployed,219108,646,No,Yes,Approved,3464.76,4442,1,
679277,1655,,Unemployed,74065,633,No,Yes,Approved,5913.96,7582,5,Flagged for manual review.
680038,0331,2022-10-22,Unemployed,161025,754,Yes,Yes,Approved,1764.48,1838,1,n/a
681789,0612,31/08/2022,Contract,134539,,No,No,Approved,4708.80,7848,3,docs expired
681871,0523,,Part-Time,52428,727,No,No,Approved,2767.80,3295,3,Applicant provided pay stubs.
682241,0060,2021-04-11,Full-Time,200433,701,No,Yes,Denied,766.92,1162,2,Renewal case.
682245,1549,2023-08-24,Contract,58090,580,No,No,Approved,1441.44,1848,2,Applicant follow-up needed
685167,1742,2024-10-19,Retired,19472,687,No,No,Under Review,4241.28,4418,2,Applicant provided pay stubs.
686386,1426,2021-10-15,Contract,99860,806,No,No,Denied,6846.72,7132,5,
687147,1666,,Unemployed,130739,,No,Yes,Approved,1245.12,1297,4,Missing bank statements.
688668,0107,2024-05-03,Student,25420,400,Yes,Yes,Approved,1991.40,3319,3,Co-signer pending review.
689078,0627,2020-05-09,Full-Time,40946,835,No,No,Approved,2708.40,4514,5,docs expired
690795,0715,2023-09-26,Part-Time,248415,790,No,Yes,Denied,1903.68,1983,5,Missing bank statements.
692921,0574,2024-12-06,Retired,223429,809,No,Yes,Under Review,5350.02,6859,1,Applicant follow-up needed
693160,0290,2024-10-16,Self-Employed,119640,691,No,Yes,Approved,1394.40,1660,3,
696908,0603,25/08/2023,Self-Employed,82253,,No,No,Approved,797.28,1208,4,n/a
697848,0165,2024-10-11,Retired,238085,728,No,Yes,Under Review,1387.20,2312,5,Flagged for manual review.
700436,1750,2022-02-07,Full-Time,214536,814,No,No,Denied,5596.80,9328,3,Co-signer pending review.
700722,0931,2022-11-06,Full-Time,164156,787,No,No,Approved,5575.08,6637,3,Referred by agent.
705047,0812,19/09/2023,Contract,239751,,No,No,Denied,2861.76,2981,5,Applicant follow-up needed
705428,0074,2023-09-16,Student,115597,698,No,Yes,Pending,9555.84,9954,5,n/a
707647,0289,2022-01-28,Full-Time,144086,705,No,No,Approved,2845.08,3387,2,
708862,0195,2021-11-17,Unemployed,157180,764,No,Yes,Approved,3570.60,5410,3,Applicant provided pay stubs.
709792,0959,2022-12-20,Student,166897,705,No,No,Denied,5669.76,5906,5,
710492,0041,2020-07-19,Full-Time,120201,589,No,No,Approved,750.60,1251,2,Flagged for manual review.
711204,1340,2024-01-02,Self-Employed,38912,638,No,No,Withdrawn,999.60,1666,4,Applicant provided pay stubs.
711751,0134,2021-06-15,Contract,98022,N/A,No,No,Approved,2438.70,3695,2,Applicant provided pay stubs.
711990,1142,2021-03-23,Full-Time,121119,806,Yes,No,Approved,3949.92,5064,3,N/A
715257,1797,2021-01-08,Retired,30846,553,Yes,Yes,Denied,840.96,876,5,n/a
716248,0286,2023-08-19,Student,246534,702,No,Yes,Denied,9918.72,10332,5,Renewal case.
716945,0566,2021-09-16,Retired,210200,655,Yes,No,Withdrawn,1449.60,1510,2,
717474,0901,2023-01-12,Contract,62131,,No,Yes,Approved,4693.92,5588,1,Referred by agent.
719200,0753,2024-03-14,Retired,118575,793,Yes,No,Denied,2601.60,2710,5,income verified via Plaid
719722,1074,2024-10-28,Self-Employed,141987,623,No,No,Denied,2949.60,4916,1,Applicant provided pay stubs.
720099,0461,2024-10-13,Student,88544,615,No,Yes,Pending,1679.16,1999,2,N/A
721063,0888,2021-12-08,Self-Employed,242022,775,No,No,Denied,3447.18,5223,5,
721512,1644,2020-03-05,Unemployed,224377,,No,No,Approved,1993.32,0,3,N/A
721556,1325,2023-02-01,Part-Time,217908,837,Yes,No,Approved,2735.40,4559,5,N/A
721937,0722,2021-10-03,Part-Time,200866,N/A,Yes,No,Under Review,6539.52,8384,4,Missing bank statements.
723560,1220,2024-10-13,Unemployed,129814,652,No,Yes,Denied,7512.96,0,3,income verified via Plaid
724220,0463,2022-08-06,Self-Employed,238324,622,No,No,Approved,2808.00,3600,2,Missing bank statements.
724714,1635,30/05/2023,Contract,233568,N/A,No,No,Under Review,3644.94,4673,2,Flagged for manual review.
726706,1679,2021-07-13,Self-Employed,133522,835,No,No,Approved,2926.44,4434,4,Applicant follow-up needed
728797,1514,2021-08-05,Self-Employed,248900,727,No,No,Denied,1933.44,2014,4,
732820,1679,27/04/2020,Student,152113,749,No,No,Denied,4256.64,4434,1,Missing bank statements.
735453,1044,2021-02-09,Self-Employed,123196,587,No,Yes,Approved,6220.50,7975,3,.
735955,0950,2022-04-18,Contract,86263,472,No,No,Denied,3972.48,4138,1,Renewal case.
736130,1647,2020-01-27,Student,94289,575,No,No,Approved,5656.56,7252,3,Missing bank statements.
739025,1018,2020-12-28,Student,163246,315,No,No,Denied,5060.88,7668,5,
739219,1499,2022-10-06,Part-Time,173956,729,No,Yes,Pending,1240.20,1590,2,docs expired
739680,0920,2024-05-28,Full-Time,8278,,No,No,Under Review,2880.36,3429,2,Missing bank statements.
739818,0920,2020-10-01,Full-Time,26865,835,No,Yes,Denied,2263.14,3429,3,Applicant provided pay stubs.
740125,1379,2024-08-03,Self-Employed,89268,678,No,Yes,Pending,3821.40,5790,1,Applicant provided pay stubs.
743333,0549,2020-08-28,Unemployed,66163,374,Yes,Yes,Approved,2315.04,2968,3,Flagged for manual review.
743360,1628,2023-03-09,Part-Time,29970,815,No,No,Approved,4589.52,5884,5,income verified via Plaid
743784,0049,,Part-Time,246303,606,No,No,Denied,3568.32,3717,2,Referred by agent.
744027,0663,2021-01-12,Student,33525,772,No,Yes,Denied,1527.00,2545,2,income verified via Plaid
747348,0296,2023-05-20,Contract,33397,785,Yes,No,Approved,626.40,1044,1,Co-signer pending review.
748316,1733,2024-02-11,Retired,245632,819,Yes,Yes,Approved,7034.94,10659,5,
748984,1309,2023-07-19,Part-Time,204679,599,No,Yes,Denied,1120.56,1334,4,N/A
749139,1018,2024-02-14,Retired,118825,639,Yes,Yes,Withdrawn,4600.80,7668,3,Flagged for manual review.
750559,1430,17/03/2020,Self-Employed,57678,803,No,Yes,Approved,1027.80,1713,5,n/a
753284,1664,2022-06-04,Unemployed,143957,690,No,No,Denied,2670.72,3424,2,Renewal case.
753351,0195,2022-09-09,Retired,219207,627,No,No,Denied,4219.80,5410,4,
754906,1767,2020-09-25,Unemployed,114960,678,No,Yes,Pending,3382.68,4027,5,
755518,0520,2021-09-04,Self-Employed,83804,588,No,No,Withdrawn,4618.56,4811,4,Co-signer pending review.
757410,0830,2023-06-22,Full-Time,227503,681,No,No,Approved,2148.60,3581,1,Missing bank statements.
758106,0590,,Self-Employed,77816,823,No,Yes,Denied,10007.76,0,2,.
758902,0807,21/09/2021,Retired,216541,772,No,No,Approved,1089.60,1816,5,
759050,1409,2020-07-21,Self-Employed,60290,722,Yes,No,Approved,3155.52,3287,3,n/a
761371,0809,2023-08-28,Contract,93953,762,No,Yes,Denied,1387.20,1445,1,.
763672,0265,26/12/2022,Full-Time,128164,773,No,No,Under Review,1237.86,1587,4,N/A
764743,0570,2021-02-22,Part-Time,316161,782,No,No,Withdrawn,4819.08,5737,3,Missing bank statements.
765911,0779,2023-02-25,Full-Time,175221,696,Yes,Yes,Approved,6808.20,8105,2,Missing bank statements.
767453,0672,2024-12-18,Unemployed,139285,736,No,No,Approved,2357.52,3572,4,Missing bank statements.
770415,1095,25/10/2024,Full-Time,126164,770,Yes,No,Pending,1184.82,1519,1,Applicant provided pay stubs.
770735,1091,2021-08-30,Unemployed,126186,801,No,Yes,Denied,2373.12,2472,3,Referred by agent.
771161,1769,2021-08-29,Full-Time,109038,675,No,Yes,Under Review,4462.20,7437,5,income verified via Plaid
771539,0454,2020-01-20,Full-Time,157278,841,No,No,Under Review,2157.12,2568,3,n/a
772410,1070,2020-02-23,Student,18264,717,No,No,Denied,774.48,922,3,Applicant provided pay stubs.
774461,1706,2020-11-01,Self-Employed,187684,455,No,No,Pending,6608.28,7867,1,Applicant follow-up needed
775724,0407,2021-08-18,Part-Time,9715,840,Yes,Yes,Approved,844.20,1407,2,Flagged for manual review.
776505,1529,,Contract,32693,664,Yes,Yes,Approved,4369.92,4552,3,income verified via Plaid
779096,1445,14/09/2021,Self-Employed,144257,682,Yes,No,Pending,6513.00,8350,5,Renewal case.
779484,0776,2021-01-19,Self-Employed,154211,848,No,Yes,Approved,1359.60,2060,5,
779564,0581,2023-12-29,Part-Time,70802,,No,No,Approved,3680.88,4382,1,Applicant follow-up needed
780352,0702,2023-01-16,Self-Employed,26812,,Yes,Yes,Pending,740.40,1234,2,
781124,1433,2022-01-28,Student,306079,812,No,Yes,Pending,4271.40,7119,1,income verified via Plaid
783846,0628,2021-11-07,Contract,99386,724,Yes,No,Pending,3764.88,4482,1,docs expired
784578,1176,2024-10-05,Unemployed,136134,728,No,Yes,Denied,1084.80,1808,1,income verified via Plaid
785456,0015,,Full-Time,176802,698,No,No,Pending,1334.40,2224,1,N/A
786191,1226,2022-09-21,Self-Employed,46602,587,No,Yes,Denied,4024.02,5159,2,Missing bank statements.
786617,1587,24/06/2024,Retired,237297,699,No,Yes,Denied,2945.28,3776,5,Co-signer pending review.
787261,0862,2022-05-22,Full-Time,191140,652,No,No,Approved,2363.46,3581,5,N/A
787281,0814,2022-08-25,Full-Time,95264,691,Yes,No,Withdrawn,6336.60,10561,3,Renewal case.
787300,0147,29/12/2023,Retired,233240,731,No,Yes,Pending,2271.72,3442,5,Applicant follow-up needed
787472,0304,2023-04-21,Retired,191700,642,No,Yes,Denied,1376.10,2085,3,docs expired
789488,0509,,Part-Time,220376,603,Yes,Yes,Approved,2010.60,3351,3,n/a
795296,1596,2022-10-23,Unemployed,100696,823,No,Yes,Approved,5245.68,7948,2,Applicant provided pay stubs.
795563,0174,2020-01-16,Student,160554,821,No,No,Approved,2323.20,2420,2,income verified via Plaid
797291,0076,2023-03-31,Full-Time,211275,,No,Yes,Approved,1615.32,1923,3,N/A
797996,0680,2023-08-31,Full-Time,216067,764,No,Yes,Denied,679.20,1132,5,Applicant follow-up needed
799249,0157,2023-02-24,Unemployed,312050,,No,No,Under Review,6640.80,11068,4,docs expired
800732,1011,2020-12-23,Part-Time,88649,773,No,No,Pending,4427.64,5271,3,N/A
803723,1431,2020-11-25,Part-Time,4383,489,No,Yes,Pending,5454.60,0,5,Co-signer pending review.
804857,0663,2024-10-27,Contract,129892,757,No,No,Denied,2443.20,2545,1,Applicant provided pay stubs.
804924,1264,2022-06-03,Student,46927,677,No,Yes,Pending,2051.28,3108,1,n/a
806192,0200,2024-03-19,Student,190099,769,No,Yes,Pending,2677.44,2789,3,Flagged for manual review.
806564,1677,2021-02-24,Contract,101880,694,No,No,Approved,519.60,866,2,.
808998,1670,2024-11-25,Full-Time,279821,557,No,Yes,Under Review,5765.76,6006,1,Renewal case.
809646,1029,2024-03-29,Student,160505,,No,Yes,Under Review,1374.78,2083,1,n/a
811816,0016,2023-08-06,Full-Time,59855,666,No,Yes,Approved,1400.52,2122,3,n/a
811948,0280,25/05/2022,Full-Time,101381,841,No,No,Denied,1092.00,1400,3,Referred by agent.
812572,1595,2024-12-29,Full-Time,78830,,Yes,No,Pending,1550.40,2584,2,
818270,1229,29/04/2023,Full-Time,144504,760,No,Yes,Approved,7371.00,9450,5,Referred by agent.
818369,1115,2022-08-19,Contract,225833,412,Yes,No,Pending,2619.54,3969,1,
819155,0160,2021-07-31,Full-Time,106795,,No,No,Withdrawn,1022.40,1065,1,
820905,0990,2020-03-08,Unemployed,71080,689,No,No,Denied,2431.68,2533,4,Referred by agent.
821189,1263,2024-01-26,Retired,18022,696,Yes,Yes,Denied,2845.44,2964,3,Applicant follow-up needed
821319,1540,13/02/2021,Unemployed,241514,,No,Yes,Under Review,2156.88,3268,5,docs expired
821877,0071,2020-12-06,Self-Employed,270045,711,No,Yes,Denied,3480.00,3625,4,N/A
822384,1192,2020-03-27,Self-Employed,161135,648,Yes,Yes,Under Review,5125.20,8542,1,Applicant follow-up needed
822409,1120,2022-08-25,Full-Time,184922,,No,No,Approved,953.94,1223,2,income verified via Plaid
822711,0896,2023-10-26,Self-Employed,55513,781,No,No,Under Review,6079.08,7237,5,Co-signer pending review.
823259,0448,2023-03-29,Student,234680,681,No,Yes,Approved,1390.62,2107,3,docs expired
824401,0993,14/11/2021,Student,41860,703,Yes,No,Pending,680.46,1031,2,income verified via Plaid
826692,1263,2020-09-04,Retired,59127,722,No,Yes,Approved,2845.44,2964,2,N/A
828843,1516,2023-03-27,Self-Employed,72922,789,Yes,Yes,Denied,1491.00,2485,1,.
828999,1373,2024-04-17,Contract,122397,632,No,Yes,Approved,712.92,914,4,N/A
829380,0496,2022-02-18,Student,167182,734,No,No,Approved,2236.26,2867,5,Flagged for manual review.
830463,0612,2024-12-09,Part-Time,142563,,No,Yes,Approved,5179.68,7848,5,income verified via Plaid
830610,1430,2023-06-20,Self-Employed,322117,436,Yes,No,Withdrawn,1644.48,1713,4,Renewal case.
831162,1714,2022-11-20,Student,217070,677,No,Yes,Withdrawn,2187.90,0,5,Flagged for manual review.
831396,0375,2024-09-23,Part-Time,24512,N/A,No,Yes,Approved,2637.12,2747,3,
831707,1717,2021-10-21,Part-Time,126808,478,No,Yes,Under Review,2760.78,4183,5,Renewal case.
832392,1292,2021-01-06,Unemployed,132343,585,No,No,Approved,10170.24,10594,4,Flagged for manual review.
833861,1291,27/06/2021,Self-Employed,139464,775,No,No,Denied,2535.36,2641,2,
834943,1569,2023-02-20,Part-Time,585000,698,No,Yes,Under Review,1173.90,1505,1,Missing bank statements.
835672,0721,2022-08-04,Contract,92895,632,No,Yes,Approved,2479.20,0,4,docs expired
836341,0879,,Part-Time,248795,757,Yes,No,Pending,532.20,0,3,
838228,1777,2024-12-06,Contract,110400,797,No,No,Approved,1348.80,0,3,Renewal case.
840648,1003,2020-06-17,Unemployed,296472,586,No,No,Approved,6814.08,8736,1,
841361,1055,14/04/2024,Student,79894,710,Yes,Yes,Approved,3890.70,5895,5,Co-signer pending review.
845168,1747,23/01/2020,Retired,20578,790,No,No,Approved,3888.72,5892,4,.
846059,0470,2023-04-11,Contract,229582,,No,No,Approved,4109.16,6226,3,
848711,0596,2021-07-29,Part-Time,306218,784,No,Yes,Approved,2415.60,3660,3,N/A
849099,0147,2024-08-01,Part-Time,93905,712,No,Yes,Approved,3304.32,3442,4,Renewal case.
849632,0772,2020-02-11,Part-Time,60067,642,No,No,Pending,1999.92,2564,5,Applicant provided pay stubs.
849754,0110,2024-01-06,Full-Time,185873,621,No,Yes,Pending,1769.40,2949,5,Applicant follow-up needed
850266,0923,2020-06-20,Unemployed,192672,831,Yes,Yes,Withdrawn,3485.76,3631,1,Flagged for manual review.
851089,0517,2020-04-29,Unemployed,202102,,No,No,Withdrawn,4114.50,5275,1,n/a
851840,0669,2023-12-16,Self-Employed,193829,807,No,Yes,Approved,675.36,804,5,N/A
852422,0948,2023-01-12,Student,65076,813,No,Yes,Approved,4513.32,5373,4,Renewal case.
852671,0898,29/08/2021,Full-Time,141251,707,No,Yes,Pending,1934.40,2015,1,N/A
853688,0055,2020-01-09,Student,85728,,No,Yes,Pending,1520.40,1810,3,
854251,0079,2020-06-30,Contract,118976,682,No,No,Withdrawn,2693.76,2806,4,Flagged for manual review.
854332,1001,2020-08-13,Part-Time,155363,587,No,No,Under Review,2002.56,2086,5,Co-signer pending review.
856658,0021,16/07/2021,Contract,54023,543,No,No,Pending,750.96,894,1,N/A
857753,0341,2021-06-08,Student,51289,763,No,No,Denied,1776.84,2278,3,Flagged for manual review.
858853,1664,2020-11-15,Self-Employed,73243,663,No,No,Denied,1921.08,2287,4,Missing bank statements.
858954,0540,2021-07-13,Full-Time,37849,479,Yes,Yes,Approved,1535.82,2327,3,docs expired
859724,0153,2024-07-18,Retired,63130,797,No,No,Pending,2671.80,4453,5,
862202,1748,2021-06-24,Retired,116337,601,No,No,Denied,1265.88,1507,3,income verified via Plaid
862963,1620,2020-04-11,Unemployed,220334,,No,Yes,Approved,3224.10,4885,2,Missing bank statements.
864146,0648,2021-12-02,Unemployed,215278,,No,No,Approved,1462.20,2437,5,
865808,0642,2023-04-28,Retired,49621,662,No,No,Approved,662.22,849,2,
868478,1792,2022-04-13,Contract,125929,717,No,No,Pending,4828.32,5748,3,
868597,0670,2021-02-20,Part-Time,39778,,No,Yes,Denied,2472.00,0,2,docs expired
870762,0784,2023-03-08,Retired,145000,783,No,No,Approved,1940.64,2488,3,Referred by agent.
873075,1462,2023-02-01,Full-Time,152428,585,No,No,Denied,1019.70,1545,3,Missing bank statements.
873104,1719,2024-07-16,Unemployed,71774,,No,Yes,Approved,2898.24,3019,4,Applicant provided pay stubs.
874532,1463,2021-08-07,Self-Employed,109340,641,No,No,Denied,2316.60,3510,5,.
875126,0319,28/08/2020,Self-Employed,20266,,No,Yes,Approved,1867.14,2829,2,N/A
876434,0818,2022-05-06,Contract,106771,811,No,No,Denied,2419.20,4032,5,n/a
876594,0652,2023-10-21,Contract,108733,659,No,Yes,Under Review,3177.72,3783,4,
876774,0569,2024-12-01,Full-Time,108638,606,Yes,No,Denied,6309.42,8089,2,Flagged for manual review.
877229,1788,2024-01-13,Full-Time,117206,749,No,Yes,Approved,2758.08,2873,3,income verified via Plaid
877791,0813,2021-03-02,Contract,153383,626,No,No,Under Review,1809.60,2320,3,Referred by agent.
883412,0088,2022-07-28,Unemployed,131666,647,No,Yes,Denied,1293.60,1960,4,n/a
883422,0424,2022-12-10,Unemployed,22367,755,Yes,Yes,Under Review,1074.06,1377,3,n/a
883663,0879,2022-07-14,Student,45453,727,No,No,Under Review,532.20,887,5,Renewal case.
885935,0976,2020-09-04,Self-Employed,103200,675,No,No,Approved,1502.76,1789,1,Renewal case.
886410,1458,2024-07-25,Retired,25110,719,No,Yes,Denied,2987.16,4526,2,income verified via Plaid
887055,0912,15/04/2023,Contract,276044,715,No,Yes,Approved,1873.80,3123,5,Applicant provided pay stubs.
889244,0441,2022-03-31,Unemployed,188652,672,No,Yes,Approved,3701.94,5609,5,Co-signer pending review.
890279,0664,2024-04-22,Contract,214000,,No,Yes,Approved,587.40,890,4,
890933,0902,22/09/2021,Self-Employed,158218,439,No,Yes,Pending,2607.54,3343,5,Referred by agent.
891369,1559,2024-04-11,Full-Time,24503,794,No,No,Approved,1361.64,1621,3,Applicant follow-up needed
891633,0105,2021-06-06,Unemployed,32623,590,No,No,Pending,3771.24,5714,1,.
892984,1371,2023-03-13,Retired,194483,770,Yes,No,Approved,2370.00,3950,1,Missing bank statements.
894034,1360,2024-10-20,Unemployed,194321,762,No,Yes,Approved,1438.08,1498,3,
895107,0980,2022-06-23,Full-Time,220252,,Yes,No,Denied,1092.96,1656,1,Co-signer pending review.
896642,0497,,Unemployed,178293,817,No,No,Approved,2233.44,3384,2,Flagged for manual review.
898565,0648,2021-10-06,Self-Employed,195979,N/A,Yes,No,Pending,2047.08,2437,1,Referred by agent.
899049,1742,2023-08-31,Unemployed,244653,457,No,Yes,Approved,3711.12,4418,3,Renewal case.
899477,0904,,Contract,42518,681,No,Yes,Denied,2446.62,3707,2,docs expired
902287,1650,,Full-Time,210878,820,No,Yes,Pending,2469.48,3166,5,N/A
905587,1198,2023-11-18,Unemployed,76477,662,No,Yes,Pending,6158.88,7896,2,Applicant follow-up needed
905949,1714,2020-03-12,Retired,68472,658,No,No,Under Review,2692.80,2805,2,.
907530,0929,2020-06-11,Full-Time,262317,771,No,No,Withdrawn,3641.82,4669,3,Missing bank statements.
907754,0542,2022-05-19,Retired,113192,459,No,Yes,Pending,1230.90,1865,1,Missing bank statements.
908223,1233,2022-09-04,Full-Time,74090,622,Yes,No,Approved,2569.92,0,3,Missing bank statements.
908912,1202,2020-03-29,Unemployed,173221,419,No,Yes,Pending,1710.06,2591,3,
909188,0448,2022-12-02,Full-Time,125803,426,No,No,Approved,1390.62,2107,3,
911681,1741,2021-10-06,Student,141234,709,No,No,Under Review,3503.94,5309,4,Referred by agent.
911975,0898,2020-08-22,Full-Time,178693,694,No,No,Denied,1209.00,2015,5,n/a
911980,1090,2023-03-18,Student,11448,,Yes,No,Withdrawn,5252.16,5471,4,n/a
912398,0183,2020-03-28,Full-Time,108954,724,No,Yes,Approved,5998.98,7691,3,docs expired
912507,1185,2023-03-14,Contract,121426,,No,Yes,Denied,1583.40,2030,5,Co-signer pending review.
912800,0568,2022-05-21,Part-Time,220584,608,No,No,Denied,1696.80,2828,5,Co-signer pending review.
913550,1108,2022-12-19,Full-Time,191390,600,No,Yes,Denied,1770.60,2270,4,n/a
916713,0674,2020-12-07,Contract,114093,735,No,No,Approved,4298.88,4478,3,Referred by agent.
917273,1519,2021-03-20,Part-Time,210411,695,Yes,No,Pending,1924.80,2005,5,Applicant follow-up needed
919582,1564,2021-01-25,Unemployed,111528,772,No,No,Pending,3573.12,3722,1,
920903,0216,2023-11-22,Retired,158588,444,No,No,Under Review,1113.42,1687,3,Referred by agent.
921350,0018,2022-08-28,Unemployed,103610,780,No,Yes,Approved,2562.24,2669,5,docs expired
921765,1116,2021-04-01,Student,25876,747,No,Yes,Approved,4373.04,5206,1,Applicant follow-up needed
922450,1160,15/09/2023,Student,28467,760,No,Yes,Denied,2154.60,3591,5,Renewal case.
922894,1379,2020-03-09,Self-Employed,141171,770,No,Yes,Approved,4863.60,5790,4,
924327,0577,2024-05-19,Contract,98453,627,No,No,Approved,1542.84,1978,5,Missing bank statements.
925712,0733,31/07/2021,Self-Employed,125419,633,Yes,Yes,Pending,1507.20,1570,1,Missing bank statements.
927305,0760,,Self-Employed,204040,739,No,Yes,Approved,1092.60,1821,2,
928937,1065,2022-06-24,Full-Time,234399,,Yes,No,Pending,1627.20,2712,1,Flagged for manual review.
929380,1120,2022-02-03,Self-Employed,209291,,No,No,Denied,953.94,1223,3,docs expired
929670,1076,2021-01-19,Self-Employed,186025,754,No,Yes,Approved,1774.80,2958,5,N/A
930166,1548,2020-03-09,Student,142246,731,No,No,Denied,5574.66,7147,2,Renewal case.
931825,0596,,Part-Time,145212,627,No,Yes,Approved,2854.80,3660,2,
933806,0077,2021-11-21,Retired,62546,769,No,No,Denied,1652.16,1721,2,Referred by agent.
936135,0581,2022-11-26,Part-Time,164601,775,Yes,No,Approved,3417.96,4382,4,n/a
937277,0567,2022-01-30,Student,47048,725,No,Yes,Approved,1706.88,1778,1,Applicant provided pay stubs.
937629,0625,2024-03-28,Contract,266930,314,No,No,Approved,1552.20,2587,2,N/A
939069,1564,,Student,179404,842,No,Yes,Denied,2903.16,3722,2,Applicant follow-up needed
939299,1455,2021-10-23,Student,101401,794,No,No,Approved,6557.46,8407,4,Co-signer pending review.
940016,0333,2022-10-03,Retired,238226,,No,Yes,Approved,1163.40,1385,5,.
940070,1051,2020-07-16,Unemployed,155945,552,No,Yes,Denied,1304.40,2174,5,N/A
940524,0181,2020-09-10,Self-Employed,32897,513,No,Yes,Approved,765.24,911,4,
941555,0909,19/05/2024,Student,273950,729,No,No,Approved,738.60,1231,3,
943313,1702,2024-05-20,Student,75092,772,No,Yes,Approved,1486.98,2253,2,N/A
943624,1096,2024-03-27,Self-Employed,222081,711,No,Yes,Denied,2432.64,2534,4,Missing bank statements.
945347,0615,2022-11-27,Student,181487,,No,No,Under Review,3948.12,5982,4,Referred by agent.
945933,1319,2020-03-09,Self-Employed,127626,781,Yes,Yes,Approved,1766.16,2676,5,income verified via Plaid
946389,1037,21/12/2022,Contract,145865,626,No,No,Approved,2443.74,3133,4,n/a
946875,0554,2020-10-21,Unemployed,80411,727,Yes,Yes,Denied,4921.80,6310,5,docs expired
947395,1113,2024-09-03,Full-Time,157969,830,No,Yes,Under Review,1002.60,1671,5,
947740,1650,2020-01-14,Retired,248558,691,No,No,Denied,2469.48,3166,1,n/a
948086,1270,2022-11-01,Student,212111,789,No,Yes,Approved,5114.88,5328,2,Co-signer pending review.
948197,0536,2022-12-14,Retired,32135,708,No,Yes,Pending,1087.68,1648,2,docs expired
949126,0903,2020-04-21,Full-Time,52040,621,Yes,Yes,Approved,2919.84,4424,3,income verified via Plaid
949692,0997,19/08/2023,Unemployed,186556,731,No,No,Approved,2981.88,4518,5,.
950110,0215,2021-09-18,Contract,39859,417,No,Yes,Denied,850.56,886,1,Applicant follow-up needed
951495,0838,2022-10-26,Part-Time,10574,N/A,No,Yes,Approved,5878.08,6123,5,Applicant follow-up needed
952113,1302,22/07/2020,Student,17908,586,No,No,Approved,1711.08,2037,5,Applicant provided pay stubs.
953880,0488,14/07/2023,Self-Employed,234718,676,No,No,Approved,1739.40,2899,2,Renewal case.
954263,0112,2024-11-10,Part-Time,185943,411,No,No,Withdrawn,3068.34,4649,3,income verified via Plaid
955098,0867,2023-08-28,Self-Employed,115203,,No,Yes,Approved,2909.76,3464,5,Missing bank statements.
956913,0446,2021-01-24,Contract,175802,762,No,No,Approved,2453.88,3146,1,income verified via Plaid
957074,0562,2021-01-07,Part-Time,139539,,No,Yes,Approved,940.80,1568,3,
958067,0319,2023-08-09,Full-Time,112858,778,No,Yes,Withdrawn,2376.36,2829,5,Applicant provided pay stubs.
958068,1202,2022-01-05,Self-Employed,79954,759,Yes,No,Denied,2487.36,2591,2,docs expired
958786,0793,2021-08-23,Self-Employed,224338,660,Yes,Yes,Pending,7218.90,9255,2,Referred by agent.
961130,0585,,Unemployed,186866,592,No,No,Pending,4309.14,6529,5,N/A
964103,1654,2023-07-10,Part-Time,56907,652,No,No,Withdrawn,2073.60,3456,2,.
965766,0227,24/11/2024,Student,147613,740,No,Yes,Approved,1245.12,1297,4,n/a
968562,0474,2020-11-16,Part-Time,228613,789,No,Yes,Approved,1680.00,1750,5,income verified via Plaid
969393,1442,,Unemployed,103891,671,Yes,No,Denied,1780.68,2698,3,Referred by agent.
969631,0372,2023-09-14,Student,55452,696,No,Yes,Approved,1406.16,1674,5,
970614,0604,2022-03-05,Unemployed,72991,834,Yes,No,Approved,2097.00,3495,4,income verified via Plaid
972623,1135,2023-09-11,Contract,77442,580,Yes,Yes,Approved,1768.80,2680,1,.
972759,1677,2022-05-05,Contract,32604,714,No,No,Approved,727.44,866,5,Referred by agent.
973401,1256,2022-11-25,Retired,164991,840,No,Yes,Denied,3121.56,4002,1,N/A
975391,0982,2021-01-01,Contract,54151,737,No,Yes,Approved,1516.02,2297,5,
975636,1338,2022-01-11,Retired,227200,603,No,Yes,Approved,4591.44,5466,3,
976232,0747,2023-05-14,Contract,205230,731,No,No,Denied,2036.58,2611,3,Applicant follow-up needed
976238,0831,2023-10-06,Contract,90672,604,No,No,Approved,1338.00,2230,5,n/a
979755,1295,2024-11-11,Retired,40944,668,No,No,Under Review,4772.46,7231,5,
981289,1611,2020-05-17,Full-Time,206762,632,No,No,Denied,3303.60,5506,5,
985402,0182,19/10/2022,Contract,38975,741,Yes,No,Denied,1337.28,1393,5,N/A
986006,0672,2021-01-20,Student,104664,834,No,No,Approved,2357.52,3572,1,.
986387,1731,2020-09-30,Part-Time,188901,690,No,No,Withdrawn,2818.86,4271,4,Referred by agent.
987328,1231,29/11/2020,Part-Time,155557,,No,Yes,Approved,3245.76,3381,2,n/a
987380,1657,2024-03-18,Full-Time,230794,673,Yes,Yes,Approved,8407.68,8758,5,Co-signer pending review.
988638,0226,2021-03-11,Retired,309671,,No,No,Approved,1019.70,1545,1,
989372,0315,2021-10-21,Full-Time,163534,690,No,Yes,Pending,656.70,995,3,Referred by agent.
992337,0343,2020-07-11,Unemployed,121331,649,No,Yes,Withdrawn,2063.88,2646,1,n/a
992629,0583,2020-04-27,Self-Employed,19801,730,No,No,Approved,2738.58,3511,5,docs expired
994929,0116,2023-06-07,Retired,150424,832,No,No,Approved,2482.26,3761,1,
995046,0667,2021-04-12,Student,228454,669,No,Yes,Approved,1519.20,0,4,N/A
995246,0017,2024-04-19,Part-Time,187191,,No,No,Withdrawn,2659.44,3166,4,income verified via Plaid
997415,1620,15/02/2021,Full-Time,177632,727,Yes,Yes,Withdrawn,4689.60,4885,5,income verified via Plaid
1000080,0791,26/01/2020,Full-Time,121914,607,No,Yes,Approved,4176.96,4351,3,N/A
1000609,1522,2024-05-18,Retired,137162,819,No,No,Pending,3249.96,3869,2,N/A
1000831,0694,2020-03-07,Contract,166862,N/A,No,Yes,Approved,727.80,1213,2,Missing bank statements.
1000891,0404,2021-01-25,Student,209173,645,No,No,Approved,7343.04,7649,1,Applicant follow-up needed
1002590,0453,24/01/2021,Contract,161011,825,No,No,Denied,1552.20,1990,3,Applicant follow-up needed
1003390,1608,2022-01-27,Student,19387,674,No,Yes,Approved,2760.00,2875,1,Co-signer pending review.
1003732,0494,2023-12-06,Self-Employed,237573,681,No,Yes,Denied,3579.00,5965,2,Co-signer pending review.
1004655,0624,2021-03-25,Part-Time,54994,712,Yes,No,Withdrawn,3280.20,3905,2,.
1005659,0347,2022-11-24,Contract,159096,636,No,No,Approved,2879.04,2999,3,n/a
1005704,0415,2023-06-22,Part-Time,25981,805,Yes,No,Denied,671.22,1017,3,N/A
1006387,0288,2021-05-26,Full-Time,24708,680,Yes,No,Approved,3251.04,4168,1,.
1007654,1044,2022-08-02,Self-Employed,73791,675,Yes,No,Under Review,7656.00,7975,1,Flagged for manual review.
1008616,0678,2024-03-21,Self-Employed,144291,675,No,No,Denied,782.34,0,4,n/a
1009713,1796,2022-08-02,Part-Time,67715,670,No,No,Denied,2609.10,3345,2,Co-signer pending review.
1011367,0665,2020-04-05,Student,146577,489,No,Yes,Approved,3918.72,4082,4,
1012739,0035,15/12/2023,Unemployed,190333,748,Yes,Yes,Approved,1838.40,1915,1,Missing bank statements.
1013513,1261,2020-01-30,Self-Employed,135028,785,No,No,Approved,1510.08,1573,2,.
1013628,0087,18/06/2022,Unemployed,58602,770,No,Yes,Approved,5593.92,5827,1,income verified via Plaid
1014506,0851,2023-01-09,Contract,95540,832,No,Yes,Approved,1887.36,1966,1,.
1015060,1771,2020-06-08,Retired,174503,748,Yes,Yes,Approved,2844.60,4310,5,Renewal case.
1017623,1465,19/01/2024,Self-Employed,211585,813,No,No,Approved,2251.20,2680,2,
1018887,1240,2022-05-29,Part-Time,153698,753,No,No,Approved,3028.20,5047,4,Co-signer pending review.
1021190,0213,2024-03-06,Part-Time,246773,501,Yes,Yes,Approved,4474.08,5736,1,Co-signer pending review.
1021834,0121,2023-09-19,Self-Employed,178286,591,No,No,Approved,1631.04,1699,4,
1022681,0273,,Full-Time,31833,716,No,No,Denied,2862.00,4770,3,Co-signer pending review.
1024616,0083,2024-08-10,Retired,223414,747,No,No,Approved,2189.88,3318,5,n/a
1027073,0168,2021-02-03,Full-Time,170339,641,No,No,Approved,1011.60,1686,5,
1027209,0594,2022-05-29,Student,118368,681,Yes,No,Denied,822.36,1246,2,Flagged for manual review.
1031661,1787,2020-07-28,Unemployed,200323,623,No,Yes,Pending,3229.44,3364,5,N/A
1033358,0233,2021-11-23,Full-Time,135674,,No,No,Approved,2512.44,2991,3,N/A
1033710,0096,2022-09-06,Retired,159904,,No,Yes,Approved,3038.28,3617,2,Missing bank statements.
1034646,0627,2020-09-22,Unemployed,141307,617,No,Yes,Approved,2708.40,4514,4,
1034977,0105,2023-05-18,Student,61801,787,No,No,Approved,4456.92,5714,5,Applicant provided pay stubs.
1035869,0209,2022-11-08,Part-Time,84733,776,No,No,Approved,2670.00,4450,2,Renewal case.
1036698,1061,2024-07-23,Unemployed,237435,310,No,Yes,Approved,3290.88,3428,5,docs expired
1040628,0669,2020-07-03,Part-Time,47044,671,No,No,Approved,627.12,804,4,Applicant follow-up needed
1041837,0439,2022-05-18,Student,31954,765,No,No,Approved,1631.28,1942,1,Renewal case.
1043582,1179,13/02/2022,Part-Time,79583,659,No,Yes,Approved,5417.16,6449,3,
1044415,0510,2020-08-31,Contract,136504,722,No,No,Approved,1870.08,1948,2,N/A
1044451,0178,2021-05-08,Student,151126,,No,Yes,Approved,2964.36,3529,5,docs expired
1047774,0767,2024-11-16,Retired,65447,682,No,No,Denied,1686.30,2555,4,income verified via Plaid
1048459,0943,2024-04-13,Part-Time,226412,826,No,Yes,Withdrawn,1128.60,1881,4,income verified via Plaid
1055926,1458,15/03/2021,Self-Employed,130552,707,No,No,Pending,2987.16,4526,3,N/A
1056326,0189,13/09/2021,Contract,98442,,Yes,Yes,Pending,2713.20,3230,5,
1058930,1554,2023-03-12,Self-Employed,145819,779,No,No,Approved,742.20,1237,3,
1059760,0751,2024-07-03,Full-Time,228100,847,No,Yes,Denied,2036.16,2121,2,Applicant follow-up needed
1060304,0210,,Student,247559,714,No,Yes,Denied,1364.40,2274,5,
1060553,1638,22/03/2024,Contract,29573,401,No,No,Denied,8847.72,10533,2,docs expired
1060584,1568,2024-12-19,Unemployed,179816,479,Yes,Yes,Denied,3599.64,5454,2,Renewal case.
1062509,1594,17/05/2021,Self-Employed,155945,800,No,No,Denied,3637.80,6063,4,Renewal case.
1063172,0876,18/10/2023,Student,41690,701,No,Yes,Pending,3882.48,4622,3,
1064201,1181,2022-02-02,Student,222859,719,Yes,No,Approved,3252.48,3872,4,.
1064714,0228,23/11/2020,Part-Time,243800,760,No,Yes,Approved,1111.32,1323,3,n/a
1066500,0206,2022-08-26,Full-Time,176733,694,No,Yes,Approved,2373.36,3596,5,.
1066825,1189,2023-09-03,Part-Time,222916,335,No,No,Under Review,3594.36,4279,4,income verified via Plaid
1068154,0230,2020-11-23,Unemployed,117584,612,No,No,Approved,1626.24,1936,3,Co-signer pending review.
1068164,1669,2024-02-29,Unemployed,129859,732,No,Yes,Approved,1307.04,1556,1,Co-signer pending review.
1069063,0797,2020-08-26,Part-Time,150142,722,No,No,Approved,3379.74,4333,5,N/A
1071302,0870,2020-08-22,Self-Employed,176800,686,No,No,Approved,1198.20,1997,2,Applicant follow-up needed
1078065,0322,28/08/2021,Unemployed,47560,789,No,No,Withdrawn,3952.32,4117,5,N/A
1078301,0802,21/09/2022,Full-Time,222145,677,Yes,No,Approved,1651.98,2503,4,Referred by agent.
1078401,1776,,Self-Employed,169876,819,No,No,Approved,3663.36,3816,1,
1078460,0563,2020-05-18,Part-Time,176258,770,No,Yes,Pending,4599.00,5475,1,Flagged for manual review.
1079409,0254,2022-01-12,Part-Time,19056,373,No,No,Denied,1321.20,2202,4,income verified via Plaid
1080764,1504,2021-05-03,Retired,29753,846,Yes,Yes,Approved,6640.20,7905,4,docs expired
1082261,1538,2024-04-22,Student,285489,,No,No,Approved,1444.80,1720,4,Applicant follow-up needed
1083666,1279,2023-01-10,Full-Time,166364,761,No,Yes,Approved,3125.76,4736,5,n/a
1091282,1176,30/09/2022,Retired,198849,728,No,No,Denied,1410.24,1808,5,Co-signer pending review.
1095035,1287,2022-02-02,Contract,172126,N/A,No,No,Under Review,6330.24,6594,4,Co-signer pending review.
1095665,0840,2023-12-05,Part-Time,137068,521,No,Yes,Under Review,2336.04,2781,4,docs expired
1096088,1016,25/12/2020,Part-Time,169318,N/A,No,No,Approved,4284.60,7141,3,Applicant follow-up needed
1096566,1698,2023-12-02,Contract,152238,702,No,No,Under Review,1889.58,2863,1,
1096834,0962,27/07/2021,Contract,181401,730,No,No,Approved,981.96,1169,4,docs expired
1096973,0820,2021-11-04,Full-Time,184122,645,Yes,No,Approved,3969.84,4726,5,.
1097030,0073,2022-12-22,Full-Time,245195,680,No,No,Pending,2451.60,4086,2,N/A
1098187,0606,2024-07-03,Unemployed,97075,733,Yes,Yes,Approved,1684.02,2159,3,Applicant provided pay stubs.
1098413,1372,15/09/2024,Retired,186541,765,Yes,Yes,Approved,683.76,814,4,.
1098436,1074,2024-01-03,Full-Time,110137,358,No,Yes,Approved,3834.48,4916,2,Referred by agent.
1103102,1739,2020-11-07,Student,245340,435,No,Yes,Withdrawn,3377.88,5118,2,Co-signer pending review.
1103533,1545,2022-01-17,Contract,186900,712,No,No,Denied,1087.20,1812,4,Applicant provided pay stubs.
1103900,0864,2021-06-18,Student,123102,734,No,No,Pending,7061.04,8406,1,income verified via Plaid
1106937,1128,2022-07-26,Self-Employed,135714,681,No,Yes,Approved,4642.56,0,2,Flagged for manual review.
1106952,1036,2023-05-11,Part-Time,115459,732,No,No,Withdrawn,2752.68,3277,4,
1107669,0089,2020-06-07,Self-Employed,168567,810,No,Yes,Denied,3073.92,3202,2,Flagged for manual review.
1111179,1750,2021-06-18,Self-Employed,43608,651,No,No,Pending,6156.48,9328,1,Flagged for manual review.
1111525,1611,2022-10-21,Full-Time,60818,673,No,Yes,Pending,4294.68,5506,4,Referred by agent.
1112185,1474,2024-12-16,Unemployed,89911,785,No,Yes,Under Review,4375.68,4558,4,Missing bank statements.
1112438,0586,2022-10-12,Full-Time,57021,N/A,Yes,No,Approved,1287.72,1533,4,Flagged for manual review.
1112621,0086,2022-04-08,Student,193734,691,No,Yes,Approved,4961.40,8269,4,n/a
1117164,0120,2024-04-23,Unemployed,216232,773,No,No,Approved,3319.20,5532,5,Co-signer pending review.
1118962,1557,2023-04-07,Unemployed,186147,729,No,Yes,Approved,2546.88,2653,2,Flagged for manual review.
1119181,0308,2023-02-18,Student,188599,760,No,Yes,Denied,4209.60,4385,3,Applicant provided pay stubs.
1119731,1512,2023-04-09,Full-Time,261725,767,No,Yes,Approved,2441.88,2907,3,Flagged for manual review.
1121180,0878,2024-07-09,Contract,38978,635,No,Yes,Approved,1030.92,1562,4,N/A
1122491,0553,2023-02-09,Contract,205365,740,No,Yes,Pending,3242.58,4913,2,Applicant provided pay stubs.
1123783,1411,20/09/2023,Part-Time,245831,832,No,Yes,Approved,1451.58,1861,4,Flagged for manual review.
1125149,1672,2022-08-24,Part-Time,170070,727,No,No,Denied,2632.56,3134,5,Applicant follow-up needed
1125614,0600,2023-09-17,Part-Time,221002,745,No,Yes,Pending,806.40,840,2,Missing bank statements.
1125633,1457,2023-01-02,Self-Employed,218684,,No,Yes,Approved,5361.18,8123,2,Applicant provided pay stubs.
1126324,1415,2023-04-23,Retired,30512,595,Yes,Yes,Pending,2425.50,3675,1,Renewal case.
1128046,1397,2022-07-26,Full-Time,38801,588,Yes,Yes,Approved,2877.84,3426,3,Applicant follow-up needed
1130917,0169,2024-11-28,Self-Employed,227015,711,Yes,No,Pending,2692.80,4080,5,
1131133,0314,2023-04-21,Self-Employed,217662,N/A,No,No,Approved,1543.92,1838,2,docs expired
1131976,0919,2022-10-13,Student,80019,588,No,No,Pending,884.16,921,5,docs expired
1133207,0505,2024-10-23,Retired,298857,701,No,Yes,Under Review,5731.20,9552,2,Co-signer pending review.
1133238,0515,2024-10-13,Self-Employed,231978,779,No,Yes,Approved,5619.60,6690,1,
1133268,1155,2021-02-19,Student,19672,739,No,No,Approved,1156.80,1928,4,N/A
1133634,0899,2023-11-01,Unemployed,214291,761,Yes,No,Approved,1308.84,1678,2,income verified via Plaid
1133946,0206,2023-04-22,Retired,65487,589,No,Yes,Pending,2373.36,3596,5,Flagged for manual review.
1135434,0380,2020-05-02,Full-Time,96967,681,No,No,Approved,4063.80,5210,5,Flagged for manual review.
1135453,1782,2024-04-15,Student,18504,683,No,Yes,Pending,5687.04,5924,2,Flagged for manual review.
1136386,0678,2021-08-31,Unemployed,217648,613,Yes,Yes,Denied,601.80,1003,5,Missing bank statements.
1137389,0420,2022-04-21,Unemployed,59897,661,No,No,Under Review,5429.76,5656,5,income verified via Plaid
1139140,1735,2020-10-28,Contract,139151,474,Yes,Yes,Approved,1857.24,2211,3,Missing bank statements.
1139298,0186,2020-06-23,Full-Time,26205,794,No,No,Approved,2821.26,3617,5,Missing bank statements.
1140760,1259,2021-11-16,Student,284427,751,No,Yes,Approved,7094.40,11824,5,N/A
1141229,0821,2023-07-31,Unemployed,201300,660,No,Yes,Denied,1969.50,2525,3,docs expired
1143015,0046,2020-10-09,Contract,65970,523,No,Yes,Denied,1808.82,2319,1,.
1144042,1024,2022-12-06,Self-Employed,122574,848,No,No,Approved,866.40,1444,5,
1144180,0960,2023-07-25,Part-Time,282270,,Yes,No,Denied,1863.36,1941,1,N/A
1144421,1184,2023-10-28,Retired,259624,672,No,No,Under Review,5151.96,7806,4,Flagged for manual review.
1144965,0499,2022-01-18,Part-Time,232733,722,No,Yes,Pending,2050.80,3418,2,Flagged for manual review.
1146928,0367,2023-11-05,Part-Time,109605,722,No,No,Denied,1702.68,2027,1,income verified via Plaid
1148427,0899,23/02/2023,Unemployed,140255,831,No,Yes,Approved,1006.80,1678,1,n/a
1148764,0971,2021-10-21,Self-Employed,146397,438,No,No,Pending,1466.52,2222,5,n/a
1149460,1349,2023-01-24,Retired,35423,525,No,No,Approved,1253.76,1306,4,income verified via Plaid
1150186,1108,2024-11-12,Unemployed,151620,765,No,Yes,Approved,1906.80,2270,5,Missing bank statements.
1150338,0443,2021-01-05,Retired,245951,,No,Yes,Approved,4551.36,4741,5,N/A
1151632,1607,2020-09-06,Contract,2539,725,No,Yes,Approved,4017.60,4185,5,Referred by agent.
1153814,0121,2021-01-24,Part-Time,187329,334,No,Yes,Approved,1121.34,1699,2,docs expired
1154507,1221,2020-04-27,Part-Time,258212,731,No,Yes,Denied,5055.96,6019,5,Renewal case.
1156751,1535,2020-02-03,Student,213385,773,Yes,No,Denied,4606.08,4798,5,Applicant follow-up needed
1158472,0661,,Part-Time,213023,823,No,No,Denied,4883.76,5814,3,Referred by agent.
1160594,0955,2023-06-02,Part-Time,168352,779,No,Yes,Pending,1539.60,2566,2,Renewal case.
1162743,1432,2020-01-08,Student,53947,709,Yes,No,Approved,5827.20,6070,1,n/a
1165359,0980,2023-06-13,Retired,34434,532,No,Yes,Denied,1291.68,1656,3,
1165919,1177,2023-09-19,Unemployed,35091,777,No,No,Approved,2838.00,4730,5,Co-signer pending review.
1167452,1541,2023-12-15,Student,249708,,Yes,Yes,Denied,5569.20,6630,4,Renewal case.
1168728,0550,2020-07-21,Unemployed,216602,766,No,Yes,Approved,1843.92,2364,5,
1169765,0957,2024-08-11,Self-Employed,35842,685,No,No,Approved,1345.20,2242,5,Missing bank statements.
1170268,0387,2023-03-08,Full-Time,177125,716,Yes,No,Approved,2453.88,3718,3,
1170659,0518,2023-05-01,Unemployed,96900,728,No,No,Pending,2679.60,4466,5,Renewal case.
1170962,0924,2024-12-21,Unemployed,131140,756,No,No,Pending,919.80,1095,1,
1171097,0107,2020-09-16,Unemployed,125714,702,Yes,No,Denied,2588.82,3319,3,Flagged for manual review.
1171930,1544,,Contract,253269,612,Yes,No,Withdrawn,2443.56,2909,1,docs expired
1173758,0841,22/10/2021,Unemployed,206302,771,No,Yes,Approved,1976.04,2994,5,docs expired
1177352,1441,2021-06-11,Contract,37624,,No,Yes,Denied,3209.64,3821,5,Applicant follow-up needed
1178402,0865,22/09/2020,Retired,44306,706,No,No,Approved,1361.28,1418,3,
1178765,1168,2020-02-16,Part-Time,173012,645,No,No,Under Review,3151.50,4775,5,N/A
1179021,1637,2021-02-26,Student,149340,646,No,No,Denied,3091.44,4684,1,Applicant follow-up needed
1179603,0684,2021-02-26,Contract,204636,651,No,Yes,Approved,804.60,1341,2,Co-signer pending review.
1179799,1679,2020-02-05,Unemployed,191528,832,No,No,Approved,2926.44,4434,3,income verified via Plaid
1181477,0231,16/06/2021,Full-Time,167875,385,No,No,Approved,4374.60,7291,1,.
1182565,0601,2023-04-01,Full-Time,152886,792,Yes,No,Pending,1112.10,1685,5,income verified via Plaid
1183070,0868,2023-04-16,Part-Time,261599,671,No,Yes,Approved,2913.12,3468,5,N/A
1183292,1510,2023-10-27,Contract,141044,744,No,No,Denied,1273.14,1929,4,income verified via Plaid
1183806,1516,2020-11-27,Full-Time,139716,,No,Yes,Approved,1640.10,2485,4,n/a
1183881,0117,2023-04-07,Part-Time,78740,477,No,Yes,Pending,2098.98,2691,2,.
1184894,0338,2022-05-11,Contract,244190,710,No,No,Approved,3587.64,4271,3,Referred by agent.
1185499,0634,15/03/2022,Unemployed,71652,332,No,Yes,Withdrawn,1376.64,1434,1,income verified via Plaid
1185741,0535,2024-07-26,Unemployed,75016,741,No,Yes,Under Review,1144.32,1192,5,.
1186814,0882,2022-03-25,Contract,302757,765,Yes,Yes,Withdrawn,4798.08,5712,5,docs expired
1187021,0720,27/09/2021,Student,154436,592,No,No,Approved,3599.40,5999,1,N/A
1187528,1150,2022-11-29,Unemployed,28447,718,No,No,Denied,9863.88,12646,3,Missing bank statements.
1187986,1374,2020-09-02,Full-Time,14125,635,No,Yes,Under Review,3150.84,3751,2,Referred by agent.
1188078,0636,21/12/2023,Part-Time,200750,752,No,No,Approved,799.68,833,1,Flagged for manual review.
1189500,0546,2023-04-30,Full-Time,137394,632,Yes,No,Approved,1516.02,2297,4,Flagged for manual review.
1189770,1056,2023-09-04,Full-Time,86394,842,No,Yes,Pending,758.34,1149,1,n/a
1190111,0146,,Student,30490,596,No,Yes,Denied,1463.22,2217,2,Applicant provided pay stubs.
1190542,1709,2020-10-13,Retired,167592,845,No,No,Denied,1267.20,1320,3,Referred by agent.
1192810,1457,2024-06-15,Contract,26166,733,No,No,Denied,5361.18,8123,5,Referred by agent.
1195878,0052,2021-04-07,Part-Time,238833,687,Yes,No,Approved,2615.58,3963,2,Referred by agent.
1196260,0441,2020-05-06,Retired,19222,793,No,No,Under Review,3701.94,5609,3,Renewal case.
1196557,1528,2022-09-13,Part-Time,47058,644,No,Yes,Denied,4276.80,4455,4,N/A
1196558,1045,2024-05-03,Contract,43874,774,No,Yes,Denied,2728.20,4547,3,Flagged for manual review.
1200211,0658,2020-04-08,Retired,194457,,No,No,Approved,2648.88,3396,5,Co-signer pending review.
1200837,0477,2021-08-18,Full-Time,231000,614,No,Yes,Approved,1109.76,1156,4,.
1201186,0791,2024-11-07,Contract,198525,617,No,Yes,Pending,3393.78,4351,1,N/A
1201721,0608,17/11/2024,Self-Employed,207365,848,Yes,No,Withdrawn,3668.28,4367,3,N/A
1203130,0889,2021-02-21,Part-Time,173440,N/A,No,No,Denied,3771.60,4490,5,Applicant follow-up needed
1207176,1748,,Retired,92604,718,No,Yes,Approved,1265.88,1507,5,
1208104,0050,2024-11-25,Part-Time,50495,833,No,Yes,Pending,4577.04,5868,2,.
1209153,0784,2022-11-12,Part-Time,108907,N/A,No,Yes,Denied,1940.64,2488,1,
1212754,0215,2021-02-05,Self-Employed,148635,606,No,No,Approved,744.24,886,4,Flagged for manual review.
1214132,0389,2020-12-09,Full-Time,71015,,No,No,Approved,4840.08,0,1,docs expired
1214397,1268,2021-09-17,Self-Employed,31516,826,No,No,Under Review,4529.40,7549,4,income verified via Plaid
1215273,1641,,Retired,276530,768,No,No,Under Review,3647.40,6079,2,n/a
1215674,1099,2021-06-30,Retired,52706,,No,No,Approved,1678.20,2797,2,Applicant follow-up needed
1216933,1585,2021-04-02,Student,220285,642,Yes,Yes,Approved,1279.74,1939,3,
1218794,1261,2023-06-07,Full-Time,126612,622,No,Yes,Approved,1510.08,1573,4,.
1219303,1756,2020-11-25,Full-Time,218570,810,Yes,No,Denied,9447.48,11247,2,
1219921,0209,2024-08-04,Full-Time,26161,,No,No,Approved,3738.00,4450,2,Missing bank statements.
1221357,0825,2021-05-21,Part-Time,103415,472,No,No,Approved,1657.50,2125,1,
1222114,0372,2023-07-18,Student,247878,712,No,Yes,Pending,1305.72,1674,4,N/A
1222999,0421,2022-10-03,Self-Employed,18695,368,Yes,Yes,Pending,1904.28,2267,3,Applicant follow-up needed
1224417,1669,13/12/2024,Student,239673,703,No,No,Under Review,1213.68,1556,5,Applicant follow-up needed
1225096,0895,2022-08-09,Contract,114904,,No,Yes,Approved,1891.50,2425,3,n/a
1225543,1169,2023-10-15,Unemployed,201473,835,No,No,Denied,2184.60,3641,4,Referred by agent.
1226328,0830,2020-03-09,Part-Time,82872,774,No,No,Denied,2363.46,3581,1,Renewal case.
1227814,0102,2024-04-30,Part-Time,80357,,Yes,Yes,Approved,2430.12,2893,4,
1228254,0036,2024-02-14,Contract,109758,791,Yes,No,Denied,2102.40,0,2,n/a
1229953,1407,2021-09-16,Full-Time,60122,827,Yes,No,Withdrawn,2652.48,0,5,docs expired
1230000,1167,2021-11-08,Part-Time,257784,682,No,Yes,Approved,4148.76,0,1,Flagged for manual review.
1237354,0132,2024-11-04,Self-Employed,31165,318,No,No,Denied,1535.52,1828,4,Missing bank statements.
1239290,0994,2022-09-13,Retired,20397,744,No,Yes,Pending,1020.00,1700,4,docs expired
1240588,1194,2022-01-31,Retired,54037,782,No,No,Approved,1756.20,2927,4,N/A
1240783,0971,2021-07-25,Contract,232685,602,No,No,Approved,1733.16,2222,2,Flagged for manual review.
1240863,0845,2023-10-13,Part-Time,106119,639,Yes,No,Approved,3945.48,5978,4,Applicant provided pay stubs.
1241612,1615,2024-01-22,Contract,70028,629,No,Yes,Approved,1018.92,1213,4,Applicant follow-up needed
1242190,1358,2022-03-10,Contract,132946,764,No,No,Pending,3785.28,3943,1,n/a
1243089,1480,2022-03-06,Full-Time,120148,749,No,Yes,Approved,1034.22,1567,2,Missing bank statements.
1243472,0840,2020-08-27,Full-Time,20976,624,No,Yes,Approved,2336.04,2781,5,Missing bank statements.
1243477,1510,2024-12-09,Full-Time,120768,763,Yes,Yes,Approved,1273.14,1929,5,N/A
1244994,1726,2023-09-09,Self-Employed,58445,637,No,Yes,Under Review,2142.00,3570,5,Missing bank statements.
1249687,0332,2020-06-11,Retired,194900,709,No,Yes,Pending,1380.60,2301,2,Flagged for manual review.
1249951,1602,2020-04-10,Contract,102800,742,No,No,Denied,1540.50,1975,5,.
1250752,1283,2021-12-06,Full-Time,170353,798,Yes,Yes,Approved,8275.02,10609,2,Applicant follow-up needed
1251713,0322,22/03/2024,Full-Time,45325,730,No,No,Denied,2717.22,0,3,.
1255191,1122,2022-03-03,Self-Employed,163818,472,No,No,Pending,1831.50,2775,2,.
1255523,1239,2022-06-02,Part-Time,241043,788,No,Yes,Withdrawn,973.44,1014,3,Renewal case.
1258632,0497,,Contract,232760,,Yes,Yes,Denied,3248.64,3384,3,Missing bank statements.
1258871,0654,2021-09-06,Part-Time,79777,721,Yes,No,Approved,2968.32,3092,4,
1259344,1478,2022-05-24,Full-Time,153900,820,No,No,Approved,998.40,1040,3,Applicant provided pay stubs.
1259621,1674,24/11/2023,Full-Time,198968,582,No,No,Approved,1449.60,1510,3,
1260906,0224,2020-10-09,Retired,247429,747,Yes,Yes,Approved,4814.70,7295,3,docs expired
1263993,1042,2023-07-25,Part-Time,50938,590,No,No,Approved,1824.42,2339,1,n/a
1264290,1494,18/06/2024,Retired,84720,486,Yes,Yes,Approved,2517.00,4195,4,Applicant follow-up needed
1265659,0246,2024-12-08,Full-Time,93814,824,No,Yes,Under Review,4375.56,5209,1,n/a
1265856,1137,2022-04-18,Retired,78652,609,No,No,Pending,1104.60,1315,3,docs expired
1267617,0412,2020-08-03,Self-Employed,172330,694,Yes,No,Approved,1591.92,2412,1,
1270110,0373,,Student,137659,822,No,No,Approved,5412.00,8200,5,Co-signer pending review.
1272152,0950,19/01/2023,Contract,178251,752,No,No,Approved,2731.08,4138,4,Applicant provided pay stubs.
1272538,0945,2024-01-27,Unemployed,71939,668,No,No,Denied,3411.84,3554,3,
1276905,0875,2023-12-18,Part-Time,201155,683,Yes,No,Approved,3273.00,5455,1,n/a
1276914,1359,2023-06-09,Contract,142311,756,No,No,Approved,2449.26,3711,2,Co-signer pending review.
1278638,0129,2020-08-27,Retired,75711,818,No,No,Pending,1119.30,1435,3,Referred by agent.
1281864,1361,21/03/2021,Contract,19399,561,No,No,Approved,1532.16,1824,1,n/a
1283958,0477,2023-05-16,Full-Time,74302,814,Yes,No,Approved,693.60,1156,4,Referred by agent.
1285165,0693,,Contract,455000,732,No,No,Approved,3013.92,3588,1,income verified via Plaid
1285199,0838,2021-08-06,Unemployed,102586,789,No,Yes,Pending,3673.80,6123,2,Missing bank statements.
1288252,1387,2020-07-10,Retired,132765,678,No,Yes,Approved,1413.06,2141,1,
1288889,0050,2020-01-25,Self-Employed,140753,659,No,Yes,Pending,3872.88,5868,4,
1290032,1259,2023-12-29,Retired,161947,,No,Yes,Withdrawn,11351.04,11824,4,n/a
1291983,1289,2022-07-26,Unemployed,285608,727,No,Yes,Denied,1521.00,2535,4,income verified via Plaid
1292305,1018,2022-11-22,Contract,265846,802,No,Yes,Denied,5060.88,7668,1,Applicant provided pay stubs.
1292334,0193,2022-02-03,Self-Employed,57282,779,Yes,Yes,Withdrawn,1313.40,2189,4,Referred by agent.
1292619,0203,2021-06-17,Student,192543,684,No,Yes,Approved,1847.16,2199,1,Renewal case.
1293608,1142,2023-08-20,Contract,135018,612,Yes,No,Approved,4861.44,5064,3,income verified via Plaid
1296123,0505,2020-08-18,Contract,196869,693,No,Yes,Approved,9169.92,9552,1,n/a
1303727,0418,2020-07-31,Self-Employed,248312,569,No,Yes,Denied,2691.00,3450,1,N/A
1304173,0650,,Self-Employed,73169,800,No,No,Denied,1171.50,1775,5,Applicant provided pay stubs.
1304798,1065,2023-03-10,Self-Employed,174495,730,No,Yes,Approved,1762.56,1836,4,docs expired
1306133,0204,2023-04-04,Full-Time,826000,818,Yes,Yes,Approved,892.32,1352,1,N/A
1306217,1018,2021-06-17,Retired,175635,580,No,Yes,Denied,4600.80,7668,1,.
1306728,0370,2024-08-26,Contract,98531,724,Yes,No,Approved,4347.84,4529,4,Co-signer pending review.
1311336,0876,2023-07-24,Unemployed,227024,739,Yes,No,Under Review,2773.20,4622,1,Referred by agent.
1311512,0175,19/12/2024,Unemployed,193052,726,No,No,Approved,3985.20,6642,3,n/a
1314388,1021,2024-01-05,Part-Time,168987,656,No,Yes,Pending,2354.82,3019,5,Applicant follow-up needed
1315692,1534,,Unemployed,115284,,No,No,Withdrawn,1495.68,1558,4,Applicant provided pay stubs.
1316306,1318,2023-02-27,Self-Employed,138150,635,No,No,Pending,2309.34,3499,2,Co-signer pending review.
1317439,0823,2021-12-05,Self-Employed,228023,696,No,Yes,Withdrawn,5256.42,0,3,Renewal case.
1320159,1705,22/12/2022,Self-Employed,51953,745,No,Yes,Withdrawn,2300.22,2949,3,n/a
1321498,0012,2021-06-19,Unemployed,135998,672,Yes,Yes,Denied,1766.40,1840,2,income verified via Plaid
1323617,1280,2022-12-18,Unemployed,142857,762,No,Yes,Denied,1104.00,1840,5,Co-signer pending review.
1324015,0221,2024-12-15,Part-Time,105329,773,Yes,No,Under Review,2435.16,3122,1,Co-signer pending review.
1325022,1667,2024-05-06,Self-Employed,245968,837,Yes,Yes,Approved,4041.24,4811,5,Flagged for manual review.
1325734,0512,2023-12-01,Contract,70488,621,No,No,Denied,7903.68,8233,4,n/a
1327558,1578,2022-07-16,Self-Employed,69912,767,No,No,Under Review,5772.48,6872,4,Applicant follow-up needed
1327635,0765,2020-06-06,Full-Time,114942,757,No,No,Approved,3472.92,5262,1,N/A
1328779,0707,2021-06-24,Unemployed,30588,588,No,No,Denied,2990.40,4984,1,N/A
1333167,0812,2023-08-24,Contract,27972,644,Yes,No,Pending,1788.60,2981,5,.
1333778,0414,2024-02-16,Contract,68515,849,No,No,Denied,2018.40,3364,2,Missing bank statements.
1333817,1250,2022-06-22,Self-Employed,117010,,No,Yes,Pending,2965.56,3802,2,Referred by agent.
1336220,0893,2020-04-07,Full-Time,101515,643,Yes,Yes,Denied,3053.70,3915,1,Co-signer pending review.
1336381,1646,2023-12-28,Student,29129,747,No,Yes,Pending,4216.80,7028,4,Renewal case.
1337418,1384,2023-01-04,Self-Employed,112081,684,Yes,Yes,Pending,2334.42,3537,1,Renewal case.
1337699,0013,2024-05-18,Unemployed,118185,758,No,No,Withdrawn,2306.70,3495,3,Co-signer pending review.
1339938,0017,24/11/2020,Retired,56204,313,No,No,Pending,2469.48,3166,2,
1340013,1542,2024-02-05,Unemployed,237755,627,No,No,Approved,549.78,833,2,Applicant follow-up needed
1340614,0868,2021-11-19,Contract,27331,710,No,No,Denied,3329.28,3468,1,Co-signer pending review.
1341372,0911,2020-04-15,Student,215699,758,Yes,No,Denied,4841.28,5043,1,Co-signer pending review.
1342969,0859,2021-10-23,Full-Time,192470,769,No,No,Approved,3437.28,5208,4,Applicant follow-up needed
1346546,0851,2023-06-07,Part-Time,230545,505,No,Yes,Approved,1533.48,1966,1,Applicant follow-up needed
1346790,0347,2022-07-19,Retired,172746,849,No,Yes,Approved,1979.34,2999,4,
1350123,0736,2022-02-18,Self-Employed,64492,704,No,Yes,Approved,3036.48,3163,1,
1351816,0327,2020-09-02,Unemployed,16185,636,Yes,Yes,Denied,3147.00,5245,2,N/A
1355856,0458,19/07/2024,Contract,184315,766,Yes,Yes,Approved,2857.92,2977,3,
1356632,0242,2020-06-07,Contract,293792,779,No,No,Denied,2073.96,2469,1,
1357131,1688,27/08/2021,Student,6926,715,No,No,Approved,1792.20,2987,5,Renewal case.
1358283,0690,2023-02-08,Student,20181,737,No,Yes,Withdrawn,1048.32,1344,1,N/A
1358978,0954,30/08/2023,Self-Employed,129873,792,No,No,Denied,3580.20,5967,1,Applicant provided pay stubs.
1359055,0125,2021-11-14,Self-Employed,96450,683,No,No,Denied,3672.48,4372,4,income verified via Plaid
1360196,0036,,Contract,80414,747,No,Yes,Denied,2252.16,2346,2,Referred by agent.
1360329,1088,2020-07-04,Contract,63848,744,Yes,Yes,Denied,4657.38,5971,3,Missing bank statements.
1361465,1119,2023-05-14,Retired,241169,784,No,Yes,Denied,3144.96,3276,5,income verified via Plaid
1362076,0590,2022-06-30,Student,89468,651,No,No,Under Review,10007.76,11914,2,Co-signer pending review.
1363683,1213,2023-06-24,Self-Employed,73926,580,No,No,Approved,2939.40,4899,5,Referred by agent.
1364576,1474,25/05/2020,Part-Time,284563,694,Yes,Yes,Pending,3555.24,4558,3,.
1366063,1007,27/11/2020,Student,170900,684,No,No,Approved,1452.36,1862,2,Flagged for manual review.
1369326,0648,2024-12-20,Full-Time,223285,583,No,No,Approved,1608.42,0,5,Applicant provided pay stubs.
1369948,0703,2021-02-26,Part-Time,207630,666,No,Yes,Denied,929.04,1106,5,Applicant follow-up needed
1370773,1245,2023-05-04,Full-Time,135681,,Yes,No,Denied,2088.24,3164,1,n/a
1371662,1685,2024-02-27,Contract,163376,774,No,Yes,Approved,2630.40,4384,1,Applicant provided pay stubs.
1371848,0564,2020-09-07,Contract,182033,801,No,No,Approved,4980.48,5188,3,Renewal case.
1373285,0923,2022-04-17,Part-Time,135970,,No,Yes,Under Review,2396.46,3631,1,.
1374842,0395,2023-08-05,Unemployed,79079,780,No,No,Approved,2486.40,4144,2,n/a
1381343,1512,2020-06-17,Full-Time,100522,527,No,Yes,Denied,2441.88,2907,5,Applicant provided pay stubs.
1381755,0252,2024-02-13,Full-Time,265928,796,No,Yes,Approved,1089.00,1650,5,Flagged for manual review.
1381965,0702,2020-12-06,Full-Time,45724,698,No,Yes,Denied,1036.56,1234,5,Renewal case.
1383577,0680,24/05/2022,Student,180931,640,No,No,Pending,950.88,1132,2,income verified via Plaid
1383736,1410,2024-01-27,Student,219558,608,No,No,Withdrawn,3389.10,4345,4,N/A
1385269,0299,2022-05-21,Contract,42711,434,No,No,Approved,2956.80,4480,5,docs expired
1390735,1437,2024-11-29,Full-Time,298821,N/A,No,No,Approved,3875.04,4968,4,
1393536,1659,2024-03-28,Contract,144421,674,No,Yes,Approved,2287.74,2933,3,
1393706,1651,2023-08-03,Student,71675,687,No,No,Approved,1968.12,2982,3,Applicant follow-up needed
1394070,1551,,Student,123323,674,No,Yes,Denied,2056.86,2637,1,Applicant follow-up needed
1394208,1547,2023-03-19,Student,232588,758,No,Yes,Approved,3628.80,3780,2,income verified via Plaid
1396897,0086,2020-11-26,Self-Employed,161877,730,No,No,Approved,4961.40,8269,4,.
1397074,1688,2021-06-20,Student,221413,716,No,Yes,Pending,2867.52,2987,5,
1398458,1421,2024-03-13,Student,304115,634,Yes,Yes,Approved,2304.72,3492,5,Renewal case.
1400056,0419,2020-08-15,Self-Employed,198300,752,No,No,Under Review,1154.40,1924,4,Missing bank statements.
1402893,1028,2022-01-30,Full-Time,219357,762,No,No,Pending,1311.18,1681,2,Renewal case.
1406724,0596,2023-04-05,Retired,262467,365,No,No,Denied,2854.80,3660,4,n/a
1407333,1619,2020-01-03,Retired,47324,692,No,No,Approved,1839.36,1916,3,income verified via Plaid
1408395,0924,2022-11-07,Retired,927000,833,Yes,Yes,Under Review,1051.20,1095,2,n/a
1410394,0359,2024-03-28,Part-Time,57768,747,No,No,Denied,1958.04,2331,2,docs expired
1410448,0002,2021-07-26,Self-Employed,35179,,Yes,No,Under Review,2588.04,3081,3,Applicant follow-up needed
1411111,0500,2022-04-17,Self-Employed,156435,,No,No,Approved,933.60,1556,5,Renewal case.
1413927,1256,2023-11-05,Full-Time,6567,776,Yes,No,Approved,3121.56,4002,2,Applicant provided pay stubs.
1413956,1407,2023-10-07,Retired,34593,347,No,Yes,Pending,2155.14,2763,2,N/A
1414229,0190,2024-02-23,Part-Time,21143,583,Yes,Yes,Pending,4449.90,0,5,Flagged for manual review.
1417229,1363,2020-02-09,Unemployed,231888,829,Yes,No,Denied,1500.24,1786,3,Applicant follow-up needed
1417457,0051,2020-07-03,Full-Time,223290,787,No,Yes,Withdrawn,1647.36,2496,3,Applicant follow-up needed
1419638,1501,30/01/2024,Student,96159,473,No,No,Denied,976.56,1252,1,Flagged for manual review.
1420433,1229,18/01/2023,Retired,299916,709,Yes,No,Denied,6237.00,9450,2,Missing bank statements.
1421031,1423,,Unemployed,80242,580,Yes,Yes,Denied,4509.12,5368,1,Missing bank statements.
1421154,0916,2024-01-26,Retired,146317,686,Yes,No,Denied,1648.92,2114,2,Missing bank statements.
1421324,0727,2023-09-25,Student,176465,788,No,No,Approved,2252.40,3754,1,Renewal case.
1421337,1652,2024-11-25,Retired,101848,,Yes,No,Denied,1212.12,1554,5,
1425475,0702,2021-04-17,Full-Time,177191,773,No,No,Pending,740.40,1234,2,Renewal case.
1425917,0618,2022-11-25,Self-Employed,24762,N/A,No,Yes,Approved,3618.60,6031,4,
1426083,0841,2021-10-11,Retired,44264,,Yes,No,Under Review,2335.32,2994,2,Renewal case.
1426142,0173,2022-04-16,Student,19660,818,No,Yes,Approved,2128.62,2729,2,Renewal case.
1429156,1047,2024-09-21,Retired,50824,708,No,Yes,Approved,1236.18,1873,4,
1432121,1543,2024-12-12,Unemployed,166287,794,No,No,Approved,588.06,891,5,Referred by agent.
1432287,0338,2024-10-19,Self-Employed,177658,320,Yes,Yes,Pending,2818.86,4271,1,n/a
1433872,1176,2020-06-28,Self-Employed,141126,710,No,Yes,Withdrawn,1518.72,1808,2,Applicant follow-up needed
1437097,1009,2021-10-08,Student,194473,839,No,No,Approved,2437.68,2902,4,Referred by agent.
1438918,0133,2022-02-24,Part-Time,79978,718,No,No,Approved,3067.20,3195,2,Referred by agent.
1439322,0431,2022-08-18,Self-Employed,144725,686,No,Yes,Denied,3019.80,3595,1,docs expired
1441459,0337,2024-05-26,Self-Employed,13509,806,No,Yes,Approved,3193.68,3802,2,Missing bank statements.
1441550,1467,2024-10-25,Contract,38084,663,Yes,No,Denied,1393.86,1787,4,N/A
1441633,0946,2021-06-22,Contract,214123,561,No,No,Denied,5125.56,7766,3,N/A
1442198,0885,2022-07-05,Full-Time,164758,844,No,No,Approved,1454.70,1865,2,docs expired
1445737,1021,24/10/2022,Unemployed,186807,683,Yes,No,Denied,1992.54,3019,4,Applicant provided pay stubs.
1449184,1291,2022-12-14,Unemployed,210570,714,No,No,Pending,1584.60,2641,2,Co-signer pending review.
1449910,1600,19/12/2022,Unemployed,139143,600,No,No,Pending,2278.08,2373,3,Co-signer pending review.
1454099,0587,2022-04-09,Full-Time,37371,584,No,No,Approved,5443.20,5670,1,
1454379,0426,2021-11-20,Student,201912,423,No,No,Denied,3597.00,5450,1,Co-signer pending review.
1454605,0814,2020-07-12,Retired,307997,610,No,No,Denied,8871.24,0,2,N/A
1454745,1447,2021-12-09,Part-Time,128219,601,No,Yes,Approved,721.80,1203,5,
1454878,0374,2020-07-09,Self-Employed,254280,586,No,No,Approved,1475.10,2235,3,Missing bank statements.
1455321,1592,2021-06-15,Part-Time,182886,708,No,Yes,Denied,2989.56,3559,3,Applicant follow-up needed
1455668,0805,2021-08-22,Student,244807,701,Yes,Yes,Approved,1600.20,1905,3,.
1456185,1296,2020-02-08,Part-Time,211991,617,No,Yes,Withdrawn,1197.00,1995,4,Referred by agent.
1456340,1435,2020-02-08,Student,242941,,No,No,Approved,3482.88,3628,5,n/a
1456921,0865,2023-01-10,Self-Employed,186474,703,No,No,Under Review,850.80,1418,1,.
1457303,1648,28/09/2022,Student,130665,N/A,No,No,Approved,3406.26,4367,1,N/A
1458719,1488,2023-04-10,Retired,168716,787,No,Yes,Denied,5110.38,7743,2,Applicant follow-up needed
1458758,1390,2020-08-17,Contract,260183,587,No,Yes,Approved,1491.60,2260,5,income verified via Plaid
1459768,0368,2022-10-16,Retired,125937,,No,No,Denied,976.80,1628,1,docs expired
1460849,0835,2021-05-07,Full-Time,36569,,Yes,No,Denied,2329.86,2987,3,Flagged for manual review.
1463188,0137,2022-08-10,Student,175140,728,No,Yes,Approved,1314.72,1992,5,Co-signer pending review.
1467817,1641,23/05/2022,Self-Employed,73186,659,No,No,Approved,4741.62,6079,3,
1468234,1227,2022-12-17,Self-Employed,91745,604,No,No,Pending,1485.00,2250,5,Applicant provided pay stubs.
1469576,0211,2020-01-16,Part-Time,126247,424,No,No,Approved,939.84,1424,3,Missing bank statements.
1469822,0984,2023-09-02,Unemployed,73834,614,No,Yes,Approved,1218.24,1269,2,.
1471582,1231,2021-10-13,Full-Time,115115,673,No,No,Denied,2028.60,3381,4,.
1473236,1791,2024-07-11,Retired,37901,559,No,Yes,Pending,3432.00,3575,4,Co-signer pending review.
1473299,0303,2020-08-03,Part-Time,75632,598,No,Yes,Denied,3143.40,5239,5,Co-signer pending review.
1474914,1737,2021-08-02,Contract,6318,743,No,No,Under Review,1125.12,0,2,income verified via Plaid
1475656,0934,2024-04-02,Full-Time,146112,694,No,No,Approved,1543.92,1838,4,Flagged for manual review.
1476651,0970,2021-05-31,Contract,207947,646,No,Yes,Approved,2135.64,2738,2,Referred by agent.
1481405,0589,2023-03-05,Retired,78115,764,No,Yes,Approved,2210.88,2632,1,n/a
1481937,0228,,Retired,214466,,Yes,No,Denied,873.18,1323,2,
1483317,1157,2024-03-03,Unemployed,249036,800,No,No,Approved,3727.80,6213,5,Referred by agent.
1484943,0955,2024-02-25,Unemployed,77262,693,No,Yes,Under Review,2155.44,2566,2,Co-signer pending review.
1486383,1130,2024-02-29,Contract,185208,343,No,No,Approved,3369.60,5616,5,n/a
1486530,0612,2024-07-14,Retired,243785,768,No,Yes,Approved,4708.80,7848,4,
1489550,1010,2022-08-16,Part-Time,169930,529,No,No,Denied,726.00,1100,5,Applicant follow-up needed
1494765,1386,2023-08-07,Self-Employed,211848,838,No,Yes,Approved,3002.16,3574,2,.
1496024,1693,2023-02-02,Self-Employed,119009,388,No,No,Pending,1084.20,1807,4,income verified via Plaid
1496522,0910,2021-07-04,Self-Employed,143195,585,No,No,Approved,1614.36,2446,4,Referred by agent.
1500803,0024,2021-10-22,Student,245707,685,Yes,Yes,Approved,2493.12,2968,5,Renewal case.
1503941,1194,2020-08-26,Part-Time,33503,734,Yes,Yes,Approved,2458.68,2927,1,
1504152,0740,,Self-Employed,116483,810,No,No,Approved,2585.28,2693,1,docs expired
1504431,0173,2021-05-19,Self-Employed,226424,811,No,Yes,Pending,2128.62,2729,1,Renewal case.
1505272,0940,2022-07-08,Unemployed,72851,678,No,No,Approved,3766.62,5707,4,
1505456,0861,2020-06-20,Part-Time,209375,748,No,No,Withdrawn,1849.80,3083,1,Flagged for manual review.
1507123,1633,27/12/2023,Full-Time,134283,711,No,No,Approved,1821.60,2760,1,
1512010,0165,2022-08-08,Retired,61349,783,No,Yes,Denied,1387.20,2312,2,Missing bank statements.
1512276,0908,2021-06-27,Unemployed,98707,,Yes,Yes,Pending,4040.40,4810,5,
1513103,0336,2020-02-02,Full-Time,206593,729,Yes,Yes,Pending,1663.74,2133,2,.
1514063,0404,2024-05-25,Self-Employed,19985,798,No,No,Approved,5966.22,7649,5,Co-signer pending review.
1514838,0539,2024-02-12,Contract,235383,654,No,No,Denied,3538.86,4537,4,.
1515584,1692,2024-01-03,Part-Time,307984,677,No,No,Withdrawn,3597.36,4612,5,Co-signer pending review.
1517068,1329,2022-09-24,Student,94589,623,No,No,Approved,2835.30,3635,2,docs expired
1517785,1125,2023-04-27,Contract,124150,742,No,No,Denied,1491.00,1775,2,
1517853,0859,2024-07-30,Part-Time,82842,587,No,No,Approved,3124.80,5208,2,Applicant provided pay stubs.
1518263,1408,21/07/2024,Self-Employed,69598,,No,No,Under Review,2054.58,0,3,docs expired
1522337,0026,28/04/2020,Part-Time,221631,N/A,No,Yes,Approved,1000.56,1516,5,Flagged for manual review.
1522400,0047,2024-12-19,Student,106399,667,Yes,No,Under Review,4241.64,5438,2,.
1524404,1436,2022-05-05,Retired,46349,,No,No,Denied,4885.44,5816,1,N/A
1526213,1632,2023-01-14,Unemployed,180748,,No,Yes,Approved,3559.38,5393,4,n/a
1526936,0479,2024-09-20,Full-Time,224791,650,No,Yes,Denied,4128.00,6880,4,Applicant follow-up needed
1527507,0473,2023-06-16,Retired,40858,601,No,Yes,Pending,3367.56,4009,2,Flagged for manual review.
1528048,0812,2021-06-12,Retired,127300,790,No,No,Approved,2504.04,2981,1,.
1529390,0888,15/06/2022,Full-Time,214053,674,No,No,Withdrawn,3447.18,5223,2,
1530909,1453,2020-09-19,Unemployed,237100,798,No,Yes,Approved,2877.12,0,1,Applicant provided pay stubs.
1532063,0286,2020-04-18,Retired,71259,490,No,Yes,Approved,8678.88,10332,2,Referred by agent.
1533632,0567,2024-04-27,Student,235078,,No,Yes,Denied,1173.48,1778,4,income verified via Plaid
1533855,1729,2023-09-25,Self-Employed,91727,799,Yes,No,Approved,497.40,829,2,Renewal case.
1534524,0374,2021-01-08,Retired,109161,693,No,Yes,Approved,1877.40,2235,4,docs expired
1535615,1541,2020-07-17,Self-Employed,31142,634,No,Yes,Under Review,5569.20,6630,5,.
1537924,1693,2021-12-03,Full-Time,120157,N/A,No,No,Approved,1517.88,1807,3,
1538668,0289,2020-07-29,Retired,92081,774,No,No,Approved,2032.20,3387,4,n/a
1539098,0453,2024-07-03,Part-Time,59831,784,No,No,Approved,1313.40,1990,4,Missing bank statements.
1539665,1741,2022-05-18,Full-Time,118411,,No,No,Pending,4141.02,5309,5,Referred by agent.
1539762,0861,2020-05-23,Student,82194,672,Yes,Yes,Approved,1849.80,3083,5,Renewal case.
1541076,1286,2022-10-30,Full-Time,48662,,No,Yes,Denied,1485.66,2251,1,Renewal case.
1541645,0015,16/03/2022,Student,76870,670,No,Yes,Approved,2135.04,2224,5,Co-signer pending review.
1543265,0011,2022-01-03,Full-Time,174385,822,No,Yes,Pending,3597.00,5995,1,Flagged for manual review.
1545899,1684,2022-06-26,Contract,21425,793,No,Yes,Denied,1819.80,3033,2,N/A
1546217,0022,2021-12-01,Student,45689,444,No,No,Withdrawn,1513.98,1941,2,Renewal case.
1546447,0199,2024-07-30,Contract,170703,829,No,Yes,Denied,1110.60,1851,3,income verified via Plaid
1549103,1258,2020-12-01,Unemployed,250000,681,No,No,Denied,1644.48,1713,1,.
1553482,1107,27/09/2023,Retired,111345,814,No,Yes,Denied,2483.52,3184,3,Referred by agent.
1553772,1741,2022-12-18,Full-Time,209162,724,No,Yes,Denied,3185.40,5309,3,Flagged for manual review.
1557077,1159,2020-05-23,Unemployed,62491,713,No,No,Denied,1944.60,3241,1,docs expired
1558025,1211,2021-02-20,Student,118243,739,No,Yes,Pending,1359.54,1743,3,docs expired
1558860,0803,2020-05-08,Self-Employed,168869,835,No,No,Denied,8073.60,8410,4,Renewal case.
1559962,0981,27/05/2024,Full-Time,107619,586,No,No,Withdrawn,544.50,825,3,Flagged for manual review.
1561042,0097,2020-11-15,Retired,90760,696,No,No,Denied,1558.08,1623,5,Flagged for manual review.
1564220,1489,2024-10-22,Self-Employed,222643,733,No,Yes,Denied,859.32,1302,1,Flagged for manual review.
1565132,1241,2021-05-08,Self-Employed,190435,715,Yes,No,Approved,1013.76,1536,3,
1567065,0363,22/07/2021,Unemployed,56378,758,No,No,Under Review,1353.60,1410,1,n/a
1567311,0688,2024-07-11,Full-Time,57348,619,Yes,Yes,Pending,2543.58,3261,4,n/a
1567610,1140,2022-03-04,Unemployed,161099,808,No,Yes,Denied,2327.64,2771,5,docs expired
1568141,0605,2020-11-18,Unemployed,142427,691,No,Yes,Denied,1943.76,2314,4,
1571175,0509,2024-02-04,Full-Time,222138,808,No,No,Pending,958.20,1597,1,Applicant provided pay stubs.
1572806,0162,2024-02-21,Full-Time,234952,,Yes,No,Approved,927.42,1189,2,Flagged for manual review.
1576505,0502,2022-10-26,Full-Time,95268,813,No,No,Denied,4966.08,5173,5,Applicant follow-up needed
1576507,1406,2024-11-22,Student,103383,682,No,Yes,Pending,2835.30,3635,5,income verified via Plaid
1576766,1167,2022-02-14,Retired,78221,768,No,No,Pending,6034.56,6286,3,.
1576769,1413,2021-02-14,Retired,89690,580,No,Yes,Approved,1654.20,2757,2,docs expired
1577290,1584,2021-12-17,Part-Time,180754,715,No,No,Approved,1797.12,1872,5,income verified via Plaid
1577327,0226,2023-09-27,Full-Time,214760,786,Yes,Yes,Pending,1019.70,1545,2,Applicant provided pay stubs.
1579921,0856,2023-06-12,Retired,157751,724,No,Yes,Denied,508.20,847,5,docs expired
1580462,0691,2022-11-13,Unemployed,182444,730,No,No,Withdrawn,2402.88,2503,3,N/A
1580845,0967,2020-12-03,Student,12725,706,No,Yes,Approved,1553.16,1849,4,Referred by agent.
1581577,0097,17/09/2020,Student,129428,735,No,Yes,Denied,1363.32,1623,2,
1583786,0051,16/07/2020,Self-Employed,48115,839,No,No,Approved,1946.88,2496,1,Flagged for manual review.
1583847,0818,2021-11-27,Full-Time,161185,730,No,Yes,Denied,2661.12,4032,3,Missing bank statements.
1584350,0856,26/07/2024,Part-Time,156003,813,Yes,Yes,Approved,813.12,847,4,
1584717,0718,2021-06-02,Self-Employed,162800,741,Yes,No,Withdrawn,3125.76,4736,4,Applicant provided pay stubs.
1585868,0395,2022-11-12,Retired,66625,765,Yes,No,Denied,3480.96,4144,4,n/a
1586050,0769,2022-01-19,Unemployed,111987,753,Yes,Yes,Under Review,3444.00,5740,1,Co-signer pending review.
1586528,0907,2020-01-08,Self-Employed,142000,818,No,No,Denied,1665.72,1983,4,
1587037,1343,2020-04-25,Unemployed,230906,813,No,No,Approved,927.60,1546,1,n/a
1588668,0217,2023-12-24,Contract,66503,844,Yes,No,Pending,2698.02,3459,1,
1590489,0133,2020-06-22,Self-Employed,24385,619,No,No,Approved,2683.80,3195,5,Referred by agent.
1592922,1514,27/10/2022,Full-Time,95607,683,No,Yes,Pending,1329.24,2014,5,N/A
1593790,0934,2020-10-25,Unemployed,39181,779,No,Yes,Withdrawn,1433.64,1838,3,Co-signer pending review.
1596735,0463,2022-09-29,Self-Employed,138467,313,No,Yes,Approved,2376.00,3600,5,Applicant provided pay stubs.
1597978,0640,2023-01-06,Full-Time,110400,,No,Yes,Under Review,2271.60,3786,2,
1598066,0441,2020-10-08,Self-Employed,169987,743,No,Yes,Approved,3701.94,5609,1,.
1598777,0664,2021-06-30,Part-Time,93049,593,No,No,Pending,534.00,890,3,Missing bank statements.
1599022,1599,,Retired,176334,689,Yes,No,Approved,3153.60,3285,4,
1599737,0689,,Student,159444,780,No,Yes,Approved,1306.20,1555,1,Co-signer pending review.
1600224,0173,,Student,205721,726,No,No,Denied,2292.36,2729,1,docs expired
1600796,1119,23/06/2020,Full-Time,188190,599,No,Yes,Pending,2555.28,3276,2,Applicant provided pay stubs.
1601528,1443,2023-11-12,Unemployed,213424,648,No,No,Approved,1779.84,1854,3,Applicant provided pay stubs.
1603264,0289,2020-05-28,Unemployed,130794,N/A,No,No,Approved,2641.86,3387,5,Co-signer pending review.
1604626,0251,2021-03-09,Full-Time,66225,605,No,No,Denied,936.54,1419,1,Renewal case.
1606729,0515,2020-12-28,Part-Time,75275,800,No,No,Approved,4014.00,6690,5,Flagged for manual review.
1607092,1507,2021-12-19,Full-Time,292139,701,Yes,No,Approved,2855.04,2974,3,N/A
1608447,0969,2024-05-04,Part-Time,22992,686,No,Yes,Withdrawn,1177.80,1510,1,
1609769,0205,2020-06-24,Full-Time,80371,667,Yes,No,Pending,884.52,1134,4,
1609883,1451,2020-09-13,Unemployed,25406,798,No,No,Approved,4000.32,4167,2,income verified via Plaid
1609889,0930,2020-09-29,Self-Employed,149840,703,No,Yes,Approved,2805.60,3340,4,Renewal case.
1611408,1462,2021-09-04,Full-Time,209411,804,Yes,Yes,Withdrawn,927.00,1545,2,Flagged for manual review.
1615899,0026,2021-12-04,Student,156802,604,Yes,No,Approved,909.60,1516,3,.
1619043,0752,2024-05-21,Self-Employed,133443,676,Yes,Yes,Under Review,2064.60,3441,5,Applicant provided pay stubs.
1620348,0097,14/10/2024,Unemployed,87152,655,No,Yes,Approved,1265.94,1623,5,Co-signer pending review.
1621397,0812,2023-10-12,Contract,114654,698,No,Yes,Approved,1967.46,2981,1,Renewal case.
1622768,0713,2020-09-17,Part-Time,225408,660,Yes,Yes,Denied,3351.48,5078,2,Flagged for manual review.
1623640,0675,2021-06-24,Retired,190424,752,Yes,Yes,Denied,2484.90,3765,5,docs expired
1624412,0595,2021-08-05,Part-Time,195129,846,No,Yes,Approved,1994.40,3324,5,Missing bank statements.
1624576,0847,2023-07-25,Full-Time,66626,748,No,Yes,Pending,4751.04,5656,2,n/a
1625232,0467,2022-11-24,Retired,160420,,No,No,Approved,6529.38,8371,2,Applicant follow-up needed
1626810,1743,2024-07-20,Contract,169547,583,No,Yes,Approved,929.88,0,3,Missing bank statements.
1627568,1135,2022-02-13,Part-Time,54575,787,No,No,Pending,2251.20,2680,3,Applicant provided pay stubs.
1631280,1707,2020-01-14,Self-Employed,78638,,No,Yes,Denied,5006.40,5960,1,docs expired
1631463,0425,,Retired,195200,710,No,Yes,Denied,1350.72,1608,2,Renewal case.
1632839,0588,2021-09-01,Full-Time,8722,,No,Yes,Denied,1629.60,1940,2,N/A
1635071,1299,2022-10-11,Self-Employed,119289,,No,Yes,Approved,883.08,1338,4,Applicant follow-up needed
1635086,0715,2023-06-12,Retired,220463,600,No,Yes,Approved,1665.72,1983,3,N/A
1636418,0603,2024-10-21,Full-Time,30938,790,No,No,Pending,724.80,1208,4,docs expired
1637009,0270,2022-04-29,Retired,35842,727,Yes,No,Approved,2892.00,4820,3,Applicant follow-up needed
1640027,0181,,Self-Employed,58625,,No,No,Under Review,601.26,911,2,n/a
1641836,0231,2020-01-07,Contract,186248,708,No,No,Pending,6999.36,7291,4,
1642092,1518,2022-06-18,Part-Time,58606,713,Yes,Yes,Withdrawn,2654.40,4424,2,
1642462,0797,2021-12-30,Contract,183988,373,No,No,Approved,2859.78,4333,5,
1642778,0836,2021-03-16,Unemployed,218401,722,No,No,Approved,4248.00,4425,4,
1643278,1625,2021-01-09,Self-Employed,157095,799,No,Yes,Denied,4545.84,5828,1,Applicant provided pay stubs.
1646325,0218,2023-02-02,Unemployed,32404,755,No,No,Denied,2470.38,3743,4,Flagged for manual review.
1646876,0964,2020-08-18,Student,27859,,Yes,No,Denied,4089.60,4260,3,n/a
1648100,1485,2020-02-08,Self-Employed,123925,775,Yes,No,Denied,3100.44,3691,2,Flagged for manual review.
1648478,0494,2024-02-10,Student,140000,390,Yes,Yes,Pending,5010.60,5965,4,Applicant provided pay stubs.
1648846,0605,2024-01-12,Self-Employed,169628,817,No,Yes,Approved,1804.92,2314,5,N/A
1649903,1262,2023-01-11,Self-Employed,161267,836,No,Yes,Approved,5814.48,6922,2,Renewal case.
1653879,0231,2024-11-17,Student,159099,689,No,No,Approved,6124.44,7291,2,Referred by agent.
1653990,0768,14/10/2024,Self-Employed,91937,671,No,No,Approved,5374.98,6891,4,N/A
1654210,1176,2022-01-28,Retired,139823,705,Yes,Yes,Approved,1084.80,1808,5,Applicant follow-up needed
1655326,1521,2022-10-09,Contract,197004,590,No,No,Approved,2601.72,3942,3,Missing bank statements.
1656041,1473,2021-09-06,Contract,77826,586,No,Yes,Pending,2817.60,4696,1,docs expired
1656499,0455,2024-03-01,Self-Employed,142995,740,No,Yes,Withdrawn,3723.84,3879,5,
1657683,1189,,Unemployed,191642,684,No,No,Withdrawn,4107.84,4279,4,Applicant provided pay stubs.
1659533,0492,2022-01-27,Unemployed,75237,647,No,No,Under Review,1409.28,1468,5,Flagged for manual review.
1662339,1092,23/03/2020,Contract,168123,648,No,No,Approved,5248.32,7952,1,docs expired
1663603,0429,2023-11-07,Student,30273,760,Yes,Yes,Pending,5532.48,5763,3,n/a
1664468,1445,25/06/2022,Contract,195905,747,No,No,Approved,7014.00,8350,5,Missing bank statements.
1666013,0349,2023-03-07,Contract,246360,602,No,Yes,Approved,1825.98,2341,4,Co-signer pending review.
1667485,1258,22/02/2022,Student,222800,814,No,No,Approved,1027.80,1713,1,Missing bank statements.
1668825,0749,28/04/2021,Part-Time,163845,653,No,No,Under Review,1656.60,2761,1,Renewal case.
1669384,0275,2020-08-07,Self-Employed,52869,663,Yes,No,Denied,1108.80,1680,3,income verified via Plaid
1670088,0893,2022-04-28,Retired,40385,540,Yes,Yes,Approved,2349.00,3915,1,Missing bank statements.
1670492,1559,2021-11-21,Part-Time,209759,831,No,Yes,Approved,1069.86,1621,2,docs expired
1672926,1679,,Retired,8610,822,No,No,Approved,4256.64,4434,5,income verified via Plaid
1673397,1299,2023-07-19,Part-Time,84969,801,Yes,Yes,Approved,1284.48,1338,3,Co-signer pending review.
1673717,0325,2024-12-09,Retired,195221,820,No,No,Denied,1109.76,1156,3,Renewal case.
1674060,1015,2020-04-30,Self-Employed,318589,695,Yes,No,Approved,3423.60,5706,5,
1674102,1269,2023-07-09,Self-Employed,51109,705,No,Yes,Denied,1571.46,2381,1,docs expired
1674489,0201,2021-01-31,Self-Employed,54377,696,Yes,Yes,Approved,1895.40,2430,1,Renewal case.
1675105,1610,2023-02-14,Part-Time,229170,753,No,Yes,Under Review,1823.40,3039,3,Applicant provided pay stubs.
1676181,0733,2020-08-26,Student,73578,799,No,Yes,Pending,1036.20,1570,3,Applicant provided pay stubs.
1677814,0452,2023-02-04,Unemployed,186184,738,Yes,Yes,Approved,3488.94,4473,2,Applicant follow-up needed
1679918,0658,24/01/2024,Part-Time,66369,779,No,Yes,Pending,2037.60,3396,1,docs expired
1680531,0431,2023-03-16,Retired,154462,633,No,No,Denied,3451.20,3595,3,income verified via Plaid
1681040,0927,23/02/2022,Contract,62865,390,No,Yes,Denied,4608.00,7680,3,income verified via Plaid
1683191,1023,2024-08-27,Self-Employed,196578,693,No,Yes,Approved,822.12,1054,5,Renewal case.
1683892,0023,2022-07-24,Unemployed,109608,670,Yes,No,Denied,3052.56,3634,2,Missing bank statements.
1685707,1524,2020-04-29,Contract,199160,654,No,No,Pending,2352.00,2800,2,Referred by agent.
1686474,0272,2022-03-13,Full-Time,117799,465,No,No,Denied,1060.80,1360,4,Renewal case.
1687231,1364,2021-06-14,Student,68682,670,No,Yes,Approved,4536.84,5401,2,
1687755,1305,2024-12-20,Self-Employed,59547,804,No,No,Pending,4126.32,6252,4,income verified via Plaid
1689605,1672,19/05/2024,Retired,81650,812,No,Yes,Approved,2632.56,3134,1,Co-signer pending review.
1689735,0753,2020-09-29,Full-Time,55645,N/A,Yes,No,Approved,1626.00,2710,5,docs expired
1691795,1159,2020-03-27,Self-Employed,236477,645,Yes,No,Denied,2139.06,3241,2,
1692720,1398,2021-03-03,Retired,121407,778,No,Yes,Approved,2279.16,2922,1,.
1692757,1105,2022-02-05,Full-Time,68343,762,No,No,Denied,1159.68,1208,3,Missing bank statements.
1695843,0471,2022-04-18,Full-Time,257137,766,No,No,Approved,1313.28,1368,5,Renewal case.
1696508,1733,2024-06-07,Full-Time,31032,797,No,Yes,Approved,10232.64,10659,1,docs expired
1696940,1653,2022-10-02,Student,238440,452,No,No,Approved,2411.76,3092,4,
1700113,1504,28/07/2022,Unemployed,11239,774,No,No,Approved,5217.30,7905,1,Flagged for manual review.
1701824,1645,2024-06-01,Unemployed,232018,708,No,Yes,Approved,3275.58,4963,5,docs expired
1702550,1594,2021-06-09,Unemployed,257290,844,No,No,Pending,5092.92,6063,5,N/A
1704874,0582,2021-10-16,Retired,186614,376,No,Yes,Approved,3042.78,3901,4,income verified via Plaid
1706491,0057,18/01/2021,Unemployed,139460,509,No,No,Approved,4116.42,6237,3,N/A
1708953,1221,2023-10-09,Student,123099,729,No,Yes,Denied,4694.82,6019,3,Flagged for manual review.
1709531,0907,2024-10-29,Retired,114586,,No,No,Approved,1903.68,1983,4,docs expired
1711674,1412,2024-02-19,Part-Time,77429,,No,Yes,Pending,1516.80,1580,4,Flagged for manual review.
1715292,1501,2021-07-26,Part-Time,248429,728,No,Yes,Approved,1051.68,1252,5,Referred by agent.
1716241,1732,2024-10-28,Contract,275596,796,No,No,Pending,1006.20,1677,3,.
1716514,1489,14/01/2021,Self-Employed,138453,668,Yes,No,Under Review,781.20,1302,2,Applicant provided pay stubs.
1719459,1474,26/11/2024,Full-Time,289142,,No,Yes,Pending,3555.24,4558,5,Referred by agent.
1720765,0361,2024-12-10,Contract,156990,629,No,No,Approved,2799.72,4242,2,docs expired
1721894,1018,2020-04-06,Full-Time,26484,,No,No,Approved,6441.12,7668,3,Renewal case.
1724477,1295,13/10/2020,Student,167607,654,No,Yes,Pending,4772.46,7231,4,Missing bank statements.
1724656,0077,2023-12-15,Contract,49837,604,No,Yes,Denied,1652.16,1721,2,Renewal case.
1728974,1387,2020-02-25,Part-Time,140500,495,No,No,Denied,2055.36,2141,5,Renewal case.
1729254,0502,,Full-Time,232634,599,No,No,Approved,3103.80,5173,4,Flagged for manual review.
1729842,0134,2021-08-10,Student,147675,831,No,Yes,Approved,3547.20,3695,4,
1731331,0716,2021-09-22,Unemployed,240462,735,No,No,Approved,1738.80,2898,5,income verified via Plaid
1731530,1034,2024-07-31,Self-Employed,51173,705,No,Yes,Approved,3225.60,3360,2,
1734113,0072,21/09/2021,Student,83594,660,No,No,Approved,2635.08,3137,2,
1735816,0220,2022-04-02,Full-Time,122014,792,No,No,Under Review,1397.88,2118,2,Applicant follow-up needed
1736561,0265,21/09/2022,Part-Time,68800,635,Yes,Yes,Approved,1333.08,1587,4,income verified via Plaid
1743367,0743,2021-09-19,Unemployed,225375,772,No,Yes,Approved,798.72,832,3,docs expired
1745657,1484,2022-12-22,Full-Time,117389,616,Yes,No,Pending,2946.72,3508,3,
1746149,0865,2022-07-17,Retired,78402,632,No,No,Approved,1191.12,1418,1,Renewal case.
1746804,1278,2023-02-23,Part-Time,121996,600,Yes,No,Denied,1585.32,2402,2,
1748491,0797,2024-04-21,Self-Employed,117828,616,No,No,Pending,2599.80,4333,4,Renewal case.
1749150,1721,2020-02-17,Retired,126658,772,No,Yes,Denied,1078.74,1383,4,Missing bank statements.
1750585,1288,2021-06-04,Student,69695,844,No,No,Denied,2210.04,2631,3,income verified via Plaid
1751502,0922,2020-07-25,Self-Employed,161804,766,No,Yes,Denied,767.40,1279,5,Co-signer pending review.
1752600,0743,2020-01-25,Contract,88341,801,No,No,Approved,698.88,832,4,N/A
1753238,0732,2023-10-14,Part-Time,231643,840,No,No,Pending,1807.74,2739,3,Applicant follow-up needed
1753815,1749,18/10/2023,Self-Employed,215571,766,No,No,Approved,1336.14,1713,5,N/A
1754251,1748,19/01/2024,Student,227074,843,Yes,No,Approved,904.20,1507,1,n/a
1755948,1011,2022-06-21,Part-Time,21631,650,No,No,Denied,5060.16,5271,2,.
1758277,0104,2023-07-20,Self-Employed,185565,626,No,Yes,Withdrawn,2128.50,3225,1,Applicant follow-up needed
1762766,0105,2024-01-04,Student,181549,,No,No,Approved,4799.76,5714,5,Referred by agent.
1767479,0685,24/04/2022,Unemployed,236137,,No,Yes,Approved,1207.92,1438,3,Missing bank statements.
1769140,0401,2020-06-26,Contract,243934,822,No,Yes,Pending,3903.00,6505,4,income verified via Plaid
1770106,0956,2024-06-02,Student,115037,481,No,No,Withdrawn,2082.60,3471,3,Co-signer pending review.
1771224,0919,2022-04-29,Unemployed,433000,736,No,No,Approved,884.16,921,3,Flagged for manual review.
1771644,0366,24/06/2020,Contract,6850,811,No,Yes,Approved,3296.16,3924,3,N/A
1771831,0666,2020-04-15,Part-Time,26579,,Yes,No,Approved,1114.08,1688,2,Missing bank statements.
1773757,0170,2022-07-28,Full-Time,70890,664,No,No,Denied,3596.04,4281,2,N/A
1775601,0807,2020-05-18,Unemployed,59342,680,No,No,Under Review,1743.36,1816,5,Renewal case.
1776102,1189,2021-12-10,Retired,186828,648,No,Yes,Approved,3337.62,4279,5,Missing bank statements.
1778360,1257,2023-12-01,Retired,159485,759,No,Yes,Denied,609.00,1015,4,Referred by agent.
1780025,0129,2024-06-11,Student,88059,739,No,Yes,Denied,947.10,1435,4,
1781132,0176,2024-09-17,Unemployed,153051,673,No,Yes,Withdrawn,6304.74,8083,5,Referred by agent.
1782416,1324,2021-06-01,Self-Employed,194338,791,No,No,Under Review,704.76,839,3,
1788741,0887,2023-07-23,Contract,125309,,No,No,Denied,3956.94,5073,1,Renewal case.
1789081,1055,2023-04-11,Self-Employed,47358,616,No,Yes,Approved,5659.20,5895,4,n/a
1789464,0019,2022-10-18,Student,98624,N/A,No,No,Pending,2235.48,2866,2,docs expired
1789709,1629,2022-10-09,Full-Time,112049,833,No,No,Under Review,1609.92,2064,1,
1789782,0272,16/09/2023,Retired,56817,609,No,No,Denied,897.60,1360,5,Referred by agent.
1791289,0535,2023-01-22,Student,232173,776,No,Yes,Approved,715.20,1192,2,Referred by agent.
1791420,1210,2021-03-29,Full-Time,50484,752,No,No,Approved,2459.52,2928,1,income verified via Plaid
1791713,1352,30/04/2020,Retired,116645,658,No,No,Pending,1648.14,2113,1,Co-signer pending review.
1791869,1798,2023-05-27,Student,234868,674,No,No,Approved,4572.48,6928,3,.
1793618,0691,2022-12-08,Full-Time,112436,777,No,No,Pending,2402.88,2503,2,Applicant follow-up needed
1794054,1365,2024-12-19,Full-Time,201035,,No,No,Denied,2748.60,4581,5,N/A
1796934,1371,24/07/2022,Self-Employed,156012,745,No,Yes,Approved,2607.00,3950,3,Applicant provided pay stubs.
1798660,1536,30/10/2021,Full-Time,300561,,No,No,Withdrawn,3559.14,4563,4,Applicant provided pay stubs.
1800061,0072,2020-11-22,Contract,18593,706,No,No,Approved,2446.86,3137,1,Referred by agent.
1801923,0282,2020-02-09,Part-Time,228098,668,No,No,Approved,760.80,1268,1,
1802722,1194,2023-05-18,Unemployed,87226,694,No,No,Denied,2283.06,2927,2,
1805528,0583,2024-05-16,Student,209652,748,No,Yes,Denied,2106.60,3511,5,Renewal case.
1805632,0183,2021-09-16,Student,30197,,No,No,Denied,4614.60,7691,3,.
1806457,1219,27/07/2022,Self-Employed,248163,,Yes,No,Approved,1869.00,3115,4,n/a
1807221,1392,18/06/2022,Retired,307607,715,No,No,Denied,5605.38,8493,1,Flagged for manual review.
1809310,0299,2022-01-08,Full-Time,51024,644,No,No,Denied,3494.40,4480,4,Applicant follow-up needed
1810017,0496,19/11/2023,Student,171281,792,No,No,Approved,2752.32,2867,5,Applicant follow-up needed
1810670,0177,2022-06-06,Retired,208614,741,Yes,No,Approved,1226.16,1572,1,docs expired
1812172,0287,2024-10-05,Part-Time,217531,750,No,Yes,Approved,4344.60,5570,1,income verified via Plaid
1812315,1065,2024-08-04,Full-Time,202823,771,No,Yes,Pending,1060.92,1263,1,Applicant follow-up needed
1814909,0366,2022-01-04,Retired,140426,722,No,Yes,Denied,3767.04,3924,2,Applicant follow-up needed
1814961,1351,18/10/2024,Unemployed,104440,713,No,No,Approved,2520.60,4201,5,Applicant provided pay stubs.
1815895,1142,2023-05-04,Full-Time,120262,815,Yes,No,Approved,3038.40,5064,5,n/a
1817505,1796,2022-01-12,Contract,141402,,No,Yes,Denied,2207.70,3345,2,Renewal case.
1818193,1595,,Unemployed,84905,608,No,No,Approved,1705.44,2584,2,Applicant provided pay stubs.
1818928,0511,2024-11-19,Self-Employed,6122,707,No,No,Approved,4485.78,5751,3,Applicant provided pay stubs.
1819240,0971,2023-06-30,Full-Time,35452,795,No,Yes,Denied,2133.12,2222,5,Renewal case.
1821236,0700,2024-07-06,Part-Time,313505,722,No,No,Approved,1828.32,2344,4,Referred by agent.
1822279,0830,2024-04-07,Unemployed,240867,828,No,No,Approved,3437.76,3581,4,Co-signer pending review.
1822434,0390,2023-12-13,Student,258000,760,No,Yes,Approved,975.36,1016,2,Missing bank statements.
1822782,0688,2024-07-19,Self-Employed,235686,592,No,No,Approved,2739.24,3261,1,n/a
1825876,0705,2023-12-26,Student,222704,646,No,Yes,Withdrawn,2603.16,3099,4,Renewal case.
1826465,1298,2022-12-18,Unemployed,198287,N/A,No,No,Under Review,1125.60,1340,5,Applicant provided pay stubs.
1827858,0624,2021-04-05,Part-Time,117884,715,No,No,Approved,3045.90,3905,4,Renewal case.
1828507,0056,2023-12-28,Student,127176,620,Yes,No,Approved,3060.72,3924,2,income verified via Plaid
1830353,1605,2024-06-19,Full-Time,172098,741,No,No,Approved,1900.80,2880,2,Applicant follow-up needed
1831789,0353,2020-01-31,Student,161796,539,No,Yes,Approved,2350.08,2448,2,Referred by agent.
1831931,1069,2024-11-07,Contract,27480,N/A,No,No,Approved,620.40,1034,3,docs expired
1832134,0078,2021-03-08,Contract,165535,793,No,Yes,Approved,1299.54,1969,1,Flagged for manual review.
1833273,0367,2024-02-22,Part-Time,225239,639,No,Yes,Approved,1337.82,2027,1,Applicant follow-up needed
1833891,0429,2022-04-08,Contract,90883,812,No,Yes,Approved,4495.14,5763,5,Missing bank statements.
1835780,1240,2024-05-21,Contract,50662,779,No,No,Approved,3936.66,5047,5,Applicant follow-up needed
1838888,1616,2024-10-23,Retired,208955,599,No,Yes,Approved,3034.80,5058,4,n/a
1843409,1654,2023-02-09,Student,155900,729,No,Yes,Approved,3317.76,0,4,Applicant provided pay stubs.
1844151,0150,2020-08-04,Student,35949,606,No,Yes,Approved,1370.16,2076,5,Applicant follow-up needed
1845110,0789,31/03/2024,Self-Employed,247513,792,No,No,Approved,673.86,1021,4,N/A
1845452,1658,2021-04-05,Unemployed,177023,593,No,No,Denied,2722.20,0,1,docs expired
1845959,1768,2024-12-14,Full-Time,242600,,No,No,Approved,3791.76,4514,1,N/A
1848112,0606,2021-11-17,Part-Time,63550,773,No,No,Approved,1424.94,2159,2,Applicant follow-up needed
1849959,1304,2024-10-18,Unemployed,119014,673,No,Yes,Withdrawn,8890.44,11398,2,Flagged for manual review.
1850808,0348,2021-09-11,Contract,82485,674,No,Yes,Withdrawn,8482.56,8836,4,N/A
1852203,0953,2022-08-22,Part-Time,234945,687,No,Yes,Approved,2818.20,4270,1,
1853141,1464,17/01/2024,Student,205904,810,Yes,No,Approved,3150.00,3750,1,Applicant follow-up needed
1854472,1129,2022-03-14,Contract,30939,701,Yes,Yes,Approved,2657.76,3164,4,Referred by agent.
1856152,1428,2024-08-27,Retired,123503,754,No,No,Approved,7381.44,7689,3,Missing bank statements.
1857134,0668,2020-10-05,Unemployed,105345,367,No,No,Withdrawn,3251.16,4926,4,.
1859474,1493,2023-05-29,Student,65812,801,No,No,Denied,1939.74,2939,3,docs expired
1859772,0731,2024-12-04,Student,25144,549,No,Yes,Denied,1816.32,1892,1,Applicant follow-up needed
1860223,1695,2021-10-05,Self-Employed,177628,768,No,No,Withdrawn,4281.48,5097,5,
1860725,1158,,Student,30435,,No,Yes,Withdrawn,1416.00,1475,5,docs expired
1864997,1383,2022-12-26,Self-Employed,211840,727,No,Yes,Approved,2385.24,3058,5,Renewal case.
1871190,1781,2024-03-08,Full-Time,153661,791,No,Yes,Under Review,1970.64,2346,4,.
1871667,1015,25/01/2023,Full-Time,230919,,No,No,Denied,3765.96,5706,4,Co-signer pending review.
1872296,0673,2023-12-20,Part-Time,138229,687,Yes,Yes,Approved,4321.98,5541,4,N/A
1873606,0244,2024-04-10,Student,122410,461,No,No,Approved,1104.00,1840,1,Flagged for manual review.
1877270,0126,2020-10-11,Full-Time,88095,,No,No,Pending,1876.56,2234,1,income verified via Plaid
1877292,1104,2020-05-27,Retired,189113,629,No,Yes,Denied,2867.28,0,3,Applicant follow-up needed
1877404,1650,2020-04-18,Self-Employed,188191,720,No,No,Approved,1899.60,3166,5,N/A
1877703,0365,2023-10-09,Retired,161708,664,No,Yes,Approved,1421.40,2369,4,Renewal case.
1879897,0398,2024-11-05,Unemployed,23226,759,Yes,No,Withdrawn,4660.32,5548,4,Flagged for manual review.
1880021,0618,2020-03-03,Student,161509,626,No,Yes,Withdrawn,4704.18,6031,4,Renewal case.
1880760,0809,2022-12-02,Unemployed,57947,734,No,Yes,Denied,953.70,1445,4,n/a
1882314,1244,2021-01-09,Student,65286,647,No,No,Approved,4965.00,8275,3,Co-signer pending review.
1882447,0043,2022-04-10,Retired,164457,744,Yes,No,Denied,2766.96,3294,4,
1883714,0619,2020-10-16,Retired,274245,811,No,Yes,Pending,8628.48,10272,5,
1884308,0926,,Self-Employed,109721,,No,No,Pending,3912.60,0,1,Co-signer pending review.
1885278,0045,2023-11-16,Part-Time,44140,691,No,No,Under Review,2020.26,3061,5,
1886261,1462,2021-02-03,Self-Employed,65689,671,No,Yes,Pending,1019.70,1545,2,Applicant follow-up needed
1888087,0320,2024-04-03,Full-Time,176709,,No,Yes,Approved,2719.68,2833,5,income verified via Plaid
1889259,0577,2020-03-20,Unemployed,37617,830,No,No,Approved,1898.88,1978,2,Renewal case.
1890408,0245,2024-01-09,Self-Employed,243635,692,No,Yes,Approved,2578.68,3306,5,N/A
1891454,0561,2021-09-02,Student,31982,669,No,No,Pending,1638.72,1707,2,Missing bank statements.
1892683,1792,2020-04-27,Retired,126530,626,No,No,Approved,4828.32,5748,2,Referred by agent.
1893502,1105,2022-09-11,Student,160444,696,No,Yes,Denied,724.80,1208,2,N/A
1895735,1149,28/02/2023,Retired,207697,666,Yes,No,Under Review,6922.56,7211,1,Renewal case.
1896093,1754,2023-06-03,Unemployed,311977,711,No,No,Denied,3160.08,4788,2,N/A
1896431,0508,2020-02-07,Unemployed,240762,754,Yes,No,Withdrawn,647.40,0,5,Co-signer pending review.
1897278,0740,2021-01-04,Part-Time,77816,766,Yes,Yes,Denied,1615.80,2693,3,
1897292,0321,2023-03-04,Unemployed,62095,773,No,Yes,Denied,3966.60,6010,5,Referred by agent.
1901030,1579,2022-10-07,Retired,56907,723,Yes,Yes,Under Review,1770.12,2682,5,Renewal case.
1901261,0204,2020-05-30,Unemployed,137440,834,Yes,No,Denied,1054.56,1352,2,Applicant follow-up needed
1902227,0432,2022-11-03,Self-Employed,135362,825,Yes,Yes,Approved,1934.46,2931,2,income verified via Plaid
1902904,1107,2024-09-24,Part-Time,60741,792,No,Yes,Withdrawn,1910.40,3184,3,.
1904231,0865,2022-05-20,Full-Time,798000,658,No,No,Approved,1106.04,1418,4,docs expired
1904884,0376,22/08/2022,Unemployed,125449,N/A,No,No,Approved,2451.12,2918,5,Renewal case.
1905584,0101,2022-03-16,Contract,44968,719,No,Yes,Under Review,2420.04,2881,4,Missing bank statements.
1906015,1075,2023-07-14,Part-Time,153133,842,No,Yes,Under Review,3417.96,4382,4,Co-signer pending review.
1907577,1279,18/08/2023,Student,242495,831,No,Yes,Approved,3694.08,0,5,
1908771,1262,2023-08-08,Part-Time,84881,551,No,Yes,Pending,5814.48,6922,2,
1912163,1054,2023-02-16,Part-Time,50736,487,Yes,Yes,Withdrawn,2042.88,2128,3,n/a
1915584,0104,2020-01-06,Contract,173786,771,No,Yes,Under Review,3096.00,3225,5,Renewal case.
1915922,1535,2020-04-07,Part-Time,139881,402,No,Yes,Denied,3742.44,4798,3,
1916200,0406,2024-07-25,Self-Employed,66326,829,No,No,Approved,3827.88,4557,3,Applicant follow-up needed
1916373,1228,14/02/2024,Contract,164897,682,No,No,Approved,739.20,1120,2,
1917386,0551,2022-12-01,Self-Employed,226142,720,No,No,Denied,3732.30,4785,4,Referred by agent.
1918706,1253,2020-03-07,Contract,110272,,No,No,Pending,3229.20,5382,5,Co-signer pending review.
1918905,0756,2023-04-23,Student,247900,705,Yes,Yes,Under Review,903.54,1369,1,Missing bank statements.
1919260,0363,2021-06-28,Full-Time,34507,650,No,No,Approved,846.00,1410,2,Referred by agent.
1920108,0997,2024-12-16,Retired,48441,640,No,No,Denied,2981.88,4518,5,Renewal case.
1921340,0232,2023-02-06,Full-Time,248737,677,No,No,Approved,1955.52,2037,4,
1921664,0910,2023-08-21,Self-Employed,173363,790,No,Yes,Approved,1467.60,2446,5,
1922045,1686,2020-05-20,Full-Time,184152,675,No,No,Denied,2496.60,4161,1,n/a
1922112,0868,2023-07-16,Contract,167518,751,No,No,Under Review,2913.12,3468,4,Applicant provided pay stubs.
1924473,1208,2023-08-31,Part-Time,11450,600,No,No,Denied,1824.00,1900,2,Applicant provided pay stubs.
1925984,0141,26/05/2021,Part-Time,190601,686,No,Yes,Approved,2017.62,3057,1,.
1928094,1160,21/11/2023,Contract,122189,,No,Yes,Denied,2154.60,3591,1,Missing bank statements.
1931930,0919,2023-05-03,Self-Employed,227045,799,No,No,Denied,718.38,921,5,.
1932946,1255,2023-06-22,Contract,130899,715,No,Yes,Denied,6069.00,0,2,Referred by agent.
1934188,0306,2023-11-01,Unemployed,99642,721,Yes,Yes,Pending,1594.80,2658,4,Renewal case.
1935616,1412,2022-09-04,Full-Time,47115,729,No,No,Denied,1516.80,1580,4,.
1935695,0516,2023-10-15,Unemployed,19765,607,No,No,Approved,1428.00,1700,5,Referred by agent.
1935857,0154,2024-07-30,Student,192341,788,No,Yes,Denied,1327.68,1383,4,Missing bank statements.
1937101,0042,2022-08-18,Part-Time,178638,686,No,Yes,Under Review,5457.66,6997,3,N/A
1937417,0074,2023-02-22,Self-Employed,319822,741,No,No,Pending,5972.40,9954,2,Referred by agent.
1937511,0995,15/07/2023,Self-Employed,52141,604,No,No,Approved,5733.12,5972,2,N/A
1940363,1098,13/11/2022,Unemployed,19083,,No,No,Withdrawn,3255.84,0,2,n/a
1940378,1021,2020-06-09,Unemployed,141087,625,No,Yes,Approved,2354.82,3019,3,
1941049,1393,2020-12-05,Full-Time,109100,702,No,No,Denied,3065.40,5109,1,docs expired
1942971,1272,2024-11-05,Full-Time,243933,792,No,No,Denied,1726.80,2878,2,Applicant provided pay stubs.
1943421,1358,2023-08-07,Student,132135,787,No,No,Denied,3075.54,3943,2,.
1944481,0626,2020-12-13,Unemployed,45623,780,No,Yes,Approved,1194.60,1991,4,Missing bank statements.
1946507,1785,,Part-Time,231018,604,No,Yes,Approved,5309.76,5531,1,.
1946951,1559,2021-01-03,Full-Time,35519,N/A,No,Yes,Pending,1556.16,0,4,Renewal case.
1947092,0839,2022-12-10,Full-Time,201407,,No,Yes,Pending,2830.74,4289,2,
1947879,1115,2020-07-08,Student,142440,684,No,No,Withdrawn,2381.40,3969,4,Flagged for manual review.
1948970,1040,29/06/2020,Part-Time,102136,342,No,No,Denied,2119.26,2717,1,docs expired
1950347,1167,2023-03-17,Full-Time,83666,807,Yes,No,Pending,4148.76,6286,3,Applicant provided pay stubs.
1954019,1722,2024-07-04,Full-Time,117725,740,No,Yes,Under Review,1010.40,1684,3,
1956214,1081,28/11/2022,Retired,263979,809,No,Yes,Pending,5405.76,5631,4,
1956409,0139,2021-11-26,Full-Time,78642,752,No,No,Approved,5700.48,5938,5,Flagged for manual review.
1956602,1174,2024-02-22,Part-Time,37384,700,No,No,Approved,1637.16,1949,5,n/a
1957909,1366,2020-02-04,Unemployed,131784,660,Yes,Yes,Pending,4884.48,5088,4,Renewal case.
1962081,0818,2022-05-11,Contract,142373,634,No,No,Approved,3144.96,4032,4,Applicant provided pay stubs.
1962678,0963,2021-12-17,Full-Time,165153,583,No,No,Approved,832.32,867,4,Co-signer pending review.
1965328,0064,2022-10-02,Retired,63733,659,Yes,No,Approved,2248.80,3748,2,income verified via Plaid
1965611,0415,31/08/2020,Contract,206186,,No,No,Approved,671.22,1017,5,income verified via Plaid
1966063,1107,2020-04-06,Student,323794,407,No,No,Denied,2674.56,3184,3,docs expired
1966833,1344,2023-11-27,Unemployed,248958,693,No,No,Pending,2547.60,4246,4,docs expired
1967404,0090,2023-02-07,Part-Time,99832,767,No,Yes,Pending,4397.40,5235,4,Referred by agent.
1967960,0920,2023-03-26,Part-Time,228417,770,No,Yes,Approved,2057.40,3429,1,income verified via Plaid
1969583,0300,2022-11-19,Retired,18738,788,No,Yes,Approved,3876.60,4970,4,Renewal case.
1972455,0980,2023-07-31,Full-Time,22474,739,No,No,Approved,1291.68,0,2,N/A
1972523,0864,2021-01-06,Unemployed,271443,850,No,Yes,Approved,6556.68,8406,5,n/a
1972683,0677,2020-09-04,Full-Time,66874,,Yes,No,Pending,1096.20,1827,3,Applicant provided pay stubs.
1973186,1168,2024-04-10,Retired,245952,671,No,No,Approved,4584.00,4775,2,Referred by agent.
1974533,1196,2023-08-02,Self-Employed,241110,481,No,Yes,Pending,2744.28,3267,1,Flagged for manual review.
1975084,0804,2022-04-26,Unemployed,40596,598,No,No,Approved,2083.62,3157,5,Referred by agent.
1977365,1004,2021-11-16,Self-Employed,153702,731,No,Yes,Denied,3607.56,5466,1,Referred by agent.
1978573,1587,2023-03-31,Student,130390,,No,No,Pending,3624.96,3776,2,Referred by agent.
1978714,1655,2021-01-04,Self-Employed,226228,617,Yes,Yes,Approved,4549.20,7582,1,Referred by agent.
1979185,0613,2020-07-05,Unemployed,48252,749,No,No,Withdrawn,4299.36,0,5,N/A
1983750,0640,19/12/2023,Student,28063,684,No,No,Under Review,2953.08,3786,2,.
1984370,1354,2020-06-04,Self-Employed,153212,665,No,Yes,Under Review,1244.40,2074,4,
1984511,0269,2020-04-17,Unemployed,25899,780,No,No,Approved,1958.40,0,5,Flagged for manual review.
1984848,0516,2022-07-16,Part-Time,107349,794,No,Yes,Denied,1632.00,1700,2,Flagged for manual review.
1985599,1498,2024-09-27,Contract,75543,827,Yes,No,Pending,1869.60,3116,1,Applicant follow-up needed
1986200,0652,2022-08-08,Full-Time,225422,589,No,No,Denied,3631.68,3783,1,Referred by agent.
1987444,0270,2024-05-23,Self-Employed,58452,659,No,No,Approved,4048.80,4820,3,docs expired
1988845,1669,,Full-Time,46204,N/A,No,Yes,Approved,1307.04,1556,5,Co-signer pending review.
1989334,0377,2024-05-02,Unemployed,86601,,No,No,Approved,1368.00,1425,2,income verified via Plaid
1990080,1191,2020-05-12,Full-Time,249035,710,No,No,Approved,827.64,1254,2,Flagged for manual review.
1990228,0945,2021-08-18,Unemployed,108126,832,No,No,Approved,1100.22,1667,4,N/A
1991658,0938,2023-03-05,Unemployed,60709,681,No,No,Approved,4352.40,5580,2,docs expired
1992139,0092,2023-05-17,Contract,212356,711,Yes,Yes,Denied,2466.36,3162,2,Applicant provided pay stubs.
1992470,0179,2024-06-02,Retired,161623,665,No,Yes,Approved,3299.40,0,1,Renewal case.
1996488,0446,2023-05-15,Unemployed,81122,N/A,No,No,Denied,1887.60,3146,3,Renewal case.
1996989,0568,2020-07-10,Part-Time,248000,730,No,No,Denied,1866.48,0,5,
2000721,0553,2023-05-26,Retired,230319,613,Yes,Yes,Approved,3242.58,4913,2,n/a
2001832,1480,17/03/2020,Student,245171,700,No,No,Under Review,1034.22,1567,2,Co-signer pending review.
2002867,0208,2020-02-17,Student,125856,708,No,No,Approved,562.98,853,2,N/A
2003482,0052,,Retired,50676,,No,No,Approved,3091.14,3963,4,Flagged for manual review.
2005441,0084,2021-08-01,Contract,180892,689,Yes,No,Approved,4462.80,7438,1,
2005658,0445,2021-11-15,Self-Employed,222444,683,Yes,No,Denied,1088.34,1649,4,Missing bank statements.
2006083,0119,2021-10-21,Part-Time,118651,749,No,No,Under Review,3736.20,4790,2,Applicant provided pay stubs.
2006521,0780,2020-10-09,Student,73177,640,No,Yes,Pending,2123.88,3218,4,n/a
2006550,1553,2024-05-17,Retired,226197,673,No,Yes,Pending,2489.76,3192,4,
2009166,0030,2022-05-05,Self-Employed,201274,,Yes,Yes,Denied,2976.96,3101,4,Applicant follow-up needed
2010430,1735,2024-07-06,Self-Employed,199632,794,No,Yes,Approved,1459.26,2211,2,docs expired
2011435,0690,2023-11-03,Student,220415,712,No,No,Approved,1290.24,1344,1,docs expired
2015567,0437,,Part-Time,217372,,No,No,Denied,1805.10,2735,5,
2017215,0088,2022-01-17,Retired,321311,756,No,No,Approved,1528.80,1960,1,docs expired
2017337,1434,2023-08-03,Full-Time,95348,721,No,Yes,Approved,4210.20,7017,2,Flagged for manual review.
2018148,1532,2020-02-11,Contract,161982,794,No,No,Withdrawn,1629.60,2716,5,N/A
2019608,1570,2021-01-16,Retired,246478,N/A,No,No,Denied,1889.40,3149,2,Applicant provided pay stubs.
2022325,0564,2023-08-15,Student,75140,731,No,Yes,Denied,3112.80,0,5,n/a
2022560,1624,2024-08-08,Part-Time,137259,698,No,Yes,Under Review,3898.56,4061,4,.
2023242,0534,2023-01-09,Part-Time,32731,813,No,Yes,Withdrawn,1964.82,2977,2,Applicant follow-up needed
2026738,0059,2024-07-07,Unemployed,82215,,No,Yes,Approved,1967.16,2522,5,Applicant follow-up needed
2031887,0169,20/03/2022,Contract,120872,752,Yes,No,Approved,2448.00,4080,2,Flagged for manual review.
2031958,1127,2023-12-17,Retired,141480,650,No,No,Denied,2304.72,3492,2,Missing bank statements.
2033171,0374,2021-07-14,Self-Employed,80590,360,No,Yes,Approved,1877.40,0,3,
2035750,0768,2022-07-27,Retired,54116,750,No,Yes,Under Review,5788.44,6891,3,income verified via Plaid
2036391,0303,2020-01-28,Unemployed,184905,,No,Yes,Under Review,5029.44,5239,4,Flagged for manual review.
2037924,1498,2021-04-06,Full-Time,51044,704,No,No,Approved,2617.44,3116,4,income verified via Plaid
2038510,1529,2024-05-16,Full-Time,222428,N/A,No,Yes,Under Review,3550.56,4552,5,Co-signer pending review.
2038798,1597,2020-08-29,Part-Time,164556,704,No,No,Pending,1556.88,1996,5,Flagged for manual review.
2038968,0377,2024-04-30,Retired,242978,721,No,Yes,Approved,940.50,1425,2,
2039194,1540,2024-06-21,Part-Time,129223,798,Yes,Yes,Under Review,2745.12,3268,3,Missing bank statements.
2040270,0154,2021-03-07,Unemployed,139517,605,No,Yes,Pending,1161.72,1383,2,docs expired
2040755,1093,2022-11-05,Retired,227561,709,No,No,Withdrawn,2384.76,2839,5,Applicant provided pay stubs.
2040847,0465,2022-01-27,Full-Time,121109,577,Yes,Yes,Approved,1590.12,0,1,
2041280,0384,13/07/2023,Part-Time,70384,786,No,No,Approved,3822.60,6371,4,
2042859,1585,2021-10-05,Unemployed,238970,775,Yes,Yes,Approved,1628.76,1939,2,Applicant follow-up needed
2043186,1789,2024-11-24,Self-Employed,109284,767,No,Yes,Denied,2890.56,3011,4,Flagged for manual review.
2043209,1710,2022-06-13,Full-Time,4435,841,No,Yes,Denied,5437.44,5664,5,Applicant provided pay stubs.
2043778,1119,2023-07-19,Part-Time,154532,603,No,Yes,Approved,2751.84,3276,5,income verified via Plaid
2044165,1782,2021-11-28,Self-Employed,169013,827,No,Yes,Pending,4620.72,5924,2,Applicant provided pay stubs.
2045236,0259,2022-04-09,Unemployed,222387,749,No,No,Approved,2401.20,4002,4,Referred by agent.
2046288,1791,2023-08-26,Unemployed,63282,430,No,No,Denied,3432.00,3575,5,
2049963,0184,2020-05-02,Retired,79963,678,No,Yes,Pending,3515.16,5326,3,income verified via Plaid
2050550,0977,21/04/2024,Student,220615,781,No,Yes,Approved,2548.92,3862,4,n/a
2053123,0366,2020-05-04,Unemployed,102789,777,Yes,Yes,Approved,3767.04,3924,2,
2054413,1688,2020-12-13,Retired,107947,832,No,No,Pending,2867.52,2987,3,
2056958,1551,2020-09-14,Retired,140955,776,Yes,No,Pending,1025.64,1554,2,Flagged for manual review.
2060691,1430,2020-03-06,Part-Time,295776,,Yes,No,Approved,1438.92,1713,2,Renewal case.
2062420,0915,2021-01-17,Retired,170214,823,No,No,Pending,4241.28,4418,5,Applicant follow-up needed
2063647,1659,2024-07-22,Student,78492,705,No,No,Pending,1759.80,2933,3,n/a
2064777,0180,,Unemployed,107743,584,No,Yes,Pending,1195.80,1993,3,Missing bank statements.
2065774,1066,2023-01-15,Student,179640,795,Yes,Yes,Approved,1825.32,2173,1,.
2065987,0551,2024-06-27,Student,69061,815,No,No,Denied,2871.00,4785,4,n/a
2066789,1562,2020-05-21,Contract,242319,658,Yes,Yes,Denied,3303.30,4235,5,N/A
2067638,0964,2020-02-05,Unemployed,122304,,No,Yes,Approved,4089.60,4260,3,Referred by agent.
2068281,1590,2024-04-10,Contract,207353,744,No,No,Under Review,853.80,1423,5,
2069513,1560,2022-06-24,Self-Employed,230678,720,Yes,No,Approved,3532.80,3680,1,Referred by agent.
2071535,0375,2023-03-15,Contract,218011,,No,Yes,Approved,1648.20,2747,4,
2078471,1440,2024-11-04,Part-Time,151265,471,No,No,Pending,1063.92,1612,5,
2079571,0734,2020-04-17,Self-Employed,48593,726,No,No,Pending,1601.28,1668,1,Renewal case.
2080561,1089,2021-04-14,Full-Time,242290,395,Yes,Yes,Pending,1708.98,2191,2,Flagged for manual review.
2081870,1337,2020-04-12,Unemployed,277871,743,No,Yes,Approved,1440.00,2400,2,Missing bank statements.
2082036,0236,2022-08-11,Full-Time,89395,761,No,Yes,Denied,4432.32,4617,1,Flagged for manual review.
2084703,1675,2024-01-28,Self-Employed,249144,582,Yes,No,Denied,1906.56,1986,5,N/A
2085809,0843,2024-11-17,Full-Time,152901,642,No,No,Approved,1203.72,1433,5,
2086014,1512,,Contract,179088,694,No,Yes,Denied,1918.62,2907,4,N/A
2088689,0627,2020-06-13,Unemployed,80152,684,No,No,Approved,2979.24,4514,1,Flagged for manual review.
2090246,0505,2024-02-01,Student,323004,605,No,Yes,Approved,9169.92,9552,4,Co-signer pending review.
2091239,1081,2020-06-19,Part-Time,254865,764,No,Yes,Denied,4730.04,5631,2,Applicant follow-up needed
2091391,0709,,Part-Time,216164,485,Yes,No,Denied,1131.00,1885,3,docs expired
2092226,0527,2022-11-15,Self-Employed,173394,,No,No,Under Review,1626.24,2464,4,docs expired
2094200,1376,2020-10-01,Contract,205571,574,No,No,Denied,1618.32,2452,4,
2096323,0720,19/05/2020,Retired,93395,799,No,No,Pending,3959.34,0,2,Missing bank statements.
2097943,0705,2023-10-24,Self-Employed,119770,791,No,Yes,Denied,1859.40,3099,1,N/A
2098543,0934,2024-06-20,Unemployed,12281,828,No,No,Approved,1213.08,1838,5,Renewal case.
2100151,0739,2020-02-28,Part-Time,32586,806,No,No,Approved,2468.70,3165,5,N/A
2100857,1149,2021-09-24,Student,49079,795,No,Yes,Approved,6057.24,7211,4,Missing bank statements.
2101115,0216,2020-09-02,Self-Employed,49172,738,No,Yes,Denied,1619.52,1687,3,N/A
2101967,0662,2023-01-19,Unemployed,207531,587,No,Yes,Approved,1460.16,1521,3,n/a
2104247,0853,2021-01-15,Full-Time,110896,758,No,No,Approved,1943.70,2945,2,N/A
2104818,0750,2021-04-30,Student,3094,687,No,No,Denied,3277.68,3902,1,.
2106897,0632,2020-10-19,Self-Employed,189879,581,No,No,Approved,3643.80,6073,4,Renewal case.
2108424,1758,2020-12-12,Part-Time,203671,428,Yes,No,Withdrawn,5778.24,6019,2,Applicant follow-up needed
2110720,0113,2021-12-14,Retired,150355,824,No,No,Withdrawn,1884.12,2243,2,n/a
2111941,1043,2021-07-24,Unemployed,126566,732,No,No,Denied,1875.06,2841,1,Flagged for manual review.
2113290,1173,2020-05-05,Self-Employed,103299,754,No,No,Pending,2410.56,2511,3,Missing bank statements.
2113794,0277,2020-02-23,Part-Time,22892,,No,No,Approved,4376.40,5210,2,Missing bank statements.
2114013,0794,2020-03-09,Unemployed,318388,796,No,Yes,Pending,2669.76,2781,5,Missing bank statements.
2115514,1505,2021-06-03,Unemployed,204069,706,No,No,Pending,2868.60,3415,1,docs expired
2115915,1154,2024-08-13,Unemployed,88883,613,Yes,Yes,Under Review,1635.00,2725,5,Applicant provided pay stubs.
2115974,0202,,Full-Time,188233,641,No,No,Approved,4634.40,7724,4,Co-signer pending review.
2117184,1786,2021-06-19,Part-Time,162314,681,No,Yes,Denied,805.20,1342,3,
2117257,0151,2022-12-15,Retired,189111,694,Yes,No,Pending,3668.16,3821,5,Applicant provided pay stubs.
2118829,0878,2020-11-09,Retired,70339,N/A,No,No,Withdrawn,1218.36,1562,3,income verified via Plaid
2119803,0333,2020-10-01,Full-Time,54055,610,No,No,Pending,914.10,1385,5,Applicant follow-up needed
2119923,1032,2022-01-29,Part-Time,75823,643,No,Yes,Pending,2469.60,2940,1,
2122035,1037,2020-05-10,Unemployed,176942,,No,Yes,Denied,2631.72,3133,2,N/A
2122163,0679,2022-01-27,Self-Employed,195641,750,No,Yes,Withdrawn,1768.80,2948,2,
2126323,0778,2022-10-04,Retired,182864,780,No,No,Under Review,1382.70,2095,3,income verified via Plaid
2126714,1132,2024-03-27,Unemployed,137727,529,No,No,Pending,3331.02,5047,4,Co-signer pending review.
2126994,1207,2022-03-12,Part-Time,163225,582,No,Yes,Denied,1961.40,3269,5,income verified via Plaid
2127363,0640,16/02/2020,Contract,39521,598,No,Yes,Approved,3634.56,3786,2,
2128776,0353,2020-02-08,Part-Time,190028,608,No,Yes,Pending,2350.08,2448,4,Missing bank statements.
2132627,1723,2022-04-06,Unemployed,162321,726,Yes,No,Approved,1474.20,1755,4,Referred by agent.
2133086,1402,2023-05-13,Unemployed,82937,770,No,Yes,Pending,762.72,908,3,N/A
2133644,1206,2021-07-16,Retired,227674,677,No,No,Denied,2804.76,3339,4,
2140393,0128,2021-10-19,Full-Time,82332,,No,No,Under Review,7369.92,7677,2,Applicant provided pay stubs.
2141822,0280,2020-09-13,Self-Employed,43705,446,No,Yes,Approved,840.00,1400,5,.
2143389,1538,2023-07-23,Self-Employed,94338,764,No,Yes,Approved,1341.60,1720,2,Referred by agent.
2143409,1197,2022-07-25,Part-Time,148788,849,No,No,Approved,1520.64,2304,2,Missing bank statements.
2145377,0550,2022-04-23,Part-Time,185731,719,No,Yes,Withdrawn,1843.92,2364,5,N/A
2145638,0644,2021-06-28,Self-Employed,141000,701,No,Yes,Approved,3450.24,3594,5,Co-signer pending review.
2147852,1335,2021-04-14,Contract,141409,657,No,No,Approved,7174.08,7473,5,Missing bank statements.
2150204,0700,2023-01-19,Retired,189686,671,Yes,No,Approved,1406.40,2344,4,Applicant provided pay stubs.
2151758,1029,2020-12-29,Student,161975,717,No,No,Approved,1374.78,2083,5,docs expired
2152790,0156,2022-06-19,Contract,118485,795,No,No,Withdrawn,4115.52,4287,3,n/a
2153288,1553,2023-03-19,Contract,35359,662,No,Yes,Denied,2106.72,3192,4,N/A
2154868,0809,2024-12-02,Full-Time,146651,751,No,Yes,Approved,953.70,1445,4,Renewal case.
2157024,1775,2024-09-27,Self-Employed,76105,654,No,Yes,Denied,918.06,1391,5,
2158621,0012,2022-11-17,Full-Time,28159,,No,No,Denied,1104.00,1840,2,
2158946,1507,2022-04-05,Contract,255591,655,No,No,Pending,2498.16,2974,4,Co-signer pending review.
2160060,1018,2020-05-11,Part-Time,61805,417,No,Yes,Under Review,5981.04,7668,2,Applicant provided pay stubs.
2160253,1194,2022-09-27,Retired,109047,751,No,No,Pending,2458.68,2927,1,income verified via Plaid
2162245,1570,,Student,168669,848,Yes,No,Denied,1190.40,1240,5,income verified via Plaid
2162253,0726,2020-06-09,Self-Employed,39678,N/A,No,No,Approved,1141.20,1902,4,
2162571,1376,2024-06-14,Full-Time,242608,,No,Yes,Withdrawn,2059.68,2452,5,docs expired
2163145,1604,2022-04-07,Retired,144341,731,No,No,Approved,3805.62,4879,1,Co-signer pending review.
2164194,1002,2020-07-21,Self-Employed,76503,790,No,Yes,Approved,4987.80,8313,5,Flagged for manual review.
2164761,1550,2023-07-10,Self-Employed,235541,664,No,Yes,Denied,3484.26,4467,2,Applicant provided pay stubs.
2164962,1695,2021-09-07,Retired,156799,737,No,No,Denied,4281.48,5097,3,Co-signer pending review.
2173341,1708,2022-02-27,Full-Time,193620,735,No,No,Denied,2969.28,3093,2,
2173423,0374,,Retired,996000,417,No,Yes,Withdrawn,1341.00,2235,2,Flagged for manual review.
2176400,0872,2023-05-12,Student,219288,713,Yes,No,Approved,1573.26,2017,1,Flagged for manual review.
2178949,0511,2022-03-17,Retired,186057,320,No,No,Denied,3450.60,5751,1,Flagged for manual review.
2181531,0612,2024-07-26,Part-Time,116770,,No,Yes,Denied,4708.80,7848,2,Referred by agent.
2181663,1417,24/11/2021,Self-Employed,152715,362,No,Yes,Approved,3402.30,5155,1,Applicant follow-up needed
2183226,0558,2021-10-11,Self-Employed,120932,615,No,No,Pending,4006.08,4173,3,docs expired
2183485,0418,2024-05-27,Contract,66444,516,Yes,Yes,Approved,2898.00,3450,3,Applicant provided pay stubs.
2184240,0448,2023-08-13,Contract,18394,798,No,Yes,Pending,1643.46,2107,4,Flagged for manual review.
2188454,1191,2023-06-11,Self-Employed,150484,539,Yes,Yes,Approved,752.40,1254,5,Co-signer pending review.
2189085,0539,2024-02-21,Retired,112890,831,No,No,Approved,2994.42,4537,1,
2191576,1223,2021-09-26,Student,118727,770,No,Yes,Approved,3113.22,4717,5,Referred by agent.
2193825,1096,2022-01-17,Part-Time,144277,807,No,Yes,Approved,1672.44,2534,1,Missing bank statements.
2195230,1247,2022-03-28,Part-Time,229197,712,No,No,Approved,3829.02,4909,2,N/A
2195352,1131,2021-10-01,Student,238760,792,No,Yes,Approved,1102.86,1671,3,income verified via Plaid
2195541,0141,2022-09-02,Student,92530,836,No,No,Approved,2567.88,3057,2,N/A
2196614,1773,2020-12-06,Retired,88835,843,No,No,Approved,4751.04,4949,4,Missing bank statements.
2197320,0495,2022-06-06,Student,248115,590,No,No,Approved,999.00,1665,5,N/A
2197597,0013,2022-10-22,Student,191700,826,No,No,Denied,2097.00,3495,5,N/A
2200237,0541,2024-09-05,Part-Time,137002,706,No,No,Under Review,3028.20,5047,5,Applicant follow-up needed
2203033,1165,20/09/2022,Unemployed,127692,699,No,No,Denied,855.36,891,5,
2204089,0579,2024-12-13,Part-Time,225942,686,No,Yes,Pending,4918.20,5855,1,Missing bank statements.
2204424,0081,2023-02-02,Part-Time,223074,563,No,No,Pending,3061.44,3189,1,
2204979,1347,2022-01-06,Retired,221228,555,No,No,Approved,676.20,805,1,n/a
2205549,0850,2024-09-14,Contract,59394,796,No,No,Approved,2370.42,3039,4,N/A
2208023,0196,2024-01-05,Contract,127673,574,Yes,Yes,Approved,7880.64,8209,1,Applicant follow-up needed
2210091,1439,2022-08-05,Retired,51344,705,No,No,Approved,2698.80,3460,3,income verified via Plaid
2211018,0352,2023-02-14,Full-Time,157718,N/A,No,Yes,Withdrawn,2278.08,2373,1,Applicant provided pay stubs.
2211934,1515,2024-01-09,Part-Time,199073,672,No,Yes,Pending,1101.54,1669,4,Renewal case.
2212040,0378,2024-11-16,Unemployed,145295,714,No,Yes,Under Review,1826.88,1903,3,income verified via Plaid
2216292,0257,2021-05-23,Part-Time,163763,698,No,Yes,Approved,2525.40,4209,2,
2216834,1747,2021-04-08,Self-Employed,91332,748,No,Yes,Approved,4595.76,5892,4,Applicant provided pay stubs.
2218445,1126,2023-12-08,Part-Time,188392,803,No,No,Approved,3109.44,3239,1,
2221269,0355,2020-07-24,Self-Employed,186455,734,No,No,Pending,7762.56,8086,4,
2223241,0538,2021-04-21,Student,235156,675,Yes,Yes,Denied,2690.22,3449,5,
2224050,0490,17/05/2023,Student,55499,835,No,Yes,Approved,5639.04,5874,1,Applicant follow-up needed
2225622,1419,2020-01-26,Retired,200200,784,Yes,No,Approved,3387.84,0,5,Co-signer pending review.
2226205,1694,2022-03-12,Self-Employed,109250,632,Yes,No,Denied,1795.56,2302,5,N/A
2226989,0763,2024-10-30,Full-Time,230024,725,No,Yes,Denied,6011.46,7707,4,
2231125,0711,2024-02-15,Part-Time,150418,693,No,No,Approved,655.38,993,5,Missing bank statements.
2233437,1214,2020-06-28,Student,234692,585,No,No,Denied,558.36,846,4,income verified via Plaid
2234047,0972,2022-11-29,Full-Time,223595,750,No,No,Approved,1786.62,2707,1,
2234605,0840,15/12/2020,Self-Employed,81310,,No,No,Approved,1668.60,2781,2,Applicant follow-up needed
2238620,1152,2021-01-11,Contract,104930,729,No,Yes,Approved,5432.64,5659,5,.
2238747,0941,2021-02-09,Self-Employed,101558,722,No,Yes,Denied,1715.40,2859,5,Applicant provided pay stubs.
2240749,0906,24/04/2023,Part-Time,203296,707,No,No,Approved,5464.32,5692,3,Flagged for manual review.
2242399,1191,2020-08-31,Unemployed,169733,661,No,No,Approved,1053.36,1254,1,Applicant follow-up needed
2243149,0524,2024-06-08,Student,119255,796,No,No,Pending,3024.84,3601,4,Co-signer pending review.
2249257,0990,2020-01-17,Contract,22334,772,No,No,Approved,1671.78,2533,1,Co-signer pending review.
2251683,0836,2021-07-08,Retired,169220,807,No,Yes,Denied,2920.50,4425,4,docs expired
2253400,0242,21/01/2022,Unemployed,121035,760,No,Yes,Denied,2370.24,2469,4,Applicant follow-up needed
2253657,1457,2020-09-29,Contract,60473,618,No,No,Approved,5361.18,8123,5,Co-signer pending review.
2253823,1048,2021-03-17,Student,306924,751,No,No,Approved,4804.80,8008,3,
2255628,1121,2020-05-27,Self-Employed,301679,789,No,No,Approved,1173.60,1956,2,
2255846,0566,2023-09-11,Part-Time,58460,847,No,No,Under Review,1268.40,1510,3,
2256928,1697,2021-03-03,Part-Time,154207,726,Yes,No,Approved,1329.90,1705,1,
2257559,0226,2024-06-17,Student,156322,847,No,Yes,Withdrawn,1483.20,1545,2,Referred by agent.
2257789,1481,2023-06-22,Contract,222671,759,No,No,Denied,1250.76,1489,5,income verified via Plaid
2259184,1744,2021-04-22,Student,222010,748,No,Yes,Denied,7486.08,7798,1,Missing bank statements.
2260956,0596,2024-05-30,Full-Time,64382,352,No,No,Denied,3513.60,3660,4,Applicant provided pay stubs.
2263502,1284,2023-10-26,Full-Time,38443,742,No,Yes,Approved,3352.80,5588,3,n/a
2264033,1205,2022-06-05,Retired,82369,724,No,No,Approved,2829.00,4715,5,Missing bank statements.
2267963,0803,,Unemployed,84781,625,No,Yes,Approved,6559.80,8410,5,N/A
2269278,1214,2022-04-25,Unemployed,108300,818,No,No,Pending,659.88,846,4,docs expired
2269998,1212,2024-12-20,Contract,37544,324,No,No,Denied,952.38,1443,1,Referred by agent.
2272104,0633,2022-11-08,Unemployed,123638,822,No,No,Approved,3639.48,4666,1,Applicant follow-up needed
2272337,0716,2023-10-29,Retired,23913,789,No,No,Withdrawn,2260.44,2898,2,docs expired
2273839,0774,2024-07-06,Unemployed,90983,771,No,No,Pending,2363.40,3939,5,Referred by agent.
2274431,1067,2022-05-14,Student,170828,590,No,No,Approved,2258.88,2896,5,income verified via Plaid
2278602,0231,2020-12-18,Full-Time,139735,783,No,No,Approved,4812.06,7291,2,.
2279947,1128,2021-01-09,Full-Time,26021,712,No,No,Approved,5713.92,5952,5,income verified via Plaid
2282089,0152,2021-10-25,Retired,38982,382,No,No,Under Review,1563.54,2369,4,
2284538,1502,2020-09-01,Unemployed,234910,,No,No,Approved,2289.30,2935,3,Referred by agent.
2287015,0465,,Self-Employed,46939,744,No,No,Approved,1817.28,1893,4,Renewal case.
2288399,1672,24/12/2020,Self-Employed,44977,567,Yes,Yes,Denied,1880.40,3134,3,Co-signer pending review.
2289416,1637,28/07/2023,Part-Time,129345,786,No,No,Approved,2810.40,4684,3,docs expired
2290008,1654,2023-05-30,Unemployed,202485,695,No,No,Denied,2903.04,3456,3,n/a
2291905,1653,2022-04-03,Student,206191,762,Yes,Yes,Approved,1443.96,1719,4,Renewal case.
2292661,1586,2022-01-03,Unemployed,140910,710,No,No,Approved,3695.34,0,1,Flagged for manual review.
2293660,1798,2021-06-17,Contract,177906,,No,Yes,Denied,4156.80,6928,2,Renewal case.
2293674,0679,14/12/2021,Full-Time,224925,650,No,No,Pending,1945.68,2948,2,Applicant follow-up needed
2295147,1641,2024-11-13,Unemployed,299042,665,No,No,Denied,3647.40,6079,1,Co-signer pending review.
2298363,0946,22/05/2023,Full-Time,86933,729,Yes,No,Approved,4659.60,7766,1,
2298750,0995,2024-12-03,Retired,156567,715,Yes,Yes,Approved,5016.48,5972,3,Referred by agent.
2298805,0362,13/09/2022,Self-Employed,111215,584,No,Yes,Approved,2139.72,3242,4,
2300853,1010,2021-04-30,Unemployed,162057,647,No,Yes,Approved,660.00,1100,1,Applicant follow-up needed
2301826,0320,2024-10-07,Contract,172116,681,No,Yes,Approved,2719.68,2833,4,income verified via Plaid
2304066,0714,2020-08-16,Contract,207844,692,No,Yes,Approved,3783.00,4850,3,Flagged for manual review.
2306980,1360,2020-05-17,Part-Time,178269,729,No,No,Approved,898.80,1498,1,n/a
2307199,0116,2021-08-14,Contract,107905,701,No,Yes,Pending,3610.56,3761,5,Missing bank statements.
2307317,1460,2021-05-17,Self-Employed,29032,326,Yes,Yes,Approved,1084.38,1643,5,Applicant provided pay stubs.
2308161,0932,2022-04-30,Student,164970,729,No,Yes,Approved,4534.92,5814,3,
2309020,1086,2021-10-25,Student,96244,715,No,No,Approved,2928.00,4880,1,Flagged for manual review.
2311678,1693,2023-04-11,Contract,143237,,No,Yes,Approved,1517.88,1807,1,Missing bank statements.
2311991,0119,29/08/2021,Unemployed,241264,726,No,No,Denied,4023.60,4790,4,docs expired
2312696,0637,2024-05-23,Full-Time,37707,835,No,No,Approved,2541.24,3258,3,Renewal case.
2314964,0863,23/07/2022,Retired,85567,594,Yes,Yes,Denied,1055.04,1256,2,Applicant provided pay stubs.
2316114,1419,,Retired,121800,706,Yes,Yes,Approved,2329.14,3529,3,
2316820,0274,20/08/2024,Unemployed,79927,,No,No,Approved,4044.48,4213,1,Renewal case.
2319753,0656,2022-06-01,Full-Time,229707,673,No,No,Approved,3054.00,5090,3,
2320095,1312,2022-03-09,Student,37428,834,No,No,Approved,582.00,970,3,Referred by agent.
2321224,0111,2021-04-14,Self-Employed,221704,794,No,Yes,Approved,1363.56,0,5,N/A
2322083,1503,2022-03-20,Part-Time,246477,685,No,Yes,Approved,1822.20,3037,5,
2322092,0962,2023-04-19,Unemployed,165175,393,No,Yes,Approved,701.40,1169,4,Applicant follow-up needed
2325593,1631,2024-01-24,Student,20741,644,No,No,Pending,3906.24,4069,1,Applicant provided pay stubs.
2328813,0606,2021-11-23,Self-Employed,34873,772,No,Yes,Pending,1684.02,2159,4,Referred by agent.
2329952,0847,24/10/2023,Full-Time,211878,790,Yes,Yes,Pending,3393.60,5656,5,Applicant provided pay stubs.
2331645,1094,2023-10-04,Self-Employed,55411,610,No,No,Denied,2328.00,3880,5,Applicant follow-up needed
2331890,0171,2020-04-13,Unemployed,59931,813,Yes,No,Approved,3948.36,5062,1,Co-signer pending review.
2332142,0956,2021-10-28,Student,226508,746,Yes,Yes,Approved,2082.60,3471,1,.
2333745,0401,2023-10-05,Self-Employed,75316,707,Yes,Yes,Approved,4293.30,6505,5,
2334255,0937,2020-12-31,Self-Employed,125545,809,No,Yes,Approved,2222.22,2849,5,Applicant provided pay stubs.
2335060,0641,2020-11-06,Unemployed,134729,374,No,No,Approved,2443.20,2545,3,
2335115,0426,2023-03-05,Retired,114798,614,No,No,Denied,5232.00,5450,1,n/a
2335951,1139,2020-08-06,Self-Employed,48029,738,No,Yes,Approved,6480.96,6751,3,Missing bank statements.
2336696,1409,2023-04-27,Self-Employed,59411,795,No,Yes,Approved,2761.08,3287,3,docs expired
2336966,0715,22/11/2023,Part-Time,108260,791,No,No,Denied,1903.68,1983,2,docs expired
2337446,1285,2023-04-03,Retired,108074,400,No,No,Pending,4075.20,4245,1,Applicant follow-up needed
2337882,0282,2023-05-04,Unemployed,166530,673,No,No,Denied,989.04,1268,4,
2339023,1392,,Part-Time,220910,630,Yes,No,Denied,6624.54,8493,2,N/A
2339224,1611,2020-05-26,Contract,19586,682,No,No,Approved,4294.68,5506,4,income verified via Plaid
2339298,0198,2021-09-28,Student,70613,730,No,Yes,Withdrawn,2242.80,0,5,
2340421,0659,2022-08-01,Retired,149275,,No,No,Denied,4920.24,6308,1,
2342092,1236,2022-06-05,Unemployed,174431,385,No,No,Denied,2104.32,2192,3,Renewal case.
2343323,0426,,Self-Employed,122771,675,No,Yes,Denied,3597.00,5450,5,
2344835,1303,2022-12-04,Contract,89093,743,No,No,Denied,5998.08,0,4,Flagged for manual review.
2345127,1551,2021-05-12,Student,115207,603,No,Yes,Approved,2887.68,3008,4,docs expired
2345716,0599,2024-03-17,Unemployed,312687,684,No,No,Approved,923.34,1399,1,
2346049,0834,13/06/2024,Part-Time,104781,564,No,No,Approved,982.80,1260,5,Applicant follow-up needed
2346064,0188,2021-07-15,Full-Time,59309,522,Yes,Yes,Denied,1287.36,1341,4,Applicant follow-up needed
2346691,0971,2024-05-09,Self-Employed,60672,597,No,No,Denied,1866.48,2222,5,n/a
2348817,0979,2022-03-10,Contract,153199,825,No,Yes,Approved,1614.48,1922,2,income verified via Plaid
2348939,1085,2022-03-20,Unemployed,115897,624,No,No,Approved,2934.00,4890,3,Missing bank statements.
2350317,1170,18/04/2023,Retired,78527,620,No,No,Withdrawn,2519.04,2624,4,n/a
2350591,0105,2022-08-12,Self-Employed,130078,703,No,No,Under Review,3428.40,5714,5,Flagged for manual review.
2351035,0610,2021-04-01,Self-Employed,119736,691,Yes,Yes,Denied,1298.40,2164,5,Referred by agent.
2351048,0384,,Student,153490,430,No,Yes,Denied,3822.60,6371,4,Flagged for manual review.
2351650,1748,2021-12-10,Student,65950,777,No,Yes,Approved,1265.88,1507,4,
2352669,1726,2023-09-16,Retired,116073,744,No,Yes,Pending,2998.80,3570,2,Referred by agent.
2352682,0572,2021-11-07,Contract,59472,,No,Yes,Approved,858.00,1300,4,Applicant provided pay stubs.
2354033,0009,,Contract,187106,590,No,No,Approved,1575.36,1641,5,Applicant follow-up needed
2354982,1662,15/12/2024,Student,147951,707,No,No,Denied,4882.02,6259,4,Referred by agent.
2356412,1659,,Retired,56124,,No,Yes,Withdrawn,2287.74,2933,1,
2357319,0568,2022-04-10,Student,103325,687,No,Yes,Approved,1696.80,2828,4,n/a
2358342,1420,2023-02-15,Part-Time,322693,736,Yes,No,Withdrawn,3012.24,4564,1,Applicant provided pay stubs.
2359143,1396,2022-04-04,Self-Employed,28072,755,Yes,Yes,Withdrawn,2458.56,3152,1,Applicant provided pay stubs.
2360625,1599,2024-09-10,Unemployed,83545,802,No,No,Under Review,2168.10,0,3,income verified via Plaid
2364037,1505,2020-04-29,Self-Employed,19574,695,No,Yes,Denied,3278.40,3415,5,Applicant follow-up needed
2365593,0165,2023-01-18,Retired,65452,740,No,Yes,Withdrawn,1525.92,2312,2,Missing bank statements.
2366642,1276,2020-06-14,Self-Employed,52220,520,No,No,Denied,1862.28,2217,2,Applicant provided pay stubs.
2368375,1094,2024-12-18,Retired,161541,848,Yes,Yes,Approved,1432.86,2171,1,docs expired
2373354,0318,13/10/2024,Self-Employed,143656,514,No,No,Under Review,1168.32,1217,1,Flagged for manual review.
2373423,1167,2022-09-02,Self-Employed,98612,776,Yes,No,Denied,4903.08,6286,5,
2374552,0462,2020-06-17,Self-Employed,39483,825,No,Yes,Approved,1414.80,2358,3,
2374657,1598,2021-04-22,Self-Employed,72863,676,Yes,No,Denied,2537.34,3253,4,Flagged for manual review.
2375311,0149,2022-07-30,Part-Time,249866,611,No,No,Approved,1031.40,1719,5,
2376283,0213,21/04/2022,Student,211303,580,No,Yes,Approved,4474.08,5736,4,docs expired
2376953,1037,2022-03-29,Retired,52266,N/A,No,No,Approved,1879.80,3133,3,docs expired
2377244,0511,2023-04-14,Retired,268151,793,No,Yes,Pending,3450.60,5751,1,Co-signer pending review.
2377651,0021,2024-10-03,Contract,239187,820,No,No,Approved,697.32,894,1,docs expired
2377885,0334,14/10/2024,Retired,45464,591,No,No,Approved,2933.58,3761,5,Renewal case.
2378557,0421,2022-06-29,Part-Time,69241,580,No,No,Pending,1904.28,0,1,N/A
2379020,0422,2022-12-09,Full-Time,221801,646,No,No,Approved,642.00,1070,2,Applicant provided pay stubs.
2379133,1116,2021-08-17,Unemployed,246153,800,No,No,Approved,3435.96,5206,5,n/a
2379550,1607,2023-01-06,Retired,81525,699,No,No,Approved,3515.40,4185,5,.
2385241,1674,2020-04-24,Retired,172119,730,No,Yes,Denied,1177.80,1510,2,Flagged for manual review.
2385347,1638,2020-10-05,Part-Time,90978,676,No,No,Approved,10111.68,10533,5,Renewal case.
2387646,1515,,Student,31711,667,No,Yes,Approved,1101.54,1669,3,Missing bank statements.
2391001,0370,2024-12-24,Unemployed,102658,646,No,No,Approved,4347.84,4529,4,Missing bank statements.
2392291,1661,2023-09-08,Retired,75466,N/A,No,Yes,Approved,2887.56,3702,5,income verified via Plaid
2393557,0798,2024-04-01,Student,229800,767,Yes,Yes,Approved,2845.44,3648,3,.
2395185,1251,2023-10-19,Part-Time,134107,662,No,No,Approved,4105.14,5263,5,
2397613,1326,2021-04-09,Contract,69419,515,No,Yes,Pending,2714.88,2828,5,Renewal case.
2397892,0696,19/01/2022,Part-Time,5738,738,No,Yes,Denied,3149.52,4772,4,Missing bank statements.
2400118,1023,2023-09-09,Retired,51590,749,No,No,Pending,632.40,1054,1,Flagged for manual review.
2400165,1104,2020-03-07,Part-Time,151850,683,No,No,Approved,3528.96,3676,3,docs expired
2400751,0634,2021-04-11,Self-Employed,92282,552,No,Yes,Approved,1204.56,1434,2,Flagged for manual review.
2401032,0206,2022-03-13,Student,184324,682,No,No,Withdrawn,2804.88,3596,3,Co-signer pending review.
2403128,0724,30/10/2021,Self-Employed,18484,592,No,Yes,Approved,1639.20,2732,5,Referred by agent.
2404876,1453,2024-06-16,Self-Employed,223276,753,No,Yes,Approved,2877.12,2997,3,docs expired
2405716,1638,2020-12-07,Retired,161298,756,No,Yes,Denied,8847.72,10533,3,n/a
2409877,0994,2020-03-13,Unemployed,141100,,Yes,No,Denied,1632.00,1700,3,N/A
2411596,1752,2021-04-12,Full-Time,184830,677,Yes,Yes,Approved,1210.20,2017,5,Applicant follow-up needed
2412581,0225,2020-10-18,Student,24896,816,No,Yes,Approved,1064.40,1774,5,Applicant follow-up needed
2414638,1180,2020-06-21,Retired,109193,,No,No,Withdrawn,3510.54,5319,1,docs expired
2415953,0991,2023-07-30,Student,34338,718,No,No,Approved,2336.64,2434,5,Renewal case.
2417628,0769,2021-07-20,Full-Time,94959,627,No,Yes,Denied,3444.00,5740,1,
2418046,1679,2022-05-29,Full-Time,91450,725,No,Yes,Approved,4256.64,4434,2,.
2422062,0237,2023-05-24,Retired,133626,329,No,Yes,Pending,3263.52,4184,3,
2422567,1566,2020-08-03,Self-Employed,137758,762,No,Yes,Approved,1016.40,1694,1,.
2424253,0141,,Part-Time,20312,686,No,No,Pending,2017.62,3057,1,income verified via Plaid
2424441,0148,,Contract,143535,692,No,Yes,Denied,819.00,975,1,
2428124,1437,2020-06-26,Full-Time,193377,822,No,No,Pending,3278.88,4968,5,Referred by agent.
2430300,0127,2020-08-26,Contract,83860,801,No,Yes,Withdrawn,775.80,1293,5,Applicant follow-up needed
2430694,0767,2024-01-01,Full-Time,78344,779,No,No,Approved,2146.20,2555,5,Co-signer pending review.
2431618,0293,,Unemployed,220110,532,No,No,Denied,2920.32,3042,1,Referred by agent.
2431695,1653,2022-01-11,Student,191315,839,Yes,Yes,Denied,2815.68,2933,2,Missing bank statements.
2432426,1191,2022-12-17,Contract,154548,709,Yes,Yes,Approved,827.64,1254,2,Missing bank statements.
2433463,1466,2020-01-13,Student,178525,,No,No,Approved,789.36,1196,3,income verified via Plaid
2433722,0834,2022-07-04,Unemployed,113189,823,Yes,No,Pending,756.00,1260,5,income verified via Plaid
2434032,0322,2024-10-12,Retired,11208,774,No,Yes,Pending,2717.22,4117,3,Flagged for manual review.
2435138,1060,2024-12-25,Full-Time,165507,744,No,Yes,Withdrawn,1820.94,2759,3,N/A
2435197,0493,22/08/2020,Student,244034,742,No,No,Denied,4990.80,8318,1,Missing bank statements.
2435259,1179,2022-12-30,Student,134503,,No,Yes,Denied,5030.22,6449,1,
2439597,1083,2022-10-01,Retired,284628,,No,Yes,Approved,7299.24,9358,4,Co-signer pending review.
2440799,0148,2023-10-12,Retired,141745,,No,Yes,Approved,819.00,975,5,N/A
2441229,0045,2020-05-12,Full-Time,97219,694,No,No,Approved,2387.58,3061,3,Missing bank statements.
2441604,1402,,Full-Time,136654,582,No,Yes,Approved,599.28,908,3,Co-signer pending review.
2441635,0307,2022-09-16,Retired,217083,605,No,No,Approved,6513.36,7754,2,income verified via Plaid
2442344,0683,2021-06-21,Student,137812,,No,No,Approved,1649.40,2749,5,Co-signer pending review.
2442417,0978,2023-04-03,Student,214454,704,No,Yes,Approved,832.92,1262,5,Flagged for manual review.
2442564,1417,2020-10-15,Contract,188709,779,No,No,Approved,4330.20,5155,1,n/a
2442668,0263,15/05/2024,Full-Time,51917,,Yes,Yes,Withdrawn,902.22,1367,2,
2442967,0003,2020-12-27,Contract,69261,738,Yes,No,Denied,1112.28,1426,4,income verified via Plaid
2443546,1203,23/03/2023,Self-Employed,293023,,No,Yes,Approved,1918.08,1998,2,n/a
2445664,0928,2023-08-03,Student,103497,740,No,Yes,Approved,1265.94,1623,5,.
2449105,1449,2020-11-01,Self-Employed,125317,,No,Yes,Approved,2949.18,3781,4,n/a
2451072,0470,2020-05-30,Retired,98504,743,Yes,No,Approved,3735.60,6226,3,.
2451212,0247,2023-06-15,Self-Employed,138700,674,No,No,Denied,814.80,1358,1,Applicant follow-up needed
2451881,0766,2021-07-21,Contract,187246,801,Yes,No,Denied,4818.24,5019,1,
2451996,0799,2024-09-22,Contract,131877,677,No,Yes,Approved,1982.76,2542,5,Applicant provided pay stubs.
2452832,1443,2022-10-03,Student,166578,817,No,No,Approved,1112.40,1854,4,Missing bank statements.
2455835,1462,2021-11-28,Part-Time,234466,843,Yes,Yes,Approved,1205.10,1545,1,Missing bank statements.
2456482,0088,2020-02-08,Retired,85192,776,No,Yes,Approved,1176.00,1960,5,Applicant follow-up needed
2456992,0389,27/03/2020,Self-Employed,235272,729,No,Yes,Pending,3457.20,0,1,Flagged for manual review.
2458294,0470,2024-10-14,Student,145463,,Yes,Yes,Denied,4856.28,6226,2,
2458418,0677,27/04/2020,Part-Time,247406,693,No,No,Withdrawn,1534.68,1827,2,n/a
2460700,1569,23/08/2020,Unemployed,124032,738,Yes,Yes,Denied,1264.20,1505,5,Renewal case.
2460899,0520,15/04/2021,Full-Time,86522,714,No,No,Pending,3175.26,4811,5,n/a
2460958,0527,2024-12-26,Contract,80843,765,No,No,Approved,1478.40,2464,3,income verified via Plaid
2462885,1196,13/03/2021,Retired,213572,797,Yes,No,Denied,1960.20,3267,4,Flagged for manual review.
2462929,1542,2020-11-10,Full-Time,79839,736,No,No,Approved,499.80,833,2,.
2463574,0868,2022-04-16,Retired,151260,773,No,Yes,Under Review,2288.88,3468,2,Renewal case.
2465906,0081,2022-02-18,Retired,98119,675,No,No,Under Review,2104.74,3189,4,income verified via Plaid
2466494,0287,2024-03-28,Retired,81570,517,No,No,Denied,4344.60,5570,2,
2469943,0868,2021-07-23,Part-Time,104154,823,No,No,Under Review,2913.12,3468,4,income verified via Plaid
2469975,0840,28/02/2021,Student,12745,781,No,No,Approved,1668.60,2781,5,Missing bank statements.
2474254,1068,21/05/2022,Retired,237357,626,No,Yes,Withdrawn,3534.30,5355,4,.
2474759,0301,2024-11-08,Full-Time,163637,645,No,No,Denied,1997.52,2378,5,Missing bank statements.
2477440,0088,2023-05-09,Contract,243361,798,No,Yes,Denied,1176.00,1960,2,Missing bank statements.
2477470,0950,2024-03-03,Full-Time,201397,N/A,No,Yes,Withdrawn,3227.64,4138,1,Applicant provided pay stubs.
2477601,0456,2023-12-24,Retired,107531,623,Yes,No,Approved,672.00,0,1,Applicant provided pay stubs.
2478950,1186,2022-05-08,Unemployed,216268,555,No,No,Withdrawn,5378.88,5603,2,N/A
2480181,1660,2022-07-14,Part-Time,248000,730,No,No,Approved,879.00,1465,2,Applicant provided pay stubs.
2481013,0216,2021-01-20,Part-Time,75557,735,No,Yes,Denied,1417.08,0,2,n/a
2481315,1403,2023-08-30,Unemployed,78441,838,Yes,No,Approved,1978.08,2536,4,n/a
2482243,0757,2021-02-06,Self-Employed,67613,758,Yes,No,Approved,2492.28,2967,3,income verified via Plaid
2482390,0307,2023-03-21,Retired,118989,364,No,Yes,Denied,6513.36,7754,4,Applicant provided pay stubs.
2484191,0966,2022-10-31,Student,27045,746,No,Yes,Approved,5015.64,0,2,income verified via Plaid
2487800,0895,2021-01-21,Part-Time,208153,745,No,No,Denied,1600.50,2425,5,.
2490141,0970,2021-04-04,Self-Employed,62400,641,No,No,Approved,1642.80,2738,4,Applicant follow-up needed
2490596,1611,2021-04-19,Self-Employed,40839,582,No,Yes,Approved,3633.96,5506,5,Applicant provided pay stubs.
2491747,1778,2022-11-11,Unemployed,217362,656,No,Yes,Withdrawn,2613.60,4356,4,n/a
2492289,1759,2020-05-01,Self-Employed,184518,604,No,Yes,Under Review,2433.48,2897,3,Applicant provided pay stubs.
2494322,0985,2023-03-08,Full-Time,221191,691,No,No,Pending,1351.74,1733,5,income verified via Plaid
2494490,1107,2022-11-07,Full-Time,191298,781,No,Yes,Under Review,3056.64,3184,5,Referred by agent.
2496221,0306,2022-05-15,Retired,139981,783,No,Yes,Under Review,2551.68,2658,3,Referred by agent.
2496287,1670,2024-07-04,Self-Employed,275710,618,No,Yes,Approved,5045.04,6006,4,N/A
2496496,1556,2024-04-24,Contract,96112,796,No,No,Under Review,2448.00,2550,3,Renewal case.
2497443,1532,2022-02-21,Student,120180,630,No,No,Pending,2118.48,2716,3,docs expired
2499616,1530,2023-08-10,Retired,36253,,No,No,Approved,7788.48,8113,5,docs expired
2500780,0490,2024-01-17,Part-Time,161537,745,Yes,Yes,Pending,4581.72,5874,5,income verified via Plaid
2501838,0047,2021-10-08,Self-Employed,55552,615,No,No,Denied,4567.92,5438,4,docs expired
2501932,1114,2023-04-18,Retired,175659,622,No,No,Approved,1861.20,3102,3,income verified via Plaid
2504382,1172,2022-01-26,Self-Employed,110952,654,No,No,Denied,2298.12,3482,5,Flagged for manual review.
2506071,0037,2024-05-22,Self-Employed,204573,748,No,Yes,Pending,677.40,1129,3,
2507790,1593,2020-04-18,Unemployed,125901,,No,Yes,Approved,5112.96,5326,1,Applicant follow-up needed
2508572,0924,2023-04-04,Full-Time,53175,847,No,No,Approved,1051.20,1095,4,N/A
2510394,0924,2024-10-05,Part-Time,224036,690,No,Yes,Approved,919.80,1095,2,N/A
2511940,0777,,Self-Employed,84239,642,No,Yes,Approved,2289.60,2385,2,income verified via Plaid
2512271,0889,2020-09-16,Full-Time,36783,828,No,No,Denied,3771.60,4490,5,Co-signer pending review.
2513688,0561,2020-11-18,Contract,123453,850,No,No,Denied,1331.46,1707,1,N/A
2515016,0656,2022-02-15,Contract,210754,787,No,Yes,Withdrawn,3359.40,5090,5,docs expired
2516378,0792,2020-02-14,Unemployed,136908,833,Yes,No,Approved,3690.96,4394,1,Applicant follow-up needed
2517555,0731,2020-12-22,Full-Time,67897,710,No,Yes,Approved,1135.20,1892,2,Renewal case.
2517640,0716,18/05/2022,Part-Time,90797,843,No,Yes,Approved,1912.68,2898,5,
2522750,1412,19/11/2021,Contract,78942,705,No,Yes,Denied,1042.80,1580,2,Missing bank statements.
2524923,0404,21/02/2020,Retired,61987,738,No,Yes,Approved,5048.34,7649,4,N/A
2525525,1105,2022-08-18,Self-Employed,248935,438,No,Yes,Denied,797.28,1208,3,.
2526844,0987,2021-08-05,Self-Employed,132009,768,No,Yes,Denied,3391.80,0,2,Applicant provided pay stubs.
2527765,1620,2021-07-02,Full-Time,202541,784,Yes,Yes,Pending,3224.10,4885,2,
2528243,0463,2023-11-04,Part-Time,81861,,No,Yes,Denied,3024.00,3600,4,Missing bank statements.
2528653,0703,2023-02-02,Part-Time,174663,722,No,No,Under Review,1061.76,1106,1,Missing bank statements.
2528985,1192,22/06/2022,Unemployed,149263,746,No,No,Pending,5125.20,8542,5,income verified via Plaid
2530900,1057,2022-02-10,Full-Time,20325,779,No,No,Under Review,3382.08,3523,2,Renewal case.
2531487,0245,2022-08-17,Student,239901,338,No,No,Approved,2777.04,3306,5,N/A
2532770,1019,27/01/2022,Self-Employed,72091,446,No,No,Approved,1644.60,2741,4,income verified via Plaid
2533416,0232,2023-04-02,Self-Employed,236459,655,No,No,Under Review,1955.52,2037,3,Co-signer pending review.
2533844,1602,2023-01-25,Part-Time,161245,670,No,Yes,Denied,1896.00,0,4,
2534569,0612,2021-08-14,Contract,132228,705,No,Yes,Under Review,5179.68,7848,3,docs expired
2535192,0926,2020-03-10,Part-Time,73469,699,No,No,Approved,4303.86,6521,5,N/A
2538308,0690,2022-02-12,Part-Time,13664,607,Yes,No,Denied,806.40,1344,3,income verified via Plaid
2541840,0386,2021-01-20,Student,110686,,No,Yes,Approved,2208.00,2300,4,Applicant provided pay stubs.
2542740,0541,2022-11-07,Retired,119144,846,No,No,Approved,4239.48,5047,1,Referred by agent.
2542745,0928,2022-05-25,Self-Employed,103254,657,No,Yes,Pending,1071.18,1623,1,Applicant provided pay stubs.
2542983,0454,2023-12-01,Contract,200428,817,Yes,No,Pending,1694.88,2568,2,.
2545699,0524,2021-03-01,Unemployed,131645,806,No,No,Denied,3456.96,3601,1,.
2547461,0878,2022-07-16,Self-Employed,89992,843,No,Yes,Approved,1218.36,1562,3,n/a
2547582,1496,2022-10-24,Retired,8373,816,No,No,Denied,3848.46,5831,3,n/a
2548299,0076,2022-12-28,Student,142742,647,No,Yes,Approved,1269.18,1923,4,Flagged for manual review.
2551903,1172,20/08/2024,Self-Employed,104143,679,No,Yes,Pending,2924.88,3482,4,Applicant provided pay stubs.
2557339,0087,2020-03-08,Contract,36799,686,No,Yes,Pending,3845.82,5827,4,Co-signer pending review.
2559367,1652,28/11/2021,Unemployed,185512,731,No,No,Denied,932.40,1554,2,Flagged for manual review.
2559897,0204,2024-07-31,Unemployed,105573,771,No,Yes,Withdrawn,892.32,1352,4,income verified via Plaid
2560743,0826,2021-05-29,Student,62774,740,No,Yes,Approved,4297.92,4477,5,docs expired
2562549,0992,2021-06-18,Retired,134351,688,No,No,Approved,3421.08,4386,5,Flagged for manual review.
2565365,0261,2021-10-16,Retired,136323,,No,No,Approved,964.92,0,1,N/A
2565959,1601,2022-07-07,Retired,67611,801,No,Yes,Approved,1963.08,2337,4,Missing bank statements.
2566341,0457,2021-02-07,Unemployed,17903,332,No,No,Pending,2878.26,4361,2,Flagged for manual review.
2567496,1513,26/06/2023,Self-Employed,76499,728,No,No,Approved,4718.34,7149,2,Applicant follow-up needed
2567502,0754,2023-07-29,Self-Employed,116558,781,No,No,Under Review,5411.52,5637,3,Applicant provided pay stubs.
2567525,0824,,Unemployed,57544,751,Yes,No,Approved,1611.84,1679,5,
2568285,1715,2021-10-07,Unemployed,235326,,No,Yes,Approved,3540.60,4215,4,Flagged for manual review.
2568505,0246,2021-09-28,Full-Time,44441,763,No,No,Denied,3125.40,5209,1,docs expired
2568728,1528,30/10/2023,Part-Time,81351,696,Yes,Yes,Approved,3474.90,4455,4,Flagged for manual review.
2569400,1142,2023-10-14,Full-Time,125213,758,No,No,Withdrawn,3038.40,5064,1,
2571838,0097,2024-02-27,Part-Time,194882,N/A,No,Yes,Denied,1071.18,1623,3,
2573180,0421,2024-04-04,Student,18433,683,No,No,Denied,2176.32,2267,4,Flagged for manual review.
2575501,0769,2022-08-19,Student,167612,829,Yes,No,Denied,4477.20,5740,5,docs expired
2575812,0032,2023-01-11,Part-Time,242084,678,No,Yes,Approved,1003.08,1286,5,Renewal case.
2578583,1540,2020-10-15,Contract,131205,739,No,No,Withdrawn,3137.28,3268,1,
2580632,0085,,Student,664000,781,No,Yes,Approved,1302.00,1550,3,Flagged for manual review.
2580644,1045,2021-03-04,Self-Employed,64216,325,No,No,Approved,4365.12,0,3,n/a
2581957,1738,2020-06-23,Unemployed,38562,821,No,No,Pending,1269.00,2115,3,Missing bank statements.
2583000,0346,2020-08-31,Full-Time,110545,688,No,Yes,Withdrawn,2397.60,3996,3,
2586170,1641,2023-11-21,Retired,228543,734,No,Yes,Approved,5106.36,6079,3,
2587015,1425,2021-02-01,Full-Time,25189,796,No,Yes,Denied,733.20,1222,4,Applicant follow-up needed
2589339,0085,2021-04-05,Self-Employed,142614,679,No,No,Approved,1302.00,1550,1,Missing bank statements.
2591216,0950,2021-12-05,Student,56085,422,No,No,Approved,2482.80,4138,5,Renewal case.
2593308,0224,2024-01-02,Unemployed,52344,799,No,Yes,Approved,5690.10,7295,1,.
2595297,1366,2020-12-25,Retired,174605,555,No,Yes,Pending,4273.92,5088,2,Renewal case.
2596869,0553,2023-03-07,Part-Time,141078,755,No,No,Approved,3242.58,4913,1,.
2596900,0662,2021-11-23,Unemployed,155528,633,No,No,Pending,1003.86,1521,1,Renewal case.
2597739,1767,2023-08-26,Retired,200543,756,Yes,No,Denied,3382.68,4027,2,Flagged for manual review.
2601162,0800,2024-01-02,Student,171887,581,Yes,No,Denied,2293.44,2389,4,docs expired
2603415,0201,2020-05-27,Retired,26739,,No,No,Pending,1895.40,2430,5,Applicant provided pay stubs.
2604975,0013,2020-01-09,Retired,80381,497,No,No,Denied,2935.80,0,3,Missing bank statements.
2605477,0145,2022-03-17,Self-Employed,243471,377,Yes,No,Pending,677.04,868,5,Referred by agent.
2606606,0096,2021-10-30,Unemployed,20171,480,No,No,Approved,3472.32,3617,2,Renewal case.
2606671,1223,2020-06-29,Contract,191975,,No,Yes,Under Review,2830.20,4717,2,
2606793,1223,2024-01-04,Student,21295,770,No,No,Denied,3679.26,4717,4,docs expired
2607259,0246,2020-04-29,Unemployed,142472,683,Yes,Yes,Approved,5000.64,5209,4,
2608184,0538,2021-12-21,Self-Employed,6518,709,No,No,Approved,2069.40,3449,2,n/a
2612940,0995,2020-01-01,Contract,60468,801,No,No,Approved,5016.48,5972,5,Renewal case.
2613803,1684,27/07/2022,Contract,237416,631,No,Yes,Under Review,2547.72,3033,4,
2613933,1027,,Student,125777,435,No,No,Approved,2206.80,3678,2,n/a
2614052,0718,2023-01-12,Retired,222820,748,Yes,Yes,Pending,4546.56,4736,3,income verified via Plaid
2614936,1037,2021-09-22,Unemployed,123408,637,No,Yes,Denied,2067.78,3133,3,income verified via Plaid
2615410,1651,2020-01-22,Contract,42051,613,No,Yes,Approved,1968.12,2982,1,Missing bank statements.
2615676,1564,23/02/2023,Retired,199229,788,No,Yes,Approved,2903.16,3722,5,Referred by agent.
2616981,0025,2022-11-08,Student,67954,596,Yes,No,Approved,4573.80,7623,5,Applicant provided pay stubs.
2617642,1083,2021-09-10,Full-Time,230890,689,No,No,Under Review,7860.72,9358,5,.
2619594,0648,2024-01-20,Student,28964,711,Yes,No,Withdrawn,1900.86,2437,2,.
2619747,0896,2023-12-20,Unemployed,168383,759,No,No,Pending,5644.86,7237,2,income verified via Plaid
2620001,0382,2021-09-16,Student,120709,475,No,Yes,Denied,3195.00,5325,2,Renewal case.
2620849,0762,2021-02-16,Student,75786,811,Yes,Yes,Under Review,1118.04,1331,3,N/A
2621911,1662,2024-08-01,Contract,101470,779,Yes,No,Under Review,5257.56,6259,5,
2622450,1208,2021-04-13,Full-Time,192322,550,No,Yes,Approved,1482.00,0,4,n/a
2624062,0060,2022-06-06,Retired,31624,710,No,Yes,Denied,766.92,1162,2,docs expired
2626672,0764,2022-08-10,Part-Time,30496,,Yes,No,Denied,8424.96,8776,5,Flagged for manual review.
2626817,0714,2020-07-22,Retired,9051,644,No,No,Approved,2910.00,4850,5,docs expired
2627070,1065,2023-07-11,Retired,124019,714,Yes,No,Denied,1326.00,1700,1,
2628135,0390,2024-05-22,Unemployed,189076,813,No,No,Approved,792.48,1016,4,income verified via Plaid
2628930,1660,2021-11-30,Self-Employed,217560,681,No,Yes,Denied,1406.40,1465,2,Applicant follow-up needed
2629653,0938,25/03/2020,Unemployed,220439,599,No,Yes,Pending,3348.00,5580,4,Flagged for manual review.
2630588,0628,2023-05-31,Contract,214654,,Yes,No,Denied,3764.88,4482,1,Co-signer pending review.
2632079,0505,2020-07-15,Retired,161895,386,No,No,Denied,8023.68,9552,4,Co-signer pending review.
2632539,1273,17/01/2023,Part-Time,172634,747,No,No,Approved,4608.00,7680,3,Applicant follow-up needed
2633140,0488,20/10/2021,Contract,255304,620,No,No,Pending,1913.34,2899,5,income verified via Plaid
2635966,0994,2021-09-16,Self-Employed,14465,604,Yes,No,Approved,1020.00,1700,1,Missing bank statements.
2638113,1621,2020-08-25,Part-Time,125291,744,No,Yes,Approved,5332.08,6836,1,Applicant follow-up needed
2638781,1176,,Unemployed,182065,739,No,Yes,Pending,1518.72,1808,3,Missing bank statements.
2639686,1581,2023-02-02,Student,133355,,No,Yes,Withdrawn,634.92,814,4,Flagged for manual review.
2641384,0079,2021-07-05,Self-Employed,245720,N/A,Yes,No,Denied,2693.76,2806,4,docs expired
2641470,1112,2022-04-28,Contract,146979,485,No,Yes,Approved,1636.32,1948,3,
2641984,0566,2020-02-17,Student,127761,815,No,No,Approved,1177.80,1510,1,n/a
2642826,1036,2020-12-19,Unemployed,95163,303,No,Yes,Approved,2752.68,3277,3,Applicant follow-up needed
2643481,0641,2020-03-02,Unemployed,74324,594,No,No,Denied,2137.80,2545,1,docs expired
2644020,1287,16/05/2023,Self-Employed,221547,803,Yes,Yes,Approved,5143.32,6594,2,Applicant follow-up needed
2646283,0792,,Self-Employed,240358,473,No,Yes,Withdrawn,2636.40,4394,1,income verified via Plaid
2648119,1392,,Part-Time,237688,790,No,Yes,Under Review,7134.12,8493,1,Applicant follow-up needed
2653987,0807,2020-02-18,Retired,144290,677,No,No,Under Review,1416.48,1816,5,Co-signer pending review.
2656603,1517,,Retired,235081,,No,Yes,Denied,1308.12,1982,2,Applicant follow-up needed
2656775,1150,2022-08-15,Unemployed,185500,,No,Yes,Approved,10622.64,12646,1,Flagged for manual review.
2657069,0615,2024-02-03,Contract,120290,841,No,No,Pending,3589.20,5982,1,Co-signer pending review.
2657491,0356,2022-08-27,Unemployed,195810,799,No,Yes,Approved,5580.12,7154,2,Applicant provided pay stubs.
2657923,0469,2024-09-25,Unemployed,55326,593,No,Yes,Approved,5217.60,5435,3,docs expired
2657971,0178,2021-09-08,Self-Employed,25007,687,No,Yes,Pending,3387.84,3529,4,Renewal case.
2658341,0104,2022-12-06,Full-Time,180415,622,No,No,Approved,2515.50,3225,5,Applicant follow-up needed
2659768,1015,15/11/2021,Student,76367,596,No,Yes,Denied,3765.96,5706,3,Renewal case.
2659931,0551,2021-01-14,Full-Time,223930,757,No,Yes,Approved,2871.00,4785,3,Applicant provided pay stubs.
2661400,0363,2022-12-12,Contract,148107,732,No,Yes,Denied,1353.60,1410,3,
2663893,0114,2021-07-06,Part-Time,128413,734,No,Yes,Denied,1996.68,2377,5,.
2664242,1005,2021-08-16,Unemployed,218428,N/A,No,Yes,Approved,1018.92,1213,3,Applicant follow-up needed
2664517,0656,2021-01-14,Full-Time,47825,694,No,Yes,Pending,3359.40,5090,5,Flagged for manual review.
2665500,1445,2022-05-10,Unemployed,209597,615,Yes,No,Denied,6513.00,8350,2,Co-signer pending review.
2668893,0897,,Self-Employed,236497,840,No,No,Denied,1322.88,1378,4,income verified via Plaid
2670083,1485,2021-03-27,Retired,140946,,No,No,Approved,2878.98,3691,5,Flagged for manual review.
2673965,1027,18/12/2020,Part-Time,158338,628,No,Yes,Approved,3089.52,3678,1,Missing bank statements.
2674438,1256,17/01/2022,Retired,6999,638,No,No,Denied,3361.68,4002,2,
2678496,0307,,Student,76507,712,No,Yes,Approved,6513.36,7754,2,Applicant provided pay stubs.
2679878,1499,2024-06-04,Full-Time,202464,,No,No,Under Review,2309.40,3849,3,Flagged for manual review.
2681490,0513,2024-05-23,Full-Time,137786,767,No,No,Approved,1729.20,2620,3,Co-signer pending review.
2681763,1791,2023-03-23,Full-Time,130894,385,Yes,Yes,Approved,2145.00,3575,2,Applicant provided pay stubs.
2682147,1789,2023-06-04,Unemployed,147085,798,Yes,No,Denied,2348.58,3011,1,Referred by agent.
2682374,1527,31/07/2024,Self-Employed,61399,,No,No,Approved,786.72,1192,5,docs expired
2683278,0772,2022-02-01,Full-Time,84162,698,No,No,Denied,1999.92,2564,4,Renewal case.
2684941,0805,2021-07-26,Retired,238342,734,No,Yes,Under Review,1828.80,1905,5,Referred by agent.
2685847,0054,2024-12-01,Student,158593,N/A,No,No,Approved,4200.90,6365,1,
2687323,0490,2024-09-23,Unemployed,38290,672,No,No,Approved,3876.84,5874,2,.
2687841,0943,2020-06-02,Full-Time,135034,746,No,Yes,Approved,1580.04,1881,1,Renewal case.
2691096,1205,2022-04-10,Retired,150640,596,No,No,Approved,4526.40,4715,2,docs expired
2691320,0491,2023-02-17,Student,118066,722,No,No,Withdrawn,1350.18,1731,2,Applicant provided pay stubs.
2692048,1258,2022-05-03,Retired,62120,707,No,No,Under Review,1336.14,1713,4,n/a
2692477,0980,,Student,142091,782,Yes,Yes,Approved,1391.04,1656,2,Referred by agent.
2692520,0142,2022-12-16,Self-Employed,222461,850,No,Yes,Pending,2717.22,4117,5,n/a
2693591,0303,2020-02-06,Part-Time,180710,714,No,Yes,Approved,4086.42,5239,5,Missing bank statements.
2693857,0084,2024-05-03,Retired,24394,635,No,No,Withdrawn,5801.64,7438,3,Applicant follow-up needed
2694250,0795,2023-10-30,Self-Employed,183589,721,Yes,Yes,Under Review,1476.48,1538,5,Co-signer pending review.
2696317,1552,2023-01-29,Student,40519,623,No,Yes,Approved,711.48,847,5,income verified via Plaid
2700462,1632,2022-03-03,Self-Employed,49179,N/A,Yes,Yes,Approved,3235.80,5393,5,Applicant provided pay stubs.
2702114,0327,2022-01-13,Contract,25871,740,Yes,Yes,Under Review,5035.20,5245,2,Co-signer pending review.
2706299,0682,2024-01-19,Part-Time,244041,590,No,No,Denied,5777.52,6878,2,income verified via Plaid
2706418,0934,2024-08-27,Full-Time,192031,761,Yes,Yes,Under Review,1543.92,1838,1,Co-signer pending review.
2707162,1521,2023-06-20,Self-Employed,107209,577,No,Yes,Under Review,2365.20,3942,1,income verified via Plaid
2707800,1780,2023-09-07,Self-Employed,109519,846,No,No,Denied,4986.00,8310,4,Applicant provided pay stubs.
2708507,0984,,Full-Time,140561,306,No,Yes,Under Review,761.40,1269,1,Applicant follow-up needed
2708568,1200,2023-11-15,Unemployed,150062,736,Yes,Yes,Approved,1299.60,2166,5,Applicant provided pay stubs.
2709284,0913,2021-02-15,Student,91262,809,No,Yes,Approved,522.60,871,1,N/A
2709402,0164,2020-02-15,Self-Employed,882000,814,No,Yes,Approved,2333.52,2778,2,
2709558,0310,29/09/2024,Retired,8893,,No,Yes,Withdrawn,816.60,1361,4,n/a
2710014,0040,2021-08-17,Unemployed,178205,758,No,No,Under Review,10673.28,11118,1,Co-signer pending review.
2710371,0492,2023-07-11,Part-Time,117885,421,Yes,No,Pending,1233.12,1468,1,Applicant follow-up needed
2710791,0487,2022-08-12,Part-Time,35782,731,No,No,Approved,1448.40,2414,4,Missing bank statements.
2714248,1063,,Full-Time,109107,N/A,No,No,Denied,1530.24,1594,3,Flagged for manual review.
2715489,1142,2020-05-06,Retired,132814,699,No,No,Approved,4253.76,5064,3,Co-signer pending review.
2717036,1651,2023-05-14,Self-Employed,255860,,No,Yes,Approved,1968.12,2982,1,Co-signer pending review.
2717409,0247,2021-06-12,Contract,147213,778,No,Yes,Approved,896.28,1358,1,Applicant provided pay stubs.
2718536,0348,2021-05-26,Contract,208852,679,Yes,Yes,Approved,8482.56,8836,4,
2718733,1401,2023-02-15,Self-Employed,75484,657,No,Yes,Pending,2077.32,2473,5,Renewal case.
2719946,0622,2023-10-29,Self-Employed,123161,725,No,No,Pending,1879.80,2410,1,Co-signer pending review.
2721015,1269,2021-02-12,Self-Employed,228065,704,No,Yes,Under Review,1428.60,2381,3,Co-signer pending review.
2722305,1430,27/09/2024,Contract,175123,739,Yes,Yes,Approved,1027.80,1713,2,Renewal case.
2723832,1611,,Contract,131546,638,No,No,Approved,3633.96,5506,4,Renewal case.
2724215,1056,19/07/2020,Retired,61993,735,No,Yes,Approved,758.34,1149,4,income verified via Plaid
2725534,0723,,Retired,90180,628,No,Yes,Approved,3418.14,5179,1,Applicant provided pay stubs.
2726460,1465,2023-02-21,Self-Employed,71419,631,Yes,Yes,Approved,1768.80,2680,1,N/A
2726837,1315,2023-04-25,Part-Time,62605,729,No,Yes,Denied,737.88,1118,2,Co-signer pending review.
2727827,1032,2020-11-27,Self-Employed,106513,,No,No,Withdrawn,2822.40,2940,1,income verified via Plaid
2730614,1704,2023-11-25,Retired,102248,677,No,Yes,Approved,805.80,1343,2,.
2732019,1129,2023-07-18,Full-Time,186775,,No,No,Denied,1898.40,3164,3,Renewal case.
2732534,1722,2024-12-10,Self-Employed,197945,645,No,No,Denied,1414.56,1684,2,Applicant provided pay stubs.
2739021,1134,2023-06-30,Part-Time,59299,729,No,Yes,Approved,3170.16,3774,3,
2740386,0049,2020-01-17,Retired,116500,697,No,No,Pending,2453.22,3717,3,N/A
2740586,1408,2023-11-25,Part-Time,170708,696,No,No,Denied,2614.92,3113,3,Missing bank statements.
2740725,0700,,Full-Time,143543,703,No,Yes,Approved,1406.40,2344,5,Applicant provided pay stubs.
2742588,0975,2020-08-10,Retired,207060,698,Yes,Yes,Approved,4493.16,5349,5,Co-signer pending review.
2745789,1007,,Student,187763,709,Yes,Yes,Approved,1452.36,0,4,Renewal case.
2751301,1151,2020-04-18,Part-Time,77031,673,No,No,Approved,3301.80,5503,3,
2752871,0124,2022-03-02,Student,192300,792,No,No,Approved,954.24,994,1,Referred by agent.
2753642,1128,2020-04-26,Retired,198565,,No,No,Approved,3928.32,5952,2,
2753704,0547,2020-04-08,Retired,111400,725,No,No,Denied,2808.30,4255,2,Missing bank statements.
2753875,0025,2020-10-05,Self-Employed,69545,650,Yes,No,Under Review,5945.94,7623,3,Applicant follow-up needed
2754678,0782,2021-09-17,Student,228060,694,No,No,Pending,2185.92,3312,4,Referred by agent.
2755595,0108,2022-11-17,Unemployed,73875,585,Yes,Yes,Approved,972.60,1621,3,Missing bank statements.
2756363,0418,2023-01-09,Retired,172453,697,No,Yes,Approved,2070.00,3450,2,N/A
2760179,1701,2023-03-06,Part-Time,68949,594,Yes,Yes,Withdrawn,3647.04,3799,1,N/A
2762311,1219,2022-04-24,Part-Time,231753,811,Yes,Yes,Withdrawn,2429.70,3115,5,.
2764394,1135,2023-12-02,Contract,103760,759,No,Yes,Approved,2572.80,2680,1,docs expired
2764953,0608,,Self-Employed,73918,N/A,No,No,Approved,2620.20,4367,5,Referred by agent.
2765844,0347,23/08/2023,Unemployed,241163,605,No,No,Approved,2339.22,2999,5,Applicant provided pay stubs.
2767357,0714,2020-03-16,Student,22115,629,No,Yes,Approved,2910.00,4850,2,
2768155,0642,2020-06-24,Self-Employed,35125,711,Yes,No,Denied,815.04,849,4,Missing bank statements.
2769292,0478,2024-02-03,Retired,210913,681,No,Yes,Approved,2358.72,3024,5,Referred by agent.
2771406,0700,27/02/2022,Contract,110380,744,No,No,Denied,1547.04,2344,1,income verified via Plaid
2776585,1440,2020-12-05,Unemployed,167423,687,No,No,Denied,1547.52,1612,5,.
2778120,0339,2021-02-12,Full-Time,264933,807,No,Yes,Under Review,6006.00,9100,5,.
2778820,0598,2020-05-09,Contract,152446,,No,No,Denied,2723.76,3492,3,Applicant provided pay stubs.
2780600,0084,2020-08-06,Student,37219,804,No,No,Denied,5801.64,7438,5,Applicant follow-up needed
2780888,0092,2021-07-29,Retired,152055,595,No,Yes,Approved,2086.92,3162,4,Co-signer pending review.
2782315,0193,2023-12-08,Retired,38402,722,No,Yes,Approved,2101.44,2189,5,Missing bank statements.
2782387,1642,17/09/2020,Unemployed,70135,618,No,Yes,Approved,2065.14,3129,3,Applicant follow-up needed
2782656,1645,2021-04-09,Contract,60027,740,No,Yes,Approved,4764.48,4963,5,Applicant follow-up needed
2783680,1234,2021-05-15,Contract,84350,838,No,Yes,Denied,3234.60,5391,4,n/a
2784636,0097,2020-02-18,Contract,140312,357,No,No,Approved,1363.32,1623,2,docs expired
2786152,1794,2023-05-17,Contract,42104,777,No,Yes,Approved,4499.04,5768,3,.
2786715,0543,2022-01-20,Student,27941,486,No,Yes,Pending,1492.80,2488,2,Referred by agent.
2786740,1048,,Unemployed,278114,613,No,No,Approved,5285.28,8008,4,Applicant follow-up needed
2788049,0345,2022-08-16,Unemployed,196996,594,No,Yes,Approved,4541.04,5406,4,Applicant provided pay stubs.
2789399,1015,15/09/2022,Part-Time,66487,603,No,Yes,Approved,3423.60,5706,3,.
2791920,0720,18/04/2021,Self-Employed,139225,732,No,Yes,Denied,4679.22,5999,1,
2792425,1202,2022-03-12,Full-Time,166343,754,No,Yes,Denied,1554.60,2591,2,.
2796935,1000,2020-09-10,Unemployed,125273,649,Yes,Yes,Approved,898.80,1070,2,Applicant provided pay stubs.
2797120,0318,2020-06-10,Retired,238677,759,No,Yes,Approved,730.20,1217,2,Renewal case.
2799283,0656,2022-09-08,Student,139377,,No,Yes,Denied,3970.20,5090,4,Referred by agent.
2799863,0207,18/08/2021,Retired,105887,816,No,No,Approved,4385.04,6644,2,
2800673,0416,2020-04-05,Self-Employed,74185,,No,No,Denied,3327.24,3961,1,Missing bank statements.
2802054,1458,,Student,71209,804,No,Yes,Denied,3801.84,4526,3,
2802958,1800,2023-12-17,Part-Time,178328,617,No,No,Approved,617.40,1029,1,Co-signer pending review.
2803422,1494,2024-06-16,Retired,178320,690,No,Yes,Denied,3523.80,4195,3,n/a
2803481,0611,2024-04-15,Unemployed,138481,753,No,No,Pending,2465.40,4109,5,n/a
2804168,1575,2024-06-04,Unemployed,189240,742,No,Yes,Approved,2676.48,2788,1,
2804310,0048,19/08/2023,Full-Time,45836,,No,Yes,Approved,2661.12,2772,1,Flagged for manual review.
2804471,1233,2023-03-26,Retired,45661,761,No,No,Under Review,1606.20,2677,4,.
2805656,0020,2022-02-11,Unemployed,258372,722,No,No,Approved,3931.20,5040,3,Applicant provided pay stubs.
2806216,0689,30/07/2022,Self-Employed,145660,780,No,No,Approved,1026.30,1555,1,Flagged for manual review.
2806462,0712,2024-04-21,Full-Time,135957,N/A,No,Yes,Denied,3190.98,4091,3,Co-signer pending review.
2806908,1312,15/02/2023,Unemployed,39676,777,Yes,Yes,Pending,931.20,970,4,Applicant provided pay stubs.
2807062,1623,2023-11-16,Student,248780,660,No,Yes,Withdrawn,4094.40,4265,5,Flagged for manual review.
2807273,1336,2022-10-05,Full-Time,141636,494,No,Yes,Denied,2096.40,3494,4,
2819247,1554,2023-10-03,Self-Employed,197505,761,No,No,Approved,964.86,1237,2,Co-signer pending review.
2819969,0687,2023-04-02,Retired,232846,802,No,Yes,Pending,6584.76,7839,3,Flagged for manual review.
2822402,1777,2023-01-18,Unemployed,236400,846,No,No,Approved,1888.32,2248,2,N/A
2823268,1307,25/03/2023,Retired,144369,772,Yes,Yes,Under Review,960.96,1232,5,Missing bank statements.
2823849,0101,2020-07-06,Unemployed,144653,681,No,Yes,Denied,1728.60,2881,5,.
2824380,0675,2022-11-08,Student,81052,690,Yes,Yes,Denied,3162.60,3765,4,Applicant follow-up needed
2824982,0740,2024-08-31,Retired,56265,N/A,No,Yes,Approved,1615.80,2693,2,Applicant follow-up needed
2825067,1456,2024-04-10,Self-Employed,246281,694,No,Yes,Approved,4120.20,4905,2,Flagged for manual review.
2828058,1035,2020-04-02,Unemployed,153774,681,No,No,Withdrawn,4590.72,4782,3,.
2828166,0782,,Unemployed,243082,763,Yes,No,Pending,2782.08,3312,5,
2828991,1315,2021-08-09,Retired,233831,702,No,No,Approved,670.80,1118,1,N/A
2831264,0558,2023-03-26,Self-Employed,238074,612,No,No,Approved,4006.08,4173,2,N/A
2833015,1213,2023-12-13,Contract,150569,714,No,No,Denied,4115.16,4899,4,Applicant provided pay stubs.
2833115,1201,2022-07-06,Full-Time,32096,836,No,Yes,Withdrawn,3065.04,0,3,
2833322,0369,2021-04-27,Student,129114,792,No,Yes,Approved,1358.28,1617,2,Applicant follow-up needed
2833907,1369,2023-09-06,Student,25899,672,Yes,No,Under Review,1303.38,1671,5,n/a
2834904,1454,2024-05-30,Contract,156117,798,No,Yes,Under Review,702.00,1170,4,income verified via Plaid
2835200,1694,2021-05-12,Contract,63640,,No,No,Approved,2209.92,2302,4,n/a
2835835,0549,2023-01-03,Student,102141,773,No,Yes,Approved,1780.80,2968,2,N/A
2836055,0199,2020-11-21,Full-Time,136897,300,No,Yes,Denied,1443.78,1851,3,
2839765,0310,2023-09-22,Part-Time,93065,660,Yes,Yes,Approved,1306.56,1361,2,Flagged for manual review.
2843329,0586,2021-08-02,Student,18989,736,No,No,Approved,1011.78,1533,2,Applicant provided pay stubs.
2843448,0331,2023-04-08,Full-Time,172591,690,No,No,Denied,1543.92,1838,3,
2844733,0722,2024-02-05,Self-Employed,179425,495,No,No,Approved,5030.40,8384,2,Co-signer pending review.
2846227,0081,2023-08-30,Unemployed,148309,711,Yes,No,Under Review,3061.44,3189,4,Renewal case.
2846793,0500,2020-06-02,Student,19601,829,No,Yes,Approved,933.60,1556,4,Applicant provided pay stubs.
2846953,1292,2020-04-15,Part-Time,149680,770,No,Yes,Approved,6356.40,10594,1,N/A
2847249,1569,17/11/2023,Self-Employed,34268,631,Yes,Yes,Under Review,1444.80,1505,3,.
2847273,0878,19/08/2024,Student,144596,813,Yes,No,Approved,1499.52,1562,3,.
2848471,0325,2024-07-30,Self-Employed,58749,625,Yes,No,Approved,901.68,1156,4,Referred by agent.
2849112,0311,2021-05-17,Retired,107600,809,No,No,Pending,1809.06,2741,4,Applicant provided pay stubs.
2852586,0899,2021-05-01,Contract,127060,721,No,No,Denied,1107.48,1678,1,Applicant provided pay stubs.
2854986,0492,2024-01-17,Contract,219201,766,No,Yes,Approved,968.88,1468,5,Renewal case.
2855696,0475,2020-11-19,Full-Time,18170,639,Yes,Yes,Approved,1921.14,2463,3,docs expired
2856360,0844,2024-07-29,Contract,59732,611,No,Yes,Denied,2456.52,3722,5,Missing bank statements.
2860542,0461,2021-03-27,Retired,196023,441,No,No,Approved,1199.40,1999,4,
2866453,1047,2023-04-02,Self-Employed,192982,814,No,No,Under Review,1236.18,1873,5,Applicant provided pay stubs.
2868073,0838,2024-06-14,Full-Time,77508,842,No,No,Denied,5878.08,6123,5,Co-signer pending review.
2868385,0533,,Part-Time,82703,734,No,No,Approved,2020.26,3061,2,Referred by agent.
2874077,0921,2023-01-10,Self-Employed,149723,829,No,No,Pending,1065.60,0,3,n/a
2877414,0925,2021-03-28,Part-Time,243721,695,No,Yes,Approved,1665.00,2775,5,Renewal case.
2877530,1746,,Student,190330,762,No,Yes,Denied,2326.80,2770,2,Missing bank statements.
2877880,1742,2023-05-27,Unemployed,44777,779,Yes,Yes,Withdrawn,3711.12,4418,4,n/a
2879601,0524,2024-09-25,Student,174584,789,No,Yes,Denied,3024.84,3601,2,Co-signer pending review.
2879602,0541,2024-03-25,Unemployed,137500,723,Yes,Yes,Approved,3331.02,5047,2,income verified via Plaid
2881030,0931,2020-05-20,Self-Employed,312382,794,No,Yes,Pending,3982.20,6637,2,docs expired
2881164,1389,2022-10-21,Unemployed,42027,672,No,Yes,Pending,1702.80,2580,5,
2882559,1221,2024-09-03,Part-Time,165142,587,No,Yes,Pending,3972.54,6019,2,docs expired
2882584,0550,2024-07-07,Student,142266,,No,No,Denied,1560.24,2364,1,n/a
2882859,0987,2023-03-01,Unemployed,102432,647,No,Yes,Withdrawn,4409.34,5653,5,.
2882959,1417,2020-12-08,Retired,53787,N/A,No,Yes,Approved,4020.90,5155,1,Missing bank statements.
2883247,1447,2022-10-26,Retired,194056,706,Yes,No,Denied,793.98,1203,4,Applicant provided pay stubs.
2883720,1116,2023-04-23,Contract,127955,747,No,No,Approved,4060.68,5206,3,income verified via Plaid
2889205,1486,2020-11-04,Full-Time,129507,598,No,No,Denied,3194.88,4096,2,Referred by agent.
2889759,1071,2024-05-06,Contract,243545,733,No,No,Approved,2265.78,3433,4,Co-signer pending review.
2889849,1724,2020-04-07,Student,122666,784,No,No,Approved,723.24,861,4,Missing bank statements.
2889995,1113,24/10/2024,Unemployed,53765,850,No,Yes,Approved,1002.60,1671,3,income verified via Plaid
2895036,0683,2024-11-04,Part-Time,126338,603,No,No,Approved,1814.34,2749,5,income verified via Plaid
2895464,1075,2024-05-13,Retired,33542,666,No,No,Pending,3417.96,4382,4,income verified via Plaid
2896186,1508,2023-04-11,Self-Employed,215628,837,Yes,No,Pending,5077.80,8463,4,Referred by agent.
2896733,1635,2020-03-02,Full-Time,201500,609,No,No,Denied,3644.94,4673,5,N/A
2900019,1272,,Contract,29278,479,No,No,Approved,2762.88,2878,2,income verified via Plaid
2900267,0879,2020-06-03,Part-Time,26106,781,Yes,Yes,Approved,585.42,887,3,n/a
2902414,0402,2022-08-06,Student,184229,710,No,No,Denied,2506.14,3213,3,N/A
2902492,0321,2023-05-15,Full-Time,53536,,Yes,No,Withdrawn,3606.00,6010,5,Flagged for manual review.
2905346,0315,2020-08-11,Contract,132389,819,No,Yes,Approved,776.10,995,1,
2906304,0390,2022-04-02,Unemployed,32622,622,Yes,No,Withdrawn,853.44,1016,2,Applicant provided pay stubs.
2907125,0876,2020-02-17,Retired,54755,768,No,Yes,Pending,3882.48,4622,4,Applicant follow-up needed
2908493,0148,2023-08-25,Full-Time,130911,839,No,No,Approved,819.00,975,5,Applicant follow-up needed
2909138,1403,2021-01-02,Unemployed,105340,842,No,No,Approved,2130.24,2536,3,Applicant provided pay stubs.
2909509,1117,2021-10-04,Part-Time,140039,581,Yes,No,Approved,1944.00,3240,4,Co-signer pending review.
2910449,1004,2022-11-27,Student,244447,584,Yes,No,Denied,3607.56,5466,1,Flagged for manual review.
2910566,0795,2020-06-15,Unemployed,164761,600,No,No,Denied,1015.08,1538,4,N/A
2910927,0804,18/08/2020,Student,82117,669,No,Yes,Under Review,2083.62,3157,3,Missing bank statements.
2912007,0491,2020-10-09,Full-Time,123082,780,No,Yes,Approved,1608.60,1915,1,Missing bank statements.
2914364,0640,2024-07-25,Unemployed,27111,627,No,No,Under Review,2953.08,3786,5,Flagged for manual review.
2915474,0204,2021-09-26,Unemployed,113354,782,No,Yes,Pending,811.20,1352,1,Applicant follow-up needed
2920092,0778,2024-07-12,Unemployed,18203,807,No,No,Approved,1257.00,2095,3,Applicant follow-up needed
2920294,0601,2021-12-28,Retired,118423,846,No,Yes,Denied,1112.10,0,2,Co-signer pending review.
2921563,0156,2021-11-28,Unemployed,182933,778,No,No,Pending,2572.20,4287,5,Renewal case.
2923732,1661,2020-04-13,Unemployed,223580,690,Yes,No,Approved,2221.20,3702,5,Missing bank statements.
2924486,1590,2024-06-05,Self-Employed,83142,712,Yes,No,Approved,939.18,1423,1,N/A
2927134,0535,2021-09-04,Part-Time,175070,703,No,Yes,Approved,786.72,1192,4,Referred by agent.
2927831,1308,2024-08-02,Contract,152403,618,Yes,Yes,Approved,3026.40,5044,4,income verified via Plaid
2929117,0040,24/04/2021,Self-Employed,99001,710,No,Yes,Approved,6670.80,11118,2,n/a
2931028,0981,2024-11-19,Student,155176,726,No,No,Approved,495.00,825,3,Applicant follow-up needed
2931476,1529,2020-09-13,Contract,214864,754,No,No,Under Review,4369.92,4552,2,.
2931717,1232,2022-10-21,Student,34409,776,No,Yes,Approved,2227.68,2856,5,Applicant provided pay stubs.
2932342,1542,2020-09-16,Unemployed,129523,N/A,No,No,Approved,799.68,833,1,Applicant provided pay stubs.
2933591,0119,13/11/2022,Unemployed,127603,717,No,Yes,Denied,2874.00,4790,4,Applicant provided pay stubs.
2935027,1537,2024-01-31,Unemployed,111456,572,Yes,Yes,Denied,2064.66,2647,2,n/a
2935272,0559,2022-07-23,Contract,25959,622,No,Yes,Under Review,1133.40,1889,4,.
2939128,0437,31/05/2023,Student,154147,472,No,No,Denied,2133.30,2735,5,Renewal case.
2940260,0111,2024-01-23,Full-Time,165985,732,No,No,Under Review,1611.48,2066,4,docs expired
2942686,1647,2020-09-10,Retired,257909,703,No,Yes,Approved,6091.68,7252,5,
2943649,1230,2022-05-08,Contract,236153,,No,No,Approved,2488.32,2592,1,docs expired
2944196,0835,29/03/2024,Contract,171600,751,No,No,Approved,2509.08,2987,4,Applicant provided pay stubs.
2945451,0657,2024-03-05,Student,101921,654,Yes,No,Pending,1596.00,0,2,Renewal case.
2946507,1492,2021-12-02,Student,83104,657,Yes,No,Pending,5197.44,5414,1,docs expired
2951616,1181,2020-01-01,Student,84523,447,Yes,Yes,Withdrawn,3020.16,3872,2,income verified via Plaid
2952111,1251,2024-07-11,Contract,124491,830,No,Yes,Denied,4420.92,5263,4,.
2952472,0427,2023-03-18,Full-Time,219585,798,No,No,Denied,1102.20,1670,3,Referred by agent.
2952595,1132,2022-12-29,Retired,190600,751,No,No,Denied,3028.20,5047,1,Missing bank statements.
2955295,0472,,Contract,162526,680,No,No,Denied,1073.16,1626,5,Referred by agent.
2955658,1714,2022-06-26,Contract,55858,680,No,No,Denied,1851.30,2805,4,Referred by agent.
2958424,0785,,Contract,85249,788,No,No,Pending,3613.74,4633,2,Applicant provided pay stubs.
2961687,0891,2022-05-10,Student,142629,620,No,Yes,Denied,5007.36,5216,1,income verified via Plaid
2963288,1204,2022-04-13,Contract,187711,676,No,No,Approved,5201.04,6668,5,income verified via Plaid
2965863,0123,2020-10-25,Retired,104834,610,Yes,No,Under Review,822.12,1054,1,Applicant follow-up needed
2966434,0726,2024-08-08,Part-Time,181074,754,No,No,Approved,1825.92,1902,1,Referred by agent.
2968029,0387,2023-06-28,Part-Time,57088,772,No,No,Approved,3569.28,3718,5,.
2968368,0366,26/11/2023,Unemployed,214709,843,No,No,Approved,3060.72,3924,1,
2968904,0679,2020-11-01,Student,195565,,No,No,Withdrawn,1945.68,2948,2,
2969818,0353,2024-10-16,Part-Time,207176,550,No,Yes,Approved,2350.08,2448,5,
2969895,1134,14/11/2021,Self-Employed,239296,718,No,Yes,Denied,3170.16,3774,5,
2969974,0267,2021-02-13,Full-Time,194776,726,No,No,Pending,4883.34,7399,5,n/a
2970584,0289,2024-10-31,Student,23214,740,No,Yes,Pending,2641.86,3387,3,Co-signer pending review.
2971309,0970,2024-11-16,Student,213064,712,No,No,Approved,2135.64,2738,2,Co-signer pending review.
2971854,1083,,Contract,123047,,Yes,No,Pending,7299.24,9358,4,Applicant provided pay stubs.
2971935,0150,2022-02-05,Retired,33762,714,No,Yes,Approved,1245.60,2076,2,Applicant provided pay stubs.
2975730,0527,2021-12-11,Retired,56590,N/A,Yes,No,Denied,2069.76,2464,5,n/a
2977760,1773,2020-07-16,Contract,102864,759,No,Yes,Denied,4751.04,4949,2,Referred by agent.
2978274,0206,2022-05-30,Self-Employed,207982,584,Yes,No,Pending,3020.64,3596,3,Co-signer pending review.
2978715,0066,2022-06-18,Self-Employed,306000,759,No,Yes,Approved,1659.60,2766,5,income verified via Plaid
2978873,0779,2024-01-20,Retired,78687,730,No,No,Denied,4863.00,8105,3,Applicant provided pay stubs.
2978977,1736,2020-06-20,Full-Time,30513,,No,No,Denied,2100.78,3183,4,Referred by agent.
2980898,0964,2021-07-26,Full-Time,101121,332,No,No,Approved,2811.60,4260,5,N/A
2982692,0721,2020-11-04,Retired,108507,745,No,Yes,Approved,3470.88,4132,3,Co-signer pending review.
2983217,0332,2024-02-27,Student,34009,588,No,No,Approved,1794.78,2301,2,Applicant follow-up needed
2984816,0616,2023-12-14,Contract,116879,694,No,No,Approved,5956.80,6205,2,Applicant provided pay stubs.
2985568,0712,2024-08-20,Contract,214596,692,No,Yes,Denied,2700.06,4091,5,
2985923,0394,2023-11-07,Unemployed,118057,684,No,No,Under Review,1417.92,1688,1,Renewal case.
2987823,0755,2022-05-16,Contract,86515,681,No,No,Approved,4778.28,6126,3,n/a
2989928,0323,2022-10-07,Self-Employed,168863,706,No,Yes,Denied,3598.20,5997,5,Applicant provided pay stubs.
2989931,0785,2022-11-15,Full-Time,93637,645,No,No,Withdrawn,2779.80,4633,2,Referred by agent.
2990421,0070,2022-02-05,Retired,197493,581,Yes,Yes,Withdrawn,1469.76,1531,5,n/a
2990519,0032,2024-11-19,Unemployed,188875,N/A,No,Yes,Pending,1080.24,1286,5,
2990666,0818,2021-12-29,Self-Employed,204027,327,No,Yes,Approved,2661.12,4032,4,Applicant follow-up needed
2996461,0613,,Student,32236,740,No,Yes,Denied,4630.08,5512,2,N/A
2997653,0044,2022-03-30,Retired,95937,632,No,Yes,Approved,4687.80,7813,1,
2999171,0308,2024-03-10,Student,127276,710,No,Yes,Approved,2631.00,4385,2,Renewal case.
2999350,0457,13/07/2020,Self-Employed,128565,625,No,Yes,Approved,2878.26,4361,3,Flagged for manual review.
3000030,1680,20/08/2021,Full-Time,211386,694,No,Yes,Withdrawn,2572.44,3298,3,
3000487,1410,2022-08-12,Self-Employed,117656,N/A,Yes,No,Approved,3389.10,4345,5,n/a
3000890,0902,2024-08-21,Full-Time,75797,599,No,Yes,Approved,2808.12,3343,4,Renewal case.
3001127,0138,2020-03-13,Unemployed,230378,688,No,Yes,Pending,1324.80,2208,5,Co-signer pending review.
3002289,0387,2022-05-12,Retired,131120,811,Yes,Yes,Denied,2230.80,3718,4,.
3002877,1302,2024-07-23,Student,43955,834,No,No,Approved,1344.42,2037,5,
3002933,1132,21/03/2024,Student,233456,467,Yes,Yes,Approved,3331.02,5047,1,n/a
3005407,1521,2020-11-05,Student,234700,588,No,Yes,Approved,2365.20,0,5,N/A
3005730,0822,2020-12-25,Unemployed,216165,610,Yes,Yes,Approved,698.04,831,4,Renewal case.
3007117,0855,2024-04-23,Self-Employed,166927,749,Yes,No,Approved,595.32,902,3,n/a
3008100,0026,2021-10-14,Part-Time,158741,812,No,No,Approved,1182.48,0,1,.
3008354,0364,2022-01-13,Contract,54947,316,No,No,Withdrawn,2643.84,2754,2,Flagged for manual review.
3009747,1456,21/06/2021,Contract,70148,730,No,No,Approved,3825.90,4905,4,Applicant follow-up needed
3010792,0426,2022-12-12,Retired,774000,,No,No,Pending,5232.00,5450,1,Missing bank statements.
3011446,0172,2021-08-05,Retired,240444,732,Yes,No,Withdrawn,2800.38,4243,1,Applicant follow-up needed
3013387,0356,2023-09-06,Self-Employed,210796,782,No,Yes,Under Review,5580.12,7154,5,Applicant provided pay stubs.
3013472,1066,21/04/2020,Student,239093,587,Yes,No,Pending,2086.08,2173,2,Applicant provided pay stubs.
3015049,1561,15/02/2023,Self-Employed,91746,670,No,No,Under Review,2135.76,3236,1,
3015446,0951,2020-03-29,Full-Time,216665,,No,No,Approved,1480.20,0,2,Flagged for manual review.
3017957,0140,24/06/2023,Part-Time,66445,726,No,No,Denied,1199.04,1249,4,Flagged for manual review.
3019145,0495,2021-08-02,Student,137560,741,Yes,No,Pending,1298.70,1665,5,
3019364,0940,2021-07-02,Student,118608,N/A,No,No,Approved,3766.62,5707,5,Missing bank statements.
3021474,1631,2024-03-19,Unemployed,240787,697,No,Yes,Approved,3906.24,4069,5,Referred by agent.
3022344,0683,2021-05-26,Student,174534,660,No,No,Approved,1649.40,2749,2,Flagged for manual review.
3022408,0964,2020-04-14,Part-Time,32791,820,No,No,Pending,4089.60,4260,2,income verified via Plaid
3022922,1414,2023-05-12,Unemployed,210618,702,No,No,Approved,996.06,1277,1,Missing bank statements.
3023310,1605,2024-08-18,Retired,4955,679,No,No,Approved,2246.40,2880,5,Co-signer pending review.
3024219,1251,28/02/2023,Self-Employed,99656,751,No,No,Denied,4420.92,5263,5,
3026137,0500,,Retired,220377,753,No,No,Pending,1213.68,1556,5,N/A
3031545,0554,,Contract,192549,,Yes,Yes,Pending,4164.60,6310,3,income verified via Plaid
3031878,1022,2024-05-22,Self-Employed,244400,304,No,No,Pending,2615.76,3114,1,.
3032476,1144,2020-09-17,Student,107717,373,No,Yes,Under Review,2756.82,4177,3,Applicant follow-up needed
3032728,1614,20/11/2023,Contract,31331,705,No,No,Denied,7435.20,7745,2,Renewal case.
3033062,0953,2020-04-14,Full-Time,27759,715,No,No,Approved,3586.80,4270,4,Applicant follow-up needed
3033294,0612,2024-09-23,Self-Employed,85616,846,Yes,Yes,Denied,4708.80,0,4,Referred by agent.
3033645,1152,2020-01-07,Student,92239,584,Yes,No,Approved,4414.02,5659,3,.
3034194,0871,2021-04-15,Self-Employed,292214,826,Yes,Yes,Under Review,2522.40,4204,3,N/A
3034953,1075,2021-05-11,Unemployed,133034,623,No,No,Approved,3680.88,4382,3,Flagged for manual review.
3035257,1553,2023-10-22,Part-Time,165388,712,No,No,Denied,2489.76,3192,3,docs expired
3036992,1645,2021-06-12,Part-Time,239915,785,No,No,Approved,2977.80,4963,2,Applicant provided pay stubs.
3037481,1364,19/10/2021,Unemployed,145229,816,No,Yes,Denied,4212.78,5401,5,n/a
3042193,1560,,Retired,27324,,No,No,Approved,2428.80,3680,4,Flagged for manual review.
3042195,0839,2022-08-10,Retired,53293,670,Yes,Yes,Denied,2830.74,4289,1,Flagged for manual review.
3042596,1260,2022-07-28,Contract,164341,,No,Yes,Under Review,2705.28,2818,4,
3042615,0513,2023-10-03,Retired,5868,N/A,No,Yes,Denied,1729.20,2620,4,Applicant provided pay stubs.
3044200,0257,2020-12-08,Student,89389,848,No,No,Approved,2525.40,4209,4,Missing bank statements.
3044413,0629,2022-12-06,Unemployed,211862,600,No,No,Denied,1364.16,1421,1,income verified via Plaid
3045855,0099,2023-05-06,Unemployed,172648,748,Yes,No,Approved,3066.24,3194,2,Co-signer pending review.
3047542,0094,2023-08-03,Full-Time,233715,760,No,No,Approved,3929.28,4093,2,Missing bank statements.
3048107,0280,2021-09-05,Full-Time,169513,648,Yes,No,Approved,1344.00,1400,3,
3048945,1052,2023-07-25,Retired,21000,687,No,No,Approved,2293.50,3475,4,docs expired
3049025,0602,2020-04-27,Contract,54722,678,No,No,Under Review,2593.92,3088,2,Co-signer pending review.
3049205,0411,2022-08-08,Retired,94733,702,No,No,Denied,612.00,1020,1,Applicant follow-up needed
3051430,0392,2021-08-05,Part-Time,121026,749,No,Yes,Denied,2460.48,3728,4,Renewal case.
3053218,1699,2024-10-18,Contract,226257,601,No,Yes,Denied,904.80,1508,3,
3054097,0711,2022-09-19,Student,24869,,No,No,Denied,655.38,993,5,N/A
3056210,1555,2020-10-16,Retired,177062,,No,Yes,Pending,772.20,990,1,Flagged for manual review.
3057528,0454,2022-06-23,Contract,215489,616,Yes,Yes,Pending,2465.28,2568,5,Flagged for manual review.
3057905,0148,2023-11-30,Student,122908,845,No,Yes,Approved,760.50,975,4,Applicant provided pay stubs.
3059448,0101,2023-11-24,Part-Time,26879,538,Yes,Yes,Withdrawn,1728.60,2881,1,Referred by agent.
3059643,1565,2020-09-04,Retired,27537,781,No,No,Denied,3370.08,4012,1,Renewal case.
3060548,0390,2024-06-07,Full-Time,101778,758,Yes,Yes,Approved,975.36,1016,3,.
3063961,0135,2020-08-02,Full-Time,238146,525,No,No,Pending,927.60,1546,1,n/a
3065226,1041,,Contract,156721,710,No,Yes,Approved,1825.20,3042,2,Referred by agent.
3066214,0285,2021-01-08,Part-Time,68690,769,Yes,No,Approved,2814.84,3351,4,Referred by agent.
3069983,1487,26/01/2024,Contract,149729,543,No,Yes,Approved,2403.18,3081,3,Applicant provided pay stubs.
3070283,1155,27/07/2023,Self-Employed,13368,734,No,Yes,Approved,1850.88,1928,5,income verified via Plaid
3072961,1428,2024-03-25,Full-Time,113149,,No,No,Approved,6458.76,7689,4,N/A
3073489,1008,2022-07-29,Contract,167679,688,Yes,No,Approved,7053.48,8397,3,docs expired
3073969,1345,30/01/2020,Unemployed,167902,685,No,No,Denied,3296.28,4226,1,docs expired
3074634,1011,2022-10-13,Retired,69327,758,No,No,Approved,5060.16,5271,1,Flagged for manual review.
3075157,1039,2024-05-12,Unemployed,186778,N/A,No,Yes,Approved,3111.36,3241,2,Co-signer pending review.
3080268,0697,23/03/2023,Part-Time,102674,720,No,No,Approved,2534.22,3249,5,n/a
3081704,0691,2020-06-06,Full-Time,59526,709,No,No,Approved,1952.34,2503,4,Referred by agent.
3081800,1092,13/03/2024,Contract,186336,683,Yes,No,Approved,4771.20,7952,3,Applicant follow-up needed
3082264,0174,2020-10-08,Contract,143428,676,No,No,Approved,1887.60,2420,3,
3082454,0569,2020-11-12,Self-Employed,35320,,No,No,Pending,6794.76,8089,4,
3084147,0658,2021-12-06,Part-Time,132411,738,No,Yes,Approved,2852.64,3396,1,Applicant provided pay stubs.
3085022,0532,2023-06-16,Contract,98020,683,Yes,No,Denied,1062.72,1107,3,Co-signer pending review.
3085373,0476,2024-03-25,Part-Time,63511,730,No,Yes,Approved,2096.16,3176,3,
3086003,1713,,Contract,53560,745,Yes,Yes,Approved,7979.52,8312,2,Renewal case.
3086847,1263,,Retired,99691,,No,Yes,Under Review,1956.24,2964,4,
3087276,1279,2022-03-06,Part-Time,206382,666,No,No,Approved,2841.60,4736,5,Applicant follow-up needed
3087473,1223,2020-05-12,Unemployed,49466,712,No,Yes,Pending,3962.28,4717,5,Renewal case.
3089237,0175,2023-05-07,Retired,134730,680,Yes,No,Approved,6376.32,6642,4,income verified via Plaid
3089572,0039,27/12/2021,Self-Employed,50660,682,No,No,Denied,2574.78,3301,5,Applicant follow-up needed
3090471,0269,2020-12-11,Student,215230,593,No,No,Approved,1591.20,2040,1,Referred by agent.
3090573,1646,2021-11-11,Student,204745,717,No,Yes,Under Review,5903.52,7028,2,Missing bank statements.
3098045,1036,2024-06-22,Part-Time,300742,630,No,No,Under Review,2556.06,3277,1,.
3098187,1704,2022-10-10,Student,37386,758,No,Yes,Denied,886.38,1343,1,Co-signer pending review.
3098764,0637,2020-12-20,Contract,188920,754,No,No,Denied,1954.80,3258,2,Co-signer pending review.
3099586,0947,2023-10-20,Full-Time,114864,573,No,Yes,Approved,1925.22,2917,4,N/A
3102980,1140,2022-02-11,Unemployed,65693,622,No,No,Approved,1662.60,2771,2,Referred by agent.
3104664,1622,,Unemployed,8967,813,Yes,Yes,Approved,2092.74,2683,1,Applicant follow-up needed
3109023,0948,2021-05-11,Full-Time,186178,814,Yes,Yes,Approved,5158.08,5373,1,Missing bank statements.
3109115,0239,18/04/2024,Part-Time,124608,824,No,No,Approved,3853.08,5838,1,docs expired
3109716,0632,2023-07-03,Retired,259850,847,No,Yes,Denied,4736.94,6073,2,income verified via Plaid
3110419,1029,2020-03-26,Student,88809,N/A,Yes,No,Pending,1624.74,2083,3,Applicant provided pay stubs.
3112238,0484,2021-03-21,Contract,124278,N/A,No,Yes,Under Review,747.00,1245,5,N/A
3113666,1787,2020-12-04,Unemployed,220122,672,No,No,Denied,2220.24,3364,4,Applicant follow-up needed
3114224,1606,2023-03-03,Self-Employed,286864,746,No,Yes,Denied,2639.40,4399,4,Renewal case.
3114736,1735,2020-07-26,Self-Employed,71492,788,No,No,Withdrawn,1459.26,2211,3,Applicant follow-up needed
3115756,1024,2021-11-11,Contract,192355,382,No,Yes,Approved,1126.32,0,4,Applicant provided pay stubs.
3117128,1280,2024-11-02,Contract,134314,706,No,No,Denied,1545.60,1840,2,Co-signer pending review.
3117903,0262,2023-03-29,Self-Employed,25414,713,Yes,No,Approved,877.80,1045,4,Co-signer pending review.
3122612,0019,2021-06-10,Student,141248,798,Yes,Yes,Denied,2751.36,2866,2,.
3124048,0071,2020-11-18,Student,79833,697,No,Yes,Denied,3480.00,3625,4,docs expired
3125801,0373,2023-10-18,Student,191960,836,No,No,Approved,6888.00,8200,5,Applicant follow-up needed
3126849,1102,2022-05-06,Contract,63287,846,Yes,Yes,Approved,1963.92,2338,3,Missing bank statements.
3127034,0501,2020-12-24,Retired,170340,603,No,No,Approved,969.54,1469,1,Applicant provided pay stubs.
3128402,1198,2024-06-24,Full-Time,225872,845,No,Yes,Approved,7580.16,7896,5,
3131794,1433,2021-10-10,Retired,205938,675,No,Yes,Approved,5552.82,7119,1,Referred by agent.
3133054,0107,16/04/2023,Student,19415,606,No,Yes,Approved,3186.24,3319,2,Missing bank statements.
3133124,0284,2023-12-15,Full-Time,54213,676,No,Yes,Under Review,2152.92,2563,2,Renewal case.
3134224,0136,2024-04-05,Full-Time,213260,847,No,No,Pending,1098.72,1308,3,Missing bank statements.
3138057,1130,2023-09-29,Self-Employed,193601,,No,Yes,Approved,4380.48,5616,2,Co-signer pending review.
3138675,1345,28/09/2021,Full-Time,231209,,No,Yes,Under Review,2789.16,4226,5,N/A
3143694,0504,2020-09-19,Retired,180146,698,No,No,Approved,2600.40,3940,3,Applicant provided pay stubs.
3145272,0825,2021-12-27,Student,128300,509,No,No,Denied,1657.50,2125,2,.
3149387,0687,2024-06-07,Unemployed,202754,,Yes,No,Approved,6584.76,7839,5,Flagged for manual review.
3153098,0943,2024-11-15,Self-Employed,196743,473,Yes,Yes,Denied,1241.46,1881,3,Applicant follow-up needed
3153314,1704,2023-03-08,Student,176691,814,No,Yes,Approved,805.80,1343,3,
3156560,1278,25/10/2023,Student,150000,678,No,No,Pending,2305.92,2402,5,income verified via Plaid
3158831,1621,2024-12-25,Self-Employed,237633,748,No,Yes,Approved,6562.56,6836,3,.
3159266,0617,2020-10-26,Full-Time,276382,,No,No,Withdrawn,2549.04,3268,5,n/a
3160860,0798,,Unemployed,50930,792,No,No,Approved,2800.56,3334,3,Referred by agent.
3162141,1548,2022-06-07,Self-Employed,159625,317,No,No,Approved,6003.48,7147,4,
3165748,0870,2021-10-30,Unemployed,69669,581,No,Yes,Denied,1917.12,1997,5,Renewal case.
3165920,0125,2022-03-13,Self-Employed,134356,793,No,No,Denied,2623.20,4372,1,Applicant provided pay stubs.
3166418,0162,2020-07-03,Self-Employed,204552,374,No,Yes,Withdrawn,927.42,1189,4,N/A
3167399,0486,2020-12-10,Retired,130158,747,No,Yes,Approved,1690.92,2562,3,
3170097,1014,2023-01-07,Full-Time,128298,,No,Yes,Approved,4452.00,7420,3,Renewal case.
3170226,1295,2020-12-31,Unemployed,19481,785,Yes,Yes,Approved,4338.60,7231,2,n/a
3171016,0236,16/12/2021,Part-Time,46870,,No,No,Denied,4432.32,4617,1,N/A
3174858,0449,2023-01-12,Self-Employed,43947,675,No,No,Approved,1747.98,2241,5,Applicant follow-up needed
3175076,1279,2021-12-07,Part-Time,75472,800,No,Yes,Denied,3978.24,4736,4,income verified via Plaid
3175846,0020,2023-08-06,Student,54449,689,No,Yes,Under Review,3931.20,5040,3,Renewal case.
3175865,0862,2021-05-28,Full-Time,185104,597,Yes,No,Pending,2148.60,3581,3,Applicant follow-up needed
3175894,0117,2024-07-15,Student,172163,702,Yes,No,Pending,2583.36,2691,2,n/a
3176141,1140,2024-02-02,Retired,243904,762,No,Yes,Approved,2327.64,2771,4,Applicant provided pay stubs.
3184415,1569,27/06/2021,Retired,62240,782,Yes,Yes,Approved,993.30,1505,3,
3184664,0973,2024-05-29,Self-Employed,131158,591,No,No,Pending,4067.58,6163,1,.
3185641,1155,,Retired,169855,753,No,Yes,Approved,1619.52,1928,3,Flagged for manual review.
3190708,0896,2022-05-11,Unemployed,59857,,Yes,No,Approved,6947.52,7237,5,Referred by agent.
3192450,0447,2024-04-10,Unemployed,56249,581,No,Yes,Pending,4040.40,4810,1,Referred by agent.
3193354,1536,2024-02-06,Contract,256278,798,No,No,Denied,3011.58,4563,1,docs expired
3196424,0001,21/02/2023,Self-Employed,139419,785,No,No,Approved,816.96,851,2,N/A
3197106,1535,2023-12-04,Student,241960,840,No,Yes,Approved,4030.32,4798,1,.
3198551,0149,2020-07-28,Contract,133348,367,No,No,Approved,1134.54,1719,5,Flagged for manual review.
3198767,1039,2020-07-24,Contract,246741,,Yes,No,Approved,2722.44,3241,2,Flagged for manual review.
3205993,0397,2021-08-13,Unemployed,244463,,No,No,Approved,815.10,1045,2,Applicant provided pay stubs.
3207097,0688,2022-11-18,Full-Time,87321,676,No,Yes,Denied,2739.24,3261,2,Co-signer pending review.
3207157,1363,2023-08-03,Part-Time,171729,684,No,No,Approved,1500.24,1786,1,n/a
3207957,0781,24/05/2023,Student,269629,647,No,Yes,Approved,3196.80,3330,2,Referred by agent.
3208883,1421,2023-11-09,Part-Time,268186,613,No,No,Denied,2304.72,3492,3,n/a
3209525,1379,17/07/2020,Contract,31349,,No,No,Approved,4516.20,0,4,Flagged for manual review.
3211595,0787,2023-02-13,Self-Employed,113233,680,Yes,No,Approved,1557.36,1854,5,Flagged for manual review.
3212658,1052,2022-09-06,Part-Time,191410,693,Yes,No,Pending,3336.00,3475,4,Renewal case.
3212946,1451,2021-02-12,Retired,198520,720,No,Yes,Approved,2500.20,4167,1,income verified via Plaid
3216871,0397,2021-05-31,Part-Time,16883,768,No,No,Pending,815.10,1045,5,N/A
3217388,1209,2021-06-30,Self-Employed,100593,701,No,Yes,Under Review,1555.80,2593,3,income verified via Plaid
3218081,0591,,Unemployed,93982,770,No,No,Withdrawn,2546.28,3858,2,
3218431,1746,2021-02-26,Retired,119622,678,No,No,Denied,2326.80,2770,4,
3221907,1242,2021-04-18,Student,285606,763,No,Yes,Denied,2377.98,3603,3,income verified via Plaid
3224304,1510,2021-06-15,Full-Time,224753,614,No,No,Approved,1504.62,1929,2,n/a
3224382,1373,2021-08-02,Unemployed,119679,787,No,Yes,Pending,767.76,914,5,Co-signer pending review.
3225211,0617,2020-10-06,Self-Employed,20197,663,Yes,Yes,Denied,3137.28,0,5,income verified via Plaid
3226925,1528,2023-04-10,Contract,58986,,Yes,No,Approved,2940.30,4455,4,
3229839,0996,2021-01-01,Student,21565,820,No,No,Pending,4909.32,6294,4,Applicant provided pay stubs.
3230749,1798,2024-03-26,Unemployed,64617,737,No,No,Withdrawn,5819.52,6928,3,Applicant provided pay stubs.
3230870,0231,,Full-Time,229361,768,No,No,Pending,5686.98,7291,1,docs expired
3231284,1243,2024-04-07,Unemployed,166048,N/A,No,No,Approved,4289.40,7149,4,Renewal case.
3233483,0909,2024-04-12,Retired,68835,776,No,Yes,Denied,1181.76,1231,4,n/a
3235299,0698,2020-07-31,Part-Time,76115,850,Yes,Yes,Denied,3584.64,3734,2,Renewal case.
3235340,1588,2022-06-19,Full-Time,123159,778,No,Yes,Approved,9196.20,11790,3,
3238924,0611,2020-02-01,Part-Time,21549,678,No,Yes,Approved,3205.02,4109,2,Renewal case.
3239756,1361,2020-06-04,Contract,107624,671,Yes,Yes,Denied,1203.84,1824,4,Co-signer pending review.
3241571,1363,2023-11-27,Unemployed,213772,528,No,No,Approved,1071.60,1786,3,Applicant provided pay stubs.
3246155,0063,2023-05-01,Unemployed,165136,723,No,No,Approved,5567.76,8436,3,Referred by agent.
3246939,1730,2020-02-23,Part-Time,233075,831,No,No,Pending,4315.20,4495,1,N/A
3248607,0139,26/09/2023,Retired,46378,322,No,Yes,Approved,4631.64,5938,5,income verified via Plaid
3248778,1216,2022-08-04,Contract,151813,629,No,No,Pending,1285.80,2143,1,Missing bank statements.
3252128,1627,2020-05-17,Full-Time,75965,N/A,No,No,Denied,3463.02,5247,3,docs expired
3252493,0408,29/12/2022,Student,168010,789,No,No,Approved,4767.18,7223,5,
3252561,1585,2023-04-17,Contract,153830,644,No,No,Approved,1628.76,1939,4,Applicant follow-up needed
3252953,0869,2020-02-06,Unemployed,211368,762,Yes,No,Under Review,1704.00,1775,5,N/A
3253224,1747,2021-02-27,Student,31897,717,No,No,Approved,3888.72,5892,5,Flagged for manual review.
3253529,0181,2022-09-23,Contract,188829,804,No,No,Pending,546.60,911,2,.
3253841,0584,2023-02-28,Retired,98271,830,Yes,No,Withdrawn,2313.30,3505,1,income verified via Plaid
3255381,0427,2023-05-25,Full-Time,101872,N/A,No,No,Approved,1002.00,1670,3,Missing bank statements.
3257246,0579,2020-03-26,Unemployed,104985,692,No,Yes,Approved,4918.20,5855,5,income verified via Plaid
3257322,1368,2022-12-23,Full-Time,224312,764,Yes,No,Approved,2603.16,3099,3,.
3257879,1637,2023-02-14,Self-Employed,114793,,No,Yes,Denied,3653.52,4684,1,N/A
3259952,0128,2021-01-22,Self-Employed,107594,779,No,No,Approved,5066.82,7677,5,N/A
3260142,1321,2021-01-21,Student,93887,804,No,Yes,Approved,1625.40,2709,2,Missing bank statements.
3260827,0832,2024-08-01,Part-Time,140784,780,No,Yes,Approved,1449.84,1726,5,docs expired
3263518,1631,2023-08-25,Part-Time,108035,,No,No,Denied,2685.54,4069,2,Renewal case.
3264023,1189,2020-05-12,Part-Time,177379,,No,Yes,Approved,3337.62,4279,3,Applicant follow-up needed
3267750,1453,2023-12-06,Self-Employed,146886,755,No,No,Under Review,1798.20,2997,1,docs expired
3270560,1090,2023-12-31,Retired,146462,776,No,Yes,Approved,4267.38,5471,5,
3270599,1543,2020-12-20,Contract,42814,596,No,No,Approved,694.98,891,2,Referred by agent.
3272808,1448,2020-06-08,Full-Time,245733,626,No,No,Denied,2422.56,2884,2,n/a
3273577,0073,26/12/2022,Unemployed,116738,665,Yes,Yes,Approved,3922.56,4086,5,docs expired
3274208,0637,2021-10-04,Part-Time,117500,438,No,No,Approved,3127.68,3258,1,docs expired
3275006,1311,2024-08-19,Student,83421,601,No,Yes,Approved,1264.20,1505,3,N/A
3275157,0636,2023-07-25,Full-Time,169176,,No,Yes,Denied,649.74,833,2,income verified via Plaid
3276684,1175,2020-01-19,Retired,199365,700,Yes,Yes,Under Review,6707.52,6987,2,
3278531,1533,2024-10-26,Retired,236241,695,No,Yes,Approved,4286.04,6494,3,
3282193,1502,2023-09-02,Self-Employed,22100,614,Yes,Yes,Approved,1937.10,2935,3,Referred by agent.
3283718,1680,2021-04-28,Full-Time,177733,719,No,Yes,Approved,2770.32,3298,5,Missing bank statements.
3285611,0346,2024-11-16,Retired,208510,,No,Yes,Pending,2397.60,3996,3,Applicant follow-up needed
3287466,1514,2023-03-17,Self-Employed,101783,,No,No,Under Review,1208.40,2014,1,Missing bank statements.
3287855,0818,18/10/2023,Full-Time,119649,718,No,Yes,Under Review,2661.12,4032,3,.
3288245,0443,2024-04-02,Retired,174175,N/A,No,No,Pending,3982.44,4741,2,Missing bank statements.
3289754,1300,2020-09-10,Retired,322602,720,No,Yes,Approved,1020.36,1546,5,N/A
3290657,0146,2023-08-06,Contract,153894,,No,Yes,Approved,1862.28,2217,4,n/a
3290780,0911,2022-05-02,Unemployed,118068,678,Yes,Yes,Approved,3328.38,5043,4,Referred by agent.
3291737,0344,2022-12-30,Student,135540,435,No,Yes,Approved,4010.16,4774,1,.
3292343,0285,2023-04-23,Self-Employed,213377,749,Yes,No,Approved,2613.78,3351,5,N/A
3293095,0475,27/05/2022,Contract,185441,674,No,Yes,Denied,2364.48,2463,5,Flagged for manual review.
3293423,1530,2024-05-14,Student,34700,669,No,Yes,Approved,5354.58,8113,4,Renewal case.
3294133,0399,2024-07-15,Student,95588,780,No,Yes,Approved,2041.92,2127,2,docs expired
3294463,1345,2021-10-04,Self-Employed,21339,731,No,No,Denied,2789.16,4226,4,.
3294568,0351,2022-05-22,Unemployed,66540,,No,Yes,Approved,2449.80,4083,4,Flagged for manual review.
3295155,0177,,Part-Time,191384,615,No,Yes,Under Review,1226.16,1572,3,docs expired
3295678,0444,2023-03-02,Self-Employed,225572,830,No,Yes,Under Review,1800.60,3001,3,n/a
3299206,0502,2023-09-26,Full-Time,52059,614,No,Yes,Approved,4966.08,5173,4,Applicant follow-up needed
3300707,0193,2022-11-29,Contract,166185,518,No,No,Approved,1313.40,2189,2,Applicant provided pay stubs.
3301415,1051,2021-10-21,Student,35936,647,No,No,Under Review,1826.16,2174,1,Flagged for manual review.
3302994,0383,2024-11-18,Part-Time,198927,775,No,No,Pending,1956.90,2965,2,Applicant follow-up needed
3303991,0777,2022-07-20,Student,205653,776,Yes,Yes,Denied,2003.40,2385,3,
3306222,0857,2021-01-27,Part-Time,121185,519,No,No,Approved,1216.02,1559,1,
3306422,0909,2023-02-06,Full-Time,93303,,No,No,Approved,960.18,1231,4,income verified via Plaid
3311307,0039,2020-09-29,Full-Time,168760,660,No,No,Pending,3168.96,3301,2,Co-signer pending review.
3311871,0650,,Unemployed,210139,,No,Yes,Approved,1171.50,1775,4,Referred by agent.
3313836,0864,2024-06-09,Self-Employed,197185,568,No,Yes,Approved,7061.04,8406,2,
3313871,1617,2020-02-13,Unemployed,226555,703,No,No,Denied,684.60,815,1,Applicant follow-up needed
3315306,1197,2020-05-20,Unemployed,211504,654,No,Yes,Under Review,1382.40,2304,1,Missing bank statements.
3315694,1176,13/06/2024,Part-Time,2010,589,Yes,No,Approved,1735.68,1808,4,Renewal case.
3316983,0946,2023-02-12,Unemployed,204378,777,No,No,Pending,6057.48,7766,5,
3317818,0240,2023-06-03,Contract,106936,763,No,No,Pending,3359.16,3999,1,Co-signer pending review.
3317859,1516,2020-12-15,Part-Time,124623,659,Yes,No,Withdrawn,1491.00,2485,5,Renewal case.
3318666,1590,2020-07-12,Unemployed,239917,714,Yes,No,Under Review,1195.32,1423,5,income verified via Plaid
3318668,0049,2022-01-17,Unemployed,190553,805,No,No,Denied,3122.28,3717,5,
3323036,1749,2022-01-02,Contract,88800,393,No,No,Denied,829.62,1257,3,.
3323121,0991,2021-10-09,Unemployed,210666,565,No,No,Approved,2336.64,2434,5,N/A
3323945,0522,20/06/2022,Contract,36756,728,No,Yes,Denied,650.10,985,3,Co-signer pending review.
3325018,0516,2022-08-19,Part-Time,107902,803,No,No,Approved,1632.00,1700,5,n/a
3325442,0551,2021-03-08,Unemployed,211230,531,No,No,Approved,3158.10,4785,2,Missing bank statements.
3325591,1410,2021-07-11,Self-Employed,52735,835,No,No,Under Review,3389.10,4345,5,docs expired
3327048,0542,2024-08-04,Self-Employed,128684,803,No,No,Pending,1454.70,1865,3,Applicant follow-up needed
3327496,1355,2022-11-03,Full-Time,168377,788,No,Yes,Approved,4036.50,5175,2,n/a
3329054,0904,2020-05-10,Retired,221387,642,No,No,Approved,3113.88,3707,2,Applicant provided pay stubs.
3329175,1055,2020-01-19,Retired,92556,841,No,No,Under Review,3890.70,5895,2,
3330643,1202,2021-05-16,Part-Time,104891,735,Yes,No,Denied,2176.44,2591,1,Referred by agent.
3331347,1691,2022-02-27,Self-Employed,18629,600,No,Yes,Approved,1256.64,1904,4,income verified via Plaid
3331958,1729,2024-10-17,Unemployed,172925,788,Yes,Yes,Approved,497.40,829,1,Co-signer pending review.
3333365,0023,2023-10-03,Retired,33550,753,No,No,Under Review,2398.44,3634,3,Applicant provided pay stubs.
3333883,0759,2024-04-04,Student,286510,796,No,No,Approved,5188.26,7861,5,
3334788,1534,2023-08-21,Contract,119787,351,No,No,Denied,1215.24,1558,2,Applicant provided pay stubs.
3336520,1700,2023-03-20,Retired,25815,799,No,Yes,Denied,1762.56,1836,5,income verified via Plaid
3340794,1091,2020-02-05,Contract,112728,680,No,No,Denied,1483.20,2472,3,Referred by agent.
3342037,1354,2022-12-12,Contract,96035,668,No,Yes,Pending,1617.72,2074,1,.
3342691,0196,2022-02-25,Part-Time,224675,823,No,No,Approved,6895.56,8209,4,Applicant provided pay stubs.
3343919,0681,2020-10-14,Full-Time,104976,685,No,No,Denied,4498.56,4686,5,Co-signer pending review.
3345074,1479,16/02/2021,Part-Time,29884,799,No,Yes,Approved,1293.60,1960,1,Flagged for manual review.
3345810,1264,2021-04-17,Part-Time,229466,682,No,Yes,Denied,2424.24,0,5,
3345889,1589,2022-04-30,Unemployed,225224,N/A,No,No,Withdrawn,1720.80,2868,4,n/a
3346276,0388,2023-09-04,Part-Time,170405,673,No,No,Withdrawn,2447.94,3709,1,.
3347750,1679,2021-10-22,Self-Employed,140539,799,No,No,Pending,3458.52,4434,3,Missing bank statements.
3348303,0223,2024-05-04,Part-Time,229847,655,No,Yes,Approved,5432.64,0,5,Co-signer pending review.
3350998,0525,2020-01-01,Unemployed,180804,723,No,No,Approved,2102.40,2190,2,Applicant provided pay stubs.
3352168,0291,2022-03-12,Unemployed,79697,681,Yes,No,Denied,1537.92,1602,5,Flagged for manual review.
3352299,0041,2022-05-04,Contract,214993,781,No,No,Approved,1200.96,1251,3,
3354023,0818,2020-08-08,Self-Employed,13197,671,No,Yes,Approved,2419.20,4032,5,docs expired
3354813,1778,2023-09-08,Student,234932,654,No,No,Pending,2613.60,4356,3,Applicant provided pay stubs.
3355445,0083,2022-05-20,Unemployed,85636,752,No,No,Approved,2588.04,3318,3,Applicant provided pay stubs.
3356739,1244,18/12/2022,Full-Time,158303,591,No,Yes,Denied,6454.50,8275,3,Applicant provided pay stubs.
3359003,0245,2024-04-21,Self-Employed,44956,701,No,Yes,Approved,3173.76,3306,3,docs expired
3359203,1225,2024-04-16,Retired,129947,745,Yes,No,Denied,1261.20,2102,3,N/A
3359910,0347,27/10/2023,Part-Time,74130,689,No,No,Pending,2519.16,2999,5,income verified via Plaid
3360394,1097,17/09/2020,Part-Time,96389,726,No,No,Denied,2551.56,3866,2,N/A
3361924,1629,2022-12-03,Student,42986,699,No,No,Pending,1609.92,2064,2,Missing bank statements.
3362816,0751,25/07/2021,Self-Employed,45142,693,No,No,Denied,1781.64,2121,4,Applicant follow-up needed
3364291,1432,13/02/2022,Contract,286544,679,No,Yes,Pending,3642.00,6070,1,Referred by agent.
3364669,1618,2023-09-26,Unemployed,144178,687,No,No,Denied,2655.36,2766,5,Applicant provided pay stubs.
3367237,0785,2022-07-24,Contract,69496,N/A,No,No,Denied,4447.68,4633,1,docs expired
3367593,1004,2022-10-14,Part-Time,100675,651,No,No,Approved,5247.36,5466,4,Renewal case.
3369571,0848,2023-12-04,Retired,111556,794,No,No,Approved,4599.66,5897,4,income verified via Plaid
3370820,0539,13/01/2022,Retired,24550,838,No,No,Under Review,4355.52,4537,2,.
3372353,0628,2023-03-25,Student,145675,737,No,Yes,Approved,3764.88,4482,4,Flagged for manual review.
3378133,1152,2022-04-17,Contract,98575,,Yes,No,Approved,3734.94,5659,2,Renewal case.
3380742,1069,2021-12-19,Unemployed,33814,586,No,Yes,Approved,682.44,1034,2,Missing bank statements.
3381626,1461,,Unemployed,158905,658,No,Yes,Pending,2942.16,3772,4,
3382699,0193,2024-11-02,Self-Employed,69367,737,No,Yes,Approved,2101.44,2189,1,Renewal case.
3382815,0402,2021-11-26,Self-Employed,80780,721,Yes,Yes,Denied,1927.80,3213,5,docs expired
3382896,1270,2020-06-29,Part-Time,171046,580,No,No,Approved,3196.80,5328,4,n/a
3384401,0220,2022-11-23,Self-Employed,157146,,No,No,Approved,1652.04,2118,3,N/A
3385110,1337,21/06/2021,Unemployed,143998,760,No,Yes,Approved,1584.00,2400,1,
3386804,1078,2023-03-03,Unemployed,70903,701,No,No,Approved,2930.88,3053,3,Applicant provided pay stubs.
3386890,0226,2024-12-17,Part-Time,254437,660,No,Yes,Denied,1205.10,1545,4,.
3388252,0366,2024-09-28,Contract,101956,597,No,Yes,Approved,2589.84,3924,4,Co-signer pending review.
3389280,0503,2021-06-18,Part-Time,205419,693,No,No,Pending,2761.44,4184,2,Missing bank statements.
3389426,0229,2021-02-22,Student,179547,632,No,No,Under Review,2268.48,2363,1,Flagged for manual review.
3391215,1447,2022-07-24,Retired,177139,,No,No,Approved,938.34,1203,4,.
3391290,0039,2021-03-22,Contract,47007,755,Yes,No,Approved,1980.60,3301,4,n/a
3393080,0879,2023-01-05,Full-Time,210015,770,No,No,Approved,851.52,887,3,Applicant follow-up needed
3395905,0793,2022-12-15,Unemployed,309323,N/A,No,Yes,Withdrawn,5553.00,9255,5,n/a
3396177,0608,2020-10-04,Unemployed,158613,711,No,Yes,Denied,2620.20,4367,3,
3396571,0867,30/04/2023,Student,83510,643,No,No,Approved,3325.44,3464,5,n/a
3397835,1077,,Retired,75067,739,Yes,Yes,Approved,1212.00,2020,5,
3398287,0273,2020-05-31,Unemployed,64348,833,No,No,Approved,4006.80,4770,1,
3398966,0789,2020-06-06,Full-Time,83973,603,Yes,Yes,Denied,673.86,1021,4,Applicant provided pay stubs.
3401160,0843,2024-05-22,Part-Time,213398,483,No,No,Approved,945.78,1433,2,
3401964,0563,2021-02-16,Student,148464,668,No,No,Denied,3285.00,5475,4,income verified via Plaid
3404166,1176,2021-10-18,Self-Employed,27541,422,No,Yes,Approved,1410.24,1808,3,docs expired
3404295,1011,25/06/2024,Part-Time,184237,769,Yes,No,Approved,5060.16,5271,1,Flagged for manual review.
3404671,0608,24/06/2021,Full-Time,161117,699,No,Yes,Approved,3406.26,4367,2,Missing bank statements.
3405769,1463,2020-02-25,Unemployed,176422,817,No,No,Approved,2106.00,3510,3,N/A
3406750,0080,2022-04-23,Full-Time,184813,748,Yes,No,Withdrawn,2992.32,3117,4,Referred by agent.
3409198,1504,2020-04-29,Unemployed,225057,661,No,No,Approved,4743.00,7905,5,
3410316,1710,2020-04-15,Self-Employed,199689,,No,Yes,Denied,3738.24,5664,5,Applicant provided pay stubs.
3410685,0705,2020-09-09,Contract,138715,752,No,No,Denied,2975.04,3099,1,docs expired
3410938,0635,2022-02-04,Unemployed,170437,454,No,No,Approved,3010.20,5017,4,Missing bank statements.
3411901,1420,2023-09-05,Part-Time,229453,455,No,No,Approved,3012.24,4564,5,Applicant follow-up needed
3412437,1363,2020-01-10,Student,209845,646,Yes,Yes,Denied,1178.76,1786,3,Co-signer pending review.
3413329,1481,2020-02-14,Student,123232,771,No,No,Approved,1429.44,1489,3,Applicant follow-up needed
3413361,0582,2023-02-11,Full-Time,232718,740,No,Yes,Approved,2122.56,2211,4,Applicant provided pay stubs.
3413901,0353,2022-02-16,Student,187676,593,Yes,No,Approved,1615.68,2448,5,income verified via Plaid
3414039,0775,2020-06-26,Student,68967,647,No,No,Denied,673.80,1123,4,Missing bank statements.
3414222,0752,2023-10-25,Self-Employed,247563,790,Yes,Yes,Approved,3303.36,3441,1,Referred by agent.
3417442,1726,31/01/2023,Self-Employed,71011,791,No,No,Denied,3427.20,3570,2,Applicant provided pay stubs.
3418078,1610,2024-12-13,Unemployed,126361,675,Yes,No,Denied,2370.42,3039,4,docs expired
3419409,1149,16/05/2022,Full-Time,242273,730,No,Yes,Withdrawn,5624.58,7211,4,income verified via Plaid
3420114,0591,2021-10-28,Unemployed,46790,764,No,Yes,Pending,2546.28,3858,3,N/A
3420292,0654,2022-11-16,Retired,197316,774,No,No,Denied,2968.32,3092,3,Co-signer pending review.
3421322,0293,2023-01-28,Self-Employed,148669,602,No,No,Approved,2007.72,3042,3,Applicant follow-up needed
3421345,1351,27/11/2023,Retired,34909,615,No,No,Pending,2772.66,4201,3,n/a
3422788,1678,2020-06-25,Student,110514,756,No,No,Pending,2027.22,2599,3,Applicant follow-up needed
3424007,1163,2022-09-19,Student,233585,723,No,No,Denied,1395.90,2115,4,Applicant follow-up needed
3425120,0261,2023-03-08,Part-Time,185762,618,No,No,Denied,1488.24,1908,5,Flagged for manual review.
3425329,1736,2022-10-03,Unemployed,151300,712,No,Yes,Pending,1909.80,3183,2,Referred by agent.
3428076,0821,2023-09-26,Unemployed,29985,,No,No,Approved,2424.00,2525,1,Co-signer pending review.
3428182,0942,2024-11-02,Contract,241133,N/A,Yes,No,Approved,1769.04,2106,3,Renewal case.
3428457,0983,2021-12-14,Full-Time,241900,754,No,No,Approved,5136.78,7783,5,.
3429786,0233,2022-12-23,Contract,120889,743,No,Yes,Denied,1794.60,2991,2,Referred by agent.
3431191,1229,23/01/2020,Unemployed,38593,689,No,No,Denied,7371.00,9450,5,docs expired
3434049,1123,2020-08-28,Full-Time,167583,690,No,No,Approved,1137.18,1723,3,docs expired
3434386,0482,2023-07-19,Student,117492,354,No,No,Pending,762.00,1270,2,Renewal case.
3435971,1151,2020-12-01,Unemployed,158614,731,Yes,No,Approved,3301.80,5503,1,income verified via Plaid
3436393,0031,2023-06-26,Self-Employed,236871,534,No,Yes,Under Review,2793.96,3582,3,
3438835,1391,2022-11-09,Student,112156,738,Yes,No,Denied,1867.20,1945,1,N/A
3439707,1166,2021-10-12,Retired,73530,,No,No,Denied,1848.96,1926,3,Renewal case.
3440690,0910,2024-05-17,Unemployed,181861,713,No,No,Approved,1614.36,2446,1,Flagged for manual review.
3441030,0168,2023-12-30,Contract,44857,679,No,No,Approved,1112.76,1686,5,Referred by agent.
3442199,0568,,Retired,216541,694,Yes,Yes,Approved,2375.52,2828,4,n/a
3442481,0755,2024-10-04,Self-Employed,34730,523,No,No,Approved,4778.28,6126,5,income verified via Plaid
3446725,0457,2023-12-06,Unemployed,246675,,No,Yes,Denied,2616.60,4361,3,Referred by agent.
3451812,1475,2020-08-25,Contract,168893,,Yes,No,Approved,1447.68,1856,5,
3454445,0487,2022-11-04,Student,55167,N/A,No,No,Denied,2027.76,2414,5,N/A
3454541,0375,2024-08-04,Retired,201923,616,No,Yes,Approved,2637.12,2747,1,Flagged for manual review.
3454989,0409,29/03/2020,Self-Employed,48879,,Yes,Yes,Approved,4195.20,6992,3,n/a
3455113,1225,2020-05-31,Contract,23511,,Yes,Yes,Approved,1261.20,2102,2,Missing bank statements.
3456217,1596,2022-03-02,Unemployed,205433,738,No,No,Denied,4768.80,7948,3,income verified via Plaid
3456479,0580,2022-09-08,Self-Employed,168217,791,Yes,No,Pending,2503.20,2980,2,.
3461236,1446,2022-04-09,Unemployed,230562,,No,No,Denied,2225.40,3709,4,Co-signer pending review.
3461287,0573,2020-03-24,Self-Employed,128066,687,No,No,Approved,2269.68,2702,2,Referred by agent.
3462595,1115,,Full-Time,29255,704,No,No,Approved,3810.24,3969,5,
3462869,1300,2022-01-07,Retired,174200,391,No,Yes,Denied,1962.00,3270,1,Applicant follow-up needed
3465696,0308,2022-11-05,Self-Employed,173364,848,Yes,No,Withdrawn,2894.10,4385,4,n/a
3467003,1548,2023-03-16,Self-Employed,145909,776,No,No,Approved,4288.20,7147,5,Applicant follow-up needed
3467825,0963,2024-02-06,Contract,192660,721,No,No,Withdrawn,572.22,867,4,
3470452,0449,2022-11-04,Student,8472,727,No,No,Denied,2151.36,2241,2,Renewal case.
3472954,0699,19/05/2023,Retired,112256,632,No,Yes,Approved,2364.00,3940,2,N/A
3475201,1152,2024-05-09,Contract,184757,593,No,No,Pending,3734.94,5659,3,income verified via Plaid
3475359,1627,2021-11-07,Unemployed,195937,838,Yes,No,Denied,5037.12,5247,3,
3475988,0961,2022-03-29,Self-Employed,209343,784,No,Yes,Denied,1599.36,1666,1,docs expired
3479116,1233,2020-02-24,Unemployed,79015,761,No,No,Denied,2088.06,2677,2,Applicant provided pay stubs.
3480603,0211,2023-02-21,Retired,121843,828,No,No,Approved,854.40,1424,5,Co-signer pending review.
3482055,1197,2022-03-04,Contract,24075,767,Yes,Yes,Approved,1935.36,2304,2,N/A
3482401,1217,2021-01-05,Contract,144789,797,No,No,Denied,1782.00,2970,3,Missing bank statements.
3483140,0464,2021-12-10,Contract,197893,837,No,Yes,Pending,4290.72,5108,1,n/a
3483346,1504,2022-03-28,Unemployed,64048,754,Yes,No,Withdrawn,6640.20,7905,2,
3484002,0545,2020-02-26,Contract,23985,738,No,No,Approved,2273.04,3444,3,Referred by agent.
3485398,0727,2021-03-09,Self-Employed,156917,752,No,No,Approved,3603.84,3754,1,Missing bank statements.
3489910,1677,2023-04-11,Full-Time,154300,396,No,No,Approved,571.56,866,2,Co-signer pending review.
3490562,0287,2020-12-12,Contract,52805,628,No,Yes,Approved,4678.80,5570,2,
3490664,1473,18/04/2022,Full-Time,40484,791,No,No,Approved,3099.36,4696,3,Missing bank statements.
3491182,1472,2021-07-26,Part-Time,172676,597,Yes,No,Approved,4522.98,6853,4,income verified via Plaid
3493265,0101,2020-10-21,Contract,18406,737,No,Yes,Pending,1728.60,2881,2,N/A
3494568,0551,2024-04-29,Contract,23477,554,Yes,No,Withdrawn,4019.40,4785,4,Referred by agent.
3494775,0074,2021-12-17,Full-Time,168907,677,No,No,Denied,8361.36,9954,3,Flagged for manual review.
3496127,0369,2020-08-14,Contract,131377,770,No,Yes,Withdrawn,1358.28,1617,3,Co-signer pending review.
3496880,0189,2020-02-11,Unemployed,23858,715,Yes,No,Approved,2131.80,3230,2,docs expired
3497101,0031,27/12/2022,Student,240320,,No,No,Denied,2793.96,3582,5,Renewal case.
3498549,0890,2021-07-18,Student,296571,788,No,No,Approved,11211.84,11679,3,Renewal case.
3498572,1193,2020-06-22,Full-Time,79411,775,Yes,Yes,Denied,4093.32,4873,2,docs expired
3500255,0219,2023-02-04,Retired,230039,718,No,Yes,Approved,1468.80,2448,4,
3501129,1320,2020-03-08,Contract,230153,757,No,No,Approved,4705.68,5602,4,
3502121,0885,2023-12-01,Full-Time,217918,606,No,Yes,Approved,1790.40,1865,4,
3502503,0220,2023-01-10,Student,242420,650,No,Yes,Approved,1397.88,2118,4,docs expired
3502575,0439,2020-12-13,Part-Time,153877,798,Yes,Yes,Denied,1281.72,1942,5,Applicant provided pay stubs.
3505849,0677,2022-10-20,Unemployed,203536,692,No,Yes,Withdrawn,1753.92,1827,3,
3507444,0803,2024-08-04,Full-Time,109269,637,Yes,No,Denied,5046.00,8410,4,N/A
3509517,1442,2020-02-12,Contract,165078,709,No,Yes,Pending,2266.32,2698,3,Missing bank statements.
3509691,1448,2023-06-01,Full-Time,137670,786,No,No,Withdrawn,2422.56,2884,1,docs expired
3510952,1219,14/03/2022,Contract,155824,,No,Yes,Denied,2429.70,3115,1,docs expired
3511523,1789,2023-08-06,Full-Time,131345,433,No,No,Denied,2348.58,3011,3,
3512649,0758,2023-12-01,Unemployed,26498,427,No,No,Approved,1383.36,2096,1,Renewal case.
3514340,1702,2022-05-04,Part-Time,202935,728,No,No,Approved,2162.88,2253,3,Renewal case.
3514917,0068,2024-05-03,Unemployed,183968,797,No,No,Approved,1055.88,1257,3,Missing bank statements.
3516404,0930,2022-08-09,Self-Employed,200704,594,No,No,Approved,1391.28,2108,1,n/a
3519373,1281,2020-12-14,Part-Time,64872,302,No,Yes,Denied,3020.64,3596,4,N/A
3525335,0819,2023-10-10,Student,151303,704,No,Yes,Pending,3439.02,4409,2,N/A
3528374,0174,29/03/2023,Self-Employed,74136,N/A,No,Yes,Approved,1452.00,2420,3,income verified via Plaid
3528732,1304,2023-11-13,Unemployed,108256,,No,No,Approved,10942.08,11398,1,
3530119,1609,2023-01-17,Student,50137,645,No,Yes,Approved,3451.20,5752,5,Missing bank statements.
3530983,0528,2023-06-12,Contract,145243,589,No,Yes,Pending,4829.76,6192,5,income verified via Plaid
3531550,1428,2020-10-27,Part-Time,193294,791,No,No,Denied,4613.40,7689,2,docs expired
3533640,1527,2024-09-21,Student,153543,685,Yes,Yes,Approved,715.20,1192,4,Renewal case.
3536606,1279,16/12/2020,Retired,240242,743,No,Yes,Pending,4546.56,4736,4,income verified via Plaid
3537410,0153,2022-10-09,Full-Time,211740,618,No,Yes,Denied,2938.98,4453,1,
3537891,0553,28/10/2020,Part-Time,145148,621,No,Yes,Approved,2947.80,4913,3,Flagged for manual review.
3538952,0439,2023-04-06,Part-Time,25129,798,No,No,Denied,1165.20,0,4,N/A
3539510,0989,2021-10-21,Part-Time,181229,715,No,Yes,Denied,1108.80,1848,3,Referred by agent.
3540802,1225,30/07/2022,Self-Employed,29962,438,Yes,Yes,Approved,1639.56,2102,5,Missing bank statements.
3541462,0208,2023-06-27,Part-Time,213095,809,No,No,Approved,562.98,853,4,Applicant provided pay stubs.
3542741,0210,2023-05-28,Unemployed,164220,722,No,Yes,Approved,2183.04,2274,5,
3543696,0677,2023-10-22,Unemployed,126071,769,Yes,Yes,Approved,1096.20,1827,2,Missing bank statements.
3545614,0995,2024-09-27,Unemployed,51837,698,No,Yes,Approved,3583.20,5972,3,Applicant follow-up needed
3545864,0619,2020-03-13,Part-Time,44675,,Yes,No,Approved,6163.20,10272,4,Co-signer pending review.
3547234,0655,2023-10-31,Part-Time,277620,677,Yes,Yes,Approved,3695.04,3849,1,docs expired
3547968,1269,2022-12-25,Self-Employed,53467,773,No,No,Approved,1571.46,2381,3,Applicant follow-up needed
3549152,0580,2022-09-29,Student,45147,,No,No,Denied,2503.20,2980,3,Co-signer pending review.
3549954,1693,2023-11-05,Contract,106275,769,No,No,Under Review,1734.72,1807,1,Flagged for manual review.
3549992,0186,2024-09-10,Self-Employed,6524,681,No,Yes,Denied,3472.32,3617,5,Flagged for manual review.
3551225,0899,2024-06-06,Retired,29099,845,No,No,Withdrawn,1107.48,1678,2,docs expired
3551301,1054,2022-03-13,Unemployed,200900,606,No,No,Under Review,1276.80,2128,4,
3552037,1427,2023-05-12,Retired,216240,492,No,No,Denied,3390.24,4036,4,docs expired
3552663,0136,2021-12-08,Self-Employed,146563,333,No,No,Pending,1098.72,0,2,Renewal case.
3553143,0039,2022-05-07,Part-Time,247333,770,No,Yes,Denied,1980.60,3301,3,
3553470,1286,2021-06-29,Part-Time,164575,685,No,Yes,Approved,1890.84,2251,4,Applicant follow-up needed
3556312,1729,,Contract,2048,731,Yes,Yes,Approved,696.36,829,3,n/a
3557279,0190,2021-02-15,Full-Time,201920,730,Yes,Yes,Approved,4449.90,5705,4,Referred by agent.
3558828,0773,2024-02-29,Contract,96487,532,No,No,Approved,3290.28,3917,5,Referred by agent.
3558914,0639,2024-07-29,Contract,234402,551,Yes,Yes,Denied,3441.48,4097,4,n/a
3560325,0194,2023-11-03,Full-Time,73287,637,Yes,No,Pending,2739.60,4566,2,Applicant provided pay stubs.
3563810,0781,,Unemployed,281128,771,Yes,No,Denied,1998.00,3330,4,
3564152,1227,2022-02-08,Part-Time,185358,,No,No,Approved,2160.00,2250,5,Missing bank statements.
3564184,1649,2024-01-27,Retired,110327,826,No,No,Approved,2705.28,2818,2,Applicant provided pay stubs.
3564639,1749,,Student,210627,798,No,Yes,Under Review,1122.00,1870,2,docs expired
3565309,1211,2023-07-27,Part-Time,226330,N/A,No,Yes,Under Review,1150.38,1743,3,Applicant provided pay stubs.
3567305,1587,2024-08-19,Unemployed,206760,N/A,No,No,Withdrawn,2945.28,3776,5,
3568194,1413,2024-05-10,Part-Time,185300,723,No,Yes,Denied,2315.88,2757,5,Missing bank statements.
3570183,0978,2021-11-20,Student,87268,456,Yes,No,Approved,984.36,1262,4,
3573558,1208,2022-09-10,Part-Time,202879,757,No,No,Approved,1140.00,1900,4,Applicant follow-up needed
3577623,0502,2020-11-10,Unemployed,80203,816,No,No,Approved,4345.32,5173,3,Missing bank statements.
3579011,1555,2020-10-29,Retired,111654,625,No,No,Approved,653.40,990,2,Co-signer pending review.
3579206,0617,2020-04-27,Full-Time,13629,805,No,No,Approved,2156.88,3268,4,N/A
3581137,0964,2024-02-29,Contract,279880,710,Yes,No,Approved,2811.60,4260,5,income verified via Plaid
3583502,0878,,Self-Employed,236412,727,No,Yes,Under Review,937.20,1562,1,Flagged for manual review.
3584054,0694,2020-08-12,Student,185136,742,No,No,Pending,1185.00,1975,1,docs expired
3585984,0298,22/11/2022,Full-Time,80503,,No,No,Approved,10452.48,10888,4,N/A
3590102,0320,2021-03-23,Retired,68361,564,No,No,Withdrawn,2379.72,2833,1,docs expired
3590858,1430,15/11/2022,Full-Time,221449,609,No,No,Under Review,1027.80,1713,4,Applicant provided pay stubs.
3592039,0372,2021-07-08,Unemployed,151363,741,No,No,Denied,1406.16,1674,1,.
3592617,1306,2022-07-24,Full-Time,47073,744,No,No,Approved,1639.68,1952,1,Renewal case.
3592807,0215,2020-07-04,Contract,71256,,Yes,No,Approved,531.60,886,1,.
3594498,0848,2023-06-18,Student,120886,719,No,Yes,Denied,4953.48,5897,2,Applicant follow-up needed
3595282,0283,2022-05-26,Retired,28220,712,No,No,Approved,3050.88,3178,4,Applicant provided pay stubs.
3595911,1716,2024-03-19,Part-Time,224104,743,No,No,Denied,2449.44,2916,3,.
3598148,0023,2024-10-07,Retired,74757,625,No,No,Under Review,2834.52,3634,2,Applicant provided pay stubs.
3600713,0418,2021-10-25,Retired,96817,735,Yes,No,Denied,2277.00,3450,2,Flagged for manual review.
3600871,0778,2023-11-03,Self-Employed,112344,796,No,Yes,Approved,1634.10,2095,1,Applicant provided pay stubs.
3600873,0446,2022-12-09,Unemployed,248294,335,No,No,Pending,2453.88,3146,2,.
3600950,0267,2022-06-20,Part-Time,101055,395,Yes,No,Approved,5771.22,7399,1,income verified via Plaid
3602894,1589,2022-07-31,Unemployed,84122,611,No,No,Denied,2753.28,2868,1,Applicant follow-up needed
3605543,0249,2023-08-06,Part-Time,191369,534,No,Yes,Approved,2760.12,4182,5,
3606026,1050,2024-08-18,Retired,22325,784,No,No,Denied,1420.44,1691,2,N/A
3606317,0428,2020-03-13,Self-Employed,171452,725,No,Yes,Pending,918.12,1093,3,Flagged for manual review.
3607106,0898,2021-02-22,Unemployed,241846,N/A,Yes,No,Withdrawn,1692.60,2015,4,Applicant provided pay stubs.
3610993,1492,2024-01-28,Part-Time,39535,684,Yes,No,Pending,5197.44,5414,3,Missing bank statements.
3612926,1746,30/05/2021,Part-Time,185813,732,No,Yes,Denied,2659.20,2770,1,Renewal case.
3613126,0372,2020-09-03,Contract,122966,850,No,Yes,Pending,1305.72,1674,5,n/a
3613683,1396,2024-03-02,Contract,67845,682,No,Yes,Approved,2458.56,3152,1,.
3615504,0231,2020-05-24,Full-Time,111951,804,No,No,Pending,6999.36,7291,5,Applicant provided pay stubs.
3616977,0264,2021-09-14,Unemployed,244582,823,No,No,Denied,934.56,1416,2,docs expired
3617317,0601,2024-05-26,Student,19223,369,Yes,Yes,Approved,1112.10,1685,5,N/A
3617580,1310,,Full-Time,165051,,No,No,Approved,3657.60,3810,1,docs expired
3619005,1466,2023-05-01,Full-Time,246700,600,No,Yes,Approved,1148.16,1196,2,Flagged for manual review.
3621862,0280,2024-02-17,Unemployed,109829,757,No,Yes,Approved,1176.00,0,5,Renewal case.
3622838,1094,2024-03-11,Contract,230760,341,No,No,Denied,2046.24,2436,2,Renewal case.
3623103,1621,2022-07-05,Student,129360,648,No,No,Approved,4511.76,6836,2,Renewal case.
3626036,0451,2024-01-26,Part-Time,48896,515,No,No,Under Review,3598.32,5452,2,Flagged for manual review.
3626255,1590,2023-12-13,Retired,94452,,No,Yes,Approved,1195.32,1423,5,
3626670,0303,2021-01-12,Retired,243077,765,No,No,Pending,4400.76,5239,3,
3628714,0913,15/04/2020,Contract,72121,647,No,No,Pending,574.86,871,2,
3629184,1765,2024-07-14,Retired,137787,712,No,No,Under Review,2426.40,4044,5,income verified via Plaid
3629415,0223,2024-02-19,Unemployed,53375,772,No,Yes,Approved,4414.02,5659,4,docs expired
3631168,1707,2024-08-21,Self-Employed,188474,713,No,Yes,Withdrawn,4648.80,5960,4,Referred by agent.
3636654,1710,2021-12-04,Student,217334,787,No,No,Approved,5437.44,5664,3,income verified via Plaid
3637300,0060,,Contract,208120,737,No,No,Denied,697.20,1162,1,Co-signer pending review.
3637640,0557,18/11/2024,Part-Time,36998,787,No,Yes,Denied,2134.20,3557,4,income verified via Plaid
3638045,0708,2020-04-10,Student,231251,617,Yes,No,Under Review,3555.42,5387,4,Applicant provided pay stubs.
3638258,0704,2020-12-28,Contract,137569,686,No,No,Approved,2468.40,4114,1,Applicant follow-up needed
3639183,0029,2023-07-28,Self-Employed,312421,469,No,Yes,Approved,1758.60,2931,5,
3642646,1168,2022-10-25,Retired,61001,661,Yes,Yes,Approved,4011.00,4775,4,Applicant follow-up needed
3643295,1371,2024-12-28,Student,235207,302,No,No,Approved,3081.00,3950,2,Missing bank statements.
3644959,0409,2020-08-02,Contract,34684,720,No,No,Denied,4195.20,6992,3,Flagged for manual review.
3646591,1541,2022-06-08,Student,180674,743,No,Yes,Denied,3978.00,6630,4,
3646881,0466,2021-10-13,Self-Employed,248429,754,No,No,Approved,2835.00,3375,4,Missing bank statements.
3647140,0759,2021-05-09,Contract,107273,,Yes,No,Approved,4716.60,7861,4,Missing bank statements.
3648611,0003,2020-01-18,Contract,69711,771,No,No,Withdrawn,1197.84,1426,1,Applicant follow-up needed
3648951,1165,2023-08-19,Retired,57954,816,Yes,Yes,Pending,748.44,891,2,Applicant provided pay stubs.
3651338,0264,2022-11-01,Contract,241672,847,No,No,Approved,1104.48,1416,5,docs expired
3653802,0504,2020-08-23,Unemployed,60806,821,No,No,Under Review,3073.20,3940,2,Applicant provided pay stubs.
3654366,0970,2024-09-13,Part-Time,366000,751,No,Yes,Approved,1807.08,2738,4,income verified via Plaid
3654912,0589,2023-12-21,Retired,6599,602,Yes,No,Approved,2210.88,2632,5,n/a
3658281,1123,2023-09-13,Full-Time,94208,781,No,No,Approved,1447.32,0,1,
3658375,1435,2023-04-22,Self-Employed,220999,817,No,Yes,Approved,2829.84,3628,5,Renewal case.
3664089,1285,2022-10-06,Contract,2227,722,No,No,Approved,3565.80,4245,3,.
3665201,1192,2023-02-05,Unemployed,286185,720,No,No,Withdrawn,7175.28,8542,5,Missing bank statements.
3669102,1248,2020-02-06,Part-Time,141948,739,No,No,Withdrawn,7039.20,8380,2,Missing bank statements.
3669520,0589,2020-02-03,Self-Employed,76118,808,No,No,Approved,1737.12,2632,5,Applicant follow-up needed
3669718,1300,2023-03-27,Unemployed,238335,583,No,Yes,Approved,1990.80,2370,4,docs expired
3670096,0178,30/03/2020,Self-Employed,204900,756,No,Yes,Approved,2329.14,3529,1,Co-signer pending review.
3670689,1259,2022-01-03,Full-Time,67683,594,No,Yes,Approved,7803.84,11824,5,Flagged for manual review.
3670759,0496,2020-08-12,Self-Employed,151088,754,Yes,No,Approved,1720.20,2867,3,Referred by agent.
3671687,0240,2023-06-21,Unemployed,185088,749,Yes,Yes,Pending,2639.34,3999,5,
3672073,0912,2021-07-10,Contract,225369,N/A,No,No,Pending,2061.18,3123,5,Referred by agent.
3672546,1445,2021-08-19,Full-Time,132504,747,No,Yes,Denied,5010.00,8350,4,.
3674447,1275,2021-12-10,Unemployed,242793,574,Yes,No,Denied,1971.00,3285,3,Applicant follow-up needed
3675502,1261,2020-09-24,Student,160274,318,No,No,Approved,943.80,1573,5,n/a
3676147,1566,2020-02-16,Student,54553,772,No,Yes,Approved,1118.04,1694,1,
3676192,0162,2021-10-19,Unemployed,241570,741,No,Yes,Withdrawn,998.76,1189,2,Applicant provided pay stubs.
3678711,0223,2022-08-02,Retired,134700,830,No,Yes,Approved,3734.94,5659,1,Missing bank statements.
3684741,0835,2021-12-08,Self-Employed,156347,603,No,Yes,Pending,2867.52,2987,2,.
3685038,1764,2021-11-15,Unemployed,190543,375,No,No,Approved,4604.88,5482,3,income verified via Plaid
3685285,1584,2024-11-22,Student,111110,,No,No,Pending,1235.52,1872,3,Flagged for manual review.
3690773,0332,2021-07-29,Unemployed,195532,,No,No,Denied,1380.60,2301,2,Co-signer pending review.
3691106,0955,2020-11-07,Retired,110282,651,No,No,Approved,2155.44,2566,2,Co-signer pending review.
3691779,1033,2021-08-17,Self-Employed,242207,764,Yes,No,Approved,1707.60,2846,5,Applicant follow-up needed
3691934,1303,2021-04-03,Student,181530,760,No,Yes,Approved,5998.08,6248,3,.
3693164,1719,2023-05-05,Contract,135211,762,No,Yes,Approved,1811.40,3019,3,Missing bank statements.
3694004,0175,2023-06-15,Unemployed,240349,742,No,No,Pending,3985.20,6642,5,income verified via Plaid
3695378,1045,2021-06-27,Full-Time,171329,748,No,Yes,Approved,4365.12,4547,5,Renewal case.
3696202,0842,2021-11-11,Student,193705,,No,Yes,Pending,616.80,1028,2,Referred by agent.
3697308,0384,2021-02-13,Retired,201853,737,No,No,Approved,3822.60,6371,5,Applicant follow-up needed
3697463,0106,2021-05-14,Contract,100722,688,No,No,Denied,2857.80,4330,3,income verified via Plaid
3697663,1182,2020-01-11,Part-Time,283974,774,No,No,Approved,4698.24,4894,3,income verified via Plaid
3701017,0251,2023-10-16,Self-Employed,58717,725,No,Yes,Approved,1362.24,1419,5,Referred by agent.
3701046,1795,2020-01-11,Student,191427,402,No,Yes,Pending,3895.20,6492,5,docs expired
3702962,0612,2021-10-01,Student,170045,654,No,Yes,Approved,4708.80,7848,1,
3704028,1263,20/02/2021,Part-Time,219311,703,No,No,Approved,1956.24,2964,1,N/A
3704327,1748,2020-08-14,Full-Time,77598,,No,Yes,Denied,1446.72,1507,1,.
3705724,0370,2021-04-27,Unemployed,189987,626,No,No,Approved,2717.40,4529,5,Co-signer pending review.
3705775,1658,2024-01-18,Unemployed,235379,840,No,Yes,Withdrawn,2722.20,3490,3,income verified via Plaid
3706720,0410,2023-04-25,Part-Time,232301,554,No,Yes,Denied,997.92,1188,2,N/A
3707076,1041,2022-07-12,Full-Time,207081,744,No,No,Approved,2920.32,3042,3,Flagged for manual review.
3707207,1279,2021-01-27,Contract,211896,728,No,No,Approved,3978.24,4736,1,.
3707321,0500,2021-11-26,Self-Employed,129156,590,No,Yes,Approved,1213.68,1556,1,N/A
3708329,0808,2024-10-25,Part-Time,59931,712,No,No,Withdrawn,1293.24,1658,2,
3709367,0838,2020-08-07,Retired,140938,582,No,No,Approved,5878.08,6123,1,
3710985,1445,2024-06-27,Part-Time,118878,N/A,No,No,Denied,5010.00,8350,1,Applicant provided pay stubs.
3710998,1654,2022-08-29,Unemployed,8622,735,No,No,Pending,2695.68,3456,1,n/a
3711187,0861,2024-06-15,Part-Time,209432,790,No,No,Approved,2959.68,3083,4,income verified via Plaid
3712772,1409,2023-07-12,Unemployed,244391,N/A,No,Yes,Approved,3155.52,3287,1,Flagged for manual review.
3713065,0613,2020-08-30,Student,145499,,No,No,Denied,4299.36,5512,1,Applicant provided pay stubs.
3715724,0672,2022-05-08,Retired,86771,786,No,Yes,Approved,2786.16,3572,5,Renewal case.
3717587,0081,2024-11-10,Student,59421,741,No,Yes,Pending,2487.42,3189,1,Co-signer pending review.
3718727,0640,2022-12-18,Contract,157253,398,No,Yes,Denied,3634.56,3786,5,Flagged for manual review.
3720002,1269,2024-11-18,Full-Time,91814,756,No,No,Denied,1857.18,2381,4,Applicant follow-up needed
3720179,0726,17/06/2024,Part-Time,17339,628,No,No,Withdrawn,1483.56,1902,4,Co-signer pending review.
3720479,1257,2024-02-06,Part-Time,221754,716,Yes,No,Approved,974.40,1015,2,Missing bank statements.
3721613,0652,2023-03-31,Contract,236329,,No,Yes,Approved,3177.72,3783,1,
3722688,1179,2020-12-29,Self-Employed,109404,695,No,No,Approved,5030.22,6449,5,Flagged for manual review.
3724809,1760,2020-01-30,Unemployed,73983,647,No,Yes,Denied,1263.00,2105,2,n/a
3725960,1472,2023-03-10,Self-Employed,46268,784,No,Yes,Approved,4111.80,6853,3,Applicant provided pay stubs.
3727624,0078,2020-08-16,Part-Time,116494,675,No,No,Pending,1535.82,1969,3,Flagged for manual review.
3727653,0616,17/03/2024,Full-Time,206329,746,No,No,Approved,4095.30,6205,2,Referred by agent.
3729018,0781,2024-04-03,Part-Time,101500,696,Yes,No,Denied,2597.40,3330,4,Missing bank statements.
3731568,1793,25/08/2022,Full-Time,18092,681,No,No,Approved,2109.36,3196,3,Missing bank statements.
3732593,0965,2023-05-06,Full-Time,114316,546,Yes,Yes,Approved,2201.16,2822,3,Referred by agent.
3733087,0935,2020-07-09,Part-Time,18903,742,No,No,Denied,2391.60,3986,4,docs expired
3735981,1127,2023-03-22,Part-Time,107347,752,No,No,Approved,2723.76,3492,1,Co-signer pending review.
3737319,0923,2020-02-14,Full-Time,188025,819,No,No,Denied,2178.60,3631,3,.
3738205,0004,2020-12-19,Retired,138020,748,No,No,Denied,1661.76,1731,2,.
3739279,0378,2024-11-11,Unemployed,147616,496,Yes,Yes,Withdrawn,1484.34,1903,3,
3740090,0371,2021-02-27,Full-Time,169104,616,No,No,Pending,1365.00,2275,1,Renewal case.
3743792,0121,2021-04-09,Full-Time,37080,684,No,Yes,Approved,1325.22,1699,3,Applicant follow-up needed
3746291,1636,2020-04-06,Part-Time,64316,591,No,Yes,Under Review,7582.08,11488,1,
3746446,1546,28/12/2021,Student,93326,793,No,Yes,Denied,1234.20,1870,2,Applicant follow-up needed
3746991,1052,2020-09-07,Contract,107286,651,No,Yes,Pending,2085.00,3475,2,Renewal case.
3747110,1260,2022-03-03,Contract,246828,795,No,Yes,Approved,2198.04,2818,5,.
3754540,0210,14/05/2022,Full-Time,18257,804,Yes,No,Pending,1910.16,2274,2,
3755681,1281,2023-03-04,Full-Time,171113,483,No,No,Approved,3452.16,3596,1,income verified via Plaid
3755795,1240,2022-02-08,Student,20342,722,No,No,Withdrawn,4845.12,5047,3,Flagged for manual review.
3755814,0486,2023-04-25,Student,221745,772,No,Yes,Approved,1537.20,2562,4,Missing bank statements.
3758600,1247,28/06/2020,Unemployed,32012,655,No,Yes,Pending,3239.94,4909,2,docs expired
3759459,1633,2024-11-10,Student,29803,,Yes,Yes,Denied,1821.60,2760,3,.
3759681,1003,2023-11-08,Student,63856,843,No,Yes,Approved,6814.08,8736,4,Renewal case.
3761451,0227,2022-04-06,Unemployed,211073,716,No,Yes,Withdrawn,778.20,1297,1,.
3764040,0951,2022-09-22,Retired,203563,826,No,Yes,Approved,2072.28,2467,1,income verified via Plaid
3764061,0524,2021-03-11,Full-Time,207345,347,Yes,No,Denied,2376.66,3601,2,
3764990,1163,28/12/2024,Unemployed,69909,778,No,Yes,Denied,1767.00,2945,2,Applicant follow-up needed
3767036,1755,2023-03-06,Contract,97416,443,Yes,Yes,Denied,2353.68,2802,1,Renewal case.
3768818,1008,2021-06-11,Student,21230,810,No,Yes,Approved,5038.20,8397,3,.
3769125,0400,2022-05-16,Unemployed,32724,372,No,No,Denied,4589.52,5884,5,Missing bank statements.
3769405,0948,2021-07-21,Part-Time,18126,669,No,Yes,Approved,4190.94,5373,5,Flagged for manual review.
3770476,1331,2024-03-27,Part-Time,95826,600,No,Yes,Pending,3395.28,4042,1,Co-signer pending review.
3770958,0078,2024-12-18,Full-Time,153650,620,No,No,Approved,1653.96,1969,2,
3772214,1531,2022-03-05,Part-Time,73205,700,No,Yes,Withdrawn,1239.00,2065,5,income verified via Plaid
3778959,0675,2024-06-07,Student,93365,,No,No,Approved,2936.70,3765,4,.
3779085,1544,2024-08-08,Full-Time,238557,782,Yes,No,Approved,1185.60,1976,3,
3780567,0085,2021-01-23,Full-Time,220639,721,No,No,Denied,1209.00,1550,3,Co-signer pending review.
3781124,0892,18/11/2020,Unemployed,46097,,No,Yes,Approved,2774.52,0,1,Applicant provided pay stubs.
3782145,0577,2023-02-20,Student,203527,653,No,Yes,Denied,1186.80,1978,5,Missing bank statements.
3784681,0691,2024-04-02,Retired,21357,850,No,No,Denied,1952.34,2503,1,Applicant follow-up needed
3787056,1411,2024-09-07,Part-Time,249981,606,No,No,Approved,1116.60,1861,3,n/a
3787380,0162,2021-05-23,Contract,192067,793,No,Yes,Approved,784.74,1189,1,Co-signer pending review.
3787589,0432,2021-10-05,Retired,230119,682,No,No,Pending,1758.60,2931,4,Co-signer pending review.
3789894,1092,2024-03-27,Self-Employed,228588,797,No,Yes,Approved,6679.68,7952,3,N/A
3790258,0306,2020-10-23,Retired,27024,710,No,Yes,Approved,1754.28,2658,3,Referred by agent.
3791613,0712,30/04/2022,Contract,53780,699,No,Yes,Denied,3436.44,4091,3,Applicant follow-up needed
3791715,1287,2021-10-29,Self-Employed,241840,561,No,No,Approved,6330.24,6594,4,.
3793030,0475,16/10/2020,Unemployed,172236,,Yes,No,Approved,1477.80,2463,2,n/a
3794130,0160,2022-01-12,Self-Employed,24090,696,No,No,Denied,1022.40,0,4,Co-signer pending review.
3795025,1388,2024-12-23,Part-Time,38440,718,No,No,Pending,1085.40,1809,4,Missing bank statements.
3795133,1430,2022-08-16,Student,252400,705,No,No,Approved,1130.58,1713,4,Flagged for manual review.
3797205,1178,2022-01-27,Unemployed,211487,581,No,Yes,Pending,2262.12,2693,5,Applicant provided pay stubs.
3797441,1352,2022-04-16,Self-Employed,127252,751,No,Yes,Denied,1394.58,2113,5,Co-signer pending review.
3801712,0515,2022-01-15,Student,320422,643,No,No,Approved,5619.60,6690,4,Renewal case.
3802612,0713,15/09/2024,Full-Time,95926,772,No,No,Approved,3046.80,5078,4,
3802815,0034,22/06/2024,Self-Employed,213756,685,Yes,Yes,Pending,859.20,1432,4,Co-signer pending review.
3803115,0221,2023-09-17,Student,232100,797,No,Yes,Denied,2622.48,3122,2,Flagged for manual review.
3805211,0235,2022-11-08,Full-Time,56012,682,Yes,Yes,Under Review,926.64,1188,4,docs expired
3807272,1794,2022-10-15,Student,165000,785,Yes,No,Under Review,3460.80,5768,5,
3807348,0661,2022-12-02,Part-Time,105013,789,No,Yes,Denied,4534.92,5814,4,Co-signer pending review.
3807957,1000,17/08/2022,Full-Time,31507,,No,Yes,Pending,642.00,1070,3,Renewal case.
3808071,0774,2022-09-06,Student,18383,671,No,No,Approved,3308.76,3939,3,docs expired
3810943,0128,2020-04-20,Retired,244636,,No,No,Approved,6448.68,7677,3,n/a
3811682,0218,2020-05-16,Part-Time,54792,620,Yes,No,Denied,3144.12,3743,4,
3812618,0052,20/04/2021,Full-Time,169962,487,No,Yes,Denied,2377.80,3963,1,Renewal case.
3813371,0901,2023-04-29,Part-Time,169385,752,No,Yes,Under Review,3352.80,5588,1,.
3817327,1539,2024-05-02,Contract,66497,755,No,No,Pending,7523.04,0,1,Applicant follow-up needed
3821005,0320,16/01/2020,Self-Employed,258917,829,No,Yes,Approved,2209.74,2833,1,income verified via Plaid
3823397,1262,2022-06-29,Self-Employed,22721,,No,Yes,Approved,5399.16,6922,3,n/a
3823483,0547,2020-02-08,Part-Time,212549,771,Yes,No,Approved,2553.00,4255,1,n/a
3823749,0785,2024-10-04,Contract,206400,688,No,No,Approved,3613.74,4633,3,Referred by agent.
3824221,0777,2024-04-21,Part-Time,99334,,No,No,Under Review,2289.60,2385,1,Applicant follow-up needed
3824880,0489,17/12/2022,Part-Time,156010,583,No,Yes,Pending,1359.60,2060,2,docs expired
3828860,1083,2022-07-02,Full-Time,145730,847,No,No,Withdrawn,8983.68,9358,5,n/a
3831128,0824,2023-01-28,Unemployed,243602,335,No,Yes,Denied,1611.84,1679,1,docs expired
3833267,0977,2023-03-11,Unemployed,53876,810,No,Yes,Under Review,3707.52,3862,4,docs expired
3833726,0045,2024-07-23,Contract,13762,424,No,No,Pending,2571.24,3061,4,N/A
3835189,0972,2023-10-02,Part-Time,170264,630,No,No,Pending,2111.46,2707,5,Referred by agent.
3836026,0278,2024-04-28,Unemployed,132858,807,No,No,Approved,3864.12,4954,3,Referred by agent.
3836871,1305,2020-11-06,Self-Employed,252673,584,No,Yes,Approved,4876.56,6252,4,Co-signer pending review.
3837800,0141,2024-06-05,Retired,191817,785,No,No,Approved,2384.46,3057,5,docs expired
3839365,0588,18/04/2024,Part-Time,200148,582,No,No,Approved,1164.00,1940,4,N/A
3839967,0905,2024-11-29,Full-Time,173503,759,Yes,No,Approved,5158.14,6613,4,Renewal case.
3840513,1036,2024-06-08,Contract,120367,797,No,Yes,Denied,3145.92,3277,4,
3841182,0261,2020-01-23,Unemployed,175812,726,Yes,Yes,Approved,1640.10,2485,3,Renewal case.
3842948,0253,2021-02-10,Retired,80036,813,No,No,Denied,2539.68,3848,3,Referred by agent.
3846190,0567,2020-05-08,Part-Time,146622,705,No,No,Approved,1066.80,1778,3,Flagged for manual review.
3846921,0944,2021-01-11,Part-Time,213969,635,No,No,Approved,1046.10,1585,3,
3847006,0659,2023-04-25,Unemployed,151752,779,No,Yes,Approved,3784.80,6308,4,Missing bank statements.
3847616,1500,17/06/2022,Retired,84379,743,No,Yes,Denied,3187.86,4087,5,Missing bank statements.
3847874,1556,2024-07-09,Student,59558,467,No,Yes,Approved,2142.00,2550,4,Referred by agent.
3848096,1662,2021-03-31,Self-Employed,232159,,Yes,Yes,Approved,3755.40,6259,4,Referred by agent.
3848277,0258,2023-04-08,Unemployed,234900,,No,Yes,Approved,1799.82,2727,2,
3849034,1246,2022-12-02,Retired,46744,,Yes,Yes,Denied,1914.36,2279,4,
3849056,1319,2024-10-18,Unemployed,164683,567,Yes,No,Approved,2568.96,2676,4,docs expired
3849857,0818,2021-04-13,Unemployed,210201,815,No,Yes,Denied,2419.20,4032,1,income verified via Plaid
3851641,1745,2021-08-12,Retired,19817,785,No,Yes,Denied,5021.94,7609,5,
3851709,1517,2024-06-26,Full-Time,47484,511,No,Yes,Denied,1308.12,1982,5,docs expired
3857867,1081,2024-01-23,Full-Time,146884,685,No,Yes,Pending,3716.46,5631,5,Applicant provided pay stubs.
3858551,0447,2024-06-06,Retired,161532,776,No,No,Under Review,3751.80,4810,4,.
3866099,1434,2024-10-31,Part-Time,213612,703,No,No,Denied,5473.26,7017,1,Missing bank statements.
3868425,0625,19/11/2024,Unemployed,157173,608,No,Yes,Pending,1552.20,2587,5,Referred by agent.
3870786,1390,2020-11-26,Retired,256821,,Yes,No,Under Review,1898.40,2260,1,Applicant follow-up needed
3873785,1146,2022-04-24,Self-Employed,228696,623,No,Yes,Denied,1228.26,1861,3,.
3876120,1570,2022-10-17,Contract,232809,,No,No,Approved,1485.00,2250,3,Missing bank statements.
3876174,0234,2021-07-01,Student,37594,,No,No,Denied,3203.76,3814,2,N/A
3877327,1153,29/01/2024,Full-Time,166129,733,No,No,Under Review,891.00,1485,4,Applicant provided pay stubs.
3878376,0817,23/05/2020,Retired,193014,,No,Yes,Withdrawn,2781.60,4636,1,
3879699,0686,14/03/2021,Student,113957,,No,No,Pending,2664.42,4037,4,Missing bank statements.
3883622,0387,2024-12-31,Full-Time,132406,759,No,No,Approved,2230.80,3718,2,
3885433,0293,2022-10-09,Retired,23921,N/A,Yes,No,Approved,2372.76,3042,1,Co-signer pending review.
3885667,0126,25/11/2024,Part-Time,157335,670,Yes,Yes,Approved,1742.52,2234,5,docs expired
3887191,1633,2020-09-11,Part-Time,950000,759,No,Yes,Approved,1656.00,2760,2,Referred by agent.
3887702,1032,2022-09-21,Self-Employed,49149,666,Yes,No,Denied,2469.60,2940,4,docs expired
3889422,1609,,Self-Employed,145440,594,No,No,Approved,4831.68,5752,2,docs expired
3891468,1471,2022-12-21,Part-Time,161133,N/A,No,No,Approved,4435.20,4620,4,Flagged for manual review.
3891707,0952,2021-01-04,Contract,150815,849,No,Yes,Denied,932.40,1554,4,
3892102,1393,29/07/2022,Retired,163198,702,No,No,Approved,3985.02,5109,5,Co-signer pending review.
3892921,0451,2024-06-22,Student,64818,N/A,No,Yes,Pending,3271.20,5452,2,
3894419,1313,15/05/2020,Contract,177091,589,Yes,No,Approved,1544.40,2340,3,
3895477,0013,16/06/2024,Student,205539,785,No,Yes,Denied,2306.70,0,5,Co-signer pending review.
3896176,1460,2020-10-05,Self-Employed,99534,733,No,Yes,Approved,2186.34,2803,1,.
3897919,0347,2020-05-15,Contract,105881,820,No,No,Approved,1979.34,2999,2,
3898023,0933,2023-06-13,Self-Employed,127957,825,No,Yes,Pending,1653.12,1722,1,Missing bank statements.
3898765,1698,2023-10-07,Full-Time,26348,798,Yes,No,Under Review,1717.80,2863,4,Missing bank statements.
3900287,0463,2020-07-18,Part-Time,32242,,No,Yes,Approved,3456.00,0,4,income verified via Plaid
3900584,1528,2022-04-23,Part-Time,6878,669,Yes,Yes,Withdrawn,3474.90,4455,3,Flagged for manual review.
3901659,0094,2023-04-09,Contract,198780,653,No,Yes,Approved,2701.38,4093,2,N/A
3902644,0035,24/09/2022,Part-Time,196746,714,No,No,Approved,1608.60,1915,2,Referred by agent.
3908203,1483,2023-07-01,Contract,246190,695,No,Yes,Under Review,7182.84,8551,1,docs expired
3909366,0735,2024-04-12,Part-Time,120223,634,No,No,Approved,2759.04,2874,1,n/a
3918710,1763,2020-12-01,Student,103607,411,Yes,No,Withdrawn,5595.84,5829,1,
3922749,0754,2021-11-14,Part-Time,298546,842,No,Yes,Denied,5411.52,5637,4,income verified via Plaid
3923662,1345,28/11/2024,Full-Time,100984,,No,Yes,Pending,3296.28,4226,4,n/a
3924889,1729,2024-08-21,Contract,229938,,No,Yes,Denied,795.84,829,1,Referred by agent.
3925093,1270,2021-12-07,Student,192288,428,Yes,No,Withdrawn,4475.52,5328,3,
3926910,0640,2021-03-10,Retired,4211,787,No,Yes,Approved,3634.56,3786,2,Missing bank statements.
3927920,0534,2024-03-05,Contract,184195,780,No,Yes,Approved,2857.92,2977,3,income verified via Plaid
3928588,1500,2022-08-16,Contract,33673,677,No,Yes,Denied,3923.52,4087,4,income verified via Plaid
3931548,0449,,Retired,223610,820,Yes,Yes,Under Review,1747.98,2241,2,n/a
3934567,1042,2020-05-26,Unemployed,40541,644,No,No,Approved,1543.74,2339,2,Co-signer pending review.
3935327,1765,2020-08-20,Part-Time,63349,812,No,No,Approved,3154.32,4044,1,income verified via Plaid
3936707,1177,17/11/2022,Retired,101134,786,No,No,Approved,3689.40,4730,4,Applicant provided pay stubs.
3938394,0966,2024-07-26,Self-Employed,258267,610,No,No,Pending,3582.60,5971,1,
3939292,1337,2021-12-01,Student,63775,350,No,Yes,Approved,1584.00,2400,3,.
3939940,0783,2024-10-12,Full-Time,30398,684,Yes,Yes,Approved,2985.18,4523,2,n/a
3945060,1124,2022-08-14,Full-Time,478000,769,No,No,Pending,2996.76,3842,4,Missing bank statements.
3945102,0857,2022-08-08,Retired,244200,663,No,No,Denied,1216.02,1559,5,docs expired
3946073,1033,23/07/2020,Student,32848,,No,No,Denied,1878.36,2846,5,
3946483,0945,2021-08-30,Retired,222421,594,No,Yes,Under Review,896.94,1359,3,
3946615,1179,2020-10-18,Self-Employed,24069,826,No,Yes,Approved,5417.16,6449,5,Applicant provided pay stubs.
3949526,1588,2023-08-04,Part-Time,18133,796,Yes,No,Denied,9196.20,11790,1,n/a
3949780,0309,2020-01-29,Full-Time,262648,,No,Yes,Approved,3851.52,4012,1,
3951341,1247,2024-06-14,Self-Employed,187359,594,No,No,Approved,4712.64,4909,3,Missing bank statements.
3955128,0469,2020-04-24,Self-Employed,191606,678,Yes,Yes,Under Review,4565.40,0,5,Co-signer pending review.
3957297,0518,2022-08-30,Self-Employed,139497,685,Yes,Yes,Approved,4287.36,4466,1,
3957449,0750,,Self-Employed,160723,587,No,Yes,Withdrawn,2575.32,3902,3,docs expired
3958182,0813,2023-10-22,Self-Employed,65862,823,No,No,Withdrawn,2227.20,2320,4,
3959182,1546,,Student,146256,582,Yes,Yes,Approved,1458.60,1870,1,Co-signer pending review.
3960647,1656,2022-03-25,Unemployed,103452,759,Yes,No,Withdrawn,2208.36,2629,2,n/a
3960999,0338,2022-05-29,Self-Employed,212216,793,No,Yes,Approved,3331.38,4271,3,N/A
3962172,0521,2022-09-05,Unemployed,123604,737,No,Yes,Denied,783.72,933,2,Missing bank statements.
3963603,0727,,Unemployed,174526,695,No,No,Approved,3603.84,3754,4,Renewal case.
3965035,0131,2021-02-13,Unemployed,35669,644,No,No,Approved,760.20,1267,3,.
3965210,0285,2021-02-01,Retired,70054,637,No,No,Approved,3216.96,3351,2,n/a
3965537,0595,2024-08-25,Part-Time,174981,798,No,No,Pending,2792.16,3324,1,docs expired
3965544,0638,2023-11-10,Part-Time,46375,690,No,No,Approved,1628.76,1939,3,Flagged for manual review.
3966759,1063,2020-01-10,Retired,13291,771,No,Yes,Approved,956.40,1594,2,N/A
3967609,0366,2021-10-09,Self-Employed,201434,835,Yes,No,Approved,2589.84,3924,5,N/A
3967950,1308,2021-09-10,Unemployed,57297,713,No,Yes,Denied,3934.32,5044,3,.
3969437,1263,2023-02-07,Part-Time,202869,665,No,Yes,Withdrawn,2845.44,2964,2,Co-signer pending review.
3970347,0366,2021-05-28,Student,156732,767,Yes,No,Denied,2354.40,3924,2,Applicant provided pay stubs.
3970887,0654,2023-12-24,Student,168260,710,No,Yes,Withdrawn,2040.72,3092,2,N/A
3971008,1075,2020-01-03,Full-Time,243984,845,No,Yes,Denied,2892.12,4382,3,Co-signer pending review.
3971062,0984,2023-11-16,Student,154430,585,No,Yes,Under Review,1218.24,1269,5,Missing bank statements.
3973163,1242,2023-01-18,Part-Time,141672,692,Yes,Yes,Denied,2810.34,3603,3,Referred by agent.
3974745,0360,2021-05-28,Part-Time,247032,809,Yes,Yes,Denied,4473.00,5325,3,
3975102,0819,2021-05-08,Unemployed,183466,693,No,Yes,Under Review,2645.40,4409,5,Applicant follow-up needed
3975877,0489,2020-06-24,Student,182698,584,No,No,Under Review,1236.00,2060,2,Flagged for manual review.
3980741,1738,2020-10-14,Unemployed,198952,815,No,No,Denied,1776.60,2115,4,Missing bank statements.
3983138,0967,2020-10-21,Full-Time,165600,664,No,No,Approved,1220.34,1849,5,docs expired
3983582,1779,29/05/2020,Full-Time,125262,764,No,Yes,Denied,1172.34,1503,2,Flagged for manual review.
3984209,0140,2024-08-24,Self-Employed,20604,756,No,Yes,Approved,1049.16,1249,1,.
3985620,1660,2022-01-18,Retired,241630,826,No,No,Denied,966.90,1465,5,Co-signer pending review.
3986329,0018,2021-10-27,Full-Time,179488,699,No,No,Pending,2081.82,2669,3,Flagged for manual review.
3989515,0419,2021-11-09,Retired,97134,508,No,No,Pending,1269.84,1924,3,Referred by agent.
3989562,1002,17/11/2021,Full-Time,180907,618,Yes,Yes,Approved,6982.92,8313,4,docs expired
3990508,0137,,Part-Time,45914,786,Yes,No,Approved,1553.76,1992,3,Flagged for manual review.
3991467,0114,16/02/2024,Student,177893,722,No,No,Denied,2281.92,2377,1,Missing bank statements.
3992087,0211,2021-05-17,Full-Time,220492,607,No,No,Under Review,939.84,1424,5,Flagged for manual review.
3992441,0525,15/02/2020,Contract,297395,731,No,No,Approved,2102.40,2190,4,Applicant follow-up needed
3992691,1750,26/11/2022,Full-Time,28746,673,No,No,Denied,6156.48,9328,3,
3995605,0605,2023-12-04,Student,159762,754,No,Yes,Denied,1943.76,2314,5,Missing bank statements.
3996309,1542,2021-02-17,Retired,129116,331,No,Yes,Approved,699.72,833,3,docs expired
3998511,0108,2024-08-20,Unemployed,90730,,Yes,No,Approved,1264.38,1621,2,Referred by agent.
3998726,1135,2020-10-11,Student,203690,535,Yes,Yes,Pending,2572.80,2680,4,income verified via Plaid
3998950,0308,2024-07-15,Student,180466,N/A,Yes,No,Denied,2631.00,4385,3,income verified via Plaid
4000156,0106,2021-07-01,Student,202553,684,No,No,Withdrawn,2857.80,4330,5,Applicant provided pay stubs.
4001332,0441,2021-04-12,Retired,233500,684,Yes,Yes,Denied,3365.40,5609,1,N/A
4001416,0085,2023-09-13,Full-Time,68301,825,No,No,Denied,1023.00,1550,3,n/a
4003552,0115,2021-08-28,Unemployed,185106,430,No,Yes,Denied,3727.62,4779,4,Missing bank statements.
4003860,1199,20/12/2024,Student,162086,722,No,Yes,Denied,2569.38,3893,3,N/A
4004022,0749,2020-05-25,Unemployed,223277,646,Yes,Yes,Approved,1656.60,2761,2,Missing bank statements.
4005795,0380,2024-10-06,Student,249905,647,No,Yes,Withdrawn,4063.80,5210,3,Renewal case.
4006293,0671,2021-02-08,Student,62056,603,No,No,Approved,2353.68,2802,3,Applicant follow-up needed
4006381,0669,2023-10-26,Retired,75433,524,No,No,Withdrawn,627.12,804,5,n/a
4006628,0604,2022-10-03,Full-Time,64480,648,Yes,No,Denied,2306.70,3495,2,Applicant follow-up needed
4006716,0004,2021-09-20,Contract,240571,,No,Yes,Pending,1350.18,1731,4,
4007986,1611,2021-08-09,Part-Time,23314,,No,Yes,Denied,5285.76,5506,4,Applicant provided pay stubs.
4008186,0365,2024-12-14,Contract,68884,814,No,Yes,Denied,1847.82,2369,3,Applicant follow-up needed
4008476,0039,,Self-Employed,221917,740,No,No,Approved,2574.78,3301,3,Applicant provided pay stubs.
4010052,0046,2021-03-06,Retired,182237,694,No,No,Approved,2226.24,2319,2,.
4010177,0891,20/08/2022,Part-Time,180199,454,Yes,No,Denied,5007.36,5216,4,Missing bank statements.
4011095,0203,2024-08-02,Unemployed,183852,606,No,No,Denied,2111.04,2199,4,docs expired
4011460,1176,2024-12-26,Full-Time,148863,693,No,No,Denied,1193.28,1808,2,Referred by agent.
4011739,1189,2024-11-03,Part-Time,171523,,Yes,No,Approved,2567.40,4279,4,Missing bank statements.
4012051,0380,2020-02-01,Retired,178384,747,No,Yes,Denied,3438.60,5210,1,Applicant follow-up needed
4012196,1104,2020-04-19,Self-Employed,244708,615,Yes,No,Withdrawn,3087.84,3676,4,Renewal case.
4012566,1211,22/09/2020,Unemployed,192854,671,No,No,Denied,1045.80,1743,5,Flagged for manual review.
4013271,1521,2022-09-21,Unemployed,294829,N/A,No,No,Denied,3311.28,3942,5,docs expired
4013320,0614,2023-05-19,Self-Employed,240399,,No,No,Pending,3871.56,4609,3,n/a
4015617,0762,2023-10-16,Retired,23639,,No,No,Approved,1038.18,1331,4,.
4017401,1109,2024-08-15,Contract,25014,690,No,No,Withdrawn,5953.08,7087,3,Flagged for manual review.
4019044,0480,2022-07-01,Retired,71302,729,No,No,Approved,3763.20,4480,4,N/A
4022163,1537,2020-07-19,Full-Time,90968,707,No,Yes,Approved,2100.60,3501,4,Co-signer pending review.
4023266,0550,2023-12-12,Contract,24804,771,Yes,No,Under Review,1418.40,2364,5,N/A
4023550,1398,2020-01-27,Self-Employed,132761,847,No,No,Approved,1928.52,2922,5,income verified via Plaid
4025365,0465,2021-12-24,Self-Employed,169167,584,No,No,Approved,1135.80,1893,3,n/a
4025888,0093,2024-10-31,Unemployed,87524,761,Yes,No,Denied,5003.88,0,5,Referred by agent.
4027347,1672,2020-06-30,Student,91591,604,No,No,Withdrawn,2632.56,3134,3,N/A
4027466,1353,2022-01-22,Self-Employed,80323,N/A,No,No,Approved,817.32,973,1,N/A
4028926,1411,2022-03-28,Contract,170657,612,No,No,Approved,1116.60,1861,2,Referred by agent.
4030441,0264,2024-11-03,Self-Employed,312059,,Yes,No,Denied,1104.48,1416,4,
4041527,0254,2022-08-22,Part-Time,13983,734,No,No,Denied,2161.20,3602,1,Missing bank statements.
4041647,1015,2024-02-16,Part-Time,143400,737,No,Yes,Denied,4793.04,5706,5,docs expired
4042211,0745,2022-07-22,Contract,227499,697,No,Yes,Denied,5024.64,5234,3,Co-signer pending review.
4044930,1530,2023-03-31,Unemployed,205891,706,No,No,Pending,6328.14,0,2,Renewal case.
4047516,1696,2020-10-24,Self-Employed,153185,N/A,Yes,Yes,Pending,1333.80,2223,4,Applicant provided pay stubs.
4050051,0127,2024-10-18,Full-Time,139586,706,Yes,Yes,Denied,1241.28,1293,1,
4052031,0355,2024-11-14,Part-Time,217102,684,No,No,Denied,4851.60,8086,5,N/A
4052909,1757,2022-07-05,Self-Employed,78679,644,No,No,Approved,2662.92,3414,1,Missing bank statements.
4054232,0682,2021-09-21,Self-Employed,106672,625,Yes,Yes,Approved,6602.88,6878,2,Co-signer pending review.
4055676,1226,2022-03-04,Part-Time,181870,586,No,No,Denied,4333.56,5159,5,
4057092,1601,2020-12-25,Contract,31555,496,No,Yes,Pending,1822.86,2337,2,Applicant provided pay stubs.
4057099,1130,2024-07-19,Unemployed,244034,N/A,No,No,Withdrawn,3369.60,5616,2,docs expired
4058091,1448,2023-06-09,Unemployed,60359,,No,Yes,Approved,2249.52,2884,2,Applicant provided pay stubs.
4058908,1117,19/11/2020,Full-Time,196908,773,No,Yes,Denied,2138.40,3240,4,Co-signer pending review.
4062308,1600,2020-12-03,Self-Employed,113697,,No,No,Approved,1993.32,2373,4,.
4063560,1047,2023-12-08,Part-Time,142537,723,No,Yes,Approved,1460.94,1873,3,Missing bank statements.
4063907,1778,2023-04-08,Self-Employed,24522,694,No,No,Approved,3659.04,4356,5,Co-signer pending review.
4064621,1365,2022-09-08,Self-Employed,123587,300,No,No,Pending,3848.04,4581,1,Renewal case.
4065118,0367,2022-08-11,Self-Employed,115581,,No,Yes,Approved,1945.92,2027,1,Co-signer pending review.
4065891,1728,2023-07-04,Full-Time,139392,651,Yes,No,Pending,6202.56,7384,1,Co-signer pending review.
4066511,0549,18/03/2023,Student,29815,736,No,No,Under Review,2315.04,2968,3,Applicant follow-up needed
4066737,1426,,Part-Time,90801,N/A,No,No,Denied,5562.96,7132,4,Referred by agent.
4067880,0681,2020-01-07,Student,318389,744,Yes,Yes,Approved,4498.56,4686,5,Missing bank statements.
4072797,0529,2020-12-28,Unemployed,13677,774,Yes,No,Approved,3611.52,3762,3,Applicant follow-up needed
4073882,0984,2023-03-18,Unemployed,134800,675,No,No,Denied,1218.24,1269,5,
4074274,0875,2020-05-09,Self-Employed,82447,N/A,No,No,Denied,4582.20,5455,3,income verified via Plaid
4075435,1529,2021-11-11,Part-Time,206709,822,No,Yes,Pending,3823.68,4552,1,.
4075726,0710,2024-08-18,Contract,167445,729,No,No,Approved,1297.92,1352,3,n/a
4076658,1554,2023-11-09,Contract,20610,702,No,Yes,Approved,1039.08,1237,2,Flagged for manual review.
4076791,1159,2022-09-19,Full-Time,114221,821,Yes,No,Approved,2139.06,3241,3,.
4080981,1540,2022-11-20,Self-Employed,211901,,Yes,Yes,Denied,3137.28,3268,3,.
4085304,1345,20/05/2020,Retired,144092,801,No,No,Approved,3549.84,4226,5,Missing bank statements.
4085694,0733,,Full-Time,237030,584,No,No,Approved,1224.60,1570,2,Applicant follow-up needed
4086222,0963,2022-09-07,Student,117903,791,No,No,Pending,832.32,867,2,Flagged for manual review.
4089385,1675,2021-05-26,Retired,248700,836,No,Yes,Withdrawn,1668.24,1986,4,N/A
4090445,1099,26/10/2020,Part-Time,41525,784,No,Yes,Withdrawn,1846.02,0,2,Flagged for manual review.
4090652,1728,2023-03-06,Part-Time,131146,683,No,No,Approved,4430.40,7384,3,docs expired
4090895,1358,2020-07-06,Unemployed,182200,747,Yes,Yes,Approved,3312.12,3943,2,n/a
4091296,0881,2022-03-05,Unemployed,192556,668,No,Yes,Approved,4795.20,7992,1,Referred by agent.
4091853,1779,18/02/2021,Contract,127224,384,No,Yes,Denied,1262.52,1503,3,N/A
4095490,1534,2020-04-16,Contract,35748,816,No,No,Approved,1308.72,1558,3,
4095554,0085,2020-08-01,Part-Time,175819,691,Yes,No,Withdrawn,930.00,1550,1,.
4096060,1259,2024-06-20,Contract,105435,N/A,No,Yes,Approved,7803.84,11824,1,Missing bank statements.
4097928,1102,2023-03-27,Student,215872,686,No,No,Pending,1963.92,2338,4,Referred by agent.
4099958,0272,,Part-Time,159227,615,No,Yes,Denied,897.60,1360,5,N/A
4100573,0795,2024-08-16,Student,74826,674,No,No,Pending,1015.08,1538,2,
4100608,0904,2024-07-25,Contract,126633,635,No,Yes,Pending,2224.20,3707,2,Applicant follow-up needed
4101914,1584,2023-11-20,Contract,148907,729,No,Yes,Approved,1235.52,1872,1,
4102255,0769,2024-11-30,Retired,236380,582,No,Yes,Approved,5510.40,5740,1,Applicant follow-up needed
4105938,0275,2022-03-06,Self-Employed,313682,704,No,Yes,Approved,1310.40,1680,4,Referred by agent.
4107651,1345,26/02/2021,Full-Time,166509,739,No,Yes,Denied,2535.60,4226,2,docs expired
4107978,0813,2020-05-07,Unemployed,119703,,No,No,Denied,2227.20,2320,4,Renewal case.
4109443,1724,2020-09-29,Part-Time,237054,466,Yes,No,Pending,568.26,861,4,.
4111972,0202,2023-09-20,Self-Employed,156916,693,No,No,Approved,5097.84,7724,4,Applicant follow-up needed
4115822,1171,2022-09-03,Self-Employed,188330,749,No,No,Withdrawn,1718.34,2203,5,Applicant follow-up needed
4116620,0033,2024-09-18,Contract,175124,785,No,Yes,Withdrawn,1065.60,1110,3,Missing bank statements.
4117653,1415,2024-01-12,Self-Employed,215970,301,Yes,No,Approved,2205.00,3675,1,n/a
4118756,0410,13/11/2020,Part-Time,158578,755,No,No,Under Review,1140.48,1188,4,Applicant provided pay stubs.
4121708,0032,2021-10-07,Full-Time,34275,743,No,Yes,Under Review,1003.08,1286,3,
4122164,1717,2021-09-21,Full-Time,243165,577,No,No,Approved,4015.68,0,2,Co-signer pending review.
4122757,0072,2023-12-16,Retired,84359,683,No,No,Approved,3011.52,3137,5,Referred by agent.
4125806,0752,2024-10-26,Retired,130515,664,No,No,Approved,2683.98,3441,4,Flagged for manual review.
4127463,0435,15/02/2021,Unemployed,62622,810,No,Yes,Under Review,1038.60,1731,2,Missing bank statements.
4129671,1689,2024-12-18,Retired,306246,711,No,Yes,Denied,4645.80,7743,3,Flagged for manual review.
4130766,1762,2023-03-19,Student,52143,753,No,No,Denied,1688.28,2558,4,
4132619,0172,2021-01-15,Student,148190,445,Yes,Yes,Approved,3564.12,4243,3,income verified via Plaid
4133138,1271,2023-04-28,Part-Time,940000,773,No,Yes,Denied,4272.00,4450,2,Missing bank statements.
4139131,0841,26/12/2020,Self-Employed,144603,618,Yes,Yes,Approved,1976.04,2994,5,income verified via Plaid
4140014,0438,2021-12-30,Full-Time,246901,677,No,No,Pending,3206.40,3340,2,N/A
4142051,0472,2023-11-04,Self-Employed,139620,825,No,Yes,Denied,1560.96,1626,1,income verified via Plaid
4143087,0085,2023-08-06,Contract,119318,584,Yes,Yes,Denied,930.00,1550,1,Missing bank statements.
4143334,0267,2022-05-07,Student,46332,749,No,No,Pending,4439.40,7399,1,Missing bank statements.
4147222,1075,2024-07-18,Self-Employed,132169,458,No,No,Approved,2629.20,4382,4,.
4149143,0181,2022-01-08,Retired,125970,569,No,No,Denied,546.60,911,2,Applicant follow-up needed
4149620,0487,2020-11-03,Unemployed,122742,723,No,No,Approved,1593.24,2414,3,
4150107,1413,20/01/2024,Student,42250,713,Yes,No,Pending,2150.46,2757,2,Missing bank statements.
4151067,1143,2024-03-29,Self-Employed,23145,728,Yes,Yes,Approved,1648.68,2498,4,Applicant provided pay stubs.
4154785,0305,2024-08-14,Contract,36314,,Yes,No,Pending,6042.96,7194,1,
4155143,0642,2023-08-01,Unemployed,130900,793,Yes,No,Approved,560.34,849,3,income verified via Plaid
4155183,0130,2020-02-25,Unemployed,207336,789,Yes,Yes,Denied,2788.80,0,5,.
4156976,0656,2022-04-25,Part-Time,230418,747,No,No,Approved,3054.00,5090,1,Missing bank statements.
4162133,1757,2024-08-30,Part-Time,190008,,No,Yes,Approved,2253.24,3414,1,Flagged for manual review.
4162735,0047,2021-01-06,Student,190860,739,No,Yes,Approved,4241.64,5438,5,docs expired
4164111,1257,2021-03-12,Retired,75025,581,No,No,Denied,669.90,1015,2,Renewal case.
4164871,0384,2023-08-23,Student,165889,761,No,Yes,Denied,5351.64,6371,5,income verified via Plaid
4165729,0864,,Student,53682,764,No,No,Denied,5547.96,8406,3,docs expired
4165777,1529,2024-02-01,Unemployed,114172,667,No,No,Approved,3004.32,4552,2,Referred by agent.
4167995,1156,2023-08-17,Self-Employed,5946,809,No,No,Denied,4825.92,5027,1,
4170836,0339,2023-04-15,Full-Time,211805,639,No,No,Approved,7098.00,9100,4,Applicant provided pay stubs.
4171355,1468,2021-05-09,Part-Time,190732,807,No,Yes,Pending,2147.88,2557,4,
4172709,1709,,Part-Time,48098,755,No,No,Pending,1267.20,1320,4,Missing bank statements.
4173773,1693,2020-01-09,Full-Time,74852,798,No,No,Approved,1734.72,1807,3,Flagged for manual review.
4175256,0374,2021-06-11,Part-Time,218955,830,No,Yes,Denied,2145.60,2235,2,.
4176925,0852,,Unemployed,110756,677,Yes,Yes,Denied,840.84,1078,1,.
4177590,0057,2022-09-24,Retired,192359,618,No,Yes,Approved,5987.52,6237,3,
4178377,0849,2023-10-23,Unemployed,133587,770,No,Yes,Approved,1335.00,0,4,Applicant follow-up needed
4179305,1734,2023-04-24,Retired,203864,671,No,Yes,Withdrawn,1861.80,3103,4,income verified via Plaid
4180532,0732,26/08/2020,Self-Employed,164644,648,Yes,No,Pending,3049.20,3630,3,Applicant follow-up needed
4180765,0913,2020-08-31,Unemployed,151611,603,No,No,Pending,836.16,871,4,
4181211,1182,2023-03-24,Unemployed,220603,683,No,No,Denied,4110.96,4894,3,n/a
4182801,0461,2020-10-17,Part-Time,96318,737,No,Yes,Denied,1559.22,1999,4,Referred by agent.
4184899,0349,2023-03-01,Unemployed,135728,403,No,Yes,Approved,2247.36,2341,2,
4185122,1574,2023-05-03,Contract,60469,737,Yes,Yes,Approved,1201.92,1252,1,
4190883,1203,30/06/2022,Contract,291866,719,No,Yes,Pending,1678.32,1998,2,.
4193475,0338,2022-03-09,Student,121623,605,Yes,No,Denied,2562.60,4271,5,
4195167,1597,,Contract,107390,801,No,No,Pending,1556.88,0,5,Missing bank statements.
4195253,0824,29/08/2023,Unemployed,209316,,Yes,No,Withdrawn,1611.84,1679,1,N/A
4195571,0610,2020-09-02,Self-Employed,77996,720,No,Yes,Denied,1687.92,2164,2,Referred by agent.
4198299,1203,,Self-Employed,13575,838,No,Yes,Denied,1318.68,1998,3,docs expired
4198932,1263,2023-01-03,Full-Time,180928,N/A,No,No,Approved,1778.40,2964,1,.
4199119,1692,2023-11-18,Self-Employed,237143,790,No,Yes,Denied,4427.52,4612,2,.
4201998,0389,2024-12-02,Full-Time,68073,786,No,No,Under Review,3802.92,5762,4,Renewal case.
4202435,0046,2022-09-11,Self-Employed,78218,618,Yes,Yes,Denied,1391.40,2319,1,Applicant follow-up needed
4202647,1555,2021-07-31,Self-Employed,173359,635,No,No,Approved,772.20,990,4,Missing bank statements.
4204790,0216,2021-06-06,Part-Time,50668,305,No,Yes,Pending,1619.52,1687,5,.
4205070,1611,2023-12-26,Self-Employed,57756,,No,No,Approved,5285.76,5506,3,
4209589,0921,25/09/2023,Student,238501,724,No,Yes,Denied,666.00,1110,2,Missing bank statements.
4210918,0642,,Student,158283,760,No,Yes,Approved,662.22,849,3,income verified via Plaid
4211149,0389,2024-12-02,Part-Time,26560,765,No,Yes,Pending,4494.36,5762,4,n/a
4211384,1071,2024-01-14,Part-Time,221306,761,No,No,Approved,2677.74,3433,3,Co-signer pending review.
4211599,0730,2024-02-20,Full-Time,85938,687,No,No,Denied,834.12,993,4,n/a
4212312,1391,2020-04-21,Full-Time,129999,,No,Yes,Approved,1633.80,1945,3,Missing bank statements.
4212425,0915,2023-05-27,Student,132140,758,No,No,Approved,4241.28,4418,2,Applicant follow-up needed
4215112,1164,2021-08-31,Contract,236566,805,No,No,Pending,2693.34,3453,1,Applicant follow-up needed
4215866,1231,2024-05-26,Part-Time,95943,675,No,Yes,Denied,2231.46,3381,1,Applicant follow-up needed
4216175,0693,2020-06-15,Full-Time,314823,842,No,No,Pending,2152.80,3588,1,
4217129,0545,2023-11-30,Contract,168433,845,No,Yes,Under Review,2066.40,3444,2,.
4219922,0142,28/01/2023,Self-Employed,173800,673,No,No,Under Review,3211.26,4117,5,docs expired
4220848,0052,2021-03-29,Self-Employed,51636,743,No,No,Denied,2377.80,3963,2,Flagged for manual review.
4221643,1355,2020-05-24,Retired,248303,760,Yes,Yes,Pending,4347.00,5175,4,Referred by agent.
4223128,0309,2022-09-20,Student,186243,798,Yes,No,Approved,3129.36,4012,3,Co-signer pending review.
4226344,1396,2021-10-06,Contract,19917,675,No,No,Pending,2647.68,3152,5,n/a
4230589,1027,2024-08-08,Unemployed,30624,797,No,No,Denied,2206.80,3678,5,Renewal case.
4231800,0126,2023-03-21,Retired,139898,808,No,No,Denied,1340.40,2234,1,Missing bank statements.
4231992,0097,2024-01-24,Retired,64538,703,No,No,Approved,973.80,1623,4,n/a
4232179,0055,,Retired,78111,773,Yes,Yes,Approved,1520.40,1810,3,.
4235010,0051,2022-12-19,Self-Employed,82902,665,Yes,Yes,Approved,2396.16,2496,3,
4235079,0861,2023-05-29,Contract,88271,846,No,Yes,Denied,2589.72,3083,5,Flagged for manual review.
4238406,1073,2021-01-12,Part-Time,172465,433,Yes,Yes,Approved,1112.16,1324,3,Referred by agent.
4239992,1591,2021-03-29,Student,134620,,No,No,Approved,5683.08,7286,4,Missing bank statements.
4240103,0247,2021-09-28,Full-Time,19845,782,No,No,Denied,1303.68,1358,2,Referred by agent.
4245813,1207,2024-04-13,Student,149180,781,No,No,Pending,3138.24,3269,1,Referred by agent.
4246083,0845,2023-07-08,Self-Employed,197253,605,No,No,Approved,4662.84,5978,3,n/a
4246354,0201,30/11/2020,Student,21394,683,No,No,Approved,1895.40,2430,3,Renewal case.
4248949,0835,2021-08-11,Self-Employed,39333,708,No,Yes,Approved,1792.20,2987,2,N/A
4250668,0479,2023-01-23,Full-Time,239193,772,No,Yes,Under Review,5366.40,6880,5,Co-signer pending review.
4254127,0133,14/05/2021,Full-Time,7160,688,No,Yes,Approved,3067.20,3195,2,Applicant follow-up needed
4255954,0350,2024-10-02,Contract,134252,764,No,No,Approved,7591.32,11502,2,Applicant provided pay stubs.
4256613,0356,13/12/2024,Retired,216094,643,Yes,No,Approved,4721.64,7154,3,Missing bank statements.
4257162,1653,2022-11-20,Part-Time,212936,779,No,No,Denied,1282.38,1943,4,income verified via Plaid
4257519,0244,2021-01-02,Full-Time,2669,751,No,No,Approved,1545.60,1840,2,Applicant follow-up needed
4257920,0437,2024-03-21,Unemployed,110938,688,No,No,Denied,2297.40,2735,2,Co-signer pending review.
4258663,0739,2022-11-02,Contract,225076,727,No,No,Approved,2468.70,3165,2,Flagged for manual review.
4258790,0046,18/03/2023,Part-Time,179010,595,No,Yes,Approved,1947.96,2319,5,Renewal case.
4260709,0169,2022-04-06,Self-Employed,235504,739,No,Yes,Approved,3182.40,4080,3,Missing bank statements.
4261696,1221,2020-03-30,Unemployed,186713,599,No,No,Approved,5055.96,6019,5,n/a
4264905,0903,2021-02-03,Unemployed,110165,635,No,Yes,Pending,2654.40,4424,5,N/A
4265916,1569,2024-01-16,Unemployed,128211,N/A,No,No,Pending,993.30,1505,2,Referred by agent.
4266935,1795,2020-09-28,Student,229888,635,No,No,Pending,5453.28,6492,3,Co-signer pending review.
4267921,1282,25/11/2024,Unemployed,56752,770,No,Yes,Withdrawn,1796.76,2139,2,Applicant provided pay stubs.
4269895,1456,2023-09-17,Self-Employed,76731,824,No,Yes,Pending,3237.30,4905,2,N/A
4270508,1798,23/04/2021,Part-Time,27882,773,Yes,No,Pending,4156.80,6928,5,Referred by agent.
4272804,0607,2023-06-01,Full-Time,59473,,No,No,Under Review,697.20,1162,5,Co-signer pending review.
4273886,0030,2024-01-17,Full-Time,108874,784,No,No,Approved,2604.84,3101,2,Applicant provided pay stubs.
4274285,0407,2020-08-01,Part-Time,240173,748,No,Yes,Approved,1097.46,1407,3,Flagged for manual review.
4276713,1153,2024-08-30,Full-Time,145000,384,No,No,Under Review,891.00,1485,5,
4278767,1464,22/02/2021,Student,39414,706,No,Yes,Pending,3150.00,3750,1,Applicant follow-up needed
4278827,0444,2024-11-30,Contract,61049,585,No,No,Approved,2880.96,3001,3,N/A
4280245,1561,2020-09-08,Full-Time,213970,844,No,No,Pending,2718.24,3236,4,Renewal case.
4285865,0245,2022-02-26,Full-Time,238901,794,No,No,Denied,1983.60,3306,1,income verified via Plaid
4286739,0304,2020-10-11,Retired,126051,672,Yes,No,Pending,1626.30,2085,4,Missing bank statements.
4287554,1616,2021-11-28,Contract,130611,698,No,Yes,Denied,4248.72,5058,3,income verified via Plaid
4287723,0468,2020-10-18,Self-Employed,79363,833,No,Yes,Approved,1857.60,3096,1,n/a
4288321,1667,22/06/2022,Student,127352,811,No,No,Approved,4618.56,4811,5,n/a
4289346,0577,2023-09-08,Student,64144,,No,No,Denied,1542.84,1978,1,docs expired
4289857,1009,2021-11-20,Retired,131596,,No,No,Approved,2785.92,2902,4,income verified via Plaid
4291261,1042,2022-12-02,Part-Time,218701,760,No,Yes,Denied,1403.40,2339,2,n/a
4291481,1061,2023-04-28,Part-Time,97794,715,No,Yes,Approved,2673.84,3428,1,docs expired
4291992,1754,2022-07-16,Self-Employed,157241,590,No,Yes,Under Review,3734.64,4788,5,Renewal case.
4293837,1663,2020-01-29,Self-Employed,37575,782,No,No,Denied,1862.28,2217,1,n/a
4295198,1517,2021-11-14,Contract,187356,734,No,Yes,Denied,1189.20,1982,2,Referred by agent.
4296975,1504,2021-11-19,Unemployed,138690,,No,Yes,Withdrawn,7588.80,7905,2,docs expired
4297657,0984,2022-03-08,Full-Time,216215,301,No,No,Denied,761.40,1269,4,
4300438,0017,16/05/2023,Full-Time,61255,784,Yes,No,Approved,2089.56,3166,2,Applicant provided pay stubs.
4301133,0933,26/07/2024,Full-Time,109935,,No,No,Approved,1033.20,1722,4,Renewal case.
4301985,1184,2022-10-08,Contract,892000,587,No,Yes,Under Review,7493.76,7806,1,N/A
4302615,0780,2020-03-05,Unemployed,53601,605,No,Yes,Under Review,3089.28,3218,2,Applicant follow-up needed
4303015,1552,2020-08-17,Unemployed,84467,781,No,No,Under Review,711.48,847,5,N/A
4304740,1444,2024-09-18,Student,186572,341,No,No,Under Review,1072.50,1375,5,Flagged for manual review.
4305591,1599,2022-09-02,Student,319079,799,No,Yes,Withdrawn,2759.40,3285,4,Applicant provided pay stubs.
4306173,0817,29/08/2020,Student,249426,780,No,No,Approved,3059.76,4636,1,n/a
4306590,1418,2024-03-14,Full-Time,36485,621,No,Yes,Approved,1912.80,3188,5,Missing bank statements.
4308067,0620,2023-04-25,Self-Employed,191575,344,No,Yes,Pending,2035.80,2610,4,Co-signer pending review.
4308832,1787,2024-05-11,Retired,153299,N/A,No,Yes,Under Review,2825.76,3364,4,N/A
4309618,0787,2021-06-28,Contract,188122,834,No,No,Approved,1779.84,1854,4,Renewal case.
4309636,0313,2024-03-06,Student,49179,796,No,Yes,Pending,2502.72,2607,3,income verified via Plaid
4311725,1080,2022-10-04,Unemployed,128300,681,No,No,Denied,3856.32,4017,5,Missing bank statements.
4313991,0336,2024-02-05,Student,111753,677,No,Yes,Withdrawn,1279.80,2133,1,
4314976,1166,2023-06-06,Contract,157819,786,No,Yes,Denied,1271.16,1926,2,n/a
4315995,1709,2021-11-10,Part-Time,114077,693,Yes,No,Denied,871.20,1320,3,N/A
4316542,0650,2020-02-27,Self-Employed,48003,631,No,No,Pending,1491.00,1775,2,docs expired
4317415,0294,2021-05-13,Part-Time,97352,692,No,Yes,Under Review,2040.00,3400,5,Applicant provided pay stubs.
4320975,0002,2020-09-18,Self-Employed,208735,374,No,Yes,Pending,2957.76,3081,3,Renewal case.
4323368,1352,2020-05-13,Contract,81117,790,No,Yes,Approved,1648.14,2113,1,N/A
4323709,0265,2022-06-08,Unemployed,137796,681,No,Yes,Approved,1333.08,1587,1,n/a
4324256,0895,21/07/2022,Part-Time,155315,,No,Yes,Approved,1600.50,2425,3,Flagged for manual review.
4325561,1785,19/07/2021,Self-Employed,155374,588,No,Yes,Pending,3650.46,5531,3,docs expired
4325881,1130,25/12/2023,Unemployed,111968,606,No,Yes,Denied,4717.44,5616,5,Applicant follow-up needed
4326218,0930,2021-10-22,Student,229299,752,No,Yes,Approved,2392.80,3988,1,docs expired
4326603,0311,2024-01-10,Retired,215429,781,No,No,Approved,1644.60,2741,5,Applicant follow-up needed
4329586,1147,2024-02-05,Student,125529,,Yes,No,Under Review,1275.84,1329,5,.
4330422,0368,2020-05-11,Student,113916,769,No,Yes,Approved,976.80,1628,3,Renewal case.
4332272,1186,2022-10-24,Unemployed,34079,686,No,No,Approved,3361.80,5603,1,
4334437,0924,2021-03-18,Part-Time,217238,817,No,No,Approved,722.70,1095,2,Missing bank statements.
4334902,0227,2024-07-06,Unemployed,155651,805,No,No,Withdrawn,1089.48,1297,5,
4335017,0302,2024-08-31,Contract,197679,,Yes,Yes,Denied,2592.00,2700,3,docs expired
4335591,1291,2020-01-30,Full-Time,97447,670,No,Yes,Approved,1743.06,2641,1,Applicant follow-up needed
4339093,0204,2023-12-04,Retired,245785,690,No,No,Denied,1054.56,1352,2,Referred by agent.
4339157,0671,2020-03-04,Unemployed,74696,656,No,No,Approved,2689.92,2802,1,Co-signer pending review.
4340162,0905,2020-04-11,Retired,68268,721,No,No,Approved,5158.14,6613,3,
4340492,1342,2020-09-13,Part-Time,113446,724,No,Yes,Approved,3475.68,4456,5,Applicant follow-up needed
4341136,1422,2023-03-02,Self-Employed,158244,666,No,No,Approved,2176.32,2267,2,n/a
4342941,1781,2022-03-14,Retired,213540,611,No,Yes,Approved,1407.60,2346,3,N/A
4344163,1194,2021-07-08,Retired,58815,,No,Yes,Denied,1756.20,2927,2,.
4344502,1125,2020-04-27,Full-Time,123045,679,No,No,Withdrawn,1171.50,1775,5,Flagged for manual review.
4345068,1628,2022-03-13,Contract,170544,730,No,Yes,Pending,3530.40,5884,2,.
4348552,0036,2022-02-02,Full-Time,54430,546,No,Yes,Approved,3685.44,3839,3,income verified via Plaid
4348715,1455,2024-09-22,Full-Time,177991,837,No,No,Pending,8070.72,8407,5,
4348986,0726,2022-10-09,Full-Time,199619,682,No,Yes,Approved,1141.20,1902,4,
4350673,1102,2024-04-20,Unemployed,206469,786,No,No,Withdrawn,2244.48,2338,3,Applicant provided pay stubs.
4352729,0401,2020-12-17,Self-Employed,298864,644,Yes,Yes,Denied,5073.90,6505,4,docs expired
4355372,0965,,Unemployed,230566,752,No,No,Pending,1693.20,2822,2,N/A
4357747,1124,2022-11-05,Self-Employed,238933,678,No,No,Under Review,3227.28,0,3,Missing bank statements.
4359770,0071,2021-01-21,Self-Employed,33628,402,No,No,Withdrawn,3480.00,3625,4,Missing bank statements.
4362032,1109,2020-08-24,Retired,97728,786,No,Yes,Denied,6803.52,7087,2,Missing bank statements.
4362341,1593,29/06/2022,Full-Time,194401,689,No,Yes,Approved,5112.96,5326,5,.
4365196,0123,2020-09-19,Student,96381,749,No,No,Denied,1011.84,1054,4,Flagged for manual review.
4366701,0285,2020-09-02,Contract,72084,417,Yes,Yes,Under Review,2010.60,3351,4,Referred by agent.
4369213,1320,28/10/2023,Unemployed,204609,655,No,No,Approved,3697.32,5602,2,N/A
4370544,0581,2021-01-09,Unemployed,166235,621,No,No,Approved,3417.96,4382,1,N/A
4371578,0299,2024-07-25,Student,134568,671,No,Yes,Approved,2956.80,4480,2,Applicant provided pay stubs.
4376938,1667,2024-01-02,Part-Time,155500,762,No,No,Approved,3752.58,4811,1,
4378135,1764,2022-11-02,Part-Time,246169,841,No,Yes,Approved,3289.20,5482,5,docs expired
4379725,0776,2022-01-29,Retired,54632,804,No,Yes,Approved,1359.60,2060,3,
4380114,1533,2024-07-06,Self-Employed,67904,765,No,No,Approved,4286.04,6494,3,.
4381579,0969,,Unemployed,194718,724,No,No,Denied,996.60,1510,2,docs expired
4383545,1656,2020-05-01,Contract,104260,637,No,No,Approved,1577.40,2629,1,Renewal case.
4387488,0405,2020-07-06,Part-Time,111343,773,No,Yes,Approved,1282.20,2137,1,Applicant follow-up needed
4387857,1692,2024-05-20,Retired,69973,719,No,Yes,Approved,3874.08,4612,3,N/A
4388237,1395,20/07/2022,Contract,166601,,No,Yes,Pending,2919.84,3476,5,Applicant provided pay stubs.
4390780,1577,,Self-Employed,69680,N/A,No,No,Approved,3880.14,5879,1,docs expired
4392175,0598,2024-11-05,Contract,141220,301,No,Yes,Pending,3352.32,3492,5,.
4392475,0217,2021-07-26,Part-Time,231130,696,No,No,Denied,3320.64,3459,3,Flagged for manual review.
4392593,0864,2022-09-20,Student,47125,613,No,No,Approved,6556.68,8406,3,Flagged for manual review.
4393670,0483,2020-03-07,Part-Time,237911,,No,No,Denied,1337.28,1592,5,Renewal case.
4395577,1770,2021-03-03,Full-Time,114688,,Yes,Yes,Pending,1704.00,2840,2,.
4396811,1686,2022-11-01,Unemployed,149758,480,No,No,Approved,3245.58,4161,5,
4396860,1063,2021-11-04,Part-Time,223977,324,No,Yes,Approved,1530.24,1594,2,Referred by agent.
4397262,0944,2022-09-15,Student,98492,410,No,No,Approved,1331.40,1585,3,docs expired
4400668,1547,2023-05-23,Self-Employed,321929,735,No,No,Pending,2948.40,3780,2,Co-signer pending review.
4400732,1095,2023-10-12,Full-Time,112842,714,No,Yes,Approved,1002.54,1519,3,n/a
4402078,0525,2023-10-04,Contract,161865,734,No,Yes,Denied,2102.40,2190,4,Flagged for manual review.
4404022,0253,20/09/2024,Full-Time,94391,647,No,Yes,Approved,3232.32,3848,2,income verified via Plaid
4404117,0731,2020-04-09,Contract,217101,723,Yes,Yes,Approved,1475.76,1892,5,income verified via Plaid
4404461,0387,2020-12-12,Unemployed,211906,659,No,Yes,Withdrawn,2453.88,3718,2,
4404673,1563,2022-01-18,Student,94883,714,No,Yes,Denied,2766.72,2882,1,n/a
4406922,0053,2021-08-25,Unemployed,153667,707,No,Yes,Approved,4676.16,4871,3,
4407496,0915,2024-04-29,Unemployed,200791,,No,No,Denied,3711.12,4418,5,Referred by agent.
4408919,1705,,Full-Time,29230,668,Yes,Yes,Approved,2477.16,2949,5,Applicant provided pay stubs.
4411535,0745,2024-11-14,Part-Time,148372,627,No,No,Approved,5024.64,5234,2,Referred by agent.
4412691,1765,2022-01-08,Retired,51594,770,No,No,Withdrawn,2669.04,4044,4,.
4413053,0756,2020-05-05,Self-Employed,875000,746,Yes,Yes,Approved,821.40,1369,5,
4414140,0234,2022-09-12,Self-Employed,225090,518,No,No,Denied,3203.76,3814,4,
4415008,1723,2021-04-23,Self-Employed,197301,820,No,No,Denied,1474.20,1755,3,income verified via Plaid
4415620,0978,2021-02-18,Full-Time,166454,445,No,No,Denied,757.20,1262,4,Applicant provided pay stubs.
4417030,1404,2020-04-28,Full-Time,52091,761,Yes,No,Pending,581.40,969,4,
4417547,1780,2020-02-21,Retired,277316,728,No,No,Denied,6980.40,8310,4,Missing bank statements.
4418608,1154,2022-10-31,Student,224653,729,No,Yes,Approved,2616.00,2725,5,Applicant provided pay stubs.
4418888,0054,2023-04-16,Unemployed,151531,812,No,No,Denied,6110.40,6365,2,n/a
4418896,0026,2021-10-06,Retired,89947,655,No,No,Denied,1273.44,1516,1,Flagged for manual review.
4420135,1747,25/12/2021,Unemployed,111598,821,No,No,Approved,3535.20,5892,5,docs expired
4420764,0998,18/02/2020,Unemployed,155295,616,No,No,Denied,4257.60,4435,1,.
4421822,1516,2021-05-05,Unemployed,145624,408,No,Yes,Denied,1938.30,2485,3,
4422158,0807,17/05/2020,Part-Time,148418,664,No,Yes,Withdrawn,1743.36,1816,5,Missing bank statements.
4426288,0204,25/06/2021,Self-Employed,123302,672,No,Yes,Pending,1135.68,1352,1,Co-signer pending review.
4426855,1367,2021-07-09,Full-Time,224387,701,No,Yes,Denied,815.76,1236,5,N/A
4429150,1408,,Contract,196791,771,No,Yes,Pending,2428.14,3113,4,
4429218,1195,2024-09-20,Full-Time,88171,771,No,No,Approved,2632.20,4387,4,n/a
4432681,0826,2023-07-03,Self-Employed,159271,722,No,Yes,Approved,4297.92,4477,3,Renewal case.
4433000,1473,2024-11-02,Full-Time,144789,621,No,No,Approved,3944.64,4696,1,Missing bank statements.
4433270,0917,18/09/2021,Part-Time,55664,595,No,No,Approved,1391.88,1657,5,.
4433368,1034,2022-11-17,Student,67693,488,No,Yes,Pending,2016.00,3360,2,Flagged for manual review.
4433852,0423,2022-01-17,Contract,139700,758,No,Yes,Denied,7162.56,7461,3,
4436146,0605,2020-02-21,Student,78497,304,No,No,Under Review,1527.24,0,3,
4437097,0570,2021-04-25,Student,248675,,No,No,Approved,5507.52,5737,5,
4439281,0177,2024-04-20,Unemployed,161637,701,No,Yes,Approved,1320.48,1572,3,
4439703,1376,2023-08-04,Full-Time,205580,695,No,Yes,Approved,1912.56,2452,5,Applicant follow-up needed
4439898,1621,2021-11-24,Unemployed,247767,764,No,No,Denied,6562.56,6836,3,Renewal case.
4440003,0972,2020-02-13,Self-Employed,69228,562,No,Yes,Withdrawn,1624.20,2707,4,n/a
4442001,0771,2024-07-15,Unemployed,22325,810,No,Yes,Denied,1733.40,2889,2,Applicant follow-up needed
4442121,0983,2024-04-07,Full-Time,134542,792,Yes,No,Approved,4669.80,7783,2,Flagged for manual review.
4443946,1102,2024-06-07,Part-Time,157197,824,Yes,No,Approved,1823.64,2338,2,Co-signer pending review.
4444023,1064,25/05/2023,Part-Time,220630,707,No,No,Denied,1511.40,2519,3,Flagged for manual review.
4444838,1757,2021-06-06,Self-Employed,112041,725,No,No,Denied,2048.40,3414,5,Renewal case.
4444856,0230,2024-10-25,Student,220748,725,No,Yes,Denied,1858.56,1936,3,income verified via Plaid
4444896,0371,2022-09-22,Unemployed,136627,746,No,Yes,Approved,1774.50,2275,4,Renewal case.
4445145,1560,2020-04-15,Student,198441,744,No,No,Approved,2208.00,3680,3,Applicant follow-up needed
4446724,0882,2023-09-17,Part-Time,141771,767,Yes,No,Approved,4798.08,5712,4,Renewal case.
4448297,1262,2021-01-27,Part-Time,229032,618,No,Yes,Approved,5814.48,6922,2,
4449555,0605,19/02/2021,Contract,247971,709,Yes,No,Approved,2221.44,2314,3,Applicant follow-up needed
4452018,0475,17/10/2024,Full-Time,77190,345,No,No,Approved,2364.48,2463,4,Applicant follow-up needed
4452213,1469,14/03/2022,Part-Time,41840,489,No,Yes,Denied,2310.84,2751,5,Applicant provided pay stubs.
4453167,0263,2021-05-10,Self-Employed,32725,633,No,Yes,Denied,902.22,1367,3,Co-signer pending review.
4453836,0035,2020-02-29,Retired,82404,413,No,Yes,Pending,1838.40,1915,4,Missing bank statements.
4454773,0214,2023-07-11,Retired,184133,767,No,Yes,Approved,3258.06,4177,4,Applicant provided pay stubs.
4454943,0791,2022-06-03,Student,49297,,No,No,Approved,3393.78,4351,1,n/a
4457243,1336,2021-05-07,Part-Time,118364,676,No,No,Approved,3354.24,3494,4,income verified via Plaid
4458297,0746,18/08/2022,Full-Time,240198,709,No,No,Approved,1815.36,0,3,
4460429,0596,2023-07-24,Full-Time,107489,405,Yes,Yes,Approved,3074.40,3660,1,Applicant provided pay stubs.
4460519,0745,2022-10-16,Retired,36838,803,No,No,Denied,4396.56,5234,2,N/A
4462073,0402,2023-02-23,Student,168669,763,No,No,Approved,2120.58,3213,4,Flagged for manual review.
4462100,0838,2020-09-24,Retired,107858,518,No,Yes,Pending,5878.08,6123,2,docs expired
4462905,1754,2021-12-10,Retired,137480,373,No,No,Approved,4596.48,4788,1,docs expired
4464053,1070,27/04/2020,Student,226592,,No,Yes,Approved,885.12,922,5,Co-signer pending review.
4464727,0076,17/11/2022,Unemployed,77314,406,Yes,No,Approved,1269.18,1923,1,Flagged for manual review.
4466038,0569,2024-01-24,Unemployed,142400,624,No,No,Under Review,7765.44,8089,3,Renewal case.
4466336,0556,,Self-Employed,46723,798,Yes,No,Pending,2240.04,3394,2,Renewal case.
4467469,0208,2021-10-13,Student,44073,746,Yes,No,Approved,511.80,853,4,.
4468884,0212,17/11/2022,Retired,152279,843,No,Yes,Denied,1392.30,1785,1,.
4473180,0850,2023-07-28,Retired,156916,,No,Yes,Denied,2370.42,3039,2,Co-signer pending review.
4475987,1151,2022-10-25,Retired,212359,679,No,Yes,Pending,4292.34,5503,3,
4478330,0429,2023-05-31,Contract,75386,,No,No,Under Review,5532.48,5763,2,
4478593,1394,28/08/2024,Retired,142558,724,No,No,Denied,1347.36,1604,1,Applicant provided pay stubs.
4479373,0152,2020-06-14,Retired,210055,N/A,No,No,Approved,2274.24,2369,5,Referred by agent.
4479842,1338,16/05/2020,Self-Employed,198379,,Yes,Yes,Approved,5247.36,5466,1,Renewal case.
4480198,0486,2023-03-03,Contract,72936,606,No,Yes,Approved,1998.36,2562,1,
4480801,0002,2024-01-09,Part-Time,190975,,No,No,Denied,2588.04,3081,2,Applicant provided pay stubs.
4483565,1094,16/06/2020,Full-Time,154273,788,No,Yes,Pending,2150.40,2240,3,N/A
4486797,0518,30/11/2021,Retired,154311,,No,Yes,Denied,3751.44,4466,1,
4487151,1618,2022-02-02,Self-Employed,193868,689,Yes,Yes,Approved,2323.44,2766,5,docs expired
4487510,0854,2023-01-19,Self-Employed,76478,763,Yes,No,Approved,2232.96,2326,3,Flagged for manual review.
4489166,0924,2023-08-17,Self-Employed,964000,752,No,No,Approved,722.70,1095,4,Referred by agent.
4489533,1660,2021-01-19,Full-Time,40990,N/A,Yes,Yes,Pending,879.00,1465,4,n/a
4491070,0715,24/08/2020,Full-Time,285883,709,No,Yes,Denied,1903.68,1983,4,Applicant provided pay stubs.
4491211,0623,2022-03-07,Unemployed,164182,450,No,No,Denied,5053.62,7657,1,.
4491843,1516,2022-09-13,Contract,33702,728,No,Yes,Pending,2087.40,2485,4,Applicant provided pay stubs.
4492046,0391,17/05/2023,Self-Employed,126618,664,No,No,Under Review,2616.60,3115,5,Co-signer pending review.
4493861,0143,2022-06-10,Retired,175779,308,No,No,Withdrawn,1657.32,1973,5,n/a
4494571,0165,2023-05-18,Retired,131695,,No,Yes,Denied,1803.36,2312,1,
4494993,0353,2020-07-07,Unemployed,159315,681,No,Yes,Under Review,2350.08,2448,4,Co-signer pending review.
4495383,0719,2021-02-10,Student,194226,772,No,Yes,Approved,6197.10,7945,2,Missing bank statements.
4499252,1410,2023-10-21,Retired,211513,727,No,Yes,Approved,2607.00,4345,5,Co-signer pending review.
4499627,1352,2021-11-06,Part-Time,137392,788,No,Yes,Pending,2028.48,2113,2,income verified via Plaid
4501592,0581,2021-05-27,Retired,136667,732,No,No,Denied,3680.88,4382,4,
4501747,0897,2022-09-17,Part-Time,150100,,No,No,Approved,1322.88,1378,4,.
4501815,1584,2024-06-06,Full-Time,138231,591,No,Yes,Denied,1123.20,1872,2,docs expired
4503125,1379,2024-11-02,Contract,78252,615,Yes,Yes,Under Review,4863.60,0,1,Referred by agent.
4505155,1701,2021-08-07,Self-Employed,161803,463,No,Yes,Pending,2279.40,3799,5,Applicant follow-up needed
4505608,0373,2020-07-21,Contract,179712,593,No,Yes,Pending,5412.00,8200,5,income verified via Plaid
4508596,1512,2021-01-30,Contract,174638,452,No,Yes,Approved,2267.46,2907,2,n/a
4509443,1164,2023-08-23,Full-Time,35522,605,Yes,No,Denied,2071.80,3453,1,Applicant provided pay stubs.
4510230,0450,2021-08-10,Full-Time,200964,458,No,No,Denied,1135.20,1720,2,income verified via Plaid
4510727,1787,2023-05-16,Retired,74352,726,Yes,Yes,Pending,3229.44,3364,1,Referred by agent.
4513628,1216,2021-08-22,Full-Time,44340,738,No,Yes,Denied,1800.12,2143,3,Co-signer pending review.
4513830,1091,2024-12-15,Full-Time,149356,692,Yes,No,Denied,1631.52,2472,2,Applicant follow-up needed
4518128,0082,2022-07-16,Unemployed,128712,693,No,No,Approved,2023.56,2409,1,n/a
4520613,0054,2020-10-07,Unemployed,131759,713,No,No,Approved,6110.40,6365,4,.
4520891,1191,2024-10-08,Retired,177870,816,No,Yes,Approved,978.12,1254,1,Co-signer pending review.
4523195,0549,2024-11-25,Full-Time,36082,673,No,No,Denied,1958.88,2968,1,income verified via Plaid
4524849,0839,2021-11-02,Unemployed,218742,824,No,No,Denied,2573.40,4289,2,
4526494,0020,2020-04-16,Self-Employed,134408,,Yes,No,Approved,3931.20,5040,4,Applicant follow-up needed
4526891,1260,2020-05-28,Self-Employed,234617,752,No,Yes,Withdrawn,2367.12,2818,4,N/A
4527162,1529,2022-03-10,Self-Employed,169241,685,No,No,Approved,3004.32,4552,3,docs expired
4527361,0447,2024-06-26,Full-Time,68974,719,No,Yes,Denied,3174.60,4810,3,docs expired
4528703,1493,2023-04-26,Full-Time,37440,841,No,No,Withdrawn,1939.74,2939,4,Co-signer pending review.
4530552,0133,2024-01-03,Retired,114418,634,No,Yes,Approved,2683.80,3195,5,Referred by agent.
4531441,0982,2020-11-17,Retired,86624,,No,Yes,Approved,1516.02,2297,5,
4531749,0001,2020-03-03,Full-Time,108400,791,No,No,Under Review,663.78,851,5,n/a
4534522,1381,2024-04-22,Self-Employed,55739,790,No,Yes,Pending,932.58,1413,2,
4535844,1660,2024-07-24,Full-Time,42902,,No,No,Under Review,1406.40,1465,1,.
4536360,1368,2022-10-13,Unemployed,90161,524,No,Yes,Denied,2417.22,3099,1,Flagged for manual review.
4538204,1450,2020-09-22,Student,136875,652,No,No,Approved,630.00,1050,3,
4539205,0546,2024-12-26,Part-Time,65866,699,No,No,Pending,1516.02,2297,1,income verified via Plaid
4539989,0480,27/09/2024,Self-Employed,158771,468,No,No,Denied,3763.20,4480,5,
4540369,0275,2021-09-24,Self-Employed,121097,707,No,Yes,Denied,1008.00,1680,3,.
4540772,0261,2022-03-06,Retired,154182,616,Yes,Yes,Approved,2232.60,3721,3,Renewal case.
4543227,1777,30/01/2021,Self-Employed,83976,755,Yes,No,Approved,1348.80,2248,3,N/A
4545442,1787,2022-08-21,Contract,138864,700,No,No,Denied,2623.92,3364,4,docs expired
4547794,0899,2022-06-20,Contract,41663,N/A,No,No,Denied,1107.48,1678,4,Referred by agent.
4549503,1797,2024-09-09,Contract,26026,722,No,No,Denied,578.16,876,2,.
4549817,0082,25/03/2021,Self-Employed,208884,744,No,Yes,Pending,1445.40,2409,2,.
4551078,1757,2022-01-11,Unemployed,91338,704,No,No,Approved,2253.24,3414,1,.
4552739,1665,2024-04-02,Contract,37079,817,No,No,Approved,3533.40,4530,3,Referred by agent.
4556786,0437,2022-04-03,Full-Time,130922,746,No,No,Approved,1641.00,2735,5,n/a
4557015,1468,2021-05-22,Self-Employed,107772,658,No,Yes,Approved,1994.46,2557,2,Renewal case.
4557125,0813,2020-12-01,Part-Time,37252,662,Yes,Yes,Denied,1531.20,2320,3,Applicant provided pay stubs.
4559064,1464,2021-07-19,Self-Employed,99940,714,No,Yes,Approved,3150.00,3750,1,
4560663,0177,,Contract,179400,751,No,No,Approved,1320.48,1572,2,
4561277,0176,2023-02-11,Full-Time,71183,763,No,No,Denied,6304.74,8083,2,income verified via Plaid
4561952,1058,2020-03-10,Contract,18321,748,No,No,Approved,525.60,0,3,Applicant follow-up needed
4563615,0013,2020-06-11,Self-Employed,200291,745,No,Yes,Approved,2935.80,3495,2,docs expired
4563885,0467,16/08/2023,Retired,115330,656,No,Yes,Withdrawn,6529.38,8371,5,docs expired
4564189,1796,2024-03-28,Student,194315,686,No,No,Approved,2609.10,0,3,.
4564240,0996,2024-12-09,Self-Employed,159321,816,No,Yes,Pending,5286.96,6294,1,Referred by agent.
4564640,1494,2023-12-28,Unemployed,69507,759,No,Yes,Denied,3272.10,4195,2,Referred by agent.
4564989,1576,2020-09-24,Retired,63383,701,No,No,Denied,3474.60,5791,4,n/a
4565465,1777,2023-01-26,Part-Time,97414,671,No,Yes,Approved,1888.32,2248,1,docs expired
4567087,1375,2021-05-01,Self-Employed,46466,677,No,No,Approved,1684.98,2553,3,Renewal case.
4568549,0123,2021-05-25,Student,31352,679,No,Yes,Under Review,695.64,1054,4,Renewal case.
4569362,1304,2022-09-29,Unemployed,57357,595,No,No,Approved,7522.68,11398,3,Renewal case.
4572638,0449,2024-12-08,Retired,84160,764,No,Yes,Pending,1479.06,2241,2,docs expired
4573607,0638,2023-05-03,Retired,153335,515,Yes,No,Approved,1279.74,1939,4,docs expired
4575285,1032,2023-07-30,Contract,57351,609,No,No,Approved,1764.00,2940,3,
4575392,1412,2022-06-12,Contract,146920,N/A,No,No,Approved,1516.80,1580,1,N/A
4577451,0645,2021-07-16,Full-Time,87708,391,No,Yes,Approved,6887.04,7174,1,.
4578992,0915,2023-09-16,Part-Time,209443,732,No,Yes,Denied,3446.04,4418,1,
4579466,1499,2024-04-16,Full-Time,86879,787,No,No,Denied,2068.56,0,1,N/A
4580809,1570,2023-01-28,Student,122479,,No,No,Denied,2596.80,2705,3,Referred by agent.
4582142,1559,2021-11-23,Contract,72855,795,No,No,Denied,1264.38,1621,1,Flagged for manual review.
4582440,0882,2024-10-13,Self-Employed,277860,691,No,No,Denied,3769.92,5712,1,Applicant follow-up needed
4583368,0913,,Full-Time,220697,820,No,No,Approved,679.38,871,2,Applicant provided pay stubs.
4584058,0830,2023-02-10,Unemployed,99966,803,No,No,Approved,2793.18,3581,5,
4585334,0347,28/01/2024,Retired,119032,399,No,No,Pending,2339.22,2999,2,Referred by agent.
4586744,0585,2021-12-05,Unemployed,202859,768,No,No,Denied,4309.14,6529,4,Applicant provided pay stubs.
4586820,0613,22/09/2022,Contract,47600,751,No,No,Denied,4630.08,5512,2,Renewal case.
4588386,1534,2024-06-24,Student,169159,751,No,Yes,Approved,1308.72,1558,3,N/A
4591306,1478,2023-03-26,Unemployed,86173,,No,No,Denied,998.40,1040,1,N/A
4591981,1084,2023-10-02,Part-Time,131446,691,No,No,Approved,1321.98,2003,1,
4598641,0416,2024-02-05,Full-Time,2706,681,No,Yes,Approved,3802.56,3961,4,docs expired
4598862,0521,2024-08-17,Retired,53021,,No,No,Under Review,895.68,933,3,Referred by agent.
4599276,1481,2024-08-03,Full-Time,60447,729,Yes,Yes,Approved,1161.42,1489,3,Renewal case.
4600993,0917,2023-09-23,Full-Time,65055,709,No,Yes,Denied,1590.72,1657,5,Renewal case.
4601999,1537,2024-05-02,Part-Time,286499,,No,No,Approved,2415.60,3660,1,docs expired
4602478,1554,2023-09-17,Contract,176600,N/A,No,Yes,Pending,964.86,1237,4,
4602519,1553,2024-07-03,Self-Employed,111432,796,No,Yes,Approved,3064.32,3192,2,n/a
4603210,1705,2024-09-22,Self-Employed,166159,773,No,No,Pending,2300.22,2949,1,
4603331,0752,,Self-Employed,82973,734,No,No,Pending,2890.44,3441,1,income verified via Plaid
4603548,1653,2023-11-15,Retired,51637,793,No,No,Approved,3758.40,3915,3,Flagged for manual review.
4604966,0997,2020-05-03,Full-Time,205868,826,Yes,Yes,Denied,3524.04,4518,2,Applicant provided pay stubs.
4605542,0418,13/12/2022,Contract,45363,767,No,No,Denied,2691.00,3450,4,Applicant follow-up needed
4606188,1305,24/11/2023,Retired,426000,756,Yes,Yes,Pending,5251.68,6252,3,
4607528,1326,,Unemployed,69568,,No,No,Under Review,2205.84,0,2,N/A
4608514,1145,2024-07-17,Student,192400,790,No,Yes,Approved,2442.60,4071,1,Referred by agent.
4611850,1109,2024-07-19,Student,167570,779,No,No,Approved,6803.52,7087,2,Applicant provided pay stubs.
4612407,0944,2023-05-19,Part-Time,179813,,Yes,No,Approved,951.00,1585,4,
4614088,0683,2023-08-01,Self-Employed,102164,763,Yes,No,Denied,1814.34,2749,5,Flagged for manual review.
4617103,1177,2022-05-04,Part-Time,171703,436,No,No,Under Review,2838.00,4730,4,docs expired
4619802,1226,2022-02-16,Contract,155060,808,No,Yes,Denied,4333.56,5159,4,N/A
4620707,0529,2021-01-10,Self-Employed,88346,657,No,Yes,Denied,2482.92,3762,5,
4622292,1347,2023-05-17,Contract,60653,682,No,Yes,Approved,627.90,805,4,Flagged for manual review.
4623124,1090,2022-09-01,Contract,65364,N/A,No,Yes,Denied,4267.38,5471,2,
4623361,0211,2022-06-14,Part-Time,55530,670,No,No,Approved,1110.72,1424,5,income verified via Plaid
4624602,0999,2020-11-06,Self-Employed,127274,778,No,Yes,Pending,1587.60,2646,2,.
4627335,0164,2022-04-23,Part-Time,160030,,No,No,Denied,1833.48,2778,5,Missing bank statements.
4628316,1282,18/01/2024,Student,50102,647,No,No,Denied,1796.76,2139,4,Applicant follow-up needed
4629787,1310,2022-12-14,Student,114850,765,Yes,No,Pending,2971.80,0,1,Applicant provided pay stubs.
4630239,1264,20/09/2021,Self-Employed,44825,N/A,No,Yes,Under Review,2051.28,3108,3,.
4630344,0690,2021-03-04,Self-Employed,25728,N/A,No,No,Approved,806.40,1344,4,
4630899,0870,2020-08-03,Student,88246,676,Yes,Yes,Denied,1198.20,1997,2,Applicant follow-up needed
4632716,1020,2021-09-06,Contract,95405,594,No,Yes,Under Review,3949.44,4114,5,Renewal case.
4634782,0688,2021-04-13,Contract,240931,699,No,No,Withdrawn,2739.24,3261,4,Flagged for manual review.
4635222,1531,2020-08-05,Full-Time,32610,,No,Yes,Approved,1982.40,2065,3,N/A
4636129,1412,2024-03-17,Unemployed,37031,,No,Yes,Approved,1232.40,0,5,Co-signer pending review.
4639372,0724,2023-03-04,Student,80473,621,No,Yes,Under Review,2130.96,2732,3,Missing bank statements.
4641313,1374,2021-08-31,Retired,279042,709,No,No,Under Review,2475.66,3751,2,.
4641653,0917,2022-12-26,Part-Time,131117,,Yes,No,Pending,994.20,1657,1,
4641768,0514,2021-12-21,Student,116372,692,No,No,Approved,610.50,925,2,
4645206,0552,2024-10-14,Part-Time,195624,731,No,No,Approved,8625.60,8985,4,n/a
4646457,1170,,Part-Time,176308,807,No,No,Denied,1574.40,2624,2,Referred by agent.
4647503,0686,2024-12-21,Part-Time,151087,731,No,Yes,Approved,3148.86,4037,4,Applicant provided pay stubs.
4648232,1396,30/12/2022,Unemployed,96238,635,Yes,No,Pending,2080.32,3152,3,N/A
4648527,0561,2021-03-09,Part-Time,237400,808,No,No,Denied,1126.62,1707,3,Renewal case.
4648685,1259,2023-08-14,Full-Time,33248,602,Yes,Yes,Under Review,7094.40,11824,5,Flagged for manual review.
4649022,1499,2022-03-14,Full-Time,235839,,No,No,Pending,1746.24,1819,2,.
4651515,1096,2021-06-28,Unemployed,242240,681,Yes,No,Approved,1976.52,2534,1,n/a
4651902,0341,2022-06-19,Full-Time,232183,782,No,No,Pending,2186.88,2278,1,n/a
4651952,0078,18/04/2023,Full-Time,45911,530,Yes,No,Pending,1653.96,1969,1,Applicant follow-up needed
4652629,0064,2021-03-06,Unemployed,126740,740,No,Yes,Approved,2473.68,3748,1,docs expired
4652660,1481,2021-02-04,Unemployed,160994,613,No,No,Approved,1161.42,1489,4,income verified via Plaid
4652979,0710,2024-03-30,Unemployed,108466,790,No,No,Under Review,1135.68,1352,5,N/A
4653283,0058,2024-08-08,Self-Employed,42045,603,No,Yes,Approved,1064.58,1613,3,Applicant provided pay stubs.
4653306,0791,2023-09-08,Self-Employed,27919,801,No,Yes,Approved,3393.78,4351,4,income verified via Plaid
4653374,0646,2023-08-01,Self-Employed,240126,607,Yes,No,Withdrawn,2747.52,2862,5,income verified via Plaid
4654055,0432,2022-01-26,Self-Employed,4307,401,No,No,Under Review,2286.18,2931,5,
4654966,1002,2022-07-01,Unemployed,65975,816,No,No,Pending,5486.58,8313,3,
4659223,0594,27/11/2021,Part-Time,242407,766,No,No,Approved,1524.12,1954,3,
4661598,0837,2020-12-01,Full-Time,117967,819,No,No,Denied,3303.00,5505,2,.
4661786,1700,2020-10-08,Full-Time,248131,831,No,Yes,Approved,1211.76,1836,5,Applicant provided pay stubs.
4662872,0487,2023-08-29,Contract,121326,686,Yes,Yes,Denied,1593.24,2414,1,.
4663482,0890,2023-01-01,Student,30581,797,No,No,Denied,9109.62,0,4,Applicant follow-up needed
4663776,0663,27/12/2024,Part-Time,176100,N/A,No,Yes,Denied,1527.00,2545,5,.
4665910,0875,2020-02-04,Unemployed,71946,731,No,No,Denied,5236.80,5455,1,n/a
4668466,0819,2020-08-17,Full-Time,69775,822,No,No,Denied,3703.56,4409,3,Co-signer pending review.
4669637,1648,2023-07-23,Full-Time,9794,720,Yes,Yes,Approved,2620.20,4367,5,income verified via Plaid
4671345,1548,14/02/2023,Full-Time,241031,786,No,No,Denied,4717.02,7147,4,Renewal case.
4671638,0171,2022-03-09,Self-Employed,100728,683,No,No,Denied,3037.20,5062,3,.
4671724,1216,2022-05-10,Retired,39986,691,No,No,Pending,1414.38,2143,3,Applicant provided pay stubs.
4677010,1490,13/10/2021,Self-Employed,161281,724,No,No,Pending,1427.58,2163,1,Applicant follow-up needed
4677444,0186,26/01/2023,Retired,77834,587,No,Yes,Approved,3038.28,3617,1,Renewal case.
4679486,0621,2020-08-24,Self-Employed,194448,N/A,No,No,Denied,3648.00,6080,3,
4679567,1517,2021-03-27,Unemployed,71415,687,Yes,No,Approved,1664.88,1982,1,.
4682402,0548,2021-06-26,Full-Time,86996,727,Yes,No,Pending,4118.52,4903,4,
4682505,1087,18/04/2024,Retired,197592,688,No,No,Denied,4892.94,6273,4,Referred by agent.
4682817,1358,2024-11-17,Self-Employed,168869,701,No,No,Pending,3312.12,3943,4,.
4683879,0816,2024-10-20,Unemployed,180766,692,No,No,Approved,1313.52,1684,5,docs expired
4685284,0803,29/08/2022,Contract,30010,760,No,Yes,Denied,5046.00,8410,1,docs expired
4686897,0755,2020-01-02,Retired,15633,,No,Yes,Approved,3675.60,6126,5,Applicant provided pay stubs.
4686956,0364,2022-03-07,Full-Time,207402,,No,No,Withdrawn,2148.12,2754,5,Missing bank statements.
4691784,0225,2024-05-08,Self-Employed,37172,602,No,Yes,Pending,1170.84,1774,4,
4696750,1100,23/01/2024,Unemployed,11886,638,No,No,Pending,2586.48,3316,3,
4697768,0717,2023-03-16,Student,39790,724,No,Yes,Denied,6696.00,6975,3,Applicant follow-up needed
4698934,1111,2023-05-04,Unemployed,96561,656,No,Yes,Withdrawn,2649.66,3397,1,docs expired
4700823,0042,28/08/2022,Self-Employed,211175,606,No,No,Denied,6717.12,6997,3,income verified via Plaid
4703431,1161,19/07/2023,Full-Time,147180,,No,No,Approved,1849.68,2202,5,n/a
4704601,1696,2021-08-11,Retired,102200,749,Yes,No,Approved,1333.80,2223,5,
4704813,0158,2021-12-27,Self-Employed,10969,778,No,No,Approved,978.90,1255,5,N/A
4707963,0882,2020-03-12,Self-Employed,70510,808,No,No,Approved,3769.92,5712,5,
4709593,1268,2021-11-25,Student,204520,,No,No,Approved,5888.22,7549,3,Missing bank statements.
4710682,0411,2023-07-18,Retired,61566,750,No,Yes,Approved,856.80,1020,3,N/A
4711874,0242,2020-11-06,Full-Time,123906,819,No,No,Approved,2073.96,2469,5,N/A
4715384,1652,2023-07-28,Unemployed,47728,510,No,Yes,Approved,1305.36,1554,2,docs expired
4720141,0022,2022-05-09,Part-Time,185508,841,No,Yes,Denied,1630.44,1941,3,Applicant provided pay stubs.
4721678,1463,18/06/2022,Part-Time,173097,699,No,No,Approved,2948.40,3510,1,Renewal case.
4722093,1385,2023-06-18,Student,123822,605,No,No,Approved,1211.28,1442,3,
4722423,0392,2022-01-05,Part-Time,89109,718,Yes,Yes,Approved,3131.52,3728,1,Applicant provided pay stubs.
4722667,0221,2024-11-24,Contract,4367,750,No,No,Withdrawn,2622.48,3122,3,docs expired
4723660,1746,26/09/2023,Student,99622,676,Yes,No,Approved,1662.00,2770,3,
4724279,1366,2023-05-13,Student,213937,807,Yes,Yes,Denied,4273.92,5088,1,Missing bank statements.
4725910,0162,31/12/2023,Contract,63036,,No,No,Under Review,784.74,1189,2,income verified via Plaid
4726156,1308,2024-11-26,Retired,90336,733,No,No,Pending,3026.40,5044,4,N/A
4726788,1419,2021-12-24,Contract,89364,789,No,No,Approved,2117.40,3529,4,.
4726970,1742,21/10/2020,Unemployed,133551,845,No,No,Approved,2650.80,0,3,
4726989,1203,2020-01-25,Retired,94512,767,Yes,Yes,Denied,1918.08,1998,3,
4727749,0919,2023-01-12,Student,182682,793,No,No,Approved,607.86,921,2,
4728660,1498,2022-05-30,Retired,52024,720,No,No,Approved,2056.56,3116,5,
4729679,1364,2021-10-02,Part-Time,90418,799,Yes,No,Pending,5184.96,5401,3,
4731319,1406,2023-01-26,Contract,161182,648,Yes,Yes,Approved,2181.00,3635,4,N/A
4733195,1081,2023-02-01,Retired,283266,792,No,No,Pending,5405.76,5631,3,Flagged for manual review.
4735558,0659,2020-12-11,Student,22611,783,No,No,Denied,5298.72,6308,1,Referred by agent.
4737808,0911,2020-06-07,Unemployed,158323,703,No,No,Denied,3025.80,5043,2,
4741226,1636,2021-03-11,Contract,58997,739,No,Yes,Withdrawn,6892.80,11488,1,Missing bank statements.
4741465,0380,18/07/2021,Part-Time,108921,821,Yes,No,Pending,3126.00,5210,3,income verified via Plaid
4741589,1137,2023-04-29,Retired,86768,656,No,No,Approved,867.90,1315,5,Applicant provided pay stubs.
4741679,1718,2022-03-11,Part-Time,132839,766,No,Yes,Approved,1489.32,1773,2,income verified via Plaid
4743207,1734,2021-10-27,Part-Time,83448,771,No,No,Approved,2606.52,3103,4,docs expired
4746621,0930,2022-06-03,Contract,191826,625,No,Yes,Denied,3168.00,3300,2,docs expired
4747526,0737,2023-03-20,Self-Employed,162106,629,Yes,No,Denied,2556.00,4260,4,docs expired
4748533,1674,2022-05-14,Full-Time,155022,,No,No,Withdrawn,1177.80,1510,5,docs expired
4749693,0312,15/11/2021,Unemployed,236650,769,No,Yes,Approved,4027.20,4195,4,Applicant follow-up needed
4749983,1004,2024-03-01,Full-Time,102792,482,Yes,Yes,Under Review,3607.56,5466,1,Applicant follow-up needed
4750185,1774,2023-12-17,Contract,117952,777,No,No,Denied,1454.40,1515,2,n/a
4750408,0027,2020-06-10,Self-Employed,64860,724,No,Yes,Approved,1202.76,1542,4,N/A
4750677,0087,,Contract,140633,712,No,Yes,Approved,4894.68,5827,3,Flagged for manual review.
4752811,1150,2023-01-18,Part-Time,121179,N/A,Yes,No,Withdrawn,12140.16,12646,3,
4754723,1752,2023-11-15,Unemployed,135273,737,No,Yes,Under Review,1331.22,2017,4,Renewal case.
4755663,0629,21/06/2020,Student,199508,845,No,Yes,Approved,937.86,1421,1,income verified via Plaid
4756323,1692,2022-06-24,Unemployed,253736,504,No,Yes,Approved,2767.20,4612,2,Applicant follow-up needed
4757019,0746,2024-08-06,Part-Time,92753,753,Yes,No,Denied,1588.44,1891,2,Applicant follow-up needed
4758178,0823,2024-11-17,Full-Time,59539,724,No,Yes,Approved,5660.76,6739,5,Flagged for manual review.
4758391,1314,2024-01-03,Full-Time,114478,624,Yes,No,Approved,2448.60,4081,1,income verified via Plaid
4758780,1712,2024-01-14,Part-Time,40538,703,No,Yes,Approved,1661.76,1731,5,income verified via Plaid
4760124,0045,2021-04-21,Self-Employed,282300,735,No,No,Approved,1836.60,3061,2,
4761194,0798,2022-07-05,Student,283977,612,No,Yes,Denied,1222.20,1455,4,Flagged for manual review.
4761244,1248,2022-03-08,Contract,223482,830,Yes,No,Pending,5028.00,8380,2,
4765634,1418,2023-06-12,Unemployed,85203,757,No,Yes,Approved,3060.48,3188,1,
4765771,1433,2022-03-05,Student,49024,784,No,Yes,Denied,5552.82,7119,1,Renewal case.
4766008,0985,2021-11-29,Student,57303,731,No,No,Denied,1039.80,1733,3,
4767455,0798,2024-01-14,Part-Time,70272,706,No,No,Approved,2646.72,2757,3,
4768680,0057,2024-11-28,Self-Employed,48396,809,No,No,Approved,5239.08,6237,1,Co-signer pending review.
4769568,1792,2021-06-13,Part-Time,8146,773,Yes,Yes,Approved,3793.68,5748,1,Missing bank statements.
4771142,1562,2020-06-15,Student,242640,695,No,Yes,Denied,3303.30,4235,3,
4773187,1209,2021-03-10,Contract,217492,730,No,Yes,Pending,1711.38,2593,2,Missing bank statements.
4776720,1390,2020-08-12,Self-Employed,320823,704,No,No,Withdrawn,1356.00,2260,2,Renewal case.
4777604,0365,,Full-Time,67073,694,No,No,Approved,1421.40,0,3,
4779087,0818,2020-04-02,Contract,179270,,No,No,Denied,2661.12,4032,1,Applicant follow-up needed
4779699,1029,2020-07-12,Retired,238059,626,Yes,No,Approved,1249.80,2083,3,Applicant follow-up needed
4781139,0527,2021-09-03,Self-Employed,79917,494,No,Yes,Approved,1921.92,2464,3,n/a
4783917,0187,2021-09-19,Contract,154115,717,Yes,Yes,Denied,1416.00,2360,4,Referred by agent.
4784694,1011,2022-02-05,Self-Employed,167190,N/A,No,No,Denied,4427.64,0,1,n/a
4784939,1346,2023-10-09,Self-Employed,73856,601,No,No,Approved,1962.60,3271,5,Applicant provided pay stubs.
4789907,0879,2021-08-28,Full-Time,149163,677,No,Yes,Approved,851.52,887,5,Missing bank statements.
4789932,1698,15/04/2024,Full-Time,26051,598,No,No,Under Review,2404.92,2863,4,.
4790197,0591,2022-08-10,Full-Time,290254,786,No,Yes,Under Review,3009.24,3858,3,Flagged for manual review.
4790320,0737,2024-03-04,Student,44130,,Yes,No,Approved,2811.60,4260,2,Flagged for manual review.
4791861,0320,2021-08-31,Self-Employed,192264,700,No,No,Denied,2209.74,2833,3,docs expired
4792241,1770,2023-08-28,Retired,199882,737,No,Yes,Pending,1874.40,2840,3,.
4794960,0290,2022-08-02,Retired,237750,,No,Yes,Approved,1593.60,1660,5,Applicant follow-up needed
4795388,0375,2024-06-02,Part-Time,31791,332,Yes,Yes,Under Review,1813.02,2747,4,Applicant provided pay stubs.
4798590,1437,,Retired,272168,681,No,Yes,Approved,4769.28,4968,3,Missing bank statements.
4798609,0281,2023-03-21,Student,195191,707,Yes,No,Denied,2301.60,2740,1,income verified via Plaid
4799023,1636,30/11/2022,Contract,79978,619,Yes,Yes,Pending,7582.08,11488,1,Applicant provided pay stubs.
4799730,1619,2022-11-25,Part-Time,233256,838,No,Yes,Approved,1494.48,1916,5,Renewal case.
4801532,1383,2021-05-01,Student,226998,599,No,No,Approved,2568.72,3058,5,Applicant provided pay stubs.
4801891,1026,2023-05-10,Student,13705,N/A,No,No,Denied,3955.38,5993,4,Referred by agent.
4803055,0772,18/07/2024,Contract,178824,672,Yes,No,Denied,1999.92,0,1,.
4804635,0847,2021-11-01,Full-Time,112712,829,No,Yes,Pending,3393.60,5656,3,Applicant provided pay stubs.
4804953,1654,,Contract,68804,673,Yes,No,Approved,2280.96,3456,5,Applicant follow-up needed
4805163,0272,2020-03-11,Part-Time,28103,788,No,Yes,Approved,1305.60,1360,4,
4805398,1682,19/06/2023,Self-Employed,95536,,No,Yes,Approved,4915.68,5852,3,Referred by agent.
4805726,0464,2024-08-25,Self-Employed,161554,432,Yes,Yes,Denied,4290.72,5108,5,Renewal case.
4806080,0538,27/05/2023,Self-Employed,7020,668,Yes,No,Withdrawn,2897.16,3449,2,Applicant follow-up needed
4806103,0461,14/07/2020,Unemployed,147139,667,No,No,Pending,1559.22,1999,2,
4808707,0559,2023-10-11,Full-Time,231132,,No,Yes,Approved,1246.74,1889,3,N/A
4810490,1182,2021-05-10,Unemployed,188830,N/A,Yes,No,Approved,4110.96,0,5,Applicant provided pay stubs.
4812213,0505,2024-07-04,Contract,48822,751,Yes,No,Pending,7450.56,9552,3,N/A
4813360,0156,2022-03-04,Self-Employed,71431,615,No,No,Withdrawn,4115.52,4287,1,income verified via Plaid
4813905,0846,2021-03-02,Self-Employed,135592,737,No,No,Pending,1211.10,1835,3,income verified via Plaid
4814102,1293,2023-07-23,Part-Time,17302,762,No,Yes,Approved,2154.24,2244,3,
4814312,0464,2020-08-14,Retired,246870,711,No,No,Pending,3371.28,5108,5,.
4816071,1173,2021-06-12,Student,19891,798,No,No,Pending,1506.60,2511,1,income verified via Plaid
4817827,1214,2022-08-22,Unemployed,158803,675,Yes,Yes,Approved,507.60,846,1,income verified via Plaid
4818371,0172,2023-04-29,Retired,135273,612,No,Yes,Approved,4073.28,4243,5,.
4818952,0169,2023-07-04,Retired,42205,778,Yes,No,Approved,3427.20,4080,5,N/A
4822158,1279,2024-08-17,Retired,125706,665,No,No,Denied,3694.08,4736,2,.
4826288,1217,2020-03-12,Part-Time,122889,747,No,Yes,Pending,2851.20,2970,5,
4826829,0743,2022-04-03,Full-Time,52615,588,No,No,Denied,499.20,832,2,
4829042,0726,2021-10-25,Self-Employed,239915,320,No,No,Approved,1255.32,1902,2,
4829340,1180,2020-04-28,Full-Time,29192,778,No,Yes,Denied,4467.96,5319,3,docs expired
4829391,1280,2024-01-18,Part-Time,97722,839,No,Yes,Approved,1545.60,1840,4,Renewal case.
4831050,0339,2020-05-09,Part-Time,243480,N/A,No,Yes,Pending,8736.00,9100,4,Renewal case.
4831724,1120,,Unemployed,156738,677,Yes,No,Denied,1027.32,1223,4,Flagged for manual review.
4832080,1135,2022-03-15,Full-Time,209270,843,No,No,Under Review,1768.80,2680,3,Applicant follow-up needed
4832280,0163,2021-05-27,Retired,25321,669,No,Yes,Pending,4807.68,5008,3,N/A
4832637,1174,2022-09-05,Unemployed,77017,656,Yes,Yes,Approved,2005.08,3038,1,Applicant provided pay stubs.
4834710,0294,2023-03-26,Full-Time,181140,,No,No,Denied,2040.00,3400,1,Co-signer pending review.
4836519,1342,2020-03-22,Full-Time,56720,718,Yes,No,Denied,3743.04,4456,3,Missing bank statements.
4837640,0823,2020-12-21,Part-Time,226582,765,Yes,No,Denied,4447.74,6739,2,Applicant follow-up needed
4837908,1257,2022-11-20,Full-Time,97625,N/A,No,No,Approved,974.40,1015,5,N/A
4838453,0393,2021-04-08,Self-Employed,230560,302,No,No,Denied,2121.60,2720,3,Applicant provided pay stubs.
4839566,0017,2020-03-26,Full-Time,92420,649,Yes,No,Approved,3039.36,3166,2,Flagged for manual review.
4841845,1365,2024-01-10,Unemployed,219925,643,No,No,Approved,3023.46,4581,2,Referred by agent.
4842496,0417,2022-02-12,Self-Employed,93066,630,No,No,Approved,4733.52,7172,2,Missing bank statements.
4842639,0916,2024-04-25,Full-Time,155301,416,Yes,Yes,Denied,1395.24,2114,3,
4842789,0830,2022-10-08,Self-Employed,148183,,No,Yes,Pending,2363.46,3581,3,income verified via Plaid
4848868,1207,2024-06-28,Self-Employed,152283,718,Yes,No,Denied,3138.24,3269,1,
4849157,1345,16/09/2024,Retired,78439,691,No,No,Denied,4056.96,4226,3,
4849413,1263,2021-12-15,Full-Time,168047,599,No,Yes,Approved,2489.76,2964,5,Flagged for manual review.
4850062,0757,2021-09-13,Contract,137985,756,No,Yes,Pending,1780.20,2967,2,Missing bank statements.
4850108,0950,2022-03-20,Contract,159975,757,No,Yes,Withdrawn,2731.08,4138,5,Renewal case.
4850206,1415,2020-09-04,Contract,229019,712,No,Yes,Approved,3528.00,3675,4,N/A
4851532,1340,2022-10-23,Self-Employed,233286,744,No,No,Approved,1099.56,1666,3,docs expired
4852490,0457,2021-04-14,Self-Employed,63078,745,No,No,Approved,2878.26,4361,2,N/A
4853959,0517,2023-01-04,Unemployed,191150,765,Yes,No,Approved,3165.00,5275,5,Co-signer pending review.
4855166,0817,2021-08-21,Retired,213018,729,No,No,Pending,3059.76,4636,2,Referred by agent.
4855277,0364,2024-09-16,Contract,82044,825,No,No,Approved,1817.64,2754,4,Applicant follow-up needed
4856770,0301,2022-07-05,Student,22164,846,Yes,No,Denied,1854.84,2378,5,income verified via Plaid
4860004,1590,2020-08-20,Part-Time,149972,632,No,No,Approved,939.18,1423,4,n/a
4861458,0917,2024-05-28,Self-Employed,136152,729,No,No,Pending,1093.62,1657,4,Renewal case.
4863540,0738,2020-10-19,Contract,33677,742,No,Yes,Pending,3475.08,4137,2,Flagged for manual review.
4865245,0762,2023-05-12,Contract,87194,702,Yes,No,Approved,798.60,1331,2,Applicant provided pay stubs.
4865285,0979,2020-07-21,Student,88795,742,No,Yes,Denied,1614.48,1922,5,Renewal case.
4867165,0827,2022-03-27,Full-Time,67148,692,No,No,Denied,2832.72,4292,3,Applicant provided pay stubs.
4867430,1023,2021-09-21,Unemployed,3639,718,No,Yes,Approved,885.36,1054,1,N/A
4867441,1667,2023-06-25,Self-Employed,156868,626,No,Yes,Under Review,4618.56,4811,5,Missing bank statements.
4871248,0119,2021-08-25,Retired,71058,N/A,No,No,Denied,3736.20,4790,1,.
4872970,1033,2021-04-22,Retired,811000,,No,No,Approved,2390.64,2846,3,Applicant follow-up needed
4874562,0414,2024-08-18,Full-Time,71190,676,No,Yes,Denied,2825.76,3364,5,N/A
4877742,1274,24/05/2024,Full-Time,207000,787,No,Yes,Approved,2352.00,2800,4,Applicant provided pay stubs.
4885365,1031,2020-09-15,Contract,95620,791,Yes,No,Denied,2034.24,2119,5,docs expired
4885579,0704,2021-01-26,Retired,220476,N/A,No,No,Approved,3208.92,4114,5,
4885738,1287,2023-10-21,Self-Employed,224149,,No,Yes,Approved,6330.24,6594,3,Applicant follow-up needed
4886650,0310,2023-04-21,Part-Time,35724,680,No,No,Pending,898.26,1361,4,Missing bank statements.
4887360,0565,,Self-Employed,110149,692,No,No,Pending,928.80,1548,3,Renewal case.
4888257,0348,2022-01-30,Part-Time,161583,786,No,No,Withdrawn,6892.08,8836,4,income verified via Plaid
4888310,1325,2022-07-18,Unemployed,23278,601,No,Yes,Denied,3008.94,4559,3,Co-signer pending review.
4890746,0393,2021-08-07,Contract,11502,666,No,No,Denied,1632.00,2720,3,
4891199,0206,2023-01-22,Part-Time,177908,816,No,No,Approved,2804.88,3596,4,.
4892029,1718,21/12/2022,Contract,160582,632,No,No,Denied,1382.94,1773,4,Missing bank statements.
4893348,0690,2021-04-07,Contract,35334,616,No,No,Approved,1128.96,1344,2,Applicant follow-up needed
4893709,1553,2020-04-07,Unemployed,210805,468,No,Yes,Approved,2106.72,3192,5,Applicant provided pay stubs.
4895021,0908,2024-12-12,Full-Time,206811,678,No,Yes,Denied,2886.00,4810,5,Referred by agent.
4895503,0154,21/01/2024,Contract,40786,663,No,Yes,Approved,1327.68,1383,3,Applicant provided pay stubs.
4895759,0220,2020-05-14,Retired,182121,,No,No,Approved,2033.28,2118,5,Referred by agent.
4897527,1052,2020-05-10,Student,202855,833,Yes,Yes,Denied,3336.00,3475,1,Co-signer pending review.
4899454,0162,2023-01-02,Self-Employed,155313,,No,Yes,Approved,713.40,1189,4,Co-signer pending review.
4901296,0640,2024-11-02,Self-Employed,220433,784,Yes,Yes,Under Review,3634.56,3786,3,Missing bank statements.
4902099,0340,2024-03-11,Unemployed,105822,747,No,Yes,Approved,10030.44,11941,2,docs expired
4902408,1174,2021-05-17,Student,230944,780,No,Yes,Withdrawn,993.60,1656,2,Referred by agent.
4902899,1558,2024-06-01,Part-Time,159973,827,No,Yes,Pending,4274.16,6476,2,N/A
4903389,0135,2022-08-21,Part-Time,162917,747,No,Yes,Approved,927.60,1546,2,.
4904274,0968,17/09/2023,Contract,49680,550,Yes,Yes,Denied,2160.18,3273,1,Applicant follow-up needed
4907143,1423,2023-03-16,Student,167736,,Yes,Yes,Approved,4187.04,5368,2,.
4909432,0416,2021-02-21,Self-Employed,58517,758,No,Yes,Under Review,2376.60,3961,1,
4910946,0817,2024-03-05,Full-Time,125635,691,No,Yes,Withdrawn,2781.60,4636,4,Flagged for manual review.
4911234,0888,2023-05-10,Unemployed,130890,761,Yes,No,Approved,3447.18,5223,2,Renewal case.
4911337,0358,2022-01-17,Full-Time,238629,742,No,No,Pending,1626.24,1936,3,Missing bank statements.
4912811,1034,2020-10-09,Unemployed,233037,687,No,Yes,Denied,2217.60,3360,3,
4913080,0793,2023-12-06,Contract,108182,739,No,Yes,Withdrawn,8884.80,9255,4,Co-signer pending review.
4914767,1662,2023-08-05,Contract,188107,322,Yes,Yes,Denied,6008.64,6259,3,income verified via Plaid
4915127,0682,28/04/2024,Unemployed,109910,790,No,No,Pending,4126.80,6878,3,docs expired
4915757,0682,,Full-Time,130627,608,No,Yes,Approved,4126.80,6878,1,Applicant provided pay stubs.
4915938,1658,2023-11-03,Retired,129773,631,No,No,Pending,2303.40,3490,5,N/A
4916289,1638,2020-05-27,Full-Time,206700,773,Yes,No,Pending,6951.78,10533,1,
4918148,0074,2024-04-09,Retired,7238,789,No,No,Denied,7764.12,0,5,Applicant follow-up needed
4919979,0710,2024-09-05,Retired,244708,N/A,No,Yes,Under Review,811.20,1352,3,Renewal case.
4920858,0323,15/07/2024,Retired,315101,,No,Yes,Approved,5757.12,5997,1,.
4922283,1628,,Part-Time,24837,768,No,Yes,Under Review,3883.44,5884,2,Flagged for manual review.
4924985,1707,2023-10-30,Full-Time,139217,790,No,No,Approved,3576.00,5960,1,Applicant provided pay stubs.
4925048,1486,2024-05-01,Self-Employed,97987,,No,Yes,Under Review,2457.60,4096,3,Missing bank statements.
4925084,1518,2020-09-19,Retired,91804,630,No,Yes,Approved,2654.40,4424,2,Missing bank statements.
4926963,0169,2022-11-16,Unemployed,60352,459,No,Yes,Approved,2448.00,4080,5,Missing bank statements.
4927021,0027,2020-03-08,Retired,89426,669,Yes,No,Pending,1480.32,1542,5,Renewal case.
4927152,0405,2023-12-15,Self-Employed,165946,742,No,Yes,Approved,2051.52,2137,1,Applicant provided pay stubs.
4927499,1323,27/02/2023,Student,237696,753,Yes,No,Approved,1307.52,1362,3,Referred by agent.
4928474,0087,2024-08-03,Self-Employed,196281,794,No,Yes,Denied,3496.20,5827,1,Applicant provided pay stubs.
4929129,1242,,Retired,61170,583,No,Yes,Withdrawn,2377.98,3603,1,
4929744,1731,2021-10-26,Student,183233,,No,Yes,Pending,3587.64,4271,2,N/A
4932858,0166,2021-03-07,Retired,216788,708,No,No,Approved,2882.88,3003,3,.
4933479,1680,2024-04-27,Part-Time,141063,624,No,Yes,Approved,2770.32,3298,2,Applicant provided pay stubs.
4940002,0117,2022-05-08,Part-Time,74013,655,Yes,No,Denied,2583.36,2691,4,Applicant provided pay stubs.
4940800,1240,2023-01-07,Unemployed,142988,N/A,No,No,Approved,4845.12,5047,2,Applicant follow-up needed
4941041,0535,2023-10-30,Contract,45834,601,No,No,Denied,1001.28,1192,2,Flagged for manual review.
4941673,0769,2022-05-21,Retired,25383,580,No,Yes,Denied,5510.40,5740,4,
4942095,0468,2023-12-27,Retired,64854,767,No,No,Denied,2600.64,3096,2,.
4942447,1122,21/09/2024,Part-Time,189257,827,No,Yes,Approved,2164.50,2775,5,.
4942835,0868,18/08/2020,Retired,56048,,No,Yes,Approved,2080.80,3468,5,n/a
4944904,0544,2023-01-04,Retired,143931,,No,Yes,Pending,2685.12,2797,1,Applicant provided pay stubs.
4944911,0974,2020-11-15,Full-Time,288791,,Yes,No,Approved,4231.50,5425,2,.
4946882,1496,2024-03-07,Full-Time,57492,624,No,Yes,Approved,3848.46,0,1,N/A
4947262,0810,2021-06-13,Retired,75212,810,Yes,Yes,Pending,6426.24,6694,2,docs expired
4948929,0561,2024-05-30,Full-Time,70435,674,No,No,Approved,1638.72,1707,4,Missing bank statements.
4949274,0060,2020-01-25,Student,220608,775,No,No,Denied,697.20,1162,3,n/a
4949495,0901,2021-01-26,Unemployed,64383,716,No,Yes,Approved,5364.48,5588,4,Applicant provided pay stubs.
4951606,0657,19/10/2024,Student,190388,,No,Yes,Pending,1824.00,1900,3,
4952596,1777,2020-05-27,Part-Time,99677,670,No,Yes,Denied,1753.44,2248,1,income verified via Plaid
4952619,1029,2020-09-22,Part-Time,180902,582,No,No,Denied,1749.72,2083,1,Applicant follow-up needed
4955846,0102,2020-02-02,Student,39718,691,No,Yes,Withdrawn,1909.38,2893,5,docs expired
4959537,1713,2022-09-05,Contract,159672,,No,Yes,Approved,6982.08,8312,5,n/a
4959901,0056,2022-07-01,Self-Employed,177666,329,No,No,Denied,2589.84,3924,5,.
4962036,1040,2023-11-30,Full-Time,68105,N/A,Yes,Yes,Approved,2119.26,2717,4,
4962437,0352,2021-12-25,Full-Time,113871,598,No,No,Pending,1423.80,2373,3,Renewal case.
4964851,0214,2024-06-24,Student,235706,639,No,No,Denied,2506.20,4177,1,Applicant provided pay stubs.
4965868,1556,2024-06-22,Unemployed,198197,754,No,No,Denied,1683.00,2550,4,
4966420,1278,19/06/2023,Full-Time,130110,755,Yes,Yes,Approved,2305.92,2402,2,Renewal case.
4967036,1185,2020-08-29,Retired,24082,730,No,Yes,Denied,1705.20,2030,3,Flagged for manual review.
4967343,0603,2024-11-16,Unemployed,232727,,Yes,Yes,Pending,724.80,1208,3,Flagged for manual review.
4968556,0406,2024-10-18,Full-Time,109293,705,Yes,Yes,Denied,3007.62,4557,3,
4968839,0441,2024-06-28,Unemployed,205321,701,No,Yes,Pending,3365.40,5609,4,Flagged for manual review.
4968889,0087,2021-11-07,Self-Employed,420000,683,No,Yes,Approved,3845.82,5827,1,Referred by agent.
4972495,0880,26/03/2024,Self-Employed,123330,799,No,No,Denied,2112.60,2515,4,Flagged for manual review.
4972848,1609,2020-10-27,Part-Time,199108,651,No,Yes,Approved,3796.32,5752,5,
4973670,0657,2023-12-19,Unemployed,184686,790,No,No,Approved,1596.00,1900,3,Referred by agent.
4975063,0147,2024-12-18,Contract,191856,818,No,Yes,Denied,2684.76,3442,2,Co-signer pending review.
4975493,0347,2021-05-05,Student,79895,742,Yes,No,Denied,2879.04,2999,4,n/a
4975765,0699,2023-01-14,Student,227527,727,No,No,Approved,3309.60,3940,4,Referred by agent.
4976427,0557,2023-04-24,Student,344000,679,No,Yes,Withdrawn,2134.20,3557,1,
4976510,1002,2021-03-29,Unemployed,93649,818,No,No,Denied,4987.80,8313,2,Referred by agent.
4978353,1131,2023-06-23,Student,59342,,No,No,Denied,1102.86,1671,2,income verified via Plaid
4978747,1028,2024-12-02,Retired,247495,332,No,No,Approved,2386.80,3060,3,Missing bank statements.
4981446,1012,2022-05-23,Contract,72486,690,No,No,Approved,3468.66,4447,2,Flagged for manual review.
4984884,0987,2022-08-31,Retired,101084,666,No,Yes,Approved,3391.80,5653,5,n/a
4985314,0629,2020-08-12,Self-Employed,149577,682,No,No,Denied,937.86,1421,1,n/a
4985376,0107,2023-01-22,Contract,168140,788,No,Yes,Approved,2190.54,3319,4,n/a
4985505,1123,19/04/2022,Student,37014,671,Yes,Yes,Approved,1654.08,1723,1,N/A
4985655,1375,2021-10-09,Unemployed,135309,796,Yes,Yes,Denied,2450.88,2553,5,Applicant provided pay stubs.
4986483,0793,13/04/2022,Student,191959,678,No,Yes,Denied,5553.00,9255,1,Co-signer pending review.
4986760,1084,2024-01-25,Contract,227412,582,No,Yes,Approved,1922.88,2003,2,income verified via Plaid
4987680,1793,2024-10-11,Full-Time,245890,,No,Yes,Withdrawn,2492.88,3196,5,.
4988436,0813,2021-10-14,Student,221618,586,No,No,Denied,1809.60,2320,2,
4989029,1293,2024-11-30,Full-Time,56168,797,No,No,Pending,2154.24,2244,2,
4990029,1426,2024-02-11,Contract,220530,715,No,No,Pending,6846.72,7132,2,Missing bank statements.
4990394,1501,2021-09-10,Self-Employed,168547,724,No,No,Approved,976.56,1252,1,Renewal case.
4991597,0597,2021-10-30,Student,93876,683,No,No,Withdrawn,1413.00,2355,3,n/a
4993658,0462,2021-09-16,Part-Time,38235,640,No,No,Approved,1556.28,2358,2,Referred by agent.
4993696,1741,,Full-Time,94782,641,No,No,Approved,3503.94,5309,4,docs expired
4995324,0813,2021-07-14,Student,148969,668,No,No,Denied,1809.60,2320,4,Referred by agent.
4996191,0271,2024-12-15,Contract,25475,N/A,No,No,Approved,7805.76,8131,5,Co-signer pending review.
4996724,0554,2021-08-12,Contract,195821,692,No,Yes,Approved,3786.00,6310,3,Renewal case.
4997059,0113,2023-10-20,Full-Time,200179,689,No,Yes,Approved,1345.80,2243,1,Applicant follow-up needed
5000242,1063,2023-09-13,Self-Employed,9416,721,Yes,No,Denied,1530.24,1594,1,Renewal case.
5002115,0994,2023-10-02,Part-Time,187711,692,No,No,Pending,1020.00,1700,3,.
5005248,1168,30/05/2024,Self-Employed,76936,,No,No,Pending,3151.50,4775,4,
5005418,0014,2020-06-17,Full-Time,113519,689,No,No,Under Review,1300.20,2167,4,Flagged for manual review.
5005967,0942,2022-09-22,Student,44187,,No,No,Approved,1389.96,2106,4,Missing bank statements.
5006378,0369,2021-08-06,Self-Employed,26385,602,No,No,Withdrawn,970.20,1617,5,
5006392,0320,2023-03-08,Self-Employed,187855,797,Yes,Yes,Approved,2719.68,2833,5,Co-signer pending review.
5007061,1418,2022-05-20,Unemployed,143233,811,No,Yes,Withdrawn,2104.08,3188,3,Flagged for manual review.
5009776,0099,2021-07-08,Retired,92843,404,No,Yes,Approved,2491.32,3194,4,Applicant follow-up needed
5010553,0968,2020-11-30,Student,231144,301,No,No,Approved,2160.18,3273,4,Applicant provided pay stubs.
5011045,0788,2021-02-05,Retired,146934,794,Yes,No,Approved,4475.52,5328,3,Co-signer pending review.
5012407,1317,2020-06-17,Contract,230741,764,No,No,Approved,2041.26,2617,3,Applicant provided pay stubs.
5012992,0903,2021-01-04,Contract,40092,798,No,No,Approved,2654.40,4424,2,Renewal case.
5014609,1050,2021-03-29,Unemployed,132866,747,Yes,Yes,Approved,1116.06,1691,1,docs expired
5014861,0517,2020-04-06,Self-Employed,170309,816,No,Yes,Denied,5064.00,5275,3,Co-signer pending review.
5015648,0199,24/06/2023,Retired,55105,711,Yes,Yes,Denied,1776.96,1851,2,
5018299,1481,2022-02-21,Retired,57162,846,No,Yes,Denied,1161.42,1489,3,.
5020291,0046,2024-07-12,Contract,175953,349,No,No,Approved,1808.82,2319,3,docs expired
5021101,1591,2022-04-18,Self-Employed,63655,763,No,No,Pending,4371.60,7286,3,Renewal case.
5021351,0693,2023-03-28,Part-Time,47401,,No,Yes,Approved,3013.92,3588,3,n/a
5023539,1630,2021-02-01,Full-Time,113712,723,Yes,Yes,Pending,748.44,1134,5,Co-signer pending review.
5024700,0601,2020-12-20,Contract,218453,792,No,Yes,Denied,1011.00,1685,1,Flagged for manual review.
5024867,1179,2023-08-24,Full-Time,178262,773,No,Yes,Approved,5030.22,6449,1,Missing bank statements.
5025514,1677,,Part-Time,106242,670,No,Yes,Pending,519.60,866,2,
5025853,1448,2020-01-12,Student,204991,N/A,No,Yes,Under Review,2422.56,2884,1,n/a
5027362,1703,13/06/2023,Unemployed,28937,763,No,No,Approved,7483.20,12472,3,
5032352,1135,2023-12-30,Unemployed,75198,712,Yes,No,Approved,1608.00,2680,3,.
5032401,0614,2022-02-08,Self-Employed,77320,,Yes,Yes,Approved,3871.56,4609,3,.
5035555,0827,2024-07-15,Retired,198512,627,No,No,Approved,3605.28,4292,4,Referred by agent.
5038059,0456,2022-07-26,Contract,34654,816,No,No,Pending,940.80,1120,4,
5040178,0002,2024-08-05,Retired,121800,598,Yes,No,Denied,2403.18,3081,1,n/a
5040264,1547,2023-12-20,Part-Time,118298,322,No,No,Approved,3175.20,3780,2,Missing bank statements.
5041460,1617,2020-12-23,Part-Time,235946,739,No,Yes,Approved,684.60,815,4,Renewal case.
5041467,1241,2023-10-14,Unemployed,15357,761,No,No,Withdrawn,1474.56,1536,4,docs expired
5041850,0284,2020-10-21,Self-Employed,74000,835,No,No,Approved,2152.92,2563,5,Applicant provided pay stubs.
5042711,1754,2023-04-01,Retired,106074,773,No,Yes,Approved,3734.64,4788,4,
5044581,0099,31/05/2021,Retired,228531,757,Yes,No,Approved,2682.96,3194,2,
5047563,1667,2023-01-23,Full-Time,31583,775,No,No,Under Review,3752.58,4811,1,Renewal case.
5047707,0076,2023-07-21,Student,64407,671,Yes,No,Denied,1846.08,1923,5,
5048557,0514,2023-06-01,Unemployed,62459,765,No,Yes,Approved,555.00,925,4,Missing bank statements.
5049758,1771,2020-12-11,Retired,100192,347,No,No,Withdrawn,3361.80,4310,2,income verified via Plaid
5055162,1689,2021-07-20,Self-Employed,234442,799,No,Yes,Approved,4645.80,7743,3,Renewal case.
5056745,0949,2020-05-08,Unemployed,113104,734,No,Yes,Approved,1580.70,2395,5,docs expired
5056976,1337,2020-11-24,Part-Time,115999,640,No,No,Withdrawn,1440.00,2400,4,Applicant follow-up needed
5058765,0776,17/09/2024,Retired,226611,,No,Yes,Approved,1730.40,2060,3,Applicant follow-up needed
5060015,0997,2023-04-25,Student,42386,,No,No,Approved,3524.04,4518,4,n/a
5060301,1010,2020-10-11,Contract,73523,834,No,No,Denied,726.00,1100,3,N/A
5060556,0627,2023-07-16,Full-Time,247251,698,Yes,No,Pending,3520.92,4514,2,Applicant follow-up needed
5063217,0245,13/09/2021,Unemployed,39291,612,No,Yes,Pending,3173.76,3306,4,
5064160,1312,2023-01-10,Retired,158029,607,No,No,Approved,756.60,970,4,Referred by agent.
5064458,0958,2021-12-29,Self-Employed,28944,744,No,No,Under Review,1447.80,2413,4,Applicant follow-up needed
5067339,0633,2022-08-04,Self-Employed,224187,480,No,No,Denied,2799.60,4666,5,Flagged for manual review.
5067946,1135,2021-05-17,Full-Time,56088,623,Yes,No,Approved,1608.00,2680,3,Co-signer pending review.
5070989,1681,2020-07-03,Part-Time,6734,772,No,No,Approved,2995.74,4539,2,n/a
5071197,1398,,Retired,65337,614,No,Yes,Denied,1753.20,2922,5,.
5071846,0166,2021-01-28,Contract,219724,N/A,Yes,Yes,Approved,1801.80,3003,3,Referred by agent.
5074113,1585,2020-09-14,Student,118414,773,Yes,Yes,Approved,1512.42,0,5,income verified via Plaid
5075134,0627,2021-11-12,Part-Time,227388,697,No,Yes,Denied,2979.24,4514,4,Applicant follow-up needed
5076656,1028,27/06/2020,Retired,130781,688,No,No,Pending,861.30,1305,3,n/a
5076795,1026,2023-05-20,Unemployed,206077,655,No,Yes,Denied,3595.80,5993,1,Applicant follow-up needed
5078186,1593,2023-12-25,Unemployed,144574,740,No,No,Withdrawn,4154.28,0,2,docs expired
5078829,0628,2024-04-20,Full-Time,39797,767,No,No,Approved,4302.72,4482,5,Flagged for manual review.
5080875,0907,2022-10-10,Retired,93431,839,No,No,Pending,1189.80,1983,1,Applicant follow-up needed
5085188,0347,2022-01-25,Self-Employed,93804,696,No,No,Withdrawn,2339.22,2999,2,Referred by agent.
5085434,1065,2023-04-07,Unemployed,53698,673,Yes,Yes,Approved,2319.36,2416,5,
5086133,1331,2022-10-06,Self-Employed,47443,823,No,Yes,Pending,3880.32,4042,5,Co-signer pending review.
5087045,0703,26/04/2023,Contract,208518,N/A,No,No,Pending,929.04,1106,2,.
5087649,0941,2022-01-22,Student,99753,569,No,No,Approved,1886.94,2859,2,income verified via Plaid
5088728,1306,,Contract,209562,724,Yes,Yes,Withdrawn,1522.56,0,2,N/A
5090859,0933,2023-10-04,Retired,240243,842,No,No,Approved,1343.16,1722,4,Applicant follow-up needed
5094276,1211,2021-01-15,Retired,196836,,No,No,Approved,1359.54,1743,4,Renewal case.
5095408,0628,2021-06-25,Contract,204316,817,Yes,No,Under Review,3764.88,4482,4,.
5096239,0619,19/01/2024,Retired,110706,713,Yes,No,Pending,9861.12,10272,2,Renewal case.
5097172,0905,2021-11-29,Part-Time,143391,714,No,No,Withdrawn,5554.92,6613,2,docs expired
5098028,0743,13/10/2021,Full-Time,192987,641,No,No,Pending,648.96,832,1,income verified via Plaid
5098080,0494,2024-07-28,Full-Time,99174,774,No,No,Under Review,3579.00,5965,5,docs expired
5098675,0925,2023-11-10,Student,54100,752,No,No,Approved,2664.00,2775,2,.
5100027,0059,2021-09-05,Part-Time,167730,728,No,No,Denied,1513.20,2522,3,Missing bank statements.
5101386,0099,2020-12-06,Unemployed,122199,,No,Yes,Approved,2491.32,3194,1,
5101475,1327,2023-04-04,Unemployed,72234,693,No,Yes,Withdrawn,2515.50,3225,5,income verified via Plaid
5101507,1212,25/05/2024,Student,197807,,No,Yes,Withdrawn,1212.12,1443,1,Co-signer pending review.
5103209,1261,2023-01-14,Self-Employed,82611,521,No,Yes,Approved,1510.08,0,2,Co-signer pending review.
5103646,1052,2023-01-22,Part-Time,87439,773,No,No,Denied,2293.50,3475,3,Co-signer pending review.
5104138,1588,2023-08-08,Self-Employed,126390,753,No,Yes,Approved,9903.60,11790,5,.
5105297,1781,2023-12-09,Self-Employed,47581,683,No,Yes,Approved,1970.64,2346,1,Flagged for manual review.
5105414,1440,2024-04-17,Self-Employed,304878,733,No,Yes,Approved,1063.92,1612,2,Flagged for manual review.
5106122,1129,2024-12-08,Self-Employed,78745,,Yes,Yes,Under Review,1898.40,3164,1,docs expired
5106165,0478,2022-07-22,Self-Employed,85418,760,No,No,Under Review,1814.40,3024,3,N/A
5107561,0089,2023-03-29,Retired,286669,710,Yes,No,Denied,2113.32,3202,4,.
5108222,0350,14/09/2024,Full-Time,58120,805,Yes,No,Approved,9661.68,11502,5,Renewal case.
5108358,0923,2020-12-28,Unemployed,45437,812,Yes,No,Under Review,2178.60,3631,5,Renewal case.
5110259,0851,2020-03-08,Student,114358,788,Yes,No,Under Review,1887.36,1966,4,
5112546,1743,2024-08-29,Contract,140509,760,No,Yes,Denied,1062.72,1107,5,Renewal case.
5114727,0549,2022-05-27,Full-Time,70286,370,No,Yes,Denied,1958.88,2968,1,
5114772,0889,27/08/2021,Full-Time,82239,673,No,No,Pending,2694.00,4490,3,Applicant follow-up needed
5117117,0665,22/09/2023,Part-Time,37815,684,No,No,Approved,2694.12,4082,4,Applicant follow-up needed
5117348,0729,2022-11-13,Contract,891000,660,No,No,Approved,1617.72,2074,4,Applicant provided pay stubs.
5117470,0024,2020-04-01,Unemployed,252392,750,Yes,No,Under Review,2315.04,2968,3,Referred by agent.
5118795,0302,2024-09-29,Part-Time,268652,850,Yes,Yes,Denied,1782.00,2700,2,Applicant provided pay stubs.
5119072,1503,2021-11-07,Full-Time,242564,755,Yes,Yes,Denied,2915.52,3037,1,.
5120774,0910,2022-10-22,Retired,138200,737,No,No,Approved,2348.16,2446,2,Applicant follow-up needed
5121242,1102,2022-10-09,Unemployed,221700,568,No,Yes,Approved,1543.08,2338,5,Missing bank statements.
5121408,0098,2023-04-15,Full-Time,66747,821,No,No,Pending,1862.40,1940,5,N/A
5121534,0537,2023-10-30,Unemployed,173269,N/A,No,No,Approved,3802.68,4527,2,Applicant follow-up needed
5122697,0740,2021-01-25,Contract,125078,614,No,No,Denied,1777.38,2693,2,Applicant provided pay stubs.
5127648,1035,2022-11-07,Unemployed,16086,782,Yes,No,Withdrawn,3156.12,4782,1,Referred by agent.
5130909,0762,2022-06-12,Student,220595,N/A,No,Yes,Pending,798.60,1331,5,income verified via Plaid
5132093,0866,2022-12-15,Retired,235391,346,No,No,Approved,2079.00,2475,4,Referred by agent.
5133652,0662,2022-09-06,Retired,205817,807,No,No,Approved,1003.86,1521,2,Renewal case.
5134522,0950,2021-04-24,Unemployed,25481,794,No,No,Approved,3475.92,4138,3,n/a
5136024,1348,2024-10-07,Unemployed,192772,,No,Yes,Denied,6287.40,7485,2,Flagged for manual review.
5136982,0367,2023-10-29,Part-Time,162707,608,No,Yes,Pending,1581.06,2027,1,Applicant provided pay stubs.
5138026,1102,2020-04-11,Self-Employed,183182,591,Yes,No,Pending,1402.80,2338,3,Renewal case.
5139285,0407,2022-07-06,Part-Time,143058,739,Yes,Yes,Approved,844.20,1407,2,Applicant follow-up needed
5139460,1013,2024-06-06,Student,19017,766,No,No,Denied,2277.24,2711,2,income verified via Plaid
5140289,0407,2021-07-20,Contract,231232,,No,Yes,Under Review,844.20,1407,4,Co-signer pending review.
5140969,0567,2023-01-08,Contract,218976,719,No,Yes,Approved,1386.84,1778,5,Referred by agent.
5141067,0481,2020-03-02,Unemployed,243070,750,No,No,Approved,1548.12,1843,5,N/A
5142696,1363,2022-08-04,Unemployed,6610,754,No,Yes,Denied,1500.24,1786,2,Missing bank statements.
5144566,1708,2020-04-10,Self-Employed,124416,605,Yes,No,Approved,2969.28,3093,1,Missing bank statements.
5145033,0864,2022-01-06,Full-Time,263575,711,No,No,Approved,5547.96,8406,3,Co-signer pending review.
5145998,1489,2020-03-01,Contract,242253,388,No,No,Denied,1093.68,1302,4,Renewal case.
5146178,0456,2020-07-03,Retired,137206,724,No,No,Approved,873.60,1120,2,docs expired
5146374,0629,2024-03-04,Contract,8188,676,No,No,Pending,1108.38,1421,1,Co-signer pending review.
5146429,0178,23/03/2024,Contract,131756,448,No,Yes,Under Review,2752.62,3529,5,Renewal case.
5148156,0739,2020-06-05,Self-Employed,207226,588,No,Yes,Pending,2658.60,3165,4,
5148998,0111,31/01/2020,Retired,111741,740,No,No,Denied,1239.60,2066,4,.
5149160,0975,2024-09-21,Unemployed,59177,652,Yes,Yes,Approved,3530.34,5349,3,n/a
5149967,0159,2022-07-23,Retired,143359,716,Yes,Yes,Denied,930.72,1108,4,Applicant provided pay stubs.
5152335,1712,2023-01-05,Retired,162294,766,Yes,No,Denied,1661.76,1731,1,Applicant follow-up needed
5154592,0135,2020-08-18,Contract,218463,795,No,Yes,Denied,1205.88,1546,2,n/a
5154991,1716,21/07/2022,Part-Time,39537,742,Yes,No,Approved,1749.60,2916,5,.
5157976,0450,,Student,145716,786,Yes,No,Under Review,1341.60,1720,4,Flagged for manual review.
5158345,0954,2021-12-19,Part-Time,91781,774,No,No,Approved,5012.28,5967,4,Applicant follow-up needed
5159619,0269,2022-04-12,Full-Time,202090,N/A,Yes,Yes,Approved,1713.60,2040,3,Flagged for manual review.
5160476,1525,2024-10-06,Unemployed,26718,745,No,Yes,Pending,2798.04,3331,5,
5162339,0757,2021-02-14,Student,310593,724,Yes,No,Approved,2848.32,2967,5,Applicant provided pay stubs.
5165228,1673,2023-10-21,Retired,185728,721,No,No,Approved,4208.10,5395,2,income verified via Plaid
5166779,0599,2021-01-21,Student,37128,723,No,Yes,Denied,1175.16,1399,4,
5167193,1588,2021-08-08,Self-Employed,199166,841,No,Yes,Approved,9903.60,11790,1,Renewal case.
5167205,0253,2021-06-16,Contract,71087,,No,Yes,Pending,3001.44,3848,1,Referred by agent.
5167389,0812,2024-02-13,Full-Time,53254,N/A,No,No,Approved,1788.60,2981,4,
5169106,0814,22/12/2021,Student,46442,626,No,No,Withdrawn,8871.24,10561,3,
5170947,0225,14/06/2024,Retired,195039,608,No,No,Approved,1383.72,1774,3,Renewal case.
5173768,0233,2020-11-04,Full-Time,213089,494,No,No,Withdrawn,2512.44,2991,2,N/A
5177289,1390,2024-06-03,Unemployed,199677,710,No,No,Approved,1491.60,2260,3,income verified via Plaid
5188209,1402,2023-10-14,Retired,110357,734,No,Yes,Approved,762.72,908,4,docs expired
5188428,0357,2023-11-21,Retired,144409,695,No,Yes,Under Review,5115.60,6090,4,Renewal case.
5189848,0896,2024-11-27,Part-Time,234585,715,No,No,Denied,6947.52,7237,1,income verified via Plaid
5190463,0903,2022-10-24,Contract,27268,734,No,No,Denied,2919.84,4424,1,N/A
5191044,1714,2024-01-31,Retired,68985,716,No,No,Denied,2187.90,2805,2,Renewal case.
5192910,1445,2021-09-21,Self-Employed,221604,735,No,Yes,Withdrawn,7014.00,8350,1,income verified via Plaid
5193253,1727,2020-01-06,Retired,68522,662,Yes,Yes,Approved,3369.60,3510,1,Applicant provided pay stubs.
5197014,1106,25/10/2023,Part-Time,210663,849,No,No,Pending,1221.12,1272,1,Applicant follow-up needed
5198980,0474,2020-08-15,Full-Time,114098,403,No,No,Denied,1680.00,1750,4,Referred by agent.
5199633,1601,2021-11-24,Part-Time,228120,592,No,No,Under Review,1542.42,2337,3,income verified via Plaid
5199807,1064,2020-12-25,Unemployed,232879,747,Yes,Yes,Pending,1511.40,2519,2,Applicant follow-up needed
5200068,1176,2021-07-01,Contract,107026,754,No,Yes,Under Review,1193.28,1808,5,Flagged for manual review.
5200219,0194,2021-08-08,Part-Time,140032,587,Yes,No,Under Review,3561.48,4566,4,.
5202018,1018,2023-10-30,Unemployed,241399,727,No,No,Approved,4600.80,7668,3,Renewal case.
5204348,1463,2020-06-27,Full-Time,219378,658,Yes,Yes,Pending,2948.40,3510,4,N/A
5205595,1323,2021-11-07,Retired,46004,687,No,Yes,Denied,898.92,1362,4,income verified via Plaid
5208175,0095,2020-06-21,Retired,221968,752,No,Yes,Denied,3802.26,5761,2,Missing bank statements.
5209652,1268,2024-12-07,Self-Employed,29945,716,No,No,Approved,7247.04,7549,2,Co-signer pending review.
5210250,1076,2024-04-02,Contract,143677,757,No,Yes,Approved,2839.68,2958,1,.
5211277,0129,2020-03-03,Student,16444,405,Yes,Yes,Withdrawn,947.10,1435,4,docs expired
5213373,1794,2021-11-25,Self-Employed,137840,842,No,No,Approved,3460.80,5768,4,income verified via Plaid
5214312,0877,2023-07-15,Unemployed,130450,830,No,No,Pending,2548.20,4247,3,docs expired
5215152,0112,2021-08-07,Unemployed,174952,617,Yes,Yes,Approved,4463.04,4649,1,.
5215508,1043,2023-08-26,Part-Time,138908,667,No,No,Approved,2386.44,2841,3,N/A
5216399,0789,2020-04-08,Student,161965,754,No,No,Under Review,612.60,1021,1,.
5217648,0728,2024-10-04,Unemployed,138229,439,No,No,Approved,1599.00,0,3,N/A
5217906,0657,2024-07-10,Full-Time,19556,666,Yes,No,Pending,1596.00,1900,4,.
5218983,0865,2022-02-23,Self-Employed,86111,602,No,No,Approved,935.88,1418,1,Renewal case.
5219803,1258,2022-05-13,Part-Time,320400,603,No,No,Denied,1438.92,1713,5,Co-signer pending review.
5220299,0385,2022-04-19,Part-Time,237342,590,No,Yes,Approved,4868.16,5071,1,.
5222598,1454,2022-12-29,Full-Time,40694,311,No,No,Pending,912.60,1170,2,Missing bank statements.
5224127,1055,2024-10-07,Self-Employed,201624,724,No,Yes,Approved,3890.70,5895,4,Flagged for manual review.
5225199,1381,2023-04-16,Self-Employed,218505,580,No,Yes,Denied,1186.92,1413,5,Applicant follow-up needed
5225665,0506,2021-06-20,Part-Time,62779,636,No,No,Withdrawn,1112.76,1686,1,N/A
5227795,0649,2020-11-28,Retired,193970,791,No,No,Approved,2528.64,2634,5,
5228379,1398,15/06/2023,Full-Time,77470,,No,Yes,Denied,2805.12,2922,2,n/a
5228390,0391,2020-11-17,Retired,173358,,No,Yes,Approved,2990.40,3115,5,Co-signer pending review.
5229553,0559,2023-08-17,Part-Time,248419,699,No,Yes,Denied,1246.74,1889,1,Referred by agent.
5230240,0327,2021-01-14,Retired,308000,701,No,No,Approved,3461.70,0,2,income verified via Plaid
5230796,0814,17/01/2024,Unemployed,120658,720,No,Yes,Approved,8871.24,10561,3,Applicant provided pay stubs.
5232461,1157,2023-12-15,Unemployed,199242,N/A,No,No,Approved,3727.80,6213,4,Missing bank statements.
5234706,1043,2021-08-23,Retired,185958,742,No,No,Approved,1875.06,2841,4,N/A
5235075,1025,2020-10-21,Unemployed,200096,673,No,Yes,Approved,2778.00,4630,2,docs expired
5236163,0864,2024-05-21,Part-Time,28453,,Yes,Yes,Withdrawn,6556.68,8406,4,income verified via Plaid
5237319,1313,2022-05-02,Part-Time,94899,747,No,No,Denied,1404.00,2340,5,Co-signer pending review.
5238416,1118,2022-09-24,Part-Time,145872,552,No,Yes,Denied,1294.92,1962,2,N/A
5238574,0235,2024-04-18,Retired,147168,756,No,No,Withdrawn,784.08,1188,4,income verified via Plaid
5239605,0444,2023-12-13,Full-Time,49023,648,No,No,Approved,2880.96,3001,3,N/A
5239619,0460,2020-10-18,Self-Employed,28472,356,Yes,No,Approved,1861.44,2216,1,docs expired
5241226,1791,2022-06-01,Full-Time,30721,591,No,No,Denied,3432.00,0,3,income verified via Plaid
5242410,0127,2022-07-21,Part-Time,242736,514,No,No,Denied,853.38,1293,2,Co-signer pending review.
5242959,1315,2023-08-19,Self-Employed,104720,693,No,No,Approved,737.88,1118,3,.
5244185,1133,2024-10-18,Retired,103429,807,No,No,Denied,903.00,1075,1,Referred by agent.
5245268,0153,2021-07-26,Retired,271154,766,No,No,Withdrawn,3473.34,4453,1,n/a
5246859,1346,2020-04-03,Part-Time,209600,823,No,No,Denied,2747.64,3271,4,n/a
5247199,1325,2020-11-02,Contract,15679,712,No,No,Under Review,3556.02,4559,4,
5248101,1381,2024-06-17,Part-Time,212460,345,No,Yes,Approved,1186.92,1413,1,
5248661,1768,,Student,27210,569,No,No,Approved,3520.92,4514,4,n/a
5249757,1741,18/08/2021,Contract,26391,,No,No,Approved,4459.56,5309,1,Referred by agent.
5251377,1037,26/10/2022,Self-Employed,125235,780,No,Yes,Approved,2631.72,3133,1,N/A
5251652,0564,2022-05-17,Unemployed,126003,383,Yes,Yes,Approved,3424.08,5188,4,Missing bank statements.
5252287,1689,2021-09-03,Contract,95955,817,No,Yes,Approved,6504.12,7743,3,
5255238,1146,13/05/2020,Contract,235874,683,Yes,No,Denied,1786.56,1861,4,Flagged for manual review.
5255742,1595,2024-03-26,Self-Employed,154920,,Yes,No,Approved,2480.64,2584,2,Applicant follow-up needed
5256758,0079,2023-08-05,Self-Employed,144702,843,Yes,No,Approved,2188.68,2806,2,.
5258334,0007,2020-04-15,Self-Employed,164159,767,No,No,Approved,1706.76,2586,1,Renewal case.
5258368,1407,2020-03-17,Part-Time,30365,,No,No,Approved,1657.80,2763,3,N/A
5263418,0560,2020-01-14,Retired,54046,488,No,Yes,Denied,973.20,1622,5,Renewal case.
5263956,1113,2023-07-18,Contract,79832,659,Yes,Yes,Withdrawn,1604.16,1671,1,Referred by agent.
5266306,1468,2020-06-06,Retired,163059,708,No,Yes,Approved,1534.20,2557,1,n/a
5269008,0800,2022-10-16,Self-Employed,109572,671,No,No,Denied,2006.76,2389,3,Missing bank statements.
5269577,0263,2024-04-02,Contract,108146,824,No,No,Withdrawn,820.20,1367,2,.
5269742,0843,2020-02-01,Retired,8223,737,No,No,Denied,859.80,1433,1,docs expired
5270105,1034,2023-12-10,Part-Time,101413,,No,No,Approved,3225.60,3360,3,Flagged for manual review.
5271014,0126,2021-10-02,Unemployed,49436,479,No,Yes,Approved,1340.40,2234,4,.
5273055,0071,2020-11-27,Full-Time,161753,663,No,No,Denied,3045.00,3625,4,docs expired
5274021,0121,2023-10-06,Self-Employed,37671,624,No,No,Pending,1631.04,1699,1,Flagged for manual review.
5275393,1704,2024-07-06,Self-Employed,247318,667,No,Yes,Denied,886.38,1343,1,
5277890,1533,2023-07-21,Self-Employed,226768,N/A,No,Yes,Approved,6234.24,6494,3,N/A
5278131,1033,2023-05-30,Retired,240053,596,No,No,Approved,1878.36,2846,4,.
5278533,0792,2023-07-05,Part-Time,26705,793,Yes,Yes,Denied,2900.04,4394,1,.
5279037,1476,23/07/2024,Full-Time,140043,750,No,Yes,Approved,2403.60,4006,4,Applicant provided pay stubs.
5280416,0601,2024-06-17,Unemployed,203057,583,No,No,Withdrawn,1011.00,1685,1,.
5281081,1317,2022-08-15,Student,99399,802,Yes,Yes,Denied,1727.22,2617,1,Flagged for manual review.
5282083,1543,20/08/2021,Self-Employed,177874,758,No,Yes,Pending,534.60,891,1,.
5282097,0560,2021-04-21,Retired,6886,651,No,No,Withdrawn,1362.48,1622,5,Co-signer pending review.
5282218,0485,2023-07-25,Self-Employed,149317,768,No,Yes,Pending,3262.08,3398,4,
5282924,1089,2020-05-14,Student,161031,835,No,No,Pending,1840.44,2191,5,income verified via Plaid
5283665,0492,2022-09-03,Part-Time,187200,,No,Yes,Denied,1409.28,1468,5,income verified via Plaid
5285348,0492,2020-07-16,Self-Employed,37217,817,No,No,Denied,1233.12,1468,1,docs expired
5285882,0230,2021-09-22,Part-Time,117830,823,No,Yes,Denied,1626.24,1936,1,Applicant provided pay stubs.
5286316,0063,2021-04-04,Contract,124066,654,Yes,No,Pending,5567.76,8436,5,Renewal case.
5286725,1320,2021-07-11,Student,98566,769,No,No,Withdrawn,5377.92,5602,1,Applicant follow-up needed
5286748,1700,2022-09-23,Contract,119403,676,No,Yes,Approved,1542.24,1836,5,Applicant provided pay stubs.
5288170,0713,2021-10-17,Student,233436,716,No,No,Approved,4265.52,5078,5,N/A
5291006,0363,2023-05-12,Unemployed,112893,749,No,No,Denied,1353.60,1410,4,
5292840,1158,23/03/2024,Retired,147877,793,No,Yes,Approved,1416.00,1475,5,Applicant follow-up needed
5293032,0121,2024-10-28,Part-Time,205497,850,No,No,Denied,1019.40,1699,1,Co-signer pending review.
5293322,0471,2021-12-24,Self-Employed,92831,833,Yes,Yes,Approved,1149.12,1368,1,N/A
5294938,0553,2024-09-12,Student,228458,701,No,Yes,Approved,3832.14,0,4,Flagged for manual review.
5295154,0809,2023-05-31,Self-Employed,121499,757,Yes,Yes,Approved,1387.20,1445,2,N/A
5297674,0419,2022-01-09,Student,85647,438,No,Yes,Approved,1616.16,1924,1,Flagged for manual review.
5301138,0031,2024-12-19,Unemployed,147344,651,No,Yes,Approved,2149.20,3582,5,Co-signer pending review.
5302215,1325,2020-11-13,Retired,104098,754,Yes,Yes,Approved,3008.94,4559,4,Applicant follow-up needed
5302864,0228,2022-04-02,Unemployed,17485,704,No,Yes,Denied,873.18,1323,5,Applicant follow-up needed
5304948,1537,16/09/2023,Self-Employed,33645,817,Yes,Yes,Approved,850.80,1418,4,Referred by agent.
5305852,1497,2023-10-13,Contract,53476,762,No,Yes,Under Review,1666.86,2137,3,income verified via Plaid
5306127,1743,2022-05-23,Self-Employed,8835,812,No,Yes,Denied,664.20,1107,1,Applicant follow-up needed
5306261,0731,2023-01-17,Retired,167218,760,No,No,Approved,1816.32,1892,5,Referred by agent.
5308864,0806,2022-02-04,Retired,19175,599,No,No,Pending,1340.46,2031,1,docs expired
5309460,0911,2022-08-14,Unemployed,113093,,No,No,Denied,3328.38,5043,4,Co-signer pending review.
5310293,0139,2024-12-22,Part-Time,128635,654,No,No,Denied,4987.92,5938,1,Co-signer pending review.
5310987,1659,2020-06-07,Full-Time,35836,319,No,No,Approved,2463.72,2933,3,N/A
5311494,1426,2021-06-27,Retired,146529,757,No,Yes,Pending,5990.88,7132,4,.
5311813,1061,2023-02-04,Part-Time,23470,656,No,No,Under Review,2056.80,3428,5,Applicant provided pay stubs.
5312493,0745,2021-10-04,Unemployed,111211,785,No,No,Approved,3454.44,5234,2,Flagged for manual review.
5314199,1571,2024-04-20,Retired,238317,790,No,Yes,Denied,4086.42,5239,2,Referred by agent.
5314327,1420,26/09/2023,Retired,282058,828,No,No,Approved,3833.76,4564,4,
5314512,0055,2022-05-27,Part-Time,38688,742,No,Yes,Denied,1411.80,1810,3,Applicant follow-up needed
5315662,1009,2022-12-02,Self-Employed,61326,646,No,Yes,Denied,1915.32,2902,5,.
5316015,0645,31/10/2023,Student,92120,790,No,No,Pending,4304.40,7174,5,Applicant follow-up needed
5316110,1185,2022-09-23,Full-Time,69655,792,No,Yes,Approved,1948.80,2030,2,N/A
5316733,0955,2020-06-02,Retired,69893,590,No,No,Denied,2001.48,2566,5,
5320565,1719,2021-06-28,Part-Time,177494,747,Yes,Yes,Approved,1992.54,3019,1,Applicant follow-up needed
5321061,1698,31/03/2020,Contract,116233,N/A,No,Yes,Approved,2233.14,2863,2,Applicant provided pay stubs.
5321574,0928,2021-03-23,Full-Time,151760,589,No,No,Pending,973.80,1623,5,Referred by agent.
5322876,0652,2020-02-02,Student,65163,724,No,No,Withdrawn,2269.80,3783,4,n/a
5325241,0595,13/03/2021,Part-Time,241619,727,Yes,Yes,Approved,2592.72,3324,4,docs expired
5327192,0205,2024-01-29,Student,240451,715,No,Yes,Denied,748.44,1134,2,n/a
5331566,1395,2020-07-10,Student,169763,841,No,No,Withdrawn,2294.16,3476,2,.
5337028,0611,2022-02-18,Student,17406,777,No,No,Denied,3205.02,4109,5,.
5338859,0289,20/03/2024,Unemployed,90276,729,Yes,Yes,Approved,2235.42,0,3,Renewal case.
5339288,1364,2024-11-13,Self-Employed,232497,666,No,No,Denied,5184.96,5401,2,Referred by agent.
5339964,0968,2020-06-08,Retired,180336,652,No,Yes,Approved,2160.18,3273,1,Referred by agent.
5341491,1554,2021-12-19,Contract,127309,727,No,No,Approved,1187.52,1237,3,Applicant provided pay stubs.
5341682,0720,,Unemployed,149648,826,No,Yes,Approved,5759.04,5999,3,
5342161,1032,2021-03-03,Full-Time,109262,675,No,No,Under Review,1940.40,2940,1,Co-signer pending review.
5342546,0314,2022-09-05,Retired,184025,N/A,No,No,Under Review,1764.48,1838,3,
5344469,1283,2020-04-03,Part-Time,229772,757,No,Yes,Pending,8911.56,10609,3,
5346030,0709,,Self-Employed,121464,678,No,No,Pending,1131.00,1885,4,Applicant provided pay stubs.
5348647,1060,2020-11-07,Contract,2357,791,No,No,Approved,2648.64,2759,2,Renewal case.
5349908,0855,2022-09-02,Full-Time,141482,487,No,No,Under Review,595.32,902,2,Renewal case.
5350323,1486,2020-10-16,Full-Time,39316,600,No,No,Approved,3194.88,4096,1,Renewal case.
5351668,0168,2022-11-17,Student,63844,680,Yes,No,Approved,1416.24,1686,1,
5352824,0962,2021-05-06,Student,71076,701,No,No,Approved,911.82,1169,3,Applicant follow-up needed
5352947,0170,2024-07-16,Student,50816,778,No,Yes,Pending,4109.76,4281,1,Renewal case.
5352997,0811,2022-01-04,Full-Time,246584,831,No,No,Approved,1503.84,1928,4,Applicant provided pay stubs.
5354531,0293,22/02/2022,Unemployed,185070,726,No,No,Denied,2372.76,3042,4,docs expired
5354997,0118,2023-04-16,Full-Time,220547,774,No,No,Denied,6746.88,7028,4,Applicant follow-up needed
5355677,0601,2022-12-18,Student,145323,710,Yes,Yes,Denied,1415.40,1685,1,.
5358183,1385,2024-07-02,Full-Time,75270,777,No,Yes,Approved,1384.32,1442,2,Co-signer pending review.
5358669,1213,2024-04-18,Self-Employed,170753,752,No,No,Withdrawn,3233.34,4899,1,
5358761,0510,2021-09-03,Self-Employed,138447,,No,No,Approved,1285.68,1948,5,Co-signer pending review.
5359677,1783,2022-05-12,Unemployed,76436,,Yes,Yes,Denied,6497.28,6768,1,Missing bank statements.
5362502,1252,2020-05-05,Self-Employed,118916,658,No,No,Denied,3595.20,3745,1,
5363149,0323,2024-07-13,Self-Employed,264075,513,Yes,Yes,Denied,5757.12,5997,3,
5363783,1310,,Self-Employed,110152,668,Yes,Yes,Approved,3657.60,3810,5,Referred by agent.
5366407,0645,2020-10-07,Full-Time,177987,740,No,No,Approved,5595.72,7174,1,n/a
5367007,0281,2020-05-09,Unemployed,236522,693,Yes,No,Denied,1808.40,2740,5,n/a
5367608,1342,2023-12-20,Self-Employed,243716,694,No,No,Withdrawn,4277.76,4456,2,N/A
5368209,0592,2020-07-23,Unemployed,311145,776,No,Yes,Denied,4892.94,6273,4,Missing bank statements.
5370247,0059,2020-11-21,Contract,27749,,Yes,No,Denied,1664.52,2522,5,Renewal case.
5370591,0913,2024-01-09,Full-Time,163948,,Yes,Yes,Approved,574.86,871,2,N/A
5371116,0342,2021-09-22,Student,203301,832,No,No,Approved,1144.92,1363,1,Flagged for manual review.
5372215,0887,2023-01-11,Contract,100041,640,No,No,Approved,3956.94,5073,2,
5372618,0499,2022-07-15,Contract,213834,,Yes,No,Withdrawn,3281.28,3418,1,Flagged for manual review.
5378143,1346,,Full-Time,231664,580,No,Yes,Pending,2551.38,3271,3,docs expired
5379039,0314,22/12/2022,Student,58191,825,No,No,Withdrawn,1433.64,1838,5,Co-signer pending review.
5383121,1536,2021-08-09,Student,40086,689,No,Yes,Denied,3832.92,4563,5,Applicant provided pay stubs.
5383843,1219,2022-10-15,Self-Employed,40303,454,No,No,Pending,2429.70,3115,1,
5383930,0458,2020-05-10,Retired,249575,,No,No,Approved,2322.06,2977,2,Applicant follow-up needed
5384056,0951,15/05/2021,Unemployed,37488,705,No,No,Under Review,2368.32,2467,1,Co-signer pending review.
5384110,1381,2022-01-09,Student,213704,719,No,No,Under Review,1186.92,1413,3,Renewal case.
5384490,1092,2023-05-01,Student,163825,799,No,Yes,Withdrawn,4771.20,7952,3,N/A
5385162,0254,2022-05-05,Unemployed,213800,696,No,Yes,Approved,2177.40,3629,2,Applicant follow-up needed
5388118,0979,2023-01-27,Self-Employed,215508,N/A,No,No,Denied,1499.16,1922,1,Applicant provided pay stubs.
5388537,0563,2022-09-28,Contract,148084,782,No,Yes,Approved,3613.50,5475,5,docs expired
5390331,1631,2022-04-30,Unemployed,196170,713,No,Yes,Pending,3173.82,4069,3,Missing bank statements.
5393167,0360,2022-12-06,Part-Time,101169,568,No,No,Approved,4473.00,5325,2,n/a
5394235,0231,2024-04-09,Retired,235702,,No,Yes,Denied,6999.36,7291,1,Co-signer pending review.
5394519,1460,2021-01-05,Full-Time,212700,765,No,No,Approved,2767.80,3295,4,n/a
5396304,0621,2024-05-18,Student,78022,772,Yes,No,Denied,4742.40,6080,3,.
5396395,1790,2024-06-07,Self-Employed,88422,616,No,No,Approved,2851.20,2970,3,
5396416,0776,14/11/2022,Part-Time,248152,719,No,Yes,Withdrawn,1977.60,2060,3,Missing bank statements.
5397068,0231,2022-02-17,Unemployed,163582,438,No,No,Approved,4374.60,7291,4,Referred by agent.
5399371,0437,21/11/2023,Student,128710,744,No,Yes,Denied,2625.60,2735,4,Co-signer pending review.
5400083,0340,2023-10-02,Part-Time,191261,743,No,No,Approved,7164.60,11941,4,n/a
5401800,1290,2023-11-19,Unemployed,242386,N/A,Yes,Yes,Pending,1997.76,2081,5,Co-signer pending review.
5402861,0525,2020-04-08,Contract,75067,710,No,Yes,Denied,1314.00,2190,2,Flagged for manual review.
5402992,1718,2023-04-29,Student,161474,482,No,No,Approved,1382.94,1773,3,docs expired
5403970,1654,2023-11-11,Unemployed,179953,789,No,No,Approved,2903.04,3456,5,docs expired
5405397,0882,2022-10-30,Part-Time,31265,632,No,Yes,Denied,4798.08,5712,1,
5408332,0533,2022-11-20,Full-Time,179516,525,Yes,No,Approved,2938.56,3061,2,income verified via Plaid
5409089,0154,2024-11-11,Full-Time,5861,786,No,No,Approved,1327.68,1383,5,.
5412759,0381,2023-08-28,Unemployed,45476,756,No,No,Approved,3076.80,5128,2,n/a
5413727,0448,2021-12-04,Self-Employed,195311,,No,Yes,Denied,1769.88,2107,2,Referred by agent.
5413998,0633,,Self-Employed,110930,,No,Yes,Approved,3919.44,4666,2,Applicant follow-up needed
5414357,0021,2020-02-22,Full-Time,168301,,No,Yes,Approved,750.96,894,3,
5415746,0969,,Self-Employed,157347,726,No,No,Denied,906.00,1510,1,
5416225,0626,2024-07-03,Unemployed,33108,,No,No,Pending,1552.98,1991,4,income verified via Plaid
5418152,1091,2024-06-13,Unemployed,100316,781,No,Yes,Pending,2373.12,2472,2,docs expired
5418468,1334,2024-03-23,Retired,323564,790,No,Yes,Approved,7789.98,11803,1,Flagged for manual review.
5418507,1056,2021-08-27,Retired,154708,N/A,No,Yes,Pending,758.34,1149,2,
5418997,0991,2023-09-21,Unemployed,49519,795,No,No,Approved,2336.64,2434,3,N/A
5420025,1703,21/10/2020,Retired,217715,754,Yes,Yes,Denied,9728.16,12472,3,Missing bank statements.
5420675,0549,2020-10-21,Part-Time,106074,737,No,No,Approved,1958.88,2968,1,docs expired
5420806,1107,2024-10-15,Full-Time,260621,763,No,No,Approved,2674.56,3184,3,.
5422002,1462,2021-10-08,Student,161443,827,No,Yes,Approved,1205.10,1545,2,income verified via Plaid
5422097,1797,2022-06-11,Student,150008,391,Yes,No,Withdrawn,525.60,876,3,n/a
5424890,0785,2022-07-01,Student,94374,,No,Yes,Approved,3613.74,4633,3,income verified via Plaid
5427311,0649,2022-06-17,Self-Employed,196885,679,No,No,Denied,1580.40,2634,4,Referred by agent.
5427726,1469,2022-08-07,Full-Time,175909,635,Yes,Yes,Approved,2145.78,2751,5,Flagged for manual review.
5428918,1059,2021-09-18,Student,197557,825,Yes,No,Approved,3234.24,3369,5,Renewal case.
5429457,1261,2020-07-20,Contract,198518,512,No,No,Denied,1226.94,1573,3,income verified via Plaid
5431256,0973,2021-09-17,Retired,228463,794,Yes,No,Approved,3697.80,6163,5,
5432856,0500,2024-05-19,Contract,164920,726,No,No,Pending,933.60,1556,1,
5435117,0802,2023-04-19,Contract,165648,772,No,Yes,Approved,1821.60,2760,4,
5435588,0099,2020-11-24,Contract,82435,715,Yes,Yes,Denied,3066.24,3194,3,
5436599,0516,2024-06-03,Part-Time,174205,594,No,No,Pending,1428.00,1700,4,
5437878,1541,2022-11-22,Contract,57310,592,Yes,Yes,Approved,4375.80,6630,5,Applicant provided pay stubs.
5438015,1142,2024-12-20,Contract,119626,762,No,No,Approved,3342.24,5064,5,income verified via Plaid
5438274,1169,2021-08-18,Full-Time,19710,645,No,No,Approved,2839.98,3641,3,Renewal case.
5440078,1094,2021-07-31,Part-Time,76330,767,No,No,Withdrawn,1846.02,2797,1,.
5440898,0622,2023-12-03,Student,92165,692,No,Yes,Pending,1879.80,2410,2,docs expired
5442181,1482,2020-05-21,Student,109122,704,No,No,Denied,11067.84,11529,4,
5442773,1252,14/08/2024,Full-Time,185869,565,No,Yes,Approved,2921.10,3745,4,n/a
5445013,1760,24/01/2020,Retired,149417,638,No,No,Approved,1389.30,2105,2,
5445224,1497,2023-01-07,Part-Time,189911,785,No,Yes,Under Review,1282.20,2137,2,
5446036,0007,2024-06-18,Part-Time,145371,,No,Yes,Approved,2482.56,2586,5,.
5446399,1087,23/06/2024,Part-Time,240377,659,Yes,Yes,Approved,6022.08,6273,3,Referred by agent.
5447707,1476,2024-11-22,Part-Time,94268,605,Yes,Yes,Approved,2403.60,4006,3,
5447852,0024,2024-07-20,Self-Employed,54944,,Yes,No,Approved,2849.28,2968,4,Renewal case.
5451160,1412,31/10/2023,Full-Time,79094,308,No,No,Under Review,1042.80,1580,5,
5451542,1361,2023-06-04,Self-Employed,218238,790,No,Yes,Denied,1203.84,1824,3,Renewal case.
5451944,1705,2022-08-03,Unemployed,39683,504,No,No,Denied,2300.22,2949,5,Applicant provided pay stubs.
5452709,0184,2020-05-21,Student,87815,N/A,No,No,Approved,5112.96,5326,4,Missing bank statements.
5453293,0583,2020-07-04,Contract,225075,785,No,Yes,Under Review,3370.56,3511,3,Flagged for manual review.
5455804,0969,2024-09-04,Student,127395,703,No,Yes,Approved,1177.80,1510,1,Applicant follow-up needed
5458610,0946,2023-01-16,Student,195102,797,No,No,Approved,4659.60,7766,3,n/a
5459948,0642,2022-11-01,Student,158044,780,No,Yes,Denied,713.16,849,4,Renewal case.
5463466,1136,22/04/2021,Part-Time,143900,772,Yes,No,Approved,3254.94,4173,5,Applicant provided pay stubs.
5463518,0112,2020-08-21,Full-Time,79982,684,No,No,Pending,4463.04,4649,3,
5466933,0796,2021-06-02,Unemployed,33190,760,No,No,Denied,890.34,1349,3,Renewal case.
5467192,0623,2020-11-16,Student,63901,654,No,No,Denied,7350.72,7657,5,docs expired
5469636,1708,2020-12-10,Retired,19348,,No,Yes,Pending,2041.38,0,4,docs expired
5469885,0534,2021-10-15,Unemployed,3850,,No,No,Denied,2500.68,2977,1,
5470334,1677,2022-07-30,Part-Time,18328,750,No,Yes,Pending,675.48,866,2,
5471297,0418,2021-08-16,Student,144876,732,No,No,Approved,2898.00,3450,3,Applicant follow-up needed
5471663,0455,2020-09-12,Retired,65378,681,No,No,Approved,3025.62,3879,3,Co-signer pending review.
5471889,1418,2020-03-11,Retired,92984,631,No,No,Pending,1912.80,0,5,Co-signer pending review.
5472627,1375,2024-08-09,Part-Time,80066,781,No,No,Approved,1991.34,2553,4,Applicant provided pay stubs.
5473427,1449,31/01/2021,Full-Time,39503,713,No,No,Approved,1269.18,1923,1,n/a
5479311,0864,2023-12-12,Part-Time,234958,623,No,Yes,Approved,5547.96,8406,4,docs expired
5481938,1170,2023-10-15,Student,96260,515,No,Yes,Denied,2519.04,0,3,
5482291,1721,2020-01-05,Self-Employed,126998,782,No,No,Denied,2613.78,3351,2,Applicant follow-up needed
5483817,0126,2021-03-05,Full-Time,73356,724,No,No,Withdrawn,1876.56,2234,2,.
5484480,0657,2020-09-21,Contract,234799,710,No,No,Approved,1824.00,1900,3,Missing bank statements.
5484676,1333,22/09/2023,Unemployed,149188,605,No,Yes,Approved,4326.00,7210,3,docs expired
5485362,0885,27/01/2023,Student,163084,N/A,No,Yes,Approved,1119.00,1865,1,Referred by agent.
5487936,0112,2023-09-02,Part-Time,53961,673,No,No,Denied,4463.04,4649,1,.
5488531,0779,2022-08-28,Retired,216470,799,No,Yes,Approved,6321.90,8105,2,.
5489205,1599,2021-01-23,Part-Time,200718,764,No,Yes,Approved,3153.60,0,4,
5491650,0582,2020-05-16,Self-Employed,131477,790,No,No,Pending,2834.52,3634,2,
5492349,1192,2021-06-14,Self-Employed,37893,842,No,Yes,Approved,5637.72,8542,5,
5492380,1406,,Self-Employed,134271,813,No,No,Approved,2835.30,3635,4,N/A
5492787,0479,2024-10-04,Unemployed,96276,818,No,No,Withdrawn,4128.00,6880,1,Referred by agent.
5493557,0598,2024-01-06,Part-Time,151129,745,No,Yes,Withdrawn,2723.76,3492,4,docs expired
5496062,0786,2023-12-16,Retired,136242,576,No,No,Withdrawn,1992.48,2372,4,n/a
5497042,0826,2020-11-24,Part-Time,235449,,No,Yes,Under Review,2686.20,4477,2,
5497191,0470,2023-04-26,Unemployed,213580,,No,No,Approved,5229.84,6226,4,n/a
5497662,1102,2022-07-15,Unemployed,161738,327,No,No,Approved,2244.48,2338,3,N/A
5500616,0686,2020-08-25,Part-Time,220658,,No,No,Approved,3148.86,4037,4,n/a
5506298,1664,2021-10-10,Self-Employed,161714,787,No,No,Approved,2322.24,2419,4,N/A
5508905,1643,2023-07-01,Retired,123335,655,No,No,Approved,1777.20,0,4,.
5509983,1678,2024-06-12,Full-Time,210594,730,Yes,No,Denied,2183.16,2599,5,Flagged for manual review.
5510082,0127,2020-06-06,Contract,14028,842,No,No,Approved,1086.12,1293,3,docs expired
5511298,0744,2021-04-25,Part-Time,154442,680,No,No,Denied,2890.68,3706,3,docs expired
5516110,1243,,Student,18894,,No,No,Pending,4718.34,7149,2,
5516210,0949,2021-10-17,Part-Time,40502,718,No,No,Denied,1868.10,2395,4,n/a
5516304,0174,,Retired,221915,598,No,No,Approved,1452.00,2420,4,Referred by agent.
5516499,1476,2021-11-22,Contract,242371,763,No,Yes,Denied,2403.60,4006,1,Renewal case.
5517023,1670,2024-11-15,Contract,136498,809,No,No,Approved,5045.04,6006,1,Co-signer pending review.
5517454,1607,2022-09-18,Unemployed,45965,595,Yes,Yes,Denied,2762.10,4185,4,.
5518326,1041,2023-12-07,Full-Time,111992,741,No,Yes,Approved,2007.72,3042,5,Applicant provided pay stubs.
5520189,0930,2023-09-17,Part-Time,190658,651,Yes,Yes,Pending,1099.80,1410,4,Applicant provided pay stubs.
5527284,0293,2024-12-15,Contract,205920,708,No,No,Denied,2555.28,3042,5,
5527778,0487,20/10/2023,Contract,175195,817,Yes,Yes,Approved,1882.92,2414,3,
5534933,0249,2022-02-07,Unemployed,47146,796,No,No,Denied,2509.20,4182,5,.
5534978,1188,25/10/2020,Part-Time,148002,742,No,Yes,Pending,12030.72,12532,4,.
5535879,1706,2023-07-11,Part-Time,232310,600,No,Yes,Approved,6608.28,7867,5,.
5536222,0825,2024-06-13,Retired,229277,748,No,Yes,Denied,1402.50,2125,2,N/A
5537137,0053,,Full-Time,158923,726,No,No,Approved,2922.60,0,2,Flagged for manual review.
5537262,1205,2021-06-06,Contract,48095,558,No,No,Under Review,3677.70,4715,3,Co-signer pending review.
5541246,0046,2023-07-04,Part-Time,179375,699,No,No,Approved,1391.40,2319,1,
5541467,0114,,Unemployed,124258,675,No,No,Under Review,2281.92,2377,5,Flagged for manual review.
5541787,0920,2023-08-11,Retired,214336,837,No,Yes,Approved,2880.36,3429,1,Co-signer pending review.
5545115,0284,2021-06-24,Full-Time,71741,,No,Yes,Approved,1691.58,2563,5,docs expired
5546815,0049,2024-06-02,Contract,177226,772,Yes,Yes,Pending,3568.32,3717,3,Applicant follow-up needed
5547430,0752,2022-09-26,Unemployed,36595,780,No,Yes,Approved,2683.98,3441,2,
5550204,0253,,Student,235434,813,No,No,Approved,3001.44,3848,4,income verified via Plaid
5551004,1041,2022-12-12,Contract,124299,768,Yes,No,Pending,2372.76,3042,2,n/a
5552204,0324,2021-08-26,Self-Employed,74191,769,No,Yes,Approved,2076.36,3146,4,.
5552630,1147,2021-09-09,Part-Time,179205,818,No,Yes,Under Review,2899.68,3452,2,Renewal case.
5554206,0886,2022-09-22,Part-Time,210304,720,No,No,Denied,1359.60,2266,5,Referred by agent.
5554777,1228,2023-12-17,Unemployed,197145,553,No,No,Withdrawn,940.80,1120,3,n/a
5555823,1346,2023-04-14,Full-Time,214228,468,No,No,Approved,2747.64,3271,1,
5556690,1550,2022-12-12,Full-Time,137725,594,Yes,Yes,Approved,4288.32,4467,2,Renewal case.
5556838,0045,19/10/2020,Contract,284232,721,No,Yes,Withdrawn,2938.56,3061,2,.
5558216,0985,2020-03-03,Contract,39896,764,Yes,Yes,Denied,1663.68,1733,4,
5560049,1331,2022-11-08,Unemployed,227046,647,No,Yes,Approved,3152.76,4042,4,Missing bank statements.
5560612,0063,2022-08-09,Part-Time,136613,765,Yes,No,Approved,5567.76,8436,4,Applicant follow-up needed
5561439,0466,2024-05-10,Retired,156226,766,No,No,Denied,2025.00,3375,2,
5561650,1628,,Unemployed,183944,812,No,Yes,Denied,4589.52,5884,4,docs expired
5562679,0633,2021-09-02,Self-Employed,223789,761,No,No,Pending,3919.44,4666,5,Co-signer pending review.
5564052,1502,2023-09-22,Unemployed,74391,671,No,No,Approved,2289.30,2935,5,Co-signer pending review.
5564727,0125,2022-04-09,Self-Employed,135022,726,No,Yes,Pending,3672.48,4372,1,income verified via Plaid
5565649,1358,2024-10-19,Unemployed,194229,748,No,No,Approved,3785.28,3943,5,docs expired
5565842,0047,2023-12-24,Part-Time,244778,745,No,Yes,Approved,4567.92,5438,3,.
5566768,0512,2023-05-01,Contract,157422,,No,No,Withdrawn,4939.80,8233,3,docs expired
5569318,0042,2024-01-07,Full-Time,68621,526,No,No,Pending,4618.02,6997,2,
5569559,0760,2022-03-05,Full-Time,58139,794,No,No,Pending,1092.60,1821,1,
5570734,0419,26/10/2020,Part-Time,246412,,Yes,No,Under Review,1500.72,1924,3,income verified via Plaid
5572842,1398,2022-10-28,Contract,137161,,No,No,Denied,2454.48,2922,1,docs expired
5575631,1794,2021-07-30,Contract,107681,787,No,No,Approved,5537.28,5768,3,Co-signer pending review.
5577479,0315,2023-05-19,Full-Time,39691,730,No,Yes,Denied,955.20,995,3,Referred by agent.
5577725,0002,2023-12-29,Retired,97393,489,Yes,Yes,Under Review,2403.18,3081,5,income verified via Plaid
5578211,0689,2022-08-01,Part-Time,125774,762,No,Yes,Under Review,1306.20,1555,5,n/a
5578715,0836,2024-05-03,Unemployed,40385,673,No,Yes,Denied,2920.50,4425,5,income verified via Plaid
5579333,1130,2024-02-05,Retired,195914,428,No,Yes,Pending,4380.48,5616,3,Referred by agent.
5580094,1796,2022-05-06,Part-Time,54773,602,Yes,No,Approved,3211.20,3345,3,docs expired
5582481,0674,,Self-Employed,60682,740,No,No,Approved,2686.80,4478,1,.
5584418,0812,2020-08-17,Part-Time,94897,,Yes,No,Pending,2325.18,2981,1,Applicant follow-up needed
5585130,1661,,Unemployed,156041,830,No,No,Under Review,2443.32,3702,4,Renewal case.
5586257,0463,2024-12-31,Contract,198938,651,Yes,Yes,Denied,3024.00,3600,2,n/a
5586330,1491,2023-02-18,Part-Time,137300,779,Yes,No,Denied,1492.14,1913,4,N/A
5587902,0161,2020-08-04,Contract,247876,771,Yes,Yes,Pending,3365.04,4006,5,docs expired
5589183,0198,2021-12-28,Full-Time,228314,767,No,Yes,Pending,3588.48,3738,5,Renewal case.
5589280,0984,2020-03-05,Self-Employed,126940,765,No,No,Pending,989.82,1269,5,Flagged for manual review.
5590420,1310,2021-02-07,Unemployed,25146,749,No,No,Denied,2514.60,3810,3,
5590602,0387,2020-01-02,Contract,211946,688,Yes,No,Approved,2230.80,3718,3,Co-signer pending review.
5591397,0568,2020-08-25,Contract,246984,N/A,No,No,Denied,1866.48,2828,5,
5593931,0155,2021-10-24,Student,60961,720,Yes,No,Denied,4062.72,4232,3,
5594127,1350,2023-12-11,Contract,79407,304,No,No,Under Review,3731.28,4442,3,docs expired
5595669,1462,2021-06-18,Self-Employed,207997,693,No,No,Denied,1019.70,1545,2,
5595873,0572,24/10/2023,Self-Employed,196190,622,No,No,Pending,1014.00,1300,2,Applicant provided pay stubs.
5596202,0552,2020-02-01,Retired,93932,701,No,No,Denied,7008.30,8985,1,Missing bank statements.
5596591,0356,2022-10-03,Retired,95270,621,No,Yes,Approved,6009.36,7154,2,.
5596704,1105,2023-08-19,Part-Time,216228,776,No,No,Withdrawn,1014.72,1208,3,Flagged for manual review.
5597184,1511,2021-09-15,Self-Employed,200683,799,Yes,Yes,Under Review,2935.80,4893,5,Applicant follow-up needed
5598079,0816,2021-12-19,Part-Time,192600,840,No,No,Approved,1111.44,1684,4,N/A
5600510,0030,2022-11-25,Student,55717,693,No,Yes,Approved,2976.96,3101,2,N/A
5602292,0566,2023-03-02,Contract,32302,816,No,Yes,Approved,1177.80,1510,2,income verified via Plaid
5602694,0529,2024-07-07,Part-Time,134963,724,No,No,Denied,3611.52,3762,2,Applicant provided pay stubs.
5604582,1232,2021-01-20,Unemployed,39615,741,No,No,Approved,2227.68,2856,2,
5605392,0082,2023-11-18,Retired,53068,,No,No,Approved,2312.64,2409,1,Co-signer pending review.
5606969,1194,2024-06-16,Contract,191383,,No,Yes,Under Review,1756.20,2927,3,Applicant follow-up needed
5611304,1221,2021-06-26,Full-Time,138676,680,No,Yes,Denied,5055.96,6019,4,.
5613422,0670,2021-02-03,Self-Employed,183687,,No,No,Denied,3213.60,0,1,
5615641,0372,2022-10-09,Self-Employed,124400,625,No,No,Approved,1607.04,1674,2,
5617076,0755,2023-05-12,Full-Time,82011,,No,Yes,Denied,5880.96,6126,1,Missing bank statements.
5618390,1773,2021-08-08,Part-Time,79794,677,No,No,Denied,4751.04,4949,4,.
5618444,0672,2020-05-23,Part-Time,103887,600,No,No,Approved,3000.48,3572,3,Co-signer pending review.
5619388,1233,14/04/2023,Retired,56637,378,No,Yes,Denied,2248.68,2677,2,Referred by agent.
5623241,1382,2024-02-01,Unemployed,144995,686,No,No,Approved,885.00,1475,1,Applicant provided pay stubs.
5626620,1454,,Retired,138944,659,No,No,Denied,982.80,1170,3,income verified via Plaid
5626644,1458,2021-10-25,Unemployed,141942,666,No,No,Approved,2715.60,4526,5,docs expired
5627127,1468,2024-12-16,Student,198580,676,No,Yes,Withdrawn,1994.46,2557,3,Missing bank statements.
5627348,1343,2024-03-15,Part-Time,79019,605,No,Yes,Pending,1205.88,1546,3,Referred by agent.
5627771,0928,2020-12-19,Full-Time,184686,765,No,Yes,Denied,1071.18,0,1,
5631672,0477,2022-03-13,Student,128412,585,Yes,Yes,Pending,971.04,1156,5,Applicant follow-up needed
5634469,0280,2020-05-18,Student,249675,485,Yes,No,Approved,924.00,1400,2,Missing bank statements.
5636127,1696,2024-06-28,Part-Time,236601,750,No,Yes,Approved,1867.32,2223,1,docs expired
5636418,0869,2020-08-04,Retired,235193,702,No,No,Approved,1171.50,1775,5,Flagged for manual review.
5638925,0650,2021-03-27,Retired,167966,,No,Yes,Approved,1491.00,1775,5,income verified via Plaid
5645093,1597,2020-04-19,Student,68336,826,No,No,Approved,1556.88,1996,5,Renewal case.
5645098,0911,2021-03-10,Student,212364,783,No,No,Denied,4841.28,5043,5,income verified via Plaid
5645488,1606,2024-11-01,Full-Time,131068,N/A,No,Yes,Pending,4223.04,4399,3,Co-signer pending review.
5646425,0252,2022-06-27,Self-Employed,288996,811,No,No,Approved,1089.00,1650,4,docs expired
5647280,1246,2021-11-12,Student,245192,690,No,No,Denied,1504.14,2279,4,n/a
5647925,0841,2024-02-20,Student,209678,683,No,No,Approved,1976.04,2994,5,
5648350,1605,2024-12-05,Retired,117754,,Yes,Yes,Approved,1728.00,2880,1,docs expired
5649990,1059,2023-09-08,Student,33353,580,No,No,Withdrawn,3234.24,3369,1,Applicant follow-up needed
5651161,0150,22/08/2023,Full-Time,231869,750,No,No,Withdrawn,1992.96,2076,1,Co-signer pending review.
5651256,0784,2024-02-16,Retired,98162,N/A,Yes,No,Approved,1940.64,2488,4,Applicant follow-up needed
5651287,1625,2024-07-20,Unemployed,147000,384,No,Yes,Approved,4545.84,5828,3,
5653556,0549,,Part-Time,122886,752,No,No,Approved,1958.88,2968,4,income verified via Plaid
5658146,0978,2023-11-14,Full-Time,105180,675,Yes,No,Denied,1211.52,1262,2,
5659847,1516,2021-02-01,Retired,53028,616,No,Yes,Approved,1640.10,2485,5,
5659922,0269,2022-12-13,Self-Employed,149068,702,No,Yes,Approved,1713.60,2040,1,.
5660148,1393,2021-06-08,Retired,37807,748,No,No,Approved,3371.94,5109,4,n/a
5660510,0614,2020-02-19,Retired,51444,821,No,Yes,Pending,3595.02,4609,5,Renewal case.
5660578,0664,2023-07-03,Retired,126826,798,No,Yes,Pending,747.60,890,4,Flagged for manual review.
5661964,0817,2024-12-11,Student,118482,669,No,No,Denied,3894.24,0,4,N/A
5662714,1028,,Self-Employed,190423,445,No,Yes,Approved,1345.08,2038,5,Referred by agent.
5662964,0003,2022-03-29,Full-Time,129867,,No,No,Approved,1197.84,1426,1,.
5663067,0215,20/09/2022,Student,110465,755,No,No,Under Review,850.56,886,1,n/a
5665767,1340,2023-01-13,Full-Time,189388,698,No,No,Approved,1099.56,1666,1,.
5667219,0426,2020-09-20,Part-Time,231741,772,No,Yes,Approved,4578.00,5450,5,Applicant follow-up needed
5667636,1365,23/10/2022,Self-Employed,68577,703,Yes,No,Pending,3573.18,4581,4,Applicant follow-up needed
5669549,0480,2021-03-28,Self-Employed,201466,729,No,Yes,Approved,3494.40,4480,4,Referred by agent.
5671410,0229,2024-05-29,Contract,36877,324,No,Yes,Approved,1843.14,2363,5,Flagged for manual review.
5672720,1073,30/07/2022,Self-Employed,72481,745,No,No,Approved,1032.72,1324,5,Flagged for manual review.
5673403,1679,2022-07-10,Student,186678,497,No,Yes,Approved,2926.44,4434,2,n/a
5675503,0223,2021-04-24,Unemployed,72610,740,No,No,Under Review,4753.56,5659,1,
5676298,0379,2024-05-20,Part-Time,140496,718,No,No,Pending,1195.26,1811,4,Flagged for manual review.
5676636,1062,2020-02-01,Self-Employed,201608,528,No,No,Approved,1084.80,1130,5,Applicant provided pay stubs.
5676694,0086,16/01/2022,Part-Time,232805,782,No,No,Under Review,6945.96,8269,1,income verified via Plaid
5676829,0007,2024-06-06,Retired,90443,791,No,Yes,Approved,1706.76,2586,5,Missing bank statements.
5677500,0923,2022-01-02,Self-Employed,74702,N/A,No,No,Approved,2178.60,3631,1,income verified via Plaid
5680518,0375,,Unemployed,100510,338,No,No,Pending,2637.12,2747,4,Referred by agent.
5680591,0563,2024-08-30,Unemployed,178488,810,No,Yes,Withdrawn,4270.50,0,4,Applicant provided pay stubs.
5681288,0188,2021-12-04,Retired,154658,676,Yes,Yes,Denied,804.60,1341,4,income verified via Plaid
5681317,0901,2022-06-19,Student,248935,703,No,No,Approved,4358.64,5588,3,Missing bank statements.
5681357,0802,2021-07-25,Full-Time,154856,787,No,No,Denied,1416.96,1476,4,Applicant follow-up needed
5682391,0267,2020-07-03,Self-Employed,296751,781,No,No,Approved,7103.04,7399,4,Referred by agent.
5683705,0909,2024-06-03,Unemployed,37709,364,No,No,Approved,812.46,1231,2,N/A
5683744,0781,2021-09-01,Contract,84347,637,Yes,No,Approved,3196.80,3330,4,.
5684474,0962,24/07/2024,Student,46755,797,No,Yes,Approved,771.54,1169,3,income verified via Plaid
5688001,0300,2024-12-02,Contract,121307,657,Yes,Yes,Pending,4174.80,4970,2,n/a
5689834,0306,2020-03-29,Unemployed,118522,687,No,No,Approved,1754.28,2658,2,income verified via Plaid
5693797,0960,2024-01-26,Student,128759,N/A,No,No,Pending,1164.60,1941,4,Applicant provided pay stubs.
5695623,1781,2021-05-31,Contract,54928,778,No,Yes,Approved,1829.88,2346,5,
5695624,1650,18/07/2022,Retired,160368,534,No,No,Approved,3039.36,3166,4,docs expired
5696654,0481,2023-11-23,Retired,142135,N/A,No,Yes,Approved,1548.12,1843,5,
5696862,0233,2020-06-10,Full-Time,113100,677,No,No,Denied,1794.60,2991,2,Applicant provided pay stubs.
5697536,0047,28/02/2020,Self-Employed,177269,606,No,Yes,Approved,5220.48,5438,3,Co-signer pending review.
5697588,1149,2024-11-19,Retired,175148,662,No,Yes,Denied,6057.24,7211,1,Applicant provided pay stubs.
5698235,0535,21/03/2023,Unemployed,99083,817,Yes,Yes,Withdrawn,715.20,1192,2,N/A
5700029,0644,2023-07-10,Unemployed,234861,612,No,No,Denied,2372.04,3594,1,Renewal case.
5701092,0063,2021-01-03,Self-Employed,88931,739,No,No,Approved,6580.08,8436,1,
5702605,0287,2020-07-11,Contract,75875,709,No,No,Approved,3676.20,5570,2,Co-signer pending review.
5703576,1688,2023-09-01,Student,63750,339,No,No,Under Review,2509.08,2987,5,Co-signer pending review.
5706581,1383,2020-02-26,Full-Time,189168,,No,Yes,Approved,1834.80,3058,2,Applicant provided pay stubs.
5706912,1111,2020-11-23,Contract,78911,572,No,No,Pending,3261.12,3397,3,docs expired
5707063,0284,2021-07-02,Full-Time,203512,698,No,No,Approved,1691.58,2563,5,
5707069,0498,2020-01-10,Student,177802,,Yes,No,Approved,1078.20,1797,3,
5708372,1729,2020-05-23,Student,59830,647,No,No,Denied,547.14,829,4,docs expired
5713151,1025,2021-12-02,Part-Time,181125,691,No,Yes,Approved,4444.80,4630,2,
5714774,0841,2020-02-05,Student,214284,737,No,No,Approved,1976.04,2994,5,.
5716220,1784,,Self-Employed,174065,404,No,No,Denied,1314.60,2191,3,Referred by agent.
5718085,0214,2022-03-19,Self-Employed,27102,398,No,Yes,Pending,3258.06,4177,3,Applicant provided pay stubs.
5722301,0634,2024-05-06,Student,70750,690,No,Yes,Approved,860.40,1434,3,Applicant provided pay stubs.
5723086,1728,2022-09-13,Student,211087,N/A,No,Yes,Denied,4873.44,7384,5,
5723439,1039,2021-11-04,Student,109520,754,Yes,No,Approved,1944.60,3241,5,
5725510,1733,2023-09-28,Part-Time,237070,699,No,No,Pending,6395.40,10659,4,Renewal case.
5726295,0128,,Retired,276836,682,No,No,Denied,7369.92,7677,3,Referred by agent.
5726388,0555,2022-12-06,Unemployed,46032,751,No,No,Approved,1896.00,3160,2,docs expired
5728407,1003,2024-06-18,Full-Time,322381,808,No,No,Denied,7338.24,8736,5,N/A
5730864,0529,2021-01-11,Self-Employed,245510,816,No,No,Denied,2934.36,3762,4,Applicant provided pay stubs.
5732979,0655,2023-02-11,Unemployed,273941,760,No,Yes,Approved,3233.16,3849,3,Referred by agent.
5734812,0373,23/10/2020,Contract,210291,716,No,Yes,Approved,6396.00,8200,4,income verified via Plaid
5737402,0292,2022-10-05,Self-Employed,169782,411,No,No,Withdrawn,575.40,959,2,Flagged for manual review.
5737635,0674,2023-06-09,Full-Time,126357,820,Yes,No,Approved,2955.48,4478,3,
5737731,1725,2021-03-27,Contract,242261,821,No,No,Approved,5043.60,8406,4,income verified via Plaid
5738703,0295,25/07/2023,Retired,150255,734,No,Yes,Denied,3129.00,5215,2,
5739254,1512,2020-03-11,Retired,97145,680,No,Yes,Approved,1744.20,2907,4,Renewal case.
5739652,0594,2022-07-19,Self-Employed,131997,829,No,No,Approved,759.60,1266,4,Renewal case.
5741656,0285,2022-08-03,Full-Time,87535,591,No,No,Approved,2010.60,3351,5,
5742462,0627,2024-07-08,Part-Time,86390,725,No,No,Approved,3791.76,4514,3,Missing bank statements.
5742590,1764,2021-06-15,Student,120972,733,No,Yes,Approved,3289.20,5482,5,income verified via Plaid
5747150,1725,2023-10-12,Self-Employed,208270,828,No,No,Under Review,8069.76,8406,1,N/A
5747399,1781,2023-07-04,Part-Time,170349,802,No,Yes,Under Review,2252.16,0,2,Applicant provided pay stubs.
5752128,0198,24/08/2022,Contract,92170,,No,No,Denied,3139.92,3738,2,.
5752203,0164,2021-03-27,Unemployed,139388,627,No,No,Approved,2333.52,2778,5,N/A
5752391,1761,17/06/2020,Full-Time,126939,422,No,No,Denied,7926.72,8257,1,.
5752422,0180,2020-02-15,Student,232127,,No,No,Approved,1674.12,1993,5,Referred by agent.
5752483,1105,,Part-Time,129454,824,No,No,Denied,797.28,1208,3,Referred by agent.
5752766,0617,2020-04-02,Part-Time,165197,,No,Yes,Pending,2549.04,3268,5,N/A
5753785,0132,2021-10-23,Unemployed,57615,797,Yes,No,Approved,1535.52,1828,3,Applicant provided pay stubs.
5754283,0118,23/06/2024,Full-Time,79837,754,No,No,Approved,5903.52,7028,3,docs expired
5754691,1465,20/12/2023,Student,93567,,No,Yes,Approved,2572.80,2680,4,Co-signer pending review.
5755750,1016,,Full-Time,198976,789,No,No,Withdrawn,5998.44,7141,3,n/a
5758621,0329,2022-06-07,Contract,161237,646,No,Yes,Denied,1704.00,2840,2,.
5759411,1195,2022-12-11,Full-Time,72217,813,No,No,Denied,2632.20,4387,2,n/a
5759527,1030,2020-03-14,Student,180557,782,Yes,Yes,Approved,890.40,1484,4,Flagged for manual review.
5763081,1068,2021-03-15,Self-Employed,189822,696,No,No,Pending,3213.00,5355,1,docs expired
5767610,1014,2024-11-29,Self-Employed,174151,803,No,No,Approved,7123.20,7420,1,Flagged for manual review.
5767867,0033,2023-05-10,Retired,157154,774,No,Yes,Denied,865.80,1110,3,.
5769248,1506,2022-06-06,Contract,275022,726,No,No,Approved,2103.36,2191,3,Renewal case.
5770246,0866,,Part-Time,57774,780,No,Yes,Withdrawn,2376.00,2475,3,N/A
5771969,1463,2020-12-10,Self-Employed,720000,N/A,No,No,Under Review,2106.00,3510,3,
5772814,1406,2022-01-10,Contract,22630,588,No,No,Withdrawn,2835.30,3635,4,Co-signer pending review.
5775751,1758,2024-03-27,Part-Time,172058,,No,No,Under Review,3611.40,6019,1,Renewal case.
5777632,0074,2022-08-04,Part-Time,139818,775,No,No,Approved,6569.64,9954,4,Co-signer pending review.
5781138,0057,2024-01-26,Full-Time,115070,778,No,No,Approved,5987.52,6237,4,N/A
5781562,1006,22/07/2024,Self-Employed,165053,724,No,Yes,Denied,3943.80,4695,4,n/a
5782109,0323,2024-01-23,Contract,208689,707,No,Yes,Approved,5037.48,5997,3,Applicant follow-up needed
5785294,0435,2024-06-08,Contract,149967,746,No,No,Approved,1350.18,1731,3,Applicant provided pay stubs.
5786061,0725,2024-03-12,Self-Employed,130988,629,No,No,Approved,1495.68,1558,1,N/A
5788056,1421,19/09/2022,Unemployed,312010,376,Yes,No,Approved,2304.72,3492,1,income verified via Plaid
5788574,1090,,Part-Time,181036,740,Yes,No,Denied,3282.60,5471,4,N/A
5789472,0319,2021-11-04,Self-Employed,119200,N/A,No,No,Approved,2206.62,2829,5,income verified via Plaid
5789536,1215,2023-08-27,Contract,53511,747,No,Yes,Denied,2452.32,3144,1,Applicant follow-up needed
5791257,0608,2020-11-19,Full-Time,186643,744,No,Yes,Approved,2620.20,4367,1,Flagged for manual review.
5792259,1264,31/07/2020,Retired,224321,792,Yes,No,Withdrawn,2424.24,3108,3,Applicant follow-up needed
5792521,0175,2024-11-06,Contract,122128,709,No,Yes,Denied,4383.72,6642,5,N/A
5793787,0864,,Student,123983,782,No,No,Approved,8069.76,8406,1,Flagged for manual review.
5795331,0630,2021-12-25,Full-Time,172290,597,No,No,Approved,1171.50,1775,3,Applicant provided pay stubs.
5796328,0569,2022-05-29,Self-Employed,102805,711,No,Yes,Denied,5338.74,8089,3,.
5799889,1605,2023-06-26,Unemployed,171425,510,No,No,Withdrawn,1728.00,2880,2,Co-signer pending review.
5800977,0159,2022-03-10,Unemployed,46270,789,No,Yes,Approved,664.80,1108,1,n/a
5801776,0383,2021-10-31,Retired,37069,725,No,No,Under Review,2846.40,2965,4,Applicant provided pay stubs.
5802176,1525,2022-02-15,Unemployed,74360,768,No,No,Denied,2598.18,3331,2,income verified via Plaid
5802866,0753,2021-08-13,Part-Time,90087,697,No,Yes,Under Review,1626.00,2710,5,
5803029,0005,2024-07-28,Full-Time,201565,726,No,No,Approved,3274.32,3898,2,Missing bank statements.
5803179,1386,26/01/2024,Part-Time,175314,661,No,Yes,Withdrawn,2358.84,3574,5,income verified via Plaid
5803333,1189,2020-02-02,Self-Employed,119294,786,No,No,Pending,2567.40,4279,5,
5804110,0747,2024-01-24,Full-Time,231642,618,No,Yes,Approved,2506.56,2611,5,income verified via Plaid
5804704,1077,2021-03-12,Student,211918,350,No,No,Under Review,1575.60,2020,2,Co-signer pending review.
5805992,1421,2021-04-03,Contract,181177,703,No,Yes,Pending,2304.72,3492,5,Flagged for manual review.
5806314,1067,2023-06-26,Student,56892,740,Yes,Yes,Denied,2258.88,2896,5,Applicant provided pay stubs.
5808002,1523,2021-12-16,Retired,144487,,No,No,Denied,6349.98,8141,3,Flagged for manual review.
5808299,0526,2023-10-01,Student,210750,758,No,No,Withdrawn,2789.28,3576,1,Missing bank statements.
5808315,1098,,Self-Employed,106942,707,No,Yes,Approved,3255.84,3876,3,Renewal case.
5809622,1244,2023-10-12,Full-Time,88740,662,No,Yes,Withdrawn,4965.00,8275,5,Applicant provided pay stubs.
5810486,0136,2022-09-22,Student,148073,822,No,Yes,Under Review,784.80,1308,2,Co-signer pending review.
5810786,0556,2022-12-29,Part-Time,70240,768,No,No,Approved,2850.96,3394,2,Referred by agent.
5814647,0702,21/08/2021,Retired,259489,796,Yes,No,Pending,1036.56,1234,3,Co-signer pending review.
5815254,1147,2021-02-12,Self-Employed,92220,729,No,No,Approved,1395.00,2325,4,Renewal case.
5815513,1012,2022-04-12,Student,236489,744,No,No,Pending,3735.48,4447,4,Referred by agent.
5817716,0933,2021-09-06,Unemployed,209989,,No,No,Pending,1343.16,1722,3,Flagged for manual review.
5819644,1462,2023-02-12,Part-Time,219308,648,No,Yes,Approved,927.00,1545,1,
5819828,1046,2023-04-13,Self-Employed,29015,785,No,No,Approved,1225.92,1277,5,.
5819960,0077,2023-05-05,Contract,193423,667,No,Yes,Under Review,1135.86,1721,4,N/A
5820314,0101,2023-12-12,Full-Time,142042,830,Yes,No,Denied,2247.18,2881,1,.
5822949,1367,2021-03-24,Retired,223765,612,No,No,Withdrawn,741.60,1236,3,Renewal case.
5826252,1186,,Unemployed,28609,712,No,No,Approved,3361.80,5603,2,income verified via Plaid
5826942,0559,22/02/2024,Retired,202500,,No,No,Approved,1586.76,1889,3,docs expired
5828699,1343,2023-05-05,Self-Employed,205441,809,No,No,Under Review,927.60,1546,4,n/a
5829928,1749,2021-07-12,Retired,63368,352,No,No,Under Review,1830.84,0,5,Referred by agent.
5830341,1667,2023-11-23,Full-Time,26382,695,No,No,Approved,4618.56,4811,3,Missing bank statements.
5830541,1110,2020-03-18,Contract,148448,748,Yes,Yes,Approved,1372.14,2079,1,Flagged for manual review.
5831478,1538,2021-12-18,Part-Time,299945,,No,Yes,Pending,1032.00,1720,1,Applicant follow-up needed
5831990,1512,2020-06-25,Unemployed,74720,735,Yes,Yes,Denied,2441.88,2907,2,
5832210,0119,2021-06-13,Part-Time,221104,710,Yes,No,Denied,4598.40,4790,2,Flagged for manual review.
5832759,1695,2021-08-09,Student,36171,735,Yes,Yes,Under Review,3364.02,5097,2,Renewal case.
5833340,0561,2021-05-29,Self-Employed,9335,583,Yes,No,Pending,1638.72,1707,5,Applicant provided pay stubs.
5834548,1576,24/02/2021,Self-Employed,18055,642,No,Yes,Withdrawn,3822.06,5791,5,income verified via Plaid
5835291,0492,2024-10-05,Contract,125473,766,No,Yes,Under Review,1233.12,1468,5,.
5838505,1675,2021-05-21,Student,234256,659,No,No,Approved,1310.76,1986,5,docs expired
5838988,0419,2021-10-19,Student,22550,674,No,No,Under Review,1616.16,1924,2,N/A
5840018,0099,2023-01-31,Retired,70501,730,No,No,Approved,2491.32,3194,1,Applicant provided pay stubs.
5841525,0980,25/11/2023,Retired,241894,661,No,No,Approved,1589.76,1656,1,docs expired
5842160,0276,2024-06-02,Self-Employed,24162,772,No,Yes,Approved,798.72,832,5,
5845021,0750,2020-02-22,Part-Time,175411,817,No,No,Approved,3043.56,3902,5,docs expired
5845926,0804,2024-07-21,Contract,34420,681,No,No,Withdrawn,3030.72,3157,4,Referred by agent.
5846004,1118,2021-08-05,Self-Employed,141208,590,No,Yes,Approved,1648.08,1962,1,Renewal case.
5847089,1459,2022-05-05,Full-Time,229858,831,No,Yes,Withdrawn,1993.86,3021,4,docs expired
5847589,0447,,Self-Employed,93349,582,No,No,Approved,3751.80,4810,2,Flagged for manual review.
5848606,0251,2022-08-07,Self-Employed,185422,317,No,Yes,Pending,1191.96,1419,3,Co-signer pending review.
5848647,1210,2023-06-03,Full-Time,41406,680,No,Yes,Under Review,2283.84,2928,1,Referred by agent.
5850870,0241,2020-03-13,Part-Time,169154,670,No,No,Approved,1406.46,2131,4,
5853137,1211,17/04/2022,Retired,54280,649,No,Yes,Denied,1673.28,1743,5,
5853454,0863,26/06/2024,Retired,140648,675,No,Yes,Pending,979.68,1256,2,Referred by agent.
5855638,1596,2020-01-19,Contract,158918,752,Yes,No,Approved,6676.32,7948,4,Referred by agent.
5855927,1604,2021-02-13,Contract,47727,,No,No,Under Review,2927.40,4879,3,
5856723,0851,24/07/2024,Part-Time,140568,776,No,No,Denied,1179.60,1966,4,income verified via Plaid
5860484,1221,2024-08-09,Self-Employed,209402,690,No,Yes,Under Review,5055.96,6019,1,n/a
5860790,1622,2024-12-21,Self-Employed,209282,837,No,No,Pending,1770.78,2683,3,Referred by agent.
5860834,0802,22/01/2023,Self-Employed,97566,679,No,Yes,Approved,2556.48,2663,1,Missing bank statements.
5863946,1444,2021-03-13,Retired,84736,691,No,No,Denied,907.50,1375,5,Missing bank statements.
5866148,1347,15/09/2020,Retired,66101,745,No,Yes,Pending,483.00,805,2,Renewal case.
5867283,1222,2021-09-19,Student,67889,681,No,No,Denied,2532.66,3247,4,.
5868017,0939,2022-12-05,Part-Time,162832,840,No,No,Approved,1872.78,2401,3,N/A
5868454,1087,2024-03-23,Contract,233897,742,No,No,Under Review,5269.32,6273,5,income verified via Plaid
5869646,1776,2023-10-09,Retired,185536,783,No,No,Pending,2976.48,3816,2,n/a
5870179,1250,2023-04-13,Unemployed,198137,739,Yes,No,Approved,3193.68,3802,2,N/A
5872047,1536,,Contract,117477,759,No,Yes,Approved,3011.58,4563,3,Flagged for manual review.
5872474,0249,2021-09-16,Unemployed,46910,760,No,No,Approved,4014.72,4182,3,Flagged for manual review.
5873041,0448,2024-10-28,Contract,121680,813,No,No,Denied,1390.62,2107,3,.
5874200,0149,2023-02-16,Part-Time,35716,,No,Yes,Denied,1650.24,1719,3,income verified via Plaid
5874458,0055,2023-02-07,Self-Employed,221430,836,No,Yes,Denied,1194.60,1810,5,Renewal case.
5875434,0654,2020-01-25,Retired,77830,751,No,Yes,Withdrawn,2968.32,3092,5,Missing bank statements.
5876476,1750,17/01/2023,Retired,12588,697,No,No,Approved,7835.52,9328,3,Flagged for manual review.
5876687,0845,,Part-Time,19804,693,No,No,Pending,3586.80,5978,4,Co-signer pending review.
5879492,1781,2021-01-13,Full-Time,71938,804,No,Yes,Approved,1548.36,2346,2,Renewal case.
5880177,0579,2022-07-12,Self-Employed,33278,768,No,No,Pending,3513.00,5855,2,income verified via Plaid
5881135,0085,2023-01-20,Full-Time,111020,784,No,No,Approved,1023.00,1550,5,.
5881436,1765,2021-04-10,Self-Employed,200852,749,Yes,Yes,Denied,3396.96,4044,1,Applicant follow-up needed
5881958,1499,2020-05-01,Retired,164166,700,No,No,Approved,3115.20,3245,5,Co-signer pending review.
5882848,0637,2020-07-10,Retired,226804,720,No,No,Pending,2150.28,3258,5,.
5883278,0215,2022-03-04,Retired,95571,665,No,No,Denied,691.08,886,1,
5884798,1233,2023-12-08,Self-Employed,321556,764,No,No,Approved,2248.68,2677,2,Referred by agent.
5886099,0252,2024-05-07,Retired,294157,730,No,No,Approved,1089.00,1650,5,Applicant provided pay stubs.
5886975,0324,29/09/2023,Contract,140047,769,Yes,No,Denied,1887.60,3146,3,docs expired
5888575,1497,2022-09-03,Self-Employed,33274,742,No,Yes,Approved,1795.08,2137,2,.
5888880,1710,14/08/2021,Student,93137,724,No,No,Under Review,5437.44,5664,2,Referred by agent.
5889925,0837,2021-05-26,Retired,158996,773,No,No,Denied,3633.30,5505,5,docs expired
5890928,0002,2023-05-01,Retired,118254,704,Yes,Yes,Approved,2588.04,3081,4,
5891684,1106,2020-07-01,Part-Time,191372,N/A,No,Yes,Pending,1068.48,1272,1,Co-signer pending review.
5891847,0325,2022-04-18,Contract,76119,,No,No,Pending,971.04,1156,1,
5892015,0926,2022-07-31,Student,191857,,No,No,Pending,5477.64,6521,4,Applicant provided pay stubs.
5892036,0217,2021-05-07,Contract,208329,628,No,Yes,Denied,2075.40,3459,4,.
5896651,1270,2021-09-12,Full-Time,232532,645,No,No,Approved,4475.52,5328,1,.
5897326,1446,2023-02-27,Self-Employed,14238,764,No,No,Pending,2893.02,3709,3,n/a
5898478,0747,2021-02-21,Retired,149118,616,No,Yes,Approved,2506.56,2611,3,.
5902878,0950,2022-04-10,Part-Time,18475,705,No,No,Pending,3475.92,4138,4,n/a
5904285,1436,2020-12-11,Part-Time,108796,823,No,No,Under Review,5583.36,5816,5,Flagged for manual review.
5905073,1606,2022-12-29,Unemployed,7768,789,Yes,No,Approved,2903.34,4399,2,
5907580,0987,2021-04-05,Full-Time,203248,739,No,Yes,Denied,4409.34,5653,3,.
5907820,1438,2021-09-10,Self-Employed,92387,676,No,Yes,Withdrawn,2830.80,3370,5,Applicant provided pay stubs.
5910566,0809,2021-08-06,Student,223897,802,No,Yes,Approved,1213.80,1445,5,Flagged for manual review.
5912611,1068,2021-06-22,Contract,156800,617,No,Yes,Denied,5140.80,5355,5,docs expired
5912746,1555,2020-09-29,Unemployed,162034,617,No,No,Withdrawn,831.60,990,1,Referred by agent.
5913709,0583,29/12/2020,Self-Employed,110270,671,No,No,Withdrawn,2317.26,3511,3,n/a
5913975,0380,2020-01-03,Retired,114763,N/A,No,No,Denied,5001.60,5210,5,income verified via Plaid
5914345,0704,2021-05-25,Student,148703,846,No,Yes,Pending,3455.76,4114,2,N/A
5915065,0016,2022-09-03,Retired,222116,612,No,No,Denied,1400.52,2122,3,N/A
5915472,0313,2021-12-05,Full-Time,158190,743,No,No,Under Review,2033.46,2607,1,
5916964,0075,2021-09-18,Self-Employed,116579,717,No,Yes,Approved,7172.76,8539,2,Co-signer pending review.
5918046,0669,2021-11-01,Unemployed,209424,785,No,No,Approved,627.12,804,3,
5918058,0974,,Part-Time,177912,,No,No,Approved,4557.00,5425,1,Applicant follow-up needed
5918104,1195,19/03/2024,Part-Time,121860,757,No,No,Approved,2632.20,4387,5,n/a
5919120,1460,2024-10-25,Self-Employed,176305,753,Yes,No,Pending,2409.66,3651,2,Referred by agent.
5919229,1451,25/05/2023,Full-Time,76095,781,No,No,Approved,2750.22,4167,3,Co-signer pending review.
5919262,0440,2022-12-31,Student,54914,748,No,Yes,Pending,3829.44,3989,5,Renewal case.
5920524,0609,2020-11-04,Part-Time,133262,732,No,No,Approved,4434.30,5685,5,
5922583,1751,2021-12-27,Self-Employed,238117,423,No,Yes,Approved,1046.64,1246,5,docs expired
5922660,0903,15/04/2023,Unemployed,50979,317,Yes,No,Denied,3716.16,4424,2,Co-signer pending review.
5923825,1130,2023-11-29,Full-Time,196666,646,No,No,Approved,4717.44,0,5,Referred by agent.
5924353,1359,2024-02-15,Unemployed,209275,N/A,No,No,Approved,2226.60,3711,4,income verified via Plaid
5925477,0497,2024-11-15,Part-Time,71628,562,No,Yes,Under Review,2639.52,3384,4,Missing bank statements.
5925761,1724,2022-07-31,Student,56056,765,No,No,Approved,516.60,861,2,
5927354,0181,2022-09-25,Full-Time,95847,535,No,No,Denied,601.26,911,5,Co-signer pending review.
5927751,0241,2022-04-02,Student,37524,685,No,Yes,Approved,1278.60,2131,2,Applicant provided pay stubs.
5928395,0361,2022-09-15,Contract,233227,487,Yes,Yes,Approved,3563.28,4242,2,Applicant follow-up needed
5929019,0343,2023-03-11,Part-Time,79104,543,No,No,Denied,1587.60,2646,4,n/a
5929329,0762,2024-06-10,Self-Employed,62457,656,No,No,Approved,1038.18,1331,2,Renewal case.
5929357,0889,2020-11-07,Self-Employed,166586,735,No,Yes,Denied,4310.40,4490,3,Referred by agent.
5930903,0758,,Retired,194621,721,Yes,No,Denied,1634.88,2096,5,
5933756,0154,17/06/2023,Full-Time,12911,692,No,No,Pending,1078.74,1383,1,N/A
5935163,0802,2020-05-16,Part-Time,115810,744,No,Yes,Approved,1456.62,2207,5,income verified via Plaid
5935784,0275,2022-09-20,Unemployed,315789,716,No,No,Approved,1008.00,1680,5,Applicant follow-up needed
5937719,1746,2022-11-21,Contract,232956,741,Yes,Yes,Denied,2659.20,2770,3,income verified via Plaid
5938065,1444,2024-04-22,Contract,74221,845,No,No,Approved,1072.50,1375,2,Co-signer pending review.
5939162,1092,2023-06-07,Student,59031,397,No,No,Pending,5248.32,7952,5,.
5943360,0116,2021-11-02,Unemployed,170919,759,No,No,Approved,3610.56,3761,5,Flagged for manual review.
5944142,0057,2022-04-28,Contract,67634,583,Yes,Yes,Denied,3742.20,6237,3,
5945451,1564,2024-10-30,Unemployed,98153,679,No,No,Pending,2903.16,3722,5,
5948410,1634,2023-07-04,Full-Time,188275,616,No,Yes,Denied,7798.08,8123,2,.
5949096,0866,,Self-Employed,314884,583,No,Yes,Approved,1930.50,2475,5,.
5949540,1603,2020-11-01,Retired,156016,779,No,No,Approved,2712.36,3229,4,
5949597,0608,26/06/2020,Retired,34871,,No,Yes,Denied,3406.26,4367,1,Renewal case.
5949759,0320,2024-06-25,Self-Employed,224424,762,No,Yes,Pending,2719.68,2833,4,income verified via Plaid
5950048,0467,,Self-Employed,204239,753,Yes,No,Denied,6529.38,8371,2,Applicant provided pay stubs.
5950788,1646,,Part-Time,122052,685,No,No,Denied,4638.48,7028,2,Flagged for manual review.
5951436,1314,2020-11-01,Student,222600,832,Yes,No,Pending,3917.76,4081,5,docs expired
5952627,1175,2021-03-02,Contract,266741,314,No,No,Approved,4192.20,6987,2,Missing bank statements.
5952995,1617,2024-05-20,Part-Time,87738,594,Yes,Yes,Approved,489.00,815,1,income verified via Plaid
5954542,1042,2023-05-13,Unemployed,223871,703,Yes,No,Withdrawn,1824.42,2339,2,.
5955951,1352,2024-01-18,Student,71667,692,Yes,No,Approved,1774.92,2113,1,Missing bank statements.
5956187,1138,2023-12-17,Student,80442,685,No,No,Pending,3224.10,4885,2,Co-signer pending review.
5960371,1780,2020-07-05,Self-Employed,92961,671,No,No,Approved,4986.00,8310,2,Applicant follow-up needed
5961228,1218,2021-05-12,Retired,63054,765,No,No,Approved,6345.36,7554,5,Flagged for manual review.
5961450,0952,2020-03-12,Part-Time,73036,,No,Yes,Denied,1025.64,1554,2,Applicant provided pay stubs.
5963760,1464,24/11/2024,Full-Time,177504,718,No,Yes,Withdrawn,2475.00,3750,1,docs expired
5964747,0632,29/03/2023,Contract,285665,666,No,Yes,Denied,4736.94,6073,4,Referred by agent.
5966580,1142,2020-02-21,Retired,189085,776,No,Yes,Approved,3949.92,5064,5,.
5967416,1776,2023-11-21,Retired,82766,393,No,Yes,Under Review,2976.48,3816,5,Applicant provided pay stubs.
5968199,1267,2020-06-08,Contract,200949,674,No,No,Approved,4084.92,4863,3,Referred by agent.
5968354,0844,2021-09-22,Part-Time,5757,,No,No,Withdrawn,2456.52,3722,3,n/a
5969011,1082,2023-02-16,Retired,61829,466,No,Yes,Under Review,1079.52,1384,3,n/a
5970860,0257,2022-12-05,Part-Time,116902,806,No,Yes,Denied,3283.02,4209,4,Applicant provided pay stubs.
5971190,1729,26/04/2023,Part-Time,51270,670,Yes,Yes,Denied,497.40,829,1,Applicant follow-up needed
5972081,0956,2022-11-09,Contract,279832,841,No,Yes,Denied,2290.86,3471,2,
5972154,0491,2021-01-25,Part-Time,111610,783,No,Yes,Approved,2395.14,3629,3,Referred by agent.
5974076,0740,2021-03-18,Retired,114396,814,No,No,Denied,1615.80,2693,5,Applicant provided pay stubs.
5975068,1283,2021-06-07,Contract,713000,,No,Yes,Under Review,10184.64,10609,2,Co-signer pending review.
5977405,0258,25/10/2024,Part-Time,186942,N/A,No,No,Pending,1636.20,2727,2,n/a
5977418,1347,2020-08-16,Full-Time,113515,581,No,No,Approved,627.90,805,1,n/a
5978600,0088,2021-11-30,Full-Time,172855,614,No,No,Denied,1528.80,1960,4,Referred by agent.
5979032,0203,2021-05-25,Full-Time,140241,705,No,No,Withdrawn,1319.40,2199,3,Co-signer pending review.
5979471,1195,2020-05-30,Student,109428,694,Yes,No,Pending,4211.52,4387,5,N/A
5980163,0770,27/09/2023,Unemployed,247402,,No,No,Denied,5483.28,8308,5,income verified via Plaid
5987413,1059,2021-01-03,Unemployed,218325,825,No,No,Pending,2021.40,3369,4,income verified via Plaid
5987876,0445,2023-09-23,Self-Employed,51320,619,No,No,Denied,1385.16,1649,4,income verified via Plaid
5988889,1683,2024-02-19,Retired,239573,830,No,Yes,Denied,4670.40,4865,4,Flagged for manual review.
5991891,1133,2021-06-29,Part-Time,41370,,No,Yes,Pending,709.50,1075,3,docs expired
5993523,0338,2023-04-11,Unemployed,85436,780,Yes,Yes,Approved,2562.60,4271,4,Applicant provided pay stubs.
5996216,1017,2024-03-12,Self-Employed,134488,667,No,No,Approved,2640.00,4400,5,Applicant provided pay stubs.
5997374,1078,27/04/2021,Contract,225154,735,No,Yes,Withdrawn,2381.34,3053,5,
6002176,0494,2023-12-27,Student,242516,649,No,No,Approved,5726.40,5965,1,Applicant follow-up needed
6002977,0716,2021-02-23,Retired,193698,730,No,No,Approved,2434.32,2898,5,
6007601,0524,2021-05-23,Part-Time,217324,661,Yes,No,Denied,2808.78,3601,1,
6010192,1103,2022-11-20,Self-Employed,129692,812,No,Yes,Pending,1146.60,1470,1,N/A
6010699,1383,2021-08-27,Full-Time,133105,841,Yes,Yes,Approved,1834.80,3058,5,income verified via Plaid
6011842,0804,2023-04-16,Full-Time,231194,792,No,Yes,Denied,2462.46,3157,4,Applicant provided pay stubs.
6015450,1313,2022-11-08,Self-Employed,248819,496,No,No,Withdrawn,2246.40,2340,5,Applicant follow-up needed
6015715,1638,15/04/2022,Full-Time,150118,738,Yes,Yes,Approved,6319.80,10533,2,Missing bank statements.
6018022,1306,2023-03-09,Contract,201426,769,No,No,Under Review,1639.68,1952,1,
6018401,0635,2024-01-27,Unemployed,94149,734,No,No,Denied,3010.20,5017,2,N/A
6018812,0427,14/05/2021,Student,246661,N/A,No,No,Pending,1102.20,1670,2,N/A
6019811,0096,2022-02-10,Self-Employed,246604,812,No,Yes,Denied,2821.26,3617,1,N/A
6020221,0687,2023-10-25,Retired,213315,715,No,No,Approved,7525.44,7839,4,Referred by agent.
6021487,0162,2020-06-02,Part-Time,20419,803,Yes,Yes,Approved,1141.44,1189,2,Applicant provided pay stubs.
6021998,0682,2024-07-01,Full-Time,15560,797,No,Yes,Approved,6602.88,6878,4,Referred by agent.
6023850,0759,2020-08-09,Student,140507,589,Yes,No,Approved,4716.60,7861,2,Referred by agent.
6026360,1328,2024-05-10,Self-Employed,80611,761,No,No,Approved,4447.56,5702,4,Missing bank statements.
6026373,0589,2023-03-06,Retired,47871,,No,Yes,Approved,2052.96,2632,4,docs expired
6027413,0750,2023-12-07,Part-Time,134921,581,No,Yes,Denied,2341.20,3902,2,docs expired
6027864,0041,2021-06-04,Self-Employed,105119,679,Yes,Yes,Approved,750.60,1251,5,Renewal case.
6030822,1440,2021-10-22,Part-Time,287134,749,No,No,Approved,1547.52,1612,3,n/a
6031765,1691,2024-09-17,Self-Employed,180017,785,No,No,Pending,1142.40,1904,2,Flagged for manual review.
6033477,1174,2022-12-16,Unemployed,128076,670,No,Yes,Approved,2240.94,2873,4,N/A
6034103,0007,22/10/2022,Self-Employed,795000,828,No,No,Denied,2482.56,2586,4,Renewal case.
6036950,1500,17/08/2021,Unemployed,158841,,No,Yes,Approved,3187.86,4087,2,Referred by agent.
6038933,0250,2022-07-27,Part-Time,97592,799,No,Yes,Approved,1369.20,1630,5,n/a
6040461,0343,2020-03-02,Part-Time,158222,816,No,No,Approved,1587.60,2646,2,N/A
6040472,0926,2022-02-03,Unemployed,122874,349,No,Yes,Approved,6260.16,6521,3,
6041591,1656,2023-05-15,Student,127699,,No,No,Pending,1735.14,2629,4,income verified via Plaid
6042365,1246,2020-10-15,Part-Time,172612,720,No,No,Approved,1367.40,2279,3,Missing bank statements.
6042437,1176,2020-12-04,Contract,119255,337,No,No,Denied,1410.24,1808,4,Renewal case.
6043031,0844,2021-03-13,Self-Employed,18467,638,No,Yes,Approved,3573.12,3722,5,.
6043254,0266,2021-08-18,Student,228514,767,Yes,No,Under Review,2589.12,2697,5,.
6044368,0751,2020-05-14,Self-Employed,103147,609,No,Yes,Pending,1654.38,2121,3,Applicant provided pay stubs.
6044590,1726,24/07/2024,Student,172984,738,No,Yes,Denied,2998.80,3570,5,Applicant provided pay stubs.
6048428,0100,17/10/2020,Self-Employed,226008,739,No,Yes,Denied,1480.20,2467,2,income verified via Plaid
6048429,1331,17/07/2020,Self-Employed,93368,676,No,No,Denied,3395.28,4042,2,Renewal case.
6049858,0732,2021-12-01,Self-Employed,168374,436,No,Yes,Denied,2643.48,3147,4,income verified via Plaid
6050174,1240,2024-10-08,Unemployed,45287,702,No,Yes,Pending,3028.20,5047,4,Missing bank statements.
6054758,1301,2023-09-02,Part-Time,240030,649,Yes,Yes,Approved,2027.52,2112,4,Renewal case.
6055786,0894,2020-07-05,Retired,90348,781,No,Yes,Under Review,1732.50,2625,4,Applicant follow-up needed
6055986,1168,2024-04-28,Self-Employed,190136,583,No,No,Pending,4011.00,4775,3,
6056189,1420,2024-07-16,Part-Time,26244,,No,Yes,Approved,3012.24,4564,3,
6057674,1529,2020-12-25,Student,125289,675,No,Yes,Pending,3550.56,4552,1,.
6060159,1106,2023-07-23,Part-Time,102852,N/A,No,Yes,Denied,1068.48,1272,5,income verified via Plaid
6061388,0022,2021-06-18,Contract,106400,745,No,Yes,Approved,1513.98,1941,5,
6061498,0790,2020-07-11,Full-Time,91073,830,No,Yes,Approved,5011.44,5966,3,Flagged for manual review.
6063381,1443,29/01/2024,Full-Time,157009,748,Yes,No,Denied,1557.36,1854,4,Referred by agent.
6063698,0771,2024-10-22,Student,67357,733,No,No,Pending,1733.40,2889,2,N/A
6066735,1671,2023-12-12,Part-Time,165564,731,No,No,Denied,3282.72,3908,5,
6069229,0631,2022-12-25,Retired,5122,,No,Yes,Pending,1188.60,1981,4,docs expired
6069462,0206,2021-06-12,Self-Employed,151264,,No,No,Denied,2157.60,3596,4,Applicant provided pay stubs.
6069739,1319,2020-03-14,Self-Employed,224080,N/A,No,Yes,Under Review,2568.96,2676,3,
6069827,0285,2021-04-25,Self-Employed,226106,654,No,No,Approved,3216.96,0,1,Applicant follow-up needed
6070092,0546,2020-04-05,Self-Employed,196202,737,No,Yes,Denied,1929.48,2297,2,
6070197,0851,2021-12-29,Student,33799,590,No,No,Under Review,1179.60,0,4,.
6081285,0646,2024-02-02,Self-Employed,51375,,No,Yes,Approved,2747.52,2862,5,Referred by agent.
6081959,1350,2020-12-12,Part-Time,226176,762,Yes,No,Approved,2931.72,4442,1,Co-signer pending review.
6082308,0389,2023-01-05,Full-Time,94705,720,No,No,Approved,5531.52,5762,1,
6082733,1472,2021-06-10,Student,201643,759,No,No,Approved,6578.88,6853,4,Referred by agent.
6083188,0533,2023-03-07,Unemployed,54827,652,No,No,Pending,2938.56,3061,5,
6084349,0427,2024-02-12,Contract,135313,630,Yes,No,Denied,1302.60,1670,3,Renewal case.
6085278,0513,2023-05-06,Self-Employed,40601,605,No,Yes,Under Review,2200.80,2620,4,Missing bank statements.
6086729,0198,2021-11-27,Student,148803,705,No,Yes,Withdrawn,3588.48,3738,1,Applicant provided pay stubs.
6089936,0970,17/09/2021,Retired,721000,722,No,No,Approved,2628.48,0,4,.
6090163,0289,2023-04-17,Full-Time,208567,732,Yes,Yes,Approved,2235.42,3387,3,
6090620,1354,31/03/2020,Retired,54515,703,No,No,Approved,1244.40,2074,1,Missing bank statements.
6095178,1379,2023-05-06,Part-Time,31362,698,No,Yes,Denied,4516.20,0,1,docs expired
6096236,0356,2020-06-08,Part-Time,165140,800,No,Yes,Denied,4292.40,7154,4,.
6096575,0513,2022-02-24,Contract,83684,599,Yes,No,Pending,2515.20,2620,4,Flagged for manual review.
6097668,0365,27/01/2021,Part-Time,168652,727,No,Yes,Under Review,1563.54,2369,5,Applicant provided pay stubs.
6098189,0939,2023-04-06,Retired,232403,831,No,No,Pending,1872.78,2401,5,
6107221,1128,2021-09-15,Retired,146489,728,No,Yes,Denied,3571.20,5952,4,Co-signer pending review.
6108416,1393,2021-02-21,Retired,197821,779,No,Yes,Approved,3985.02,5109,2,n/a
6111480,0679,2023-03-05,Unemployed,235209,787,No,No,Pending,2476.32,0,3,Missing bank statements.
6112337,1294,,Part-Time,20639,824,No,Yes,Approved,2152.32,2242,1,
6115971,1435,2023-07-16,Retired,76636,754,No,No,Denied,3047.52,3628,2,
6116350,1223,2023-12-20,Contract,793000,693,No,No,Approved,2830.20,4717,3,
6117750,1078,2023-08-26,Contract,86517,700,No,Yes,Under Review,1831.80,3053,3,Renewal case.
6121087,1395,2023-07-10,Student,151241,735,No,No,Pending,2294.16,3476,4,Applicant provided pay stubs.
6121122,1633,2020-08-02,Retired,743000,821,No,No,Withdrawn,1656.00,2760,4,Applicant follow-up needed
6121160,1012,2022-06-21,Full-Time,67225,589,No,Yes,Approved,4269.12,4447,3,Flagged for manual review.
6121609,1131,18/03/2020,Retired,126189,692,Yes,No,Approved,1002.60,1671,2,
6123108,0318,2024-12-25,Contract,117657,523,No,Yes,Denied,803.22,1217,3,Referred by agent.
6124191,1486,2020-02-15,Student,47773,804,No,No,Denied,3440.64,4096,3,.
6127894,1436,2022-02-08,Part-Time,199553,783,Yes,Yes,Approved,4885.44,5816,5,n/a
6130619,0889,2022-03-01,Full-Time,242939,466,No,No,Approved,4310.40,4490,3,.
6133390,0902,2023-02-08,Part-Time,142128,331,No,No,Approved,3209.28,3343,3,Missing bank statements.
6136395,0201,2024-07-14,Self-Employed,181535,N/A,Yes,Yes,Approved,1895.40,2430,3,n/a
6136535,0661,2024-11-21,Unemployed,99294,714,No,Yes,Pending,3837.24,5814,2,Missing bank statements.
6137035,1779,2024-01-11,Retired,166416,755,Yes,Yes,Approved,1262.52,1503,1,.
6138788,0772,2023-01-25,Contract,203574,317,No,No,Approved,2461.44,2564,1,docs expired
6139158,0919,2021-12-20,Full-Time,41648,802,No,Yes,Approved,718.38,921,2,Flagged for manual review.
6139270,1767,2022-01-11,Part-Time,186962,814,No,No,Pending,3865.92,4027,3,Applicant follow-up needed
6141310,0484,21/09/2020,Unemployed,268612,841,No,Yes,Denied,821.70,1245,3,n/a
6143297,1532,2024-05-31,Contract,235187,762,No,No,Denied,2281.44,2716,5,Applicant provided pay stubs.
6143383,1533,2020-08-06,Part-Time,131485,697,No,No,Under Review,3896.40,6494,5,Renewal case.
6146168,0081,2020-05-07,Part-Time,238072,746,No,Yes,Approved,2678.76,3189,2,N/A
6147369,0497,2023-12-31,Retired,199404,723,No,No,Approved,2842.56,3384,3,Co-signer pending review.
6147813,1031,2021-03-09,Full-Time,27659,,No,No,Under Review,2034.24,2119,2,Applicant provided pay stubs.
6149579,0046,2021-02-18,Full-Time,80333,670,No,Yes,Denied,1391.40,2319,1,income verified via Plaid
6150186,1680,2023-04-01,Unemployed,153611,812,No,Yes,Pending,2770.32,3298,2,n/a
6150275,0117,2020-08-01,Self-Employed,21618,808,No,No,Approved,2583.36,2691,3,n/a
6151004,1272,2024-09-22,Retired,139440,656,No,No,Approved,2762.88,2878,4,docs expired
6151132,1577,2020-11-06,Self-Employed,108248,738,No,No,Denied,4585.62,5879,5,income verified via Plaid
6156130,1685,17/01/2023,Contract,35225,767,No,Yes,Pending,4208.64,4384,5,Missing bank statements.
6156295,1312,2023-09-18,Contract,178876,698,Yes,Yes,Approved,814.80,970,3,Co-signer pending review.
6160490,0197,2023-02-06,Contract,64397,449,Yes,Yes,Approved,3750.78,5683,4,Applicant follow-up needed
6161548,0917,2021-10-07,Retired,79755,626,No,No,Pending,1391.88,1657,5,Applicant provided pay stubs.
6162076,0806,2020-12-18,Student,84724,N/A,Yes,Yes,Pending,1706.04,2031,3,
6163052,0327,2022-04-14,Student,41013,839,No,No,Denied,4405.80,5245,5,Flagged for manual review.
6167629,0310,2023-12-13,Contract,151100,730,No,No,Approved,1061.58,1361,1,Missing bank statements.
6167761,0836,2021-03-08,Student,89163,742,No,Yes,Approved,3717.00,4425,4,income verified via Plaid
6168010,0571,2023-09-05,Retired,102113,718,No,No,Denied,2013.18,2581,3,Missing bank statements.
6168045,0450,2022-09-30,Part-Time,184680,715,No,No,Withdrawn,1444.80,1720,5,Applicant provided pay stubs.
6170012,0246,2020-02-05,Part-Time,44071,,Yes,Yes,Under Review,4063.02,0,3,Applicant follow-up needed
6170070,1221,,Contract,34866,807,No,No,Pending,5778.24,6019,5,
6170904,1149,2024-09-20,Self-Employed,68452,N/A,No,Yes,Approved,5624.58,7211,2,docs expired
6170919,1794,2021-06-10,Self-Employed,50750,N/A,No,Yes,Approved,3460.80,5768,3,Applicant provided pay stubs.
6172888,0649,2024-06-25,Full-Time,52158,586,Yes,No,Denied,2212.56,2634,1,
6177213,1680,2020-04-18,Full-Time,253559,667,No,Yes,Withdrawn,2176.68,3298,2,.
6177658,0162,,Retired,192351,614,Yes,No,Denied,784.74,1189,3,Flagged for manual review.
6181761,1005,2020-04-18,Part-Time,229906,836,No,No,Approved,800.58,0,2,Flagged for manual review.
6182208,0367,2020-11-05,Unemployed,48598,798,No,No,Approved,1702.68,2027,5,
6184927,0135,2020-04-20,Part-Time,73480,540,No,Yes,Approved,1484.16,1546,3,
6186050,1089,2021-11-16,Unemployed,77178,704,No,Yes,Approved,2103.36,2191,2,Applicant provided pay stubs.
6186906,0324,2023-05-15,Contract,230600,797,No,Yes,Pending,2076.36,0,5,Co-signer pending review.
6188917,0945,2022-01-30,Part-Time,38870,480,No,No,Approved,1194.00,1990,1,.
6189221,1009,2022-11-17,Part-Time,85561,723,No,No,Pending,1741.20,2902,4,Renewal case.
6189841,1268,2023-07-20,Self-Employed,163289,664,Yes,Yes,Approved,4529.40,7549,2,docs expired
6191787,1329,2022-09-06,Student,72113,772,Yes,No,Denied,2835.30,3635,3,Co-signer pending review.
6192547,0245,2021-03-22,Self-Employed,161613,688,No,Yes,Under Review,2578.68,3306,4,N/A
6193761,1100,2022-03-04,Self-Employed,242700,N/A,No,No,Approved,2188.56,3316,5,n/a
6194498,1080,2021-10-31,Contract,18074,628,No,No,Denied,3133.26,4017,5,Flagged for manual review.
6195810,1502,2024-04-18,Retired,19285,739,Yes,No,Approved,1937.10,2935,4,n/a
6198151,1645,2021-04-13,Contract,185617,658,No,Yes,Denied,2977.80,4963,3,Missing bank statements.
6199225,1702,2023-11-02,Self-Employed,190810,N/A,No,No,Denied,1892.52,2253,4,income verified via Plaid
6199912,1604,2023-05-24,Unemployed,86174,830,No,No,Pending,3805.62,4879,1,income verified via Plaid
6204120,0887,2024-09-21,Contract,207908,672,No,Yes,Denied,3348.18,5073,4,Applicant provided pay stubs.
6204269,0060,2024-05-31,Unemployed,210233,525,No,Yes,Approved,976.08,1162,5,
6204956,0519,2020-01-24,Full-Time,107300,332,No,Yes,Denied,5677.44,5914,1,N/A
6205216,0814,2022-10-03,Self-Employed,113495,640,No,No,Denied,8871.24,10561,2,income verified via Plaid
6206510,1374,2020-09-08,Part-Time,129892,830,No,No,Approved,3150.84,3751,3,income verified via Plaid
6206632,1572,2021-12-17,Student,272989,771,No,Yes,Under Review,5664.96,6744,2,
6207928,0309,2023-11-18,Part-Time,77507,674,No,Yes,Approved,3129.36,4012,5,Referred by agent.
6209786,0500,2023-10-03,Retired,109334,704,Yes,No,Pending,1307.04,1556,3,income verified via Plaid
6209896,1340,13/12/2020,Retired,182433,711,No,Yes,Denied,1599.36,1666,1,.
6210844,0580,2020-03-21,Self-Employed,173882,741,No,No,Under Review,2860.80,2980,4,Referred by agent.
6211091,1785,2020-08-10,Retired,186700,784,Yes,Yes,Denied,3318.60,5531,4,Flagged for manual review.
6211878,0878,2024-12-20,Contract,111406,770,No,Yes,Denied,1499.52,1562,1,.
6212681,0893,2022-11-20,Student,224457,N/A,Yes,No,Approved,3053.70,3915,1,N/A
6217013,1741,2022-05-03,Unemployed,64029,732,No,Yes,Approved,4459.56,5309,4,.
6220407,0246,2022-09-29,Contract,62615,708,No,Yes,Under Review,4063.02,5209,3,Applicant follow-up needed
6221568,0877,2024-08-28,Self-Employed,197422,717,No,No,Approved,2548.20,4247,2,Renewal case.
6227060,0330,13/01/2022,Self-Employed,136973,826,No,Yes,Approved,1170.00,1950,1,
6227793,1681,18/01/2024,Self-Employed,259234,685,No,Yes,Approved,3812.76,4539,4,income verified via Plaid
6228930,1665,2023-03-19,Contract,72221,591,No,Yes,Pending,2989.80,4530,2,Missing bank statements.
6231356,0249,2023-08-04,Part-Time,135853,,No,Yes,Pending,4014.72,4182,1,Co-signer pending review.
6232331,0621,2024-04-22,Retired,141923,777,Yes,No,Under Review,5836.80,6080,1,
6232711,1156,2024-06-22,Self-Employed,160000,664,Yes,No,Under Review,3016.20,5027,1,Applicant provided pay stubs.
6233307,1494,2020-10-03,Contract,220702,758,Yes,Yes,Approved,3272.10,0,4,Missing bank statements.
6233989,1361,2023-04-09,Retired,135332,836,No,No,Approved,1532.16,1824,2,Co-signer pending review.
6235203,1021,2020-07-31,Part-Time,253646,685,No,No,Withdrawn,2898.24,3019,4,Flagged for manual review.
6235249,1391,2023-12-06,Retired,73088,707,No,No,Pending,1633.80,1945,5,Missing bank statements.
6235415,0762,2021-05-13,Retired,247011,772,No,Yes,Denied,1038.18,1331,4,n/a
6240217,0188,2023-11-30,Self-Employed,68684,716,No,Yes,Approved,1045.98,1341,1,Referred by agent.
6242361,1325,2020-03-23,Part-Time,148300,681,No,No,Approved,2735.40,4559,1,Co-signer pending review.
6243029,1270,2023-12-27,Contract,41288,630,Yes,Yes,Approved,3196.80,5328,2,income verified via Plaid
6243401,0065,2022-12-31,Retired,242797,772,No,Yes,Approved,984.60,1641,4,Renewal case.
6243690,0868,2020-10-17,Self-Employed,222300,750,No,No,Under Review,2705.04,3468,5,docs expired
6245161,1172,2024-12-17,Self-Employed,41461,,No,Yes,Approved,2089.20,3482,5,Missing bank statements.
6245205,1237,2022-11-15,Full-Time,214579,697,No,Yes,Approved,1004.64,1196,3,docs expired
6245899,1748,2020-04-15,Unemployed,126491,768,No,Yes,Pending,1175.46,1507,3,Flagged for manual review.
6248265,0548,2020-04-14,Contract,125619,737,Yes,Yes,Pending,4706.88,4903,2,n/a
6250859,0134,2020-09-23,Retired,219382,721,No,No,Approved,3103.80,3695,3,n/a
6253128,1631,2023-07-20,Student,47960,592,No,Yes,Denied,3906.24,4069,2,N/A
6253269,0039,2024-03-04,Part-Time,106427,700,Yes,Yes,Pending,2178.66,3301,4,Applicant follow-up needed
6254729,0363,2022-03-30,Full-Time,115791,701,No,Yes,Approved,846.00,1410,2,
6254842,1690,2020-07-10,Unemployed,33523,,No,No,Approved,1349.40,2249,5,Applicant provided pay stubs.
6255726,1595,2021-07-01,Part-Time,230526,772,No,No,Approved,1705.44,2584,2,Co-signer pending review.
6257787,0101,2023-12-11,Self-Employed,240557,,Yes,No,Under Review,2247.18,2881,1,.
6257871,0494,2022-07-22,Retired,145037,809,No,Yes,Denied,4652.70,5965,4,Applicant follow-up needed
6258625,0304,2022-02-03,Full-Time,90259,766,No,No,Denied,1751.40,2085,1,docs expired
6259282,0556,13/11/2023,Part-Time,120791,539,No,Yes,Pending,2036.40,3394,1,Co-signer pending review.
6260425,1040,2022-04-18,Contract,84322,765,No,Yes,Denied,2119.26,2717,1,docs expired
6260440,1467,2024-02-02,Full-Time,39248,704,No,No,Approved,1072.20,1787,4,Applicant follow-up needed
6262064,1306,16/05/2020,Self-Employed,10011,635,No,Yes,Approved,1288.32,1952,4,.
6263721,1619,2020-07-27,Student,80044,778,No,No,Approved,1839.36,1916,2,N/A
6264924,0671,2022-08-02,Part-Time,59566,676,No,Yes,Denied,1681.20,2802,5,income verified via Plaid
6266761,0141,15/03/2021,Part-Time,224298,796,Yes,No,Approved,2017.62,3057,1,Missing bank statements.
6269777,1481,2024-10-16,Retired,197630,705,No,Yes,Approved,1161.42,1489,4,Referred by agent.
6271162,1377,2022-08-16,Full-Time,82108,649,No,No,Denied,3405.36,4054,2,docs expired
6275765,1294,23/08/2023,Part-Time,87414,623,No,No,Approved,2152.32,2242,5,Flagged for manual review.
6275996,0591,2021-09-17,Contract,202166,,No,Yes,Under Review,2546.28,3858,5,Applicant follow-up needed
6276036,0840,2022-12-06,Student,186256,625,Yes,Yes,Denied,2336.04,2781,3,Co-signer pending review.
6276758,1077,,Unemployed,128945,826,No,Yes,Under Review,1212.00,2020,3,income verified via Plaid
6277230,0764,2020-03-15,Unemployed,196401,783,No,Yes,Approved,8424.96,8776,4,income verified via Plaid
6277410,1660,2022-12-27,Retired,160456,784,No,No,Approved,1406.40,1465,3,Applicant follow-up needed
6278610,0079,2020-06-16,Self-Employed,219294,736,No,Yes,Approved,2357.04,2806,2,N/A
6278671,0676,20/08/2022,Contract,45466,774,No,Yes,Approved,1810.80,3018,1,N/A
6281407,0358,2023-07-02,Retired,182138,638,No,No,Withdrawn,1510.08,1936,2,Applicant follow-up needed
6281873,0931,2021-05-30,Full-Time,216444,,No,Yes,Approved,3982.20,6637,2,.
6282540,1650,2023-03-04,Contract,173525,672,Yes,No,Pending,3039.36,3166,4,income verified via Plaid
6283230,1246,2020-03-21,Retired,122812,668,No,No,Pending,1777.62,2279,3,
6283852,1182,2023-06-05,Part-Time,193339,758,No,No,Approved,3817.32,4894,2,Missing bank statements.
6284117,0254,2022-08-29,Contract,179021,691,No,No,Approved,1268.28,0,3,n/a
6285188,1634,2022-12-04,Self-Employed,9091,587,No,No,Under Review,4873.80,8123,1,n/a
6285545,1512,2023-08-05,Self-Employed,140257,,No,No,Pending,2441.88,2907,2,Flagged for manual review.
6286126,1071,17/04/2021,Contract,117902,817,No,Yes,Approved,2883.72,3433,1,Referred by agent.
6287635,0095,2024-01-05,Contract,12572,600,No,No,Denied,3802.26,5761,1,Co-signer pending review.
6288771,0246,25/03/2024,Unemployed,199643,N/A,No,Yes,Approved,4063.02,5209,3,Applicant follow-up needed
6289345,0015,27/03/2022,Contract,106938,,No,Yes,Denied,1868.16,2224,4,income verified via Plaid
6289453,1309,27/01/2020,Self-Employed,64946,,No,Yes,Denied,880.44,1334,2,
6290039,1398,2021-11-14,Unemployed,227798,804,No,Yes,Denied,2805.12,2922,2,docs expired
6290162,0611,2022-08-12,Contract,96477,606,No,Yes,Pending,3205.02,4109,3,
6290781,1119,13/02/2023,Part-Time,38509,790,No,No,Pending,2751.84,3276,3,.
6291622,0599,2023-12-21,Contract,43578,646,No,No,Pending,1091.22,1399,5,N/A
6292114,1459,2023-04-08,Student,114499,,No,No,Pending,2356.38,0,5,Missing bank statements.
6293541,0605,2024-11-18,Full-Time,151609,592,No,Yes,Pending,1804.92,2314,4,Renewal case.
6296311,1429,2023-09-28,Full-Time,213482,787,Yes,No,Denied,3785.04,4506,2,.
6297252,0640,2022-07-30,Contract,189693,666,No,No,Pending,3180.24,3786,3,.
6298264,0050,2023-11-04,Full-Time,121178,632,No,No,Pending,4577.04,5868,5,Referred by agent.
6298991,0029,2023-09-30,Student,313580,676,No,No,Withdrawn,1934.46,2931,1,
6300212,0234,2024-04-09,Self-Employed,159557,836,No,No,Denied,3203.76,0,2,Co-signer pending review.
6300457,1025,2021-03-03,Part-Time,241070,689,No,Yes,Under Review,3889.20,4630,5,income verified via Plaid
6302216,0870,2020-08-18,Unemployed,49361,747,No,Yes,Approved,1677.48,1997,4,Renewal case.
6303386,0412,2020-01-02,Full-Time,140632,752,No,Yes,Denied,1881.36,2412,2,Applicant provided pay stubs.
6303442,1229,2024-07-13,Contract,77977,771,Yes,Yes,Approved,6237.00,9450,3,.
6303862,0640,2024-11-12,Contract,33639,611,No,No,Approved,3634.56,3786,1,Flagged for manual review.
6305487,0745,31/01/2022,Self-Employed,235619,694,No,No,Approved,3454.44,5234,3,docs expired
6307215,1124,2022-11-04,Full-Time,145147,547,No,Yes,Withdrawn,3227.28,3842,2,income verified via Plaid
6312230,1361,25/09/2021,Student,191040,607,No,Yes,Approved,1094.40,1824,3,Referred by agent.
6313178,0678,2021-10-05,Self-Employed,128921,582,Yes,No,Approved,962.88,1003,2,
6316203,0448,2023-09-03,Retired,58705,657,Yes,Yes,Denied,1643.46,2107,2,N/A
6316525,1650,2020-08-31,Full-Time,152535,,No,No,Withdrawn,1899.60,3166,2,N/A
6317141,1157,2022-07-12,Contract,18052,,No,No,Under Review,5218.92,6213,5,Co-signer pending review.
6317358,0252,2024-08-07,Self-Employed,260880,583,Yes,Yes,Under Review,1584.00,1650,3,Co-signer pending review.
6318138,1172,2020-01-17,Retired,114351,611,No,Yes,Withdrawn,3342.72,3482,5,income verified via Plaid
6319286,1315,31/05/2020,Self-Employed,237672,791,No,No,Pending,872.04,1118,2,N/A
6319645,0954,2024-02-06,Full-Time,55466,789,No,No,Approved,5012.28,5967,5,
6320066,1246,2023-12-08,Student,55182,744,No,No,Withdrawn,1914.36,2279,2,Referred by agent.
6320820,1076,2020-06-01,Unemployed,153837,624,No,Yes,Denied,1952.28,2958,2,
6323048,0138,2024-04-21,Contract,137157,568,No,No,Approved,1324.80,2208,3,.
6323287,0488,2024-10-22,Full-Time,157925,N/A,Yes,No,Denied,1913.34,2899,5,Applicant provided pay stubs.
6323330,1147,2021-11-11,Unemployed,107882,612,No,No,Pending,1054.80,1758,3,Referred by agent.
6323483,1378,2020-10-14,Self-Employed,187746,693,No,Yes,Pending,526.80,878,3,
6326977,0645,22/05/2020,Part-Time,14216,770,No,No,Pending,4304.40,7174,3,Missing bank statements.
6328748,0191,20/04/2020,Retired,238844,581,No,No,Under Review,2152.80,2760,2,
6330336,0396,26/02/2020,Full-Time,241092,351,No,No,Approved,2586.60,4311,3,.
6331460,0314,15/04/2022,Part-Time,164921,648,No,No,Denied,1102.80,1838,4,N/A
6333800,1708,23/08/2021,Full-Time,154321,,No,Yes,Approved,2598.12,3093,1,.
6334867,1147,2024-12-12,Retired,232406,717,No,Yes,Withdrawn,2043.36,3096,3,
6336752,0215,22/07/2023,Full-Time,47824,748,No,No,Denied,744.24,886,5,n/a
6337644,0732,,Student,198148,792,No,No,Under Review,2420.16,2521,1,Referred by agent.
6338701,1196,,Retired,100110,754,No,No,Approved,3136.32,3267,1,Co-signer pending review.
6339549,0453,2020-06-15,Retired,157831,,Yes,Yes,Under Review,1313.40,1990,2,docs expired
6341455,0057,2020-11-04,Part-Time,201425,594,No,No,Denied,4116.42,6237,3,Referred by agent.
6341958,1080,2023-08-26,Retired,79394,696,No,No,Under Review,2410.20,4017,5,Flagged for manual review.
6343659,1333,26/03/2024,Full-Time,133258,763,Yes,Yes,Approved,5623.80,7210,3,docs expired
6343687,1304,2021-05-19,Student,200675,N/A,No,Yes,Approved,8890.44,11398,2,Co-signer pending review.
6346521,1399,2021-03-08,Part-Time,84712,669,Yes,Yes,Approved,712.20,1187,4,n/a
6348041,0099,2020-04-07,Self-Employed,99102,690,Yes,Yes,Pending,2682.96,3194,4,N/A
6348741,1047,21/09/2020,Contract,34434,845,No,Yes,Denied,1573.32,1873,5,Flagged for manual review.
6350895,0060,2020-10-23,Part-Time,21271,749,No,No,Pending,1115.52,1162,3,income verified via Plaid
6351451,1022,2020-04-19,Full-Time,47994,731,No,Yes,Approved,2428.92,3114,1,n/a
6352267,1460,2024-02-11,Part-Time,47313,707,No,No,Pending,1489.62,2257,2,n/a
6353332,0221,2020-11-10,Retired,160262,759,No,No,Withdrawn,1873.20,3122,5,income verified via Plaid
6355108,1018,2023-12-09,Self-Employed,87085,580,Yes,Yes,Denied,5981.04,7668,3,
6355603,1020,2020-07-01,Student,51001,610,No,No,Withdrawn,3208.92,4114,3,Renewal case.
6359915,1360,2020-11-14,Part-Time,136033,788,No,No,Under Review,1438.08,1498,4,n/a
6359955,0531,2022-12-16,Part-Time,35036,382,No,No,Pending,4747.20,4945,5,Co-signer pending review.
6361312,1166,2021-05-18,Unemployed,194215,679,No,No,Approved,1848.96,1926,5,.
6362926,1763,2022-08-10,Unemployed,200698,600,No,No,Approved,3847.14,5829,1,.
6363668,0726,2024-01-22,Self-Employed,75420,,Yes,No,Approved,1597.68,1902,5,Applicant provided pay stubs.
6364985,0800,26/03/2022,Retired,143308,632,No,No,Denied,1576.74,2389,5,
6367619,1737,2023-06-16,Part-Time,166870,802,Yes,Yes,Denied,773.52,1172,2,
6368339,1417,,Retired,172045,521,No,No,Approved,3093.00,5155,5,Missing bank statements.
6369845,1472,2022-08-15,Retired,164844,717,No,No,Pending,5345.34,6853,3,Flagged for manual review.
6374308,1780,2024-11-19,Student,264793,,No,Yes,Pending,6980.40,8310,5,.
6374454,0874,28/10/2022,Part-Time,145279,793,No,Yes,Approved,3516.60,5861,5,Flagged for manual review.
6374807,1197,2023-08-14,Contract,145556,782,Yes,Yes,Denied,1520.64,2304,1,.
6375036,1362,23/05/2022,Retired,42417,592,No,No,Approved,3793.92,3952,5,income verified via Plaid
6375873,0097,2021-02-15,Contract,146356,784,No,Yes,Denied,1363.32,1623,1,N/A
6378653,0296,30/12/2024,Part-Time,228811,739,No,No,Approved,814.32,1044,4,Missing bank statements.
6378788,0160,2020-11-13,Self-Employed,210368,717,No,No,Denied,830.70,1065,5,Referred by agent.
6378858,0015,2023-04-04,Student,303760,825,No,No,Denied,1467.84,2224,2,Missing bank statements.
6381627,1056,2020-04-25,Self-Employed,29535,,Yes,No,Approved,965.16,1149,3,Referred by agent.
6383276,0594,2020-03-21,Retired,220909,773,No,No,Approved,2295.72,2733,2,Applicant provided pay stubs.
6384170,1528,2020-02-03,Unemployed,109225,741,No,Yes,Approved,2673.00,4455,4,.
6384382,1769,2020-10-06,Self-Employed,131080,723,No,Yes,Withdrawn,4462.20,7437,2,docs expired
6385108,0563,2023-09-21,Contract,210440,676,No,No,Denied,3285.00,5475,2,n/a
6385951,0534,2021-11-08,Retired,46899,712,No,No,Approved,2857.92,2977,4,.
6387473,1041,2024-03-15,Part-Time,135409,518,No,Yes,Denied,2920.32,3042,1,
6391321,0618,2024-06-03,Full-Time,35931,735,No,No,Approved,4704.18,6031,4,Renewal case.
6391700,1277,,Full-Time,206172,722,No,Yes,Approved,1293.00,2155,4,income verified via Plaid
6391702,1140,2023-02-23,Part-Time,182800,633,No,Yes,Withdrawn,1662.60,2771,3,n/a
6397878,0571,,Self-Employed,184033,763,No,Yes,Approved,2168.04,2581,3,Flagged for manual review.
6398743,0370,2022-03-08,Retired,219594,,No,Yes,Approved,2717.40,4529,1,
6398894,1152,14/08/2021,Student,38586,710,No,Yes,Approved,3395.40,5659,1,
6401195,0322,2023-08-07,Retired,202863,N/A,Yes,Yes,Denied,2717.22,4117,2,Applicant provided pay stubs.
6402890,1583,2022-02-25,Part-Time,150431,840,No,Yes,Approved,2677.08,3187,3,N/A
6404530,0546,2020-04-11,Retired,217644,690,Yes,No,Approved,2205.12,2297,1,Co-signer pending review.
6404536,0357,,Unemployed,204052,338,No,Yes,Denied,4019.40,6090,2,
6404586,1096,23/07/2022,Self-Employed,127284,839,Yes,Yes,Denied,1672.44,2534,3,docs expired
6405086,1297,21/03/2021,Retired,24289,670,Yes,Yes,Approved,780.00,1300,4,Flagged for manual review.
6406938,1379,2022-01-14,Part-Time,141842,797,No,No,Approved,3821.40,5790,5,Applicant provided pay stubs.
6407790,0446,20/07/2024,Part-Time,32674,,No,No,Approved,3020.16,3146,1,n/a
6408024,1074,19/07/2020,Self-Employed,132967,673,No,No,Pending,2949.60,4916,5,n/a
6409284,0584,2023-01-03,Unemployed,80304,590,No,Yes,Denied,2103.00,3505,5,Renewal case.
6409449,0961,29/06/2022,Student,56283,688,No,No,Approved,1599.36,1666,5,n/a
6412316,0462,2024-09-24,Unemployed,188026,766,No,No,Approved,2263.68,2358,2,Applicant follow-up needed
6412345,0672,2020-10-21,Self-Employed,182705,714,No,No,Approved,2143.20,3572,5,Applicant provided pay stubs.
6415767,0761,2024-03-11,Part-Time,63505,721,No,No,Approved,4925.76,5131,5,Applicant follow-up needed
6416248,0167,17/12/2020,Retired,31187,N/A,No,No,Approved,2686.20,0,1,Referred by agent.
6416585,0188,2021-11-10,Student,171380,651,No,No,Under Review,885.06,1341,1,docs expired
6419123,0942,2023-01-18,Retired,86377,799,No,No,Under Review,1389.96,2106,1,.
6419228,1149,,Contract,130788,718,No,No,Approved,6057.24,7211,3,Applicant follow-up needed
6419911,1266,2024-11-25,Full-Time,115349,,No,No,Denied,863.46,1107,4,n/a
6422501,0403,2020-08-15,Full-Time,201781,783,No,No,Approved,1836.90,2355,4,docs expired
6422772,1357,14/09/2023,Full-Time,38300,798,No,No,Approved,2161.92,2252,4,docs expired
6426609,1668,,Student,2955,665,No,Yes,Denied,5005.56,5959,4,n/a
6428606,1505,2020-03-30,Retired,212228,751,No,Yes,Pending,2049.00,3415,4,N/A
6429133,1112,2024-01-03,Self-Employed,21882,713,No,Yes,Approved,1519.44,1948,4,Applicant follow-up needed
6430053,1254,2022-09-17,Retired,117188,789,No,No,Denied,3158.10,4785,3,Referred by agent.
6431753,0692,2021-02-06,Student,254646,700,No,No,Approved,1941.06,2941,1,Applicant follow-up needed
6436448,1198,2022-12-22,Part-Time,167354,788,Yes,No,Withdrawn,5211.36,7896,3,docs expired
6439368,1600,2024-09-18,Retired,172497,697,No,Yes,Denied,1850.94,2373,5,docs expired
6440360,0445,2023-12-20,Unemployed,83682,497,No,Yes,Approved,1088.34,1649,3,Co-signer pending review.
6440614,0671,2022-02-12,Part-Time,159868,358,No,No,Denied,2353.68,2802,5,n/a
6442147,0154,,Part-Time,29276,593,No,Yes,Approved,1078.74,1383,1,Co-signer pending review.
6444758,0155,14/12/2021,Unemployed,201163,788,No,No,Pending,3300.96,4232,2,Applicant follow-up needed
6448174,0143,26/01/2020,Part-Time,142672,646,Yes,Yes,Denied,1657.32,1973,5,income verified via Plaid
6448743,1011,2020-02-27,Part-Time,31207,850,No,Yes,Pending,4427.64,5271,3,Referred by agent.
6450724,1087,2023-06-03,Self-Employed,279336,766,No,No,Pending,3763.80,6273,5,Renewal case.
6452947,0503,2024-03-17,Contract,107206,N/A,Yes,No,Withdrawn,2510.40,4184,2,Co-signer pending review.
6453321,0109,2023-06-26,Full-Time,117206,619,No,Yes,Denied,1184.04,1794,2,N/A
6456392,0304,2023-12-29,Self-Employed,398000,736,Yes,No,Denied,1626.30,2085,5,n/a
6458275,0019,2024-01-10,Part-Time,18025,461,No,Yes,Approved,2407.44,2866,4,Renewal case.
6458912,0503,2021-07-15,Student,58797,646,No,No,Approved,2510.40,4184,3,
6459879,0699,26/08/2024,Unemployed,168487,632,No,No,Pending,3309.60,3940,3,Applicant provided pay stubs.
6461317,0745,2021-11-13,Part-Time,144448,838,Yes,Yes,Approved,3454.44,5234,3,Applicant provided pay stubs.
6461454,1780,28/03/2022,Student,105175,510,No,Yes,Approved,5484.60,8310,4,Missing bank statements.
6465085,0184,,Self-Employed,260322,,No,Yes,Denied,4473.84,5326,1,Flagged for manual review.
6465341,1313,,Contract,11434,726,No,Yes,Approved,1965.60,2340,5,
6466190,0432,26/09/2021,Self-Employed,92381,704,No,Yes,Denied,1758.60,2931,4,income verified via Plaid
6467730,0247,2021-04-07,Self-Employed,45133,338,No,No,Denied,1140.72,1358,5,income verified via Plaid
6468220,1292,2022-06-26,Full-Time,130773,682,Yes,No,Approved,10170.24,10594,3,income verified via Plaid
6468596,0527,2020-08-09,Student,174068,780,No,Yes,Approved,1626.24,2464,3,Applicant provided pay stubs.
6468732,0160,2021-07-25,Part-Time,153264,850,Yes,No,Under Review,1022.40,1065,1,
6470821,0903,2023-10-20,Contract,170299,770,No,Yes,Approved,4247.04,4424,4,N/A
6473462,1753,2024-11-07,Student,173183,583,No,Yes,Approved,1480.20,2467,1,docs expired
6473575,0174,2024-04-17,Retired,134956,792,No,No,Denied,1887.60,2420,2,.
6475331,0237,2021-12-02,Self-Employed,237002,632,No,Yes,Approved,3263.52,4184,4,Applicant provided pay stubs.
6479757,1281,2023-03-23,Self-Employed,248794,731,No,No,Pending,2804.88,3596,1,Flagged for manual review.
6479813,0363,2024-11-06,Part-Time,238038,739,No,Yes,Denied,1184.40,1410,1,income verified via Plaid
6480421,0090,2023-03-17,Part-Time,35737,N/A,Yes,No,Approved,5025.60,5235,4,Applicant follow-up needed
6482651,0361,2021-07-04,Part-Time,86427,800,No,Yes,Denied,2545.20,4242,4,Missing bank statements.
6482931,1212,2024-04-10,Part-Time,185325,713,No,No,Approved,1125.54,1443,3,n/a
6483820,1018,2024-12-03,Contract,300714,712,No,Yes,Approved,7361.28,7668,3,n/a
6484708,0653,2024-01-08,Part-Time,223854,703,No,No,Denied,2306.88,2403,4,N/A
6486970,0128,2023-01-01,Part-Time,37248,577,No,Yes,Approved,5066.82,7677,1,docs expired
6488605,0163,17/10/2024,Student,60317,N/A,Yes,Yes,Approved,3906.24,5008,2,.
6488720,0856,2023-06-06,Retired,68094,,No,Yes,Approved,711.48,847,5,.
6489436,1612,2024-11-03,Full-Time,9124,811,No,Yes,Approved,2043.84,2129,1,Applicant provided pay stubs.
6489469,0804,2022-06-03,Self-Employed,238640,738,No,No,Denied,2083.62,3157,2,Missing bank statements.
6489614,1421,2021-04-30,Unemployed,322030,655,No,Yes,Under Review,2723.76,3492,2,Applicant follow-up needed
6496499,1531,2021-10-31,Student,193669,N/A,No,Yes,Denied,1362.90,2065,5,Flagged for manual review.
6497309,1270,2023-03-13,Student,278656,815,No,Yes,Denied,3516.48,5328,1,Applicant follow-up needed
6497549,1797,2022-11-15,Retired,53790,581,Yes,No,Approved,578.16,876,3,income verified via Plaid
6498672,0545,2020-06-20,Self-Employed,52480,778,No,No,Pending,2273.04,3444,4,Co-signer pending review.
6499065,0728,2023-11-13,Part-Time,77153,718,No,No,Denied,1599.00,2050,3,
6499989,1314,2021-01-28,Self-Employed,96036,373,No,No,Approved,2693.46,4081,2,Referred by agent.
6500129,0420,,Self-Employed,120605,800,No,Yes,Under Review,3732.96,5656,4,N/A
6501407,1202,2023-08-05,Self-Employed,103932,746,No,No,Denied,2176.44,2591,1,Missing bank statements.
6501712,1198,2020-07-27,Contract,222909,840,No,Yes,Denied,4737.60,7896,5,N/A
6503623,1279,23/05/2021,Self-Employed,241236,,No,No,Withdrawn,3978.24,4736,3,Flagged for manual review.
6505999,0317,2023-10-19,Student,143439,711,Yes,No,Approved,2318.94,0,3,n/a
6507463,0802,2023-05-30,Contract,209136,625,No,No,Denied,1444.80,2408,1,Renewal case.
6510807,1711,2023-08-03,Self-Employed,193041,787,No,Yes,Denied,2378.88,0,4,
6511968,0787,17/09/2020,Student,243263,824,No,No,Approved,1223.64,1854,3,docs expired
6513061,1662,2021-03-13,Unemployed,205405,748,No,Yes,Approved,3755.40,6259,5,Applicant follow-up needed
6513387,1341,2023-03-16,Self-Employed,67805,637,No,Yes,Denied,4136.40,6894,5,docs expired
6513408,0483,2024-10-04,Contract,196375,757,No,No,Approved,1337.28,1592,2,Referred by agent.
6513724,1152,,Student,192296,761,No,No,Denied,4753.56,5659,2,Missing bank statements.
6517038,1056,2021-03-14,Part-Time,217318,827,No,Yes,Denied,758.34,1149,4,Applicant follow-up needed
6517969,1050,2020-03-15,Retired,148100,711,No,Yes,Withdrawn,1116.06,1691,2,income verified via Plaid
6522077,1097,2024-03-28,Full-Time,201482,,No,No,Approved,1207.14,1829,3,N/A
6526998,1054,17/11/2020,Full-Time,234135,718,No,Yes,Approved,1659.84,2128,1,.
6527520,1760,2023-08-06,Student,194816,786,No,No,Withdrawn,1263.00,2105,1,income verified via Plaid
6528261,0874,2021-03-28,Student,27018,718,No,Yes,Approved,3868.26,5861,3,Applicant follow-up needed
6528638,0953,2020-08-17,Retired,216137,657,No,No,Approved,3586.80,4270,2,
6529115,0359,2021-07-06,Full-Time,291245,573,No,No,Approved,2237.76,2331,1,
6530191,0582,2021-05-13,Unemployed,246442,638,No,Yes,Approved,1517.10,1945,4,income verified via Plaid
6530695,1435,2024-08-30,Full-Time,189398,672,No,No,Denied,3047.52,3628,5,docs expired
6534484,0626,2020-07-24,Student,135689,594,No,No,Pending,1194.60,1991,1,Co-signer pending review.
6535271,0556,2022-06-18,Full-Time,180738,420,No,No,Pending,3258.24,3394,5,
6535416,0653,2022-02-15,Student,232598,,Yes,Yes,Pending,3834.24,3994,1,Renewal case.
6536838,0473,2020-03-03,Self-Employed,84995,791,No,No,Denied,3367.56,4009,1,Applicant follow-up needed
6538433,1722,2020-06-06,Part-Time,232609,648,Yes,No,Approved,1616.64,1684,4,Missing bank statements.
6539247,0291,2022-08-29,Contract,295408,435,No,Yes,Withdrawn,1537.92,1602,4,Referred by agent.
6540731,1180,2021-03-17,Student,133200,731,No,No,Pending,3510.54,5319,3,Referred by agent.
6542701,1087,2022-09-15,Self-Employed,212842,312,No,No,Denied,6022.08,6273,4,Flagged for manual review.
6542782,0465,2022-06-28,Part-Time,106789,647,No,No,Approved,1476.54,1893,5,Renewal case.
6542964,0438,2020-07-25,Self-Employed,224742,753,Yes,Yes,Denied,2004.00,3340,2,
6543522,1617,2021-08-26,Contract,62909,840,No,Yes,Denied,684.60,815,3,docs expired
6543764,0266,2020-01-13,Student,243898,656,No,Yes,Pending,1618.20,2697,3,.
6545221,0771,2023-01-14,Self-Employed,167377,753,No,Yes,Approved,2426.76,2889,3,Missing bank statements.
6545510,1445,20/02/2021,Self-Employed,88888,688,No,Yes,Approved,8016.00,8350,1,Applicant follow-up needed
6545672,0271,2023-04-01,Part-Time,196640,836,No,Yes,Approved,6342.18,8131,3,.
6548555,1154,,Full-Time,213558,811,No,No,Denied,1798.50,2725,1,.
6549532,0289,15/11/2022,Full-Time,511000,,No,No,Approved,2235.42,3387,4,docs expired
6551176,0345,18/10/2022,Student,982000,605,Yes,No,Under Review,5189.76,5406,3,.
6552113,0206,2020-08-03,Full-Time,69160,508,No,No,Pending,2157.60,3596,4,
6552658,1424,2024-09-29,Self-Employed,93617,343,No,No,Withdrawn,1940.64,2488,5,Flagged for manual review.
6552843,0284,2020-08-29,Contract,77611,725,No,No,Pending,1691.58,2563,5,Applicant provided pay stubs.
6552925,1559,29/02/2024,Part-Time,192628,664,No,No,Denied,1361.64,1621,3,Co-signer pending review.
6554689,1032,2020-05-12,Student,96183,687,Yes,No,Approved,2469.60,2940,1,Flagged for manual review.
6554958,0185,2021-08-16,Student,98564,759,No,No,Approved,4375.68,4558,1,Renewal case.
6555771,0385,2021-01-08,Self-Employed,309055,586,No,No,Approved,4868.16,5071,1,Applicant provided pay stubs.
6556606,1459,2022-12-13,Contract,212601,664,No,No,Approved,2537.64,3021,1,Missing bank statements.
6556641,1448,2023-04-21,Contract,78316,N/A,No,No,Pending,2422.56,2884,5,Applicant follow-up needed
6557540,0855,2023-02-05,Full-Time,236066,696,No,No,Approved,703.56,902,2,Flagged for manual review.
6557751,1349,2023-01-13,Self-Employed,239404,806,No,Yes,Approved,2075.40,3459,4,N/A
6562537,0950,2024-07-09,Full-Time,187473,317,Yes,No,Approved,2482.80,4138,3,Flagged for manual review.
6563111,1318,2022-11-22,Full-Time,43001,716,No,Yes,Pending,2099.40,3499,1,Applicant provided pay stubs.
6563311,0986,2022-03-19,Full-Time,50653,633,No,No,Approved,6136.32,6392,3,income verified via Plaid
6563955,1364,2024-06-10,Retired,173031,749,No,No,Pending,4536.84,5401,1,Applicant provided pay stubs.
6566221,0517,2023-04-22,Part-Time,63249,580,No,Yes,Approved,4114.50,5275,2,income verified via Plaid
6569887,0656,14/11/2022,Student,189955,690,No,No,Approved,4886.40,5090,3,Applicant provided pay stubs.
6573207,0027,2021-10-30,Self-Employed,237385,835,No,Yes,Pending,1202.76,1542,3,
6573343,1659,2022-08-16,Contract,248300,769,No,No,Under Review,2815.68,2933,3,Missing bank statements.
6573702,1800,2023-03-01,Unemployed,218691,788,No,No,Pending,987.84,1029,3,Renewal case.
6577199,1795,2020-01-03,Full-Time,233624,777,No,No,Under Review,6232.32,6492,2,income verified via Plaid
6577268,1436,2023-01-29,Unemployed,111143,733,No,Yes,Denied,5583.36,5816,3,docs expired
6581427,0348,2023-06-07,Student,36688,727,No,Yes,Approved,5301.60,8836,4,income verified via Plaid
6583394,1697,2020-01-05,Student,62889,644,No,Yes,Approved,1023.00,1705,3,Flagged for manual review.
6583569,0118,2022-01-23,Retired,145882,656,Yes,No,Denied,6746.88,7028,5,Applicant follow-up needed
6584408,0014,2023-09-21,Full-Time,63245,N/A,Yes,No,Approved,1690.26,2167,1,Missing bank statements.
6585986,0491,2020-05-20,Contract,310038,717,No,No,Approved,1473.36,1754,5,Applicant follow-up needed
6586412,0531,2024-01-22,Retired,193527,788,No,Yes,Approved,4747.20,4945,1,.
6587831,0795,15/03/2023,Unemployed,98602,686,No,No,Approved,1291.92,1538,2,Applicant provided pay stubs.
6588317,0717,2024-02-08,Part-Time,126731,791,No,No,Denied,5440.50,6975,5,Renewal case.
6591031,1312,2022-01-21,Retired,20501,,No,No,Approved,582.00,970,5,
6593208,1505,2020-04-06,Unemployed,34272,710,No,No,Denied,2868.60,3415,3,N/A
6593334,0262,2022-05-01,Full-Time,182205,519,Yes,Yes,Pending,877.80,1045,5,Missing bank statements.
6594509,1263,2023-05-13,Retired,137728,,Yes,Yes,Approved,2489.76,2964,1,Missing bank statements.
6595386,0649,2021-06-30,Student,44964,834,Yes,No,Approved,2528.64,2634,4,N/A
6595964,1734,2020-09-12,Contract,206600,844,No,Yes,Denied,1861.80,3103,5,Applicant follow-up needed
6597371,1507,28/02/2024,Part-Time,98096,779,Yes,No,Denied,2319.72,2974,2,Applicant provided pay stubs.
6599302,0516,2020-10-21,Part-Time,146764,N/A,No,No,Under Review,1326.00,1700,1,Missing bank statements.
6601131,0610,2023-10-04,Retired,69680,729,No,Yes,Approved,1817.76,2164,5,
6601201,0674,2020-04-23,Student,155817,753,No,No,Approved,3761.52,4478,2,Applicant follow-up needed
6602803,1289,2024-12-03,Part-Time,301831,690,No,Yes,Pending,2433.60,2535,4,income verified via Plaid
6603336,1321,30/09/2022,Self-Employed,13304,728,No,Yes,Denied,1625.40,2709,5,N/A
6603779,0376,2022-07-10,Retired,66486,773,No,No,Approved,2801.28,2918,4,Applicant provided pay stubs.
6604268,1403,2023-03-01,Student,145186,461,No,No,Approved,2130.24,2536,1,
6605188,0311,2021-03-22,Contract,34955,,No,No,Approved,1644.60,2741,3,Co-signer pending review.
6605570,0198,2023-04-16,Student,202475,805,Yes,Yes,Approved,2915.64,3738,3,
6606487,0189,2023-12-15,Full-Time,183842,733,Yes,No,Withdrawn,3100.80,3230,1,Applicant follow-up needed
6609485,0630,2024-02-24,Self-Employed,20525,755,No,Yes,Approved,1384.50,1775,5,Co-signer pending review.
6609621,0768,2020-12-11,Student,160317,750,No,Yes,Approved,4548.06,6891,3,N/A
6610460,0476,2023-10-05,Student,99969,778,No,No,Approved,2477.28,3176,1,.
6610643,0573,2024-06-30,Part-Time,203990,410,No,No,Approved,2593.92,2702,4,
6613531,0130,2020-06-07,Full-Time,48959,651,No,Yes,Under Review,2385.00,3975,3,Flagged for manual review.
6615825,1225,2024-09-29,Self-Employed,222849,655,Yes,No,Approved,1261.20,0,1,Missing bank statements.
6616305,0512,2020-07-09,Student,115220,722,Yes,Yes,Denied,6421.74,8233,5,Applicant follow-up needed
6618466,1668,2024-11-01,Student,100172,514,No,No,Denied,5720.64,5959,2,Referred by agent.
6619883,0666,2020-10-08,Self-Employed,104211,631,Yes,No,Denied,1114.08,1688,2,
6620697,0049,2020-06-28,Full-Time,191564,584,Yes,No,Under Review,2230.20,3717,1,Renewal case.
6623717,0516,2023-03-23,Student,182499,427,No,Yes,Denied,1122.00,1700,2,n/a
6624651,0427,19/11/2022,Contract,25974,634,No,No,Approved,1002.00,1670,1,Referred by agent.
6624931,1581,2020-05-14,Student,249255,763,No,No,Withdrawn,634.92,0,1,Flagged for manual review.
6629010,0756,2023-04-03,Retired,111490,605,Yes,No,Denied,903.54,1369,1,Applicant follow-up needed
6629485,1787,,Student,248875,745,No,Yes,Pending,2623.92,3364,5,
6629995,1063,17/04/2022,Self-Employed,158019,681,No,No,Approved,1338.96,1594,5,Referred by agent.
6631763,0266,2023-11-20,Retired,415000,708,No,Yes,Approved,2265.48,2697,1,
6633634,1609,2023-05-23,Student,204773,607,No,No,Denied,5521.92,5752,3,Missing bank statements.
6634320,0610,2024-06-09,Part-Time,132104,676,Yes,No,Approved,1428.24,2164,3,Referred by agent.
6636972,1678,,Full-Time,160089,695,No,No,Under Review,2183.16,2599,1,Renewal case.
6638088,0079,2021-06-24,Retired,133328,744,No,Yes,Approved,2357.04,2806,5,Missing bank statements.
6638551,0774,2023-06-27,Student,210871,642,No,No,Pending,3072.42,3939,4,n/a
6642261,0073,2021-03-13,Self-Employed,88653,849,No,No,Approved,2451.60,4086,4,
6643265,0957,2022-04-17,Unemployed,241295,660,No,No,Under Review,1345.20,2242,4,Missing bank statements.
6645804,1762,29/11/2023,Full-Time,132619,588,Yes,Yes,Denied,1995.24,0,4,Flagged for manual review.
6648467,1343,2023-06-08,Retired,152960,814,No,Yes,Denied,1484.16,1546,4,Applicant follow-up needed
6648521,1330,2021-07-04,Contract,234058,694,No,No,Approved,834.90,1265,1,N/A
6649833,0287,28/09/2024,Part-Time,151523,659,No,Yes,Withdrawn,4678.80,5570,1,docs expired
6655382,1383,2022-03-25,Part-Time,194069,810,No,No,Approved,2935.68,3058,2,docs expired
6655391,1407,2024-08-10,Full-Time,51006,374,No,No,Approved,1823.58,2763,1,.
6656142,0919,2022-12-04,Student,148502,765,Yes,Yes,Denied,884.16,921,2,N/A
6656788,0508,2021-10-23,Student,176856,822,No,No,Under Review,796.80,830,5,Missing bank statements.
6657324,1480,2020-06-01,Full-Time,77520,686,No,No,Denied,1034.22,0,1,Missing bank statements.
6659460,0437,2023-10-22,Retired,34169,616,No,Yes,Denied,2133.30,2735,2,
6661621,1468,16/03/2023,Contract,182768,762,No,Yes,Pending,1687.62,2557,5,Applicant provided pay stubs.
6661687,0043,2020-09-10,Self-Employed,166426,637,No,Yes,Approved,3162.24,3294,4,Applicant provided pay stubs.
6661940,1248,2024-05-03,Unemployed,192596,775,No,Yes,Under Review,6536.40,8380,4,N/A
6662604,1703,2020-12-02,Retired,33407,689,Yes,Yes,Approved,10476.48,12472,4,Flagged for manual review.
6667406,1661,2022-08-20,Full-Time,221804,748,No,No,Pending,2443.32,3702,4,.
6668963,0668,2020-05-30,Contract,128841,,Yes,Yes,Pending,2955.60,4926,4,Applicant follow-up needed
6669777,1310,2024-08-05,Unemployed,21274,593,No,No,Under Review,3200.40,3810,3,n/a
6669863,0111,2020-02-16,Self-Employed,184908,496,No,No,Approved,1363.56,2066,4,
6672933,0671,,Retired,74642,791,No,Yes,Approved,2689.92,2802,5,Applicant provided pay stubs.
6673053,1719,17/08/2023,Full-Time,95824,721,No,Yes,Denied,2898.24,3019,4,.
6673288,0622,2021-05-14,Self-Employed,236663,631,No,No,Denied,2024.40,2410,5,
6673831,1008,2020-12-25,Student,222325,702,No,Yes,Pending,7053.48,8397,3,Applicant provided pay stubs.
6674413,1498,2023-10-05,Self-Employed,57691,771,Yes,Yes,Under Review,2991.36,3116,1,Co-signer pending review.
6676296,1094,2023-02-27,Self-Employed,87777,651,Yes,Yes,Denied,1402.20,2337,3,Co-signer pending review.
6676353,1283,2024-02-20,Part-Time,184921,845,No,No,Denied,7001.94,10609,1,income verified via Plaid
6676505,0733,,Self-Employed,110068,831,No,Yes,Under Review,1036.20,1570,1,.
6677773,1549,2020-10-21,Contract,66193,782,No,Yes,Withdrawn,1108.80,1848,3,N/A
6680094,0755,2021-01-25,Self-Employed,278703,,No,No,Approved,4778.28,6126,3,Co-signer pending review.
6680446,0395,2022-05-10,Self-Employed,58439,N/A,Yes,Yes,Withdrawn,2735.04,4144,2,
6685844,1621,2021-03-17,Full-Time,73631,763,No,No,Pending,4511.76,6836,2,.
6686779,1515,2023-12-20,Contract,240352,723,No,Yes,Approved,1301.82,1669,5,Applicant provided pay stubs.
6687274,1762,2020-09-17,Part-Time,448000,757,No,No,Approved,1688.28,2558,4,Referred by agent.
6687802,0323,2020-02-27,Student,232157,600,No,No,Under Review,5037.48,5997,2,Applicant follow-up needed
6689001,1618,2021-02-26,Student,90307,839,No,Yes,Pending,2157.48,2766,1,Applicant follow-up needed
6689930,0928,2024-04-02,Part-Time,33391,786,Yes,No,Denied,1363.32,1623,3,Co-signer pending review.
6691230,0808,2021-09-05,Unemployed,91189,,No,No,Approved,1293.24,1658,1,
6691631,0836,2022-04-11,Contract,1673,625,Yes,No,Pending,2920.50,4425,1,
6691774,1387,2020-09-12,Self-Employed,188900,667,No,Yes,Under Review,1284.60,2141,3,
6691898,0457,2024-01-14,Self-Employed,228505,776,Yes,No,Denied,2878.26,4361,2,
6692828,1234,2024-08-01,Unemployed,260200,752,No,Yes,Approved,4204.98,5391,2,n/a
6694749,0002,2024-09-15,Full-Time,75569,,No,No,Approved,2403.18,3081,3,Renewal case.
6695148,0156,2022-10-18,Contract,164574,684,No,Yes,Approved,4115.52,4287,3,Missing bank statements.
6695192,1707,2024-06-08,Self-Employed,238358,688,No,No,Approved,3933.60,5960,2,Co-signer pending review.
6696191,0750,2022-12-05,Student,35779,715,No,No,Approved,2575.32,3902,2,.
6696312,1552,22/11/2024,Contract,67688,677,Yes,No,Approved,660.66,847,4,Applicant provided pay stubs.
6697676,0360,2024-10-02,Part-Time,219620,712,Yes,No,Denied,3195.00,5325,5,Co-signer pending review.
6703207,0705,2020-02-06,Part-Time,39136,,No,No,Approved,2603.16,3099,4,Referred by agent.
6703258,1152,2022-08-27,Unemployed,91285,708,Yes,No,Approved,4753.56,5659,3,Missing bank statements.
6703485,0247,2023-09-02,Retired,102586,661,No,Yes,Under Review,1140.72,1358,3,income verified via Plaid
6704783,0312,23/12/2021,Student,182146,789,No,No,Under Review,3523.80,4195,1,
6705307,1394,2022-10-08,Part-Time,249940,716,No,Yes,Denied,1058.64,1604,4,Co-signer pending review.
6706078,1697,2024-08-02,Retired,113704,367,No,Yes,Pending,1023.00,1705,4,N/A
6710005,1348,2023-06-08,Retired,67036,737,No,No,Withdrawn,6287.40,7485,5,Referred by agent.
6710397,0126,2020-03-06,Student,13114,815,No,No,Pending,1340.40,2234,4,n/a
6711309,1268,2020-10-09,Student,39638,,Yes,Yes,Approved,6341.16,7549,3,
6711319,1380,2022-01-06,Unemployed,52031,739,No,Yes,Denied,7008.96,8344,2,.
6713030,0993,2024-12-14,Unemployed,68844,678,No,Yes,Denied,866.04,1031,5,.
6713128,0491,2022-02-06,Self-Employed,311520,759,No,Yes,Withdrawn,1716.00,2200,4,N/A
6714062,1494,2020-05-15,Part-Time,239964,726,No,No,Approved,4027.20,4195,5,N/A
6716330,1316,2023-01-08,Full-Time,116332,647,No,No,Approved,1405.32,1673,5,Referred by agent.
6717384,1256,2023-03-25,Unemployed,110254,760,No,Yes,Approved,3361.68,4002,4,N/A
6719258,1301,25/05/2022,Full-Time,232299,,Yes,No,Denied,1393.92,2112,5,Renewal case.
6719300,1045,2023-01-08,Self-Employed,87971,743,No,Yes,Approved,3001.02,4547,5,income verified via Plaid
6719334,0643,15/12/2022,Retired,235625,346,Yes,Yes,Pending,1763.58,2261,1,n/a
6720091,0324,2022-11-06,Student,99863,715,No,No,Pending,3020.16,3146,3,N/A
6723494,0155,2021-08-17,Full-Time,9305,712,No,No,Approved,4062.72,4232,2,Referred by agent.
6724503,0956,2021-03-22,Part-Time,131292,534,Yes,No,Approved,2082.60,3471,3,Missing bank statements.
6725170,0908,2023-04-29,Unemployed,150221,619,No,No,Denied,4617.60,4810,1,income verified via Plaid
6725640,1127,2020-09-04,Full-Time,26783,798,No,Yes,Pending,3352.32,3492,5,N/A
6727773,0878,2021-04-10,Retired,201181,810,No,Yes,Approved,937.20,1562,5,Applicant follow-up needed
6727826,1561,2020-08-13,Student,192854,736,No,Yes,Approved,3106.56,3236,5,
6731499,0271,2020-03-06,Part-Time,79104,697,Yes,Yes,Under Review,6342.18,8131,1,
6732354,0478,2023-04-05,Part-Time,181727,646,No,No,Denied,2903.04,3024,4,Flagged for manual review.
6733200,1228,,Contract,55656,827,No,No,Approved,940.80,1120,3,docs expired
6733251,1295,2022-04-04,Retired,123515,622,No,Yes,Denied,6941.76,7231,5,n/a
6735243,1620,2020-08-31,Full-Time,117243,609,No,Yes,Denied,2931.00,4885,3,n/a
6735994,1089,2020-04-10,Part-Time,188427,696,No,No,Under Review,1446.06,2191,5,income verified via Plaid
6736910,0083,2022-08-30,Full-Time,143541,682,No,No,Denied,3185.28,3318,5,n/a
6738007,1202,2024-01-18,Unemployed,89144,,No,No,Approved,1554.60,2591,1,income verified via Plaid
6742022,0630,2020-10-31,Full-Time,173446,793,No,Yes,Approved,1384.50,1775,4,Referred by agent.
6744262,0024,2022-03-10,Unemployed,309771,696,No,Yes,Approved,1780.80,2968,2,N/A
6745447,0107,2022-02-21,Student,141564,640,No,Yes,Denied,2190.54,3319,2,N/A
6745873,0884,,Unemployed,140905,661,Yes,No,Approved,4911.66,6297,3,Renewal case.
6746142,1774,2023-01-31,Contract,212926,663,Yes,Yes,Approved,1454.40,1515,1,Applicant provided pay stubs.
6747290,0072,2021-09-09,Full-Time,88328,784,No,Yes,Approved,2635.08,3137,5,N/A
6749586,0393,2022-08-02,Self-Employed,66914,676,Yes,No,Under Review,1632.00,2720,1,docs expired
6750000,0401,31/08/2024,Student,250252,695,No,No,Withdrawn,6244.80,0,3,.
6750357,0460,,Contract,87917,754,No,Yes,Approved,1861.44,2216,2,Referred by agent.
6750572,1528,2021-08-13,Contract,155298,724,No,Yes,Approved,3742.20,4455,1,Applicant provided pay stubs.
6751121,0650,2024-02-05,Unemployed,19477,783,No,No,Denied,1171.50,1775,3,Flagged for manual review.
6751224,0531,2022-02-01,Part-Time,158900,584,No,Yes,Under Review,3263.70,4945,4,.
6751783,0729,2024-07-20,Self-Employed,22413,721,No,Yes,Denied,1742.16,2074,3,Co-signer pending review.
6752243,1003,2021-06-21,Part-Time,50377,,Yes,Yes,Denied,8386.56,8736,2,Referred by agent.
6753689,0679,29/12/2024,Self-Employed,68715,659,No,Yes,Denied,2299.44,2948,3,Applicant provided pay stubs.
6755916,1396,2020-01-27,Full-Time,195767,334,No,No,Approved,2458.56,0,3,Applicant provided pay stubs.
6758160,0290,2024-05-03,Retired,92345,591,No,No,Approved,1593.60,1660,4,Referred by agent.
6759496,1348,,Self-Employed,210719,521,Yes,No,Approved,4491.00,7485,4,Missing bank statements.
6760207,0264,2024-09-02,Part-Time,358000,695,No,No,Pending,934.56,1416,4,income verified via Plaid
6762840,1418,15/05/2021,Student,237191,775,No,No,Under Review,2104.08,3188,4,Applicant provided pay stubs.
6763498,1539,2020-10-25,Self-Employed,179541,,Yes,Yes,Approved,8597.76,8956,5,
6764768,1075,2024-03-10,Full-Time,131231,785,No,No,Denied,4206.72,4382,2,Renewal case.
6765415,1629,2022-03-12,Part-Time,168772,,No,Yes,Approved,1733.76,2064,3,Missing bank statements.
6766486,1239,,Student,128152,672,No,Yes,Approved,851.76,1014,5,.
6766712,1412,2021-12-08,Self-Employed,86746,743,No,No,Approved,1516.80,1580,3,.
6767373,0178,2020-07-08,Unemployed,299474,826,No,Yes,Approved,2329.14,3529,3,
6767449,1575,2020-12-22,Retired,149487,410,Yes,Yes,Approved,2174.64,2788,2,Co-signer pending review.
6768248,0939,,Retired,249723,350,No,No,Approved,1440.60,2401,2,Applicant follow-up needed
6769735,1474,2023-06-12,Student,200580,617,No,No,Approved,2734.80,4558,3,docs expired
6770588,0863,2022-04-09,Contract,14961,604,Yes,No,Approved,828.96,1256,1,
6771969,0584,2022-03-10,Contract,187472,584,No,No,Approved,2103.00,3505,5,N/A
6772029,0305,25/05/2023,Student,175910,708,No,Yes,Approved,6042.96,7194,2,Applicant provided pay stubs.
6772066,0019,2023-04-29,Self-Employed,139351,651,No,Yes,Approved,2751.36,2866,5,
6772262,1638,2020-06-29,Unemployed,230641,711,Yes,No,Denied,8215.74,10533,3,Renewal case.
6773351,0872,2021-12-04,Contract,71828,610,No,Yes,Denied,1331.22,2017,4,Applicant follow-up needed
6773503,0753,2023-01-30,Retired,230917,698,No,Yes,Denied,2113.80,0,3,income verified via Plaid
6774017,0229,26/09/2023,Part-Time,51842,752,Yes,No,Approved,1417.80,2363,5,
6775461,0854,2023-06-14,Unemployed,89234,840,No,No,Under Review,2232.96,2326,5,income verified via Plaid
6776313,1624,2020-01-24,Retired,207185,791,No,No,Denied,3167.58,4061,5,
6778102,1338,2023-04-12,Unemployed,227237,740,No,Yes,Approved,3279.60,5466,3,
6778794,0705,2020-03-30,Contract,174073,599,No,Yes,Denied,2975.04,3099,1,Renewal case.
6779064,0400,2021-12-29,Contract,61720,650,No,No,Denied,5648.64,5884,4,
6779869,1365,2020-05-14,Full-Time,227652,693,No,No,Under Review,3848.04,4581,1,Applicant provided pay stubs.
6780372,0596,2023-10-30,Full-Time,89666,799,No,Yes,Under Review,3074.40,3660,5,Flagged for manual review.
6780623,1225,2023-07-12,Full-Time,119004,,Yes,Yes,Denied,1261.20,2102,1,Flagged for manual review.
6780991,1210,2022-12-31,Retired,162990,674,No,No,Approved,1756.80,2928,5,Renewal case.
6781154,0185,21/12/2020,Part-Time,111913,706,No,No,Denied,3828.72,4558,5,Referred by agent.
6782639,0278,2024-12-22,Contract,108140,770,No,Yes,Pending,2972.40,4954,5,Renewal case.
6785055,1796,2021-09-03,Retired,156557,680,No,No,Denied,2207.70,3345,5,
6786452,0477,2020-09-03,Self-Employed,219725,771,No,Yes,Approved,901.68,1156,1,Missing bank statements.
6786589,1389,23/11/2020,Part-Time,37160,,No,Yes,Approved,2476.80,2580,2,Missing bank statements.
6786591,0928,2023-04-02,Unemployed,216567,791,Yes,Yes,Pending,1363.32,1623,5,Flagged for manual review.
6787508,0160,,Full-Time,66268,,Yes,Yes,Approved,830.70,1065,4,n/a
6788776,1370,2024-12-26,Retired,194120,800,No,No,Approved,1148.16,1472,3,
6789616,1107,2021-12-18,Full-Time,34737,754,Yes,No,Denied,2483.52,3184,1,Applicant follow-up needed
6790547,0742,2022-01-04,Self-Employed,12297,682,Yes,No,Approved,3589.80,5983,4,.
6790686,1352,2024-08-23,Full-Time,136813,690,No,No,Approved,1774.92,2113,1,N/A
6791250,0769,2024-02-24,Contract,281062,780,No,Yes,Withdrawn,3444.00,5740,5,
6791471,0828,2020-10-18,Contract,72065,850,No,No,Approved,2053.44,2139,5,Applicant provided pay stubs.
6794874,1251,2022-01-29,Contract,23228,735,No,No,Approved,5052.48,5263,4,Missing bank statements.
6795603,0514,2021-06-13,Unemployed,170283,800,No,No,Approved,888.00,925,3,
6795819,0318,2022-04-03,Retired,50771,645,No,No,Pending,1168.32,1217,2,Co-signer pending review.
6798851,1088,2022-03-16,Full-Time,145146,788,Yes,Yes,Denied,5732.16,5971,4,Applicant follow-up needed
6802222,0922,,Retired,276195,N/A,No,Yes,Approved,1227.84,1279,5,Co-signer pending review.
6804082,1619,2022-04-21,Retired,27344,733,No,Yes,Under Review,1264.56,1916,2,.
6807097,1237,2021-09-07,Full-Time,136509,587,No,No,Pending,717.60,1196,4,docs expired
6808572,0684,2021-11-22,Retired,221934,700,No,Yes,Denied,885.06,1341,4,docs expired
6809400,1702,2022-05-26,Self-Employed,157269,,No,Yes,Pending,2162.88,2253,2,income verified via Plaid
6809876,1163,2022-07-28,Unemployed,29445,847,No,No,Approved,998.40,1664,5,Co-signer pending review.
6810979,0184,2022-08-06,Self-Employed,185907,757,No,No,Approved,4154.28,5326,3,Co-signer pending review.
6811518,1551,2024-09-25,Part-Time,110048,736,Yes,Yes,Pending,2617.92,2727,1,n/a
6812429,0718,2023-12-29,Full-Time,145747,785,No,No,Pending,3978.24,4736,1,docs expired
6812644,0333,2022-06-30,Part-Time,118071,725,No,No,Pending,914.10,1385,1,Renewal case.
6813815,0697,2024-10-30,Part-Time,42074,N/A,No,No,Denied,3119.04,3249,1,N/A
6816512,1364,2024-10-31,Part-Time,181700,687,Yes,No,Denied,4536.84,5401,1,
6817369,1406,2024-07-28,Self-Employed,115805,749,Yes,No,Approved,3053.40,3635,3,Flagged for manual review.
6819273,0092,,Unemployed,195014,733,No,Yes,Denied,2466.36,3162,2,.
6823103,1755,2023-05-21,Retired,137792,795,No,Yes,Pending,2353.68,2802,5,income verified via Plaid
6823550,1049,2020-08-16,Contract,167156,747,No,No,Denied,1659.00,1975,2,docs expired
6824344,1121,2021-10-25,Self-Employed,310909,837,No,No,Approved,1173.60,1956,1,
6824793,0332,2022-12-21,Part-Time,202300,594,No,No,Pending,2208.96,2301,3,Co-signer pending review.
6825863,0099,2024-12-29,Full-Time,183259,,No,Yes,Approved,2682.96,3194,3,income verified via Plaid
6826707,0470,2024-03-01,Part-Time,314925,,No,Yes,Under Review,3735.60,0,1,Referred by agent.
6828140,1091,2022-02-14,Self-Employed,158301,645,No,No,Denied,2373.12,2472,2,Applicant follow-up needed
6830071,0635,28/04/2021,Part-Time,176294,741,No,Yes,Approved,4816.32,5017,3,Applicant follow-up needed
6830803,1753,,Self-Employed,105474,725,No,No,Denied,1480.20,2467,3,Co-signer pending review.
6830870,0377,2020-01-13,Retired,179568,616,No,Yes,Pending,1197.00,1425,2,N/A
6832217,0209,2020-01-07,Student,74296,377,No,No,Approved,3471.00,4450,4,Renewal case.
6833753,0404,2020-11-30,Self-Employed,13141,570,No,No,Denied,6425.16,7649,3,Applicant provided pay stubs.
6834868,0126,2023-11-25,Unemployed,222339,835,No,Yes,Pending,2144.64,2234,4,Applicant provided pay stubs.
6839942,0667,2024-05-10,Full-Time,244528,734,No,Yes,Under Review,2430.72,2532,3,Applicant follow-up needed
6840939,1265,2024-10-12,Part-Time,21722,834,No,No,Pending,5702.40,5940,2,Co-signer pending review.
6841115,1672,2020-03-23,Contract,68783,736,No,No,Denied,2632.56,3134,3,income verified via Plaid
6841930,0494,2022-09-19,Unemployed,151900,826,No,No,Approved,5010.60,5965,2,Referred by agent.
6844715,1257,2023-12-09,Contract,173523,815,Yes,Yes,Under Review,609.00,1015,2,N/A
6844951,1416,2022-01-17,Contract,75771,606,No,No,Denied,3513.60,3660,5,Co-signer pending review.
6845027,0945,2022-04-18,Contract,175846,689,Yes,Yes,Approved,1801.80,2145,3,income verified via Plaid
6845593,0497,2021-03-31,Full-Time,77927,741,Yes,No,Denied,2233.44,3384,1,
6846552,0332,2023-10-02,Unemployed,227691,741,No,No,Approved,1518.66,2301,3,Applicant follow-up needed
6846808,1758,2022-11-21,Part-Time,60856,694,Yes,Yes,Under Review,3972.54,6019,3,n/a
6847618,1407,2021-11-03,Contract,628000,403,Yes,No,Approved,2652.48,2763,5,Flagged for manual review.
6848280,0436,2023-10-03,Retired,40182,777,No,Yes,Pending,3109.68,3702,5,
6851523,1091,2020-08-03,Retired,218265,729,Yes,Yes,Denied,1631.52,2472,4,Renewal case.
6851845,0194,30/09/2020,Unemployed,108442,727,No,No,Approved,3561.48,4566,2,income verified via Plaid
6851981,0615,2024-08-21,Contract,247765,845,No,Yes,Approved,5024.88,5982,3,Missing bank statements.
6852949,1232,2020-05-04,Part-Time,117723,735,No,No,Pending,2399.04,2856,4,docs expired
6853015,0820,2020-01-14,Contract,109870,,No,Yes,Pending,3969.84,4726,1,
6854345,0783,2024-05-27,Unemployed,238537,760,No,No,Approved,2985.18,4523,5,Missing bank statements.
6856113,1394,2021-04-15,Self-Employed,406000,671,No,Yes,Approved,1347.36,1604,3,
6856999,0674,2020-10-20,Full-Time,226152,,No,Yes,Approved,4298.88,4478,1,docs expired
6857714,1703,2020-04-07,Self-Employed,69291,688,Yes,Yes,Pending,9728.16,12472,3,income verified via Plaid
6862090,0479,,Self-Employed,34252,624,No,Yes,Pending,4540.80,6880,4,Renewal case.
6863311,1029,,Retired,111521,504,No,No,Approved,1749.72,2083,1,Missing bank statements.
6864507,0718,2024-03-07,Contract,86546,747,No,No,Denied,2841.60,0,5,Missing bank statements.
6864932,1007,2023-11-03,Full-Time,34898,727,No,Yes,Approved,1228.92,1862,4,docs expired
6865953,0218,2021-07-27,Unemployed,116269,708,No,Yes,Approved,3593.28,3743,3,Applicant provided pay stubs.
6866781,1231,2023-01-03,Part-Time,40352,361,No,No,Approved,3245.76,3381,5,
6869306,0837,24/03/2022,Retired,227307,701,No,No,Approved,5284.80,5505,4,Flagged for manual review.
6869619,1635,,Full-Time,223282,,No,Yes,Under Review,3084.18,4673,4,
6870120,0877,2022-07-31,Contract,197303,850,No,Yes,Denied,2803.02,4247,4,N/A
6870746,1332,,Student,11320,773,No,No,Approved,2754.18,3531,3,
6870762,1592,2023-07-09,Student,112706,614,Yes,No,Under Review,2348.94,3559,1,Missing bank statements.
6870895,0299,2022-05-20,Part-Time,178604,674,No,Yes,Approved,3494.40,4480,5,income verified via Plaid
6870899,1787,2023-03-08,Contract,128133,790,No,Yes,Approved,2220.24,3364,3,Applicant provided pay stubs.
6873555,0724,2021-03-06,Part-Time,93526,,No,No,Approved,2294.88,2732,4,Applicant follow-up needed
6874429,0410,2024-01-10,Retired,130845,616,No,Yes,Approved,712.80,1188,2,N/A
6874890,0954,,Contract,61195,702,No,Yes,Approved,3938.22,5967,4,.
6878075,1095,21/03/2020,Full-Time,224413,791,No,Yes,Pending,1275.96,1519,3,Applicant follow-up needed
6881780,0399,2020-04-23,Full-Time,168611,511,No,Yes,Denied,2041.92,2127,3,N/A
6882930,0843,2023-09-01,Unemployed,105459,747,No,Yes,Denied,1117.74,1433,1,Referred by agent.
6882938,0824,2020-10-03,Full-Time,152827,662,No,No,Approved,1611.84,1679,1,Flagged for manual review.
6883721,1496,2022-05-26,Self-Employed,116844,616,No,No,Denied,4898.04,5831,5,
6883854,1424,2021-10-20,Full-Time,106218,503,Yes,No,Approved,1940.64,2488,2,N/A
6884704,1270,2021-07-17,Contract,285162,,Yes,No,Approved,5114.88,5328,5,n/a
6885450,1082,25/07/2020,Self-Employed,116531,N/A,No,Yes,Approved,913.44,1384,4,Co-signer pending review.
6886677,0960,2021-10-10,Unemployed,257565,814,No,Yes,Approved,1281.06,1941,3,Missing bank statements.
6886805,1043,18/03/2022,Unemployed,41454,389,Yes,Yes,Denied,1875.06,2841,1,Applicant follow-up needed
6889861,0274,2022-09-05,Retired,152371,715,No,No,Approved,3286.14,4213,5,income verified via Plaid
6893091,0473,2020-05-20,Student,248900,664,Yes,Yes,Denied,3127.02,4009,4,Renewal case.
6893491,0740,27/07/2024,Student,119731,772,No,Yes,Pending,2585.28,2693,2,
6895387,0072,2024-10-04,Self-Employed,50238,684,Yes,No,Denied,1882.20,3137,2,
6895724,0337,2020-01-05,Student,89980,549,No,Yes,Approved,3649.92,3802,4,N/A
6895829,1574,2021-01-12,Self-Employed,108920,473,Yes,Yes,Pending,751.20,1252,3,Missing bank statements.
6897110,1686,2021-10-03,Self-Employed,60858,720,No,Yes,Denied,3495.24,4161,1,docs expired
6898586,0123,2023-06-26,Retired,178399,519,No,No,Under Review,1011.84,1054,1,Co-signer pending review.
6899270,0651,2023-08-08,Contract,51304,633,Yes,No,Approved,2932.80,4888,4,Flagged for manual review.
6899834,1086,2024-09-23,Part-Time,139324,,Yes,Yes,Withdrawn,3806.40,4880,2,Renewal case.
6900282,1159,18/02/2021,Retired,86210,762,Yes,Yes,Approved,2527.98,3241,1,.
6900393,1181,15/02/2020,Self-Employed,90583,782,No,Yes,Under Review,2555.52,3872,5,Missing bank statements.
6902096,1669,2020-02-27,Full-Time,84908,703,No,Yes,Withdrawn,933.60,1556,4,N/A
6903903,0579,2020-02-13,Contract,125855,804,No,Yes,Approved,4918.20,5855,2,
6908214,1534,,Part-Time,76575,742,No,Yes,Denied,1495.68,0,1,docs expired
6911554,0788,2024-08-06,Self-Employed,155198,762,No,No,Approved,4475.52,5328,1,Co-signer pending review.
6911565,0222,18/03/2022,Part-Time,191879,750,No,No,Denied,1655.28,2508,5,
6914188,0542,2023-07-06,Contract,20441,746,No,No,Withdrawn,1119.00,1865,5,
6915211,0222,2022-11-06,Contract,49750,699,No,Yes,Approved,1655.28,2508,2,n/a
6918717,0989,2022-07-13,Retired,182224,673,No,Yes,Withdrawn,1552.32,1848,5,Referred by agent.
6919690,0775,2023-01-20,Part-Time,207400,611,Yes,No,Withdrawn,943.32,1123,2,
6927436,1744,2020-06-01,Self-Employed,47796,,No,No,Approved,5146.68,7798,3,Renewal case.
6928359,1232,2022-12-25,Part-Time,224100,811,Yes,Yes,Approved,1713.60,2856,2,.
6928947,1360,2023-05-31,Student,6343,,No,Yes,Approved,1438.08,1498,1,n/a
6929544,0567,2020-05-10,Unemployed,61231,,No,No,Pending,1066.80,1778,4,
6934086,0049,2020-02-23,Contract,122667,793,No,No,Withdrawn,2453.22,3717,2,
6934598,0576,14/07/2021,Part-Time,25287,641,No,No,Pending,1090.32,1652,5,income verified via Plaid
6935810,0124,2024-11-29,Part-Time,230286,591,No,Yes,Under Review,775.32,994,3,
6937911,0098,2024-10-09,Retired,75420,774,No,Yes,Pending,1862.40,1940,2,income verified via Plaid
6939264,0109,2024-10-01,Full-Time,206546,741,Yes,Yes,Approved,1506.96,0,5,
6940731,0212,2024-12-04,Full-Time,264993,,No,No,Denied,1713.60,1785,1,Applicant follow-up needed
6941879,0584,2024-01-16,Full-Time,86082,715,Yes,Yes,Denied,3364.80,3505,4,Applicant provided pay stubs.
6943121,0547,2020-05-26,Contract,204453,559,No,Yes,Denied,2808.30,4255,4,Renewal case.
6945437,0625,2022-09-25,Contract,239440,396,No,Yes,Approved,2017.86,2587,4,Referred by agent.
6945442,0645,31/01/2020,Unemployed,40909,850,Yes,No,Pending,4734.84,7174,5,Renewal case.
6946165,0726,2020-04-07,Retired,229882,675,No,Yes,Pending,1597.68,1902,3,n/a
6946647,1088,,Retired,184177,589,Yes,No,Approved,3582.60,5971,5,N/A
6946687,0408,2020-01-12,Self-Employed,39107,N/A,No,Yes,Withdrawn,5633.94,7223,1,.
6949583,0391,2023-04-28,Full-Time,237899,,No,Yes,Denied,2616.60,3115,3,n/a
6950017,1556,2023-02-09,Unemployed,25914,675,Yes,Yes,Approved,1989.00,2550,4,Applicant follow-up needed
6950414,0365,25/11/2021,Contract,92870,768,No,Yes,Denied,1847.82,2369,1,Renewal case.
6950914,0996,2021-12-08,Part-Time,209964,451,Yes,No,Pending,3776.40,6294,1,income verified via Plaid
6951255,1458,26/10/2023,Full-Time,48702,712,No,No,Approved,3801.84,4526,5,n/a
6954716,1322,29/08/2024,Unemployed,154400,597,Yes,Yes,Approved,3102.96,3694,3,Applicant provided pay stubs.
6955473,0987,2020-12-04,Retired,67018,348,No,Yes,Under Review,3730.98,5653,5,Renewal case.
6956378,1419,2024-01-08,Part-Time,76427,325,No,No,Pending,2752.62,3529,2,Referred by agent.
6957438,1429,24/08/2021,Contract,214084,618,Yes,Yes,Denied,2703.60,4506,5,.
6959022,0413,2022-06-11,Student,160675,689,No,No,Denied,3894.00,6490,1,Applicant provided pay stubs.
6959975,1422,2024-09-26,Self-Employed,131573,685,No,No,Withdrawn,1496.22,2267,3,n/a
6961184,1057,2024-08-27,Contract,138825,841,No,No,Withdrawn,3382.08,3523,1,income verified via Plaid
6961631,0744,25/05/2020,Student,248991,730,No,Yes,Pending,3557.76,3706,3,Missing bank statements.
6963347,0679,18/06/2023,Contract,117004,,No,No,Denied,2830.08,2948,2,
6963351,1380,2024-07-02,Unemployed,144025,,No,No,Approved,8010.24,8344,1,docs expired
6964111,0439,2022-04-08,Student,31969,,No,Yes,Pending,1864.32,1942,5,Applicant provided pay stubs.
6964419,0708,2023-03-19,Part-Time,135909,735,No,Yes,Pending,4201.86,5387,3,Flagged for manual review.
6964715,1664,2023-10-27,Part-Time,60906,776,No,No,Approved,3832.32,3992,5,
6964942,1441,2021-01-07,Self-Employed,119229,510,No,Yes,Approved,2980.38,3821,4,Co-signer pending review.
6966761,0786,20/11/2020,Full-Time,120345,698,No,No,Pending,1850.16,2372,5,income verified via Plaid
6966822,0256,,Retired,91969,677,No,No,Approved,2154.24,2244,4,Applicant follow-up needed
6968580,0829,2024-09-04,Retired,40603,849,No,No,Approved,4846.08,5048,3,Applicant provided pay stubs.
6969292,0534,2021-08-20,Retired,185616,549,No,No,Pending,2857.92,2977,5,Applicant provided pay stubs.
6969758,0570,2020-09-14,Part-Time,310365,650,No,No,Approved,3786.42,5737,5,N/A
6970670,0889,2024-05-25,Retired,228079,782,No,Yes,Approved,2694.00,4490,5,Applicant follow-up needed
6971348,0501,2023-07-13,Self-Employed,70593,792,No,Yes,Withdrawn,969.54,1469,2,docs expired
6972293,0359,2021-12-16,Student,61943,689,No,No,Withdrawn,2237.76,2331,3,Missing bank statements.
6972989,0894,2022-01-24,Unemployed,52259,485,No,No,Denied,1732.50,2625,2,docs expired
6973018,0792,2023-12-05,Contract,176233,763,Yes,No,Denied,2636.40,4394,5,Applicant follow-up needed
6975780,0435,2022-08-09,Self-Employed,141197,629,No,Yes,Denied,1661.76,0,5,Referred by agent.
6980047,0144,2024-05-04,Student,310130,735,Yes,Yes,Denied,4394.28,6658,2,Missing bank statements.
6980646,1277,2024-10-17,Retired,24373,616,Yes,Yes,Approved,1235.52,1872,3,
6982067,0333,2020-11-08,Student,385000,795,Yes,Yes,Denied,831.00,1385,1,N/A
6982266,1185,2022-10-12,Unemployed,41216,,No,No,Denied,1339.80,2030,1,n/a
6982802,1329,30/03/2022,Unemployed,103358,503,No,Yes,Approved,2835.30,3635,4,Referred by agent.
6984224,0079,2021-10-15,Unemployed,19926,684,No,No,Denied,1683.60,2806,4,.
6984635,1407,2020-09-11,Part-Time,228293,811,No,Yes,Approved,1657.80,2763,1,
6984763,1535,2020-07-09,Full-Time,89744,738,No,No,Denied,4030.32,4798,2,
6986987,0364,2023-03-24,Self-Employed,106337,485,No,No,Denied,2643.84,0,2,income verified via Plaid
6989287,0697,2021-02-18,Student,170892,739,No,Yes,Under Review,2144.34,3249,1,
6990316,0628,,Retired,175712,420,Yes,No,Under Review,2689.20,4482,4,Flagged for manual review.
6993177,0461,2020-07-05,Full-Time,139528,305,No,Yes,Under Review,1679.16,1999,3,Renewal case.
6995329,1193,2024-04-08,Full-Time,32780,620,No,No,Withdrawn,2923.80,4873,1,Co-signer pending review.
6995905,1278,2023-12-29,Student,99666,609,No,No,Pending,1585.32,2402,1,income verified via Plaid
6997188,1409,2022-12-21,Unemployed,176353,,No,Yes,Denied,3155.52,3287,5,
6997842,0741,2022-07-15,Part-Time,84136,752,No,No,Denied,3453.12,3597,3,Referred by agent.
6998618,0999,2022-02-13,Student,245011,703,No,Yes,Pending,1587.60,2646,5,Applicant follow-up needed
6998730,1657,2022-11-17,Self-Employed,144059,757,No,No,Approved,5254.80,8758,3,docs expired
6998744,1218,2021-06-18,Part-Time,226689,611,No,Yes,Approved,6345.36,7554,1,
7002864,1462,2020-12-14,Contract,59431,N/A,No,Yes,Approved,1483.20,1545,2,n/a
7003821,1494,2024-05-10,Retired,206077,690,No,Yes,Denied,3272.10,4195,3,docs expired
7004734,0751,2022-03-24,Retired,182963,838,No,Yes,Approved,1781.64,2121,2,income verified via Plaid
7005274,1645,2024-09-16,Retired,266559,N/A,Yes,No,Under Review,3275.58,4963,4,Referred by agent.
7005501,0611,,Retired,38198,595,No,No,Denied,2465.40,4109,4,Missing bank statements.
7006134,1135,2023-07-04,Part-Time,123242,646,No,Yes,Pending,2251.20,2680,5,Missing bank statements.
7006378,0417,2020-09-21,Full-Time,227770,688,No,No,Under Review,5594.16,7172,5,n/a
7006521,0600,2023-01-08,Part-Time,52204,752,No,No,Approved,705.60,840,3,income verified via Plaid
7007115,0164,2023-04-15,Retired,141680,784,Yes,No,Approved,2666.88,0,5,income verified via Plaid
7009801,0680,2021-09-07,Unemployed,29334,576,No,No,Denied,747.12,1132,4,income verified via Plaid
7009848,0404,2024-01-04,Full-Time,238685,811,No,No,Pending,5048.34,7649,1,
7010062,0126,2020-12-15,Self-Employed,120974,698,No,Yes,Denied,1742.52,2234,5,Referred by agent.
7010527,1615,2023-08-02,Contract,205045,804,No,No,Pending,1018.92,1213,3,docs expired
7010555,1368,2023-07-24,Unemployed,240458,651,No,Yes,Pending,2417.22,3099,3,Co-signer pending review.
7011817,1199,2022-07-15,Full-Time,130109,822,No,No,Pending,3036.54,3893,3,docs expired
7011841,0201,,Contract,88867,396,No,Yes,Under Review,2332.80,2430,4,.
7012545,0216,2021-11-21,Student,240877,750,No,Yes,Denied,1619.52,1687,2,
7012592,0723,2023-03-09,Contract,205123,616,No,Yes,Approved,3107.40,5179,5,Renewal case.
7013469,1474,2023-12-06,Full-Time,85098,350,Yes,Yes,Approved,3555.24,4558,5,
7016299,0385,2022-09-07,Part-Time,126218,793,No,Yes,Approved,3042.60,5071,2,Referred by agent.
7016563,0461,2024-11-09,Full-Time,80565,806,No,Yes,Withdrawn,1199.40,1999,5,
7017180,0826,2022-06-24,Unemployed,214729,689,No,Yes,Approved,2954.82,0,3,N/A
7018118,1394,2021-01-26,Full-Time,87760,,Yes,No,Under Review,1347.36,1604,2,Referred by agent.
7020297,1598,2022-08-04,Contract,148775,480,No,Yes,Approved,1951.80,3253,1,Applicant follow-up needed
7026785,0557,2024-12-05,Student,39503,,No,Yes,Approved,2987.88,3557,1,Referred by agent.
7027429,0200,2020-02-06,Unemployed,155763,,No,No,Approved,2342.76,2789,1,N/A
7027527,1451,2022-11-11,Retired,111005,761,No,Yes,Under Review,2750.22,4167,4,Referred by agent.
7029670,0938,2022-05-04,Unemployed,112653,833,No,Yes,Approved,4687.20,5580,4,Flagged for manual review.
7030974,0930,17/08/2024,Unemployed,183362,,No,Yes,Approved,1896.96,2432,1,Renewal case.
7032007,1380,2024-01-20,Retired,77949,760,No,Yes,Approved,6508.32,8344,3,docs expired
7032695,0094,2023-02-23,Part-Time,47056,497,No,Yes,Denied,3929.28,4093,1,Applicant provided pay stubs.
7032902,0103,2022-01-03,Part-Time,164979,616,No,No,Denied,4504.32,4692,5,Applicant provided pay stubs.
7034212,1620,2020-07-01,Retired,153861,677,No,No,Approved,3810.30,4885,4,docs expired
7034875,1127,2024-04-09,Unemployed,203451,N/A,Yes,Yes,Denied,2723.76,3492,5,Applicant follow-up needed
7036198,0396,2023-07-07,Full-Time,58770,843,Yes,No,Approved,2845.26,4311,1,Flagged for manual review.
7036677,0967,2023-01-09,Retired,236324,381,Yes,No,Approved,1220.34,1849,5,Missing bank statements.
7036929,0119,2024-01-07,Student,80330,776,No,No,Denied,4598.40,4790,3,n/a
7040103,1283,2023-11-11,Student,151801,819,No,Yes,Approved,6365.40,10609,2,.
7041347,1178,2020-09-09,Retired,121208,709,No,No,Approved,2100.54,2693,2,.
7041972,0380,13/08/2022,Contract,138673,689,No,No,Approved,5001.60,5210,2,
7042009,0451,2022-12-30,Full-Time,100998,,No,No,Denied,4252.56,5452,1,docs expired
7043931,0642,2022-04-08,Full-Time,72816,759,No,No,Approved,815.04,849,5,
7044851,0483,2022-08-08,Retired,105617,777,No,No,Approved,955.20,0,1,Renewal case.
7047706,0939,2020-12-27,Full-Time,102662,633,No,Yes,Approved,1440.60,2401,1,N/A
7053249,1506,23/10/2022,Self-Employed,163291,754,No,Yes,Pending,1840.44,2191,2,Applicant follow-up needed
7053292,0920,21/07/2023,Full-Time,2651,842,No,Yes,Approved,3291.84,3429,5,.
7053904,0383,2023-11-10,Retired,116569,787,No,Yes,Approved,1956.90,2965,1,
7054997,0851,2022-12-13,Part-Time,150100,745,Yes,Yes,Approved,1297.56,1966,1,Co-signer pending review.
7055361,0910,2022-08-03,Self-Employed,26701,804,No,Yes,Denied,1614.36,2446,5,
7055599,0377,31/01/2020,Full-Time,244950,668,No,Yes,Denied,855.00,1425,4,n/a
7055618,0512,2020-10-14,Part-Time,99920,822,No,No,Denied,5433.78,8233,2,N/A
7055840,1341,2023-06-05,Self-Employed,130441,725,No,No,Under Review,5790.96,6894,5,Applicant provided pay stubs.
7056895,0222,2024-06-06,Unemployed,249600,618,No,Yes,Denied,1504.80,2508,4,Referred by agent.
7057865,1346,2022-04-14,Student,165509,N/A,No,No,Approved,2158.86,3271,4,.
7057870,0958,2021-03-01,Full-Time,97903,777,Yes,No,Withdrawn,1447.80,2413,3,Flagged for manual review.
7060934,1107,27/03/2024,Student,197336,,Yes,Yes,Denied,2483.52,3184,5,Renewal case.
7062371,0351,2022-12-01,Part-Time,277694,519,No,No,Approved,3429.72,4083,5,
7064897,0953,2020-01-10,Retired,34566,741,No,Yes,Pending,4099.20,4270,3,Applicant follow-up needed
7065235,0409,28/08/2021,Unemployed,112834,581,Yes,No,Under Review,4614.72,6992,1,Flagged for manual review.
7066472,1683,2021-12-29,Unemployed,58972,783,No,No,Denied,3210.90,4865,3,N/A
7068399,1699,2021-02-11,Full-Time,89845,,Yes,No,Denied,995.28,1508,3,Referred by agent.
7068677,0509,2021-07-09,Self-Employed,112772,317,Yes,Yes,Denied,2636.70,3995,5,Renewal case.
7070177,0829,2023-10-07,Self-Employed,2791,749,No,No,Denied,3331.68,5048,4,Missing bank statements.
7070939,1473,2020-05-21,Unemployed,20034,771,No,No,Pending,3944.64,4696,4,income verified via Plaid
7071252,0734,2021-06-05,Contract,20018,838,Yes,No,Approved,1301.04,1668,2,
7071386,0334,2023-06-11,Contract,158227,723,No,No,Denied,2256.60,3761,1,Co-signer pending review.
7071637,0249,2023-06-11,Full-Time,89746,616,No,No,Approved,3261.96,4182,1,Referred by agent.
7072844,1642,2023-06-13,Self-Employed,34259,680,No,No,Pending,2065.14,3129,4,income verified via Plaid
7074083,0897,2024-03-15,Full-Time,59672,572,Yes,No,Denied,826.80,1378,1,Applicant provided pay stubs.
7077044,0636,2022-05-03,Student,42637,693,No,Yes,Under Review,549.78,833,4,Applicant provided pay stubs.
7079282,1601,2023-06-11,Student,69883,672,No,No,Approved,1402.20,2337,3,Applicant follow-up needed
7083534,1357,2024-10-16,Part-Time,133300,701,No,Yes,Approved,1891.68,2252,4,Applicant follow-up needed
7083687,1454,2024-10-04,Unemployed,104333,797,No,No,Approved,982.80,1170,3,Renewal case.
7084216,0527,,Contract,180613,,No,Yes,Approved,1478.40,2464,2,n/a
7085172,1612,2022-07-23,Retired,113528,N/A,No,No,Approved,1660.62,2129,4,Applicant provided pay stubs.
7088283,1552,2024-01-21,Part-Time,149781,498,No,Yes,Approved,508.20,847,1,Referred by agent.
7088658,1107,2022-06-24,Student,53593,651,No,No,Denied,2483.52,3184,5,income verified via Plaid
7089968,0293,2022-03-17,Unemployed,38274,843,No,No,Approved,2007.72,3042,1,
7090114,1599,2020-09-30,Self-Employed,191375,N/A,Yes,No,Approved,1971.00,3285,4,Referred by agent.
7090238,1522,2023-07-06,Retired,117155,801,No,No,Approved,2321.40,3869,4,n/a
7095429,1036,2022-06-11,Part-Time,196323,736,Yes,No,Denied,3145.92,3277,2,income verified via Plaid
7096934,0178,2022-01-29,Retired,133004,762,No,No,Approved,2964.36,3529,2,Renewal case.
7097170,0861,2023-10-12,Student,48256,642,Yes,Yes,Denied,1849.80,3083,3,n/a
7098096,0682,2022-02-21,Part-Time,226600,632,No,No,Denied,5364.84,6878,2,
7099070,1655,2021-09-13,Unemployed,3389,761,No,No,Approved,4549.20,7582,3,Applicant provided pay stubs.
7099141,1106,2021-07-06,Student,56513,672,No,No,Approved,839.52,1272,4,
7101267,0980,30/04/2022,Contract,186611,663,Yes,No,Denied,1391.04,1656,1,Referred by agent.
7102705,1317,2024-09-12,Part-Time,36984,,No,No,Withdrawn,2198.28,0,3,Co-signer pending review.
7103478,0319,2021-08-27,Retired,67414,657,No,No,Approved,2206.62,2829,1,Co-signer pending review.
7105611,0890,26/07/2021,Unemployed,296663,731,No,No,Approved,9810.36,11679,5,n/a
7106538,0076,2022-05-11,Unemployed,36120,838,No,No,Withdrawn,1846.08,1923,5,N/A
7108680,0772,2021-11-23,Full-Time,32236,,No,No,Under Review,2461.44,2564,1,docs expired
7112524,1334,2022-05-27,Contract,220929,731,Yes,Yes,Approved,7081.80,11803,4,income verified via Plaid
7112928,0750,26/01/2020,Full-Time,44545,841,No,No,Approved,3745.92,3902,5,docs expired
7113497,1548,2023-06-05,Self-Employed,41364,817,No,No,Approved,4717.02,7147,2,Applicant follow-up needed
7113796,1616,2020-02-13,Self-Employed,114795,,No,Yes,Denied,3945.24,5058,1,.
7117466,1052,2023-10-14,Self-Employed,126452,763,No,No,Approved,2293.50,0,5,
7118053,1406,2020-02-22,Unemployed,226385,834,No,No,Denied,2399.10,3635,4,
7118230,0958,2021-11-16,Retired,232332,622,Yes,No,Pending,2316.48,0,5,income verified via Plaid
7120223,0501,2024-06-02,Unemployed,131276,779,No,Yes,Approved,1410.24,1469,4,Applicant follow-up needed
7121744,0386,,Student,153933,,No,Yes,Approved,1794.00,2300,5,Applicant follow-up needed
7121841,0846,2023-04-25,Part-Time,47323,724,No,No,Withdrawn,1431.30,1835,3,
7125988,0001,2023-03-19,Student,153876,395,No,Yes,Pending,561.66,851,3,.
7126538,1119,2022-03-13,Part-Time,166466,681,No,Yes,Pending,2162.16,3276,4,Referred by agent.
7127652,1079,2020-09-07,Unemployed,170213,551,Yes,Yes,Pending,1962.84,2974,1,income verified via Plaid
7130129,0206,2024-03-23,Part-Time,822000,708,No,Yes,Denied,2373.36,3596,5,Applicant provided pay stubs.
7132040,1404,2022-06-06,Self-Employed,124548,675,No,No,Approved,581.40,969,5,Renewal case.
7133067,1003,2021-08-11,Contract,176933,653,No,No,Denied,8386.56,8736,4,Missing bank statements.
7135392,1539,2020-11-04,Contract,220558,714,No,Yes,Approved,6985.68,8956,2,Applicant provided pay stubs.
7136184,0018,2024-03-14,Contract,65301,768,Yes,No,Denied,1761.54,2669,3,Co-signer pending review.
7137060,0303,2021-02-01,Full-Time,25709,717,No,No,Withdrawn,3143.40,5239,5,income verified via Plaid
7137647,1417,23/10/2024,Unemployed,186763,417,Yes,Yes,Denied,4330.20,5155,2,n/a
7140398,0343,2024-09-12,Unemployed,153916,640,No,No,Denied,1587.60,2646,3,Referred by agent.
7141763,0434,2020-10-06,Retired,65892,485,No,No,Under Review,2866.50,3675,5,Missing bank statements.
7142915,0131,23/06/2023,Unemployed,12714,670,No,Yes,Pending,836.22,1267,4,income verified via Plaid
7143500,1754,2020-08-21,Contract,172120,795,No,No,Approved,4596.48,4788,2,Co-signer pending review.
7143662,1520,2020-09-16,Student,148525,746,No,No,Under Review,1721.28,2608,4,Referred by agent.
7145564,1284,24/10/2022,Unemployed,126510,781,No,No,Denied,3688.08,5588,4,Applicant provided pay stubs.
7147633,1609,2021-04-06,Self-Employed,210575,612,No,Yes,Approved,3451.20,5752,2,Missing bank statements.
7149163,0755,26/05/2024,Student,286536,416,Yes,No,Pending,4778.28,6126,5,Referred by agent.
7153260,1209,2024-01-03,Self-Employed,177232,692,Yes,Yes,Withdrawn,1555.80,2593,5,Renewal case.
7153678,1498,2020-08-11,Contract,188824,694,Yes,No,Approved,1869.60,3116,2,Referred by agent.
7154196,1036,2024-04-09,Retired,196517,649,No,Yes,Denied,2162.82,3277,4,Missing bank statements.
7154996,0626,2022-03-15,Contract,200142,,No,No,Approved,1672.44,1991,1,.
7157254,0467,2021-10-11,Student,306421,685,Yes,Yes,Pending,8036.16,8371,5,docs expired
7158248,1029,2024-09-03,Part-Time,164113,,No,Yes,Approved,1374.78,0,3,
7159697,1550,15/06/2023,Part-Time,178066,830,Yes,No,Approved,4288.32,4467,2,Renewal case.
7160227,1373,2024-06-23,Contract,208181,694,Yes,Yes,Pending,548.40,914,5,Referred by agent.
7160929,0253,2024-05-20,Self-Employed,186000,738,Yes,Yes,Pending,3694.08,3848,2,Renewal case.
7161122,0600,23/06/2021,Part-Time,63897,620,No,No,Pending,806.40,840,1,Applicant provided pay stubs.
7161740,0552,2021-06-04,Unemployed,26824,767,No,Yes,Denied,5391.00,8985,1,
7162456,0465,2022-01-04,Full-Time,117223,805,No,Yes,Approved,1135.80,1893,3,N/A
7162911,1039,2021-08-18,Student,100229,601,No,No,Denied,3111.36,3241,3,
7163684,0819,2023-09-23,Part-Time,145258,,No,No,Withdrawn,3703.56,4409,3,Applicant follow-up needed
7164833,0469,2020-10-27,Part-Time,72232,,No,Yes,Withdrawn,3587.10,5435,4,docs expired
7166167,0242,2022-03-07,Unemployed,248496,593,No,No,Withdrawn,2370.24,2469,2,
7167827,0094,2024-05-12,Full-Time,93305,798,No,No,Denied,2455.80,4093,4,Applicant provided pay stubs.
7169184,0480,2022-02-04,Self-Employed,159507,804,No,No,Approved,2956.80,4480,4,docs expired
7170578,0185,2024-01-26,Contract,109382,606,No,No,Approved,3008.28,4558,1,Applicant follow-up needed
7170825,0920,2020-05-23,Student,40129,682,No,No,Approved,2263.14,3429,1,N/A
7172486,1714,2024-09-27,Self-Employed,34453,789,No,No,Approved,1851.30,2805,4,Applicant provided pay stubs.
7172768,0929,2024-07-19,Full-Time,146885,718,No,Yes,Approved,3081.54,4669,4,docs expired
7173825,1251,2022-04-05,Contract,83089,412,No,Yes,Approved,3157.80,5263,4,n/a
7175270,1328,19/03/2021,Unemployed,213337,315,No,Yes,Denied,3763.32,5702,2,Missing bank statements.
7176122,0956,2023-03-16,Unemployed,176745,837,No,Yes,Denied,3332.16,3471,2,Referred by agent.
7181300,0608,2020-02-28,Retired,19309,640,Yes,No,Pending,3668.28,4367,5,income verified via Plaid
7181489,1540,2023-05-06,Self-Employed,12744,694,No,No,Approved,2745.12,3268,3,Referred by agent.
7183330,0485,2024-07-14,Contract,36688,694,No,No,Denied,3262.08,3398,5,Applicant follow-up needed
7183427,0301,2021-10-31,Contract,94771,849,No,No,Approved,1854.84,2378,3,N/A
7184042,1402,2021-07-28,Contract,83046,786,No,Yes,Approved,599.28,908,1,Flagged for manual review.
7184739,1740,2021-02-15,Full-Time,167461,701,Yes,No,Pending,2166.72,2257,1,
7186373,1454,2020-06-08,Full-Time,76480,685,No,No,Approved,702.00,1170,2,Missing bank statements.
7186479,0601,2020-11-26,Full-Time,136814,698,No,No,Approved,1617.60,1685,2,Referred by agent.
7187305,1437,2021-02-18,Contract,153332,357,No,No,Denied,4769.28,4968,1,docs expired
7188788,0694,2022-05-06,Self-Employed,210401,835,No,Yes,Approved,2793.96,3582,3,Flagged for manual review.
7190404,0483,2024-11-07,Contract,168374,N/A,No,Yes,Approved,955.20,1592,5,
7191451,0008,2022-11-29,Contract,36096,343,No,No,Approved,5825.16,8826,4,Missing bank statements.
7192531,1218,16/02/2021,Student,113891,777,No,No,Approved,5892.12,7554,4,Referred by agent.
7197821,0462,23/09/2022,Full-Time,142899,838,Yes,Yes,Pending,1556.28,2358,5,n/a
7198368,1075,2021-04-04,Contract,228320,495,Yes,Yes,Approved,3417.96,4382,4,Renewal case.
7199642,1762,2024-12-01,Student,204804,708,Yes,Yes,Approved,1688.28,2558,3,Applicant follow-up needed
7200617,1586,2024-04-07,Contract,69345,844,No,No,Approved,3695.34,5599,5,Co-signer pending review.
7200658,1412,,Part-Time,197124,725,No,Yes,Approved,948.00,1580,4,
7200803,1270,,Full-Time,244803,713,Yes,Yes,Under Review,3516.48,5328,5,Referred by agent.
7201368,0828,2024-08-09,Retired,221157,760,Yes,No,Pending,1411.74,2139,4,Applicant follow-up needed
7201524,1617,18/03/2020,Student,87578,695,Yes,Yes,Approved,782.40,815,2,Renewal case.
7202382,1394,2023-12-31,Unemployed,41660,N/A,No,Yes,Pending,1058.64,1604,5,Referred by agent.
7203079,0597,2021-10-17,Unemployed,42857,775,No,No,Approved,1836.90,2355,3,n/a
7203319,1669,2021-08-26,Contract,63395,680,No,No,Approved,1026.96,1556,1,income verified via Plaid
7203814,0990,2024-09-16,Full-Time,214133,827,No,Yes,Denied,1975.74,2533,2,n/a
7209859,1119,2022-11-26,Contract,150324,778,Yes,No,Under Review,3144.96,3276,4,Flagged for manual review.
7212618,1475,14/02/2022,Self-Employed,50713,781,Yes,Yes,Under Review,1113.60,1856,3,.
7217429,0485,2021-08-06,Retired,168187,628,Yes,Yes,Approved,2854.32,3398,1,Missing bank statements.
7218388,1368,2024-01-10,Full-Time,20309,454,No,Yes,Approved,1859.40,3099,5,
7218670,0459,2021-03-24,Self-Employed,173916,653,No,No,Approved,1457.82,1869,1,Applicant follow-up needed
7219067,1594,14/11/2022,Student,36532,667,No,Yes,Denied,4729.14,6063,2,docs expired
7220393,1742,2022-05-07,Self-Employed,136687,744,Yes,Yes,Denied,2915.88,4418,1,Flagged for manual review.
7220454,0831,2022-01-07,Self-Employed,13628,672,Yes,Yes,Approved,1873.20,2230,2,Applicant provided pay stubs.
7222179,0619,2020-08-07,Full-Time,84116,,No,Yes,Pending,6163.20,10272,4,n/a
7222676,1150,2020-03-06,Retired,228110,736,No,Yes,Under Review,7587.60,12646,4,Flagged for manual review.
7223093,0496,2024-06-12,Full-Time,201369,,No,No,Denied,2236.26,2867,3,
7223483,1549,2020-06-18,Unemployed,241728,749,Yes,Yes,Approved,1219.68,1848,3,.
7223509,0286,2020-05-31,Student,56633,831,No,No,Denied,8678.88,10332,5,Applicant follow-up needed
7223868,1057,2023-12-03,Unemployed,164700,673,No,No,Denied,3382.08,3523,2,Co-signer pending review.
7226118,0965,26/07/2024,Self-Employed,46566,802,No,No,Withdrawn,2709.12,2822,5,Missing bank statements.
7226384,0229,2023-07-15,Part-Time,142953,835,No,No,Denied,1559.58,2363,2,Renewal case.
7226956,0967,2023-03-27,Full-Time,85016,703,No,No,Approved,1553.16,1849,4,N/A
7227525,0812,2022-02-05,Unemployed,177065,786,No,No,Approved,2861.76,2981,2,Missing bank statements.
7228162,1045,2020-04-03,Part-Time,6691,701,No,Yes,Approved,2728.20,4547,5,
7229006,1339,2023-11-28,Retired,159512,821,No,No,Approved,1011.36,1204,1,Applicant follow-up needed
7229173,0755,2020-05-09,Contract,105973,736,No,Yes,Approved,5145.84,6126,3,n/a
7230969,0654,2022-03-22,Student,42092,731,Yes,Yes,Denied,1855.20,0,4,Renewal case.
7231096,1697,2023-09-10,Self-Employed,108427,645,No,No,Withdrawn,1329.90,1705,5,Missing bank statements.
7231482,1350,18/07/2024,Full-Time,199068,728,No,Yes,Approved,2931.72,4442,4,
7233724,1684,2020-03-27,Retired,69432,604,No,Yes,Denied,2547.72,3033,1,docs expired
7235541,1718,2022-08-23,Contract,183963,742,No,Yes,Approved,1170.18,1773,2,Renewal case.
7236574,0825,16/04/2020,Student,154899,832,No,No,Approved,1785.00,2125,2,n/a
7237018,0753,2023-08-05,Part-Time,137809,588,No,No,Approved,2113.80,2710,5,N/A
7238064,1579,2020-07-18,Full-Time,32950,734,No,No,Denied,2091.96,2682,4,Missing bank statements.
7243495,1685,2022-09-04,Full-Time,150648,748,No,Yes,Approved,3682.56,4384,2,n/a
7244323,1251,2020-01-03,Part-Time,4684,769,No,No,Denied,4105.14,5263,4,Flagged for manual review.
7244472,1248,13/04/2021,Part-Time,156310,597,No,No,Approved,5028.00,8380,4,Applicant follow-up needed
7244893,0606,2021-04-28,Contract,76275,830,No,Yes,Approved,1813.56,2159,5,Renewal case.
7245521,1565,2023-02-25,Unemployed,465000,754,No,Yes,Withdrawn,3370.08,4012,5,Co-signer pending review.
7247227,1575,2020-10-11,Unemployed,14764,849,Yes,No,Approved,2676.48,2788,4,n/a
7247363,1285,2022-12-09,Part-Time,179647,,No,Yes,Approved,3565.80,4245,3,Missing bank statements.
7247369,1298,,Full-Time,159806,710,Yes,Yes,Approved,1286.40,1340,2,.
7251135,1535,2021-12-12,Full-Time,446000,602,No,No,Withdrawn,2878.80,4798,2,n/a
7251421,0383,2020-02-28,Full-Time,216853,548,No,Yes,Under Review,2490.60,2965,3,
7251860,1378,2022-09-20,Retired,5314,797,No,Yes,Approved,684.84,878,5,Missing bank statements.
7252679,0361,2024-07-24,Part-Time,104156,660,Yes,No,Denied,4072.32,4242,3,.
7255770,0004,2023-07-23,Retired,196204,709,No,Yes,Approved,1454.04,1731,5,.
7255853,0843,2020-04-03,Retired,116107,833,Yes,Yes,Approved,1375.68,1433,5,Applicant provided pay stubs.
7256571,0394,2024-01-09,Student,114340,726,No,No,Approved,1620.48,1688,2,Flagged for manual review.
7258301,1668,2024-08-06,Contract,33043,671,No,Yes,Approved,3932.94,5959,2,Co-signer pending review.
7260769,0725,2022-08-05,Student,65048,740,Yes,No,Denied,1495.68,1558,1,Missing bank statements.
7261011,1256,2023-08-07,Contract,1808,785,No,Yes,Pending,3841.92,4002,4,.
7261909,0570,2020-04-08,Self-Employed,319607,844,No,No,Approved,3442.20,5737,4,Renewal case.
7263507,0319,2024-07-09,Part-Time,243471,722,No,No,Approved,2376.36,2829,3,.
7264562,0024,2020-03-25,Student,155292,585,No,Yes,Approved,2315.04,2968,5,
7265785,1021,2024-08-26,Student,266891,806,Yes,No,Pending,1992.54,3019,4,docs expired
7269218,0851,2023-09-18,Self-Employed,213800,614,No,No,Under Review,1297.56,1966,3,Flagged for manual review.
7269596,0578,2023-08-11,Retired,115628,,No,No,Approved,3199.56,3809,1,Missing bank statements.
7271786,1092,2022-03-07,Retired,104963,,No,No,Under Review,4771.20,7952,3,.
7272028,0252,,Student,25903,633,No,No,Pending,990.00,0,4,Referred by agent.
7272294,0433,,Part-Time,265102,671,No,No,Approved,2975.40,4959,2,
7274036,0160,24/09/2023,Student,58089,796,Yes,No,Approved,1022.40,1065,3,Applicant provided pay stubs.
7274306,0077,2024-03-14,Self-Employed,54380,799,No,Yes,Approved,1445.64,1721,5,
7275088,0411,2023-07-07,Student,71867,,No,Yes,Approved,856.80,1020,3,income verified via Plaid
7275915,1685,2024-05-26,Contract,98705,799,No,Yes,Approved,2630.40,4384,2,n/a
7280651,1524,2021-03-06,Self-Employed,52903,794,Yes,Yes,Approved,1680.00,2800,5,Co-signer pending review.
7281430,1580,2023-04-05,Unemployed,179809,,No,Yes,Under Review,652.80,1088,5,n/a
7282843,0319,2021-05-12,Contract,6956,704,No,No,Denied,2376.36,2829,2,.
7283093,0442,2021-09-01,Unemployed,205007,658,Yes,Yes,Denied,3038.40,3165,5,
7283488,0627,2020-12-11,Retired,59480,682,No,No,Approved,2979.24,0,1,docs expired
7284149,0567,2021-11-07,Contract,178500,712,No,Yes,Approved,1706.88,1778,1,.
7285339,0043,2022-08-28,Self-Employed,88206,747,No,Yes,Approved,1976.40,3294,4,Missing bank statements.
7285617,0931,21/07/2020,Contract,318916,631,No,Yes,Approved,5575.08,6637,4,Applicant follow-up needed
7285625,1507,2021-02-10,Self-Employed,169201,667,No,Yes,Approved,1784.40,2974,3,Applicant provided pay stubs.
7286197,0539,2023-04-28,Full-Time,147840,754,No,No,Denied,3811.08,4537,2,Co-signer pending review.
7289309,1238,2023-12-12,Unemployed,156250,652,No,No,Denied,2442.72,2908,1,.
7289435,0165,2024-05-02,Part-Time,237987,797,No,No,Denied,2219.52,2312,3,Missing bank statements.
7290397,0927,2020-09-25,Part-Time,134899,746,No,Yes,Approved,5068.80,7680,4,Applicant follow-up needed
7294329,0452,2022-04-20,Part-Time,54412,768,No,Yes,Approved,3488.94,4473,5,docs expired
7295661,0271,2024-04-30,Unemployed,112332,,No,Yes,Approved,7805.76,8131,3,Missing bank statements.
7295843,0849,2024-06-20,Contract,131738,795,No,Yes,Denied,1869.00,2225,5,
7296194,0888,24/09/2023,Retired,812000,640,Yes,No,Approved,5014.08,5223,5,N/A
7296300,1381,2021-05-28,Contract,188373,757,No,No,Denied,1102.14,1413,4,
7297272,1360,2021-06-28,Retired,199934,790,No,Yes,Under Review,1438.08,1498,5,
7298651,0438,23/01/2021,Retired,92715,,No,No,Pending,3206.40,3340,2,Applicant follow-up needed
7298806,0866,2024-02-27,Full-Time,287428,615,Yes,Yes,Denied,1930.50,2475,4,N/A
7298847,0617,2021-01-12,Student,47422,692,No,No,Approved,2549.04,3268,5,Applicant follow-up needed
7303422,1086,2021-01-25,Student,219928,752,No,Yes,Approved,2928.00,4880,3,docs expired
7305985,0853,20/10/2024,Part-Time,102758,746,No,Yes,Denied,768.00,1280,4,Applicant follow-up needed
7308451,0611,2022-04-25,Retired,140966,605,No,Yes,Under Review,3451.56,4109,5,Missing bank statements.
7309021,0370,2023-01-31,Full-Time,153129,,No,No,Approved,4347.84,4529,2,.
7310342,1666,2024-03-02,Self-Employed,73057,765,Yes,Yes,Under Review,856.02,1297,4,Co-signer pending review.
7311031,1371,2020-08-10,Retired,41207,587,No,No,Approved,2607.00,3950,2,
7313058,0688,2023-06-02,Full-Time,186966,768,No,No,Denied,2543.58,3261,2,Flagged for manual review.
7315464,0316,2023-06-17,Contract,43214,,No,No,Denied,2002.26,2567,5,Applicant provided pay stubs.
7316215,0258,2024-04-12,Retired,157899,588,No,No,Pending,2617.92,2727,2,.
7316454,1649,,Unemployed,275973,813,No,Yes,Denied,1690.80,2818,3,Missing bank statements.
7316697,1434,2023-12-07,Part-Time,233373,835,No,No,Denied,4631.22,7017,4,docs expired
7319970,0401,2024-10-23,Self-Employed,35214,622,No,No,Approved,5464.20,6505,5,Missing bank statements.
7322969,1674,2022-02-05,Unemployed,47806,N/A,No,Yes,Denied,1268.40,1510,3,N/A
7323350,0122,25/11/2020,Full-Time,151310,627,Yes,No,Approved,1425.60,1485,2,Co-signer pending review.
7323662,0207,2024-08-07,Retired,93699,716,No,Yes,Approved,5580.96,6644,3,Co-signer pending review.
7324179,1325,2023-01-11,Full-Time,199123,795,No,No,Approved,4376.64,4559,5,Referred by agent.
7325497,0272,2022-02-11,Contract,182613,687,No,No,Denied,816.00,1360,1,income verified via Plaid
7326470,0933,2020-10-31,Part-Time,191851,607,No,Yes,Denied,1653.12,1722,3,Renewal case.
7326604,0537,2021-02-19,Part-Time,63449,592,No,No,Approved,3802.68,4527,3,Renewal case.
7327953,1798,2021-08-25,Full-Time,292115,708,No,Yes,Denied,5403.84,6928,1,
7328188,0075,2024-11-13,Part-Time,184577,733,Yes,Yes,Approved,5123.40,8539,1,Missing bank statements.
7328800,0701,2022-08-28,Contract,35687,467,No,Yes,Approved,878.46,1331,3,Referred by agent.
7329509,0817,2024-09-17,Retired,207632,754,No,Yes,Under Review,3616.08,4636,1,Applicant follow-up needed
7330625,0809,2021-08-16,Part-Time,130140,726,No,No,Withdrawn,1127.10,1445,1,.
7331033,0101,2022-01-10,Contract,47870,578,Yes,Yes,Approved,2420.04,2881,4,
7331892,1320,2022-05-04,Self-Employed,142439,636,Yes,Yes,Approved,4369.56,5602,4,income verified via Plaid
7332172,1739,2023-05-20,Student,164984,723,No,No,Denied,3377.88,5118,2,Referred by agent.
7333233,1731,20/12/2021,Unemployed,213577,731,No,Yes,Under Review,2562.60,4271,1,income verified via Plaid
7335408,0234,2021-12-05,Contract,156230,629,No,No,Approved,2974.92,3814,1,docs expired
7336130,1275,2023-06-07,Self-Employed,214792,739,No,Yes,Approved,3153.60,3285,5,N/A
7338564,1406,2024-09-21,Self-Employed,216830,717,Yes,Yes,Denied,2399.10,3635,4,Renewal case.
7339429,0048,2024-04-06,Student,220463,787,No,Yes,Approved,2661.12,2772,5,Renewal case.
7339433,0515,18/12/2020,Self-Employed,309809,674,No,Yes,Denied,4415.40,6690,3,Renewal case.
7341546,0984,2020-05-11,Part-Time,20012,767,No,No,Under Review,761.40,0,5,n/a
7342592,0585,2020-12-31,Student,68321,528,No,Yes,Denied,5092.62,6529,4,N/A
7344116,1381,2022-01-20,Unemployed,209160,788,No,Yes,Approved,1186.92,1413,1,Referred by agent.
7344381,1244,2021-07-23,Self-Employed,323492,763,Yes,No,Approved,6454.50,8275,4,Renewal case.
7345662,0379,28/09/2022,Student,77533,790,No,Yes,Approved,1086.60,1811,1,Applicant follow-up needed
7346409,0786,16/07/2020,Retired,227791,737,No,Yes,Pending,1850.16,2372,5,Missing bank statements.
7347354,0455,2022-10-06,Student,120056,612,No,No,Pending,3025.62,3879,1,Missing bank statements.
7347416,0717,2023-03-25,Contract,38430,602,No,No,Approved,4185.00,6975,5,n/a
7347560,0688,2021-10-22,Self-Employed,39347,748,No,No,Denied,1956.60,3261,1,
7350063,0069,2022-11-26,Part-Time,53340,580,No,Yes,Approved,2349.36,3012,2,income verified via Plaid
7350079,0185,2022-06-09,Self-Employed,134977,785,No,Yes,Approved,3008.28,4558,4,Renewal case.
7350198,0786,2020-03-05,Student,117542,N/A,No,Yes,Approved,1850.16,2372,3,Flagged for manual review.
7350266,0521,2022-08-24,Self-Employed,92938,655,No,Yes,Approved,727.74,933,5,Flagged for manual review.
7350783,1518,2023-09-25,Retired,244311,762,No,Yes,Approved,2654.40,4424,3,N/A
7351741,1244,,Unemployed,24555,641,No,No,Withdrawn,6454.50,8275,4,income verified via Plaid
7352577,0842,2022-09-14,Unemployed,148102,766,No,No,Pending,801.84,1028,2,
7352767,0782,2020-05-03,Full-Time,215355,715,No,Yes,Pending,3179.52,3312,1,Applicant provided pay stubs.
7353676,1054,31/08/2020,Contract,216244,816,No,Yes,Pending,1659.84,2128,4,n/a
7354277,0955,2021-01-20,Full-Time,211584,455,Yes,No,Approved,2463.36,2566,2,
7357518,0585,2024-02-05,Part-Time,79594,758,No,Yes,Denied,6267.84,6529,1,Applicant follow-up needed
7359734,0741,2024-06-08,Unemployed,42936,752,No,Yes,Approved,2374.02,3597,1,Co-signer pending review.
7360819,0367,2020-11-08,Self-Employed,59714,791,No,Yes,Approved,1581.06,2027,2,Flagged for manual review.
7361675,1728,2020-05-10,Contract,72916,,Yes,No,Denied,5759.52,7384,2,
7364159,0866,2022-07-31,Contract,83379,386,No,No,Approved,1633.50,2475,3,Flagged for manual review.
7364218,0715,2024-11-25,Full-Time,254749,N/A,No,No,Approved,1665.72,1983,3,
7365132,1642,2023-03-14,Self-Employed,205941,745,No,No,Denied,2440.62,3129,5,Co-signer pending review.
7365949,0405,2024-03-05,Contract,125915,503,Yes,Yes,Approved,1666.86,2137,4,Flagged for manual review.
7366021,1179,2023-04-20,Unemployed,188246,,No,Yes,Withdrawn,5417.16,6449,3,Co-signer pending review.
7368760,0216,2022-08-01,Student,169445,790,Yes,No,Withdrawn,1012.20,1687,4,Co-signer pending review.
7371406,1738,2023-04-24,Full-Time,60688,785,No,Yes,Denied,1649.70,2115,5,Co-signer pending review.
7373019,1135,20/04/2021,Student,135063,822,No,No,Approved,1608.00,2680,2,income verified via Plaid
7373586,1017,2023-11-14,Unemployed,90001,749,No,Yes,Denied,3432.00,4400,3,income verified via Plaid
7375290,1167,2021-03-07,Contract,13962,693,No,Yes,Pending,6034.56,6286,1,docs expired
7377450,1257,2022-12-07,Retired,78156,538,No,Yes,Approved,609.00,1015,2,Co-signer pending review.
7379662,0251,2023-07-09,Self-Employed,127052,615,Yes,No,Under Review,851.40,1419,2,Co-signer pending review.
7381662,0731,,Unemployed,102443,662,Yes,No,Pending,1248.72,1892,5,Missing bank statements.
7381713,1635,2021-02-08,Student,86201,839,No,Yes,Denied,3084.18,4673,4,income verified via Plaid
7385349,1791,2021-09-06,Student,50935,747,No,Yes,Withdrawn,3432.00,3575,1,
7385770,0907,2022-04-19,Retired,6827,651,No,No,Denied,1665.72,1983,3,Referred by agent.
7387200,0160,2021-02-15,Self-Employed,75882,696,No,Yes,Pending,702.90,1065,2,Referred by agent.
7388021,0008,2023-03-27,Part-Time,209470,730,No,Yes,Approved,5825.16,8826,1,
7388384,1153,2021-04-26,Self-Employed,216404,822,No,No,Approved,980.10,0,1,Missing bank statements.
7390552,1456,2020-04-13,Retired,234793,396,No,Yes,Approved,2943.00,4905,2,
7391221,0639,2023-05-01,Retired,87422,583,Yes,Yes,Denied,3933.12,4097,4,
7393072,0924,2022-08-23,Retired,76358,774,No,No,Approved,854.10,1095,2,
7394365,1002,2023-09-18,Self-Employed,86447,N/A,No,No,Approved,4987.80,8313,5,income verified via Plaid
7394845,0429,2022-11-29,Retired,101111,485,No,Yes,Pending,5532.48,5763,3,n/a
7395392,1374,2021-02-01,Contract,196632,584,No,No,Withdrawn,2925.78,3751,4,income verified via Plaid
7397897,1327,2023-12-06,Part-Time,217759,849,Yes,Yes,Pending,2515.50,3225,2,docs expired
7398007,0329,2020-08-08,Retired,125226,798,No,Yes,Denied,1874.40,2840,4,
7398280,1059,2020-10-22,Self-Employed,2754,435,No,No,Denied,2021.40,3369,2,Applicant follow-up needed
7400355,0179,2020-07-04,Unemployed,75644,691,No,No,Under Review,3299.40,4230,5,income verified via Plaid
7403994,0597,15/10/2024,Contract,102963,700,Yes,Yes,Denied,1554.30,2355,2,Flagged for manual review.
7404382,1581,2020-03-26,Self-Employed,223146,638,Yes,Yes,Approved,683.76,814,5,Renewal case.
7404611,0819,2021-10-10,Part-Time,100199,720,No,Yes,Denied,3439.02,4409,3,Flagged for manual review.
7405220,1391,2023-03-03,Self-Employed,153088,672,Yes,No,Approved,1517.10,1945,3,Applicant provided pay stubs.
7406598,1149,2021-01-24,Contract,47389,722,Yes,Yes,Approved,5624.58,7211,5,n/a
7408082,0241,2023-05-29,Self-Employed,137873,754,No,Yes,Under Review,1278.60,2131,3,Applicant follow-up needed
7408826,0964,2020-05-20,Student,169821,604,No,No,Pending,3578.40,4260,1,income verified via Plaid
7409082,1506,2024-06-17,Part-Time,212535,833,Yes,Yes,Approved,1708.98,2191,5,Renewal case.
7409770,1558,2020-07-06,Full-Time,156238,836,Yes,No,Approved,6216.96,6476,2,Applicant provided pay stubs.
7409817,0774,2021-02-01,Self-Employed,200007,628,No,Yes,Approved,3781.44,3939,5,.
7409864,0245,16/03/2020,Full-Time,106195,467,Yes,No,Denied,1983.60,3306,3,docs expired
7410759,0341,2021-09-26,Unemployed,247156,692,Yes,Yes,Approved,1366.80,2278,5,Renewal case.
7413248,0021,2024-11-24,Self-Employed,217573,712,No,No,Denied,536.40,894,3,
7413803,1022,2024-03-10,Contract,271931,771,No,No,Approved,2989.44,3114,2,Missing bank statements.
7414073,0383,2023-05-21,Contract,73593,659,No,No,Approved,2490.60,0,3,Applicant provided pay stubs.
7414245,1385,21/08/2023,Retired,208452,666,Yes,Yes,Approved,951.72,1442,1,.
7416248,0459,25/07/2021,Self-Employed,42467,733,Yes,No,Approved,1457.82,1869,4,docs expired
7417027,0747,2022-10-05,Student,74199,804,Yes,Yes,Approved,2506.56,2611,5,Renewal case.
7417935,0852,16/09/2024,Unemployed,245023,407,No,Yes,Denied,1034.88,1078,2,
7419049,1277,2023-01-26,Full-Time,30769,,Yes,No,Approved,3214.08,3348,5,
7419583,0742,2022-05-08,Part-Time,124515,700,No,Yes,Approved,5025.72,5983,3,Renewal case.
7421464,1622,2024-01-19,Retired,606000,677,Yes,Yes,Denied,1770.78,2683,3,Renewal case.
7421572,1716,23/02/2023,Full-Time,240202,740,No,Yes,Approved,1924.56,2916,5,Co-signer pending review.
7421583,1610,2020-07-19,Contract,105610,709,Yes,Yes,Pending,2917.44,3039,1,Applicant follow-up needed
7422070,0971,2021-07-05,Self-Employed,53525,367,No,Yes,Denied,2133.12,2222,2,n/a
7424526,0841,2020-02-08,Self-Employed,103005,700,No,Yes,Approved,2514.96,2994,1,Co-signer pending review.
7424683,0954,2022-09-30,Part-Time,223952,846,No,No,Approved,3580.20,5967,3,n/a
7425332,0930,2023-06-04,Retired,37696,749,No,Yes,Pending,1791.60,2986,2,.
7427354,0098,2022-12-17,Contract,189510,481,No,No,Pending,1513.20,1940,3,Flagged for manual review.
7428772,0519,21/01/2021,Part-Time,126620,768,No,Yes,Approved,4612.92,5914,5,docs expired
7432398,0934,2021-05-25,Full-Time,149917,765,No,No,Withdrawn,1213.08,0,1,
7432498,0123,2021-02-14,Self-Employed,243636,845,No,Yes,Denied,885.36,1054,1,income verified via Plaid
7432785,1429,2020-07-16,Contract,247758,N/A,No,No,Denied,2973.96,4506,2,
7433377,1397,2020-02-13,Self-Employed,223788,677,No,Yes,Approved,816.60,1361,5,Flagged for manual review.
7434543,0173,2020-06-01,Unemployed,215552,827,No,No,Pending,2619.84,2729,4,Applicant follow-up needed
7434928,1469,2024-03-05,Self-Employed,188600,646,No,Yes,Under Review,1650.60,0,4,Applicant follow-up needed
7435185,1488,2022-12-01,Student,30579,690,No,Yes,Approved,5110.38,7743,4,Missing bank statements.
7438303,1339,2020-07-05,Full-Time,230603,769,No,Yes,Withdrawn,1011.36,1204,3,Applicant provided pay stubs.
7439026,1276,2022-12-27,Full-Time,150664,640,No,No,Pending,2128.32,2217,1,Co-signer pending review.
7439079,0662,2020-02-11,Retired,47244,,No,No,Approved,1003.86,1521,4,Flagged for manual review.
7440576,1299,2021-09-20,Part-Time,125055,609,No,No,Approved,883.08,1338,2,N/A
7442573,1320,2020-11-10,Full-Time,193773,583,No,Yes,Withdrawn,3361.20,5602,2,income verified via Plaid
7444118,0410,2023-05-10,Full-Time,42661,604,No,No,Approved,784.08,1188,5,docs expired
7444820,0130,14/09/2020,Contract,91804,746,No,No,Approved,1228.80,1280,3,Flagged for manual review.
7445125,1358,2020-07-16,Full-Time,56240,621,No,No,Denied,2602.38,3943,3,Flagged for manual review.
7445175,0507,2021-01-26,Full-Time,136223,740,No,No,Withdrawn,523.80,873,5,
7447672,0533,2023-03-25,Student,229440,670,No,No,Denied,2938.56,3061,2,N/A
7452571,0298,2021-03-11,Part-Time,71260,661,No,No,Approved,6532.80,10888,1,Flagged for manual review.
7452572,0695,2023-04-10,Self-Employed,114524,736,No,No,Approved,1256.64,1496,4,Co-signer pending review.
7455412,1131,2020-09-15,Unemployed,47091,708,No,No,Withdrawn,1002.60,1671,4,Referred by agent.
7458010,1204,2020-05-23,Retired,33094,443,Yes,Yes,Approved,4000.80,6668,1,Renewal case.
7458070,0557,2021-02-02,Self-Employed,88011,781,Yes,No,Denied,3414.72,3557,5,Missing bank statements.
7458129,0535,2020-11-18,Self-Employed,216014,712,No,No,Approved,929.76,1192,5,Referred by agent.
7459073,0705,2022-02-13,Contract,235690,669,No,No,Approved,2975.04,0,1,Applicant follow-up needed
7459311,0419,2020-05-28,Contract,237529,N/A,No,Yes,Pending,1847.04,1924,4,n/a
7462466,1473,19/08/2021,Contract,158388,705,No,No,Approved,3662.88,4696,2,docs expired
7463470,0100,2021-03-10,Part-Time,83663,,No,No,Denied,1480.20,2467,1,.
7465805,1359,2024-08-07,Retired,206359,,No,No,Approved,3562.56,3711,3,Referred by agent.
7467977,0719,2023-08-24,Retired,114462,620,Yes,No,Denied,5243.70,7945,3,Applicant provided pay stubs.
7468657,0443,,Self-Employed,212620,754,Yes,Yes,Denied,4551.36,4741,2,Renewal case.
7471479,1147,30/04/2022,Contract,63822,623,Yes,No,Denied,2350.08,2448,3,
7473635,0097,24/03/2024,Full-Time,227951,,No,Yes,Denied,1558.08,1623,2,docs expired
7473874,1715,2021-07-20,Self-Employed,319842,,No,Yes,Approved,4046.40,4215,1,
7474967,1400,,Part-Time,47011,705,No,Yes,Approved,2959.44,4484,2,Applicant follow-up needed
7475458,0309,2021-12-05,Part-Time,54366,551,No,No,Approved,2647.92,4012,5,Referred by agent.
7477176,0162,2020-08-23,Contract,22290,773,Yes,No,Denied,784.74,1189,3,Renewal case.
7478155,1160,2021-04-17,Full-Time,286778,767,No,Yes,Denied,3447.36,3591,1,.
7478826,1361,2021-04-16,Part-Time,225842,N/A,No,No,Denied,1094.40,1824,2,Missing bank statements.
7479850,1469,2022-06-17,Self-Employed,41531,748,No,No,Approved,2310.84,2751,3,Co-signer pending review.
7480047,1341,2024-03-27,Full-Time,133557,407,No,No,Denied,6618.24,6894,4,Applicant follow-up needed
7481787,0093,2020-03-02,Part-Time,53475,692,No,Yes,Under Review,4646.46,5957,4,n/a
7483487,1380,,Part-Time,268253,655,No,No,Under Review,5507.04,8344,3,Flagged for manual review.
7484095,0921,,Unemployed,19505,770,Yes,No,Withdrawn,932.40,1110,4,N/A
7484311,1694,2021-04-01,Full-Time,84928,650,Yes,Yes,Approved,1519.32,2302,5,.
7484372,0516,,Student,193248,782,No,No,Approved,1122.00,1700,3,docs expired
7485087,0631,2020-07-08,Self-Employed,226471,628,No,No,Denied,1307.46,1981,5,Renewal case.
7490677,0745,2023-02-15,Unemployed,225141,820,No,Yes,Denied,5024.64,5234,5,Applicant follow-up needed
7490936,0597,14/03/2024,Student,179859,704,Yes,Yes,Denied,1978.20,2355,4,N/A
7493184,0730,,Retired,108518,780,No,Yes,Denied,953.28,993,5,Applicant follow-up needed
7493370,0489,2020-11-18,Part-Time,66908,664,No,Yes,Approved,1606.80,2060,5,Co-signer pending review.
7493386,0523,,Student,141365,580,No,Yes,Approved,2570.10,3295,2,docs expired
7493413,1228,2021-07-12,Contract,182812,756,No,No,Approved,672.00,1120,4,Missing bank statements.
7493829,0430,2021-08-14,Part-Time,182101,,No,Yes,Approved,1345.20,2242,2,
7494720,0195,14/03/2021,Part-Time,232679,620,No,No,Denied,4219.80,5410,2,.
7496118,0560,2024-08-13,Unemployed,191200,831,No,Yes,Pending,1362.48,1622,3,Missing bank statements.
7496460,0947,15/08/2020,Part-Time,146463,743,No,No,Pending,1925.22,2917,1,
7499129,0361,2021-02-02,Contract,79392,,Yes,Yes,Denied,2799.72,4242,5,income verified via Plaid
7500782,1388,2021-03-16,Retired,66057,642,No,Yes,Denied,1193.94,1809,1,.
7500810,1202,20/07/2020,Contract,195675,,No,No,Under Review,1554.60,2591,1,.
7505578,1430,2020-01-30,Student,164860,617,No,Yes,Approved,1027.80,1713,2,
7505659,0712,2023-02-03,Full-Time,130568,741,No,Yes,Approved,3436.44,4091,3,Missing bank statements.
7505787,1243,,Retired,204444,755,No,No,Approved,4289.40,7149,1,.
7507773,1472,2024-09-17,Contract,216261,610,Yes,No,Denied,6578.88,6853,2,n/a
7509068,0243,2022-12-29,Full-Time,147031,785,Yes,Yes,Approved,1655.16,2122,4,
7509098,1734,2022-08-11,Unemployed,57189,813,No,No,Approved,2978.88,3103,4,Missing bank statements.
7510180,1369,2022-03-25,Unemployed,98922,786,Yes,Yes,Pending,1303.38,1671,3,Renewal case.
7513272,0969,2022-05-26,Self-Employed,158940,686,No,No,Approved,1177.80,1510,4,.
7518504,1311,,Retired,232382,819,Yes,Yes,Approved,993.30,1505,3,income verified via Plaid
7519409,0026,2020-07-03,Full-Time,122809,615,No,Yes,Denied,1455.36,1516,3,income verified via Plaid
7520193,0085,16/09/2022,Unemployed,179180,672,No,No,Approved,930.00,1550,3,Co-signer pending review.
7520942,1331,2023-01-10,Full-Time,64590,705,No,No,Denied,3395.28,4042,1,income verified via Plaid
7521391,1360,2020-12-05,Contract,227747,734,No,Yes,Denied,1168.44,1498,1,Co-signer pending review.
7524015,0945,2023-04-17,Full-Time,144126,N/A,No,No,Under Review,3624.96,3776,2,N/A
7525733,1470,2020-08-22,Self-Employed,84030,783,Yes,Yes,Approved,1943.04,2944,5,Renewal case.
7526062,0896,2023-06-22,Self-Employed,343000,760,No,Yes,Denied,4776.42,7237,2,.
7526768,1246,2023-06-12,Student,187700,762,No,No,Denied,1367.40,2279,2,docs expired
7526806,1092,2022-09-28,Part-Time,42205,683,No,No,Approved,6202.56,7952,1,
7527876,1260,2020-03-19,Contract,116491,798,Yes,No,Under Review,1859.88,0,4,Co-signer pending review.
7529252,0874,2023-06-04,Student,116091,387,No,No,Approved,4923.24,0,3,n/a
7532046,1210,2024-12-17,Part-Time,197189,614,No,No,Denied,1932.48,2928,3,Referred by agent.
7532713,1587,27/07/2022,Self-Employed,22693,605,Yes,No,Approved,3171.84,3776,1,n/a
7535843,1732,2022-10-17,Contract,212561,779,No,No,Denied,1106.82,1677,3,Flagged for manual review.
7539286,0611,2024-08-15,Part-Time,209145,640,Yes,No,Approved,2465.40,4109,5,income verified via Plaid
7540204,1467,2022-12-15,Contract,170891,794,No,No,Denied,1715.52,1787,1,
7540941,1009,2023-02-09,Contract,53848,676,No,Yes,Under Review,2263.56,2902,2,n/a
7542507,1027,2024-09-09,Unemployed,306582,,No,Yes,Approved,2868.84,3678,1,Applicant follow-up needed
7542624,1754,17/03/2024,Full-Time,233431,597,No,No,Denied,4596.48,4788,1,.
7544441,0784,2022-02-17,Retired,109798,,No,No,Approved,2089.92,2488,2,Renewal case.
7545226,1046,2024-11-26,Contract,175165,694,No,No,Pending,1225.92,1277,3,docs expired
7547263,0037,2023-10-15,Full-Time,159530,821,No,No,Withdrawn,880.62,1129,4,Referred by agent.
7547749,1334,2022-03-27,Self-Employed,317957,582,No,No,Pending,9206.34,11803,5,Applicant follow-up needed
7552157,1529,2022-05-27,Self-Employed,38310,327,No,No,Approved,4369.92,4552,4,Referred by agent.
7553433,0921,2024-04-25,Unemployed,122524,690,No,Yes,Withdrawn,865.80,1110,2,.
7554298,0307,2022-03-01,Part-Time,83828,722,Yes,Yes,Pending,5117.64,7754,3,.
7558191,0352,22/12/2024,Self-Employed,187715,683,No,No,Approved,1423.80,2373,3,Flagged for manual review.
7558474,1388,,Self-Employed,48351,683,No,Yes,Under Review,1736.64,1809,1,docs expired
7558729,0323,2021-04-17,Self-Employed,37130,589,No,Yes,Approved,5037.48,5997,3,
7560517,0139,2023-10-18,Part-Time,100272,,No,No,Approved,3919.08,5938,2,
7562157,0199,2022-11-09,Student,31294,740,No,No,Denied,1110.60,1851,1,Missing bank statements.
7562195,1319,2020-03-31,Full-Time,174801,772,No,No,Withdrawn,2087.28,2676,4,Flagged for manual review.
7562283,0382,15/06/2020,Student,52172,728,No,Yes,Pending,4153.50,5325,5,.
7562556,0279,2021-03-05,Unemployed,63377,819,No,Yes,Denied,1480.08,1762,1,
7563660,0517,2022-06-22,Self-Employed,50226,,No,Yes,Under Review,4114.50,5275,3,n/a
7563822,0181,14/02/2021,Part-Time,210800,763,No,Yes,Approved,710.58,911,2,Applicant follow-up needed
7564413,0497,2021-01-02,Full-Time,208356,766,Yes,No,Approved,2842.56,3384,4,
7567927,0066,2020-04-24,Student,183963,,No,Yes,Approved,1825.56,2766,3,
7570540,1349,2020-05-29,Self-Employed,190981,833,No,Yes,Pending,2303.40,3490,2,Applicant provided pay stubs.
7571807,0184,2020-06-26,Retired,166058,796,Yes,No,Under Review,5112.96,5326,4,.
7572003,1521,2022-10-25,Contract,93168,792,Yes,No,Approved,3074.76,3942,4,docs expired
7572914,1296,,Contract,107302,754,No,Yes,Denied,1556.10,1995,4,
7573258,0157,18/11/2020,Unemployed,110422,720,No,No,Approved,8633.04,11068,5,
7575536,1720,25/07/2022,Full-Time,69840,692,No,Yes,Approved,3744.84,5674,5,
7575840,1590,2021-06-27,Part-Time,122285,,No,No,Under Review,939.18,1423,3,.
7579466,0157,2020-11-08,Retired,149567,,Yes,No,Denied,6640.80,11068,1,income verified via Plaid
7582102,1029,2021-06-06,Unemployed,154649,715,No,No,Denied,1374.78,2083,4,n/a
7584006,1664,2023-09-19,Unemployed,85350,760,No,Yes,Approved,1874.88,1953,5,Renewal case.
7585428,1435,2022-09-09,Student,11415,615,No,No,Under Review,2394.48,3628,1,income verified via Plaid
7586820,1493,,Part-Time,183469,759,No,No,Denied,2821.44,2939,3,Missing bank statements.
7587721,1227,2023-11-17,Part-Time,159800,847,No,No,Denied,1755.00,2250,5,Co-signer pending review.
7591490,0569,2022-04-13,Full-Time,197067,846,No,No,Denied,6794.76,8089,2,Applicant follow-up needed
7591686,0157,2021-05-21,Retired,264975,679,No,No,Withdrawn,10625.28,11068,4,Renewal case.
7593824,0532,2021-04-06,Part-Time,184553,734,No,No,Approved,929.88,1107,5,Applicant follow-up needed
7598142,0965,2020-05-18,Retired,216077,689,No,Yes,Approved,2201.16,2822,4,N/A
7598838,1013,2023-12-01,Self-Employed,219192,684,No,No,Pending,2114.58,2711,3,Applicant follow-up needed
7599531,0461,2022-06-19,Self-Employed,40994,751,No,No,Denied,1919.04,1999,2,docs expired
7602080,1273,2024-10-07,Part-Time,239003,430,No,Yes,Under Review,6451.20,7680,5,Applicant provided pay stubs.
7602975,0059,2022-11-06,Unemployed,150338,812,No,No,Under Review,1967.16,2522,4,.
7603914,0209,25/09/2020,Retired,175712,703,No,Yes,Approved,4272.00,0,3,
7605536,1088,2021-05-29,Retired,52911,664,Yes,No,Denied,3940.86,5971,4,income verified via Plaid
7606632,0113,2020-01-06,Part-Time,175423,680,No,No,Withdrawn,1749.54,2243,1,Referred by agent.
7607028,1556,2021-03-07,Part-Time,133300,712,No,No,Approved,2142.00,2550,5,.
7609326,0932,2020-01-29,Student,198363,794,No,Yes,Denied,4883.76,5814,1,
7609927,1317,2020-01-11,Contract,115317,632,Yes,No,Approved,2041.26,2617,5,Renewal case.
7610820,0060,26/05/2022,Full-Time,209726,,No,Yes,Denied,697.20,1162,4,income verified via Plaid
7611375,1206,2024-02-05,Student,111415,687,No,Yes,Denied,2203.74,3339,4,
7613949,0498,2022-05-11,Unemployed,177180,609,No,No,Approved,1186.02,1797,2,Flagged for manual review.
7614051,1576,,Self-Employed,143215,728,No,Yes,Pending,3822.06,5791,3,Applicant follow-up needed
7616614,0344,2020-11-22,Unemployed,212092,790,Yes,No,Approved,4583.04,4774,2,N/A
7621160,0855,2024-12-12,Student,147180,824,No,No,Under Review,757.68,902,4,Applicant follow-up needed
7621195,0471,2020-04-22,Unemployed,13812,703,Yes,Yes,Pending,820.80,1368,3,docs expired
7623228,1705,2020-09-04,Full-Time,137235,814,No,Yes,Approved,2477.16,2949,5,Flagged for manual review.
7623750,1167,2022-06-20,Student,198528,702,No,No,Approved,3771.60,6286,1,Co-signer pending review.
7624665,1686,2020-06-01,Unemployed,157713,612,Yes,Yes,Approved,2496.60,4161,3,Applicant provided pay stubs.
7625212,1408,2024-03-21,Student,55951,724,No,Yes,Approved,2614.92,0,1,Missing bank statements.
7625961,0467,2024-08-15,Full-Time,108590,764,No,No,Denied,5524.86,8371,2,Applicant provided pay stubs.
7627490,1479,2022-05-11,Retired,98570,689,No,Yes,Approved,1646.40,1960,2,Applicant follow-up needed
7627653,0649,2024-03-08,Unemployed,209191,706,No,Yes,Approved,2212.56,2634,5,Flagged for manual review.
7627864,0572,2023-06-05,Unemployed,88440,818,No,Yes,Withdrawn,1248.00,1300,3,Referred by agent.
7628016,0039,29/08/2022,Student,100493,684,No,No,Approved,2772.84,3301,5,Co-signer pending review.
7629670,0693,2023-04-07,Self-Employed,260796,720,No,No,Withdrawn,2798.64,3588,3,
7629910,1435,2020-04-25,Unemployed,45024,838,No,Yes,Approved,3047.52,3628,1,Renewal case.
7630426,0189,2023-11-03,Student,163107,597,Yes,Yes,Withdrawn,2713.20,3230,3,docs expired
7630775,1568,2021-07-23,Retired,23222,,No,Yes,Pending,3272.40,5454,3,
7631163,0208,2021-04-20,Part-Time,27733,636,No,No,Approved,716.52,853,5,Referred by agent.
7631580,1065,2024-09-28,Part-Time,92626,754,No,No,Approved,2294.76,2942,5,
7634327,0771,2023-05-19,Self-Employed,187671,685,No,No,Withdrawn,1906.74,2889,4,Missing bank statements.
7634476,0132,2023-07-24,Retired,192216,812,No,No,Approved,1096.80,1828,2,Flagged for manual review.
7634640,0740,2020-12-09,Part-Time,3144,,No,Yes,Under Review,1777.38,2693,2,Co-signer pending review.
7636132,0069,2022-09-01,Full-Time,206638,316,No,No,Denied,2530.08,3012,4,
7639553,0683,2023-08-07,Part-Time,65123,460,No,No,Denied,1649.40,2749,5,docs expired
7639770,1259,2023-02-09,Unemployed,146412,691,No,Yes,Approved,9222.72,11824,2,Flagged for manual review.
7639890,1576,2020-04-01,Unemployed,116290,825,No,No,Pending,4516.98,5791,4,Flagged for manual review.
7641908,0203,2023-11-29,Retired,48686,693,No,No,Approved,1451.34,2199,2,Renewal case.
7642155,0617,2021-09-13,Unemployed,139467,594,No,Yes,Under Review,2549.04,3268,1,Referred by agent.
7643779,1169,,Part-Time,119575,784,No,No,Approved,3495.36,3641,4,Applicant follow-up needed
7644095,0927,2022-09-21,Unemployed,185963,596,Yes,No,Denied,6451.20,7680,1,Applicant follow-up needed
7644629,1407,2020-08-25,Full-Time,213936,708,No,No,Denied,1657.80,2763,4,income verified via Plaid
7646745,1652,2022-07-09,Student,126377,739,Yes,No,Denied,1305.36,1554,3,
7651361,0292,2023-02-07,Full-Time,190364,559,No,Yes,Denied,920.64,959,1,Missing bank statements.
7652668,1042,2022-05-12,Full-Time,214332,,Yes,No,Pending,1403.40,2339,2,Referred by agent.
7656753,0109,2021-06-01,Unemployed,238013,729,No,No,Approved,1506.96,1794,1,
7658258,1394,2023-05-07,Student,158472,789,No,No,Approved,1058.64,0,1,docs expired
7658401,1696,2023-04-20,Contract,231360,776,No,No,Denied,2134.08,2223,4,Applicant provided pay stubs.
7660283,0762,2020-01-23,Unemployed,22599,639,No,No,Denied,1277.76,1331,5,Referred by agent.
7662487,0115,2022-01-25,Full-Time,68632,727,No,No,Approved,3727.62,4779,4,Renewal case.
7663532,1773,2023-06-03,Contract,182747,,No,No,Denied,4751.04,4949,3,Co-signer pending review.
7663973,1549,2022-09-02,Full-Time,219336,706,No,No,Approved,1441.44,1848,2,Missing bank statements.
7666605,0460,2024-12-23,Unemployed,109106,774,No,No,Approved,1462.56,2216,4,Applicant provided pay stubs.
7666644,0176,2022-01-23,Full-Time,125758,688,No,Yes,Pending,6304.74,8083,4,Missing bank statements.
7666657,0224,2020-05-09,Contract,155200,844,No,Yes,Approved,4814.70,7295,3,n/a
7666795,0393,2023-11-01,Unemployed,231714,819,No,No,Approved,2284.80,2720,5,Applicant provided pay stubs.
7667854,1747,2022-04-04,Self-Employed,235576,700,No,No,Pending,3888.72,5892,3,Referred by agent.
7670143,0255,2023-09-29,Contract,214312,616,Yes,No,Approved,3508.80,0,4,
7670985,0947,2022-08-02,Self-Employed,146121,605,No,No,Approved,2800.32,2917,5,n/a
7671361,1554,2021-11-27,Self-Employed,91160,746,No,Yes,Approved,742.20,1237,1,.
7672107,0349,2020-09-15,Retired,57965,818,No,Yes,Pending,1825.98,2341,2,Referred by agent.
7675212,1352,2022-09-13,Full-Time,78217,334,No,No,Pending,1267.80,2113,3,Referred by agent.
7678610,1570,2021-12-19,Student,92888,,No,No,Approved,1217.70,1845,4,N/A
7679139,1368,2020-03-24,Unemployed,248278,587,No,No,Under Review,2417.22,3099,1,Applicant follow-up needed
7679273,0867,2024-11-12,Unemployed,140794,548,No,No,Denied,2286.24,3464,3,Applicant follow-up needed
7683510,1369,2022-06-07,Full-Time,125709,828,No,Yes,Approved,1403.64,0,4,income verified via Plaid
7685900,0700,2020-06-28,Part-Time,25738,395,No,Yes,Pending,1406.40,2344,2,n/a
7687454,1661,2024-04-10,Unemployed,19046,736,Yes,No,Under Review,2887.56,3702,1,N/A
7688240,1539,2024-05-07,Retired,147436,N/A,No,Yes,Denied,8597.76,8956,1,Missing bank statements.
7688736,0425,2022-06-11,Retired,22408,845,No,Yes,Denied,964.80,1608,1,Missing bank statements.
7689095,0126,14/06/2022,Contract,116639,603,No,No,Denied,1876.56,0,5,
7689207,0229,2024-08-13,Student,103088,836,No,No,Approved,1843.14,2363,4,docs expired
7692808,1130,2021-07-27,Retired,167730,831,No,No,Denied,3369.60,0,4,.
7693673,0077,2022-12-06,Part-Time,40629,729,No,Yes,Approved,1652.16,1721,5,Applicant follow-up needed
7697748,0734,2024-06-13,Unemployed,120238,309,Yes,Yes,Approved,1601.28,1668,3,Renewal case.
7698382,1161,2022-01-30,Contract,246739,,No,No,Approved,1717.56,2202,5,docs expired
7700281,1275,2024-09-01,Full-Time,166143,733,No,No,Withdrawn,3153.60,3285,1,Flagged for manual review.
7702837,1655,21/12/2020,Retired,160986,793,No,No,Pending,6368.88,7582,1,Flagged for manual review.
7708518,1614,2024-06-22,Student,219214,N/A,No,No,Approved,7435.20,7745,1,N/A
7709921,0418,2022-11-29,Unemployed,197935,,No,Yes,Denied,2898.00,3450,5,Renewal case.
7710612,0892,2022-05-20,Unemployed,227708,600,No,No,Denied,3170.88,3303,2,Missing bank statements.
7710672,0518,2024-05-19,Part-Time,86289,499,No,No,Approved,3483.48,4466,5,Referred by agent.
7710774,0887,2023-10-26,Part-Time,53969,N/A,No,No,Approved,3956.94,5073,3,income verified via Plaid
7711665,0549,2021-03-21,Part-Time,115100,792,No,No,Pending,2849.28,2968,1,Referred by agent.
7712527,1189,2022-11-24,Contract,134313,748,No,Yes,Withdrawn,3337.62,4279,4,income verified via Plaid
7712969,0224,2024-01-03,Part-Time,20549,556,No,Yes,Denied,6127.80,7295,3,N/A
7713185,0901,2023-07-02,Contract,167845,723,No,No,Pending,3352.80,5588,3,Flagged for manual review.
7715692,1660,2024-01-14,Part-Time,101860,765,No,Yes,Under Review,1142.70,1465,1,Applicant provided pay stubs.
7717377,0950,,Part-Time,27267,500,Yes,No,Under Review,3475.92,4138,1,Renewal case.
7718607,1232,2022-06-28,Student,139400,736,No,No,Approved,1713.60,2856,4,Referred by agent.
7719059,1503,19/09/2022,Student,44121,813,No,No,Approved,2915.52,3037,2,docs expired
7720139,0079,2021-12-05,Unemployed,151873,720,Yes,No,Denied,2188.68,2806,1,.
7722539,0114,2020-05-23,Self-Employed,77923,688,No,No,Approved,2281.92,2377,5,Co-signer pending review.
7727345,0134,2024-05-28,Student,34841,760,No,Yes,Approved,2217.00,3695,5,Referred by agent.
7727959,0263,,Full-Time,155171,679,No,No,Approved,1066.26,1367,2,Renewal case.
7731841,0254,2022-11-16,Retired,92888,677,No,Yes,Withdrawn,2201.28,2293,2,
7736206,1787,2022-12-03,Student,211083,792,No,No,Approved,3229.44,3364,2,
7737259,0156,2022-10-17,Unemployed,151061,614,No,Yes,Pending,3343.86,4287,1,N/A
7738343,0602,2023-05-08,Part-Time,191183,,No,No,Approved,2964.48,3088,2,Flagged for manual review.
7740250,0166,2020-12-19,Full-Time,244095,651,No,No,Withdrawn,2882.88,3003,4,income verified via Plaid
7740838,0834,2021-12-04,Full-Time,47696,677,No,Yes,Approved,831.60,1260,2,n/a
7742300,0911,2021-08-13,Retired,10146,665,No,No,Approved,4841.28,5043,1,Applicant provided pay stubs.
7743022,1096,27/10/2024,Part-Time,32586,421,No,Yes,Approved,1520.40,2534,3,N/A
7743152,1130,19/09/2023,Self-Employed,66841,833,No,Yes,Denied,3369.60,5616,3,docs expired
7744274,1172,2021-04-30,Student,44259,535,Yes,Yes,Approved,2924.88,3482,3,Referred by agent.
7744787,1488,2022-07-07,Student,233055,671,No,No,Denied,6039.54,7743,4,Applicant follow-up needed
7745182,1398,2021-07-04,Unemployed,228372,806,No,No,Approved,1928.52,2922,5,Co-signer pending review.
7747115,0813,2021-08-01,Part-Time,101725,783,Yes,Yes,Pending,1809.60,2320,2,Applicant provided pay stubs.
7747385,0874,2021-02-14,Part-Time,98347,748,No,Yes,Denied,4571.58,5861,5,Referred by agent.
7751254,0558,2023-07-13,Unemployed,112230,783,Yes,Yes,Approved,3254.94,4173,1,
7751624,0142,2020-10-02,Self-Employed,170554,848,No,Yes,Denied,3458.28,4117,4,
7751964,1144,2023-09-30,Part-Time,49252,688,No,Yes,Approved,3258.06,4177,4,n/a
7752084,0640,2021-03-07,Part-Time,157481,808,No,No,Denied,2498.76,3786,5,Renewal case.
7752833,0108,2021-02-04,Retired,113795,746,Yes,No,Approved,1069.86,1621,4,Applicant follow-up needed
7752923,0117,2021-10-11,Student,235736,535,Yes,No,Denied,1776.06,2691,5,
7754437,1073,2023-01-10,Student,224940,512,No,Yes,Approved,1032.72,1324,2,N/A
7755363,1123,2022-05-11,Retired,144332,447,Yes,Yes,Under Review,1137.18,1723,2,Renewal case.
7756483,0432,27/11/2022,Retired,245329,681,No,No,Pending,2286.18,2931,4,Referred by agent.
7757867,0422,2023-03-15,Unemployed,159321,580,No,Yes,Approved,1027.20,1070,3,Flagged for manual review.
7761357,1216,2023-10-17,Full-Time,18266,796,Yes,No,Pending,1671.54,2143,5,income verified via Plaid
7761901,0967,2020-12-13,Retired,206453,755,Yes,No,Approved,1109.40,1849,4,Renewal case.
7763351,1417,2020-02-05,Self-Employed,214829,839,No,No,Approved,4020.90,5155,4,n/a
7763750,1024,2022-12-03,Student,230387,639,No,No,Approved,953.04,1444,4,Flagged for manual review.
7766054,1347,,Contract,76933,752,No,No,Approved,531.30,805,3,Applicant provided pay stubs.
7767969,0792,2022-11-16,Student,131487,770,No,No,Withdrawn,2900.04,4394,5,Applicant provided pay stubs.
7772512,0405,,Student,105020,795,No,No,Denied,1410.42,2137,4,
7772776,1127,14/11/2022,Retired,48071,623,No,No,Denied,3352.32,3492,5,Renewal case.
7774994,0803,2022-07-30,Student,147430,779,No,Yes,Under Review,6559.80,8410,5,income verified via Plaid
7775974,0688,2021-06-13,Part-Time,287968,748,No,No,Approved,3130.56,3261,5,Missing bank statements.
7777189,0049,2024-12-08,Student,155272,840,No,No,Denied,3122.28,3717,3,Flagged for manual review.
7777216,0431,2020-09-27,Retired,182430,683,No,Yes,Pending,2372.70,3595,1,
7777646,0221,2022-03-30,Unemployed,214278,839,No,No,Approved,2622.48,3122,5,
7777889,1794,2021-07-20,Unemployed,114905,494,No,Yes,Denied,5537.28,5768,2,Co-signer pending review.
7780596,1033,17/09/2022,Retired,20764,662,Yes,No,Withdrawn,2732.16,2846,5,N/A
7781746,0642,2020-11-16,Self-Employed,121823,637,No,No,Withdrawn,713.16,849,2,Renewal case.
7781861,1474,2023-03-16,Retired,163468,,No,No,Approved,3828.72,4558,5,n/a
7782430,0494,2023-02-09,Retired,203099,785,No,No,Pending,5010.60,5965,2,docs expired
7782592,1578,2023-08-05,Full-Time,246040,637,Yes,Yes,Pending,6597.12,6872,1,Applicant provided pay stubs.
7783146,1334,31/08/2022,Part-Time,67514,710,Yes,Yes,Approved,9914.52,11803,3,Renewal case.
7783207,0991,2023-02-11,Retired,73196,453,Yes,Yes,Approved,1460.40,2434,5,Co-signer pending review.
7784000,0631,2021-07-20,Unemployed,220352,761,No,No,Under Review,1307.46,1981,2,Missing bank statements.
7786701,1403,2021-09-12,Retired,98363,680,No,No,Denied,1673.76,0,2,
7787407,1277,2024-09-08,Full-Time,126950,835,No,No,Approved,1180.14,1513,3,docs expired
7789710,1234,2020-11-29,Student,193129,622,No,Yes,Pending,5175.36,5391,4,.
7791220,0953,2022-02-11,Student,177520,592,No,No,Under Review,4099.20,4270,3,Referred by agent.
7791304,0101,2021-04-18,Full-Time,16852,770,No,Yes,Pending,2247.18,2881,5,
7791968,0657,2022-12-25,Part-Time,156697,821,Yes,No,Approved,1254.00,1900,2,Missing bank statements.
7792756,0448,2021-05-12,Full-Time,142820,744,No,Yes,Approved,1264.20,2107,1,Missing bank statements.
7794725,0129,2023-06-20,Full-Time,200404,600,No,No,Under Review,861.00,1435,4,
7797218,0951,2024-06-18,Self-Employed,57429,379,No,Yes,Denied,1628.22,2467,3,docs expired
7797981,1177,2020-07-08,Unemployed,227166,676,No,No,Withdrawn,3689.40,4730,5,.
7799638,0564,2023-05-31,Contract,100303,718,No,Yes,Pending,3112.80,5188,5,n/a
7799976,0203,2022-06-29,Student,299527,717,No,Yes,Pending,1715.22,2199,2,Missing bank statements.
7800085,1042,2020-06-03,Part-Time,57914,,No,No,Denied,2245.44,2339,3,Applicant follow-up needed
7801528,1365,2024-05-05,Full-Time,82723,638,No,Yes,Under Review,4397.76,4581,3,
7801646,1421,2022-04-14,Part-Time,294772,N/A,No,No,Pending,2304.72,3492,1,Referred by agent.
7801824,0381,16/08/2021,Self-Employed,244629,726,Yes,Yes,Approved,3999.84,5128,4,Renewal case.
7802331,0419,2021-09-03,Student,223553,692,No,No,Approved,1269.84,1924,5,Renewal case.
7806231,1282,,Full-Time,128204,,No,No,Approved,2053.44,2139,3,Renewal case.
7808075,1735,2021-04-03,Student,18017,658,Yes,No,Pending,2122.56,2211,4,
7808382,1169,2023-05-20,Part-Time,15314,797,No,Yes,Withdrawn,2403.06,3641,5,docs expired
7809522,1143,2024-08-10,Self-Employed,118468,,Yes,Yes,Denied,1498.80,2498,1,income verified via Plaid
7812700,0340,2021-06-03,Self-Employed,190161,714,No,No,Approved,11463.36,11941,1,Co-signer pending review.
7815160,1796,2023-11-11,Contract,240408,651,No,Yes,Approved,3211.20,0,2,Missing bank statements.
7815581,1705,2022-01-26,Unemployed,184839,759,No,Yes,Approved,2477.16,2949,1,N/A
7816272,0119,2021-06-26,Contract,143941,830,Yes,Yes,Pending,3161.40,4790,1,Co-signer pending review.
7818538,0256,2023-11-30,Full-Time,206715,772,No,Yes,Denied,1346.40,2244,3,Flagged for manual review.
7819237,1156,2021-01-06,Retired,155783,808,No,No,Pending,4222.68,5027,2,Renewal case.
7819352,0731,,Full-Time,124020,643,No,Yes,Denied,1135.20,1892,2,N/A
7820239,1394,25/06/2023,Part-Time,185119,365,No,No,Denied,1058.64,1604,1,docs expired
7820361,0711,2020-06-10,Student,176502,,No,Yes,Approved,834.12,993,3,Co-signer pending review.
7823805,0383,2020-07-15,Unemployed,206151,782,No,No,Approved,2846.40,2965,3,
7824077,1189,2023-03-27,Self-Employed,47404,716,No,No,Approved,2567.40,4279,1,Referred by agent.
7830265,0806,2024-08-12,Retired,203586,803,No,No,Approved,1949.76,2031,3,
7832222,1479,2022-05-05,Student,156100,682,No,No,Approved,1293.60,1960,4,
7835885,1740,2022-01-03,Self-Employed,34768,607,No,No,Approved,1895.88,2257,2,Referred by agent.
7835902,1796,2022-12-14,Contract,134909,668,No,Yes,Approved,2007.00,3345,1,Referred by agent.
7835983,1619,2020-05-23,Contract,61920,446,No,Yes,Approved,1264.56,1916,3,Co-signer pending review.
7836000,0791,2022-12-15,Part-Time,80880,732,No,No,Approved,4176.96,4351,3,Co-signer pending review.
7836266,0643,2020-06-24,Contract,317772,696,No,No,Approved,2165.46,3281,2,income verified via Plaid
7839276,1402,2023-06-05,Unemployed,194556,845,No,Yes,Pending,871.68,908,3,Flagged for manual review.
7842544,1564,2020-05-12,Unemployed,26285,821,Yes,No,Approved,3126.48,3722,5,Flagged for manual review.
7843455,1584,,Retired,130085,774,Yes,Yes,Pending,1797.12,1872,1,Applicant provided pay stubs.
7844354,0020,23/07/2023,Retired,209010,707,No,Yes,Denied,4233.60,5040,4,n/a
7845041,0412,2023-10-03,Full-Time,99689,843,No,No,Denied,2315.52,2412,5,Referred by agent.
7845258,1364,2024-01-05,Full-Time,31356,619,No,Yes,Approved,5184.96,5401,1,docs expired
7846716,0614,2024-03-06,Full-Time,192749,N/A,No,No,Approved,3871.56,4609,2,.
7846951,1195,,Part-Time,238267,418,No,Yes,Approved,4211.52,4387,4,Co-signer pending review.
7847753,1103,26/06/2022,Self-Employed,156216,706,No,No,Under Review,970.20,1470,4,Applicant provided pay stubs.
7848096,1308,2020-03-15,Full-Time,159581,719,No,Yes,Pending,4842.24,0,2,Referred by agent.
7850011,1047,27/07/2023,Self-Employed,117934,,No,No,Under Review,1236.18,1873,4,
7851277,0647,2022-10-11,Unemployed,113885,696,No,No,Pending,3388.56,4034,1,
7852564,0002,2023-05-11,Student,54445,745,No,No,Withdrawn,2588.04,3081,2,Applicant follow-up needed
7854049,0113,2021-01-31,Self-Employed,22453,720,Yes,No,Approved,1749.54,2243,4,Renewal case.
7854836,0864,2023-11-14,Student,37736,626,No,Yes,Approved,8069.76,0,3,
7855574,1023,2024-02-26,Retired,169744,811,No,No,Denied,1011.84,1054,2,n/a
7855749,1051,25/11/2020,Full-Time,92935,,Yes,Yes,Denied,1304.40,2174,4,Missing bank statements.
7855994,0084,2020-03-22,Full-Time,221481,,No,Yes,Denied,5801.64,7438,1,Missing bank statements.
7856663,0932,2024-11-26,Part-Time,93214,435,No,No,Denied,4883.76,5814,3,income verified via Plaid
7858087,1086,2023-09-09,Part-Time,155847,591,Yes,No,Approved,4099.20,0,2,Flagged for manual review.
7859450,0105,29/07/2021,Self-Employed,81776,646,No,No,Denied,5485.44,5714,1,.
7859697,0178,2021-07-09,Contract,212855,662,No,Yes,Approved,2964.36,3529,1,docs expired
7859912,0628,20/05/2024,Full-Time,195633,728,Yes,Yes,Pending,2689.20,4482,5,Referred by agent.
7860078,1515,2024-03-16,Retired,144655,747,Yes,No,Denied,1301.82,0,5,
7861702,1304,2021-09-18,Contract,61460,650,No,Yes,Pending,8890.44,11398,4,Flagged for manual review.
7862088,1627,2023-10-26,Contract,97265,721,No,Yes,Denied,4092.66,5247,1,Applicant follow-up needed
7862385,1506,2021-01-27,Full-Time,79851,758,No,Yes,Approved,1708.98,2191,5,
7863599,1626,17/04/2024,Self-Employed,197624,531,No,Yes,Approved,4297.92,4477,5,
7865314,1577,2022-09-01,Part-Time,30933,801,No,No,Denied,4585.62,5879,1,
7865788,0030,2021-05-21,Student,9612,813,No,Yes,Approved,1860.60,3101,1,Applicant follow-up needed
7865836,0998,2024-02-16,Contract,225074,817,No,Yes,Pending,3725.40,4435,3,Flagged for manual review.
7870080,1610,,Student,50153,736,No,Yes,Approved,2552.76,3039,3,n/a
7870713,0611,2022-08-25,Retired,115615,380,No,No,Under Review,2465.40,4109,5,n/a
7871308,0669,2021-07-21,Part-Time,875000,679,No,Yes,Withdrawn,482.40,804,1,income verified via Plaid
7872424,1459,2020-07-22,Contract,121955,N/A,No,Yes,Approved,1993.86,3021,3,.
7872438,1472,2021-12-11,Full-Time,64491,685,Yes,Yes,Denied,6578.88,6853,2,income verified via Plaid
7875482,0763,2020-08-08,Self-Employed,75546,622,No,Yes,Approved,5086.62,7707,2,income verified via Plaid
7876290,1045,2021-09-05,Self-Employed,117757,765,Yes,Yes,Withdrawn,4365.12,4547,5,N/A
7876803,0663,2020-01-09,Retired,97795,704,No,No,Approved,2137.80,2545,3,Referred by agent.
7877877,1293,2021-04-04,Full-Time,248769,,No,No,Pending,1346.40,2244,4,.
7877927,0622,2022-08-07,Unemployed,70116,776,No,No,Pending,1879.80,2410,4,
7878698,1521,2023-03-23,Retired,191768,730,No,No,Under Review,3311.28,3942,1,income verified via Plaid
7879533,1315,26/04/2024,Retired,184976,612,Yes,Yes,Pending,670.80,1118,1,income verified via Plaid
7879565,1730,2023-04-11,Contract,133086,835,No,No,Approved,2697.00,4495,3,Flagged for manual review.
7879933,1620,2021-01-08,Retired,180078,561,No,No,Denied,3810.30,4885,1,N/A
7881260,1799,21/07/2024,Student,164939,618,No,Yes,Under Review,10621.44,11064,5,.
7881710,0668,2024-06-21,Unemployed,95851,690,No,Yes,Approved,3251.16,4926,2,N/A
7882001,0973,2022-10-14,Unemployed,127916,,No,Yes,Pending,5916.48,6163,5,
7882860,1308,2022-02-15,Contract,174374,834,No,Yes,Pending,4236.96,5044,3,Flagged for manual review.
7886694,1016,2022-09-15,Contract,105825,488,Yes,Yes,Denied,5998.44,7141,1,Missing bank statements.
7888940,1570,2021-07-01,Full-Time,321792,693,No,No,Denied,3720.00,3875,4,Renewal case.
7890247,1472,21/10/2024,Student,96885,819,No,Yes,Approved,4111.80,6853,1,
7890535,1551,2024-11-24,Self-Employed,83426,843,Yes,No,Denied,3744.00,3900,2,Applicant follow-up needed
7890553,0004,2022-12-14,Full-Time,106163,629,Yes,Yes,Approved,1038.60,1731,3,Renewal case.
7892373,1570,2020-07-11,Retired,186958,,No,Yes,Withdrawn,2434.08,3688,3,Applicant provided pay stubs.
7892722,0526,2024-08-23,Unemployed,241451,713,Yes,Yes,Under Review,3432.96,3576,5,.
7894999,1495,2021-05-02,Retired,182528,777,No,No,Approved,3490.20,5817,1,docs expired
7898033,1025,20/11/2023,Part-Time,68156,826,No,No,Pending,3611.40,4630,3,.
7898614,0690,2024-01-14,Full-Time,107443,,No,Yes,Approved,806.40,1344,3,
7899190,0098,2020-09-19,Contract,192866,720,No,No,Approved,1629.60,1940,1,docs expired
7902907,0420,2020-01-04,Unemployed,141902,710,No,Yes,Denied,4411.68,0,2,income verified via Plaid
7903783,0116,2022-03-12,Self-Employed,124413,779,No,No,Approved,2933.58,3761,2,docs expired
7905251,0920,2024-01-02,Unemployed,10950,765,Yes,Yes,Approved,2057.40,3429,1,Applicant follow-up needed
7907390,1185,2024-10-06,Retired,161505,489,No,Yes,Denied,1948.80,2030,1,Missing bank statements.
7907422,1630,2022-03-29,Self-Employed,230226,416,No,No,Pending,952.56,0,3,income verified via Plaid
7907709,0005,,Unemployed,41823,601,Yes,Yes,Denied,3040.44,3898,1,.
7908064,1795,2022-03-02,Unemployed,64002,727,No,No,Withdrawn,5453.28,6492,5,Renewal case.
7909252,1624,2022-07-05,Retired,168178,466,Yes,No,Denied,2436.60,4061,4,Referred by agent.
7910569,0067,2021-11-05,Contract,19419,353,No,Yes,Under Review,3693.36,5596,1,Referred by agent.
7911672,1671,2022-09-19,Student,153737,809,No,No,Denied,3282.72,0,5,
7912005,0701,2022-09-02,Part-Time,185600,739,No,Yes,Approved,1118.04,1331,1,income verified via Plaid
7912315,0066,2023-08-15,Contract,64982,710,No,No,Approved,1825.56,2766,2,N/A
7913194,1076,2024-02-21,Part-Time,152591,771,No,No,Pending,2307.24,2958,2,
7913218,0114,,Self-Employed,151333,317,No,No,Under Review,1426.20,2377,2,n/a
7916014,0283,22/07/2020,Contract,80623,648,No,No,Denied,2669.52,3178,2,Co-signer pending review.
7916910,1445,2024-06-04,Part-Time,50118,765,No,Yes,Withdrawn,5511.00,8350,3,
7918412,1176,2021-10-18,Self-Employed,85327,686,No,Yes,Approved,1410.24,1808,1,
7919252,1020,2021-07-23,Retired,137216,N/A,Yes,Yes,Approved,3208.92,4114,5,.
7919581,1609,2022-08-06,Part-Time,275887,445,No,Yes,Approved,3796.32,5752,5,N/A
7922132,1213,2024-01-31,Full-Time,192505,556,No,Yes,Approved,4703.04,4899,4,income verified via Plaid
7923512,0087,2023-07-25,Retired,39637,549,No,No,Denied,4545.06,5827,2,Referred by agent.
7929136,1107,2023-08-24,Retired,202095,648,No,Yes,Denied,2483.52,3184,2,Renewal case.
7930226,0930,2021-11-26,Self-Employed,259530,765,No,Yes,Approved,2654.40,3160,3,income verified via Plaid
7930821,1153,2022-02-04,Student,83197,668,No,Yes,Denied,980.10,1485,5,Applicant follow-up needed
7931365,0918,2020-09-20,Unemployed,34713,730,No,No,Denied,3215.52,3828,4,income verified via Plaid
7931564,0125,2022-05-09,Retired,20795,497,No,No,Denied,3410.16,4372,2,.
7932469,0050,26/04/2021,Contract,57296,740,No,No,Approved,4577.04,5868,5,Renewal case.
7933081,0667,14/07/2024,Part-Time,113941,714,No,No,Withdrawn,2430.72,2532,1,n/a
7935424,1133,2021-09-10,Unemployed,131630,840,No,No,Denied,1032.00,1075,1,Flagged for manual review.
7935567,1140,2024-06-14,Unemployed,109896,736,No,Yes,Pending,1662.60,2771,2,Applicant follow-up needed
7935861,0004,2020-02-08,Student,180750,757,No,Yes,Approved,1142.46,1731,5,Missing bank statements.
7938616,0224,2020-09-04,Full-Time,226036,391,No,Yes,Approved,5690.10,7295,5,docs expired
7941419,1259,16/04/2022,Unemployed,252928,705,No,No,Approved,11351.04,11824,1,Flagged for manual review.
7941428,0636,,Contract,193569,835,Yes,No,Approved,699.72,833,5,Applicant provided pay stubs.
7942409,1599,2023-10-21,Retired,71692,819,No,No,Approved,2759.40,3285,1,n/a
7943129,1043,2022-10-07,Retired,78605,679,No,Yes,Denied,2386.44,2841,1,docs expired
7944723,0402,2023-05-19,Part-Time,28136,837,No,No,Pending,2698.92,3213,3,n/a
7946374,0487,2022-05-02,Unemployed,87614,,No,No,Denied,2317.44,2414,5,income verified via Plaid
7947266,0054,2022-01-15,Part-Time,96814,383,No,No,Approved,6110.40,6365,2,Co-signer pending review.
7949335,0881,2021-03-11,Part-Time,185702,,No,Yes,Denied,4795.20,7992,2,Referred by agent.
7949931,0051,2020-11-02,Full-Time,61861,,No,Yes,Approved,1647.36,2496,4,.
7950181,1738,2021-11-29,Contract,148766,799,No,Yes,Approved,1776.60,2115,2,
7952431,1204,2022-11-21,Self-Employed,239087,718,No,Yes,Approved,6401.28,6668,5,n/a
7956382,1750,29/05/2021,Unemployed,222886,589,No,Yes,Denied,8954.88,9328,4,docs expired
7957197,1466,2020-03-16,Self-Employed,189097,692,No,No,Approved,1148.16,1196,4,
7957637,1050,2022-04-13,Student,103517,699,No,No,Denied,1420.44,1691,5,Applicant provided pay stubs.
7959630,0634,2024-12-11,Self-Employed,210577,,No,Yes,Denied,860.40,0,5,N/A
7960509,1614,2021-07-18,Self-Employed,79892,311,No,No,Pending,4647.00,7745,2,N/A
7960917,0332,18/06/2022,Self-Employed,124072,673,No,No,Withdrawn,1932.84,2301,4,Renewal case.
7964268,1642,16/07/2022,Retired,92661,849,Yes,Yes,Denied,2065.14,3129,4,
7964506,0152,22/09/2022,Self-Employed,211836,771,No,No,Pending,1847.82,0,3,n/a
7964775,1190,25/12/2023,Part-Time,30254,774,No,Yes,Pending,5403.84,6928,1,Renewal case.
7964866,1637,2022-04-25,Retired,129485,667,No,No,Denied,4496.64,0,5,.
7966485,0044,2024-09-24,Full-Time,185901,679,No,No,Approved,4687.80,0,2,
7966512,0811,2023-02-25,Student,18561,669,No,Yes,Approved,1850.88,1928,2,Referred by agent.
7966958,0830,2024-01-03,Retired,138188,,No,No,Under Review,3008.04,3581,1,docs expired
7968905,0024,2021-11-14,Student,157153,651,No,No,Denied,2849.28,0,1,Co-signer pending review.
7970886,0548,2023-08-23,Retired,178575,796,No,No,Denied,3824.34,4903,5,Renewal case.
7974092,1788,2020-07-19,Student,229979,N/A,No,No,Denied,2758.08,2873,3,Flagged for manual review.
7974100,0561,2021-10-01,Unemployed,76599,,No,No,Approved,1024.20,1707,2,
7976457,0579,2023-10-23,Part-Time,85069,782,No,Yes,Approved,4918.20,5855,2,income verified via Plaid
7976703,1180,,Self-Employed,53402,702,No,Yes,Approved,3191.40,5319,5,Renewal case.
7977386,0894,,Retired,130938,,No,Yes,Approved,1575.00,2625,5,Renewal case.
7977598,1335,2021-01-19,Student,80556,820,No,Yes,Approved,7174.08,7473,5,N/A
7979393,1219,2024-12-09,Unemployed,206530,760,No,No,Approved,2990.40,3115,1,Missing bank statements.
7979677,1667,14/09/2024,Unemployed,32424,,No,Yes,Approved,3752.58,4811,2,Applicant provided pay stubs.
7982426,0593,2020-08-17,Student,145977,N/A,No,No,Pending,3556.80,4560,3,Flagged for manual review.
7983471,0868,23/11/2022,Part-Time,74070,812,No,Yes,Pending,3329.28,3468,1,n/a
7983682,0234,2022-12-15,Retired,115977,697,No,No,Approved,2974.92,3814,3,
7984375,0916,26/06/2024,Self-Employed,20275,358,No,No,Withdrawn,1775.76,2114,3,income verified via Plaid
7985459,0627,2023-01-01,Part-Time,167990,761,Yes,Yes,Approved,2979.24,4514,3,
7985665,1115,2023-03-08,Full-Time,94828,N/A,No,Yes,Approved,2381.40,0,4,N/A
7987489,1058,2023-11-13,Self-Employed,7152,340,No,Yes,Approved,525.60,876,3,Applicant provided pay stubs.
7991063,1581,2020-03-29,Part-Time,101157,806,Yes,Yes,Denied,634.92,814,4,docs expired
7992320,1019,2023-09-03,Full-Time,219545,766,No,No,Denied,2302.44,2741,3,N/A
7992579,0594,2023-07-08,Part-Time,192321,814,No,Yes,Denied,1706.10,2585,1,income verified via Plaid
7995929,1350,20/05/2024,Self-Employed,93800,,No,No,Under Review,2665.20,4442,5,
7997385,1268,2020-11-05,Student,161203,788,Yes,Yes,Denied,5888.22,7549,4,.
7997741,0474,,Unemployed,90039,471,No,Yes,Under Review,1365.00,1750,1,N/A
7997864,0532,2020-11-09,Contract,156092,698,No,No,Approved,1062.72,1107,3,Co-signer pending review.
7998942,0235,2022-07-07,Contract,190696,620,No,No,Denied,712.80,1188,2,
7999607,0923,,Part-Time,101312,451,No,No,Pending,3050.04,3631,4,Co-signer pending review.
7999755,0016,2021-09-21,Full-Time,83704,755,No,Yes,Pending,2037.12,2122,5,
8001436,1752,2021-06-14,Full-Time,201133,679,No,Yes,Withdrawn,1694.28,2017,4,docs expired
8002201,1463,2022-03-12,Retired,160396,581,No,No,Withdrawn,2106.00,3510,5,Renewal case.
8002398,0026,2024-03-23,Self-Employed,176700,596,No,No,Approved,1000.56,1516,2,
8002404,1690,2024-12-28,Unemployed,35665,759,No,No,Denied,1754.22,2249,3,n/a
8004470,1068,,Contract,109752,840,No,No,Denied,3534.30,5355,3,docs expired
8004659,1042,2023-04-03,Student,201463,752,No,No,Approved,1403.40,2339,3,Applicant provided pay stubs.
8005267,1035,29/04/2024,Retired,218691,799,No,Yes,Under Review,3156.12,4782,5,Applicant provided pay stubs.
8005741,0601,2022-02-28,Self-Employed,188155,646,No,Yes,Under Review,1314.30,1685,4,docs expired
8007431,0206,2023-03-15,Student,45844,758,No,No,Approved,3452.16,3596,4,
8008505,1575,2023-06-01,Contract,46795,620,No,No,Pending,2174.64,2788,1,
8008657,1368,2020-11-08,Full-Time,45154,744,No,Yes,Approved,2975.04,3099,4,Applicant follow-up needed
8008839,0333,2023-12-02,Unemployed,155010,784,No,Yes,Approved,1080.30,1385,3,docs expired
8009424,0310,2021-04-12,Student,103415,784,No,No,Approved,898.26,1361,3,Co-signer pending review.
8009499,1086,2021-10-04,Unemployed,246052,303,No,Yes,Denied,4684.80,4880,3,N/A
8009960,1650,2022-08-08,Retired,108047,424,Yes,No,Pending,2089.56,3166,2,n/a
8010292,0198,2022-10-22,Retired,246413,756,No,No,Denied,2467.08,3738,2,Flagged for manual review.
8011879,1395,,Contract,203491,700,Yes,No,Approved,2294.16,3476,4,Applicant follow-up needed
8012053,1376,2024-12-10,Unemployed,141470,727,Yes,Yes,Withdrawn,2353.92,0,1,n/a
8014006,1645,2021-11-30,Retired,258835,,Yes,Yes,Approved,4764.48,4963,5,docs expired
8014314,1569,2023-04-06,Student,206969,617,No,No,Approved,1264.20,1505,3,income verified via Plaid
8015029,1539,2022-06-15,Contract,250148,,No,Yes,Approved,8597.76,8956,4,N/A
8016587,1620,,Retired,57968,,Yes,No,Withdrawn,4689.60,4885,4,Applicant provided pay stubs.
8017062,0630,2022-05-27,Contract,167869,728,No,Yes,Approved,1171.50,1775,4,Referred by agent.
8017369,0081,2020-11-08,Part-Time,68115,705,No,Yes,Withdrawn,2487.42,3189,4,
8020127,0700,2022-10-08,Student,231067,625,No,No,Approved,1968.96,2344,3,Co-signer pending review.
8020219,0245,2024-03-06,Self-Employed,26563,590,No,Yes,Denied,2777.04,3306,1,
8020629,1692,2024-01-03,Part-Time,16785,840,No,No,Approved,3874.08,4612,5,Referred by agent.
8022863,1247,28/05/2021,Self-Employed,152163,,Yes,Yes,Pending,3829.02,4909,3,N/A
8025087,0062,2024-08-14,Full-Time,96587,N/A,No,No,Approved,3951.60,6586,1,.
8025883,0131,2022-05-01,Unemployed,154659,618,No,Yes,Denied,1216.32,1267,1,n/a
8025930,1224,2023-07-19,Contract,103092,,Yes,Yes,Approved,3321.36,3954,1,.
8032813,0311,2023-05-21,Full-Time,219843,689,No,Yes,Approved,1809.06,2741,4,N/A
8034158,0540,2020-06-21,Part-Time,249784,618,No,Yes,Approved,1815.06,2327,2,
8034631,0291,2023-07-18,Unemployed,52891,709,No,Yes,Denied,1345.68,1602,4,N/A
8036260,0229,2023-05-29,Unemployed,94680,,No,No,Approved,2268.48,2363,5,
8036362,1075,2022-05-17,Full-Time,4390,831,Yes,Yes,Approved,3417.96,4382,1,N/A
8040180,0346,2023-10-23,Contract,226158,,No,Yes,Approved,2397.60,3996,4,n/a
8042332,0875,2021-02-06,Contract,99879,762,No,No,Denied,3600.30,5455,2,N/A
8042498,0413,,Student,9277,644,No,No,Pending,5062.20,6490,5,Applicant provided pay stubs.
8042798,0907,2024-02-18,Contract,91357,678,No,No,Pending,1189.80,1983,4,Renewal case.
8043423,0374,2021-07-17,Unemployed,168558,,Yes,Yes,Denied,1341.00,2235,3,
8045077,1562,,Self-Employed,176176,653,No,Yes,Approved,4065.60,4235,2,n/a
8045873,0349,2021-04-07,Part-Time,119802,614,No,Yes,Approved,1545.06,2341,3,income verified via Plaid
8046694,1656,2024-08-02,Part-Time,81886,609,Yes,Yes,Approved,2208.36,2629,4,Applicant provided pay stubs.
8047725,0395,2024-05-25,Unemployed,238286,725,No,Yes,Approved,2486.40,4144,4,Co-signer pending review.
8047772,0387,25/08/2024,Unemployed,196494,707,No,No,Approved,2900.04,3718,2,Renewal case.
8047821,1252,2020-08-10,Full-Time,150247,,No,Yes,Approved,3595.20,3745,1,
8048403,1609,,Self-Employed,300004,603,Yes,No,Denied,5521.92,5752,1,Renewal case.
8050042,0864,2021-01-18,Retired,202319,659,No,No,Under Review,6556.68,8406,4,Flagged for manual review.
8050842,1387,2023-12-30,Retired,197502,738,No,Yes,Approved,1798.44,2141,5,.
8050926,0701,2024-12-12,Full-Time,119769,714,No,Yes,Approved,1277.76,1331,1,Co-signer pending review.
8053365,1560,2021-04-19,Retired,94572,736,No,Yes,Approved,2870.40,3680,4,Flagged for manual review.
8054063,0035,2023-11-19,Full-Time,124300,320,No,Yes,Approved,1608.60,1915,5,.
8055955,0324,2023-04-16,Student,232192,,No,Yes,Under Review,2076.36,3146,4,Co-signer pending review.
8056491,0493,2023-05-18,Retired,3316,699,No,Yes,Denied,6987.12,8318,4,docs expired
8056625,0788,2021-04-23,Full-Time,121758,635,No,Yes,Under Review,4475.52,5328,3,Referred by agent.
8057924,0346,30/03/2021,Self-Employed,147200,788,Yes,Yes,Denied,2397.60,3996,3,Missing bank statements.
8058309,0774,2020-11-12,Student,140591,665,Yes,Yes,Approved,2363.40,3939,5,Applicant provided pay stubs.
8058676,1191,,Student,142898,690,No,Yes,Under Review,978.12,1254,5,Co-signer pending review.
8059222,1252,2022-01-22,Unemployed,40702,590,No,No,Approved,3595.20,3745,4,Co-signer pending review.
8061911,0853,,Unemployed,66755,607,No,No,Pending,1930.80,3218,5,Co-signer pending review.
8061973,1544,,Self-Employed,200907,732,No,Yes,Approved,3013.14,3863,3,Flagged for manual review.
8062173,1402,2024-05-24,Contract,193850,N/A,Yes,Yes,Under Review,544.80,908,3,Co-signer pending review.
8062485,1169,2020-05-16,Part-Time,433000,698,No,Yes,Denied,3058.44,3641,2,
8065262,1193,2023-08-16,Student,189378,831,No,No,Pending,3216.18,4873,4,Referred by agent.
8066053,0132,2021-09-14,Self-Employed,235309,,Yes,No,Approved,1754.88,1828,1,Renewal case.
8066119,0653,2024-06-14,Retired,51781,645,Yes,Yes,Pending,3483.84,0,2,n/a
8066158,0985,2021-08-18,Retired,167504,,Yes,No,Under Review,1351.74,1733,3,Renewal case.
8068686,0802,2021-02-22,Full-Time,194824,506,No,No,Denied,1691.58,2563,4,N/A
8069271,0077,2021-11-18,Retired,187162,653,No,Yes,Denied,1342.38,1721,5,docs expired
8069994,0380,2021-01-16,Retired,99677,703,No,No,Under Review,4376.40,5210,5,
8070306,0308,29/11/2020,Full-Time,117684,739,No,Yes,Denied,2631.00,4385,2,Referred by agent.
8070725,1008,2021-12-21,Contract,59930,728,No,Yes,Under Review,6549.66,8397,3,Renewal case.
8072295,0680,2022-08-15,Full-Time,163552,731,No,No,Approved,882.96,1132,4,Missing bank statements.
8073155,1693,2020-12-19,Contract,149270,601,No,No,Approved,1084.20,1807,1,Referred by agent.
8074769,0817,2022-07-31,Unemployed,67357,748,No,No,Approved,2781.60,4636,2,Applicant provided pay stubs.
8075000,0128,2021-11-24,Contract,94270,756,No,No,Approved,7369.92,7677,4,.
8075080,1428,2024-06-22,Full-Time,38892,819,No,No,Approved,5074.74,7689,2,n/a
8075905,1021,2023-09-17,Unemployed,201767,686,No,Yes,Denied,1811.40,3019,5,Flagged for manual review.
8077102,0989,2021-12-26,Full-Time,53593,725,No,Yes,Approved,1108.80,1848,2,docs expired
8077237,0404,2024-07-01,Self-Employed,212080,632,Yes,Yes,Approved,4589.40,7649,4,income verified via Plaid
8077369,1478,2024-06-18,Unemployed,142024,757,No,Yes,Approved,624.00,1040,3,Flagged for manual review.
8080062,1436,2020-08-30,Unemployed,49742,819,Yes,No,Approved,4885.44,5816,5,Renewal case.
8081283,1015,2020-05-06,Unemployed,145215,,No,No,Withdrawn,4450.68,5706,3,Referred by agent.
8083381,1617,2022-06-17,Unemployed,105536,802,No,No,Denied,684.60,815,1,Applicant provided pay stubs.
8083991,1749,2022-09-28,Retired,117954,636,No,Yes,Withdrawn,1337.40,2229,3,
8085576,1094,2023-03-12,Retired,74443,602,No,Yes,Denied,2011.80,3353,3,Co-signer pending review.
8086234,0418,2020-12-03,Part-Time,101077,728,No,No,Approved,3312.00,3450,5,n/a
8086602,1263,2023-04-06,Contract,127696,721,No,Yes,Denied,1956.24,2964,3,
8089415,0382,2022-06-03,Part-Time,238656,690,No,Yes,Approved,5112.00,5325,1,n/a
8089591,1525,2023-10-05,Self-Employed,217768,772,Yes,No,Denied,1998.60,0,5,n/a
8089817,0784,22/08/2022,Unemployed,10642,728,No,No,Approved,2388.48,2488,4,
8091335,1626,2021-03-09,Part-Time,212803,N/A,No,Yes,Withdrawn,3760.68,4477,4,.
8092836,1430,2020-12-04,Part-Time,304310,724,Yes,Yes,Approved,1644.48,0,3,Flagged for manual review.
8093316,0516,2022-10-28,Self-Employed,56555,311,No,Yes,Under Review,1428.00,1700,3,
8098781,1717,2024-05-29,Part-Time,244694,,No,Yes,Withdrawn,2509.80,4183,5,docs expired
8100676,1050,2024-05-28,Part-Time,142627,585,No,Yes,Approved,1318.98,1691,1,Referred by agent.
8102777,0034,2023-08-29,Student,239929,783,No,No,Approved,859.20,1432,3,income verified via Plaid
8103033,0187,2024-07-30,Part-Time,217479,N/A,No,Yes,Approved,2444.52,3134,4,n/a
8103099,1648,2021-05-11,Full-Time,997000,666,No,Yes,Under Review,4192.32,4367,5,Applicant provided pay stubs.
8104107,0920,2022-10-02,Part-Time,153649,671,No,No,Approved,2880.36,3429,3,N/A
8107923,1629,2024-10-05,Part-Time,99354,698,No,No,Approved,1733.76,2064,3,Applicant provided pay stubs.
8108845,1548,2021-08-14,Self-Employed,221400,594,No,No,Approved,4288.20,7147,4,Co-signer pending review.
8109084,1538,29/11/2024,Full-Time,303717,462,Yes,Yes,Approved,1341.60,1720,2,.
8109930,1679,2023-09-12,Self-Employed,230091,680,No,Yes,Under Review,2660.40,4434,4,Co-signer pending review.
8110120,0436,,Self-Employed,144529,793,No,Yes,Denied,2443.32,3702,1,Applicant provided pay stubs.
8111033,1044,2021-10-30,Student,221369,642,Yes,Yes,Denied,4785.00,7975,2,N/A
8112094,0062,2021-12-09,Unemployed,138901,630,Yes,No,Denied,3951.60,6586,2,.
8113462,1410,2024-09-04,Part-Time,226272,750,Yes,Yes,Under Review,3389.10,4345,2,Co-signer pending review.
8115784,1051,2024-11-16,Student,92931,788,No,No,Pending,1434.84,2174,3,N/A
8115922,1201,2021-12-05,Student,156296,705,No,No,Approved,3622.32,4644,2,Applicant follow-up needed
8116330,0798,2020-10-14,Self-Employed,307907,586,No,Yes,Approved,1921.08,2287,1,Co-signer pending review.
8118183,1675,2024-02-05,Self-Employed,172077,721,No,Yes,Denied,1310.76,0,5,N/A
8118860,1759,2024-03-04,Part-Time,75061,,No,No,Pending,2433.48,2897,5,Flagged for manual review.
8118904,0522,2024-08-22,Retired,28872,642,No,No,Approved,945.60,985,1,
8120763,1431,2024-03-04,Self-Employed,256900,685,No,No,Approved,8727.36,9091,1,income verified via Plaid
8121893,0001,2022-03-10,Student,100824,598,No,No,Approved,561.66,0,3,n/a
8128382,0038,23/11/2022,Unemployed,77201,711,No,No,Approved,4357.08,5187,2,
8130450,1254,2022-10-13,Unemployed,120158,687,No,No,Denied,4593.60,4785,5,Co-signer pending review.
8132058,0829,2024-03-01,Student,39376,614,No,Yes,Denied,4240.32,5048,2,
8133180,1799,2020-02-21,Full-Time,59549,670,Yes,Yes,Pending,9293.76,11064,2,
8133185,1481,17/02/2021,Contract,248027,781,No,No,Denied,982.74,1489,3,income verified via Plaid
8133760,0688,2022-11-21,Student,143258,,No,Yes,Approved,3130.56,3261,5,
8133824,0248,18/06/2021,Part-Time,206713,,No,No,Denied,853.44,1016,4,N/A
8134462,1110,2021-07-23,Contract,72345,674,No,Yes,Approved,1746.36,2079,1,Applicant provided pay stubs.
8134773,0602,2023-02-11,Part-Time,97961,,No,Yes,Approved,2964.48,3088,5,Flagged for manual review.
8136130,0330,2024-07-06,Student,72565,637,No,Yes,Denied,1170.00,1950,5,
8136133,0400,2022-09-05,Part-Time,33327,686,No,No,Pending,3530.40,5884,2,Renewal case.
8137731,1229,2023-04-11,Retired,167256,649,No,Yes,Approved,7938.00,9450,1,n/a
8137811,0073,2021-07-02,Unemployed,261028,800,No,Yes,Denied,3187.08,4086,4,
8139461,0738,2023-07-02,Retired,220300,787,Yes,No,Denied,3971.52,4137,4,docs expired
8139536,1079,17/07/2020,Full-Time,161829,721,No,No,Denied,1784.40,2974,5,n/a
8141384,0617,2023-01-08,Unemployed,146810,746,No,No,Denied,2549.04,3268,3,
8142026,0488,2023-02-17,Unemployed,270973,759,No,No,Pending,1739.40,2899,5,n/a
8142484,0497,2024-11-30,Full-Time,107600,571,No,Yes,Denied,2639.52,3384,1,Missing bank statements.
8143275,0310,2023-01-24,Part-Time,122463,763,No,No,Approved,816.60,1361,1,
8143400,1631,2022-07-24,Full-Time,190365,,No,Yes,Under Review,3906.24,4069,2,Missing bank statements.
8144041,0626,2020-11-25,Part-Time,187314,790,No,Yes,Withdrawn,1194.60,1991,3,income verified via Plaid
8144433,1026,2022-07-25,Self-Employed,225532,701,No,No,Denied,5034.12,5993,5,N/A
8145033,0208,2022-06-20,Contract,154468,,No,No,Approved,562.98,853,5,
8145901,1419,2023-03-06,Retired,23448,711,No,Yes,Approved,3387.84,3529,5,
8148935,0254,2020-05-12,Self-Employed,133969,593,No,No,Approved,1197.90,1815,5,Co-signer pending review.
8149008,0434,2024-05-11,Student,135367,690,No,No,Pending,2205.00,3675,2,N/A
8149519,0627,2020-01-30,Contract,157851,810,No,No,Denied,4333.44,4514,2,
8151900,0449,2022-08-07,Unemployed,225564,783,No,No,Approved,1747.98,0,5,Applicant provided pay stubs.
8153284,0951,2020-06-28,Self-Employed,66312,799,No,Yes,Approved,2072.28,0,1,Applicant follow-up needed
8153570,0811,2022-04-05,Part-Time,245093,805,Yes,No,Under Review,1850.88,1928,4,Applicant follow-up needed
8154692,0939,2022-02-22,Unemployed,68497,674,No,No,Withdrawn,2304.96,2401,5,income verified via Plaid
8157239,0659,21/03/2021,Retired,15297,660,Yes,No,Approved,6055.68,6308,5,Renewal case.
8160345,1054,2023-05-17,Full-Time,498000,713,No,No,Approved,1787.52,2128,2,Renewal case.
8160394,0477,2022-07-05,Part-Time,93097,785,No,No,Denied,971.04,1156,3,docs expired
8161574,0007,2023-02-04,Part-Time,199767,683,No,Yes,Denied,2482.56,2586,1,N/A
8166107,0828,2022-10-30,Retired,248799,777,No,Yes,Pending,1668.42,2139,4,.
8166807,1527,2024-01-14,Full-Time,207452,524,No,No,Approved,715.20,1192,3,
8169694,0358,2024-02-21,Unemployed,126975,750,No,Yes,Approved,1277.76,0,3,Renewal case.
8169707,1560,15/10/2020,Self-Employed,100744,,No,Yes,Approved,2428.80,3680,4,
8170327,1058,2024-09-14,Full-Time,6736,709,No,No,Pending,840.96,876,3,N/A
8173033,0332,23/08/2023,Part-Time,34180,604,No,No,Approved,1380.60,2301,5,
8173267,0574,19/11/2024,Student,204430,680,No,Yes,Denied,6584.64,6859,5,n/a
8173453,1767,2024-03-28,Full-Time,19250,659,No,No,Approved,3141.06,4027,3,Applicant provided pay stubs.
8174376,1168,2022-09-06,Full-Time,89916,781,No,Yes,Denied,2865.00,4775,2,Missing bank statements.
8175839,0917,2022-07-02,Unemployed,112838,773,Yes,No,Approved,1093.62,1657,5,Renewal case.
8178771,1686,2024-07-23,Full-Time,178844,,No,Yes,Approved,2746.26,4161,5,Applicant provided pay stubs.
8179629,0594,2023-08-31,Contract,212483,635,No,No,Approved,2282.28,2717,3,N/A
8179648,0751,2023-12-31,Student,148766,699,Yes,Yes,Denied,1781.64,2121,1,Applicant follow-up needed
8180430,0609,2022-11-10,Student,168209,755,No,Yes,Approved,3411.00,5685,4,Referred by agent.
8180770,1342,2021-11-13,Unemployed,202008,,No,No,Denied,2673.60,4456,4,Co-signer pending review.
8181626,1178,2020-12-31,Contract,189006,735,Yes,Yes,Approved,1777.38,2693,3,Referred by agent.
8182400,0788,2023-06-04,Self-Employed,40877,652,Yes,Yes,Under Review,4475.52,5328,1,Co-signer pending review.
8182452,0146,2023-01-15,Unemployed,178582,441,Yes,No,Approved,1463.22,2217,2,Applicant provided pay stubs.
8183241,1581,2022-05-11,Retired,95155,760,No,Yes,Approved,634.92,814,5,docs expired
8184497,0202,2023-11-04,Unemployed,117221,841,No,No,Under Review,6024.72,7724,5,Flagged for manual review.
8188079,1251,20/02/2023,Contract,173838,742,No,No,Approved,5052.48,5263,2,n/a
8188706,0547,2024-09-17,Full-Time,100677,771,No,Yes,Denied,3318.90,4255,3,Missing bank statements.
8189249,1644,2021-05-01,Student,234181,373,No,No,Approved,1850.94,2373,5,N/A
8189576,0040,2023-12-18,Contract,18668,692,No,No,Approved,8672.04,11118,1,.
8189919,0319,2020-04-10,Retired,6968,614,No,No,Approved,1697.40,0,4,Co-signer pending review.
8192743,0625,2022-02-13,Retired,223333,304,Yes,No,Pending,2017.86,2587,4,
8193167,0260,2024-10-05,Retired,102694,N/A,No,No,Approved,2258.40,3764,4,Missing bank statements.
8193336,1339,2023-02-13,Full-Time,37677,768,No,Yes,Approved,1011.36,1204,3,
8194168,0145,2020-06-05,Student,25705,N/A,No,No,Denied,572.88,868,3,docs expired
8197528,1015,2020-12-30,Student,315949,682,No,Yes,Under Review,3423.60,5706,5,Renewal case.
8198127,0146,2022-09-02,Self-Employed,11126,671,No,Yes,Approved,1330.20,2217,5,income verified via Plaid
8198826,1148,2021-03-02,Self-Employed,167120,706,No,Yes,Denied,2029.44,2114,2,n/a
8199447,0483,2020-02-14,Part-Time,183610,670,No,No,Approved,1528.32,1592,1,Flagged for manual review.
8200459,1214,2020-04-01,Self-Employed,59052,771,Yes,Yes,Denied,812.16,846,2,n/a
8200927,0292,2022-09-10,Self-Employed,192786,639,No,Yes,Approved,805.56,959,1,Applicant provided pay stubs.
8201142,0773,2020-10-03,Part-Time,108273,678,No,Yes,Approved,3290.28,0,1,Missing bank statements.
8201303,0255,2023-07-26,Self-Employed,209920,724,Yes,No,Denied,3070.20,3655,3,Renewal case.
8201341,1066,2024-05-04,Self-Employed,244772,769,No,Yes,Approved,1303.80,2173,3,Flagged for manual review.
8203294,0778,2021-08-28,Contract,116902,727,No,Yes,Approved,1759.80,2095,2,N/A
8203886,1623,2021-03-28,Full-Time,177031,812,No,Yes,Denied,2559.00,4265,4,Co-signer pending review.
8204199,1508,2021-07-08,Full-Time,260131,N/A,No,No,Denied,5585.58,8463,2,.
8205963,0842,2020-10-21,Contract,89905,710,No,Yes,Pending,986.88,1028,5,Flagged for manual review.
8206239,0415,26/12/2023,Student,142477,698,No,No,Approved,854.28,1017,5,
8207276,1061,29/08/2024,Unemployed,955000,486,Yes,No,Approved,2879.52,3428,2,Renewal case.
8207490,1136,17/01/2023,Self-Employed,23272,709,Yes,No,Approved,2754.18,4173,2,Flagged for manual review.
8209244,1361,2023-02-07,Unemployed,134852,,No,Yes,Denied,1203.84,1824,2,Renewal case.
8210366,0906,2020-05-08,Self-Employed,92238,758,No,Yes,Withdrawn,5464.32,5692,4,n/a
8210456,0765,2024-09-07,Contract,104185,827,No,Yes,Denied,3472.92,5262,1,n/a
8213573,0472,,Unemployed,121316,763,No,No,Approved,975.60,0,2,docs expired
8217320,0961,2024-12-17,Unemployed,225134,731,No,Yes,Approved,1399.44,1666,3,
8218114,0313,24/07/2020,Full-Time,223304,772,No,No,Pending,2189.88,2607,4,.
8218140,0088,2022-10-13,Full-Time,121442,840,No,No,Approved,1528.80,1960,4,.
8218364,1134,2023-04-16,Contract,6382,600,Yes,Yes,Approved,3623.04,3774,3,n/a
8218541,0731,2022-05-14,Unemployed,85751,532,No,Yes,Withdrawn,1589.28,1892,1,Applicant follow-up needed
8219153,1199,2021-08-12,Unemployed,131989,750,No,No,Denied,3737.28,3893,4,Missing bank statements.
8219928,1787,2021-05-21,Retired,56445,764,No,Yes,Approved,2220.24,3364,4,Applicant provided pay stubs.
8223054,0420,2020-09-11,Full-Time,149423,536,No,No,Denied,3732.96,5656,5,
8223358,0494,2024-08-04,Part-Time,197112,707,No,No,Denied,3936.90,5965,3,N/A
8226646,1608,2023-08-16,Retired,69811,684,No,Yes,Denied,1725.00,2875,1,N/A
8226769,0045,2021-09-09,Retired,59707,,No,Yes,Denied,2571.24,3061,3,Referred by agent.
8227960,0465,2022-09-02,Student,146907,,Yes,Yes,Denied,1817.28,1893,1,docs expired
8228271,1182,2022-07-20,Self-Employed,195568,778,No,Yes,Approved,4110.96,4894,3,
8230862,0871,2022-05-16,Student,43167,799,No,Yes,Withdrawn,4035.84,4204,3,
8231193,0793,2023-06-09,Unemployed,206661,N/A,No,No,Approved,7218.90,9255,5,Renewal case.
8232128,0810,,Contract,318935,792,No,Yes,Approved,4016.40,6694,3,n/a
8232437,1334,2021-09-22,Student,33094,728,No,Yes,Approved,7081.80,11803,4,Applicant provided pay stubs.
8232580,1412,2023-07-28,Student,25245,613,No,No,Approved,1327.20,1580,3,N/A
8233693,0109,2021-12-16,Unemployed,37330,N/A,No,Yes,Approved,1076.40,1794,3,
8233814,1346,14/09/2022,Part-Time,133117,701,Yes,No,Approved,2551.38,3271,4,Applicant follow-up needed
8236481,0110,2023-06-24,Part-Time,181721,735,No,No,Under Review,1946.34,2949,4,income verified via Plaid
8236497,1568,2021-12-10,Contract,227616,773,No,No,Denied,4254.12,5454,2,Renewal case.
8237527,1044,2021-11-25,Unemployed,201632,624,No,Yes,Pending,7656.00,7975,1,Renewal case.
8237670,0970,2020-05-29,Student,242736,518,No,No,Approved,1807.08,0,4,income verified via Plaid
8238644,1420,2024-02-16,Retired,230270,837,No,Yes,Approved,3833.76,4564,2,Applicant provided pay stubs.
8239347,0220,2023-05-31,Contract,79990,,No,Yes,Approved,1270.80,2118,3,Renewal case.
8242279,1754,2024-03-06,Unemployed,226278,638,Yes,No,Under Review,4596.48,4788,5,income verified via Plaid
8242866,0006,2022-05-06,Unemployed,178301,706,No,No,Denied,2282.28,3458,2,N/A
8243321,0583,2023-02-18,Retired,104019,768,No,No,Approved,2106.60,3511,1,Renewal case.
8244025,1061,2020-06-29,Unemployed,124958,791,Yes,Yes,Approved,2056.80,3428,2,Renewal case.
8247097,1559,2023-01-12,Contract,57887,682,No,No,Pending,1264.38,1621,3,N/A
8247467,0651,2020-10-11,Student,33451,716,No,No,Approved,3226.08,4888,4,
8247986,0720,2021-12-03,Retired,72275,840,No,No,Denied,3959.34,5999,4,Co-signer pending review.
8248586,1517,2023-02-01,Full-Time,174299,837,No,Yes,Denied,1902.72,1982,5,n/a
8249109,0914,2023-08-13,Retired,24885,808,No,Yes,Approved,3882.84,4978,3,N/A
8249688,1015,2023-12-06,Self-Employed,166329,,Yes,Yes,Withdrawn,3765.96,5706,1,Applicant follow-up needed
8250808,0427,2020-08-17,Self-Employed,52122,346,No,No,Approved,1603.20,1670,4,Applicant follow-up needed
8253694,1422,2023-12-06,Student,236452,828,No,No,Denied,1360.20,2267,4,Referred by agent.
8255551,0665,2023-07-02,Full-Time,27511,829,No,No,Denied,2449.20,4082,5,Applicant follow-up needed
8256255,0229,2020-11-12,Contract,181371,781,No,Yes,Pending,2268.48,2363,1,Co-signer pending review.
8256707,1114,2023-08-24,Unemployed,39914,718,Yes,Yes,Approved,2419.56,3102,4,.
8259056,0825,2022-05-10,Full-Time,76016,708,No,Yes,Approved,1657.50,2125,3,Renewal case.
8259465,1124,2021-12-05,Unemployed,237239,,No,No,Approved,3227.28,3842,1,Renewal case.
8260471,0591,23/12/2023,Self-Employed,26633,,No,Yes,Approved,2314.80,3858,3,.
8260709,1251,2020-08-28,Retired,49842,,Yes,No,Denied,4105.14,5263,4,income verified via Plaid
8262226,1431,2021-10-13,Unemployed,216758,630,No,No,Approved,6000.06,9091,3,N/A
8263522,0596,2024-01-23,Self-Employed,98703,586,No,No,Approved,3513.60,3660,3,.
8265597,1061,,Retired,31810,590,No,Yes,Under Review,2879.52,3428,3,Applicant follow-up needed
8267923,0649,23/08/2024,Part-Time,149410,723,No,No,Denied,2212.56,2634,5,Co-signer pending review.
8267980,0268,,Full-Time,2452,664,No,Yes,Denied,4243.20,7072,4,Applicant follow-up needed
8269311,0841,2020-12-05,Student,30777,689,No,No,Approved,2335.32,2994,1,
8270543,0060,2023-09-11,Retired,201621,,No,No,Under Review,906.36,1162,2,Missing bank statements.
8272469,1277,2024-10-23,Contract,31549,731,No,Yes,Denied,1205.88,1546,3,Missing bank statements.
8273802,1015,2024-04-13,Part-Time,123692,678,No,Yes,Denied,4450.68,5706,3,income verified via Plaid
8273948,0380,,Unemployed,230158,,No,Yes,Denied,4376.40,5210,1,
8275292,0163,2023-02-10,Unemployed,119861,727,No,No,Approved,4807.68,5008,1,.
8277080,0014,2021-07-13,Contract,125542,,No,No,Approved,1430.22,2167,5,
8277749,0424,2023-03-05,Student,50170,,Yes,No,Pending,826.20,1377,4,Renewal case.
8277777,0799,2023-10-08,Unemployed,39087,739,Yes,Yes,Approved,2440.32,2542,3,.
8279804,1298,2021-06-08,Student,76681,731,No,Yes,Approved,804.00,1340,1,Renewal case.
8280691,1004,2020-11-01,Student,39202,811,No,Yes,Approved,5247.36,5466,2,
8281534,0827,2021-02-27,Contract,169588,732,No,No,Approved,4120.32,4292,1,n/a
8282090,1288,2022-03-29,Self-Employed,163271,335,No,No,Denied,1578.60,2631,3,Referred by agent.
8283923,0295,2023-03-07,Unemployed,82422,850,No,Yes,Denied,4067.70,5215,5,
8284946,1383,2020-04-22,Student,53306,747,No,Yes,Approved,1834.80,3058,2,Missing bank statements.
8288027,0085,2021-05-17,Contract,4986,764,No,No,Denied,1209.00,1550,2,docs expired
8288182,0675,2021-04-23,Contract,71998,754,Yes,No,Denied,3614.40,3765,2,.
8288249,1394,2020-05-29,Self-Employed,92034,324,No,No,Approved,1058.64,1604,3,
8288676,1212,18/08/2023,Full-Time,44029,649,No,No,Withdrawn,952.38,1443,2,Applicant provided pay stubs.
8289636,1089,2022-02-28,Self-Employed,30046,698,Yes,Yes,Approved,2103.36,0,3,n/a
8289660,0533,2020-12-01,Student,153918,,No,No,Pending,1836.60,3061,1,Applicant follow-up needed
8290276,0839,2021-08-09,Part-Time,105411,779,No,Yes,Approved,2830.74,4289,4,N/A
8291503,1665,,Contract,265031,815,No,Yes,Approved,4348.80,4530,5,.
8292837,0034,2023-12-18,Part-Time,83183,621,No,No,Pending,1374.72,1432,4,Applicant provided pay stubs.
8298498,1055,2023-07-05,Unemployed,178254,636,Yes,No,Approved,4598.10,5895,4,.
8299371,1477,2022-02-01,Full-Time,89575,746,No,Yes,Under Review,3955.20,4120,4,
8299903,0731,2023-01-07,Full-Time,147728,N/A,Yes,No,Approved,1248.72,1892,4,Referred by agent.
8303886,0244,2021-07-06,Part-Time,66729,721,No,No,Denied,1104.00,1840,4,Referred by agent.
8308511,0939,2020-08-02,Unemployed,154259,302,No,No,Approved,2304.96,2401,4,N/A
8308602,1747,2023-06-15,Unemployed,113300,676,Yes,Yes,Withdrawn,3888.72,5892,5,N/A
8311589,1569,2022-02-09,Part-Time,139335,708,No,No,Pending,1264.20,1505,5,Missing bank statements.
8314021,0821,2022-03-03,Self-Employed,213601,789,No,Yes,Withdrawn,2424.00,2525,3,Applicant follow-up needed
8316392,0291,2020-11-10,Full-Time,244286,707,No,Yes,Approved,1537.92,1602,3,Missing bank statements.
8316470,0784,2020-10-18,Part-Time,64337,586,No,Yes,Denied,2089.92,2488,5,
8316489,1595,2023-02-24,Full-Time,235225,696,No,Yes,Denied,2480.64,2584,2,.
8317230,0964,20/02/2022,Full-Time,315014,764,No,No,Pending,2556.00,4260,1,Applicant follow-up needed
8317668,0697,2022-01-24,Student,66557,467,Yes,Yes,Denied,1949.40,3249,1,Co-signer pending review.
8318347,1189,2023-11-26,Self-Employed,236664,782,No,No,Under Review,3594.36,4279,5,income verified via Plaid
8318832,1248,2022-06-04,Student,85196,603,Yes,No,Approved,8044.80,8380,2,Missing bank statements.
8325913,1193,2023-04-12,Self-Employed,87949,371,No,No,Approved,4678.08,4873,4,
8325986,0983,2020-10-21,Self-Employed,20264,729,No,Yes,Approved,6537.72,7783,3,N/A
8326180,1272,2021-02-12,Self-Employed,76940,,No,No,Denied,2762.88,2878,1,Referred by agent.
8327161,0682,2021-12-13,Part-Time,222468,658,No,Yes,Approved,5364.84,6878,2,Renewal case.
8328261,0089,,Full-Time,106707,,Yes,No,Approved,3073.92,3202,3,N/A
8331960,0031,2022-07-21,Part-Time,61960,697,No,No,Denied,2149.20,3582,2,Co-signer pending review.
8333869,1551,2020-01-16,Student,28051,801,No,Yes,Approved,3148.32,3748,2,n/a
8334466,0813,2024-10-16,Retired,41225,381,Yes,No,Denied,2227.20,0,2,Renewal case.
8334709,1240,2020-10-09,Student,216221,715,No,Yes,Pending,3936.66,5047,5,Missing bank statements.
8335561,0238,2022-06-13,Self-Employed,164937,777,Yes,No,Approved,9830.34,0,4,Flagged for manual review.
8336378,1469,21/08/2022,Self-Employed,97314,685,No,No,Denied,2145.78,2751,2,Flagged for manual review.
8339053,1166,,Full-Time,94013,626,No,No,Approved,1502.28,1926,5,.
8339638,1286,,Student,28620,795,No,Yes,Denied,1890.84,2251,3,
8340529,0436,30/04/2021,Part-Time,163233,314,No,Yes,Approved,3553.92,3702,5,Flagged for manual review.
8340759,1373,2020-12-27,Unemployed,124682,717,No,No,Denied,712.92,914,4,Applicant follow-up needed
8342837,1763,2023-07-25,Contract,177987,771,No,Yes,Pending,3847.14,5829,4,
8343297,1042,2023-05-12,Contract,240543,491,No,Yes,Denied,1824.42,2339,5,Flagged for manual review.
8343412,1457,2023-08-02,Full-Time,27103,749,No,Yes,Withdrawn,6823.32,8123,5,Applicant follow-up needed
8347191,0157,2023-09-21,Contract,245971,607,No,No,Denied,10625.28,11068,4,
8348625,1383,2021-10-14,Student,103510,706,Yes,No,Denied,2568.72,3058,1,docs expired
8350222,0138,2024-03-17,Full-Time,94248,765,No,Yes,Approved,2119.68,2208,4,N/A
8350253,1479,2020-01-03,Self-Employed,148684,787,No,No,Approved,1528.80,1960,2,
8350588,1635,2020-08-19,Self-Employed,23610,639,No,Yes,Approved,2803.80,4673,3,docs expired
8351588,1542,2022-10-03,Full-Time,106510,763,No,Yes,Withdrawn,699.72,0,2,income verified via Plaid
8352077,1564,2023-01-22,Student,88712,N/A,Yes,No,Approved,2233.20,3722,5,Co-signer pending review.
8358672,0095,2022-01-07,Unemployed,174345,720,Yes,No,Under Review,3456.60,5761,1,income verified via Plaid
8361358,1025,2020-05-18,Full-Time,185563,667,Yes,Yes,Approved,2778.00,4630,3,Renewal case.
8361835,1258,2020-05-31,Contract,268997,,No,Yes,Under Review,1644.48,1713,4,.
8362322,1335,2022-01-13,Contract,151400,830,No,No,Approved,4932.18,7473,5,
8363944,0816,16/12/2023,Unemployed,134881,712,No,Yes,Approved,1313.52,1684,5,Flagged for manual review.
8366712,0759,2021-11-12,Self-Employed,222358,739,No,No,Approved,5188.26,7861,2,N/A
8366735,0520,2020-09-16,Full-Time,170141,435,No,Yes,Pending,3752.58,4811,1,.
8369428,1732,2021-11-19,Self-Employed,289226,738,No,No,Pending,1106.82,1677,1,docs expired
8372871,0390,2024-01-02,Part-Time,47927,768,No,Yes,Under Review,975.36,1016,4,N/A
8373135,0724,2020-02-11,Unemployed,36831,384,No,No,Approved,1803.12,2732,4,.
8374229,1036,,Full-Time,101706,769,No,No,Approved,2556.06,3277,2,Renewal case.
8376540,0683,2021-06-09,Self-Employed,112499,719,No,Yes,Withdrawn,2144.22,2749,1,Renewal case.
8376661,1738,2022-08-23,Full-Time,245226,,No,Yes,Approved,1649.70,2115,4,
8381892,0870,15/09/2022,Unemployed,178708,,No,No,Denied,1198.20,1997,2,
8382500,0378,2023-05-16,Retired,155862,717,No,No,Pending,1255.98,1903,4,
8384981,1524,2023-03-26,Full-Time,157170,799,No,No,Approved,2352.00,2800,1,
8387500,0564,2020-02-14,Unemployed,91763,844,No,Yes,Approved,3112.80,5188,5,
8387905,0936,2024-01-03,Contract,196395,634,No,No,Approved,5255.04,6256,1,Co-signer pending review.
8388274,0001,2023-01-02,Retired,158011,452,No,Yes,Approved,816.96,851,5,Applicant provided pay stubs.
8388678,1572,2022-12-12,Part-Time,281645,,No,No,Withdrawn,4046.40,6744,1,income verified via Plaid
8390922,0801,2023-04-14,Retired,277226,648,Yes,Yes,Pending,3960.06,5077,1,.
8391340,0735,2021-05-12,Part-Time,61614,683,No,Yes,Denied,2759.04,2874,5,.
8391347,1591,,Retired,156190,775,No,No,Withdrawn,6994.56,7286,3,
8391680,0147,2023-03-24,Part-Time,183973,831,No,Yes,Withdrawn,3304.32,3442,3,Flagged for manual review.
8394257,1053,2021-11-27,Contract,182857,790,No,Yes,Denied,1804.44,2734,3,Applicant provided pay stubs.
8394500,1061,2024-10-02,Contract,13594,717,Yes,Yes,Denied,2262.48,3428,1,Applicant provided pay stubs.
8395667,0576,2024-03-16,Part-Time,212815,759,Yes,Yes,Under Review,1387.68,1652,2,Renewal case.
8399564,0134,2020-08-01,Self-Employed,153621,818,No,Yes,Under Review,3547.20,3695,4,
8400210,1432,2021-01-25,Contract,120406,787,No,Yes,Denied,5827.20,6070,1,Referred by agent.
8400284,1100,2023-08-14,Student,214671,491,No,No,Denied,2586.48,3316,5,Flagged for manual review.
8401984,0752,,Student,233115,771,No,Yes,Pending,3303.36,3441,1,
8402049,1652,2021-05-18,Retired,119444,774,No,Yes,Approved,1491.84,1554,4,Applicant follow-up needed
8402174,1671,2020-05-23,Full-Time,25038,715,Yes,Yes,Pending,2344.80,3908,3,
8402604,1056,2024-07-04,Self-Employed,177908,707,No,Yes,Approved,965.16,1149,4,
8403126,0405,2022-12-09,Self-Employed,35256,677,No,Yes,Approved,1410.42,0,5,docs expired
8403129,0611,20/11/2021,Retired,132120,N/A,No,Yes,Denied,3451.56,4109,4,Co-signer pending review.
8403592,0070,2024-01-04,Student,83358,843,No,Yes,Approved,1469.76,1531,4,income verified via Plaid
8403621,1373,2021-10-18,Self-Employed,124880,,Yes,Yes,Approved,767.76,914,1,Co-signer pending review.
8403937,1247,2023-08-05,Contract,172670,605,No,No,Pending,3239.94,4909,1,n/a
8404340,1520,2021-08-02,Retired,261506,685,No,Yes,Pending,2190.72,2608,5,Co-signer pending review.
8404576,0897,19/06/2024,Part-Time,167968,617,No,Yes,Denied,1322.88,1378,5,Co-signer pending review.
8406116,1222,2022-12-12,Full-Time,1923,420,No,Yes,Pending,2532.66,3247,4,.
8408222,0987,,Self-Employed,150801,602,Yes,Yes,Pending,3391.80,5653,3,
8408682,1465,2023-10-08,Retired,89203,673,No,No,Approved,2572.80,2680,5,Co-signer pending review.
8410429,0463,2024-11-08,Full-Time,79864,,No,No,Approved,2160.00,3600,4,Applicant provided pay stubs.
8411981,0831,2022-08-13,Unemployed,144586,817,Yes,No,Approved,1471.80,2230,5,Renewal case.
8414169,1713,2022-10-27,Full-Time,111530,679,Yes,No,Under Review,5485.92,8312,5,Renewal case.
8415517,0452,22/04/2024,Contract,27459,692,No,No,Denied,4294.08,4473,5,
8415839,0271,2023-12-11,Full-Time,239374,637,No,Yes,Denied,7805.76,8131,5,Referred by agent.
8417350,0537,2021-06-01,Self-Employed,45917,750,No,No,Approved,3531.06,4527,1,Renewal case.
8417563,1403,2022-05-04,Unemployed,202326,638,No,Yes,Approved,2130.24,2536,1,Renewal case.
8418533,0104,2024-08-28,Part-Time,96166,311,Yes,No,Denied,3096.00,3225,3,n/a
8418755,1240,2024-07-01,Part-Time,234278,715,No,No,Denied,3331.02,5047,2,Applicant follow-up needed
8419971,0756,2020-08-19,Student,31463,748,Yes,No,Approved,1314.24,1369,3,Flagged for manual review.
8422955,1228,2022-06-09,Unemployed,43136,741,No,Yes,Pending,739.20,1120,1,.
8426849,0183,2021-03-10,Student,46905,439,No,No,Approved,7383.36,7691,2,Applicant provided pay stubs.
8428145,0922,2024-09-25,Retired,297203,668,No,Yes,Pending,997.62,1279,3,Applicant follow-up needed
8428177,1254,2022-09-08,Part-Time,227320,766,No,No,Withdrawn,4593.60,4785,3,
8428326,1385,2020-06-24,Retired,233712,759,No,Yes,Approved,865.20,1442,2,Referred by agent.
8428694,0399,26/03/2020,Contract,18816,673,No,Yes,Approved,1786.68,2127,3,
8429718,0344,17/08/2021,Retired,137512,714,Yes,Yes,Approved,4010.16,4774,4,income verified via Plaid
8429865,0162,,Contract,130542,671,No,No,Approved,784.74,0,2,Applicant follow-up needed
8429985,1322,2021-09-22,Self-Employed,2939,753,No,No,Withdrawn,2881.32,3694,5,n/a
8430522,1522,23/11/2021,Part-Time,223422,616,No,Yes,Approved,3714.24,3869,4,n/a
8430811,1572,2021-08-12,Self-Employed,47759,800,Yes,No,Denied,4451.04,6744,2,N/A
8431038,0229,2021-05-12,Full-Time,30086,831,No,Yes,Approved,2268.48,2363,1,docs expired
8431110,0875,2022-03-23,Part-Time,148672,802,No,No,Approved,4254.90,5455,3,n/a
8432989,1587,,Unemployed,135787,714,No,No,Approved,3171.84,3776,3,Applicant provided pay stubs.
8433089,0252,2023-12-19,Student,179860,714,No,Yes,Under Review,1584.00,1650,2,
8433288,1624,2023-11-19,Contract,218565,716,No,Yes,Denied,3898.56,0,2,Flagged for manual review.
8433525,0256,2022-06-03,Part-Time,228280,522,No,No,Approved,2154.24,2244,3,
8434396,1283,28/05/2023,Full-Time,54024,687,No,No,Denied,7001.94,10609,2,Applicant follow-up needed
8438036,1541,2024-04-22,Part-Time,238911,547,Yes,No,Approved,3978.00,6630,5,
8441869,1635,2021-04-03,Full-Time,222170,801,No,Yes,Approved,3084.18,4673,3,Applicant follow-up needed
8442407,1517,2020-10-30,Contract,193988,,Yes,Yes,Pending,1664.88,1982,3,Missing bank statements.
8442682,0380,28/10/2022,Contract,45130,719,Yes,Yes,Approved,4376.40,5210,5,
8442940,1189,18/03/2024,Full-Time,65104,N/A,Yes,No,Approved,3337.62,4279,2,Renewal case.
8447580,1248,2020-12-21,Retired,109520,745,No,Yes,Approved,5530.80,8380,1,Applicant follow-up needed
8448752,1619,2021-10-28,Part-Time,94069,638,No,Yes,Approved,1839.36,1916,5,
8449476,1589,2022-03-11,Unemployed,246868,598,No,Yes,Under Review,1892.88,2868,3,Referred by agent.
8452308,0522,17/05/2024,Self-Employed,72091,849,No,No,Approved,591.00,985,4,Missing bank statements.
8453241,0216,2021-12-24,Self-Employed,100258,737,Yes,No,Under Review,1417.08,1687,1,Renewal case.
8454527,0948,2023-08-08,Retired,185900,,No,No,Approved,3546.18,5373,5,Flagged for manual review.
8457331,0907,2020-07-18,Part-Time,157034,672,No,Yes,Under Review,1308.78,1983,5,Missing bank statements.
8458516,1568,2022-12-24,Unemployed,208617,626,Yes,Yes,Approved,3599.64,5454,1,
8460878,0980,2022-03-09,Part-Time,206650,674,No,No,Withdrawn,1291.68,1656,1,Co-signer pending review.
8462456,0709,2021-01-23,Unemployed,87472,672,No,Yes,Denied,1470.30,1885,5,Applicant provided pay stubs.
8463842,1724,2020-05-13,Retired,53238,419,Yes,No,Denied,568.26,861,2,Applicant provided pay stubs.
8464410,0738,2020-09-27,Full-Time,237817,783,Yes,No,Under Review,2482.20,4137,4,N/A
8465029,0027,2020-11-14,Student,162575,791,No,Yes,Denied,925.20,1542,2,Missing bank statements.
8466204,0786,2020-01-22,Contract,184429,700,No,No,Approved,1992.48,2372,4,Flagged for manual review.
8468337,1501,2021-04-20,Contract,67097,794,No,No,Denied,751.20,1252,2,Renewal case.
8468549,0346,2024-11-05,Full-Time,203263,654,No,No,Approved,3116.88,3996,5,docs expired
8468594,0376,29/09/2021,Full-Time,145507,738,No,No,Denied,1750.80,2918,3,Co-signer pending review.
8468693,1372,2023-10-21,Unemployed,60494,690,Yes,No,Withdrawn,537.24,814,1,Co-signer pending review.
8469955,0909,2020-01-06,Part-Time,161153,693,No,Yes,Approved,1181.76,1231,2,Applicant follow-up needed
8472314,0163,2023-06-06,Student,34559,768,No,Yes,Pending,3004.80,5008,5,income verified via Plaid
8472432,1407,2020-06-24,Part-Time,104320,737,No,Yes,Under Review,2155.14,2763,5,n/a
8473216,1507,2021-10-27,Full-Time,10072,759,No,No,Approved,2319.72,2974,4,n/a
8474463,1769,2022-08-31,Unemployed,22841,531,No,Yes,Approved,5800.86,7437,1,
8476097,0099,2021-02-21,Retired,203864,,No,No,Denied,3066.24,3194,1,Applicant follow-up needed
8478502,0353,2021-06-28,Unemployed,172788,539,No,Yes,Approved,2350.08,2448,4,docs expired
8479105,1708,22/05/2024,Retired,154680,807,No,No,Pending,1855.80,3093,3,Renewal case.
8480163,0578,2022-01-29,Contract,119650,585,No,No,Pending,2513.94,3809,2,Renewal case.
8480719,1448,23/09/2021,Contract,57314,613,No,Yes,Approved,2422.56,2884,2,Renewal case.
8480807,1521,2023-08-02,Self-Employed,109145,332,Yes,Yes,Pending,2365.20,3942,2,Applicant provided pay stubs.
8481871,0197,2023-05-11,Contract,140075,773,No,No,Pending,3750.78,5683,1,
8481893,0649,2020-05-27,Self-Employed,99577,789,No,No,Pending,2212.56,2634,2,Missing bank statements.
8484121,1336,,Unemployed,214665,645,No,No,Denied,2306.04,3494,2,docs expired
8484450,1726,2021-05-19,Full-Time,39040,664,No,Yes,Approved,2356.20,3570,1,Referred by agent.
8485888,0039,2024-03-10,Contract,18514,674,No,Yes,Withdrawn,2772.84,0,5,Referred by agent.
8486598,0533,2020-06-05,Student,246355,,No,No,Approved,2571.24,3061,2,Referred by agent.
8487440,0344,20/09/2024,Part-Time,190791,761,Yes,Yes,Denied,4583.04,4774,4,
8488847,1637,2021-10-04,Self-Employed,28883,655,Yes,Yes,Approved,2810.40,4684,2,Renewal case.
8490961,1071,2022-08-24,Part-Time,112916,714,Yes,Yes,Pending,2677.74,3433,4,Flagged for manual review.
8492702,0572,2024-10-28,Full-Time,39326,,No,Yes,Denied,1248.00,1300,2,Referred by agent.
8494044,0338,2021-05-09,Self-Employed,191099,794,No,No,Approved,2818.86,4271,1,Applicant provided pay stubs.
8495164,1617,2022-10-17,Part-Time,223632,685,No,No,Withdrawn,684.60,815,1,docs expired
8497399,1269,16/08/2020,Contract,6909,658,No,No,Approved,2285.76,2381,1,N/A
8499395,0885,2023-02-07,Full-Time,224271,371,No,Yes,Denied,1566.60,1865,4,Missing bank statements.
8500383,1679,2020-05-20,Contract,117254,760,No,No,Approved,2660.40,4434,4,Renewal case.
8502418,0923,2020-09-15,Part-Time,115739,774,Yes,No,Approved,3050.04,3631,3,Co-signer pending review.
8503766,0282,2022-06-01,Unemployed,128849,463,No,Yes,Withdrawn,1065.12,1268,3,Flagged for manual review.
8505186,0525,2022-03-12,Student,217774,836,Yes,No,Under Review,1839.60,2190,1,N/A
8507698,0667,19/06/2023,Self-Employed,106395,622,No,Yes,Denied,1671.12,2532,4,Applicant provided pay stubs.
8509955,0759,2020-02-12,Part-Time,214553,632,No,No,Withdrawn,7546.56,7861,4,Co-signer pending review.
8511190,0533,2022-01-06,Self-Employed,114006,484,No,Yes,Denied,2020.26,3061,5,docs expired
8512773,0817,2022-04-30,Retired,107590,802,No,Yes,Denied,3616.08,0,3,Referred by agent.
8513221,0148,2024-04-15,Student,131484,677,No,Yes,Withdrawn,643.50,975,1,Applicant follow-up needed
8513391,1374,2022-11-27,Student,162672,743,No,No,Approved,2925.78,3751,2,Referred by agent.
8513650,0049,2020-10-07,Self-Employed,23573,824,Yes,No,Approved,2899.26,3717,3,income verified via Plaid
8518640,1213,2020-04-19,Part-Time,5758,718,No,No,Pending,3821.22,4899,5,Missing bank statements.
8520076,1659,2024-12-03,Unemployed,184748,794,No,No,Approved,2815.68,2933,1,.
8520343,0214,2024-02-23,Contract,183634,700,No,No,Approved,4009.92,4177,5,income verified via Plaid
8520471,0654,17/02/2024,Student,183600,787,No,Yes,Denied,2040.72,3092,3,Missing bank statements.
8520808,1041,2023-11-25,Unemployed,90358,354,No,Yes,Approved,1825.20,3042,4,n/a
8520870,1005,2023-09-24,Part-Time,279012,773,No,No,Approved,946.14,1213,1,
8521087,1362,2021-09-06,Unemployed,190729,,No,No,Denied,3793.92,3952,1,Co-signer pending review.
8522428,0958,2023-10-01,Contract,60053,N/A,No,No,Denied,1592.58,2413,3,N/A
8522887,1670,2024-02-13,Full-Time,3920,770,No,No,Approved,3963.96,6006,3,Renewal case.
8523959,0158,2023-01-07,Self-Employed,23465,680,No,Yes,Under Review,1204.80,1255,5,Referred by agent.
8525164,0869,2020-08-22,Contract,228100,711,Yes,Yes,Approved,1384.50,1775,3,N/A
8525664,1628,30/10/2020,Part-Time,210616,634,No,No,Approved,5648.64,5884,2,docs expired
8530451,0107,2020-06-11,Retired,103759,762,No,No,Approved,2588.82,3319,5,Applicant follow-up needed
8530479,0779,2023-07-07,Student,165092,820,No,No,Denied,5349.30,8105,2,docs expired
8530678,0919,2022-11-06,Full-Time,51200,589,No,Yes,Denied,552.60,921,1,Co-signer pending review.
8531373,1415,2024-07-13,Unemployed,161612,757,No,No,Approved,2205.00,3675,1,n/a
8531595,0856,2023-11-24,Full-Time,229143,750,No,Yes,Pending,711.48,847,1,Co-signer pending review.
8531601,1131,2024-12-08,Full-Time,58884,632,No,Yes,Approved,1002.60,0,3,docs expired
8531669,1447,,Student,183227,705,No,No,Approved,721.80,1203,2,
8532372,1554,2020-10-30,Unemployed,149333,734,No,No,Withdrawn,1187.52,1237,4,N/A
8532441,1695,2023-01-19,Unemployed,171203,669,No,No,Approved,3975.66,5097,4,
8533606,0117,31/03/2020,Part-Time,181177,,No,No,Approved,1776.06,2691,5,N/A
8533758,0481,2023-12-08,Contract,238987,781,No,No,Approved,1105.80,1843,3,.
8533966,1250,2023-05-06,Unemployed,172560,675,Yes,No,Approved,3193.68,3802,4,Missing bank statements.
8534382,1076,27/06/2020,Unemployed,97786,787,No,Yes,Approved,2839.68,2958,4,Co-signer pending review.
8535858,0634,26/06/2021,Retired,89602,606,No,No,Pending,1118.52,1434,5,.
8538806,0281,2020-04-08,Contract,25602,612,Yes,Yes,Pending,2301.60,2740,3,Renewal case.
8539707,0056,2024-10-06,Student,29280,701,No,Yes,Approved,3296.16,3924,5,
8540570,1699,2022-07-10,Retired,134050,,Yes,No,Withdrawn,1266.72,1508,1,Co-signer pending review.
8540815,0557,2021-09-06,Retired,199249,766,No,Yes,Approved,2774.46,3557,3,Flagged for manual review.
8541522,0319,13/09/2020,Contract,241273,829,Yes,No,Denied,2206.62,2829,4,docs expired
8544774,1092,2020-04-02,Part-Time,132779,836,Yes,Yes,Approved,4771.20,7952,2,income verified via Plaid
8546610,0950,2023-12-09,Self-Employed,18825,700,No,No,Denied,3227.64,4138,2,n/a
8547316,1479,,Unemployed,104579,690,No,No,Pending,1881.60,1960,4,Co-signer pending review.
8547373,0439,2020-01-16,Self-Employed,75848,706,No,Yes,Approved,1165.20,1942,2,N/A
8547676,1747,2020-11-09,Contract,237106,772,No,Yes,Under Review,3535.20,0,5,income verified via Plaid
8547980,0788,2021-09-30,Contract,86905,779,No,Yes,Denied,3516.48,5328,4,n/a
8548350,0759,2023-12-13,Student,266756,647,No,No,Denied,6131.58,0,4,n/a
8548779,0145,2020-01-29,Self-Employed,58316,623,No,No,Approved,520.80,868,1,n/a
8548882,1174,2020-12-14,Full-Time,159025,707,No,Yes,Approved,2610.24,2719,3,income verified via Plaid
8550701,1398,19/09/2023,Full-Time,26362,746,Yes,Yes,Under Review,2805.12,2922,1,n/a
8550759,1014,2022-03-30,Contract,153208,342,No,Yes,Denied,5787.60,7420,4,Applicant follow-up needed
8551187,0539,2022-11-04,Retired,184491,796,Yes,Yes,Pending,3811.08,4537,2,income verified via Plaid
8551853,1191,2024-04-20,Unemployed,157323,718,No,Yes,Pending,978.12,1254,1,Renewal case.
8553080,0013,2021-12-09,Contract,177111,788,No,No,Approved,2935.80,3495,1,Applicant provided pay stubs.
8555892,1374,2023-10-13,Student,35838,442,No,Yes,Pending,2925.78,3751,2,Referred by agent.
8556239,0774,2022-12-09,Part-Time,146420,667,No,No,Denied,2599.74,3939,5,Referred by agent.
8561918,0856,2020-11-24,Retired,17823,716,No,Yes,Under Review,711.48,847,4,Missing bank statements.
8562347,1232,,Full-Time,27924,N/A,No,Yes,Withdrawn,1713.60,0,3,Referred by agent.
8563660,0477,2020-09-06,Retired,124531,671,No,Yes,Denied,762.96,1156,3,income verified via Plaid
8564488,1471,,Full-Time,38282,760,No,No,Pending,3049.20,4620,3,docs expired
8566781,0892,2022-01-31,Part-Time,102752,642,Yes,Yes,Denied,3170.88,3303,1,N/A
8567922,1616,2022-03-25,Student,45818,446,Yes,No,Approved,3034.80,5058,4,n/a
8568164,0654,2023-03-02,Retired,36120,751,Yes,Yes,Approved,1855.20,3092,1,Co-signer pending review.
8568319,1414,2023-07-13,Self-Employed,52847,791,No,Yes,Approved,1072.68,1277,4,Co-signer pending review.
8568438,1202,19/06/2020,Unemployed,27095,752,No,Yes,Approved,2020.98,2591,4,Applicant provided pay stubs.
8568729,0621,2024-08-19,Part-Time,128137,789,No,No,Approved,3648.00,6080,4,Referred by agent.
8568914,1702,2021-05-08,Self-Employed,54439,714,No,Yes,Approved,1351.80,2253,4,Flagged for manual review.
8570854,0860,2023-12-01,Unemployed,177235,829,No,Yes,Approved,2828.28,3367,3,
8573668,0511,2022-01-06,Full-Time,321634,730,No,No,Approved,3795.66,5751,4,income verified via Plaid
8573676,1197,2020-09-17,Contract,60379,781,No,No,Pending,1520.64,2304,1,Co-signer pending review.
8573803,1072,2020-11-21,Part-Time,40906,763,No,Yes,Withdrawn,599.28,908,1,Applicant provided pay stubs.
8574248,0275,2022-06-17,Part-Time,182341,711,No,Yes,Denied,1108.80,1680,3,Flagged for manual review.
8575381,1096,2022-12-09,Full-Time,61508,645,No,No,Under Review,1976.52,2534,2,income verified via Plaid
8576628,1527,2022-06-17,Part-Time,105850,832,No,Yes,Denied,929.76,0,1,income verified via Plaid
8576705,0177,2020-02-03,Contract,135984,740,Yes,No,Approved,1037.52,1572,3,docs expired
8577184,1527,2024-12-26,Student,7806,614,No,No,Approved,786.72,1192,5,Co-signer pending review.
8578105,0106,2021-04-14,Unemployed,89871,590,Yes,No,Pending,3377.40,4330,1,.
8578892,1147,17/11/2020,Unemployed,209186,647,Yes,Yes,Approved,2218.20,3697,1,income verified via Plaid
8581015,0228,2023-01-14,Full-Time,156941,645,Yes,No,Denied,793.80,1323,1,.
8582130,1519,28/04/2022,Part-Time,122332,848,No,No,Approved,1684.20,2005,1,.
8583143,1183,2023-04-07,Unemployed,9242,768,No,Yes,Approved,1949.64,2954,2,Applicant follow-up needed
8583837,0934,2023-04-20,Full-Time,112164,725,No,No,Approved,1433.64,1838,1,income verified via Plaid
8584748,0866,2022-04-18,Unemployed,131448,481,No,No,Denied,2079.00,2475,5,Co-signer pending review.
8584854,0757,2024-11-27,Retired,170340,815,No,Yes,Pending,1780.20,2967,3,Renewal case.
8589945,1628,2022-05-03,Self-Employed,1599,717,Yes,Yes,Approved,5648.64,5884,5,Applicant follow-up needed
8590717,0993,2024-03-20,Contract,87285,751,No,No,Denied,866.04,1031,4,docs expired
8591886,1603,2021-06-19,Part-Time,237970,689,No,No,Approved,2072.40,3454,5,docs expired
8593772,1453,2024-09-24,Student,247962,333,Yes,Yes,Approved,2337.66,2997,1,.
8596495,1246,,Student,106842,734,No,No,Denied,1504.14,2279,4,docs expired
8599246,0248,2023-01-07,Contract,96076,759,No,No,Approved,792.48,1016,1,Applicant follow-up needed
8599797,1449,2020-02-23,Student,47754,702,Yes,Yes,Denied,1465.80,2443,2,
8600545,0624,2020-03-26,Part-Time,52746,,Yes,No,Approved,3045.90,3905,4,income verified via Plaid
8600688,0691,2022-11-18,Self-Employed,231825,746,No,Yes,Pending,1501.80,0,2,
8600731,1505,16/06/2024,Student,125506,688,No,Yes,Approved,2253.90,3415,3,Referred by agent.
8601147,0425,2023-05-10,Retired,42258,586,No,No,Approved,1254.24,1608,4,income verified via Plaid
8602132,0177,,Part-Time,86720,689,Yes,Yes,Approved,943.20,1572,1,N/A
8604137,0964,2022-03-15,Retired,65278,759,No,No,Approved,3322.80,4260,2,Missing bank statements.
8607232,1036,2021-08-07,Contract,44214,798,No,No,Denied,3145.92,3277,3,Flagged for manual review.
8607715,0994,2022-07-12,Self-Employed,136671,428,Yes,No,Approved,1428.00,1700,1,Applicant follow-up needed
8608201,0701,,Contract,130754,827,No,No,Approved,1118.04,1331,4,n/a
8608692,0610,2024-11-05,Self-Employed,146006,654,Yes,No,Under Review,1817.76,2164,1,.
8609035,0367,,Student,47960,818,No,Yes,Approved,1216.20,2027,5,Co-signer pending review.
8610928,0353,2024-06-08,Full-Time,95154,655,Yes,Yes,Denied,2056.32,2448,4,docs expired
8612758,0385,2022-09-10,Retired,115250,756,Yes,No,Approved,4868.16,5071,5,.
8615048,0657,2020-12-20,Unemployed,245084,716,No,Yes,Under Review,1482.00,1900,5,Flagged for manual review.
8616062,1140,2024-08-20,Unemployed,77232,689,No,No,Approved,2161.38,2771,4,Referred by agent.
8616594,0306,2022-02-07,Part-Time,16069,803,No,No,Approved,2073.24,2658,1,Renewal case.
8618327,1164,2024-04-09,Contract,12842,715,No,No,Approved,2071.80,3453,4,Co-signer pending review.
8619546,0587,2021-01-28,Retired,195592,334,No,No,Withdrawn,3402.00,5670,5,
8621974,1497,2023-12-23,Retired,119168,,No,Yes,Denied,1282.20,2137,4,Referred by agent.
8622308,1065,2021-12-04,Student,585000,,No,No,Pending,1255.32,1902,3,N/A
8622801,0390,2020-03-18,Self-Employed,180473,303,Yes,No,Denied,853.44,1016,5,Renewal case.
8623525,1651,2023-11-30,Unemployed,61076,778,Yes,No,Approved,1968.12,2982,2,Flagged for manual review.
8623810,0831,2021-03-20,Contract,96889,833,No,No,Under Review,1338.00,2230,5,Applicant provided pay stubs.
8625578,1721,,Retired,35954,,No,Yes,Pending,800.58,1213,3,N/A
8629306,0899,2021-03-05,Self-Employed,155305,781,No,No,Pending,1107.48,1678,1,Renewal case.
8631893,0522,2021-04-10,Contract,29531,770,No,No,Approved,650.10,985,5,N/A
8632489,0740,2023-06-18,Full-Time,13803,733,No,No,Approved,2262.12,2693,3,Co-signer pending review.
8633963,1588,2024-08-13,Unemployed,130180,758,No,Yes,Approved,9903.60,11790,5,.
8634874,0127,2023-12-29,Self-Employed,144391,321,No,Yes,Under Review,1086.12,1293,5,Co-signer pending review.
8634994,1450,2022-12-09,Self-Employed,58607,839,No,Yes,Pending,693.00,1050,3,N/A
8636289,1656,23/02/2024,Contract,149116,751,Yes,No,Approved,2523.84,0,1,Renewal case.
8638363,0105,2020-12-05,Unemployed,136087,673,No,Yes,Pending,3771.24,5714,3,Applicant follow-up needed
8638437,0534,2022-06-08,Part-Time,79334,838,No,Yes,Pending,2857.92,2977,3,
8638674,0903,28/03/2021,Retired,109087,678,No,No,Approved,3716.16,4424,1,Applicant follow-up needed
8639785,1641,2020-11-17,Contract,266658,713,No,Yes,Under Review,4741.62,6079,2,docs expired
8645191,1119,2020-03-01,Contract,179740,700,No,No,Pending,3144.96,3276,4,
8646552,0693,,Full-Time,35610,617,No,No,Approved,2152.80,3588,1,Referred by agent.
8648235,0678,2021-11-05,Retired,48873,786,No,Yes,Denied,782.34,1003,4,Applicant follow-up needed
8649195,1628,2023-10-03,Unemployed,151645,799,No,Yes,Approved,5648.64,5884,2,
8650817,0660,2024-09-16,Student,137096,840,Yes,No,Approved,2090.22,0,4,docs expired
8652103,0935,2021-10-12,Unemployed,140543,752,No,Yes,Approved,3662.40,3815,3,Referred by agent.
8652584,0376,2024-11-11,Contract,67980,,No,No,Denied,1750.80,2918,2,Missing bank statements.
8652995,1774,2021-06-22,Full-Time,234212,726,Yes,Yes,Approved,1272.60,1515,5,Flagged for manual review.
8653316,1005,2020-08-08,Self-Employed,187162,571,No,No,Denied,800.58,1213,3,Flagged for manual review.
8653719,1680,2022-01-23,Unemployed,250536,679,Yes,No,Denied,2176.68,3298,3,Co-signer pending review.
8654746,0226,2022-12-23,Part-Time,242889,669,No,No,Approved,1019.70,1545,5,income verified via Plaid
8656349,1223,2023-08-02,Self-Employed,128231,688,No,Yes,Approved,3962.28,4717,2,
8658910,0915,2021-11-11,Student,63535,512,No,Yes,Approved,3711.12,0,3,N/A
8659290,0508,2020-10-27,Full-Time,31961,676,No,No,Withdrawn,647.40,830,1,
8659411,0719,2022-02-05,Full-Time,24481,586,No,Yes,Denied,4767.00,7945,2,n/a
8661018,1544,19/05/2020,Part-Time,127480,736,Yes,No,Denied,2325.00,3875,5,Missing bank statements.
8664039,1533,2024-11-22,Unemployed,215961,772,Yes,No,Approved,5454.96,6494,4,
8664743,1098,2023-10-18,Student,132569,773,No,Yes,Pending,3255.84,3876,2,Applicant provided pay stubs.
8665127,1336,2020-09-10,Full-Time,137292,783,Yes,No,Approved,2934.96,3494,1,Missing bank statements.
8669463,1786,2022-02-11,Full-Time,165853,661,No,Yes,Denied,1046.76,1342,4,Applicant provided pay stubs.
8674397,0246,13/04/2021,Student,146181,667,No,No,Pending,4375.56,5209,1,Missing bank statements.
8675885,0893,2024-08-08,Contract,203295,673,No,Yes,Denied,3288.60,3915,1,docs expired
8675953,0004,2023-07-28,Contract,78474,,No,No,Denied,1350.18,1731,5,docs expired
8678046,0750,2022-01-25,Full-Time,33355,813,No,Yes,Approved,2341.20,3902,3,docs expired
8678116,1537,2024-02-22,Self-Employed,126753,724,No,No,Denied,2391.48,2847,3,Applicant provided pay stubs.
8682663,1533,2021-06-23,Retired,40467,717,No,No,Pending,6234.24,6494,4,docs expired
8683282,1438,2024-12-03,Retired,168611,733,No,No,Under Review,2830.80,3370,3,
8689962,0907,2023-08-14,Unemployed,97897,706,No,Yes,Approved,1546.74,1983,4,Applicant provided pay stubs.
8692494,0013,2022-12-21,Self-Employed,118895,350,Yes,Yes,Approved,2097.00,3495,3,Applicant provided pay stubs.
8692664,0355,,Self-Employed,210609,664,Yes,No,Denied,7762.56,8086,1,N/A
8692963,0732,2021-08-17,Contract,294000,688,No,No,Approved,2303.04,2399,3,Applicant provided pay stubs.
8693396,1569,2021-05-29,Unemployed,37384,349,No,No,Approved,1264.20,1505,3,Renewal case.
8694101,1464,2024-04-09,Retired,243086,765,No,No,Approved,3600.00,3750,3,n/a
8695505,1230,2021-07-06,Unemployed,213484,838,No,No,Withdrawn,2021.76,2592,2,.
8700391,0793,2021-01-28,Retired,250034,745,No,No,Approved,7774.20,9255,4,N/A
8704264,0284,2023-03-05,Self-Employed,46105,N/A,No,Yes,Pending,2152.92,2563,4,Referred by agent.
8705747,0295,18/12/2021,Contract,53074,707,No,Yes,Approved,4067.70,5215,3,Co-signer pending review.
8706607,0102,2024-10-16,Student,142320,750,Yes,Yes,Approved,1909.38,2893,4,n/a
8708563,0877,2020-08-06,Retired,177100,775,No,Yes,Pending,3312.66,4247,3,N/A
8709639,1420,2023-09-09,Student,184822,666,No,Yes,Approved,3012.24,4564,1,Co-signer pending review.
8710529,1004,2023-10-06,Self-Employed,214600,815,No,No,Pending,5247.36,5466,2,
8713957,1140,2022-12-31,Part-Time,88937,791,No,Yes,Under Review,2327.64,2771,4,docs expired
8714451,0260,2021-01-02,Contract,237619,754,No,Yes,Withdrawn,2258.40,3764,5,
8715742,1045,2023-08-15,Unemployed,2998,398,No,Yes,Under Review,4365.12,4547,2,.
8718926,1703,2022-12-11,Self-Employed,194000,624,No,No,Under Review,8231.52,12472,1,Flagged for manual review.
8720935,0595,2024-08-04,Full-Time,189507,690,Yes,No,Denied,1994.40,3324,5,Referred by agent.
8721756,0039,2020-03-21,Student,20512,629,No,No,Under Review,2772.84,3301,4,docs expired
8723634,0265,2022-08-14,Contract,94731,596,Yes,No,Pending,952.20,1587,4,Co-signer pending review.
8730050,0745,2020-02-05,Part-Time,221904,784,No,No,Under Review,4396.56,5234,4,.
8731969,1200,2021-02-02,Full-Time,75207,613,No,No,Approved,1429.56,2166,3,
8732158,1563,2022-04-08,Student,86109,593,Yes,No,Approved,1729.20,2882,2,Flagged for manual review.
8732321,1728,2024-07-27,Student,69888,774,No,No,Denied,7088.64,7384,5,Missing bank statements.
8734523,0510,2021-11-09,Full-Time,61509,,No,No,Approved,1519.44,1948,2,income verified via Plaid
8735430,1691,2024-05-10,Full-Time,242218,710,No,No,Pending,1142.40,1904,5,
8735579,0315,2023-07-13,Self-Employed,245560,798,Yes,No,Under Review,656.70,995,5,Applicant follow-up needed
8736651,1037,2023-10-12,Retired,76516,,No,No,Approved,2631.72,3133,2,
8737626,1707,2023-10-13,Full-Time,224034,731,No,No,Approved,4648.80,5960,5,Missing bank statements.
8739620,1631,2022-08-04,Full-Time,243010,685,No,Yes,Approved,3417.96,4069,5,Referred by agent.
8740980,0968,2021-12-09,Student,30319,789,No,No,Approved,2749.32,3273,1,.
8743271,1729,2023-04-21,Contract,136015,762,Yes,No,Denied,646.62,829,5,.
8743704,0726,2021-05-10,Self-Employed,105167,788,No,No,Approved,1597.68,1902,1,Applicant follow-up needed
8746033,0223,2021-06-14,Student,81032,398,No,Yes,Approved,4753.56,5659,5,Applicant provided pay stubs.
8746590,0831,2021-12-15,Unemployed,164694,694,No,Yes,Under Review,1873.20,2230,4,Applicant follow-up needed
8747302,1496,2024-08-22,Student,177197,,No,No,Approved,4898.04,5831,1,Referred by agent.
8748596,0228,2020-08-15,Full-Time,220657,738,Yes,No,Denied,1270.08,1323,1,
8749271,0610,2023-04-21,Full-Time,238495,849,No,Yes,Pending,1298.40,2164,2,.
8750752,0761,2023-07-21,Student,158135,721,Yes,Yes,Denied,3386.46,5131,3,
8751707,0344,21/02/2023,Part-Time,145784,651,Yes,No,Under Review,2864.40,4774,2,docs expired
8752284,1192,2022-10-12,Contract,177704,764,No,No,Denied,6662.76,8542,3,N/A
8755923,0772,2021-08-13,Unemployed,45724,696,No,No,Denied,1999.92,2564,4,Missing bank statements.
8756177,1558,2022-09-30,Full-Time,204732,789,No,No,Under Review,3885.60,6476,5,Renewal case.
8757085,0462,2024-11-19,Student,112266,695,Yes,Yes,Denied,1839.24,2358,5,Flagged for manual review.
8761808,1268,2022-01-01,Student,79188,599,No,No,Denied,7247.04,0,4,Flagged for manual review.
8764616,1609,2023-08-24,Unemployed,267575,739,No,No,Approved,3796.32,5752,5,Applicant follow-up needed
8765432,0938,2020-05-18,Contract,171018,358,No,No,Approved,4687.20,5580,4,income verified via Plaid
8765500,0064,2021-04-28,Part-Time,163505,756,No,No,Approved,3148.32,3748,5,Applicant follow-up needed
8766677,1759,2023-09-23,Full-Time,43577,712,No,No,Pending,1738.20,2897,2,Co-signer pending review.
8766899,1323,2020-10-02,Student,818000,791,No,No,Denied,1144.08,1362,4,Flagged for manual review.
8767711,0528,2021-03-04,Unemployed,213820,597,No,Yes,Approved,5944.32,6192,2,Flagged for manual review.
8768540,1606,2023-05-16,Contract,253089,676,No,Yes,Approved,2639.40,4399,1,income verified via Plaid
8768867,0317,2023-07-01,Unemployed,88973,807,No,No,Withdrawn,1783.80,2973,2,Referred by agent.
8770179,1429,2022-02-08,Unemployed,68393,538,Yes,No,Denied,2703.60,4506,5,
8770792,1224,2022-01-23,Contract,30987,641,No,Yes,Approved,3795.84,3954,2,n/a
8772308,0739,,Retired,90794,673,No,Yes,Withdrawn,2088.90,3165,4,
8774496,0105,2022-11-21,Part-Time,76811,502,No,No,Denied,3771.24,5714,4,Referred by agent.
8776913,0304,2024-12-18,Student,204835,681,Yes,Yes,Approved,1251.00,2085,2,Applicant provided pay stubs.
8777072,1721,2023-03-17,Contract,29229,628,No,Yes,Denied,3055.68,3183,3,N/A
8781067,1175,2021-11-21,Unemployed,273872,660,Yes,No,Approved,5449.86,6987,1,Applicant provided pay stubs.
8782232,1698,2020-04-20,Student,168875,756,Yes,Yes,Approved,2748.48,2863,4,Renewal case.
8782547,1507,2021-10-24,Full-Time,161794,502,No,Yes,Approved,2319.72,2974,3,Applicant provided pay stubs.
8782997,0465,2020-01-08,Retired,79502,378,No,No,Denied,1590.12,1893,5,
8788783,1782,2020-06-22,Unemployed,247990,736,Yes,No,Withdrawn,4976.16,5924,1,N/A
8789024,0328,2022-07-03,Student,99820,605,No,Yes,Denied,1919.04,0,2,Renewal case.
8789230,0104,2024-10-17,Part-Time,24239,,No,No,Approved,1935.00,3225,3,N/A
8791422,0157,2021-11-05,Full-Time,322627,,Yes,Yes,Denied,8633.04,11068,3,Flagged for manual review.
8794861,0691,2022-08-19,Part-Time,176612,784,No,Yes,Approved,2102.52,2503,3,docs expired
8795222,0084,2020-02-21,Part-Time,105563,680,No,No,Approved,5801.64,7438,5,Co-signer pending review.
8795857,0131,,Student,119090,681,No,Yes,Under Review,836.22,1267,5,income verified via Plaid
8796558,1506,2021-05-12,Contract,289854,690,No,Yes,Under Review,1314.60,2191,3,N/A
8798013,1622,2020-04-25,Contract,72270,775,No,No,Approved,2253.72,2683,1,Renewal case.
8799026,0440,2023-11-06,Retired,45620,,No,Yes,Pending,2393.40,3989,2,Applicant provided pay stubs.
8799622,1378,2022-10-21,Full-Time,73196,761,No,Yes,Approved,737.52,878,5,
8799916,0891,,Self-Employed,41049,733,No,No,Approved,3442.56,5216,5,income verified via Plaid
8800063,0675,,Part-Time,104865,355,No,Yes,Denied,2259.00,3765,1,
8805261,0121,2020-12-05,Part-Time,184757,315,No,No,Denied,1019.40,1699,1,docs expired
8805484,0092,2023-05-14,Part-Time,202749,716,No,No,Withdrawn,3035.52,3162,5,Missing bank statements.
8807966,1320,2020-12-05,Student,168247,834,No,No,Pending,4705.68,5602,2,
8808216,1497,2022-10-05,Contract,110915,,No,No,Approved,1282.20,2137,2,Applicant provided pay stubs.
8809366,1634,2020-01-07,Full-Time,21210,814,No,No,Denied,5361.18,8123,4,n/a
8815577,0677,2020-07-05,Retired,21132,752,No,Yes,Pending,1205.82,1827,5,Renewal case.
8817028,1291,2023-08-08,Self-Employed,43273,,No,Yes,Pending,2059.98,2641,4,Applicant provided pay stubs.
8818963,1371,2021-07-26,Part-Time,55960,760,No,No,Denied,3081.00,3950,3,Flagged for manual review.
8819647,1569,2022-03-22,Contract,225435,803,Yes,Yes,Approved,1173.90,1505,5,Renewal case.
8820221,0428,2020-02-18,Part-Time,138988,803,No,Yes,Denied,1049.28,1093,1,Missing bank statements.
8821985,1161,2024-04-05,Self-Employed,8214,786,No,No,Pending,1453.32,2202,4,Missing bank statements.
8822419,0250,2021-08-14,Unemployed,238275,726,No,Yes,Approved,1369.20,1630,2,Co-signer pending review.
8823136,0521,2023-01-18,Retired,118435,,No,Yes,Pending,615.78,933,3,N/A
8826154,1390,2023-12-11,Unemployed,79138,705,No,No,Approved,1491.60,2260,4,docs expired
8826635,0699,2023-05-22,Part-Time,121832,736,No,Yes,Approved,3309.60,3940,5,Flagged for manual review.
8827691,0473,2020-08-22,Student,224061,653,Yes,No,Approved,3367.56,4009,1,
8827832,0418,2024-11-17,Retired,179542,,No,No,Approved,2277.00,3450,2,.
8829069,1576,2024-06-16,Unemployed,73051,749,No,No,Denied,3474.60,5791,2,income verified via Plaid
8829517,0839,2022-11-11,Student,77445,804,No,No,Pending,2573.40,4289,2,docs expired
8829823,0260,2021-08-01,Self-Employed,48748,715,No,No,Withdrawn,3613.44,3764,2,Referred by agent.
8829890,1203,2023-01-22,Student,314750,545,No,Yes,Under Review,1918.08,1998,5,
8832023,0185,2024-05-21,Unemployed,92886,,No,Yes,Withdrawn,3828.72,4558,4,
8833986,0342,2021-09-03,Retired,89766,,No,No,Pending,1063.14,1363,3,
8834906,0717,2023-01-18,Part-Time,169236,N/A,No,No,Approved,4603.50,6975,3,Applicant provided pay stubs.
8838098,1688,17/09/2023,Unemployed,241089,710,No,Yes,Denied,1971.42,2987,3,Co-signer pending review.
8838528,1067,2020-05-11,Full-Time,154828,705,Yes,No,Approved,2432.64,2896,1,docs expired
8839503,0322,2022-10-12,Student,45969,N/A,Yes,No,Approved,3211.26,4117,3,Applicant provided pay stubs.
8839782,1555,2023-10-05,Full-Time,110868,N/A,No,Yes,Withdrawn,594.00,990,2,
8844333,0865,28/04/2020,Contract,75323,669,Yes,Yes,Withdrawn,1106.04,1418,5,income verified via Plaid
8844562,0629,2022-06-19,Full-Time,75461,589,Yes,No,Pending,1193.64,1421,5,n/a
8848217,1605,2024-04-01,Retired,205170,653,No,No,Approved,1900.80,2880,3,Renewal case.
8853529,0564,2022-09-08,Student,48475,734,No,Yes,Approved,4980.48,5188,3,.
8854721,1409,23/10/2023,Student,187111,705,No,Yes,Pending,3155.52,3287,1,Referred by agent.
8857301,0041,2022-03-17,Part-Time,68075,,No,Yes,Approved,975.78,1251,3,Renewal case.
8857548,0367,,Contract,69942,797,Yes,Yes,Approved,1945.92,0,3,Renewal case.
8858712,0202,2021-09-05,Contract,98389,672,No,No,Approved,7415.04,7724,3,
8863522,0689,16/07/2024,Self-Employed,189600,764,No,Yes,Under Review,1306.20,1555,5,.
8864039,0616,2020-07-25,Part-Time,45785,670,No,Yes,Withdrawn,5956.80,6205,5,
8867000,0354,31/03/2020,Part-Time,216876,794,Yes,Yes,Denied,5305.56,6802,5,
8868833,1138,2020-06-01,Student,71395,771,No,No,Under Review,4689.60,4885,2,Missing bank statements.
8868865,0742,2022-09-20,Contract,243383,673,No,Yes,Pending,3948.78,5983,4,
8868910,0784,2020-07-11,Contract,99946,809,No,Yes,Withdrawn,1642.08,2488,1,Co-signer pending review.
8871953,0613,2022-12-28,Self-Employed,242742,775,No,Yes,Pending,3637.92,5512,4,
8872511,1660,18/12/2024,Student,217479,610,No,No,Approved,1406.40,1465,2,Applicant provided pay stubs.
8873314,1101,2023-07-12,Self-Employed,196842,831,Yes,Yes,Approved,1600.50,2425,5,Renewal case.
8875020,0400,2020-11-10,Student,155335,790,No,Yes,Approved,3883.44,5884,5,Renewal case.
8876603,0805,2021-12-07,Self-Employed,151510,712,No,Yes,Approved,1600.20,1905,4,Applicant provided pay stubs.
8877857,0933,2023-07-31,Self-Employed,133848,613,No,No,Pending,1136.52,1722,3,Missing bank statements.
8878749,1577,2024-10-16,Retired,121797,636,Yes,No,Pending,5643.84,5879,1,Applicant provided pay stubs.
8878917,1527,2021-06-22,Retired,94688,628,No,Yes,Approved,1144.32,1192,1,Applicant provided pay stubs.
8880313,0862,30/06/2021,Unemployed,12501,742,No,No,Pending,2148.60,3581,1,Renewal case.
8880613,1602,2020-05-13,Self-Employed,47271,,No,Yes,Approved,1185.00,1975,2,Renewal case.
8880788,1356,2024-05-24,Part-Time,156773,829,No,Yes,Approved,3928.86,5037,2,
8881018,0983,2022-08-03,Unemployed,199499,772,No,No,Denied,5136.78,7783,5,Renewal case.
8881199,1654,2020-08-19,Full-Time,18805,778,No,No,Pending,2280.96,3456,3,Co-signer pending review.
8881209,0787,2021-01-13,Full-Time,137467,775,No,Yes,Under Review,1112.40,1854,3,N/A
8884370,1605,18/01/2023,Full-Time,220710,497,No,No,Approved,2419.20,2880,5,N/A
8884384,0664,2022-08-01,Full-Time,58609,609,No,No,Approved,587.40,890,2,Applicant provided pay stubs.
8886183,1297,29/03/2024,Full-Time,69275,456,No,No,Denied,1014.00,1300,2,.
8886263,1407,2023-12-05,Full-Time,121876,711,No,Yes,Withdrawn,2320.92,2763,5,Referred by agent.
8888375,1262,,Full-Time,160678,,No,No,Pending,5399.16,6922,1,N/A
8889897,1543,2022-05-18,Unemployed,94031,N/A,No,Yes,Approved,588.06,891,1,.
8891843,1547,2024-01-08,Contract,286937,629,No,No,Denied,2494.80,3780,4,Renewal case.
8892622,0703,2023-03-09,Retired,141760,696,No,Yes,Approved,729.96,1106,4,N/A
8894423,1192,2022-10-15,Student,303270,587,No,No,Under Review,8200.32,8542,5,.
8896698,0556,2024-11-08,Self-Employed,40788,,No,No,Denied,2036.40,3394,5,Applicant provided pay stubs.
8899400,0700,2020-07-06,Student,155496,822,No,No,Pending,1547.04,2344,3,docs expired
8899645,1285,20/10/2022,Self-Employed,184492,679,Yes,No,Approved,2801.70,4245,4,docs expired
8900072,1092,2020-09-13,Unemployed,118087,670,No,No,Approved,6679.68,7952,5,Co-signer pending review.
8900381,1340,2022-04-11,Unemployed,119791,704,No,No,Under Review,1599.36,1666,1,Applicant follow-up needed
8900908,1119,22/11/2022,Full-Time,118766,691,No,Yes,Approved,2162.16,3276,3,Co-signer pending review.
8902173,1086,15/11/2024,Self-Employed,123382,670,No,Yes,Denied,3806.40,4880,3,Referred by agent.
8903889,1746,2020-02-05,Unemployed,173890,,No,No,Pending,2160.60,2770,5,
8904937,0575,2024-11-17,Part-Time,107612,639,Yes,Yes,Approved,2045.16,2622,1,Flagged for manual review.
8907293,1315,2022-05-17,Part-Time,165445,771,Yes,Yes,Denied,872.04,1118,2,docs expired
8910432,0227,2023-06-24,Full-Time,33377,756,Yes,Yes,Pending,778.20,1297,2,Co-signer pending review.
8911059,1278,2024-07-07,Student,125053,358,No,Yes,Approved,1585.32,2402,1,Renewal case.
8914387,0631,31/10/2021,Student,108600,639,No,No,Denied,1188.60,1981,3,Referred by agent.
8914968,0471,2021-07-18,Part-Time,255297,702,Yes,Yes,Denied,1067.04,1368,2,.
8916050,1678,2022-02-12,Full-Time,104745,737,No,Yes,Under Review,2495.04,2599,3,.
8916536,0822,2020-06-22,Full-Time,221502,755,No,Yes,Denied,548.46,831,3,
8917197,0007,2023-06-01,Part-Time,129317,680,Yes,Yes,Denied,2017.08,2586,5,
8921022,1458,2022-11-03,Retired,47741,820,No,Yes,Approved,3801.84,4526,3,docs expired
8923632,1334,2024-11-25,Self-Employed,25955,670,No,No,Approved,9914.52,11803,1,Missing bank statements.
8924577,0841,2022-11-18,Contract,140935,,No,Yes,Approved,1796.40,2994,1,income verified via Plaid
8929509,0960,2024-05-17,Student,278119,699,No,No,Under Review,1513.98,1941,1,income verified via Plaid
8929978,1339,2022-04-15,Unemployed,129599,762,No,Yes,Withdrawn,722.40,1204,5,Renewal case.
8931198,0342,2023-10-02,Part-Time,128997,706,Yes,No,Withdrawn,1144.92,1363,4,docs expired
8931790,1447,30/08/2021,Self-Employed,235217,596,No,No,Denied,793.98,1203,3,Applicant provided pay stubs.
8932434,1107,2024-02-02,Unemployed,104815,734,No,Yes,Approved,2101.44,3184,5,Missing bank statements.
8934157,0743,2022-09-04,Self-Employed,177457,770,No,Yes,Pending,648.96,832,4,Missing bank statements.
8936153,1391,2021-04-29,Full-Time,148536,584,No,Yes,Approved,1283.70,1945,3,Applicant follow-up needed
8936303,0191,2022-01-15,Contract,144495,753,Yes,No,Denied,1821.60,2760,4,
8936596,1790,2024-01-22,Self-Employed,161018,597,No,Yes,Pending,2316.60,2970,1,income verified via Plaid
8938203,1225,2024-11-05,Contract,233409,693,No,Yes,Pending,1639.56,2102,5,.
8938995,0722,2020-06-11,Contract,237223,748,No,Yes,Under Review,7042.56,8384,4,N/A
8939407,0049,2021-10-04,Contract,228964,734,No,No,Denied,3122.28,3717,5,Applicant follow-up needed
8940026,0783,2023-01-28,Unemployed,61773,,No,Yes,Approved,2985.18,4523,4,.
8941362,1691,2024-03-15,Part-Time,894000,763,No,No,Denied,1827.84,1904,5,n/a
8946081,0744,2021-05-02,Self-Employed,25866,742,No,No,Withdrawn,3113.04,3706,4,Applicant follow-up needed
8946589,0508,2023-05-20,Contract,172403,832,No,No,Approved,547.80,830,5,Renewal case.
8947590,1367,2021-01-13,Self-Employed,108620,765,No,Yes,Pending,964.08,1236,1,Flagged for manual review.
8947789,1252,2023-11-13,Retired,157784,669,No,Yes,Approved,2921.10,3745,4,docs expired
8947813,1524,13/08/2022,Full-Time,88592,673,No,No,Approved,2184.00,2800,5,n/a
8948050,0787,2024-07-11,Student,174897,N/A,No,Yes,Withdrawn,1223.64,1854,3,income verified via Plaid
8949560,0577,2024-02-25,Contract,214425,619,Yes,No,Approved,1305.48,1978,5,Missing bank statements.
8952115,1269,22/11/2021,Unemployed,177535,588,No,No,Pending,1428.60,2381,5,Flagged for manual review.
8952537,0614,2021-02-05,Contract,18277,646,No,No,Approved,3871.56,4609,4,Referred by agent.
8953189,1345,2020-12-21,Contract,89108,720,No,No,Denied,2789.16,4226,1,
8954341,1586,2020-01-11,Student,71655,682,No,Yes,Denied,3359.40,5599,3,Renewal case.
8954972,0124,2022-01-02,Self-Employed,219999,748,No,No,Approved,596.40,994,4,
8956048,1304,2023-07-17,Self-Employed,12370,834,No,No,Approved,8890.44,11398,5,docs expired
8956984,0248,2021-03-20,Retired,214230,749,Yes,No,Pending,975.36,1016,1,Referred by agent.
8957344,0751,2023-11-24,Student,195060,792,No,No,Pending,1654.38,2121,3,N/A
8957878,0747,22/07/2023,Unemployed,242160,621,No,Yes,Denied,1566.60,2611,5,Applicant follow-up needed
8962163,0100,,Part-Time,244502,816,No,No,Denied,1628.22,2467,2,.
8962420,1252,2023-01-31,Part-Time,68053,781,No,Yes,Approved,2247.00,3745,3,Applicant follow-up needed
8962849,0465,2023-11-26,Unemployed,202014,372,No,Yes,Pending,1590.12,1893,2,Flagged for manual review.
8964070,0933,2021-02-11,Self-Employed,163836,782,No,Yes,Denied,1033.20,1722,2,
8964227,0744,2021-09-04,Full-Time,142876,725,No,No,Pending,3113.04,3706,3,Applicant provided pay stubs.
8964332,0503,2022-11-05,Unemployed,51244,754,No,No,Denied,2761.44,4184,2,n/a
8964625,1115,2023-03-07,Contract,115665,659,No,No,Approved,2381.40,3969,1,Renewal case.
8966321,0380,27/03/2021,Student,176206,756,No,Yes,Approved,4063.80,5210,3,.
8967181,0668,2023-10-20,Self-Employed,201953,783,No,No,Denied,3842.28,4926,5,Co-signer pending review.
8967430,0223,2022-11-25,Retired,215597,774,No,No,Denied,4414.02,5659,5,n/a
8969013,0819,2023-11-02,Part-Time,77171,568,No,Yes,Pending,2909.94,4409,5,docs expired
8975131,0269,19/03/2023,Contract,240806,,No,Yes,Approved,1713.60,2040,3,docs expired
8975538,1158,2023-06-26,Unemployed,216689,822,No,Yes,Denied,1150.50,1475,4,Renewal case.
8976591,1508,2024-09-04,Student,306490,,No,Yes,Approved,6601.14,8463,2,Renewal case.
8977817,0144,2021-08-04,Unemployed,49484,,No,Yes,Approved,3994.80,6658,2,income verified via Plaid
8977853,0039,2020-06-03,Part-Time,49767,698,Yes,No,Approved,2574.78,3301,1,Co-signer pending review.
8981074,0163,25/08/2020,Part-Time,227339,513,No,Yes,Approved,3305.28,5008,4,n/a
8981174,0393,2022-10-11,Student,17799,449,No,Yes,Pending,1632.00,2720,3,
8981548,0238,25/10/2024,Retired,283767,466,No,No,Approved,12098.88,12603,2,Flagged for manual review.
8983556,0023,2023-10-29,Contract,203363,624,No,No,Approved,3052.56,3634,5,.
8983571,0656,2020-12-12,Student,71287,405,Yes,Yes,Denied,4886.40,5090,1,Applicant provided pay stubs.
8986283,0887,2020-05-19,Part-Time,220573,772,No,Yes,Approved,4261.32,5073,4,Applicant follow-up needed
8987127,0028,2022-10-08,Retired,243619,726,No,No,Withdrawn,3571.68,4252,2,Co-signer pending review.
8987194,0012,2023-09-19,Unemployed,30257,,No,No,Approved,1104.00,1840,5,
8989353,1319,2022-10-29,Part-Time,134688,602,No,No,Approved,2247.84,2676,2,
8991720,0824,2022-01-02,Retired,71911,,No,Yes,Denied,1611.84,1679,4,Renewal case.
8991970,1640,2023-01-08,Full-Time,169963,,No,No,Pending,3470.40,5784,2,Applicant provided pay stubs.
8992146,1711,28/02/2022,Self-Employed,96881,329,Yes,Yes,Denied,2378.88,2478,3,Renewal case.
8992154,0657,2022-06-14,Part-Time,101836,844,No,Yes,Approved,1254.00,1900,3,.
8994067,1021,2021-05-15,Contract,191523,799,No,No,Approved,2354.82,3019,1,Renewal case.
8995043,0263,2024-01-16,Full-Time,97816,646,No,Yes,Approved,1148.28,1367,1,Co-signer pending review.
8997040,1156,2020-09-07,Self-Employed,182958,797,No,Yes,Approved,3317.82,5027,3,Applicant provided pay stubs.
8997438,0437,2022-01-17,Student,230373,789,Yes,No,Denied,2625.60,2735,4,Missing bank statements.
9001490,0262,2021-01-07,Self-Employed,115939,656,No,No,Denied,689.70,1045,1,Applicant provided pay stubs.
9001645,0849,2021-04-09,Part-Time,191544,798,No,Yes,Denied,2136.00,2225,5,N/A
9002114,0952,2021-07-09,Full-Time,100590,776,No,Yes,Denied,1305.36,1554,3,Applicant follow-up needed
9005893,0909,2021-07-16,Self-Employed,4811,783,No,No,Approved,960.18,1231,1,Co-signer pending review.
9006322,1238,2024-01-01,Full-Time,211326,667,Yes,Yes,Pending,2442.72,2908,1,Renewal case.
9007494,1680,2023-03-06,Unemployed,255200,750,No,No,Withdrawn,2176.68,3298,3,
9007613,1113,27/01/2021,Self-Employed,214006,625,No,Yes,Under Review,1303.38,1671,1,Applicant provided pay stubs.
9009180,0455,2024-09-19,Student,233898,408,No,Yes,Denied,3025.62,3879,2,Missing bank statements.
9009796,0215,2022-06-29,Retired,27540,755,Yes,Yes,Approved,691.08,886,1,Co-signer pending review.
9011234,1479,2022-11-09,Part-Time,104771,581,No,No,Withdrawn,1528.80,1960,4,Missing bank statements.
9012617,0797,2021-03-31,Full-Time,142700,635,No,Yes,Approved,2859.78,4333,5,Applicant follow-up needed
9013967,0138,2021-01-27,Self-Employed,60963,771,No,Yes,Approved,1722.24,2208,2,.
9014151,0743,2023-12-04,Full-Time,230853,702,No,No,Denied,798.72,832,2,Referred by agent.
9016688,0679,2023-10-08,Retired,148842,586,No,No,Denied,2830.08,2948,5,Flagged for manual review.
9020088,1339,2020-03-29,Full-Time,167311,841,Yes,Yes,Approved,794.64,1204,1,
9020653,0827,,Full-Time,31750,765,No,Yes,Pending,2575.20,4292,1,Flagged for manual review.
9021445,1176,2024-08-02,Student,227100,848,No,No,Approved,1193.28,1808,1,Missing bank statements.
9022904,1316,2021-02-16,Full-Time,103951,836,Yes,No,Denied,1606.08,1673,3,N/A
9023070,0391,2024-12-14,Part-Time,231526,835,No,Yes,Pending,2616.60,3115,1,
9023974,0579,2022-04-05,Retired,141295,386,No,No,Approved,4918.20,5855,3,docs expired
9025924,0935,2020-10-21,Full-Time,105849,673,Yes,No,Denied,1960.20,0,5,N/A
9026721,0523,2020-10-13,Full-Time,21023,717,No,No,Approved,2174.70,3295,4,Applicant follow-up needed
9027359,1329,2024-08-08,Full-Time,63096,,No,No,Denied,2399.10,3635,3,Applicant provided pay stubs.
9028847,0707,2021-10-14,Full-Time,223286,676,No,Yes,Approved,3887.52,4984,4,Renewal case.
9028938,0276,2021-02-22,Retired,17710,,No,Yes,Under Review,698.88,832,5,docs expired
9029439,0664,2020-05-18,Retired,144281,704,Yes,Yes,Approved,747.60,890,3,Referred by agent.
9032320,0334,2023-06-18,Unemployed,149364,826,Yes,No,Pending,3159.24,3761,3,Flagged for manual review.
9033175,0284,,Contract,168570,592,No,No,Denied,2152.92,2563,2,Applicant provided pay stubs.
9033196,0237,2023-09-04,Contract,121904,773,No,No,Approved,4016.64,4184,4,Co-signer pending review.
9033982,0179,2022-04-19,Full-Time,129179,752,No,Yes,Denied,3553.20,4230,1,Flagged for manual review.
9034667,1317,2024-09-05,Full-Time,25096,665,No,Yes,Approved,1727.22,2617,4,Referred by agent.
9034722,0884,2022-10-15,Retired,234065,816,No,No,Denied,3778.20,6297,3,docs expired
9034992,1692,,Retired,279513,684,No,No,Approved,3874.08,4612,4,Missing bank statements.
9036348,1597,2023-11-17,Full-Time,197719,671,No,No,Approved,1317.36,1996,3,Co-signer pending review.
9036371,1333,2022-09-19,Student,36119,703,Yes,Yes,Approved,4326.00,7210,5,income verified via Plaid
9037666,1351,14/05/2022,Self-Employed,157286,834,No,Yes,Approved,2772.66,4201,4,Referred by agent.
9038194,0411,14/09/2024,Student,152817,766,No,Yes,Denied,673.20,1020,4,Referred by agent.
9040063,1214,2024-03-09,Contract,81895,688,No,No,Approved,558.36,846,5,Missing bank statements.
9040792,1573,2020-05-11,Self-Employed,25090,,No,No,Approved,5280.60,6770,2,income verified via Plaid
9042649,0406,2022-03-21,Student,160201,825,No,No,Denied,4374.72,4557,3,Flagged for manual review.
9043011,0093,2021-06-22,Retired,44275,654,No,No,Approved,5003.88,5957,4,N/A
9043332,0041,2021-05-11,Self-Employed,171778,364,No,Yes,Approved,750.60,1251,2,Applicant provided pay stubs.
9044083,0946,2024-11-04,Part-Time,88116,789,Yes,Yes,Approved,5125.56,0,5,Applicant follow-up needed
9044271,1292,2024-10-21,Full-Time,35123,642,No,Yes,Denied,8898.96,10594,3,Flagged for manual review.
9044740,0894,2020-08-03,Student,146085,603,No,No,Denied,2520.00,2625,4,Flagged for manual review.
9045118,1309,2021-12-14,Retired,36671,646,No,No,Under Review,880.44,1334,1,N/A
9045537,0336,23/04/2024,Student,161210,720,No,Yes,Approved,1791.72,2133,5,Flagged for manual review.
9045814,1450,2022-09-19,Contract,239640,692,No,No,Denied,819.00,1050,2,
9048650,1774,2023-11-26,Full-Time,216480,608,No,Yes,Under Review,1454.40,1515,2,
9053210,1180,21/07/2021,Contract,73546,742,No,No,Approved,4467.96,5319,1,Renewal case.
9055232,1569,2022-03-04,Student,23784,819,No,Yes,Denied,903.00,1505,2,income verified via Plaid
9055385,0816,2023-04-04,Retired,18627,375,No,No,Pending,1616.64,1684,1,Applicant provided pay stubs.
9062033,1051,2020-10-15,Contract,60189,785,No,No,Pending,1434.84,2174,5,
9064409,0168,23/07/2024,Part-Time,177606,681,No,Yes,Approved,1011.60,1686,5,.
9066791,0138,2022-02-09,Student,28980,832,No,Yes,Approved,1722.24,2208,3,Missing bank statements.
9067174,1020,2021-06-24,Self-Employed,175949,716,No,No,Approved,3208.92,4114,2,.
9067912,0417,2023-07-07,Retired,54054,651,No,Yes,Denied,6024.48,7172,1,Applicant follow-up needed
9068459,1164,2021-10-28,Student,15491,499,No,Yes,Under Review,2071.80,3453,2,
9070011,1321,2023-07-22,Contract,127164,618,No,Yes,Under Review,2600.64,2709,1,income verified via Plaid
9075642,1631,2020-09-13,Student,98419,645,Yes,Yes,Approved,3173.82,4069,3,Applicant provided pay stubs.
9077480,1408,2021-12-25,Student,213700,573,No,No,Approved,1867.80,0,4,Applicant provided pay stubs.
9077547,0752,2020-10-25,Self-Employed,134832,743,No,No,Approved,3303.36,3441,5,Flagged for manual review.
9079076,0922,2023-10-29,Part-Time,127563,726,No,No,Approved,1227.84,1279,1,Co-signer pending review.
9080248,0516,2022-02-27,Self-Employed,209836,714,No,No,Under Review,1122.00,1700,4,N/A
9080512,1503,2022-05-10,Student,86650,717,No,Yes,Pending,1822.20,3037,1,Flagged for manual review.
9085515,0792,2024-06-06,Contract,104426,630,No,Yes,Approved,2900.04,4394,4,N/A
9085672,0501,2024-10-07,Retired,128955,,No,No,Under Review,881.40,1469,5,income verified via Plaid
9085675,1654,26/09/2022,Retired,43786,621,No,No,Approved,2903.04,3456,2,Applicant follow-up needed
9087758,1420,2022-03-19,Unemployed,60360,844,Yes,Yes,Withdrawn,3012.24,4564,2,N/A
9088957,0260,,Retired,170237,782,Yes,Yes,Pending,2484.24,3764,4,Referred by agent.
9089552,0506,2021-11-18,Student,32097,393,No,No,Pending,1315.08,1686,1,Co-signer pending review.
9090620,0084,2024-05-24,Student,227487,653,No,No,Denied,6247.92,7438,1,Flagged for manual review.
9092390,1792,2020-10-10,Contract,159595,,Yes,No,Withdrawn,4828.32,5748,1,Referred by agent.
9093098,1649,,Contract,133337,707,No,No,Approved,2198.04,2818,4,
9093991,1428,2024-08-16,Full-Time,240753,815,No,Yes,Denied,4613.40,7689,4,Missing bank statements.
9096727,1574,2020-06-25,Retired,203074,687,No,No,Approved,976.56,0,5,docs expired
9097209,1531,2022-06-11,Self-Employed,121815,732,No,No,Denied,1239.00,2065,5,.
9099378,0004,2023-01-30,Unemployed,131313,729,No,No,Pending,1454.04,1731,2,Applicant follow-up needed
9101617,1452,2022-12-09,Full-Time,19973,688,No,Yes,Pending,2189.76,2281,4,docs expired
9101752,0908,2020-05-19,Contract,236553,558,No,Yes,Pending,3174.60,4810,2,N/A
9101936,0567,2023-01-14,Contract,175783,721,No,No,Denied,1706.88,1778,1,Applicant provided pay stubs.
9102154,0087,2021-03-25,Unemployed,217723,583,No,No,Approved,3845.82,5827,4,Co-signer pending review.
9105570,0169,2023-05-16,Unemployed,134506,534,No,Yes,Approved,3182.40,4080,3,docs expired
9106405,0976,2024-01-08,Retired,52371,850,No,No,Approved,1395.42,1789,5,
9107749,1631,2021-10-25,Retired,165463,706,No,Yes,Under Review,3906.24,4069,2,N/A
9108437,1083,2020-01-05,Full-Time,234227,N/A,No,No,Denied,7860.72,9358,5,n/a
9110209,0577,2024-04-29,Retired,80406,803,No,Yes,Denied,1898.88,1978,4,income verified via Plaid
9111291,1425,2023-07-24,Self-Employed,155773,759,No,Yes,Approved,953.16,1222,2,Missing bank statements.
9114058,0305,2021-09-10,Unemployed,103200,845,No,No,Pending,4748.04,7194,3,Renewal case.
9116149,1367,2024-10-06,Part-Time,241603,611,No,Yes,Pending,1038.24,1236,3,n/a
9117500,0546,2024-11-10,Student,120723,799,No,No,Denied,1516.02,2297,5,
9117892,0960,2020-09-10,Full-Time,199466,702,No,No,Withdrawn,1630.44,1941,1,Flagged for manual review.
9121363,0455,2020-04-11,Student,41398,811,No,No,Withdrawn,3025.62,3879,1,n/a
9122488,1401,2020-05-26,Full-Time,152700,729,No,Yes,Pending,2077.32,2473,3,
9122717,0781,2021-10-20,Unemployed,115593,846,No,Yes,Denied,2197.80,3330,1,Co-signer pending review.
9124018,0038,2020-05-18,Retired,139607,,No,No,Withdrawn,4045.86,5187,1,Referred by agent.
9125699,0873,2023-02-09,Full-Time,300072,593,No,No,Denied,7249.92,7552,5,
9129012,1493,2022-03-13,Self-Employed,75608,,No,Yes,Pending,2292.42,2939,4,Flagged for manual review.
9129724,1126,2021-09-12,Part-Time,197466,773,No,No,Withdrawn,3109.44,3239,4,N/A
9130910,0635,2024-05-22,Part-Time,238537,682,No,No,Withdrawn,3010.20,5017,3,Applicant follow-up needed
9132544,1277,2020-10-15,Contract,242635,696,No,Yes,Approved,1623.72,1933,1,
9132981,0234,2024-08-21,Retired,104109,674,No,No,Approved,3661.44,3814,1,Referred by agent.
9133346,1391,2020-12-11,Unemployed,26359,,No,No,Under Review,1517.10,1945,5,
9133461,0416,2020-09-30,Contract,219028,613,No,No,Denied,3089.58,3961,1,n/a
9135160,0096,2023-10-29,Part-Time,202366,778,No,No,Pending,3038.28,3617,2,
9135547,0553,2023-04-29,Unemployed,143223,687,No,No,Denied,2947.80,4913,1,
9136557,0151,2021-12-20,Full-Time,33665,588,No,Yes,Approved,2292.60,3821,1,Flagged for manual review.
9137100,1489,2022-03-24,Full-Time,286444,823,No,Yes,Pending,781.20,1302,3,income verified via Plaid
9137646,0300,2024-03-16,Contract,183346,828,No,No,Approved,4174.80,4970,1,Applicant follow-up needed
9138228,1450,2020-07-05,Part-Time,217547,674,No,No,Denied,819.00,1050,4,docs expired
9138450,1529,2021-03-08,Full-Time,151439,769,No,Yes,Approved,3550.56,4552,1,income verified via Plaid
9138625,1089,2024-03-14,Self-Employed,26296,692,No,Yes,Approved,2103.36,2191,4,Co-signer pending review.
9139424,1199,2024-10-21,Self-Employed,2836,,No,No,Pending,2335.80,3893,3,income verified via Plaid
9139854,0941,30/08/2022,Retired,116554,537,No,Yes,Pending,2230.02,2859,5,Missing bank statements.
9142586,0684,2022-12-16,Student,219014,N/A,Yes,Yes,Approved,1045.98,1341,1,Renewal case.
9143161,1696,13/09/2023,Retired,88122,779,No,Yes,Approved,1333.80,2223,5,income verified via Plaid
9147217,0763,2021-11-05,Student,240067,757,No,Yes,Pending,7398.72,7707,2,Applicant provided pay stubs.
9147485,0746,2021-04-27,Student,39473,721,No,Yes,Pending,1134.60,1891,2,
9150598,1133,2023-03-10,Unemployed,205295,609,No,Yes,Approved,838.50,1075,5,docs expired
9152521,0856,2021-01-12,Full-Time,194020,849,No,Yes,Denied,660.66,847,2,N/A
9152778,0397,2023-08-12,Unemployed,232156,,No,Yes,Under Review,815.10,1045,5,Applicant provided pay stubs.
9154747,1449,2024-10-25,Student,55661,654,No,Yes,Approved,1481.28,1543,2,Referred by agent.
9158718,0281,2020-01-08,Part-Time,226105,783,No,Yes,Approved,1644.00,2740,1,
9158952,0857,2021-09-15,Student,33014,660,No,No,Withdrawn,1496.64,1559,1,Missing bank statements.
9158960,0056,2023-08-06,Full-Time,106332,790,No,Yes,Under Review,2354.40,3924,4,Applicant follow-up needed
9160456,0880,2024-02-08,Full-Time,21494,752,No,Yes,Pending,2414.40,2515,3,Applicant provided pay stubs.
9160469,0850,2022-01-17,Unemployed,58330,643,No,No,Approved,2917.44,3039,5,
9162613,1442,2024-08-24,Contract,86107,496,No,No,Denied,2590.08,2698,5,
9163191,0295,14/09/2021,Contract,29722,801,Yes,Yes,Denied,3129.00,5215,4,Flagged for manual review.
9164462,1739,2021-07-21,Unemployed,100792,,Yes,Yes,Approved,3992.04,5118,3,Referred by agent.
9164934,1497,2021-02-02,Part-Time,176463,495,No,No,Approved,1282.20,2137,5,income verified via Plaid
9165705,0552,2023-05-19,Unemployed,255075,,No,No,Approved,5391.00,8985,1,N/A
9165811,1288,2020-08-13,Part-Time,163658,707,No,Yes,Denied,2052.18,2631,5,n/a
9167294,0256,2021-10-27,Part-Time,142917,723,No,No,Denied,1346.40,2244,2,N/A
9167315,1580,2024-05-18,Self-Employed,200314,599,No,No,Approved,1044.48,1088,1,Flagged for manual review.
9169778,0405,2024-03-26,Full-Time,218003,823,No,No,Approved,2051.52,2137,1,n/a
9171282,0646,2024-07-17,Retired,24914,716,No,No,Pending,2747.52,2862,1,Referred by agent.
9173396,0757,2024-08-29,Contract,201357,636,Yes,No,Denied,1780.20,2967,5,Missing bank statements.
9174085,0777,2023-12-05,Student,126192,617,No,No,Approved,2289.60,2385,5,n/a
9174276,1161,2024-03-04,Contract,222751,707,No,No,Approved,1717.56,2202,2,Flagged for manual review.
9176537,0649,2020-11-01,Full-Time,167133,793,No,Yes,Denied,2054.52,2634,5,income verified via Plaid
9177822,1708,2020-02-16,Student,10556,789,No,Yes,Withdrawn,1855.80,3093,4,
9178233,0511,2023-10-02,Self-Employed,97298,701,No,No,Approved,4485.78,5751,2,Co-signer pending review.
9179490,0122,2021-07-09,Full-Time,133742,704,No,Yes,Approved,1158.30,1485,3,Referred by agent.
9179694,0535,2020-07-03,Contract,87904,665,No,Yes,Withdrawn,1001.28,1192,4,Missing bank statements.
9180725,0793,2023-07-06,Self-Employed,79874,715,No,No,Withdrawn,7774.20,9255,3,Applicant follow-up needed
9181524,0614,29/04/2020,Full-Time,46457,598,No,Yes,Withdrawn,4424.64,4609,1,n/a
9182105,1083,2020-04-01,Student,147100,609,No,Yes,Approved,7299.24,9358,3,Applicant follow-up needed
9184113,0621,16/07/2020,Self-Employed,99301,446,No,Yes,Approved,4012.80,6080,1,N/A
9184357,0949,2022-01-04,Full-Time,45323,823,No,No,Denied,1580.70,2395,1,docs expired
9185275,0924,2024-11-13,Unemployed,151964,627,No,Yes,Under Review,722.70,1095,5,Applicant follow-up needed
9185436,1436,2022-02-24,Student,49206,585,No,Yes,Denied,3838.56,5816,1,Applicant provided pay stubs.
9187021,1731,2022-07-29,Self-Employed,39367,657,No,No,Approved,3331.38,4271,4,Flagged for manual review.
9187268,1265,2023-08-23,Full-Time,34169,786,No,No,Denied,5702.40,5940,5,Referred by agent.
9187915,0908,2022-10-09,Retired,20117,752,No,No,Denied,3174.60,4810,3,income verified via Plaid
9189172,0712,20/05/2021,Student,79103,703,No,No,Denied,3927.36,4091,4,Referred by agent.
9189248,0816,2023-06-23,Unemployed,30695,607,No,No,Denied,1414.56,1684,1,n/a
9191350,0564,2022-02-06,Student,13817,,No,No,Under Review,4980.48,5188,3,
9191422,1656,2022-08-26,Retired,38125,828,No,No,Approved,2208.36,2629,1,n/a
9191677,1093,2021-04-01,Part-Time,104624,768,No,Yes,Approved,1703.40,2839,4,
9192488,1617,2021-10-11,Part-Time,32990,680,No,No,Approved,537.90,815,1,income verified via Plaid
9192708,1279,2022-10-05,Retired,171284,834,No,No,Approved,2841.60,4736,3,income verified via Plaid
9193486,0984,2023-09-17,Part-Time,57235,776,No,No,Approved,837.54,1269,4,n/a
9195261,1071,26/03/2024,Part-Time,425000,684,No,No,Denied,3295.68,0,5,Referred by agent.
9195351,1510,25/12/2021,Self-Employed,30007,600,No,No,Withdrawn,1851.84,1929,5,
9195450,0298,21/04/2024,Full-Time,85983,759,No,No,Pending,6532.80,10888,5,Flagged for manual review.
9196951,1768,2023-02-24,Retired,212623,,Yes,Yes,Denied,2979.24,0,3,Applicant follow-up needed
9197242,1011,2024-12-13,Self-Employed,18933,817,No,No,Denied,3478.86,5271,3,.
9198839,0777,2023-10-21,Self-Employed,89078,720,No,No,Approved,1574.10,2385,5,Applicant follow-up needed
9199482,0040,2024-10-07,Self-Employed,212505,493,No,No,Approved,10673.28,11118,5,Co-signer pending review.
9199847,0202,2021-09-10,Self-Employed,159415,692,No,Yes,Under Review,6024.72,7724,2,.
9201997,0622,2021-06-03,Contract,129034,726,No,No,Pending,1446.00,2410,4,Referred by agent.
9203019,0866,2020-01-31,Retired,261333,831,No,No,Approved,2079.00,2475,1,Referred by agent.
9204849,1016,2023-06-02,Retired,33377,816,No,No,Denied,5998.44,7141,5,.
9204957,0690,2022-11-19,Student,127785,584,No,No,Denied,806.40,1344,5,income verified via Plaid
9205966,0522,21/04/2021,Self-Employed,79362,719,No,No,Denied,650.10,985,5,Missing bank statements.
9206214,0986,2023-01-07,Student,244908,728,No,Yes,Denied,5369.28,6392,3,n/a
9208273,0597,2024-02-08,Self-Employed,50449,751,No,No,Under Review,1978.20,2355,3,Flagged for manual review.
9208490,1619,2024-08-06,Contract,146643,646,No,No,Denied,1264.56,1916,4,Applicant provided pay stubs.
9209376,1092,2022-12-22,Unemployed,120800,746,No,No,Denied,5248.32,7952,1,Co-signer pending review.
9209418,0671,2021-12-27,Contract,175527,805,No,No,Withdrawn,2353.68,2802,2,Referred by agent.
9211201,0607,20/05/2023,Full-Time,105919,,Yes,No,Approved,906.36,1162,5,Applicant follow-up needed
9212119,1490,21/11/2022,Contract,248030,743,Yes,No,Approved,1687.14,2163,5,
9214760,0602,17/06/2021,Self-Employed,154496,712,No,Yes,Approved,2593.92,3088,5,Applicant follow-up needed
9216750,0361,28/02/2023,Contract,87723,704,Yes,Yes,Approved,2799.72,4242,2,Applicant provided pay stubs.
9219471,1347,2024-05-27,Student,151717,615,No,No,Approved,483.00,805,2,docs expired
9219991,0191,2022-10-07,Unemployed,227174,726,Yes,Yes,Approved,2318.40,2760,4,docs expired
9220897,0773,2023-08-12,Part-Time,196402,704,No,No,Approved,2585.22,3917,2,Missing bank statements.
9223252,1675,2024-05-31,Contract,83601,792,Yes,Yes,Withdrawn,1310.76,1986,4,.
9225491,1661,2023-03-23,Self-Employed,161773,686,No,Yes,Approved,3553.92,3702,1,Missing bank statements.
9226685,0121,19/01/2022,Full-Time,171918,,No,No,Denied,1325.22,1699,5,.
9226819,1595,2024-11-08,Self-Employed,116711,772,Yes,Yes,Denied,1550.40,2584,5,docs expired
9226922,1773,2021-01-03,Part-Time,102754,719,No,Yes,Denied,2969.40,4949,2,Flagged for manual review.
9229491,0547,2021-09-04,Full-Time,195545,814,No,Yes,Denied,2553.00,4255,1,Referred by agent.
9230712,0050,2024-05-02,Unemployed,17515,758,No,No,Approved,4577.04,5868,5,Applicant follow-up needed
9231088,1023,26/02/2022,Unemployed,81931,,No,No,Approved,822.12,1054,3,Renewal case.
9231110,1431,,Part-Time,202208,686,No,No,Pending,8727.36,9091,1,Missing bank statements.
9233299,1564,2022-03-23,Full-Time,111512,716,No,Yes,Approved,2456.52,3722,4,Missing bank statements.
9234228,1747,2024-01-28,Unemployed,116642,,Yes,Yes,Denied,3535.20,5892,3,Missing bank statements.
9235030,1799,2022-11-27,Part-Time,91189,582,Yes,No,Denied,8629.92,11064,5,N/A
9236738,0276,2023-08-23,Full-Time,197762,741,Yes,No,Approved,499.20,832,1,Missing bank statements.
9238673,0899,2024-09-26,Student,107321,,No,No,Denied,1006.80,1678,1,Flagged for manual review.
9238689,1559,2024-06-03,Part-Time,236929,,No,Yes,Under Review,1069.86,1621,1,income verified via Plaid
9239501,0931,2021-05-04,Part-Time,276589,817,No,Yes,Denied,6371.52,6637,4,income verified via Plaid
9240181,0446,2022-12-06,Self-Employed,59050,797,Yes,No,Approved,2453.88,3146,1,Applicant follow-up needed
9240586,0622,2020-06-25,Unemployed,94037,716,No,Yes,Denied,1590.60,0,3,Missing bank statements.
9243154,1675,,Contract,195577,828,No,No,Approved,1549.08,1986,4,Flagged for manual review.
9243933,1677,2023-03-20,Part-Time,176851,799,No,Yes,Pending,571.56,866,3,Flagged for manual review.
9245120,0886,2020-05-26,Student,293428,791,No,No,Approved,2175.36,2266,4,Missing bank statements.
9247079,1686,2020-01-14,Contract,211165,581,No,No,Under Review,2496.60,4161,1,docs expired
9247615,1402,2023-12-05,Student,89756,580,No,Yes,Approved,871.68,908,4,Applicant follow-up needed
9248328,0232,2020-10-16,Full-Time,47815,,No,Yes,Approved,1588.86,2037,1,Applicant provided pay stubs.
9250008,0537,2022-08-30,Full-Time,324091,678,No,No,Under Review,4345.92,4527,5,Applicant provided pay stubs.
9250789,0569,2022-10-10,Unemployed,190413,719,Yes,No,Approved,5338.74,8089,3,income verified via Plaid
9253637,1794,2020-05-10,Self-Employed,153362,796,No,No,Approved,4845.12,5768,5,.
9258425,0104,2022-07-26,Student,43720,617,No,No,Approved,2709.00,3225,5,Co-signer pending review.
9258665,1487,2020-02-10,Part-Time,149779,806,No,No,Withdrawn,2957.76,3081,1,Applicant follow-up needed
9260606,0745,13/05/2022,Unemployed,161146,534,No,Yes,Approved,3140.40,5234,1,.
9261918,1517,2020-10-14,Unemployed,153230,696,No,Yes,Approved,1189.20,1982,5,Applicant follow-up needed
9263343,1584,2024-08-10,Self-Employed,147538,309,No,Yes,Denied,1123.20,1872,1,Referred by agent.
9263510,1621,2024-04-06,Student,218497,698,No,Yes,Denied,6562.56,6836,5,.
9266117,0922,2021-12-07,Unemployed,77052,732,No,Yes,Approved,1227.84,1279,1,n/a
9266579,1756,2023-11-28,Unemployed,192368,459,No,No,Denied,6748.20,11247,2,Applicant follow-up needed
9267205,0745,2023-06-23,Full-Time,17445,724,No,No,Approved,3454.44,5234,1,
9267261,1495,2021-11-14,Contract,238236,690,No,Yes,Pending,3490.20,5817,1,
9267887,1598,,Full-Time,5966,721,No,Yes,Approved,1951.80,3253,5,Referred by agent.
9268020,1679,2023-11-16,Part-Time,87347,803,No,No,Pending,2926.44,4434,1,docs expired
9268579,1205,2023-03-31,Self-Employed,186509,642,No,Yes,Under Review,3111.90,4715,5,Applicant provided pay stubs.
9269775,1790,2024-05-24,Unemployed,112914,659,No,No,Pending,2494.80,2970,1,
9273226,1261,2024-06-06,Full-Time,244088,714,No,Yes,Approved,1510.08,1573,4,Flagged for manual review.
9273641,1800,2023-05-29,Student,100501,620,No,No,Under Review,864.36,1029,1,N/A
9274737,0238,2021-05-27,Retired,59956,806,Yes,No,Pending,8317.98,12603,1,N/A
9275599,1658,15/10/2020,Retired,219138,566,Yes,No,Approved,2931.60,3490,5,Applicant follow-up needed
9277270,0454,2021-05-19,Student,102892,429,No,No,Denied,1694.88,2568,4,income verified via Plaid
9277364,0763,2023-08-14,Contract,24646,,No,No,Approved,6473.88,7707,2,docs expired
9279443,0179,20/06/2020,Full-Time,180747,759,No,Yes,Pending,4060.80,4230,1,Applicant follow-up needed
9279929,1601,2023-11-07,Student,244947,757,No,Yes,Approved,1963.08,2337,4,N/A
9285301,1202,2024-07-10,Student,184306,770,No,No,Denied,1554.60,2591,1,income verified via Plaid
9287633,0751,2021-05-21,Student,78241,N/A,No,No,Approved,1399.86,2121,1,Renewal case.
9288788,0825,2020-01-02,Student,43752,680,No,Yes,Approved,1275.00,2125,1,docs expired
9289651,1313,2021-11-12,Self-Employed,178647,N/A,No,Yes,Pending,1544.40,2340,5,Applicant follow-up needed
9292097,0392,2024-04-14,Unemployed,213727,634,No,Yes,Approved,3131.52,3728,4,
9296045,1122,2020-02-17,Self-Employed,223594,517,No,Yes,Under Review,2164.50,2775,4,n/a
9296418,1598,28/04/2024,Contract,60737,847,No,No,Approved,3122.88,3253,5,Co-signer pending review.
9297114,1155,2020-05-23,Full-Time,233018,693,No,No,Under Review,1850.88,1928,4,n/a
9298417,1590,,Retired,222656,813,No,No,Denied,853.80,1423,4,N/A
9298666,1754,2024-07-31,Part-Time,300125,,No,Yes,Denied,4021.92,4788,5,docs expired
9299413,1600,2023-07-02,Part-Time,207567,755,No,No,Approved,1850.94,0,2,docs expired
9299995,0603,30/06/2022,Part-Time,82620,618,Yes,No,Pending,1014.72,1208,2,N/A
9301917,0897,2023-01-17,Part-Time,73803,401,No,No,Approved,1322.88,1378,1,.
9302131,0265,2023-04-16,Self-Employed,183495,,No,No,Withdrawn,1333.08,1587,5,Applicant follow-up needed
9302362,1670,2022-06-14,Unemployed,89351,722,No,No,Denied,4684.68,6006,1,income verified via Plaid
9311070,0882,2022-02-04,Contract,124585,811,Yes,No,Withdrawn,3427.20,0,1,N/A
9313203,0582,25/11/2023,Full-Time,165403,601,No,Yes,Denied,1301.40,2169,4,n/a
9315053,1238,2024-02-10,Retired,38420,733,No,Yes,Denied,1919.28,2908,4,.
9316220,1351,2020-07-31,Retired,181249,749,No,Yes,Denied,3276.78,4201,4,Applicant provided pay stubs.
9317287,0495,2023-10-01,Student,190406,,No,No,Approved,999.00,1665,4,Referred by agent.
9318387,1585,2022-05-20,Part-Time,15319,636,No,No,Pending,1163.40,1939,1,Flagged for manual review.
9321017,1688,2022-01-07,Retired,241385,766,No,No,Approved,2509.08,2987,5,Renewal case.
9322927,0549,2022-08-14,Contract,74262,685,Yes,No,Under Review,2849.28,2968,4,Applicant follow-up needed
9322984,1557,2022-08-22,Retired,109458,657,Yes,Yes,Approved,2069.34,2653,2,
9325454,1221,2022-02-02,Unemployed,323113,664,No,Yes,Approved,4694.82,0,4,Applicant follow-up needed
9326644,1061,2021-11-24,Full-Time,59092,580,No,No,Pending,2879.52,3428,3,Renewal case.
9326910,0950,2024-03-08,Self-Employed,199208,841,No,No,Approved,3972.48,4138,4,
9326921,0470,2020-04-21,Retired,206291,659,No,No,Approved,5976.96,6226,4,.
9328279,1058,,Full-Time,144071,819,No,Yes,Approved,735.84,876,1,Renewal case.
9329119,0356,2022-03-03,Contract,19290,789,No,Yes,Denied,4721.64,7154,2,Flagged for manual review.
9329687,1297,2021-12-26,Part-Time,82348,637,Yes,No,Denied,1092.00,1300,3,Applicant provided pay stubs.
9331777,1257,2023-01-12,Unemployed,53036,676,Yes,Yes,Denied,974.40,1015,5,.
9332360,0357,2021-05-11,Part-Time,51118,806,No,Yes,Approved,3654.00,6090,3,Applicant provided pay stubs.
9333957,1380,2021-12-11,Full-Time,257510,827,No,Yes,Approved,5507.04,8344,1,
9334263,0858,28/01/2020,Student,29558,726,No,Yes,Under Review,4927.68,5133,2,n/a
9334980,1501,2020-11-03,Full-Time,116999,621,Yes,No,Approved,751.20,1252,3,Missing bank statements.
9336111,1095,2024-07-30,Student,123583,751,No,No,Denied,1002.54,1519,2,.
9336758,0730,2022-09-08,Part-Time,89473,630,No,No,Approved,774.54,993,5,
9336982,0941,2021-08-09,Unemployed,103449,712,Yes,Yes,Pending,2401.56,2859,5,n/a
9339287,1306,2021-01-29,Self-Employed,219223,691,No,Yes,Withdrawn,1522.56,1952,4,
9341300,0537,2021-03-20,Student,220101,,No,Yes,Approved,2987.82,4527,3,
9342836,0307,2023-02-10,Self-Employed,192196,762,No,No,Approved,4652.40,7754,1,income verified via Plaid
9342949,1299,22/12/2021,Unemployed,34787,N/A,No,No,Denied,883.08,1338,4,Applicant provided pay stubs.
9344471,0148,2024-03-03,Part-Time,71759,760,No,No,Denied,819.00,975,3,Referred by agent.
9344871,1037,2021-04-16,Student,168849,301,No,Yes,Denied,2631.72,3133,1,Co-signer pending review.
9349097,0831,2020-02-28,Unemployed,61282,716,No,No,Approved,1338.00,2230,5,
9349719,0568,2023-01-13,Full-Time,52887,775,No,Yes,Approved,1866.48,2828,1,Co-signer pending review.
9351466,1414,2022-01-25,Part-Time,211857,,No,Yes,Withdrawn,766.20,1277,5,Applicant provided pay stubs.
9352254,0899,2021-09-23,Self-Employed,208263,719,No,No,Denied,1107.48,1678,5,Applicant follow-up needed
9352475,0205,2024-10-12,Retired,6105,417,No,No,Denied,748.44,1134,5,Applicant follow-up needed
9354215,1555,2022-12-18,Self-Employed,120157,302,No,Yes,Denied,653.40,990,5,Applicant provided pay stubs.
9354390,0722,17/10/2024,Student,91563,655,No,No,Withdrawn,8048.64,8384,4,Co-signer pending review.
9355066,1602,2021-09-29,Unemployed,199756,725,Yes,No,Approved,1659.00,1975,4,
9357577,1492,2024-11-27,Self-Employed,90937,586,No,Yes,Approved,3573.24,5414,1,
9358589,1330,2020-01-15,Unemployed,168098,601,No,No,Approved,986.70,1265,5,Missing bank statements.
9360951,0991,2022-09-10,Part-Time,283760,721,Yes,Yes,Denied,2044.56,0,3,.
9363184,0960,2024-12-29,Full-Time,44656,672,No,Yes,Pending,1281.06,1941,1,Applicant provided pay stubs.
9363216,0488,2020-12-05,Unemployed,42510,744,No,Yes,Approved,1913.34,2899,3,docs expired
9363992,0714,2021-11-01,Student,244424,696,No,No,Approved,3201.00,4850,1,N/A
9364896,1434,,Retired,247944,,Yes,No,Approved,4631.22,7017,3,N/A
9365141,0841,2023-08-29,Contract,117557,604,No,Yes,Denied,2335.32,2994,2,Applicant follow-up needed
9365596,1261,2022-07-24,Full-Time,12666,377,No,No,Approved,1038.18,1573,1,Flagged for manual review.
9366458,0802,2021-03-21,Unemployed,38114,784,No,Yes,Pending,1107.48,1678,4,Missing bank statements.
9367421,0448,2020-07-29,Full-Time,205958,454,Yes,Yes,Denied,1264.20,2107,2,
9370882,0347,2023-01-05,Contract,55655,592,Yes,Yes,Pending,2339.22,2999,2,Renewal case.
9372476,0858,,Retired,83433,429,No,Yes,Pending,3387.78,5133,2,
9374644,1135,2023-04-28,Self-Employed,137405,808,No,No,Approved,2251.20,2680,2,docs expired
9378745,1507,2020-07-08,Unemployed,85998,756,No,Yes,Denied,2319.72,2974,3,
9382651,0782,20/06/2021,Student,150222,598,No,No,Denied,2583.36,0,3,income verified via Plaid
9382924,1781,2021-09-09,Retired,152684,677,Yes,Yes,Approved,1407.60,2346,5,income verified via Plaid
9384653,0629,2024-04-18,Part-Time,63629,844,No,No,Pending,852.60,1421,3,n/a
9387153,1701,2024-10-14,Unemployed,321794,,No,Yes,Pending,2507.34,3799,4,Missing bank statements.
9388131,0972,2022-12-21,Contract,41530,835,No,Yes,Pending,1786.62,2707,3,N/A
9388607,0842,2020-06-13,Full-Time,51031,763,No,No,Approved,801.84,1028,3,N/A
9389400,0733,2024-05-04,Unemployed,57676,653,No,Yes,Approved,1224.60,1570,5,
9389751,1676,30/05/2023,Part-Time,125606,798,No,No,Approved,4937.28,5143,3,Applicant follow-up needed
9393521,0856,2022-02-23,Retired,219965,592,No,Yes,Approved,660.66,847,2,docs expired
9394017,0365,2021-01-07,Full-Time,160562,767,Yes,Yes,Approved,1989.96,2369,1,Applicant provided pay stubs.
9395239,0037,2021-03-02,Part-Time,180356,770,Yes,No,Under Review,948.36,1129,5,
9395588,0481,2022-08-23,Student,164234,709,Yes,No,Approved,1216.38,1843,3,Applicant follow-up needed
9396965,1284,2021-10-28,Unemployed,54619,659,Yes,Yes,Approved,3352.80,5588,3,Co-signer pending review.
9397079,1775,2022-04-24,Unemployed,153927,N/A,No,Yes,Denied,1168.44,1391,5,
9399087,0663,2023-01-06,Self-Employed,28714,N/A,No,Yes,Approved,1527.00,2545,3,Renewal case.
9399323,0220,2024-12-18,Student,85582,690,Yes,No,Denied,1652.04,2118,3,Renewal case.
9402775,0040,2021-11-03,Full-Time,314701,590,No,No,Under Review,10673.28,11118,3,Renewal case.
9403656,0886,2023-03-10,Unemployed,282828,712,Yes,Yes,Approved,2175.36,2266,2,docs expired
9405406,0132,2024-03-01,Part-Time,105042,728,Yes,No,Denied,1425.84,1828,1,n/a
9408012,0665,2022-12-20,Self-Employed,179430,749,No,No,Under Review,3183.96,4082,5,Applicant provided pay stubs.
9408392,1594,2021-05-26,Full-Time,263346,809,No,Yes,Approved,5092.92,6063,5,
9408595,0924,2020-01-18,Self-Employed,16228,630,No,No,Approved,919.80,1095,4,Applicant provided pay stubs.
9408948,0762,2021-05-31,Student,135878,793,No,Yes,Approved,1118.04,1331,2,N/A
9409361,0386,2022-11-04,Unemployed,163850,742,Yes,Yes,Approved,1794.00,2300,1,income verified via Plaid
9409399,1697,2022-06-24,Part-Time,157267,354,No,Yes,Denied,1125.30,1705,1,
9410855,1598,2021-07-18,Contract,100923,830,No,No,Denied,3122.88,3253,2,Missing bank statements.
9416324,1073,2024-04-09,Full-Time,66367,,No,No,Denied,794.40,1324,3,
9418677,1689,2023-10-27,Contract,301732,733,No,No,Denied,7433.28,7743,4,Renewal case.
9420443,0072,2021-09-28,Retired,176916,769,No,Yes,Denied,2070.42,3137,2,docs expired
9422052,0352,2022-10-30,Unemployed,191034,728,No,Yes,Pending,1566.18,2373,2,
9423320,1070,2024-09-19,Full-Time,155562,593,No,Yes,Approved,553.20,922,4,Referred by agent.
9424013,0909,2024-07-02,Retired,194450,791,No,No,Denied,1034.04,0,1,.
9426155,0393,2024-08-06,Student,152769,,No,Yes,Pending,2611.20,2720,1,n/a
9426213,0860,2022-11-28,Self-Employed,305112,687,Yes,Yes,Pending,2626.26,3367,4,Referred by agent.
9428646,1780,2024-10-18,Self-Employed,153987,,No,No,Pending,6481.80,8310,4,Flagged for manual review.
9429268,1315,,Part-Time,169800,N/A,No,Yes,Denied,939.12,1118,3,
9429601,0282,2020-08-02,Self-Employed,157227,679,Yes,Yes,Approved,1217.28,1268,5,income verified via Plaid
9432853,0768,2021-10-07,Full-Time,24717,717,No,Yes,Denied,5788.44,6891,3,Referred by agent.
9433008,0993,2023-06-15,Unemployed,190756,795,No,No,Approved,680.46,1031,3,Applicant follow-up needed
9433601,1369,2022-02-10,Self-Employed,38461,768,No,No,Approved,1604.16,1671,4,Renewal case.
9433702,0957,2020-10-19,Full-Time,114807,722,No,Yes,Approved,1345.20,2242,4,Missing bank statements.
9436523,1127,2020-07-05,Full-Time,115496,,No,No,Withdrawn,2304.72,3492,3,N/A
9437519,0694,2024-03-13,Contract,185946,722,No,No,Approved,2402.40,3080,4,docs expired
9437988,1375,2021-01-26,Self-Employed,131920,773,No,No,Approved,1991.34,2553,4,Flagged for manual review.
9440669,0030,2023-08-05,Contract,181576,733,No,Yes,Approved,1860.60,3101,5,Applicant provided pay stubs.
9440844,0508,2020-03-30,Retired,47517,691,No,No,Approved,498.00,830,1,Missing bank statements.
9441964,0137,,Self-Employed,205657,784,No,No,Withdrawn,1912.32,1992,4,Referred by agent.
9442354,0108,2021-04-22,Full-Time,214025,655,No,No,Approved,1264.38,0,2,Referred by agent.
9445282,1245,2021-02-25,Student,71498,582,No,No,Pending,2657.76,3164,5,n/a
9445589,1729,2024-05-13,Unemployed,52216,479,No,No,Denied,646.62,829,3,Referred by agent.
9447040,0625,2020-07-11,Self-Employed,234858,450,No,No,Approved,2173.08,2587,3,Renewal case.
9447081,0187,23/12/2020,Full-Time,193956,720,No,No,Denied,1832.64,1909,1,N/A
9447786,0017,2022-07-07,Part-Time,106382,696,No,No,Denied,2089.56,3166,2,
9448072,0597,2021-04-30,Part-Time,190149,782,Yes,No,Approved,2260.80,2355,4,Applicant follow-up needed
9450938,0752,19/02/2024,Self-Employed,11240,673,No,Yes,Approved,3303.36,3441,4,Co-signer pending review.
9452190,0443,2022-05-12,Self-Employed,226777,647,No,Yes,Under Review,3982.44,4741,5,n/a
9456232,1214,23/04/2022,Student,183797,328,Yes,Yes,Approved,812.16,846,2,Flagged for manual review.
9457299,1590,26/09/2021,Part-Time,95398,,No,No,Approved,1109.94,1423,4,docs expired
9459496,0784,2024-11-05,Unemployed,182641,697,No,No,Pending,2089.92,2488,3,income verified via Plaid
9460532,0078,2020-10-16,Self-Employed,107828,780,No,Yes,Pending,1299.54,1969,4,docs expired
9461712,1466,2023-09-06,Unemployed,168700,,No,No,Pending,789.36,1196,3,.
9463787,0673,2024-08-09,Self-Employed,75115,643,No,No,Approved,3657.06,5541,4,
9468442,0531,2021-03-02,Self-Employed,220494,452,Yes,Yes,Denied,2967.00,4945,1,Flagged for manual review.
9472738,0723,16/11/2020,Part-Time,165505,629,No,No,Denied,4350.36,5179,3,n/a
9474803,1351,2021-06-15,Student,86495,652,Yes,Yes,Under Review,3276.78,4201,1,Referred by agent.
9474965,1049,2024-10-14,Part-Time,208139,715,No,Yes,Approved,1659.00,1975,1,Applicant provided pay stubs.
9475924,0123,2020-05-26,Full-Time,199348,783,No,No,Pending,885.36,1054,4,income verified via Plaid
9476086,1083,2020-01-21,Contract,71510,395,Yes,No,Withdrawn,8983.68,9358,5,n/a
9476733,1456,2021-11-15,Self-Employed,237397,698,Yes,No,Approved,4120.20,4905,2,
9478830,1518,18/05/2021,Full-Time,172400,482,Yes,Yes,Approved,3450.72,0,4,Co-signer pending review.
9480384,1393,2024-05-09,Contract,162468,509,No,Yes,Approved,3065.40,5109,5,income verified via Plaid
9481139,0056,2023-11-22,Self-Employed,127962,,No,Yes,Pending,3767.04,3924,1,Applicant provided pay stubs.
9482952,0667,2020-09-27,Unemployed,40444,769,Yes,No,Denied,1519.20,2532,3,
9488255,0856,2022-10-15,Unemployed,61710,664,Yes,Yes,Pending,559.02,847,2,Referred by agent.
9488464,1684,27/07/2024,Student,53170,839,No,Yes,Approved,2365.74,3033,5,.
9488505,1326,2023-09-15,Full-Time,232525,414,No,Yes,Approved,2375.52,2828,4,Applicant provided pay stubs.
9489947,1404,2021-10-19,Contract,223252,728,No,Yes,Withdrawn,930.24,969,1,N/A
9491665,0794,2023-01-17,Self-Employed,192345,583,Yes,No,Withdrawn,2336.04,0,1,Flagged for manual review.
9492696,1770,19/01/2024,Retired,79360,707,No,No,Approved,2215.20,2840,4,n/a
9493091,0976,,Student,125871,693,No,Yes,Approved,1717.44,1789,3,Applicant follow-up needed
9494281,1378,,Part-Time,143608,803,Yes,No,Approved,526.80,878,3,.
9494298,0174,2024-10-30,Part-Time,79261,830,No,Yes,Denied,2032.80,2420,2,income verified via Plaid
9494666,0931,2020-11-26,Self-Employed,309186,327,No,Yes,Approved,5176.86,6637,1,Flagged for manual review.
9497913,0301,2022-01-20,Self-Employed,39079,796,No,Yes,Approved,1426.80,2378,2,N/A
9499615,0150,2024-01-22,Student,114923,N/A,No,No,Denied,1743.84,2076,1,N/A
9499995,0535,2023-11-28,Contract,103582,,No,No,Denied,929.76,0,5,.
9500738,1225,14/06/2020,Contract,95199,758,No,No,Approved,1639.56,2102,3,Renewal case.
9501381,0071,2021-05-31,Full-Time,118024,708,No,No,Approved,3045.00,3625,1,Renewal case.
9501610,1364,2023-05-12,Contract,154482,592,No,Yes,Under Review,4212.78,5401,5,Applicant provided pay stubs.
9502366,0567,,Full-Time,211089,582,No,Yes,Approved,1706.88,1778,5,Missing bank statements.
9504740,1465,2024-12-12,Retired,130733,615,Yes,No,Withdrawn,1768.80,2680,1,Referred by agent.
9505654,1623,2024-04-26,Full-Time,190136,747,Yes,No,Withdrawn,3582.60,4265,3,Referred by agent.
9506621,1202,2022-08-21,Contract,199417,670,No,Yes,Denied,2487.36,2591,3,Co-signer pending review.
9506885,1640,29/04/2021,Unemployed,221500,677,Yes,Yes,Pending,3470.40,5784,2,income verified via Plaid
9508293,0907,2022-10-21,Self-Employed,102369,716,No,Yes,Approved,1308.78,1983,3,docs expired
9508569,1336,2022-03-23,Part-Time,139994,747,No,Yes,Pending,2725.32,3494,2,Applicant provided pay stubs.
9509900,0995,2021-12-03,Student,177484,850,No,Yes,Pending,3941.52,5972,4,Applicant follow-up needed
9510434,0371,2024-11-20,Contract,27142,823,No,Yes,Under Review,1774.50,2275,1,
9510810,0047,2021-08-12,Student,204559,609,No,Yes,Approved,4567.92,5438,2,income verified via Plaid
9512341,1281,2022-09-14,Retired,145953,668,Yes,Yes,Approved,3020.64,3596,4,N/A
9513086,0233,2023-09-17,Student,38123,727,Yes,Yes,Denied,2512.44,2991,5,Flagged for manual review.
9516635,0356,2021-04-09,Student,246742,622,Yes,Yes,Denied,4721.64,7154,1,
9516641,1465,2024-05-04,Full-Time,216280,N/A,No,No,Approved,2090.40,2680,4,income verified via Plaid
9517361,0504,2020-08-11,Contract,110469,682,Yes,Yes,Withdrawn,3782.40,3940,4,.
9518421,0305,26/12/2021,Self-Employed,204111,434,No,No,Approved,4748.04,7194,5,N/A
9518529,1315,2023-08-14,Contract,146337,626,No,No,Pending,670.80,1118,3,Applicant follow-up needed
9519568,0676,,Retired,102308,465,No,No,Denied,1810.80,3018,5,
9519898,1278,2020-12-30,Unemployed,124216,527,No,Yes,Denied,1585.32,2402,2,n/a
9520994,1427,2022-05-01,Retired,202100,,No,Yes,Approved,2421.60,4036,4,income verified via Plaid
9522671,1025,22/01/2024,Unemployed,200753,587,No,Yes,Under Review,3889.20,4630,5,docs expired
9525385,0543,25/08/2020,Retired,27145,806,No,No,Pending,2388.48,2488,3,Flagged for manual review.
9526562,1722,2022-09-24,Full-Time,248944,678,No,No,Approved,1616.64,1684,4,
9528011,1265,2023-01-06,Retired,88747,N/A,Yes,No,Approved,4633.20,5940,3,
9529225,0593,2020-03-01,Contract,50473,735,No,Yes,Denied,3830.40,4560,4,docs expired
9530056,0320,,Part-Time,272665,585,No,No,Withdrawn,1869.78,2833,5,Flagged for manual review.
9532118,0532,,Retired,108403,760,No,No,Approved,929.88,1107,5,Renewal case.
9532244,1762,2022-06-15,Part-Time,34170,711,No,No,Denied,1688.28,2558,4,Flagged for manual review.
9539189,0751,2020-05-30,Contract,238909,593,Yes,Yes,Approved,1781.64,2121,2,n/a
9539987,1207,2024-11-26,Part-Time,182811,690,No,Yes,Approved,2157.54,3269,3,Referred by agent.
9541432,1164,2021-08-16,Retired,238798,,Yes,No,Approved,3314.88,3453,4,Applicant follow-up needed
9542400,0342,2022-12-27,Part-Time,249254,752,No,Yes,Pending,899.58,1363,3,
9543246,0489,2024-02-21,Student,27618,723,No,Yes,Approved,1606.80,2060,4,income verified via Plaid
9543746,1720,2024-08-14,Retired,220067,572,No,No,Withdrawn,4766.16,5674,5,Missing bank statements.
9544000,0661,2022-06-08,Self-Employed,114991,704,No,No,Approved,3837.24,5814,2,n/a
9544168,1278,2020-04-10,Student,161429,442,Yes,No,Approved,1441.20,2402,4,
9545291,0205,21/11/2020,Part-Time,237654,,No,No,Approved,680.40,1134,2,Referred by agent.
9545795,1714,2020-03-17,Contract,96737,,No,Yes,Denied,1683.00,2805,4,
9548465,0968,2021-03-14,Part-Time,198135,759,No,No,Under Review,1963.80,3273,4,
9554194,1453,27/08/2024,Student,231053,,No,Yes,Denied,2337.66,2997,5,Renewal case.
9554283,1217,2024-02-15,Student,224257,N/A,No,Yes,Approved,2316.60,0,1,Referred by agent.
9556301,1341,19/05/2020,Student,112369,687,Yes,No,Approved,5790.96,6894,2,n/a
9557979,0252,20/03/2021,Unemployed,299795,682,No,Yes,Approved,1386.00,1650,4,
9558081,1485,2021-04-24,Part-Time,181561,,No,Yes,Approved,2436.06,3691,4,docs expired
9559192,0340,2021-07-16,Unemployed,97500,,Yes,No,Approved,7164.60,11941,5,n/a
9560388,0632,2023-06-08,Full-Time,44313,,No,No,Approved,4736.94,6073,3,n/a
9560420,0726,2022-10-10,Self-Employed,187641,616,Yes,No,Approved,1597.68,1902,3,n/a
9560686,0022,2021-09-06,Unemployed,86711,772,No,No,Approved,1863.36,1941,2,Co-signer pending review.
9563124,1422,2022-09-22,Contract,26755,709,No,No,Approved,1768.26,2267,3,N/A
9564230,1374,2020-05-28,Full-Time,231344,718,Yes,Yes,Approved,2250.60,3751,4,N/A
9570676,1332,2023-08-26,Part-Time,13236,738,No,No,Approved,2330.46,3531,4,N/A
9571202,0394,29/07/2024,Full-Time,113328,N/A,No,No,Approved,1012.80,1688,5,.
9574375,1136,2024-05-11,Unemployed,71295,778,No,No,Approved,3254.94,4173,2,
9574473,0437,2023-05-05,Student,44217,634,No,Yes,Pending,2133.30,2735,3,docs expired
9574989,0096,2021-04-06,Full-Time,150997,687,No,No,Approved,2387.22,3617,3,
9575506,0356,2021-11-03,Student,69720,656,No,Yes,Under Review,6009.36,7154,1,Missing bank statements.
9575987,1393,18/11/2020,Full-Time,92409,808,No,Yes,Pending,4291.56,5109,1,N/A
9576406,1124,,Unemployed,137624,731,No,No,Under Review,3688.32,3842,3,
9578006,0486,2024-08-09,Full-Time,46992,N/A,Yes,No,Approved,1998.36,2562,3,Renewal case.
9578570,0549,2023-11-01,Retired,179692,753,No,Yes,Pending,2315.04,2968,2,Applicant follow-up needed
9579053,0278,2023-05-07,Full-Time,150597,534,No,Yes,Denied,2972.40,0,5,n/a
9579750,1015,2023-01-20,Full-Time,182652,,No,No,Denied,3765.96,5706,1,Applicant provided pay stubs.
9580276,1609,,Unemployed,15703,633,No,Yes,Approved,3796.32,5752,4,Co-signer pending review.
9580448,1535,2024-03-11,Self-Employed,164126,757,No,Yes,Denied,2878.80,0,1,Co-signer pending review.
9581705,1258,2023-04-10,Full-Time,128377,778,No,Yes,Approved,1130.58,1713,5,n/a
9583283,0435,2021-04-08,Self-Employed,164105,,No,Yes,Denied,1038.60,1731,5,Applicant follow-up needed
9584190,1591,27/06/2022,Part-Time,187618,738,No,No,Approved,4371.60,7286,4,Flagged for manual review.
9587871,1116,24/10/2024,Student,230383,755,No,Yes,Pending,4060.68,5206,4,Flagged for manual review.
9589357,0436,2022-02-27,Retired,204748,759,No,No,Denied,2887.56,3702,3,Co-signer pending review.
9589556,1436,2023-05-04,Student,247520,841,No,No,Approved,3838.56,5816,1,.
9591068,0269,19/03/2021,Self-Employed,220045,738,No,No,Denied,1591.20,2040,3,n/a
9591223,0667,2024-08-01,Contract,45591,,No,No,Denied,1974.96,2532,1,N/A
9596235,1194,2021-08-09,Full-Time,41978,594,No,No,Approved,1756.20,2927,1,n/a
9598261,1045,2023-08-30,Part-Time,160503,433,No,Yes,Denied,2728.20,4547,1,Referred by agent.
9598904,1692,,Full-Time,279838,730,No,Yes,Under Review,3043.92,4612,2,Renewal case.
9599621,1782,2021-12-13,Self-Employed,241972,,No,No,Approved,5687.04,5924,3,
9599681,1186,2020-11-27,Contract,210574,760,No,No,Approved,3697.98,5603,4,income verified via Plaid
9600646,1316,2022-04-25,Student,160346,674,No,No,Approved,1606.08,1673,3,income verified via Plaid
9601152,0593,26/03/2024,Unemployed,87860,807,No,No,Denied,3556.80,0,4,Applicant provided pay stubs.
9603736,1733,2024-08-24,Unemployed,261600,774,No,No,Under Review,7034.94,10659,2,Missing bank statements.
9604658,0422,2022-09-02,Part-Time,66910,600,No,Yes,Denied,834.60,1070,2,N/A
9606071,1670,2024-06-14,Unemployed,323638,766,No,No,Approved,3603.60,6006,2,.
9606772,0076,27/05/2020,Part-Time,237067,722,No,Yes,Approved,1269.18,1923,4,Missing bank statements.
9606975,1344,2024-08-01,Contract,83652,640,No,No,Approved,2547.60,4246,3,N/A
9607678,0078,2020-10-16,Student,241577,,No,Yes,Denied,1535.82,0,4,Referred by agent.
9607992,0246,2020-10-14,Contract,47600,676,No,No,Under Review,5000.64,5209,2,
9608167,0141,2023-11-24,Full-Time,108917,715,No,No,Denied,2384.46,3057,5,n/a
9608435,0970,2020-07-23,Retired,109475,728,No,No,Withdrawn,2299.92,2738,4,Referred by agent.
9611842,0440,2020-02-24,Part-Time,98814,668,No,No,Pending,3829.44,3989,4,.
9613184,0995,2024-07-16,Full-Time,76308,746,No,No,Approved,3583.20,5972,3,Missing bank statements.
9613185,1737,29/09/2022,Retired,133758,619,No,No,Denied,984.48,1172,4,Applicant follow-up needed
9613723,1755,2020-08-03,Part-Time,28596,732,No,No,Approved,2689.92,2802,3,docs expired
9614009,0463,,Self-Employed,20523,791,No,No,Approved,2376.00,3600,5,Referred by agent.
9615642,0142,2021-05-03,Contract,160748,759,No,Yes,Approved,3211.26,4117,5,Applicant provided pay stubs.
9615855,0457,2021-10-06,Unemployed,121627,697,Yes,Yes,Approved,4186.56,4361,3,
9622764,1113,2022-07-03,Self-Employed,175756,773,No,Yes,Approved,1604.16,1671,4,.
9624656,0676,2021-02-01,Part-Time,5291,848,No,No,Withdrawn,2897.28,3018,2,docs expired
9626036,0240,2020-11-19,Retired,187183,726,No,No,Pending,2399.40,3999,1,Flagged for manual review.
9626464,1462,2020-02-29,Full-Time,240134,714,No,No,Under Review,927.00,1545,3,Flagged for manual review.
9629471,1071,2020-04-30,Contract,126738,726,No,Yes,Approved,2059.80,0,3,Referred by agent.
9631159,1324,2021-10-08,Part-Time,210112,817,No,Yes,Approved,654.42,839,3,docs expired
9632126,0288,2021-06-15,Self-Employed,159017,632,No,Yes,Denied,2500.80,4168,1,Co-signer pending review.
9633010,1771,2024-02-11,Student,159048,836,No,Yes,Denied,4137.60,4310,1,Flagged for manual review.
9636297,1776,2020-12-12,Part-Time,181010,646,Yes,No,Approved,3663.36,3816,5,
9637149,1490,2021-12-04,Student,159199,669,No,Yes,Approved,1687.14,2163,4,.
9641349,1046,2024-01-05,Self-Employed,20941,604,No,No,Approved,1072.68,1277,5,Co-signer pending review.
9643342,1731,2021-08-13,Retired,188750,598,No,Yes,Approved,4100.16,4271,1,.
9643387,1167,2022-12-28,Contract,28018,470,No,Yes,Pending,4148.76,6286,4,n/a
9645993,1318,2020-08-27,Full-Time,167880,815,No,No,Approved,3359.04,3499,1,Missing bank statements.
9647987,1438,2022-01-15,Full-Time,145614,778,No,No,Approved,2224.20,3370,4,docs expired
9648899,1185,13/05/2022,Retired,85282,364,No,No,Pending,1948.80,2030,1,N/A
9650469,0225,2023-01-12,Self-Employed,182609,749,No,Yes,Approved,1064.40,1774,2,n/a
9650819,0112,2020-03-22,Unemployed,117565,607,Yes,No,Denied,3068.34,4649,2,
9652450,1358,2023-12-15,Part-Time,126670,708,No,No,Approved,3075.54,3943,4,N/A
9653084,0059,14/10/2022,Student,38475,726,No,No,Approved,1513.20,2522,3,Referred by agent.
9653945,1753,2021-01-16,Self-Employed,143992,711,Yes,No,Approved,1480.20,2467,5,docs expired
9656629,0501,2022-07-06,Full-Time,175772,667,Yes,Yes,Pending,1233.96,1469,2,Applicant provided pay stubs.
9660331,0653,2020-05-20,Part-Time,246013,652,No,No,Denied,909.48,1378,3,N/A
9660403,1258,2024-12-04,Contract,92147,721,No,Yes,Approved,1027.80,1713,4,
9661864,0682,2022-11-27,Self-Employed,54612,339,No,No,Pending,4539.48,6878,3,Co-signer pending review.
9662375,0613,15/02/2021,Full-Time,120421,725,No,No,Withdrawn,5291.52,5512,4,income verified via Plaid
9663494,0849,2024-01-02,Full-Time,200157,N/A,No,Yes,Approved,1869.00,2225,4,docs expired
9663707,1373,2024-02-28,Unemployed,79074,591,Yes,No,Denied,712.92,914,2,Missing bank statements.
9664678,0284,,Contract,149082,742,No,Yes,Denied,1691.58,2563,4,n/a
9665833,1136,2022-07-10,Part-Time,196209,834,No,Yes,Approved,2754.18,4173,2,income verified via Plaid
9667270,0560,2023-01-06,Student,105383,822,Yes,No,Approved,1362.48,1622,3,N/A
9671997,1753,27/12/2020,Full-Time,167240,688,No,Yes,Approved,2368.32,2467,3,Applicant provided pay stubs.
9677014,1427,2024-05-25,Retired,185824,385,Yes,Yes,Pending,3390.24,4036,4,Applicant provided pay stubs.
9678674,0883,2021-07-02,Student,28076,800,Yes,Yes,Under Review,6010.56,6261,5,n/a
9679035,1336,2020-11-11,Part-Time,224151,695,No,Yes,Approved,3354.24,0,2,Applicant provided pay stubs.
9682040,0203,2021-07-22,Retired,145433,,No,No,Approved,1715.22,2199,2,.
9682467,1263,2024-05-28,Contract,76388,730,No,Yes,Withdrawn,2845.44,2964,3,
9684134,1462,2022-03-11,Retired,142435,614,No,Yes,Approved,1019.70,1545,3,Applicant follow-up needed
9685320,1032,2023-04-11,Student,134139,788,No,Yes,Denied,2293.20,2940,4,Applicant provided pay stubs.
9687931,1377,2020-10-24,Retired,132027,755,No,Yes,Denied,2432.40,4054,4,Flagged for manual review.
9688810,0469,2023-12-05,Contract,138210,677,No,No,Approved,4565.40,5435,3,Applicant provided pay stubs.
9689982,0674,2022-10-29,Retired,125647,637,No,No,Pending,2955.48,4478,3,Applicant follow-up needed
9691333,0291,28/10/2022,Unemployed,104738,632,No,Yes,Approved,1537.92,1602,2,Co-signer pending review.
9692629,0319,2023-07-07,Self-Employed,159113,695,No,Yes,Denied,1867.14,2829,3,
9692866,0372,2023-08-08,Part-Time,139617,,No,No,Approved,1305.72,1674,2,Co-signer pending review.
9696188,1468,2020-02-26,Contract,88877,781,Yes,No,Denied,1687.62,2557,3,Renewal case.
9697584,0140,2023-07-11,Student,241876,675,Yes,Yes,Approved,824.34,0,5,
9698096,0528,2021-12-05,Full-Time,247425,690,No,No,Denied,5201.28,6192,3,
9698248,0130,2023-08-17,Full-Time,245175,,No,No,Under Review,2982.84,3551,4,Applicant follow-up needed
9698834,0032,13/06/2021,Full-Time,41275,736,Yes,No,Pending,848.76,1286,4,n/a
9700372,1565,15/03/2021,Full-Time,197710,600,No,Yes,Approved,3370.08,4012,5,Missing bank statements.
9701987,0562,2023-08-13,Unemployed,201159,830,No,Yes,Approved,1317.12,1568,3,Applicant follow-up needed
9702767,0076,2021-07-11,Full-Time,88338,745,No,Yes,Pending,1615.32,1923,2,Applicant provided pay stubs.
9703131,0708,2023-03-16,Student,536000,715,No,No,Withdrawn,4201.86,5387,3,
9703721,1768,2021-03-12,Unemployed,198791,627,No,Yes,Pending,2708.40,4514,4,Flagged for manual review.
9705127,0944,2024-06-08,Part-Time,182061,818,No,No,Under Review,1236.30,1585,3,Applicant follow-up needed
9705726,1643,2023-09-10,Full-Time,144669,N/A,Yes,Yes,Approved,2256.96,2351,3,income verified via Plaid
9705973,0306,2022-06-02,Part-Time,192928,405,No,No,Pending,1594.80,2658,3,N/A
9706966,1566,26/03/2021,Self-Employed,206948,445,Yes,Yes,Approved,1321.32,1694,4,Renewal case.
9707259,1415,2022-06-09,Part-Time,189622,834,No,Yes,Approved,2425.50,3675,4,N/A
9707453,0279,13/09/2023,Contract,130017,707,No,No,Pending,1691.52,1762,1,Applicant provided pay stubs.
9707996,0470,2020-10-13,Student,202814,597,No,No,Denied,3735.60,6226,5,Applicant follow-up needed
9710380,1229,2021-05-04,Self-Employed,171559,724,Yes,No,Approved,7371.00,9450,2,Co-signer pending review.
9713244,0116,2021-01-11,Retired,21297,,No,No,Denied,2256.60,3761,3,Referred by agent.
9713341,0918,13/02/2023,Self-Employed,61523,666,Yes,No,Approved,2526.48,3828,3,docs expired
9713698,0048,2022-07-27,Part-Time,110176,692,Yes,Yes,Approved,1829.52,2772,1,Renewal case.
9714930,1612,2024-09-06,Part-Time,106084,677,No,No,Pending,1405.14,2129,3,Applicant follow-up needed
9715461,1232,2021-03-09,Full-Time,190842,845,No,Yes,Pending,2227.68,2856,2,.
9716251,1567,2024-12-04,Contract,193013,,No,Yes,Under Review,1088.64,1134,4,
9718088,1778,2022-04-10,Part-Time,225274,N/A,No,No,Approved,3397.68,4356,5,Renewal case.
9719516,0206,2023-01-04,Unemployed,108611,734,No,Yes,Approved,2157.60,3596,2,
9721292,0122,2022-05-09,Part-Time,188453,744,No,Yes,Denied,980.10,1485,2,n/a
9723496,1496,2023-10-25,Student,200290,,Yes,No,Denied,4548.18,5831,2,income verified via Plaid
9724904,0036,2023-12-24,Contract,138082,823,No,Yes,Denied,2425.50,3675,2,income verified via Plaid
9726275,1262,2024-01-14,Retired,166931,689,No,No,Approved,6645.12,6922,4,
9727830,0202,2024-11-07,Self-Employed,178110,347,No,Yes,Approved,6024.72,7724,5,Referred by agent.
9729056,0897,2023-02-07,Retired,84225,718,No,No,Denied,1074.84,1378,5,N/A
9729965,0073,2024-11-28,Self-Employed,249130,808,No,No,Denied,2696.76,4086,1,Applicant follow-up needed
9731050,0779,2020-07-07,Unemployed,188845,627,No,Yes,Under Review,6321.90,8105,3,Co-signer pending review.
9731331,1299,2022-07-14,Student,58638,651,No,Yes,Under Review,1043.64,1338,4,Renewal case.
9733409,0936,2022-01-21,Full-Time,129245,609,No,Yes,Approved,4128.96,6256,1,docs expired
9734032,0606,25/11/2021,Retired,59731,622,Yes,Yes,Denied,2072.64,2159,3,Co-signer pending review.
9734948,0607,2020-12-29,Student,179636,741,No,No,Denied,697.20,1162,3,Missing bank statements.
9735373,0910,,Part-Time,113674,,No,Yes,Approved,1907.88,2446,5,
9736942,1062,2021-03-24,Unemployed,204537,738,No,Yes,Under Review,949.20,1130,1,income verified via Plaid
9738585,0114,,Retired,177085,691,No,No,Pending,1568.82,2377,4,Renewal case.
9742805,0073,25/10/2020,Full-Time,84805,731,No,No,Denied,3432.24,4086,2,Renewal case.
9744312,1354,2022-01-25,Self-Employed,135369,822,No,Yes,Approved,1742.16,2074,4,Co-signer pending review.
9744472,0485,2023-10-01,Student,147501,837,No,No,Under Review,2242.68,3398,4,income verified via Plaid
9745599,1037,2023-08-08,Retired,19701,701,Yes,No,Withdrawn,1879.80,3133,3,Missing bank statements.
9745838,1503,2022-02-08,Unemployed,123530,703,No,No,Denied,2915.52,3037,2,Missing bank statements.
9750858,0079,2024-02-03,Retired,30773,658,No,Yes,Denied,2693.76,2806,1,Applicant provided pay stubs.
9751355,0544,2024-12-10,Retired,66882,,No,Yes,Pending,2181.66,2797,3,Applicant follow-up needed
9751687,0024,2020-06-03,Unemployed,318450,608,No,Yes,Under Review,2849.28,2968,4,income verified via Plaid
9753763,0860,2023-10-15,Retired,70489,753,No,No,Denied,2626.26,3367,1,docs expired
9753849,1742,2022-04-26,Unemployed,138553,669,Yes,No,Denied,2650.80,4418,4,Applicant provided pay stubs.
9754572,1507,2023-02-21,Unemployed,194524,747,No,No,Approved,2498.16,2974,4,n/a
9755794,1554,2024-11-04,Self-Employed,111621,738,No,No,Withdrawn,1187.52,1237,5,Flagged for manual review.
9755799,0879,2024-02-06,Contract,189560,725,No,No,Under Review,691.86,887,3,Co-signer pending review.
9755974,1058,2023-02-06,Retired,247389,,No,No,Pending,840.96,876,4,Co-signer pending review.
9756325,1504,2021-09-18,Self-Employed,173723,743,Yes,No,Pending,6165.90,7905,1,Referred by agent.
9756944,0684,2021-12-29,Full-Time,29771,747,No,Yes,Pending,1126.44,1341,1,Applicant provided pay stubs.
9757434,0097,2021-06-22,Retired,238494,613,No,No,Approved,1558.08,1623,2,Flagged for manual review.
9758664,1694,2023-05-19,Full-Time,130891,757,No,Yes,Under Review,1795.56,2302,2,.
9760560,0933,28/05/2021,Part-Time,62717,622,No,No,Approved,1653.12,1722,3,Applicant provided pay stubs.
9762515,1537,2020-01-25,Contract,271229,850,No,No,Denied,881.40,1469,1,docs expired
9762610,0914,2021-04-04,Student,282354,849,No,No,Approved,4778.88,4978,3,Applicant follow-up needed
9763118,1795,2022-01-07,Student,64333,676,No,No,Denied,6232.32,6492,3,Flagged for manual review.
9764117,1214,2023-09-24,Contract,65679,N/A,No,No,Approved,710.64,846,4,
9765456,1684,2022-01-12,Full-Time,232078,,No,No,Approved,1819.80,3033,4,n/a
9765521,0110,2021-05-16,Full-Time,12868,,No,Yes,Approved,1946.34,2949,4,Flagged for manual review.
9766932,1484,2024-06-18,Retired,86716,773,Yes,Yes,Under Review,2736.24,3508,2,
9768572,0972,2022-10-29,Part-Time,210371,643,No,Yes,Denied,2111.46,2707,4,.
9768882,1046,2020-11-03,Student,145067,750,No,Yes,Denied,1072.68,1277,1,Co-signer pending review.
9771474,0429,2021-10-17,Contract,195827,821,No,No,Withdrawn,4840.92,0,1,
9774255,1553,18/11/2020,Contract,227400,797,No,No,Approved,1915.20,3192,5,Missing bank statements.
9774775,0287,2021-02-20,Student,120178,800,No,No,Pending,3342.00,5570,2,Referred by agent.
9775474,1319,2021-04-24,Unemployed,130346,N/A,No,No,Approved,2247.84,2676,1,income verified via Plaid
9776389,1094,2020-07-17,Self-Employed,230754,667,No,Yes,Denied,3034.56,3161,2,Applicant follow-up needed
9778018,0744,2022-01-07,Retired,18074,825,No,No,Withdrawn,2890.68,3706,4,income verified via Plaid
9778886,1798,2020-03-25,Self-Employed,266613,368,Yes,No,Approved,6650.88,6928,5,docs expired
9779142,0827,2023-05-01,Self-Employed,235497,676,No,Yes,Approved,3605.28,4292,5,docs expired
9781450,1105,2020-09-24,Contract,159863,831,No,Yes,Denied,1014.72,1208,2,Referred by agent.
9781995,0545,,Part-Time,49904,368,No,Yes,Approved,2066.40,3444,5,Applicant provided pay stubs.
9782049,0238,2021-01-03,Unemployed,154969,660,No,No,Denied,12098.88,12603,2,Renewal case.
9785568,0721,2024-06-19,Contract,157834,,No,No,Denied,3470.88,4132,2,Co-signer pending review.
9786307,0153,2024-09-14,Retired,318858,691,Yes,Yes,Pending,4274.88,4453,2,n/a
9786929,1080,2022-09-29,Part-Time,87347,753,No,No,Approved,2651.22,4017,5,Co-signer pending review.
9786992,1505,2020-09-30,Part-Time,19086,823,No,No,Withdrawn,2663.70,3415,3,
9790027,0222,2020-04-19,Student,87980,476,No,Yes,Approved,1655.28,2508,1,Applicant provided pay stubs.
9790480,1281,2022-10-14,Student,71226,339,No,No,Pending,3020.64,3596,5,
9792697,1148,2023-04-24,Part-Time,195530,,No,No,Denied,1268.40,2114,3,Applicant follow-up needed
9793976,1761,2022-06-07,Self-Employed,100972,623,No,No,Pending,6935.88,8257,2,.
9794169,0930,22/06/2023,Student,119516,762,Yes,No,Under Review,2181.48,2597,5,Missing bank statements.
9796311,0631,2021-11-25,Full-Time,155713,766,No,No,Withdrawn,1901.76,1981,2,.
9796858,1771,2022-05-07,Retired,221899,771,No,No,Approved,2586.00,4310,4,
9797371,0331,2024-01-19,Contract,143710,773,No,Yes,Denied,1764.48,1838,3,Flagged for manual review.
9798733,1371,2022-02-08,Self-Employed,105008,671,No,Yes,Approved,3792.00,3950,3,n/a
9800461,0961,2020-08-01,Contract,46040,758,No,No,Under Review,1399.44,1666,4,Referred by agent.
9800516,1711,2024-11-19,Self-Employed,181852,715,No,Yes,Approved,1486.80,0,4,Co-signer pending review.
9801722,1465,2022-11-23,Student,160737,637,No,Yes,Denied,1608.00,2680,4,.
9802026,0262,23/06/2021,Self-Employed,144155,690,No,Yes,Approved,1003.20,1045,2,Applicant follow-up needed
9802605,0285,2021-08-07,Unemployed,93419,799,No,No,Pending,2613.78,3351,4,Applicant follow-up needed
9803989,1201,2022-06-15,Unemployed,188011,662,No,Yes,Approved,4458.24,4644,2,N/A
9805940,1034,2021-11-08,Unemployed,223646,729,No,No,Denied,2217.60,3360,4,docs expired
9806121,1274,2022-11-08,Unemployed,129895,762,No,Yes,Approved,2184.00,2800,2,Co-signer pending review.
9812681,0161,,Part-Time,643000,694,No,No,Denied,3365.04,4006,2,Co-signer pending review.
9813293,1189,2020-09-06,Contract,197504,691,No,Yes,Denied,3594.36,4279,1,Applicant follow-up needed
9813661,1512,2022-07-15,Contract,164474,589,No,Yes,Denied,2267.46,2907,1,Missing bank statements.
9816291,0475,2021-04-10,Full-Time,212538,767,No,No,Approved,1921.14,2463,4,docs expired
9818147,0300,,Self-Employed,238076,654,No,No,Approved,3876.60,4970,4,Renewal case.
9818263,1243,2022-10-25,Unemployed,115625,580,Yes,No,Approved,6005.16,7149,2,
9820021,1617,,Part-Time,56023,837,No,No,Approved,684.60,815,3,.
9821331,0884,2024-10-20,Full-Time,133001,593,Yes,No,Approved,4911.66,6297,4,.
9826867,0914,2023-04-13,Retired,220719,N/A,No,Yes,Denied,3285.48,4978,2,
9827616,1524,2023-11-12,Self-Employed,48292,834,No,Yes,Approved,1848.00,2800,1,Missing bank statements.
9827957,1129,2020-06-29,Full-Time,24086,749,No,No,Approved,3037.44,3164,1,
9829307,1178,24/09/2024,Unemployed,158028,840,Yes,Yes,Denied,2585.28,2693,3,.
9834806,1426,15/08/2022,Self-Employed,321916,626,No,No,Pending,5562.96,7132,1,.
9841311,0299,2023-11-20,Contract,185542,670,No,No,Denied,4300.80,4480,2,Co-signer pending review.
9844144,0496,2024-02-26,Student,7157,720,No,Yes,Denied,2236.26,2867,5,Renewal case.
9844300,0288,2024-03-30,Contract,150083,766,No,No,Approved,2500.80,4168,5,
9847452,1016,2022-12-29,Full-Time,56792,614,No,Yes,Denied,5998.44,7141,1,Applicant follow-up needed
9847541,0701,18/08/2024,Part-Time,38358,742,No,No,Approved,1277.76,1331,4,Flagged for manual review.
9849722,0552,2023-06-18,Self-Employed,299647,699,No,No,Approved,5930.10,8985,1,Co-signer pending review.
9850152,1352,2022-10-29,Self-Employed,190025,641,Yes,No,Approved,1267.80,2113,1,Referred by agent.
9855305,0921,2023-10-29,Unemployed,90290,N/A,Yes,No,Denied,932.40,1110,2,income verified via Plaid
9855423,0931,2021-02-19,Contract,279978,342,No,No,Under Review,4380.42,6637,4,Applicant provided pay stubs.
9858463,0299,13/07/2023,Student,67392,694,No,No,Denied,2688.00,4480,2,Applicant provided pay stubs.
9861510,1527,2022-06-06,Self-Employed,83069,644,No,No,Approved,786.72,1192,2,docs expired
9862471,1143,2021-08-31,Contract,166282,767,No,No,Denied,1498.80,2498,4,Applicant provided pay stubs.
9864001,1773,2021-06-25,Student,30156,774,No,Yes,Approved,4157.16,4949,3,Applicant follow-up needed
9864510,1038,2020-05-23,Retired,175610,727,No,No,Denied,4263.00,7105,1,.
9864540,0928,30/05/2024,Part-Time,41127,773,No,Yes,Denied,973.80,1623,4,Applicant follow-up needed
9865937,1738,2021-03-01,Part-Time,154307,680,Yes,Yes,Approved,2030.40,2115,3,
9865986,0020,2020-09-19,Full-Time,132411,,No,Yes,Approved,3024.00,5040,2,Co-signer pending review.
9867039,1431,2021-04-30,Retired,179767,531,Yes,Yes,Approved,7090.98,9091,5,Applicant provided pay stubs.
9867519,1591,2021-12-10,Full-Time,88668,,Yes,No,Approved,6120.24,7286,2,
9867650,1113,2024-04-14,Full-Time,132835,791,No,Yes,Denied,1002.60,0,1,Applicant provided pay stubs.
9870545,0863,2023-01-08,Unemployed,137034,619,No,Yes,Under Review,828.96,1256,5,
9872014,0598,,Retired,178120,606,No,No,Denied,3352.32,3492,4,Co-signer pending review.
9872273,1767,2021-12-13,Student,190105,749,No,Yes,Approved,3865.92,4027,1,Renewal case.
9872291,1253,2021-12-15,Student,104809,592,No,No,Pending,4197.96,5382,2,income verified via Plaid
9872731,0030,2023-10-11,Contract,187040,,No,Yes,Denied,2046.66,3101,5,Applicant provided pay stubs.
9873145,0574,2020-03-12,Self-Employed,133867,832,No,Yes,Approved,6584.64,6859,3,N/A
9873585,0609,2024-10-26,Self-Employed,220692,829,Yes,No,Approved,3411.00,5685,3,
9874575,1427,2023-08-19,Full-Time,46510,N/A,No,No,Denied,2421.60,4036,3,Applicant follow-up needed
9874650,0739,2021-10-13,Full-Time,242014,680,No,No,Approved,1899.00,3165,5,income verified via Plaid
9875366,0666,2020-04-11,Part-Time,93076,623,No,Yes,Denied,1114.08,1688,4,Co-signer pending review.
9876671,0206,2021-10-13,Part-Time,112356,585,No,Yes,Pending,3452.16,3596,1,Applicant follow-up needed
9877644,0362,2020-02-02,Contract,138583,691,Yes,No,Approved,2528.76,3242,2,Applicant provided pay stubs.
9880139,1450,2021-04-01,Student,140394,699,Yes,No,Withdrawn,882.00,1050,1,Missing bank statements.
9880328,0336,2023-10-21,Part-Time,38935,673,No,No,Under Review,2047.68,2133,4,docs expired
9882139,1550,29/01/2024,Part-Time,31262,717,Yes,No,Approved,4288.32,4467,3,income verified via Plaid
9882622,1165,2023-01-26,Self-Employed,194638,750,No,Yes,Approved,534.60,891,5,.
9883186,0211,2024-06-07,Unemployed,192779,703,No,Yes,Approved,939.84,1424,5,
9884595,0705,2020-03-15,Part-Time,202238,811,Yes,Yes,Approved,1859.40,3099,5,Flagged for manual review.
9885478,1538,2023-04-14,Unemployed,62736,727,No,Yes,Under Review,1651.20,1720,4,n/a
9885806,0447,2024-10-03,Self-Employed,53198,418,No,Yes,Approved,2886.00,4810,3,docs expired
9889139,0430,,Self-Employed,63383,675,Yes,No,Approved,1883.28,2242,5,
9889696,0628,2020-01-24,Full-Time,121527,707,No,No,Approved,3495.96,4482,4,income verified via Plaid
9890168,1574,26/08/2024,Full-Time,140273,647,No,No,Approved,751.20,1252,4,Missing bank statements.
9890239,0717,23/01/2024,Part-Time,65161,722,Yes,Yes,Approved,5859.00,6975,2,
9890438,0297,2020-06-17,Contract,163004,695,No,Yes,Denied,3010.56,3584,5,Flagged for manual review.
9891062,1248,2024-12-20,Contract,224098,779,No,Yes,Pending,5028.00,8380,4,
9891177,1244,2021-07-08,Student,283532,723,No,No,Denied,7944.00,8275,5,
9893185,0726,2020-12-20,Full-Time,108565,599,No,No,Denied,1483.56,1902,1,Co-signer pending review.
9893942,1198,2023-10-28,Full-Time,240771,718,No,No,Denied,6632.64,7896,2,
9895923,1746,13/04/2023,Contract,57515,682,No,Yes,Pending,2326.80,2770,1,Flagged for manual review.
9896584,1416,2021-03-18,Contract,347000,,Yes,Yes,Approved,2854.80,3660,2,
9898372,0246,2020-01-20,Student,90126,843,No,No,Approved,5000.64,5209,2,Applicant provided pay stubs.
9899082,1489,18/04/2022,Retired,201030,674,No,No,Denied,781.20,1302,1,N/A
9901908,0997,2020-05-18,Full-Time,140086,676,No,No,Pending,3795.12,4518,1,Applicant provided pay stubs.
9904127,0688,2020-09-06,Full-Time,158141,741,No,Yes,Approved,1956.60,3261,4,income verified via Plaid
9904368,0535,2020-12-27,Self-Employed,122600,641,No,No,Pending,1144.32,1192,1,Co-signer pending review.
9904451,0156,2023-12-14,Unemployed,94777,778,No,No,Pending,2572.20,4287,2,n/a
9907116,0993,2021-05-21,Student,95106,822,Yes,Yes,Approved,989.76,1031,1,.
9909855,0751,2020-11-24,Self-Employed,597000,675,No,Yes,Approved,1399.86,2121,5,n/a
9911422,0711,2023-02-03,Part-Time,241896,615,No,No,Approved,595.80,993,2,docs expired
9911536,1177,2024-08-24,Student,19820,665,No,No,Pending,3689.40,4730,4,
9911674,1780,21/01/2024,Retired,131084,590,No,Yes,Approved,6481.80,8310,4,.
9912558,0341,2021-03-30,Contract,106255,728,Yes,Yes,Under Review,1913.52,2278,3,income verified via Plaid
9913487,1567,2024-03-07,Part-Time,37598,706,No,No,Pending,680.40,1134,4,Co-signer pending review.
9916651,1355,28/08/2023,Part-Time,75452,690,No,No,Pending,4347.00,0,3,docs expired
9917623,1204,2023-02-05,Self-Employed,19102,653,No,No,Denied,4400.88,6668,5,Applicant provided pay stubs.
9917660,0158,2020-12-22,Part-Time,127458,754,No,No,Denied,753.00,1255,1,N/A
9917800,0526,2023-10-18,Unemployed,230077,694,No,No,Pending,2145.60,3576,3,n/a
9918979,0362,2020-06-10,Full-Time,107012,815,No,No,Withdrawn,2139.72,3242,4,Co-signer pending review.
9920311,1180,2024-01-26,Student,196801,690,No,No,Approved,3191.40,5319,4,Referred by agent.
9921868,1096,2020-02-10,Self-Employed,72613,545,No,No,Approved,2432.64,2534,5,.
9922033,1246,2021-02-07,Part-Time,197979,624,No,No,Approved,1367.40,2279,4,N/A
9923802,1240,2023-06-06,Full-Time,26210,563,Yes,No,Pending,3331.02,5047,3,
9923933,0124,2022-03-07,Unemployed,24666,642,Yes,Yes,Pending,954.24,994,4,Renewal case.
9927094,0240,2023-05-06,Self-Employed,160731,579,No,No,Approved,3119.22,3999,3,Renewal case.
9929515,1224,2021-08-30,Part-Time,64230,,No,No,Denied,2609.64,3954,3,Flagged for manual review.
9930344,1780,2024-07-04,Unemployed,39175,703,No,No,Approved,6481.80,8310,4,n/a
9930734,1776,17/02/2021,Part-Time,114405,811,No,No,Denied,3205.44,3816,4,Applicant follow-up needed
9931135,1628,2020-08-30,Unemployed,115108,810,No,No,Approved,5648.64,5884,5,n/a
9931574,1357,2023-03-11,Full-Time,71939,,No,Yes,Approved,1351.20,2252,1,N/A
9932254,0180,2024-06-25,Unemployed,193532,688,No,Yes,Denied,1315.38,1993,4,Applicant follow-up needed
9935131,1101,2024-11-14,Part-Time,145243,682,No,Yes,Denied,1891.50,2425,4,
9938264,1397,2022-10-09,Student,55441,664,No,No,Withdrawn,1759.20,2932,4,n/a
9938450,1716,2023-11-20,Student,132535,698,No,No,Denied,1924.56,2916,1,Applicant provided pay stubs.
9940151,1551,2024-09-13,Retired,45913,666,No,No,Approved,1164.24,1764,5,income verified via Plaid
9940681,1315,2022-07-21,Part-Time,224758,636,No,Yes,Pending,1073.28,1118,4,n/a
9941237,0573,2020-06-13,Self-Employed,119134,627,No,Yes,Denied,1621.20,2702,5,Referred by agent.
9941352,1458,2022-05-12,Unemployed,220839,663,No,Yes,Denied,2715.60,4526,5,Renewal case.
9944306,1771,2023-08-21,Unemployed,63099,839,Yes,No,Approved,3361.80,4310,3,.
9944805,0420,2020-04-02,Retired,55938,763,No,No,Approved,3393.60,5656,4,N/A
9947659,1193,2020-08-01,Unemployed,65851,399,No,Yes,Approved,4093.32,4873,4,Flagged for manual review.
9948823,0819,2023-03-29,Contract,206743,755,No,Yes,Approved,3703.56,4409,3,
9951517,0283,22/04/2024,Self-Employed,151066,826,No,Yes,Approved,1906.80,3178,2,n/a
9954068,1720,2021-01-03,Contract,61701,619,No,No,Pending,4766.16,5674,2,Applicant follow-up needed
9954694,1484,24/09/2020,Full-Time,91549,643,Yes,No,Approved,2736.24,3508,5,N/A
9954844,0803,2020-04-17,Self-Employed,115734,800,No,Yes,Under Review,8073.60,0,4,Applicant provided pay stubs.
9955943,0882,2022-07-29,Self-Employed,257665,749,No,No,Approved,4455.36,0,4,docs expired
9955982,1778,2020-09-19,Part-Time,208271,713,No,Yes,Approved,3659.04,4356,2,Renewal case.
9955986,1344,2024-05-14,Retired,173462,803,No,No,Pending,2802.36,4246,1,Referred by agent.
9956255,1106,2020-02-15,Student,85543,730,No,No,Approved,1221.12,1272,2,.
9956450,1404,2021-12-01,Part-Time,73923,766,No,No,Denied,639.54,969,5,Missing bank statements.
9957837,1307,2023-04-19,Retired,83698,652,No,Yes,Approved,960.96,1232,5,Co-signer pending review.
9958231,0277,2021-08-17,Part-Time,230137,601,Yes,Yes,Pending,3126.00,5210,3,docs expired
9958347,0589,2023-09-04,Full-Time,178489,695,No,Yes,Approved,2052.96,2632,2,
9959966,1547,2022-02-10,Unemployed,140262,734,No,Yes,Approved,2268.00,3780,3,Applicant follow-up needed
9960748,1060,2021-09-12,Student,27747,821,No,Yes,Approved,2317.56,2759,2,.
9961750,0499,2023-06-19,Part-Time,109335,606,No,No,Denied,2050.80,3418,4,Missing bank statements.
9963639,0092,2023-06-01,Self-Employed,85071,691,Yes,No,Denied,2086.92,3162,1,Missing bank statements.
9964660,1069,25/08/2024,Contract,25214,714,No,No,Approved,682.44,1034,1,Flagged for manual review.
9965934,1377,2020-02-01,Self-Employed,227188,728,No,No,Approved,3162.12,4054,5,N/A
9966168,0990,2023-04-18,Retired,259860,597,No,No,Withdrawn,1519.80,2533,4,.
9966695,0029,2024-01-18,Part-Time,193399,775,Yes,Yes,Approved,2813.76,2931,1,Applicant follow-up needed
9968121,1371,2024-07-17,Self-Employed,140542,741,Yes,No,Withdrawn,3792.00,3950,2,Referred by agent.
9968407,0749,20/03/2021,Self-Employed,142364,,Yes,No,Approved,2650.56,2761,4,docs expired
9971350,0944,20/07/2024,Unemployed,240355,615,Yes,Yes,Approved,1046.10,1585,3,Renewal case.
9971605,0783,2021-05-21,Retired,125697,751,Yes,No,Withdrawn,2985.18,0,4,Renewal case.
9972492,1360,2022-12-10,Retired,252500,757,No,Yes,Approved,898.80,1498,5,N/A
9972940,0263,2022-11-05,Full-Time,83048,793,No,Yes,Pending,1148.28,1367,1,Missing bank statements.
9972964,1196,2024-12-06,Contract,100288,796,No,Yes,Under Review,2156.22,0,5,Referred by agent.
9973553,1239,2023-01-14,Self-Employed,132333,718,No,Yes,Denied,608.40,1014,4,Applicant follow-up needed
9975692,1379,2024-01-02,Part-Time,236384,,No,No,Withdrawn,3821.40,5790,2,
9976007,0385,2024-05-09,Part-Time,95284,847,No,No,Approved,4259.64,5071,3,docs expired
9976115,0926,2022-07-11,Self-Employed,221451,N/A,Yes,Yes,Pending,5477.64,6521,2,Co-signer pending review.
9976850,0662,2020-02-24,Full-Time,126080,603,No,Yes,Approved,1186.38,1521,1,income verified via Plaid
9980122,0526,2023-08-26,Self-Employed,52663,798,Yes,No,Approved,2360.16,3576,3,Renewal case.
9983025,1451,2022-04-04,Retired,152388,617,No,No,Approved,3500.28,4167,1,Flagged for manual review.
9984732,0755,2024-01-21,Unemployed,233993,595,No,Yes,Approved,4043.16,6126,4,N/A
9985593,0731,2023-02-05,Self-Employed,244290,312,No,Yes,Approved,1248.72,1892,5,income verified via Plaid
9989440,0238,2021-12-04,Full-Time,59283,377,No,No,Under Review,7561.80,12603,4,docs expired
9990952,0879,2024-05-25,Student,99823,701,No,Yes,Pending,745.08,887,5,N/A
9991171,0588,2023-10-28,Part-Time,48837,791,No,No,Approved,1629.60,1940,2,
9992487,0515,2023-09-09,Full-Time,25327,680,Yes,Yes,Denied,5619.60,6690,3,N/A
9993124,1439,2024-02-11,Part-Time,131463,688,No,Yes,Denied,3321.60,3460,4,Flagged for manual review.
9993626,0954,2021-03-06,Unemployed,87438,,Yes,Yes,Denied,3580.20,5967,5,Referred by agent.
9995894,1048,,Student,84661,723,No,No,Approved,6246.24,8008,1,Co-signer pending review.
9996365,1529,2020-11-01,Unemployed,52172,762,No,No,Approved,4369.92,4552,3,Missing bank statements.
9999202,1734,2023-12-26,Retired,152413,594,No,Yes,Approved,2606.52,3103,4,Missing bank statements.
9999467,0374,,Self-Employed,34200,456,No,Yes,Withdrawn,1877.40,2235,4,docs expired
9999889,1627,17/09/2023,Part-Time,192506,608,No,No,Under Review,3148.20,5247,4,n/a